image_id,patient_id,image_path,age_true,age_pred,absolute_error,split
img00001,1,images/img00001.jpg,48.0,46.20476079605797,1.7952392039420315,validation
img00002,1,images/img00002.jpg,48.0,44.632628407554336,3.3673715924456644,validation
img00015,8,images/img00015.jpg,28.0,30.933021430914344,2.9330214309143443,validation
img00016,8,images/img00016.jpg,28.0,32.67640146956049,4.6764014695604885,validation
img00029,15,images/img00029.jpg,26.0,27.62773456718156,1.6277345671815588,validation
img00030,15,images/img00030.jpg,26.0,28.72625628796013,2.726256287960126,validation
img00047,24,images/img00047.jpg,13.0,21.735737879171474,8.735737879171474,validation
img00048,24,images/img00048.jpg,13.0,17.329143875615003,4.329143875615003,validation
img00070,36,images/img00070.jpg,39.0,35.50772212656715,3.4922778734328475,validation
img00071,36,images/img00071.jpg,39.0,39.68556059186484,0.6855605918648422,validation
img00074,38,images/img00074.jpg,37.0,32.768974664308914,4.231025335691086,validation
img00075,38,images/img00075.jpg,37.0,33.248952315740084,3.751047684259916,validation
img00094,48,images/img00094.jpg,20.0,18.815855292587862,1.1841447074121376,validation
img00095,48,images/img00095.jpg,20.0,18.430651687758303,1.5693483122416936,validation
img00096,49,images/img00096.jpg,20.0,18.923267332883597,1.0767326671164028,validation
img00097,49,images/img00097.jpg,20.0,18.46165119869736,1.5383488013026394,validation
img00118,60,images/img00118.jpg,20.0,22.84708299741772,2.847082997417722,validation
img00119,60,images/img00119.jpg,20.0,24.50950920486544,4.509509204865438,validation
img00130,66,images/img00130.jpg,27.0,22.42266758509088,4.577332414909122,validation
img00131,66,images/img00131.jpg,27.0,20.743312922506803,6.256687077493197,validation
img00132,67,images/img00132.jpg,18.0,20.42380769014309,2.423807690143086,validation
img00133,67,images/img00133.jpg,18.0,20.20945475325854,2.209454753258541,validation
img00160,81,images/img00160.jpg,28.0,32.72829489516921,4.728294895169213,validation
img00161,81,images/img00161.jpg,28.0,31.63000874624411,3.630008746244109,validation
img00177,90,images/img00177.jpg,25.0,21.998171467592016,3.001828532407984,validation
img00178,90,images/img00178.jpg,25.0,20.62001723186923,4.379982768130766,validation
img00191,97,images/img00191.jpg,19.0,24.80451278324812,5.804512783248121,validation
img00192,97,images/img00192.jpg,19.0,25.319483761022894,6.319483761022894,validation
img00197,100,images/img00197.jpg,15.0,25.58547273945404,10.58547273945404,validation
img00198,100,images/img00198.jpg,15.0,25.38869389908202,10.38869389908202,validation
img00209,106,images/img00209.jpg,24.0,24.11097834054829,0.1109783405482858,validation
img00210,106,images/img00210.jpg,24.0,22.478722780110783,1.521277219889214,validation
img00223,113,images/img00223.jpg,16.0,18.507962880111528,2.5079628801115277,validation
img00224,113,images/img00224.jpg,16.0,18.202844980575975,2.202844980575975,validation
img00227,115,images/img00227.jpg,18.0,18.71096474361253,0.7109647436125286,validation
img00228,115,images/img00228.jpg,18.0,19.632024516003057,1.6320245160030566,validation
img00253,128,images/img00253.jpg,18.0,20.84640614548905,2.8464061454890484,validation
img00254,128,images/img00254.jpg,18.0,21.09529653355633,3.095296533556329,validation
img00255,129,images/img00255.jpg,47.0,47.117804581768155,0.117804581768155,validation
img00256,129,images/img00256.jpg,47.0,47.13887299410705,0.1388729941070465,validation
img00269,136,images/img00269.jpg,17.0,23.346800697680756,6.346800697680756,validation
img00270,136,images/img00270.jpg,17.0,19.96002342241664,2.96002342241664,validation
img00271,137,images/img00271.jpg,17.0,21.50727462450866,4.507274624508661,validation
img00272,137,images/img00272.jpg,17.0,19.970179186765947,2.9701791867659466,validation
img00275,139,images/img00275.jpg,15.0,21.2996616600982,6.299661660098202,validation
img00276,139,images/img00276.jpg,15.0,17.564833515004885,2.564833515004885,validation
img00277,140,images/img00277.jpg,18.0,21.962920757186296,3.962920757186296,validation
img00278,140,images/img00278.jpg,18.0,20.774643979017405,2.774643979017405,validation
img00281,142,images/img00281.jpg,16.0,19.40385136371534,3.40385136371534,validation
img00282,142,images/img00282.jpg,16.0,19.809091663414456,3.809091663414456,validation
img00283,143,images/img00283.jpg,14.0,20.2052275472214,6.205227547221398,validation
img00284,143,images/img00284.jpg,14.0,17.029252181272952,3.029252181272952,validation
img00285,144,images/img00285.jpg,24.0,22.71587383748048,1.2841261625195202,validation
img00286,144,images/img00286.jpg,24.0,24.394899135713885,0.3948991357138851,validation
img00295,149,images/img00295.jpg,17.0,19.73690634009493,2.736906340094926,validation
img00296,149,images/img00296.jpg,17.0,19.77701899180962,2.7770189918096193,validation
img00319,161,images/img00319.jpg,17.0,20.862241808971852,3.862241808971852,validation
img00320,161,images/img00320.jpg,17.0,21.757567537592394,4.757567537592394,validation
img00329,166,images/img00329.jpg,66.0,62.378635116058696,3.621364883941304,validation
img00330,166,images/img00330.jpg,66.0,61.972575767924624,4.027424232075376,validation
img00334,169,images/img00334.jpg,68.0,62.40466035281421,5.595339647185789,validation
img00335,169,images/img00335.jpg,68.0,64.97635301673844,3.023646983261557,validation
img00342,173,images/img00342.jpg,41.0,55.53584084466336,14.535840844663362,validation
img00343,173,images/img00343.jpg,41.0,49.36296302908992,8.362963029089919,validation
img00357,181,images/img00357.jpg,28.0,35.026230707855404,7.0262307078554045,validation
img00358,181,images/img00358.jpg,28.0,33.1977307061579,5.197730706157898,validation
img00366,186,images/img00366.jpg,68.0,73.99610373041516,5.996103730415157,validation
img00367,186,images/img00367.jpg,68.0,65.71727175621301,2.282728243786991,validation
img00370,188,images/img00370.jpg,83.0,83.56440858892076,0.564408588920756,validation
img00371,188,images/img00371.jpg,83.0,85.26209859409937,2.2620985940993705,validation
img00375,191,images/img00375.jpg,61.0,70.2708598698044,9.270859869804395,validation
img00376,191,images/img00376.jpg,61.0,72.7131510605836,11.713151060583598,validation
img00388,198,images/img00388.jpg,64.0,62.42377002881598,1.57622997118402,validation
img00389,198,images/img00389.jpg,64.0,61.98744024281711,2.012559757182892,validation
img00405,208,images/img00405.jpg,53.0,52.98586945974829,0.0141305402517133,validation
img00406,208,images/img00406.jpg,53.0,52.523518799435635,0.4764812005643648,validation
img00418,215,images/img00418.jpg,66.0,67.17356986535438,1.173569865354381,validation
img00419,215,images/img00419.jpg,66.0,64.31164286246965,1.688357137530346,validation
img00439,226,images/img00439.jpg,65.0,70.90182817320112,5.901828173201125,validation
img00440,226,images/img00440.jpg,65.0,63.33502357750088,1.664976422499116,validation
img00453,233,images/img00453.jpg,78.0,65.12332695048036,12.876673049519638,validation
img00454,233,images/img00454.jpg,78.0,68.84662734330006,9.153372656699943,validation
img00457,235,images/img00457.jpg,54.0,57.844867211165976,3.844867211165976,validation
img00458,235,images/img00458.jpg,54.0,54.39880626134856,0.398806261348561,validation
img00467,240,images/img00467.jpg,65.0,69.31674369519874,4.316743695198738,validation
img00472,243,images/img00472.jpg,77.0,67.95560516344695,9.044394836553051,validation
img00473,243,images/img00473.jpg,77.0,84.4614422134789,7.461442213478904,validation
img00474,244,images/img00474.jpg,42.0,40.43102990336985,1.568970096630153,validation
img00475,244,images/img00475.jpg,42.0,58.07304268100086,16.073042681000857,validation
img00498,257,images/img00498.jpg,59.0,49.889619897651066,9.110380102348934,validation
img00499,257,images/img00499.jpg,59.0,51.20350118874356,7.796498811256441,validation
img00516,268,images/img00516.jpg,84.0,75.41981494513267,8.580185054867329,validation
img00517,268,images/img00517.jpg,84.0,79.045728188754,4.954271811246002,validation
img00542,281,images/img00542.jpg,85.0,82.4506052347592,2.5493947652408053,validation
img00543,281,images/img00543.jpg,85.0,83.95900016835499,1.04099983164501,validation
img00550,285,images/img00550.jpg,63.0,49.75082445154396,13.249175548456035,validation
img00551,285,images/img00551.jpg,63.0,63.87604542137634,0.8760454213763396,validation
img00560,290,images/img00560.jpg,62.0,53.915618125456135,8.084381874543865,validation
img00561,290,images/img00561.jpg,62.0,58.7405792885323,3.2594207114676976,validation
img00568,294,images/img00568.jpg,65.0,66.30151939928331,1.3015193992833076,validation
img00569,294,images/img00569.jpg,65.0,59.431836809301274,5.568163190698726,validation
img00572,296,images/img00572.jpg,65.0,69.4437845420622,4.443784542062204,validation
img00573,296,images/img00573.jpg,65.0,63.25524924148541,1.7447507585145914,validation
img00577,299,images/img00577.jpg,56.0,52.04723831737133,3.952761682628676,validation
img00578,299,images/img00578.jpg,56.0,54.82865373158808,1.1713462684119236,validation
img00589,305,images/img00589.jpg,59.0,60.60919112398667,1.609191123986676,validation
img00590,305,images/img00590.jpg,59.0,58.30678844362075,0.6932115563792465,validation
img00598,310,images/img00598.jpg,78.0,80.82566112666251,2.82566112666251,validation
img00599,310,images/img00599.jpg,78.0,78.95182008683595,0.9518200868359514,validation
img00600,311,images/img00600.jpg,27.0,31.458481899830826,4.458481899830822,validation
img00601,311,images/img00601.jpg,27.0,28.37445371824243,1.3744537182424317,validation
img00602,312,images/img00602.jpg,60.0,68.87250098520542,8.87250098520542,validation
img00603,312,images/img00603.jpg,60.0,70.20129855518594,10.201298555185945,validation
img00621,322,images/img00621.jpg,45.0,45.39852921490554,0.3985292149055368,validation
img00622,322,images/img00622.jpg,45.0,47.27209323968219,2.272093239682192,validation
img00641,332,images/img00641.jpg,17.0,17.262459591318013,0.262459591318013,validation
img00642,332,images/img00642.jpg,17.0,16.225184371218994,0.7748156287810062,validation
img00661,342,images/img00661.jpg,70.0,64.42282896016775,5.577171039832251,validation
img00662,342,images/img00662.jpg,70.0,61.75882648391458,8.241173516085418,validation
img00667,345,images/img00667.jpg,60.0,61.873264781922984,1.873264781922984,validation
img00668,345,images/img00668.jpg,60.0,65.78025232748055,5.780252327480554,validation
img00686,355,images/img00686.jpg,22.0,27.877554155337496,5.877554155337496,validation
img00732,379,images/img00732.jpg,49.0,45.434259793901646,3.5657402060983543,validation
img00733,379,images/img00733.jpg,49.0,49.435592776160775,0.4355927761607745,validation
img00772,400,images/img00772.jpg,90.0,84.7808798279958,5.219120172004196,validation
img00773,400,images/img00773.jpg,90.0,84.89494241071014,5.105057589289856,validation
img00776,402,images/img00776.jpg,55.0,48.912630895745615,6.087369104254385,validation
img00777,402,images/img00777.jpg,55.0,53.06407358939328,1.9359264106067189,validation
img00782,405,images/img00782.jpg,63.0,66.86534372608564,3.8653437260856407,validation
img00783,405,images/img00783.jpg,63.0,60.61300035357549,2.3869996464245133,validation
img00792,410,images/img00792.jpg,60.0,64.48277927034803,4.482779270348033,validation
img00793,410,images/img00793.jpg,60.0,64.33677925172252,4.336779251722518,validation
img00800,414,images/img00800.jpg,50.0,50.453317713643216,0.4533177136432158,validation
img00801,414,images/img00801.jpg,50.0,52.82374967362225,2.8237496736222525,validation
img00810,419,images/img00810.jpg,55.0,64.1897486062381,9.189748606238098,validation
img00811,419,images/img00811.jpg,55.0,58.92242330963893,3.92242330963893,validation
img00823,426,images/img00823.jpg,66.0,65.95362666796683,0.0463733320331698,validation
img00824,426,images/img00824.jpg,66.0,59.85629748196107,6.143702518038928,validation
img00825,427,images/img00825.jpg,69.0,67.7767821332389,1.2232178667611038,validation
img00826,427,images/img00826.jpg,69.0,69.82170068798047,0.8217006879804671,validation
img00829,429,images/img00829.jpg,60.0,85.4125112225356,25.4125112225356,validation
img00839,435,images/img00839.jpg,63.0,61.33631200557193,1.6636879944280665,validation
img00840,435,images/img00840.jpg,63.0,58.96220223456122,4.037797765438782,validation
img00866,449,images/img00866.jpg,64.0,64.67775096923307,0.6777509692330739,validation
img00867,449,images/img00867.jpg,64.0,64.73747443244335,0.7374744324433493,validation
img00901,466,images/img00901.jpg,71.0,59.78309134727653,11.216908652723468,validation
img00912,472,images/img00912.jpg,76.0,60.69239215798169,15.307607842018308,validation
img00913,472,images/img00913.jpg,76.0,75.79826549016295,0.2017345098370526,validation
img00954,494,images/img00954.jpg,45.0,45.05503055302242,0.0550305530224193,validation
img00955,494,images/img00955.jpg,45.0,43.67462093492481,1.3253790650751895,validation
img00996,516,images/img00996.jpg,38.0,37.83882558373261,0.1611744162673929,validation
img00997,516,images/img00997.jpg,38.0,45.6273043841521,7.627304384152097,validation
img01052,547,images/img01052.jpg,66.0,65.82450275517692,0.1754972448230773,validation
img01053,547,images/img01053.jpg,66.0,69.17531551550711,3.1753155155071084,validation
img01058,550,images/img01058.jpg,79.0,81.57145107763472,2.5714510776347197,validation
img01059,550,images/img01059.jpg,79.0,79.7743213944234,0.7743213944233958,validation
img01066,554,images/img01066.jpg,88.0,81.24994348451656,6.750056515483436,validation
img01067,554,images/img01067.jpg,88.0,74.56658896043521,13.433411039564788,validation
img01089,566,images/img01089.jpg,54.0,49.61109271638039,4.388907283619609,validation
img01090,566,images/img01090.jpg,54.0,55.85271961445253,1.852719614452532,validation
img01110,577,images/img01110.jpg,70.0,65.44383608974739,4.556163910252607,validation
img01111,577,images/img01111.jpg,70.0,67.41672364254566,2.583276357454338,validation
img01113,579,images/img01113.jpg,67.0,66.19131212444856,0.808687875551442,validation
img01114,579,images/img01114.jpg,67.0,62.82455954733925,4.175440452660752,validation
img01123,584,images/img01123.jpg,50.0,46.15133179096001,3.848668209039992,validation
img01124,584,images/img01124.jpg,50.0,45.79520167904536,4.204798320954637,validation
img01189,619,images/img01189.jpg,87.0,80.57991387786228,6.420086122137718,validation
img01212,631,images/img01212.jpg,30.0,31.69019953602481,1.69019953602481,validation
img01213,631,images/img01213.jpg,30.0,30.22887971114607,0.2288797111460709,validation
img01229,640,images/img01229.jpg,47.0,56.44369591491367,9.443695914913668,validation
img01247,650,images/img01247.jpg,43.0,40.33819059967585,2.6618094003241524,validation
img01248,650,images/img01248.jpg,43.0,41.16486676399967,1.8351332360003312,validation
img01276,666,images/img01276.jpg,79.0,84.08773800505173,5.087738005051733,validation
img01277,666,images/img01277.jpg,79.0,81.56540909583757,2.565409095837566,validation
img01303,681,images/img01303.jpg,59.0,51.375475185434254,7.624524814565746,validation
img01305,682,images/img01305.jpg,71.0,79.65166916394112,8.651669163941122,validation
img01335,698,images/img01335.jpg,18.0,21.191619246972373,3.1916192469723725,validation
img01336,698,images/img01336.jpg,18.0,21.68870203243,3.688702032430001,validation
img01345,703,images/img01345.jpg,41.0,45.44177409978295,4.441774099782947,validation
img01350,706,images/img01350.jpg,65.0,59.245031601336294,5.754968398663706,validation
img01424,745,images/img01424.jpg,74.0,70.85753848352918,3.142461516470817,validation
img01425,745,images/img01425.jpg,74.0,73.6343569747721,0.3656430252278966,validation
img01437,753,images/img01437.jpg,86.0,64.10077333530715,21.899226664692847,validation
img01438,753,images/img01438.jpg,86.0,71.70554262547488,14.294457374525123,validation
img01439,754,images/img01439.jpg,67.0,76.93881497457605,9.938814974576047,validation
img01440,754,images/img01440.jpg,67.0,69.361984397168,2.3619843971680012,validation
img01475,773,images/img01475.jpg,65.0,67.94638732406976,2.946387324069761,validation
img01476,773,images/img01476.jpg,65.0,66.84060431903028,1.8406043190302768,validation
img01490,780,images/img01490.jpg,59.0,55.16283449058681,3.8371655094131896,validation
img01549,811,images/img01549.jpg,42.0,46.582820902553344,4.582820902553344,validation
img01550,811,images/img01550.jpg,42.0,42.05293338958016,0.0529333895801613,validation
img01650,864,images/img01650.jpg,51.0,62.74538341114611,11.745383411146108,validation
img01678,881,images/img01678.jpg,76.0,27.704672770766795,48.29532722923321,validation
img01679,881,images/img01679.jpg,76.0,35.75162406251526,40.24837593748474,validation
img01698,891,images/img01698.jpg,21.0,24.28438103690582,3.2843810369058204,validation
img01699,891,images/img01699.jpg,21.0,22.815507644170204,1.8155076441702036,validation
img01724,904,images/img01724.jpg,13.0,15.658773661775513,2.6587736617755127,validation
img01725,904,images/img01725.jpg,13.0,14.465113630510814,1.465113630510814,validation
img01765,928,images/img01765.jpg,82.0,77.84570989866666,4.154290101333345,validation
img01766,928,images/img01766.jpg,82.0,71.69045512074891,10.309544879251092,validation
img01790,941,images/img01790.jpg,77.0,76.84401693454491,0.1559830654550893,validation
img01791,941,images/img01791.jpg,77.0,73.75503083792947,3.2449691620705323,validation
img01794,943,images/img01794.jpg,62.0,67.69847630417105,5.698476304171052,validation
img01795,943,images/img01795.jpg,62.0,63.14537024039091,1.1453702403909105,validation
img01827,961,images/img01827.jpg,41.0,20.81641872103154,20.18358127896846,validation
img01828,961,images/img01828.jpg,41.0,26.52246196782458,14.47753803217542,validation
img01854,975,images/img01854.jpg,53.0,58.82553211553484,5.825532115534841,validation
img01855,975,images/img01855.jpg,53.0,60.487282689819494,7.487282689819494,validation
img01862,979,images/img01862.jpg,55.0,55.73472060970767,0.7347206097076722,validation
img01883,993,images/img01883.jpg,69.0,63.31344148764819,5.686558512351809,validation
img01884,993,images/img01884.jpg,69.0,66.31790363981375,2.68209636018625,validation
img01892,998,images/img01892.jpg,71.0,68.89325966418143,2.1067403358185715,validation
img01893,998,images/img01893.jpg,71.0,68.03223363366929,2.9677663663307072,validation
img01911,1008,images/img01911.jpg,81.0,59.10154980219988,21.898450197800123,validation
img01912,1008,images/img01912.jpg,81.0,78.09456320597923,2.9054367940207726,validation
img01918,1012,images/img01918.jpg,58.0,58.6701558463668,0.6701558463667965,validation
img01919,1012,images/img01919.jpg,58.0,59.87534117603166,1.875341176031661,validation
img01932,1019,images/img01932.jpg,59.0,56.8193165985237,2.1806834014763012,validation
img01933,1019,images/img01933.jpg,59.0,61.19504687213998,2.195046872139983,validation
img01939,1023,images/img01939.jpg,32.0,35.24491991182036,3.244919911820361,validation
img01940,1023,images/img01940.jpg,32.0,36.68942470504773,4.689424705047728,validation
img01947,1027,images/img01947.jpg,59.0,53.49686216331718,5.503137836682818,validation
img01948,1027,images/img01948.jpg,59.0,63.84502518883906,4.84502518883906,validation
img01951,1029,images/img01951.jpg,33.0,28.26946283310729,4.730537166892709,validation
img01952,1029,images/img01952.jpg,33.0,32.37845542423038,0.6215445757696187,validation
img01979,1045,images/img01979.jpg,55.0,49.64267897573224,5.357321024267762,validation
img01980,1045,images/img01980.jpg,55.0,44.86887207704403,10.131127922955969,validation
img02010,1061,images/img02010.jpg,76.0,71.27113285914278,4.7288671408572185,validation
img02027,1070,images/img02027.jpg,37.0,44.082027186943264,7.0820271869432645,validation
img02028,1070,images/img02028.jpg,37.0,40.86311230703857,3.86311230703857,validation
img02087,1103,images/img02087.jpg,69.0,59.45707898776611,9.54292101223389,validation
img02088,1103,images/img02088.jpg,69.0,66.60005491955229,2.399945080447708,validation
img02097,1108,images/img02097.jpg,55.0,61.9850452623069,6.9850452623068975,validation
img02098,1108,images/img02098.jpg,55.0,63.17112609636955,8.171126096369548,validation
img02121,1121,images/img02121.jpg,36.0,33.25331257625001,2.7466874237499894,validation
img02122,1121,images/img02122.jpg,36.0,38.92383682247089,2.9238368224708893,validation
img02171,1146,images/img02171.jpg,49.0,56.127394759674914,7.127394759674914,validation
img02172,1146,images/img02172.jpg,49.0,52.835133465318776,3.835133465318776,validation
img02179,1150,images/img02179.jpg,34.0,35.47372561815904,1.4737256181590368,validation
img02180,1150,images/img02180.jpg,34.0,39.4272058864626,5.427205886462602,validation
img02187,1154,images/img02187.jpg,45.0,54.40728603011541,9.407286030115408,validation
img02188,1154,images/img02188.jpg,45.0,52.00317438405895,7.003174384058951,validation
img02189,1155,images/img02189.jpg,40.0,34.78377928378278,5.216220716217222,validation
img02206,1164,images/img02206.jpg,56.0,49.21587676247343,6.784123237526572,validation
img02207,1164,images/img02207.jpg,56.0,48.364346676998814,7.635653323001186,validation
img02219,1171,images/img02219.jpg,77.0,68.52124153948321,8.478758460516786,validation
img02220,1171,images/img02220.jpg,77.0,65.32205525700084,11.67794474299916,validation
img02226,1175,images/img02226.jpg,76.0,63.23211303176612,12.76788696823388,validation
img02227,1175,images/img02227.jpg,76.0,69.57127472042394,6.4287252795760566,validation
img02232,1178,images/img02232.jpg,89.0,73.49486790042981,15.50513209957019,validation
img02233,1178,images/img02233.jpg,89.0,80.84337918375215,8.156620816247852,validation
img02247,1186,images/img02247.jpg,40.0,56.85546542662075,16.855465426620754,validation
img02248,1186,images/img02248.jpg,40.0,54.61422199809977,14.614221998099772,validation
img02257,1191,images/img02257.jpg,79.0,72.68081446125404,6.3191855387459555,validation
img02258,1191,images/img02258.jpg,79.0,71.69953554321157,7.300464456788433,validation
img02279,1202,images/img02279.jpg,35.0,29.97162652228085,5.02837347771915,validation
img02280,1202,images/img02280.jpg,35.0,33.628548001724695,1.3714519982753046,validation
img02286,1206,images/img02286.jpg,31.0,35.24728871768018,4.247288717680178,validation
img02297,1212,images/img02297.jpg,51.0,65.28899122051268,14.288991220512685,validation
img02298,1212,images/img02298.jpg,51.0,59.75648781433908,8.756487814339081,validation
img02338,1233,images/img02338.jpg,19.0,20.87367576874827,1.8736757687482708,validation
img02375,1252,images/img02375.jpg,29.0,36.55207758959526,7.552077589595257,validation
img02376,1252,images/img02376.jpg,29.0,29.605249034740556,0.6052490347405559,validation
img02383,1256,images/img02383.jpg,18.0,19.9586012664124,1.9586012664124013,validation
img02408,1269,images/img02408.jpg,63.0,70.04713422686123,7.047134226861232,validation
img02426,1278,images/img02426.jpg,75.0,75.47144444301668,0.4714444430166793,validation
img02445,1288,images/img02445.jpg,63.0,64.32342636288976,1.3234263628897622,validation
img02446,1288,images/img02446.jpg,63.0,60.99164639052583,2.0083536094741703,validation
img02453,1292,images/img02453.jpg,63.0,69.70847787529931,6.708477875299309,validation
img02454,1292,images/img02454.jpg,63.0,64.02662491320876,1.0266249132087637,validation
img02457,1294,images/img02457.jpg,61.0,60.78953119330661,0.2104688066933917,validation
img02458,1294,images/img02458.jpg,61.0,61.2931265589631,0.2931265589631024,validation
img02479,1305,images/img02479.jpg,80.0,81.12644712155938,1.12644712155938,validation
img02480,1305,images/img02480.jpg,80.0,77.51969808446145,2.480301915538547,validation
img02487,1309,images/img02487.jpg,44.0,45.60155507183606,1.60155507183606,validation
img02488,1309,images/img02488.jpg,44.0,40.993584214323306,3.006415785676694,validation
img02555,1345,images/img02555.jpg,78.0,68.4886759119628,9.5113240880372,validation
img02556,1345,images/img02556.jpg,78.0,70.3175161841153,7.682483815884694,validation
img02569,1352,images/img02569.jpg,73.0,65.21167239388643,7.788327606113569,validation
img02570,1352,images/img02570.jpg,73.0,66.51292768799955,6.48707231200045,validation
img02571,1353,images/img02571.jpg,82.0,66.25631468745833,15.743685312541672,validation
img02572,1353,images/img02572.jpg,82.0,74.23968502689605,7.760314973103945,validation
img02614,1377,images/img02614.jpg,63.0,62.36771592440651,0.6322840755934891,validation
img02615,1377,images/img02615.jpg,63.0,60.48753053104033,2.5124694689596723,validation
img02634,1387,images/img02634.jpg,75.0,65.17195836028489,9.82804163971511,validation
img02635,1387,images/img02635.jpg,75.0,71.66159538747881,3.338404612521188,validation
img02636,1388,images/img02636.jpg,52.0,56.796172004736704,4.796172004736704,validation
img02637,1388,images/img02637.jpg,52.0,56.81453222688175,4.814532226881752,validation
img02642,1391,images/img02642.jpg,64.0,62.61491477569267,1.385085224307332,validation
img02643,1391,images/img02643.jpg,64.0,53.96300351284129,10.03699648715871,validation
img02655,1398,images/img02655.jpg,64.0,61.99159764978656,2.0084023502134443,validation
img02666,1405,images/img02666.jpg,68.0,67.95507512677665,0.0449248732233513,validation
img02669,1407,images/img02669.jpg,62.0,79.17988635930126,17.179886359301264,validation
img02670,1407,images/img02670.jpg,62.0,71.12232779048436,9.122327790484364,validation
img02759,1455,images/img02759.jpg,59.0,56.30563731248016,2.694362687519842,validation
img02775,1465,images/img02775.jpg,67.0,65.92719572413036,1.0728042758696432,validation
img02776,1465,images/img02776.jpg,67.0,64.02431118317578,2.975688816824217,validation
img02845,1502,images/img02845.jpg,68.0,58.812843135802986,9.187156864197014,validation
img02847,1502,images/img02847.jpg,68.0,64.53460289688906,3.465397103110945,validation
img02872,1518,images/img02872.jpg,89.0,86.3660755482623,2.6339244517376983,validation
img02873,1518,images/img02873.jpg,89.0,85.31910262019574,3.680897379804264,validation
img02949,1559,images/img02949.jpg,59.0,55.83850350746229,3.161496492537708,validation
img02950,1559,images/img02950.jpg,59.0,48.36013583011816,10.63986416988184,validation
img02960,1565,images/img02960.jpg,52.0,48.63269028335416,3.367309716645842,validation
img02961,1565,images/img02961.jpg,52.0,47.44328199686134,4.556718003138663,validation
img02962,1566,images/img02962.jpg,44.0,46.41672093365317,2.416720933653167,validation
img02963,1566,images/img02963.jpg,44.0,46.27054423613755,2.270544236137553,validation
img03013,1594,images/img03013.jpg,64.0,56.23945948040285,7.76054051959715,validation
img03014,1594,images/img03014.jpg,64.0,55.03386299060486,8.96613700939514,validation
img03027,1601,images/img03027.jpg,56.0,60.24092360856651,4.240923608566511,validation
img03035,1606,images/img03035.jpg,61.0,62.71675216076166,1.7167521607616578,validation
img03036,1606,images/img03036.jpg,61.0,68.1492801265275,7.149280126527501,validation
img03043,1610,images/img03043.jpg,69.0,67.29282375372837,1.7071762462716291,validation
img03044,1610,images/img03044.jpg,69.0,60.78837187441665,8.211628125583353,validation
img03090,1638,images/img03090.jpg,73.0,70.08025606570233,2.9197439342976708,validation
img03091,1638,images/img03091.jpg,73.0,69.57193126790443,3.428068732095568,validation
img03095,1640,images/img03095.jpg,54.0,59.317852205232874,5.3178522052328745,validation
img03098,1642,images/img03098.jpg,68.0,69.71935126131332,1.7193512613133208,validation
img03099,1642,images/img03099.jpg,68.0,68.97174871580197,0.9717487158019652,validation
img03107,1647,images/img03107.jpg,88.0,47.98831674182391,40.01168325817609,validation
img03108,1647,images/img03108.jpg,88.0,52.86466201543673,35.13533798456327,validation
img03120,1655,images/img03120.jpg,72.0,78.5817214364993,6.5817214364992935,validation
img03121,1655,images/img03121.jpg,72.0,77.52840551815612,5.52840551815612,validation
img03124,1657,images/img03124.jpg,47.0,64.632296507619,17.632296507619003,validation
img03125,1657,images/img03125.jpg,47.0,52.64845258694312,5.648452586943122,validation
img03136,1664,images/img03136.jpg,76.0,77.62403024089525,1.6240302408952516,validation
img03137,1664,images/img03137.jpg,76.0,70.81509628793023,5.184903712069769,validation
img03142,1667,images/img03142.jpg,71.0,81.12587564169264,10.125875641692645,validation
img03143,1667,images/img03143.jpg,71.0,76.4994647429838,5.499464742983804,validation
img03180,1688,images/img03180.jpg,66.0,65.0625968538407,0.9374031461592978,validation
img03181,1688,images/img03181.jpg,66.0,68.46213699769348,2.4621369976934773,validation
img03214,1706,images/img03214.jpg,69.0,72.95995402028268,3.95995402028268,validation
img03215,1706,images/img03215.jpg,69.0,82.08293210202486,13.082932102024856,validation
img03237,1718,images/img03237.jpg,81.0,68.70322079628349,12.296779203716511,validation
img03238,1718,images/img03238.jpg,81.0,77.00061114291367,3.9993888570863305,validation
img03243,1721,images/img03243.jpg,70.0,73.52844125199003,3.528441251990031,validation
img03244,1721,images/img03244.jpg,70.0,68.80166801882244,1.19833198117756,validation
img03263,1732,images/img03263.jpg,56.0,51.260424509667885,4.739575490332115,validation
img03264,1732,images/img03264.jpg,56.0,58.64582269169762,2.6458226916976173,validation
img03290,1746,images/img03290.jpg,61.0,56.57749786482835,4.422502135171648,validation
img03291,1746,images/img03291.jpg,61.0,60.61823446569462,0.38176553430538,validation
img03314,1758,images/img03314.jpg,47.0,26.9141481610661,20.0858518389339,validation
img03315,1758,images/img03315.jpg,47.0,48.813127417002605,1.8131274170026048,validation
img03358,1783,images/img03358.jpg,60.0,62.364187799656726,2.364187799656726,validation
img03361,1784,images/img03361.jpg,62.0,70.41400685153798,8.414006851537977,validation
img03368,1788,images/img03368.jpg,77.0,74.18602263116549,2.8139773688345144,validation
img03369,1788,images/img03369.jpg,77.0,77.56158188751886,0.5615818875188552,validation
img03370,1789,images/img03370.jpg,61.0,64.52584638572492,3.5258463857249183,validation
img03371,1789,images/img03371.jpg,61.0,65.6555464775535,4.6555464775535,validation
img03412,1811,images/img03412.jpg,71.0,69.75708638228474,1.24291361771526,validation
img03413,1811,images/img03413.jpg,71.0,68.6302393273481,2.369760672651907,validation
img03432,1822,images/img03432.jpg,77.0,78.31720914459402,1.3172091445940168,validation
img03433,1822,images/img03433.jpg,77.0,72.90543440475203,4.094565595247971,validation
img03437,1825,images/img03437.jpg,57.0,55.73219502859814,1.2678049714018584,validation
img03438,1825,images/img03438.jpg,57.0,60.7462165093615,3.7462165093615023,validation
img03474,1847,images/img03474.jpg,31.0,26.828003024208012,4.171996975791988,validation
img03475,1847,images/img03475.jpg,31.0,25.54573525772819,5.4542647422718105,validation
img03487,1854,images/img03487.jpg,75.0,66.94260475035895,8.057395249641047,validation
img03488,1854,images/img03488.jpg,75.0,67.29573350236282,7.704266497637178,validation
img03493,1857,images/img03493.jpg,73.0,75.54020088713581,2.5402008871358106,validation
img03494,1857,images/img03494.jpg,73.0,76.95925737652657,3.9592573765265655,validation
img03515,1870,images/img03515.jpg,65.0,57.74522304367714,7.254776956322857,validation
img03516,1870,images/img03516.jpg,65.0,61.766853922004465,3.233146077995535,validation
img03517,1871,images/img03517.jpg,67.0,69.37712861363647,2.377128613636472,validation
img03518,1871,images/img03518.jpg,67.0,62.91055417995762,4.089445820042378,validation
img03540,1883,images/img03540.jpg,65.0,62.10099732759589,2.899002672404116,validation
img03541,1883,images/img03541.jpg,65.0,53.3325663367253,11.6674336632747,validation
img03632,1930,images/img03632.jpg,79.0,78.86902748644799,0.1309725135520096,validation
img03633,1930,images/img03633.jpg,79.0,75.77951789682484,3.220482103175158,validation
img03653,1941,images/img03653.jpg,73.0,68.1597696176692,4.840230382330802,validation
img03701,1965,images/img03701.jpg,66.0,70.32580918584554,4.325809185845543,validation
img03702,1965,images/img03702.jpg,66.0,59.79470716634261,6.2052928336573885,validation
img03736,1984,images/img03736.jpg,69.0,66.31014721841639,2.6898527815836104,validation
img03737,1984,images/img03737.jpg,69.0,71.32179607618342,2.3217960761834178,validation
img03743,1988,images/img03743.jpg,60.0,69.5050288615209,9.505028861520898,validation
img03744,1988,images/img03744.jpg,60.0,67.74075708942595,7.740757089425955,validation
img03757,1995,images/img03757.jpg,70.0,68.15663302206475,1.843366977935247,validation
img03758,1995,images/img03758.jpg,70.0,62.20463149335275,7.79536850664725,validation
img03759,1996,images/img03759.jpg,84.0,79.48854656152221,4.511453438477787,validation
img03796,2017,images/img03796.jpg,37.0,37.49665964779825,0.4966596477982534,validation
img03797,2017,images/img03797.jpg,37.0,34.86971066099606,2.1302893390039372,validation
img03814,2026,images/img03814.jpg,16.0,26.07074421392553,10.07074421392553,validation
img03815,2026,images/img03815.jpg,16.0,16.213706787025266,0.2137067870252664,validation
img03858,2048,images/img03858.jpg,23.0,32.17808411309305,9.17808411309305,validation
img03859,2048,images/img03859.jpg,23.0,24.55462993968709,1.5546299396870893,validation
img03874,2056,images/img03874.jpg,29.0,25.77434683540985,3.225653164590149,validation
img03875,2056,images/img03875.jpg,29.0,33.50507999463875,4.5050799946387485,validation
img03894,2066,images/img03894.jpg,38.0,36.770581389786656,1.2294186102133438,validation
img03895,2066,images/img03895.jpg,38.0,34.37077820024457,3.629221799755427,validation
img03933,2086,images/img03933.jpg,38.0,39.87838924124963,1.8783892412496288,validation
img03934,2086,images/img03934.jpg,38.0,38.52926051158271,0.5292605115827129,validation
img03947,2093,images/img03947.jpg,63.0,60.88504412847637,2.1149558715236267,validation
img04017,2132,images/img04017.jpg,71.0,76.13323121602063,5.133231216020633,validation
img04024,2136,images/img04024.jpg,45.0,44.30784243947548,0.6921575605245209,validation
img04025,2136,images/img04025.jpg,45.0,45.47994110248571,0.4799411024857107,validation
img04033,2141,images/img04033.jpg,68.0,57.50919954116856,10.490800458831444,validation
img04034,2141,images/img04034.jpg,68.0,65.11634867962674,2.8836513203732608,validation
img04053,2151,images/img04053.jpg,46.0,40.05580974644123,5.944190253558773,validation
img04054,2151,images/img04054.jpg,46.0,43.00508646540696,2.9949135345930387,validation
img04096,2173,images/img04096.jpg,72.0,72.869913222959,0.8699132229589992,validation
img04097,2173,images/img04097.jpg,72.0,69.50964432487208,2.490355675127915,validation
img04119,2185,images/img04119.jpg,49.0,56.617800419084645,7.617800419084645,validation
img04120,2185,images/img04120.jpg,49.0,55.90875735970551,6.908757359705511,validation
img04180,2216,images/img04180.jpg,50.0,50.28869770310021,0.2886977031002118,validation
img04181,2216,images/img04181.jpg,50.0,55.57576332118386,5.575763321183857,validation
img04197,2226,images/img04197.jpg,47.0,48.50045704022061,1.50045704022061,validation
img04199,2228,images/img04199.jpg,64.0,63.615204669492755,0.3847953305072451,validation
img04200,2228,images/img04200.jpg,64.0,67.7874483032707,3.787448303270694,validation
img04203,2230,images/img04203.jpg,22.0,24.659140956231845,2.6591409562318447,validation
img04204,2230,images/img04204.jpg,22.0,22.156377598180313,0.1563775981803132,validation
img04215,2236,images/img04215.jpg,72.0,65.65621829358004,6.343781706419961,validation
img04216,2236,images/img04216.jpg,72.0,80.56695306348007,8.56695306348007,validation
img04219,2238,images/img04219.jpg,63.0,61.995023257155665,1.0049767428443346,validation
img04220,2238,images/img04220.jpg,63.0,66.15424663828283,3.154246638282828,validation
img04278,2269,images/img04278.jpg,54.0,54.250478062101834,0.2504780621018341,validation
img04279,2269,images/img04279.jpg,54.0,50.70732306463985,3.2926769353601486,validation
img04284,2272,images/img04284.jpg,56.0,50.785705236437984,5.214294763562016,validation
img04285,2272,images/img04285.jpg,56.0,55.83353223245744,0.1664677675425636,validation
img04304,2283,images/img04304.jpg,64.0,65.43315465116953,1.4331546511695308,validation
img04305,2283,images/img04305.jpg,64.0,67.09808871730723,3.0980887173072347,validation
img04319,2292,images/img04319.jpg,73.0,64.01637753758311,8.98362246241689,validation
img04320,2292,images/img04320.jpg,73.0,59.22995827454595,13.77004172545405,validation
img04340,2303,images/img04340.jpg,77.0,79.77490596161533,2.774905961615332,validation
img04349,2308,images/img04349.jpg,77.0,76.9971168270873,0.0028831729127034,validation
img04350,2308,images/img04350.jpg,77.0,74.19368962250738,2.806310377492622,validation
img04351,2309,images/img04351.jpg,84.0,86.1589380900005,2.158938090000504,validation
img04352,2309,images/img04352.jpg,84.0,84.87071122811642,0.87071122811642,validation
img04359,2313,images/img04359.jpg,29.0,27.666843857298172,1.333156142701828,validation
img04360,2313,images/img04360.jpg,29.0,32.187895244545615,3.187895244545615,validation
img04363,2315,images/img04363.jpg,43.0,44.48152869454552,1.481528694545517,validation
img04364,2315,images/img04364.jpg,43.0,56.02998402602595,13.02998402602595,validation
img04395,2332,images/img04395.jpg,63.0,62.898479486551985,0.1015205134480154,validation
img04396,2332,images/img04396.jpg,63.0,56.61639782590504,6.38360217409496,validation
img04425,2348,images/img04425.jpg,65.0,67.81794831463158,2.817948314631579,validation
img04426,2348,images/img04426.jpg,65.0,58.99872814121538,6.001271858784619,validation
img04449,2360,images/img04449.jpg,52.0,55.37040628445344,3.3704062844534377,validation
img04450,2360,images/img04450.jpg,52.0,77.66677780741534,25.666777807415343,validation
img04470,2371,images/img04470.jpg,33.0,38.57712085981131,5.577120859811309,validation
img04471,2371,images/img04471.jpg,33.0,36.930986191007264,3.930986191007264,validation
img04530,2401,images/img04530.jpg,74.0,80.79312385501335,6.793123855013349,validation
img04531,2401,images/img04531.jpg,74.0,72.84463941679161,1.1553605832083915,validation
img04534,2403,images/img04534.jpg,77.0,73.98220717228169,3.01779282771831,validation
img04535,2403,images/img04535.jpg,77.0,77.36490992696923,0.3649099269692328,validation
img04562,2418,images/img04562.jpg,68.0,68.01840033094092,0.0184003309409206,validation
img04563,2418,images/img04563.jpg,68.0,63.99019252639921,4.009807473600787,validation
img04590,2432,images/img04590.jpg,40.0,49.599701835716054,9.599701835716054,validation
img04591,2432,images/img04591.jpg,40.0,43.10242126530455,3.1024212653045495,validation
img04597,2436,images/img04597.jpg,29.0,25.03513108412595,3.9648689158740495,validation
img04598,2436,images/img04598.jpg,29.0,24.2272112380237,4.772788761976301,validation
img04600,2437,images/img04600.jpg,50.0,56.59940891005281,6.599408910052809,validation
img04651,2463,images/img04651.jpg,77.0,76.32228199086654,0.6777180091334571,validation
img04652,2463,images/img04652.jpg,77.0,68.92878738963705,8.071212610362949,validation
img04669,2472,images/img04669.jpg,69.0,67.60417994493896,1.3958200550610371,validation
img04670,2472,images/img04670.jpg,69.0,69.98532933364014,0.985329333640138,validation
img04687,2481,images/img04687.jpg,49.0,54.95775037911718,5.957750379117179,validation
img04688,2481,images/img04688.jpg,49.0,52.205020200501295,3.205020200501295,validation
img04743,2509,images/img04743.jpg,39.0,36.13536406814414,2.864635931855858,validation
img04744,2509,images/img04744.jpg,39.0,36.98970247548296,2.0102975245170427,validation
img04747,2511,images/img04747.jpg,58.0,66.01736630409555,8.017366304095546,validation
img04748,2511,images/img04748.jpg,58.0,64.55945463681898,6.559454636818984,validation
img04763,2519,images/img04763.jpg,56.0,57.77741186529306,1.777411865293061,validation
img04764,2519,images/img04764.jpg,56.0,61.55652206578529,5.556522065785288,validation
img04841,2558,images/img04841.jpg,77.0,75.13029059356387,1.8697094064361297,validation
img04842,2558,images/img04842.jpg,77.0,71.60457827405727,5.395421725942725,validation
img04899,2589,images/img04899.jpg,56.0,57.3134832280106,1.3134832280105968,validation
img04900,2589,images/img04900.jpg,56.0,50.59053668236984,5.409463317630156,validation
img04909,2594,images/img04909.jpg,60.0,66.21082532631043,6.210825326310427,validation
img04910,2594,images/img04910.jpg,60.0,67.40734221160358,7.407342211603577,validation
img04937,2608,images/img04937.jpg,42.0,44.955569062781066,2.9555690627810662,validation
img04938,2608,images/img04938.jpg,42.0,42.61957094599366,0.619570945993658,validation
img04948,2614,images/img04948.jpg,70.0,70.73530504745305,0.7353050474530534,validation
img04949,2614,images/img04949.jpg,70.0,74.86918973109209,4.869189731092092,validation
img04954,2617,images/img04954.jpg,42.0,59.59165104497258,17.59165104497258,validation
img04957,2619,images/img04957.jpg,89.0,86.48014467463925,2.5198553253607514,validation
img04958,2619,images/img04958.jpg,89.0,76.85857004015885,12.141429959841147,validation
img04961,2621,images/img04961.jpg,60.0,57.868786479175945,2.131213520824055,validation
img05037,2660,images/img05037.jpg,68.0,66.35942754142836,1.64057245857164,validation
img05038,2660,images/img05038.jpg,68.0,66.83169839423685,1.1683016057631477,validation
img05041,2662,images/img05041.jpg,57.0,59.57813211070144,2.578132110701439,validation
img05042,2662,images/img05042.jpg,57.0,60.802144648266,3.802144648266001,validation
img05049,2666,images/img05049.jpg,49.0,43.74712471649069,5.2528752835093115,validation
img05050,2666,images/img05050.jpg,49.0,49.14718139253854,0.1471813925385419,validation
img05055,2669,images/img05055.jpg,50.0,55.63737953880009,5.63737953880009,validation
img05056,2669,images/img05056.jpg,50.0,46.747895697646776,3.2521043023532243,validation
img05082,2683,images/img05082.jpg,31.0,37.93148602731564,6.931486027315643,validation
img05083,2683,images/img05083.jpg,31.0,36.22725890320342,5.2272589032034205,validation
img05084,2684,images/img05084.jpg,71.0,67.03873333511798,3.961266664882018,validation
img05085,2684,images/img05085.jpg,71.0,62.53427394968841,8.465726050311588,validation
img05100,2692,images/img05100.jpg,13.0,33.945948355953306,20.945948355953306,validation
img05101,2692,images/img05101.jpg,13.0,33.37027618271533,20.37027618271533,validation
img05102,2693,images/img05102.jpg,58.0,58.55399847366385,0.553998473663853,validation
img05103,2693,images/img05103.jpg,58.0,51.77966141015016,6.220338589849838,validation
img05115,2700,images/img05115.jpg,55.0,63.42207555693376,8.422075556933763,validation
img05126,2706,images/img05126.jpg,60.0,63.1297543349103,3.1297543349103023,validation
img05127,2706,images/img05127.jpg,60.0,55.08097845190792,4.919021548092076,validation
img05132,2709,images/img05132.jpg,54.0,56.18959704407243,2.1895970440724284,validation
img05133,2709,images/img05133.jpg,54.0,54.48523195774046,0.48523195774046,validation
img05135,2711,images/img05135.jpg,21.0,52.72819584056126,31.728195840561263,validation
img05136,2711,images/img05136.jpg,21.0,36.67095194553866,15.67095194553866,validation
img05143,2715,images/img05143.jpg,36.0,41.52145711351692,5.521457113516917,validation
img05144,2715,images/img05144.jpg,36.0,39.15100661316052,3.1510066131605186,validation
img05153,2720,images/img05153.jpg,23.0,37.509873483800845,14.509873483800844,validation
img05154,2720,images/img05154.jpg,23.0,26.652755014998355,3.6527550149983554,validation
img05175,2731,images/img05175.jpg,34.0,33.12138579464805,0.8786142053519512,validation
img05176,2731,images/img05176.jpg,34.0,32.85251760467458,1.1474823953254187,validation
img05186,2737,images/img05186.jpg,28.0,25.38097673966024,2.619023260339759,validation
img05187,2737,images/img05187.jpg,28.0,24.96084960755477,3.0391503924452294,validation
img05198,2743,images/img05198.jpg,74.0,82.69581154078482,8.695811540784817,validation
img05199,2743,images/img05199.jpg,74.0,79.40932898213264,5.409328982132635,validation
img05210,2749,images/img05210.jpg,63.0,58.659223294736805,4.340776705263195,validation
img05211,2749,images/img05211.jpg,63.0,63.525333462091346,0.5253334620913463,validation
img05241,2765,images/img05241.jpg,37.0,49.0375145151732,12.0375145151732,validation
img05242,2765,images/img05242.jpg,37.0,45.02220536021902,8.022205360219019,validation
img05243,2766,images/img05243.jpg,47.0,52.26234432075964,5.262344320759638,validation
img05244,2766,images/img05244.jpg,47.0,60.71197624952168,13.711976249521683,validation
img05271,2780,images/img05271.jpg,75.0,63.578860622128246,11.421139377871754,validation
img05272,2780,images/img05272.jpg,75.0,66.30140815701917,8.698591842980832,validation
img05273,2781,images/img05273.jpg,74.0,68.68431615504308,5.315683844956922,validation
img05274,2781,images/img05274.jpg,74.0,62.64557292556629,11.354427074433708,validation
img05295,2792,images/img05295.jpg,59.0,51.824271739289316,7.1757282607106845,validation
img05296,2792,images/img05296.jpg,59.0,61.52691090192706,2.52691090192706,validation
img05299,2794,images/img05299.jpg,35.0,33.46473395229145,1.5352660477085465,validation
img05300,2794,images/img05300.jpg,35.0,34.10149339708581,0.898506602914189,validation
img05304,2796,images/img05304.jpg,66.0,69.40018193696287,3.4001819369628663,validation
img05305,2797,images/img05305.jpg,27.0,42.09257053514621,15.092570535146208,validation
img05306,2797,images/img05306.jpg,27.0,28.67020109294022,1.6702010929402211,validation
img05313,2801,images/img05313.jpg,64.0,57.70242967151887,6.297570328481129,validation
img05314,2801,images/img05314.jpg,64.0,60.727633598198736,3.272366401801264,validation
img05336,2813,images/img05336.jpg,69.0,68.15078516892461,0.8492148310753862,validation
img05339,2814,images/img05339.jpg,75.0,73.00953535177409,1.9904646482259096,validation
img05342,2816,images/img05342.jpg,73.0,68.38401220995746,4.615987790042539,validation
img05343,2816,images/img05343.jpg,73.0,67.5732938574849,5.426706142515101,validation
img05358,2824,images/img05358.jpg,24.0,21.4168412074292,2.5831587925707993,validation
img05439,2865,images/img05439.jpg,58.0,53.46831570789387,4.531684292106128,validation
img05440,2865,images/img05440.jpg,58.0,51.4653943796947,6.5346056203053,validation
img05445,2868,images/img05445.jpg,67.0,61.99082713351586,5.009172866484143,validation
img05446,2868,images/img05446.jpg,67.0,62.98590118292155,4.014098817078448,validation
img05450,2871,images/img05450.jpg,67.0,73.03357676815251,6.033576768152514,validation
img05451,2871,images/img05451.jpg,67.0,69.0097783015902,2.0097783015902024,validation
img05457,2874,images/img05457.jpg,69.0,66.50219717195222,2.4978028280477815,validation
img05460,2876,images/img05460.jpg,69.0,64.83331236952206,4.166687630477938,validation
img05461,2876,images/img05461.jpg,69.0,67.49891204475392,1.501087955246078,validation
img05477,2885,images/img05477.jpg,69.0,65.77171284779251,3.2282871522074856,validation
img05478,2885,images/img05478.jpg,69.0,59.83249627253044,9.167503727469558,validation
img05489,2892,images/img05489.jpg,56.0,54.248277755553865,1.7517222444461351,validation
img05504,2900,images/img05504.jpg,76.0,71.13742183887292,4.862578161127075,validation
img05505,2900,images/img05505.jpg,76.0,76.91205575699932,0.9120557569993224,validation
img05522,2909,images/img05522.jpg,68.0,58.380284408027784,9.619715591972216,validation
img05523,2909,images/img05523.jpg,68.0,60.729756471405985,7.270243528594016,validation
img05546,2921,images/img05546.jpg,82.0,75.789448995425,6.210551004574995,validation
img05547,2921,images/img05547.jpg,82.0,72.59993915400676,9.400060845993238,validation
img05552,2924,images/img05552.jpg,38.0,50.92061265635251,12.92061265635251,validation
img05560,2928,images/img05560.jpg,57.0,59.82565132880221,2.825651328802209,validation
img05561,2928,images/img05561.jpg,57.0,55.35739039424438,1.6426096057556163,validation
img05563,2929,images/img05563.jpg,79.0,76.66017491512558,2.33982508487442,validation
img05603,2951,images/img05603.jpg,66.0,64.88582744307742,1.1141725569225829,validation
img05650,2975,images/img05650.jpg,53.0,54.80158369003803,1.801583690038029,validation
img05651,2975,images/img05651.jpg,53.0,54.1213268840511,1.1213268840511006,validation
img05689,2996,images/img05689.jpg,48.0,51.357021511607755,3.357021511607755,validation
img05690,2996,images/img05690.jpg,48.0,46.936095796355175,1.0639042036448243,validation
img05697,3000,images/img05697.jpg,89.0,85.11390644850414,3.886093551495861,validation
img05698,3000,images/img05698.jpg,89.0,84.87569531779386,4.124304682206144,validation
img05706,3004,images/img05706.jpg,46.0,53.63744375666044,7.6374437566604385,validation
img05707,3005,images/img05707.jpg,35.0,39.2306778864901,4.230677886490099,validation
img05708,3005,images/img05708.jpg,35.0,39.71677822489045,4.716778224890447,validation
img05725,3014,images/img05725.jpg,84.0,74.39055789293488,9.60944210706512,validation
img05726,3014,images/img05726.jpg,84.0,77.7981941833348,6.2018058166652,validation
img05731,3017,images/img05731.jpg,73.0,76.98429124839876,3.984291248398762,validation
img05732,3017,images/img05732.jpg,73.0,72.52033113608228,0.4796688639177233,validation
img05735,3019,images/img05735.jpg,87.0,77.90816479570564,9.091835204294355,validation
img05736,3019,images/img05736.jpg,87.0,67.9524620241799,19.047537975820106,validation
img05743,3023,images/img05743.jpg,82.0,75.1112507166298,6.888749283370203,validation
img05744,3023,images/img05744.jpg,82.0,77.47064678964034,4.529353210359659,validation
img05747,3025,images/img05747.jpg,55.0,53.23828551869188,1.7617144813081185,validation
img05748,3025,images/img05748.jpg,55.0,55.99569264382209,0.995692643822089,validation
img05753,3028,images/img05753.jpg,73.0,49.18324678893749,23.81675321106251,validation
img05754,3028,images/img05754.jpg,73.0,56.6349254567515,16.365074543248497,validation
img05757,3030,images/img05757.jpg,31.0,40.29029098947167,9.290290989471671,validation
img05769,3036,images/img05769.jpg,65.0,49.7025583962344,15.297441603765598,validation
img05770,3036,images/img05770.jpg,65.0,61.341873573473485,3.658126426526515,validation
img05771,3037,images/img05771.jpg,75.0,77.54589236583404,2.5458923658340353,validation
img05772,3037,images/img05772.jpg,75.0,74.73580589395203,0.2641941060479666,validation
img05804,3054,images/img05804.jpg,67.0,62.02764068867164,4.972359311328361,validation
img05805,3054,images/img05805.jpg,67.0,67.79884518229241,0.7988451822924105,validation
img05931,3120,images/img05931.jpg,39.0,55.200638320015486,16.200638320015486,validation
img05932,3120,images/img05932.jpg,39.0,51.15423286244635,12.15423286244635,validation
img05983,3147,images/img05983.jpg,81.0,82.18392917175545,1.1839291717554516,validation
img05989,3151,images/img05989.jpg,60.0,56.38748639851754,3.612513601482462,validation
img05990,3151,images/img05990.jpg,60.0,59.37752522771065,0.6224747722893511,validation
img06001,3157,images/img06001.jpg,62.0,58.89340516520348,3.1065948347965175,validation
img06002,3157,images/img06002.jpg,62.0,63.993557604889304,1.993557604889304,validation
img06020,3168,images/img06020.jpg,68.0,67.65973782160155,0.3402621783984472,validation
img06021,3168,images/img06021.jpg,68.0,67.6393979370317,0.3606020629682973,validation
img06043,3180,images/img06043.jpg,54.0,54.11726326957886,0.1172632695788564,validation
img06044,3180,images/img06044.jpg,54.0,58.91527599416823,4.915275994168233,validation
img06065,3191,images/img06065.jpg,51.0,54.24251197084879,3.2425119708487884,validation
img06066,3191,images/img06066.jpg,51.0,51.74654011661429,0.7465401166142911,validation
img06166,3243,images/img06166.jpg,51.0,60.64192225164025,9.641922251640253,validation
img06182,3252,images/img06182.jpg,66.0,75.119495731501,9.119495731501004,validation
img06183,3252,images/img06183.jpg,66.0,69.36126895672415,3.361268956724146,validation
img06198,3260,images/img06198.jpg,50.0,55.3841861472706,5.384186147270597,validation
img06199,3261,images/img06199.jpg,51.0,50.30350982869192,0.6964901713080778,validation
img06200,3261,images/img06200.jpg,51.0,47.69538314204249,3.3046168579575124,validation
img06201,3262,images/img06201.jpg,32.0,33.73364358546137,1.7336435854613723,validation
img06202,3262,images/img06202.jpg,32.0,33.93283267488965,1.932832674889653,validation
img06216,3271,images/img06216.jpg,67.0,62.697005568267194,4.302994431732806,validation
img06239,3283,images/img06239.jpg,38.0,44.32114352431269,6.3211435243126886,validation
img06244,3286,images/img06244.jpg,51.0,55.389514460865854,4.389514460865854,validation
img06245,3286,images/img06245.jpg,51.0,45.16135198288545,5.838648017114551,validation
img06282,3305,images/img06282.jpg,58.0,61.511230105125705,3.511230105125705,validation
img06283,3305,images/img06283.jpg,58.0,63.1803995568788,5.180399556878797,validation
img06299,3314,images/img06299.jpg,83.0,78.54190106838055,4.458098931619446,validation
img06310,3320,images/img06310.jpg,44.0,51.728695548714455,7.728695548714455,validation
img06311,3320,images/img06311.jpg,44.0,49.512098552709446,5.512098552709446,validation
img06337,3334,images/img06337.jpg,53.0,58.43182611177196,5.4318261117719615,validation
img06338,3334,images/img06338.jpg,53.0,52.85085434205353,0.1491456579464696,validation
img06392,3362,images/img06392.jpg,40.0,39.28257785576142,0.7174221442385829,validation
img06393,3362,images/img06393.jpg,40.0,32.26243410517891,7.737565894821088,validation
img06462,3398,images/img06462.jpg,67.0,72.39029765419149,5.390297654191485,validation
img06463,3398,images/img06463.jpg,67.0,66.08129352521867,0.9187064747813308,validation
img06473,3404,images/img06473.jpg,42.0,40.906983202304346,1.093016797695654,validation
img06474,3404,images/img06474.jpg,42.0,34.92044367710439,7.079556322895613,validation
img06499,3417,images/img06499.jpg,64.0,69.63638852569785,5.636388525697853,validation
img06558,3448,images/img06558.jpg,36.0,40.675344090061515,4.675344090061515,validation
img06559,3448,images/img06559.jpg,36.0,45.96443824354998,9.964438243549978,validation
img06572,3455,images/img06572.jpg,87.0,85.87549280098358,1.1245071990164206,validation
img06573,3455,images/img06573.jpg,87.0,88.862240713196,1.8622407131960017,validation
img06587,3464,images/img06587.jpg,55.0,53.9506234485145,1.0493765514855014,validation
img06588,3464,images/img06588.jpg,55.0,60.42589168325761,5.4258916832576105,validation
img06616,3481,images/img06616.jpg,57.0,52.60541164621662,4.3945883537833765,validation
img06617,3481,images/img06617.jpg,57.0,62.96288930279159,5.962889302791588,validation
img06639,3493,images/img06639.jpg,86.0,86.22114214663998,0.221142146639977,validation
img06640,3493,images/img06640.jpg,86.0,83.952323451286,2.0476765487139943,validation
img06656,3502,images/img06656.jpg,73.0,75.38902046895497,2.3890204689549677,validation
img06657,3502,images/img06657.jpg,73.0,73.95569661388363,0.9556966138836316,validation
img06692,3521,images/img06692.jpg,75.0,83.00421872138539,8.004218721385385,validation
img06695,3523,images/img06695.jpg,85.0,84.84169662816487,0.1583033718351316,validation
img06755,3555,images/img06755.jpg,49.0,58.66727527156143,9.66727527156143,validation
img06756,3555,images/img06756.jpg,49.0,58.337751010131406,9.337751010131406,validation
img06774,3565,images/img06774.jpg,58.0,61.74891774282829,3.74891774282829,validation
img06782,3569,images/img06782.jpg,25.0,37.18386385081649,12.183863850816492,validation
img06783,3569,images/img06783.jpg,25.0,28.340513921576814,3.3405139215768145,validation
img06834,3595,images/img06834.jpg,67.0,70.09320161153848,3.0932016115384755,validation
img06835,3595,images/img06835.jpg,67.0,68.95827749573726,1.9582774957372635,validation
img06906,3632,images/img06906.jpg,87.0,82.14786486596694,4.8521351340330625,validation
img06907,3632,images/img06907.jpg,87.0,68.20832577535386,18.791674224646144,validation
img06908,3633,images/img06908.jpg,82.0,77.50079998688364,4.499200013116365,validation
img06909,3633,images/img06909.jpg,82.0,72.2706598709452,9.729340129054805,validation
img06910,3634,images/img06910.jpg,51.0,54.37502986330527,3.375029863305272,validation
img06911,3634,images/img06911.jpg,51.0,59.80729308338857,8.807293083388572,validation
img06924,3641,images/img06924.jpg,72.0,59.94241944334747,12.057580556652532,validation
img06925,3641,images/img06925.jpg,72.0,67.70565688325995,4.294343116740052,validation
img06939,3649,images/img06939.jpg,70.0,76.19985006369166,6.199850063691656,validation
img06971,3667,images/img06971.jpg,59.0,53.51268773865347,5.487312261346524,validation
img06997,3681,images/img06997.jpg,75.0,68.62567839451854,6.374321605481455,validation
img06998,3681,images/img06998.jpg,75.0,72.47152195677724,2.528478043222762,validation
img07005,3685,images/img07005.jpg,78.0,71.59616530517943,6.403834694820574,validation
img07006,3685,images/img07006.jpg,78.0,73.17986034549054,4.820139654509461,validation
img07103,3737,images/img07103.jpg,80.0,76.79539970267602,3.204600297323978,validation
img07104,3737,images/img07104.jpg,80.0,75.00815313120583,4.99184686879417,validation
img07129,3750,images/img07129.jpg,53.0,43.710111579625725,9.289888420374275,validation
img07130,3750,images/img07130.jpg,53.0,35.70112225581867,17.298877744181333,validation
img07135,3753,images/img07135.jpg,34.0,32.777062631277815,1.2229373687221852,validation
img07136,3753,images/img07136.jpg,34.0,32.87638016094205,1.1236198390579517,validation
img07139,3755,images/img07139.jpg,80.0,79.46017760294683,0.5398223970531717,validation
img07140,3755,images/img07140.jpg,80.0,84.73015989921267,4.730159899212666,validation
img07151,3761,images/img07151.jpg,56.0,54.07686378732036,1.923136212679637,validation
img07152,3761,images/img07152.jpg,56.0,50.91758403118091,5.082415968819092,validation
img07163,3768,images/img07163.jpg,37.0,35.58432660335998,1.4156733966400168,validation
img07164,3768,images/img07164.jpg,37.0,36.59289695687034,0.4071030431296591,validation
img07167,3770,images/img07167.jpg,44.0,56.14489510365693,12.144895103656928,validation
img07168,3770,images/img07168.jpg,44.0,55.01089255367134,11.01089255367134,validation
img07179,3776,images/img07179.jpg,28.0,30.390569251456405,2.390569251456405,validation
img07180,3776,images/img07180.jpg,28.0,27.64042054773472,0.3595794522652795,validation
img07277,3827,images/img07277.jpg,16.0,14.921512284387006,1.0784877156129935,validation
img07281,3829,images/img07281.jpg,22.0,28.967795961711005,6.967795961711005,validation
img07282,3829,images/img07282.jpg,22.0,24.410106607587444,2.410106607587444,validation
img07303,3840,images/img07303.jpg,34.0,39.98306166813842,5.9830616681384186,validation
img07319,3848,images/img07319.jpg,22.0,18.548708085877188,3.4512919141228124,validation
img07320,3848,images/img07320.jpg,22.0,19.40445338067419,2.595546619325809,validation
img07321,3849,images/img07321.jpg,29.0,33.63975511453111,4.639755114531113,validation
img07341,3859,images/img07341.jpg,39.0,33.371560921805056,5.628439078194944,validation
img07342,3859,images/img07342.jpg,39.0,35.36595585764138,3.6340441423586185,validation
img07373,3875,images/img07373.jpg,57.0,58.14648820467538,1.1464882046753786,validation
img07374,3875,images/img07374.jpg,57.0,58.3462789020836,1.346278902083597,validation
img07398,3888,images/img07398.jpg,41.0,46.15563970216917,5.155639702169168,validation
img07399,3888,images/img07399.jpg,41.0,46.00723161570825,5.00723161570825,validation
img07436,3908,images/img07436.jpg,83.0,71.68698697957294,11.313013020427064,validation
img07437,3908,images/img07437.jpg,83.0,32.526012834553796,50.47398716544621,validation
img07444,3912,images/img07444.jpg,73.0,72.82434315663907,0.175656843360926,validation
img07493,3937,images/img07493.jpg,71.0,76.12205027786459,5.122050277864588,validation
img07498,3940,images/img07498.jpg,72.0,71.85787472827266,0.1421252717273375,validation
img07499,3940,images/img07499.jpg,72.0,74.82898328688017,2.828983286880174,validation
img07502,3942,images/img07502.jpg,35.0,30.68662635951708,4.313373640482919,validation
img07503,3942,images/img07503.jpg,35.0,35.12082589434605,0.1208258943460478,validation
img07504,3943,images/img07504.jpg,69.0,53.158841637637515,15.841158362362483,validation
img07505,3943,images/img07505.jpg,69.0,69.1252499529836,0.1252499529835944,validation
img07542,3963,images/img07542.jpg,54.0,79.40674859784887,25.406748597848875,validation
img07583,3985,images/img07583.jpg,80.0,63.2169202831334,16.783079716866602,validation
img07584,3985,images/img07584.jpg,80.0,64.06118853904188,15.93881146095812,validation
img07611,3999,images/img07611.jpg,47.0,59.69702637028524,12.697026370285244,validation
img07612,3999,images/img07612.jpg,47.0,57.522772460656114,10.522772460656114,validation
img07647,4017,images/img07647.jpg,59.0,64.9254525919287,5.925452591928703,validation
img07648,4017,images/img07648.jpg,59.0,61.468636314676615,2.4686363146766155,validation
img07655,4021,images/img07655.jpg,84.0,68.59610976446719,15.403890235532812,validation
img07673,4030,images/img07673.jpg,78.0,75.74953047236733,2.2504695276326743,validation
img07674,4030,images/img07674.jpg,78.0,63.27575108170452,14.72424891829548,validation
img07692,4040,images/img07692.jpg,57.0,61.30441873938328,4.30441873938328,validation
img07715,4052,images/img07715.jpg,82.0,58.103594496357296,23.896405503642704,validation
img07716,4052,images/img07716.jpg,82.0,52.01821990028326,29.981780099716737,validation
img07721,4055,images/img07721.jpg,65.0,60.88109121096305,4.118908789036951,validation
img07722,4055,images/img07722.jpg,65.0,58.15906144337506,6.840938556624941,validation
img07732,4062,images/img07732.jpg,59.0,58.85857079533045,0.1414292046695564,validation
img07733,4062,images/img07733.jpg,59.0,64.99627138037606,5.996271380376058,validation
img07778,4087,images/img07778.jpg,49.0,50.68084795108085,1.6808479510808496,validation
img07779,4087,images/img07779.jpg,49.0,44.98337308515231,4.016626914847691,validation
img07823,4110,images/img07823.jpg,65.0,61.83585575347095,3.164144246529048,validation
img07824,4110,images/img07824.jpg,65.0,64.14326079123906,0.856739208760942,validation
img07828,4113,images/img07828.jpg,54.0,55.63157817292965,1.6315781729296503,validation
img07829,4113,images/img07829.jpg,54.0,62.460716638444545,8.460716638444545,validation
img07832,4115,images/img07832.jpg,75.0,28.37941817693208,46.62058182306792,validation
img07833,4115,images/img07833.jpg,75.0,21.010017341381804,53.98998265861819,validation
img07861,4130,images/img07861.jpg,64.0,62.22086086720175,1.7791391327982495,validation
img07878,4138,images/img07878.jpg,45.0,44.470007485934474,0.5299925140655262,validation
img07893,4146,images/img07893.jpg,27.0,24.7243332854569,2.2756667145430995,validation
img07904,4152,images/img07904.jpg,77.0,78.50759482660955,1.507594826609548,validation
img07905,4152,images/img07905.jpg,77.0,76.59431076987397,0.4056892301260291,validation
img07935,4168,images/img07935.jpg,71.0,81.72714662300694,10.727146623006943,validation
img07936,4168,images/img07936.jpg,71.0,70.09932647972852,0.9006735202714822,validation
img07957,4179,images/img07957.jpg,80.0,85.70058942467065,5.700589424670653,validation
img07969,4186,images/img07969.jpg,43.0,47.75865599690599,4.758655996905993,validation
img07970,4186,images/img07970.jpg,43.0,55.39177979506088,12.391779795060875,validation
img07981,4192,images/img07981.jpg,34.0,37.812825431017046,3.812825431017046,validation
img07982,4192,images/img07982.jpg,34.0,37.73882751315837,3.7388275131583697,validation
img08001,4203,images/img08001.jpg,83.0,66.02970219869981,16.97029780130019,validation
img08002,4203,images/img08002.jpg,83.0,57.16245345039577,25.837546549604227,validation
img08003,4204,images/img08003.jpg,63.0,59.87909178530971,3.1209082146902887,validation
img08004,4204,images/img08004.jpg,63.0,66.95259037948075,3.9525903794807538,validation
img08049,4227,images/img08049.jpg,61.0,55.521092110803046,5.478907889196954,validation
img08050,4227,images/img08050.jpg,61.0,54.26147386913693,6.738526130863072,validation
img08057,4231,images/img08057.jpg,66.0,70.16774047217177,4.167740472171772,validation
img08058,4231,images/img08058.jpg,66.0,69.52345799661266,3.523457996612663,validation
img08106,4256,images/img08106.jpg,54.0,47.94072904620349,6.0592709537965135,validation
img08107,4256,images/img08107.jpg,54.0,49.99500176662633,4.004998233373669,validation
img08117,4262,images/img08117.jpg,71.0,70.05992272479507,0.9400772752049278,validation
img08118,4262,images/img08118.jpg,71.0,70.62145622438354,0.378543775616464,validation
img08125,4266,images/img08125.jpg,77.0,65.55966109892097,11.44033890107903,validation
img08126,4266,images/img08126.jpg,77.0,73.89731841864207,3.1026815813579276,validation
img08135,4271,images/img08135.jpg,27.0,31.75705177432844,4.757051774328438,validation
img08136,4271,images/img08136.jpg,27.0,32.8439366817901,5.8439366817900975,validation
img08141,4274,images/img08141.jpg,68.0,64.19024756051105,3.809752439488946,validation
img08142,4274,images/img08142.jpg,68.0,63.01217071641399,4.987829283586009,validation
img08161,4284,images/img08161.jpg,70.0,73.3396325926602,3.339632592660194,validation
img08162,4284,images/img08162.jpg,70.0,74.88840410569539,4.888404105695386,validation
img08169,4288,images/img08169.jpg,61.0,62.528633312530495,1.528633312530495,validation
img08170,4288,images/img08170.jpg,61.0,62.95010298607861,1.950102986078612,validation
img08209,4309,images/img08209.jpg,72.0,68.64295148255164,3.357048517448362,validation
img08210,4309,images/img08210.jpg,72.0,63.97677965399265,8.02322034600735,validation
img08244,4327,images/img08244.jpg,34.0,62.992423578614314,28.99242357861431,validation
img08261,4336,images/img08261.jpg,64.0,64.375797475868,0.3757974758679978,validation
img08315,4365,images/img08315.jpg,32.0,37.70742229513834,5.707422295138343,validation
img08316,4365,images/img08316.jpg,32.0,28.907240908045782,3.092759091954214,validation
img08317,4366,images/img08317.jpg,55.0,54.84949775083044,0.1505022491695626,validation
img08318,4366,images/img08318.jpg,55.0,52.94203619054244,2.0579638094575614,validation
img08323,4369,images/img08323.jpg,35.0,34.65752149520999,0.3424785047900087,validation
img08377,4399,images/img08377.jpg,38.0,37.47845735967649,0.5215426403235099,validation
img08378,4399,images/img08378.jpg,38.0,36.60502454488197,1.3949754551180362,validation
img08381,4401,images/img08381.jpg,46.0,57.62924480373777,11.62924480373777,validation
img08382,4401,images/img08382.jpg,46.0,53.24111810663821,7.241118106638204,validation
img08399,4410,images/img08399.jpg,51.0,49.32944311744089,1.6705568825591115,validation
img08422,4422,images/img08422.jpg,33.0,29.011956959351885,3.9880430406481153,validation
img08432,4429,images/img08432.jpg,54.0,52.244899461583394,1.755100538416606,validation
img08433,4429,images/img08433.jpg,54.0,52.56059846353699,1.4394015364630093,validation
img08442,4434,images/img08442.jpg,62.0,66.2790866332931,4.279086633293105,validation
img08456,4442,images/img08456.jpg,72.0,37.41913033335849,34.58086966664151,validation
img08457,4442,images/img08457.jpg,72.0,67.9287652406982,4.071234759301802,validation
img08493,4463,images/img08493.jpg,33.0,37.10215531719863,4.10215531719863,validation
img08494,4463,images/img08494.jpg,33.0,48.15359657167869,15.15359657167869,validation
img08524,4479,images/img08524.jpg,78.0,66.72604878040036,11.273951219599638,validation
img08525,4479,images/img08525.jpg,78.0,78.26967597949523,0.2696759794952328,validation
img08532,4483,images/img08532.jpg,54.0,62.67082164769373,8.670821647693728,validation
img08533,4483,images/img08533.jpg,54.0,59.47786520465554,5.4778652046555365,validation
img08538,4486,images/img08538.jpg,16.0,15.920306405978645,0.0796935940213572,validation
img08581,4508,images/img08581.jpg,75.0,77.88504385453241,2.8850438545324124,validation
img08582,4508,images/img08582.jpg,75.0,53.80983818367294,21.190161816327063,validation
img08653,4548,images/img08653.jpg,70.0,67.60057220562759,2.3994277943724143,validation
img08654,4548,images/img08654.jpg,70.0,67.65086897756284,2.349131022437163,validation
img08655,4549,images/img08655.jpg,64.0,62.34683836889334,1.6531616311066628,validation
img08656,4549,images/img08656.jpg,64.0,60.37022801738305,3.629771982616951,validation
img08724,4584,images/img08724.jpg,55.0,53.69655484211276,1.3034451578872392,validation
img08725,4584,images/img08725.jpg,55.0,60.59409980212419,5.594099802124191,validation
img08728,4586,images/img08728.jpg,64.0,56.98893235464314,7.01106764535686,validation
img08729,4586,images/img08729.jpg,64.0,61.96221769534006,2.0377823046599417,validation
img08741,4593,images/img08741.jpg,36.0,37.08010753669117,1.0801075366911732,validation
img08742,4593,images/img08742.jpg,36.0,38.57691146260823,2.57691146260823,validation
img08778,4612,images/img08778.jpg,78.0,78.76159363394359,0.7615936339435905,validation
img08779,4612,images/img08779.jpg,78.0,78.33465454907548,0.3346545490754806,validation
img08857,4653,images/img08857.jpg,76.0,77.65770829105702,1.6577082910570198,validation
img08858,4653,images/img08858.jpg,76.0,76.52780534568794,0.5278053456879377,validation
img08870,4660,images/img08870.jpg,63.0,63.33898903703418,0.3389890370341817,validation
img08871,4660,images/img08871.jpg,63.0,67.28589619625987,4.28589619625987,validation
img08886,4668,images/img08886.jpg,81.0,73.29323584363227,7.706764156367726,validation
img08887,4668,images/img08887.jpg,81.0,79.93033103560023,1.0696689643997672,validation
img08890,4670,images/img08890.jpg,33.0,35.78922831023475,2.7892283102347477,validation
img08891,4670,images/img08891.jpg,33.0,40.59500754436799,7.595007544367988,validation
img08903,4676,images/img08903.jpg,64.0,60.68142334355481,3.318576656445188,validation
img08926,4689,images/img08926.jpg,79.0,73.64736141357162,5.352638586428384,validation
img08934,4693,images/img08934.jpg,81.0,71.75591137769868,9.24408862230132,validation
img08935,4693,images/img08935.jpg,81.0,81.67207515859734,0.6720751585973375,validation
img08954,4704,images/img08954.jpg,82.0,79.42213274861254,2.5778672513874596,validation
img08955,4704,images/img08955.jpg,82.0,81.21233923679708,0.787660763202922,validation
img08971,4713,images/img08971.jpg,63.0,61.41042389222083,1.5895761077791732,validation
img08972,4713,images/img08972.jpg,63.0,60.63314201969919,2.366857980300807,validation
img08979,4717,images/img08979.jpg,68.0,71.83253548547931,3.832535485479312,validation
img08980,4717,images/img08980.jpg,68.0,69.80609841513026,1.8060984151302648,validation
img08993,4724,images/img08993.jpg,48.0,48.92135141676548,0.9213514167654822,validation
img08994,4724,images/img08994.jpg,48.0,49.82347655612869,1.8234765561286892,validation
img09017,4737,images/img09017.jpg,56.0,61.27541831736736,5.275418317367361,validation
img09018,4737,images/img09018.jpg,56.0,59.758341034116846,3.758341034116846,validation
img09019,4738,images/img09019.jpg,62.0,60.23750645342825,1.762493546571747,validation
img09020,4738,images/img09020.jpg,62.0,52.87198955428143,9.128010445718571,validation
img09021,4739,images/img09021.jpg,60.0,65.40115177863238,5.401151778632382,validation
img09022,4739,images/img09022.jpg,60.0,70.65942037354581,10.659420373545814,validation
img09066,4762,images/img09066.jpg,66.0,66.44275890337009,0.4427589033700911,validation
img09067,4762,images/img09067.jpg,66.0,66.83372911086255,0.8337291108625493,validation
img09102,4782,images/img09102.jpg,70.0,75.60112674834815,5.60112674834815,validation
img09103,4782,images/img09103.jpg,70.0,72.28178627857959,2.281786278579588,validation
img09112,4787,images/img09112.jpg,58.0,48.6321515218004,9.367848478199598,validation
img09161,4812,images/img09161.jpg,52.0,30.472005132466094,21.527994867533906,validation
img09162,4812,images/img09162.jpg,52.0,26.624126491139982,25.375873508860018,validation
img09163,4813,images/img09163.jpg,78.0,70.10813643080387,7.891863569196133,validation
img09164,4813,images/img09164.jpg,78.0,77.98408000670501,0.015919993294986,validation
img09168,4815,images/img09168.jpg,40.0,53.90208719447024,13.90208719447024,validation
img09190,4827,images/img09190.jpg,69.0,75.62758495744544,6.6275849574454355,validation
img09191,4827,images/img09191.jpg,69.0,66.90103068066445,2.098969319335552,validation
img09211,4838,images/img09211.jpg,77.0,73.10514916840887,3.894850831591128,validation
img09212,4838,images/img09212.jpg,77.0,76.29216369315711,0.7078363068428928,validation
img09218,4842,images/img09218.jpg,49.0,50.85185239509688,1.851852395096877,validation
img09219,4842,images/img09219.jpg,49.0,51.92159236125128,2.921592361251278,validation
img09222,4844,images/img09222.jpg,58.0,60.121142410048314,2.1211424100483143,validation
img09223,4844,images/img09223.jpg,58.0,62.42630951520851,4.426309515208516,validation
img09246,4856,images/img09246.jpg,58.0,60.42058559084992,2.4205855908499174,validation
img09247,4856,images/img09247.jpg,58.0,63.77192920580822,5.77192920580822,validation
img09268,4867,images/img09268.jpg,31.0,52.06258211554897,21.06258211554897,validation
img09269,4867,images/img09269.jpg,31.0,30.665379087067222,0.3346209129327739,validation
img09322,4895,images/img09322.jpg,68.0,72.00927763098177,4.009277630981771,validation
img09323,4895,images/img09323.jpg,68.0,76.47887838045617,8.478878380456166,validation
img09459,4966,images/img09459.jpg,64.0,64.67077324368465,0.6707732436846499,validation
img09460,4966,images/img09460.jpg,64.0,58.72468391412831,5.275316085871687,validation
img09481,4978,images/img09481.jpg,54.0,52.61161013061088,1.3883898693891226,validation
img09497,4986,images/img09497.jpg,60.0,64.85397834661129,4.853978346611285,validation
img09498,4986,images/img09498.jpg,60.0,70.97298396027219,10.972983960272188,validation
img09511,4993,images/img09511.jpg,54.0,47.70584209609208,6.294157903907923,validation
img09512,4993,images/img09512.jpg,54.0,47.9271116843408,6.072888315659199,validation
img09545,5011,images/img09545.jpg,64.0,66.50085572112,2.500855721120004,validation
img09575,5027,images/img09575.jpg,62.0,69.9070300482349,7.907030048234901,validation
img09576,5027,images/img09576.jpg,62.0,64.6147725791864,2.6147725791863934,validation
img09596,5038,images/img09596.jpg,68.0,63.915817802636035,4.084182197363965,validation
img09597,5038,images/img09597.jpg,68.0,63.90550717160529,4.0944928283947135,validation
img09607,5044,images/img09607.jpg,62.0,55.32014263981008,6.679857360189921,validation
img09608,5044,images/img09608.jpg,62.0,62.6536810688282,0.6536810688281989,validation
img09626,5054,images/img09626.jpg,78.0,78.86243365577188,0.8624336557718806,validation
img09636,5059,images/img09636.jpg,69.0,69.5307301869779,0.5307301869779053,validation
img09637,5059,images/img09637.jpg,69.0,69.82168105699267,0.8216810569926736,validation
img09701,5093,images/img09701.jpg,46.0,45.6598896426603,0.3401103573396966,validation
img09702,5093,images/img09702.jpg,46.0,47.31394214320574,1.3139421432057432,validation
img09716,5101,images/img09716.jpg,73.0,73.07328153156539,0.0732815315653852,validation
img09717,5101,images/img09717.jpg,73.0,61.7480643401647,11.251935659835295,validation
img09720,5103,images/img09720.jpg,68.0,57.6044349159832,10.395565084016802,validation
img09721,5103,images/img09721.jpg,68.0,65.98054184283544,2.019458157164564,validation
img09722,5104,images/img09722.jpg,55.0,58.89512260398237,3.895122603982372,validation
img09723,5104,images/img09723.jpg,55.0,57.42268468737378,2.4226846873737813,validation
img09730,5108,images/img09730.jpg,65.0,65.36050472780566,0.3605047278056617,validation
img09731,5108,images/img09731.jpg,65.0,68.76852436777268,3.768524367772685,validation
img09767,5129,images/img09767.jpg,71.0,67.81251489345587,3.1874851065441305,validation
img09771,5131,images/img09771.jpg,32.0,47.12998670030141,15.129986700301409,validation
img09772,5131,images/img09772.jpg,32.0,44.515885104396425,12.515885104396425,validation
img09789,5140,images/img09789.jpg,80.0,74.98044072011092,5.01955927988908,validation
img09790,5140,images/img09790.jpg,80.0,80.10829248356646,0.1082924835664584,validation
img09820,5157,images/img09820.jpg,39.0,38.03642892559175,0.9635710744082502,validation
img09821,5157,images/img09821.jpg,39.0,35.23467907985731,3.765320920142692,validation
img09863,5179,images/img09863.jpg,77.0,72.497275631535,4.502724368464996,validation
img09864,5179,images/img09864.jpg,77.0,75.78930939728963,1.210690602710372,validation
img09902,5199,images/img09902.jpg,54.0,46.44181151726786,7.558188482732142,validation
img09903,5199,images/img09903.jpg,54.0,53.764759982658155,0.2352400173418445,validation
img09967,5232,images/img09967.jpg,27.0,28.683624326145893,1.6836243261458923,validation
img09968,5232,images/img09968.jpg,27.0,28.731331988913908,1.731331988913908,validation
img09992,5245,images/img09992.jpg,55.0,74.53395135262623,19.533951352626232,validation
img09993,5245,images/img09993.jpg,55.0,69.64783557279947,14.647835572799464,validation
img09997,5248,images/img09997.jpg,48.0,53.869634172477,5.869634172476999,validation
img10029,5264,images/img10029.jpg,80.0,79.80948703721538,0.1905129627846236,validation
img10030,5265,images/img10030.jpg,84.0,75.10483356484379,8.895166435156213,validation
img10041,5271,images/img10041.jpg,45.0,54.31215808042839,9.31215808042839,validation
img10073,5289,images/img10073.jpg,65.0,56.233223506274975,8.766776493725025,validation
img10074,5289,images/img10074.jpg,65.0,54.37364833253965,10.626351667460348,validation
img10088,5297,images/img10088.jpg,14.0,19.563944250352208,5.563944250352208,validation
img10089,5297,images/img10089.jpg,14.0,18.090145660902515,4.090145660902515,validation
img10124,5315,images/img10124.jpg,59.0,62.90534978697278,3.905349786972778,validation
img10125,5315,images/img10125.jpg,59.0,45.3023068376493,13.697693162350705,validation
img10136,5321,images/img10136.jpg,57.0,53.0411644992966,3.958835500703401,validation
img10137,5321,images/img10137.jpg,57.0,52.902330881824355,4.097669118175645,validation
img10188,5347,images/img10188.jpg,72.0,78.98842097295736,6.988420972957357,validation
img10189,5347,images/img10189.jpg,72.0,82.48269099368923,10.482690993689232,validation
img10196,5351,images/img10196.jpg,66.0,61.909449054859095,4.090550945140905,validation
img10197,5351,images/img10197.jpg,66.0,66.0413619148358,0.0413619148358037,validation
img10200,5354,images/img10200.jpg,78.0,65.94102793624829,12.05897206375171,validation
img10201,5354,images/img10201.jpg,78.0,69.9346159485196,8.065384051480393,validation
img10208,5358,images/img10208.jpg,71.0,71.57264956302956,0.5726495630295574,validation
img10209,5358,images/img10209.jpg,71.0,66.67230131705605,4.3276986829439466,validation
img10214,5361,images/img10214.jpg,44.0,36.05240351374953,7.947596486250468,validation
img10215,5361,images/img10215.jpg,44.0,48.56445842285317,4.564458422853164,validation
img10234,5371,images/img10234.jpg,60.0,64.22115382425812,4.221153824258124,validation
img10235,5371,images/img10235.jpg,60.0,66.86085259232378,6.860852592323781,validation
img10244,5376,images/img10244.jpg,60.0,60.94817029623668,0.9481702962366824,validation
img10245,5376,images/img10245.jpg,60.0,58.34680566692259,1.6531943330774084,validation
img10274,5391,images/img10274.jpg,57.0,48.71001020059084,8.289989799409163,validation
img10275,5391,images/img10275.jpg,57.0,55.816236786910466,1.1837632130895344,validation
img10293,5401,images/img10293.jpg,86.0,83.2607412012607,2.7392587987393,validation
img10351,5431,images/img10351.jpg,59.0,59.65665224471931,0.6566522447193108,validation
img10352,5431,images/img10352.jpg,59.0,56.726830925262504,2.2731690747374955,validation
img10362,5437,images/img10362.jpg,59.0,64.74620858609363,5.74620858609363,validation
img10363,5437,images/img10363.jpg,59.0,62.084542197387314,3.0845421973873144,validation
img10423,5470,images/img10423.jpg,58.0,63.61369090221216,5.613690902212163,validation
img10424,5470,images/img10424.jpg,58.0,73.2553087752247,15.255308775224703,validation
img10440,5479,images/img10440.jpg,68.0,60.068433480488544,7.931566519511456,validation
img10441,5479,images/img10441.jpg,68.0,59.01519363222306,8.98480636777694,validation
img10442,5480,images/img10442.jpg,59.0,58.01132735416155,0.9886726458384488,validation
img10443,5480,images/img10443.jpg,59.0,61.77653254428946,2.7765325442894593,validation
img10488,5505,images/img10488.jpg,69.0,60.22542167187612,8.77457832812388,validation
img10489,5505,images/img10489.jpg,69.0,71.55004338998054,2.5500433899805444,validation
img10496,5509,images/img10496.jpg,77.0,68.22161813530761,8.778381864692392,validation
img10497,5509,images/img10497.jpg,77.0,63.563155831897376,13.436844168102624,validation
img10522,5522,images/img10522.jpg,17.0,29.968437577375635,12.968437577375637,validation
img10523,5522,images/img10523.jpg,17.0,22.117346832014853,5.117346832014853,validation
img10543,5533,images/img10543.jpg,50.0,51.95765884826066,1.9576588482606567,validation
img10544,5533,images/img10544.jpg,50.0,45.64693100949896,4.353068990501036,validation
img10604,5564,images/img10604.jpg,72.0,63.942381255640086,8.057618744359914,validation
img10605,5564,images/img10605.jpg,72.0,66.26483889860032,5.735161101399683,validation
img10615,5570,images/img10615.jpg,74.0,77.33051643636362,3.3305164363636237,validation
img10616,5570,images/img10616.jpg,74.0,76.52379626173735,2.5237962617373455,validation
img10623,5574,images/img10623.jpg,35.0,32.82628624254728,2.1737137574527168,validation
img10624,5574,images/img10624.jpg,35.0,32.072454130244346,2.9275458697556545,validation
img10645,5586,images/img10645.jpg,21.0,30.872512182887295,9.872512182887297,validation
img10646,5586,images/img10646.jpg,21.0,24.91436124725051,3.914361247250511,validation
img10672,5600,images/img10672.jpg,48.0,47.2126167997349,0.7873832002650971,validation
img10673,5600,images/img10673.jpg,48.0,47.19651829913782,0.8034817008621786,validation
img10694,5612,images/img10694.jpg,54.0,53.29386711613138,0.7061328838686194,validation
img10695,5612,images/img10695.jpg,54.0,52.87475070724442,1.1252492927555835,validation
img10709,5620,images/img10709.jpg,49.0,46.79149830274611,2.2085016972538867,validation
img10710,5620,images/img10710.jpg,49.0,43.57857523655867,5.42142476344133,validation
img10731,5632,images/img10731.jpg,62.0,48.36812782336898,13.63187217663102,validation
img10732,5632,images/img10732.jpg,62.0,65.47620976983166,3.476209769831655,validation
img10765,5649,images/img10765.jpg,66.0,53.29266526343454,12.707334736565455,validation
img10801,5667,images/img10801.jpg,57.0,57.25115279688724,0.25115279688724,validation
img10802,5667,images/img10802.jpg,57.0,54.07606573313623,2.9239342668637676,validation
img10810,5672,images/img10810.jpg,58.0,50.0727181207553,7.927281879244703,validation
img10811,5672,images/img10811.jpg,58.0,53.08727169125463,4.912728308745372,validation
img10839,5687,images/img10839.jpg,54.0,52.79212742412612,1.2078725758738784,validation
img10840,5687,images/img10840.jpg,54.0,48.7885368782713,5.211463121728698,validation
img10841,5688,images/img10841.jpg,55.0,49.39624955010635,5.603750449893653,validation
img10842,5688,images/img10842.jpg,55.0,50.34059767237153,4.65940232762847,validation
img10868,5703,images/img10868.jpg,82.0,78.80762830030785,3.1923716996921456,validation
img10875,5707,images/img10875.jpg,75.0,66.15803869075732,8.841961309242677,validation
img10886,5713,images/img10886.jpg,77.0,78.10464917126083,1.1046491712608315,validation
img10887,5713,images/img10887.jpg,77.0,75.01961544685349,1.9803845531465072,validation
img10909,5725,images/img10909.jpg,53.0,61.54551453468805,8.545514534688053,validation
img10910,5725,images/img10910.jpg,53.0,70.79360908118518,17.79360908118518,validation
img10926,5735,images/img10926.jpg,71.0,64.56939773213391,6.430602267866092,validation
img10927,5735,images/img10927.jpg,71.0,66.23349693598539,4.766503064014614,validation
img10945,5745,images/img10945.jpg,66.0,58.83739005011698,7.16260994988302,validation
img10946,5745,images/img10946.jpg,66.0,63.14826199395321,2.851738006046787,validation
img10955,5750,images/img10955.jpg,53.0,45.80591583593621,7.194084164063796,validation
img10956,5750,images/img10956.jpg,53.0,46.394206371880514,6.605793628119486,validation
img10965,5755,images/img10965.jpg,68.0,62.47146133242751,5.528538667572491,validation
img10987,5767,images/img10987.jpg,19.0,17.38310727982499,1.6168927201750094,validation
img10988,5767,images/img10988.jpg,19.0,18.73329608283249,0.2667039171675114,validation
img11032,5792,images/img11032.jpg,66.0,67.65417570839479,1.6541757083947886,validation
img11033,5792,images/img11033.jpg,66.0,68.41223284551401,2.412232845514012,validation
img11042,5797,images/img11042.jpg,57.0,66.81892516484908,9.818925164849077,validation
img11043,5797,images/img11043.jpg,57.0,64.70462306498958,7.704623064989576,validation
img11050,5802,images/img11050.jpg,52.0,58.43154964202727,6.431549642027271,validation
img11051,5802,images/img11051.jpg,52.0,52.976750865920486,0.9767508659204864,validation
img11058,5807,images/img11058.jpg,84.0,69.72615667041337,14.273843329586626,validation
img11082,5821,images/img11082.jpg,65.0,67.14034769035348,2.1403476903534795,validation
img11089,5825,images/img11089.jpg,70.0,63.34767683974107,6.652323160258931,validation
img11090,5825,images/img11090.jpg,70.0,73.29258365859351,3.2925836585935144,validation
img11134,5849,images/img11134.jpg,74.0,71.66800163316049,2.331998366839514,validation
img11135,5849,images/img11135.jpg,74.0,69.76373038104074,4.2362696189592555,validation
img11138,5852,images/img11138.jpg,74.0,73.41077092996433,0.589229070035671,validation
img11150,5859,images/img11150.jpg,57.0,55.16675864324997,1.8332413567500296,validation
img11151,5859,images/img11151.jpg,57.0,51.39889713508691,5.601102864913088,validation
img11177,5874,images/img11177.jpg,69.0,72.38681206324858,3.386812063248584,validation
img11187,5880,images/img11187.jpg,80.0,78.43137860713077,1.5686213928692323,validation
img11188,5880,images/img11188.jpg,80.0,76.69431974655254,3.3056802534474627,validation
img11205,5888,images/img11205.jpg,63.0,56.44249167650651,6.557508323493487,validation
img11206,5888,images/img11206.jpg,63.0,60.75709971086942,2.242900289130582,validation
img11208,5890,images/img11208.jpg,68.0,63.19024122542348,4.8097587745765225,validation
img11209,5890,images/img11209.jpg,68.0,63.83492831745313,4.165071682546873,validation
img11214,5893,images/img11214.jpg,53.0,49.375086799965025,3.624913200034974,validation
img11215,5893,images/img11215.jpg,53.0,51.31846188914922,1.6815381108507808,validation
img11249,5913,images/img11249.jpg,66.0,64.86568277777502,1.134317222224979,validation
img11250,5913,images/img11250.jpg,66.0,57.71515764057369,8.284842359426307,validation
img11275,5926,images/img11275.jpg,59.0,59.90395688521744,0.9039568852174398,validation
img11276,5926,images/img11276.jpg,59.0,55.29967569912482,3.700324300875181,validation
img11285,5932,images/img11285.jpg,60.0,46.16601140738415,13.833988592615851,validation
img11286,5932,images/img11286.jpg,60.0,58.09689024137488,1.9031097586251209,validation
img11301,5941,images/img11301.jpg,65.0,64.37955190228257,0.6204480977174285,validation
img11302,5941,images/img11302.jpg,65.0,56.52556285969688,8.474437140303117,validation
img11318,5951,images/img11318.jpg,82.0,75.95077645307168,6.049223546928317,validation
img11319,5951,images/img11319.jpg,82.0,79.09033415545142,2.9096658445485843,validation
img11320,5952,images/img11320.jpg,56.0,47.462101570488,8.537898429511998,validation
img11321,5952,images/img11321.jpg,56.0,50.07867285371784,5.9213271462821595,validation
img11324,5954,images/img11324.jpg,47.0,51.01668234814817,4.016682348148173,validation
img11325,5954,images/img11325.jpg,47.0,52.235509851063064,5.235509851063064,validation
img11351,5968,images/img11351.jpg,49.0,45.43401985960645,3.565980140393549,validation
img11363,5975,images/img11363.jpg,70.0,68.77956134535161,1.2204386546483903,validation
img11364,5975,images/img11364.jpg,70.0,66.55278186504171,3.447218134958291,validation
img11390,5989,images/img11390.jpg,62.0,62.49591336363385,0.4959133636338535,validation
img11391,5989,images/img11391.jpg,62.0,58.30535947130131,3.694640528698691,validation
img11396,5992,images/img11396.jpg,66.0,68.51703396443385,2.5170339644338497,validation
img11409,6001,images/img11409.jpg,61.0,67.96900876566482,6.9690087656648245,validation
img11410,6001,images/img11410.jpg,61.0,63.89250818585794,2.892508185857942,validation
img11417,6005,images/img11417.jpg,77.0,67.53820891986496,9.461791080135043,validation
img11418,6005,images/img11418.jpg,77.0,64.12322791350601,12.876772086493986,validation
img11426,6010,images/img11426.jpg,67.0,71.33636881278515,4.336368812785153,validation
img11427,6010,images/img11427.jpg,67.0,57.21489395346279,9.785106046537209,validation
img11428,6011,images/img11428.jpg,70.0,70.92541371441868,0.9254137144186814,validation
img11429,6011,images/img11429.jpg,70.0,58.431667427954,11.568332572045996,validation
img11457,6026,images/img11457.jpg,70.0,67.34404100086881,2.6559589991311867,validation
img11458,6026,images/img11458.jpg,70.0,67.63424589334763,2.365754106652375,validation
img11459,6027,images/img11459.jpg,74.0,79.09504995496242,5.09504995496242,validation
img11460,6027,images/img11460.jpg,74.0,77.84521912397194,3.845219123971944,validation
img11466,6030,images/img11466.jpg,68.0,65.76774956948009,2.232250430519912,validation
img11475,6036,images/img11475.jpg,59.0,69.77190995928599,10.771909959285992,validation
img11476,6036,images/img11476.jpg,59.0,74.90066474817979,15.900664748179793,validation
img11509,6056,images/img11509.jpg,25.0,32.89041413599003,7.890414135990028,validation
img11510,6056,images/img11510.jpg,25.0,34.69497305746891,9.694973057468909,validation
img11556,6080,images/img11556.jpg,83.0,83.05074416244436,0.05074416244436,validation
img11557,6080,images/img11557.jpg,83.0,82.75594998126475,0.2440500187352512,validation
img11634,6121,images/img11634.jpg,49.0,56.96893246787568,7.968932467875682,validation
img11649,6131,images/img11649.jpg,60.0,64.78588717485611,4.785887174856114,validation
img11650,6131,images/img11650.jpg,60.0,73.66417862644386,13.664178626443857,validation
img11666,6141,images/img11666.jpg,72.0,66.69984795536519,5.300152044634814,validation
img11667,6141,images/img11667.jpg,72.0,67.6006223737075,4.399377626292505,validation
img11682,6150,images/img11682.jpg,61.0,62.66775266993611,1.6677526699361067,validation
img11683,6150,images/img11683.jpg,61.0,57.46152364242939,3.538476357570609,validation
img11707,6163,images/img11707.jpg,67.0,72.82051075157857,5.820510751578567,validation
img11708,6163,images/img11708.jpg,67.0,70.63040577359426,3.630405773594262,validation
img11740,6180,images/img11740.jpg,14.0,30.755011996089088,16.755011996089088,validation
img11741,6180,images/img11741.jpg,14.0,15.873885663521214,1.8738856635212144,validation
img11788,6205,images/img11788.jpg,32.0,37.872680312784475,5.872680312784475,validation
img11789,6205,images/img11789.jpg,32.0,34.13127578678198,2.131275786781977,validation
img11821,6222,images/img11821.jpg,72.0,75.1218667185817,3.1218667185816997,validation
img11822,6222,images/img11822.jpg,72.0,77.35000564479597,5.350005644795971,validation
img11827,6225,images/img11827.jpg,88.0,83.65169450429144,4.3483054957085585,validation
img11828,6225,images/img11828.jpg,88.0,84.58793121146343,3.4120687885365726,validation
img11847,6235,images/img11847.jpg,39.0,41.32136717987122,2.321367179871217,validation
img11848,6235,images/img11848.jpg,39.0,46.81113147175557,7.811131471755573,validation
img11877,6251,images/img11877.jpg,72.0,73.23336787453965,1.2333678745396526,validation
img11878,6251,images/img11878.jpg,72.0,73.86806388439534,1.8680638843953403,validation
img11901,6263,images/img11901.jpg,63.0,63.412830997600985,0.4128309976009845,validation
img11902,6263,images/img11902.jpg,63.0,66.83255997647869,3.832559976478691,validation
img11982,6305,images/img11982.jpg,83.0,72.79112752530077,10.208872474699234,validation
img11983,6305,images/img11983.jpg,83.0,71.23678299295446,11.76321700704554,validation
img11986,6307,images/img11986.jpg,83.0,63.490758930153895,19.509241069846105,validation
img11987,6307,images/img11987.jpg,83.0,54.949133193435806,28.05086680656419,validation
img12008,6318,images/img12008.jpg,36.0,37.38011047329736,1.380110473297357,validation
img12009,6318,images/img12009.jpg,36.0,39.492882446719776,3.4928824467197757,validation
img12023,6327,images/img12023.jpg,24.0,20.95519017370912,3.04480982629088,validation
img12024,6327,images/img12024.jpg,24.0,29.60823512610529,5.6082351261052885,validation
img12029,6330,images/img12029.jpg,11.0,15.594030664048724,4.594030664048724,validation
img12030,6330,images/img12030.jpg,11.0,24.262935273357208,13.262935273357208,validation
img12061,6346,images/img12061.jpg,75.0,71.6786045477872,3.3213954522127977,validation
img12062,6346,images/img12062.jpg,75.0,73.99361277618686,1.0063872238131353,validation
img12063,6347,images/img12063.jpg,40.0,43.87347411633982,3.873474116339821,validation
img12064,6347,images/img12064.jpg,40.0,39.7080118982324,0.2919881017676005,validation
img12078,6355,images/img12078.jpg,77.0,73.76739836023629,3.2326016397637147,validation
img12079,6355,images/img12079.jpg,77.0,81.76877304200224,4.768773042002238,validation
img12080,6356,images/img12080.jpg,32.0,27.909574477641563,4.090425522358437,validation
img12081,6356,images/img12081.jpg,32.0,28.239966183344492,3.760033816655507,validation
img12094,6363,images/img12094.jpg,25.0,46.03005372962293,21.030053729622928,validation
img12095,6363,images/img12095.jpg,25.0,39.59714698530674,14.597146985306743,validation
img12104,6368,images/img12104.jpg,25.0,31.02166624688418,6.02166624688418,validation
img12105,6368,images/img12105.jpg,25.0,29.03864855908178,4.0386485590817784,validation
img12116,6374,images/img12116.jpg,89.0,78.91457574055926,10.085424259440742,validation
img12118,6375,images/img12118.jpg,58.0,49.22867834773246,8.771321652267538,validation
img12119,6375,images/img12119.jpg,58.0,46.16231641923816,11.83768358076184,validation
img12166,6403,images/img12166.jpg,58.0,54.38957587995141,3.610424120048592,validation
img12167,6403,images/img12167.jpg,58.0,60.392499645681816,2.3924996456818164,validation
img12176,6408,images/img12176.jpg,76.0,71.97660076119722,4.0233992388027815,validation
img12177,6408,images/img12177.jpg,76.0,71.52001015988486,4.479989840115138,validation
img12208,6426,images/img12208.jpg,71.0,68.15536573274196,2.844634267258044,validation
img12209,6426,images/img12209.jpg,71.0,76.24948156326296,5.249481563262961,validation
img12286,6466,images/img12286.jpg,63.0,61.56030648398676,1.439693516013243,validation
img12287,6466,images/img12287.jpg,63.0,57.82094712519818,5.179052874801819,validation
img12294,6470,images/img12294.jpg,37.0,65.68371803564057,28.683718035640567,validation
img12295,6470,images/img12295.jpg,37.0,64.6363154070635,27.636315407063503,validation
img12304,6475,images/img12304.jpg,37.0,43.86364335389946,6.863643353899462,validation
img12335,6493,images/img12335.jpg,71.0,80.52804662690394,9.528046626903944,validation
img12340,6496,images/img12340.jpg,82.0,81.7925854301898,0.2074145698101972,validation
img12341,6496,images/img12341.jpg,82.0,79.03089152442755,2.9691084755724546,validation
img12348,6500,images/img12348.jpg,85.0,84.18199946474998,0.8180005352500217,validation
img12349,6500,images/img12349.jpg,85.0,83.99773646970363,1.002263530296375,validation
img12404,6530,images/img12404.jpg,62.0,66.16305658935818,4.1630565893581775,validation
img12405,6530,images/img12405.jpg,62.0,67.7499836536866,5.7499836536865985,validation
img12422,6539,images/img12422.jpg,43.0,42.71169044680207,0.2883095531979265,validation
img12423,6539,images/img12423.jpg,43.0,44.90489930207784,1.9048993020778369,validation
img12470,6563,images/img12470.jpg,88.0,84.41237565011174,3.5876243498882587,validation
img12471,6563,images/img12471.jpg,88.0,77.35051386925761,10.649486130742387,validation
img12548,6603,images/img12548.jpg,8.0,12.080786203008742,4.080786203008742,validation
img12549,6603,images/img12549.jpg,8.0,15.3344261190906,7.334426119090601,validation
img12552,6605,images/img12552.jpg,48.0,46.77313896672205,1.226861033277956,validation
img12553,6605,images/img12553.jpg,48.0,53.915116444657095,5.9151164446570945,validation
img12558,6608,images/img12558.jpg,38.0,44.41667881699632,6.416678816996324,validation
img12559,6608,images/img12559.jpg,38.0,49.76946516505967,11.769465165059673,validation
img12584,6622,images/img12584.jpg,65.0,57.83349732475247,7.1665026752475285,validation
img12585,6622,images/img12585.jpg,65.0,57.84581781448438,7.154182185515623,validation
img12620,6640,images/img12620.jpg,51.0,52.092799658807785,1.0927996588077846,validation
img12621,6640,images/img12621.jpg,51.0,47.89455696292471,3.1054430370752897,validation
img12625,6642,images/img12625.jpg,80.0,79.76743309893047,0.2325669010695321,validation
img12626,6643,images/img12626.jpg,77.0,75.93024025862395,1.0697597413760462,validation
img12627,6643,images/img12627.jpg,77.0,74.7029392579522,2.2970607420478046,validation
img12646,6653,images/img12646.jpg,16.0,16.857830033461205,0.8578300334612052,validation
img12647,6653,images/img12647.jpg,16.0,14.52865695676163,1.4713430432383705,validation
img12667,6664,images/img12667.jpg,34.0,41.292073383648905,7.292073383648905,validation
img12668,6664,images/img12668.jpg,34.0,39.61534927342851,5.615349273428507,validation
img12719,6691,images/img12719.jpg,73.0,53.408315502286285,19.591684497713715,validation
img12720,6691,images/img12720.jpg,73.0,61.91058547092997,11.089414529070028,validation
img12727,6695,images/img12727.jpg,58.0,66.24647520013451,8.246475200134512,validation
img12728,6695,images/img12728.jpg,58.0,59.94772090066082,1.9477209006608192,validation
img12757,6710,images/img12757.jpg,51.0,54.809936947994686,3.809936947994686,validation
img12758,6710,images/img12758.jpg,51.0,48.44308984085017,2.5569101591498296,validation
img12771,6717,images/img12771.jpg,71.0,69.02515590869127,1.974844091308725,validation
img12772,6717,images/img12772.jpg,71.0,71.25888094154183,0.2588809415418325,validation
img12777,6720,images/img12777.jpg,57.0,72.58934932670525,15.589349326705246,validation
img12778,6720,images/img12778.jpg,57.0,69.76677972781057,12.766779727810572,validation
img12789,6726,images/img12789.jpg,59.0,71.47285216477492,12.47285216477492,validation
img12790,6726,images/img12790.jpg,59.0,74.8741127465853,15.874112746585295,validation
img12817,6740,images/img12817.jpg,41.0,44.028120494475786,3.028120494475786,validation
img12818,6740,images/img12818.jpg,41.0,40.72840228761236,0.2715977123876385,validation
img12823,6743,images/img12823.jpg,49.0,58.245023085027846,9.245023085027846,validation
img12824,6743,images/img12824.jpg,49.0,58.448147914855134,9.448147914855134,validation
img12843,6754,images/img12843.jpg,39.0,34.78506184165164,4.21493815834836,validation
img12844,6754,images/img12844.jpg,39.0,38.63747524115691,0.3625247588430866,validation
img12868,6767,images/img12868.jpg,45.0,48.079251839702415,3.0792518397024153,validation
img12869,6767,images/img12869.jpg,45.0,46.88921263507428,1.88921263507428,validation
img12880,6773,images/img12880.jpg,44.0,43.48625288220977,0.5137471177902313,validation
img12881,6773,images/img12881.jpg,44.0,44.938542452705754,0.9385424527057538,validation
img12882,6774,images/img12882.jpg,51.0,41.7912828594503,9.208717140549702,validation
img12883,6774,images/img12883.jpg,51.0,49.30196082514729,1.6980391748527095,validation
img12938,6805,images/img12938.jpg,63.0,69.63476133493226,6.634761334932264,validation
img12939,6805,images/img12939.jpg,63.0,66.7644884357113,3.7644884357113,validation
img12940,6806,images/img12940.jpg,48.0,47.38384590950007,0.6161540904999327,validation
img12941,6806,images/img12941.jpg,48.0,46.409603609969366,1.5903963900306337,validation
img12944,6808,images/img12944.jpg,62.0,74.15297059139209,12.15297059139209,validation
img12945,6808,images/img12945.jpg,62.0,57.93246722234129,4.0675327776587125,validation
img12952,6812,images/img12952.jpg,48.0,41.06814052472353,6.931859475276468,validation
img12953,6812,images/img12953.jpg,48.0,40.00595358112079,7.994046418879208,validation
img12963,6818,images/img12963.jpg,76.0,67.96431477836248,8.035685221637522,validation
img12964,6818,images/img12964.jpg,76.0,76.8571304343877,0.8571304343876989,validation
img12968,6821,images/img12968.jpg,51.0,48.860548249226824,2.1394517507731763,validation
img12969,6821,images/img12969.jpg,51.0,56.12218000589096,5.122180005890961,validation
img12994,6835,images/img12994.jpg,66.0,48.54685706107982,17.45314293892018,validation
img13033,6856,images/img13033.jpg,77.0,56.71770006206733,20.28229993793267,validation
img13034,6856,images/img13034.jpg,77.0,48.46162694637477,28.538373053625236,validation
img13044,6862,images/img13044.jpg,60.0,66.03087133308367,6.030871333083667,validation
img13045,6862,images/img13045.jpg,60.0,62.89450475683002,2.894504756830017,validation
img13052,6866,images/img13052.jpg,68.0,77.2823987040729,9.282398704072904,validation
img13096,6889,images/img13096.jpg,85.0,80.42238392574225,4.577616074257747,validation
img13097,6889,images/img13097.jpg,85.0,72.86628585265984,12.133714147340156,validation
img13112,6897,images/img13112.jpg,64.0,57.949327241673,6.0506727583270035,validation
img13113,6897,images/img13113.jpg,64.0,63.69279560342195,0.3072043965780437,validation
img13129,6906,images/img13129.jpg,83.0,65.82020356885121,17.179796431148787,validation
img13182,6936,images/img13182.jpg,26.0,31.485987094943507,5.485987094943507,validation
img13183,6936,images/img13183.jpg,26.0,28.66596298079875,2.6659629807987493,validation
img13226,6961,images/img13226.jpg,70.0,57.83929255593923,12.160707444060767,validation
img13227,6961,images/img13227.jpg,70.0,68.33382013662376,1.666179863376243,validation
img13233,6965,images/img13233.jpg,79.0,72.84245819592621,6.157541804073787,validation
img13234,6965,images/img13234.jpg,79.0,73.58047209451328,5.419527905486717,validation
img13276,6988,images/img13276.jpg,56.0,69.75312092275144,13.753120922751435,validation
img13323,7012,images/img13323.jpg,37.0,39.7716642855265,2.771664285526498,validation
img13324,7012,images/img13324.jpg,37.0,38.473940387994446,1.4739403879944462,validation
img13342,7022,images/img13342.jpg,75.0,70.36335017815993,4.6366498218400665,validation
img13343,7022,images/img13343.jpg,75.0,70.53071961760378,4.469280382396221,validation
img13344,7023,images/img13344.jpg,45.0,56.73774677692025,11.737746776920249,validation
img13345,7023,images/img13345.jpg,45.0,59.08116193077099,14.081161930770987,validation
img13358,7030,images/img13358.jpg,55.0,52.3879973658475,2.6120026341525033,validation
img13359,7030,images/img13359.jpg,55.0,57.513099155096974,2.513099155096974,validation
img13360,7031,images/img13360.jpg,19.0,26.164704665144345,7.164704665144345,validation
img13361,7031,images/img13361.jpg,19.0,28.940070463290912,9.940070463290912,validation
img13415,7060,images/img13415.jpg,82.0,65.99142395373292,16.00857604626708,validation
img13423,7065,images/img13423.jpg,68.0,74.92638788584546,6.9263878858454575,validation
img13424,7065,images/img13424.jpg,68.0,73.489711494304,5.489711494304004,validation
img13437,7072,images/img13437.jpg,64.0,59.60936637553614,4.3906336244638595,validation
img13438,7072,images/img13438.jpg,64.0,68.63712762284102,4.637127622841021,validation
img13442,7075,images/img13442.jpg,53.0,57.45481557031046,4.454815570310458,validation
img13443,7075,images/img13443.jpg,53.0,56.19508049700173,3.195080497001733,validation
img13478,7094,images/img13478.jpg,67.0,74.05241412827631,7.052414128276311,validation
img13479,7094,images/img13479.jpg,67.0,80.07343439291651,13.07343439291651,validation
img13482,7096,images/img13482.jpg,74.0,62.764761922619535,11.235238077380464,validation
img13483,7096,images/img13483.jpg,74.0,66.90429814952081,7.0957018504791876,validation
img13513,7112,images/img13513.jpg,33.0,58.58953737787641,25.58953737787641,validation
img13514,7112,images/img13514.jpg,33.0,35.167704693185215,2.167704693185214,validation
img13539,7125,images/img13539.jpg,40.0,46.49394487717177,6.493944877171771,validation
img13540,7125,images/img13540.jpg,40.0,47.592771968871496,7.592771968871496,validation
img13543,7127,images/img13543.jpg,45.0,45.30581424080086,0.3058142408008635,validation
img13544,7127,images/img13544.jpg,45.0,44.81236536930499,0.1876346306950083,validation
img13585,7149,images/img13585.jpg,66.0,61.67360563939821,4.326394360601796,validation
img13586,7149,images/img13586.jpg,66.0,66.72211822040092,0.7221182204009153,validation
img13597,7155,images/img13597.jpg,52.0,48.47932755369749,3.5206724463025125,validation
img13598,7155,images/img13598.jpg,52.0,48.783408828016746,3.2165911719832536,validation
img13611,7162,images/img13611.jpg,55.0,58.05401943587589,3.0540194358758868,validation
img13612,7162,images/img13612.jpg,55.0,59.731727958338105,4.731727958338105,validation
img13623,7168,images/img13623.jpg,47.0,64.13052573321642,17.130525733216416,validation
img13624,7168,images/img13624.jpg,47.0,54.32496784526566,7.324967845265661,validation
img13627,7170,images/img13627.jpg,50.0,58.951728284618184,8.951728284618184,validation
img13628,7170,images/img13628.jpg,50.0,51.15501810195789,1.155018101957893,validation
img13657,7185,images/img13657.jpg,58.0,56.51420483367184,1.4857951663281597,validation
img13658,7185,images/img13658.jpg,58.0,56.2472189009789,1.7527810990210997,validation
img13690,7202,images/img13690.jpg,56.0,59.87340588781883,3.8734058878188335,validation
img13691,7202,images/img13691.jpg,56.0,60.07883163300651,4.078831633006509,validation
img13697,7206,images/img13697.jpg,38.0,38.46350978981611,0.4635097898161078,validation
img13698,7206,images/img13698.jpg,38.0,43.99879179871962,5.998791798719623,validation
img13707,7211,images/img13707.jpg,36.0,29.891643334367515,6.108356665632485,validation
img13732,7224,images/img13732.jpg,37.0,44.19515620712721,7.195156207127212,validation
img13733,7224,images/img13733.jpg,37.0,58.715141618147406,21.71514161814741,validation
img13742,7229,images/img13742.jpg,47.0,52.14734872082013,5.147348720820133,validation
img13743,7229,images/img13743.jpg,47.0,59.216631015058354,12.216631015058354,validation
img13752,7234,images/img13752.jpg,64.0,63.58549044294863,0.4145095570513675,validation
img13753,7234,images/img13753.jpg,64.0,64.39908800696352,0.3990880069635238,validation
img13764,7240,images/img13764.jpg,63.0,58.175478674871094,4.824521325128906,validation
img13765,7240,images/img13765.jpg,63.0,59.318783586542395,3.681216413457605,validation
img13766,7241,images/img13766.jpg,34.0,39.333441745121675,5.333441745121675,validation
img13767,7241,images/img13767.jpg,34.0,45.232459783097475,11.232459783097475,validation
img13805,7261,images/img13805.jpg,46.0,39.11271746208929,6.887282537910707,validation
img13806,7261,images/img13806.jpg,46.0,40.94901096593887,5.050989034061132,validation
img13811,7264,images/img13811.jpg,68.0,51.6143990300623,16.3856009699377,validation
img13812,7264,images/img13812.jpg,68.0,65.93864168062154,2.0613583193784564,validation
img13827,7272,images/img13827.jpg,26.0,28.60446345849881,2.6044634584988096,validation
img13828,7272,images/img13828.jpg,26.0,22.434836616298945,3.565163383701055,validation
img13829,7273,images/img13829.jpg,57.0,57.49411980704192,0.494119807041919,validation
img13830,7273,images/img13830.jpg,57.0,63.932836233133095,6.932836233133095,validation
img13859,7288,images/img13859.jpg,63.0,57.29401160567148,5.7059883943285215,validation
img13860,7288,images/img13860.jpg,63.0,62.34581537630746,0.6541846236925366,validation
img13903,7311,images/img13903.jpg,69.0,63.60563183641973,5.394368163580268,validation
img13904,7311,images/img13904.jpg,69.0,60.03698491070382,8.963015089296178,validation
img13945,7332,images/img13945.jpg,67.0,64.9000348251842,2.099965174815793,validation
img13946,7332,images/img13946.jpg,67.0,70.46780230174133,3.4678023017413295,validation
img13953,7336,images/img13953.jpg,86.0,71.75904797330313,14.240952026696874,validation
img13954,7336,images/img13954.jpg,86.0,76.8560703610471,9.143929638952898,validation
img13983,7351,images/img13983.jpg,92.0,84.59758529501369,7.402414704986313,validation
img13984,7351,images/img13984.jpg,92.0,84.78886527758402,7.211134722415977,validation
img14005,7362,images/img14005.jpg,70.0,62.010266173868295,7.989733826131705,validation
img14006,7362,images/img14006.jpg,70.0,62.17265370485556,7.827346295144437,validation
img14007,7363,images/img14007.jpg,74.0,78.53283591446396,4.532835914463959,validation
img14045,7382,images/img14045.jpg,45.0,57.75929355417462,12.75929355417462,validation
img14046,7382,images/img14046.jpg,45.0,50.81184444198371,5.811844441983716,validation
img14058,7389,images/img14058.jpg,60.0,59.09094525165752,0.9090547483424772,validation
img14059,7389,images/img14059.jpg,60.0,57.91081587872611,2.089184121273888,validation
img14089,7405,images/img14089.jpg,63.0,54.48410508451087,8.515894915489127,validation
img14090,7405,images/img14090.jpg,63.0,56.092675994507744,6.907324005492256,validation
img14132,7426,images/img14132.jpg,63.0,64.36858908621306,1.3685890862130634,validation
img14133,7426,images/img14133.jpg,63.0,67.49503819649696,4.495038196496964,validation
img14154,7438,images/img14154.jpg,47.0,46.4158113645523,0.5841886354477026,validation
img14155,7438,images/img14155.jpg,47.0,43.18996020229563,3.81003979770437,validation
img14173,7448,images/img14173.jpg,57.0,52.79661855788798,4.203381442112018,validation
img14174,7448,images/img14174.jpg,57.0,47.5179866302804,9.482013369719596,validation
img14183,7453,images/img14183.jpg,31.0,54.350939369457365,23.350939369457365,validation
img14184,7453,images/img14184.jpg,31.0,49.89806176770538,18.89806176770538,validation
img14203,7463,images/img14203.jpg,34.0,48.18678820958747,14.186788209587476,validation
img14204,7463,images/img14204.jpg,34.0,36.540981719052965,2.540981719052965,validation
img14231,7477,images/img14231.jpg,53.0,57.70804222545815,4.708042225458151,validation
img14232,7477,images/img14232.jpg,53.0,61.023430050365995,8.023430050365995,validation
img14269,7496,images/img14269.jpg,88.0,67.67490603149955,20.325093968500457,validation
img14270,7496,images/img14270.jpg,88.0,77.71300660243662,10.286993397563378,validation
img14321,7521,images/img14321.jpg,68.0,65.98947721411055,2.0105227858894494,validation
img14322,7521,images/img14322.jpg,68.0,66.96488592149902,1.0351140785009818,validation
img14346,7534,images/img14346.jpg,67.0,70.16797168158351,3.1679716815835093,validation
img14347,7534,images/img14347.jpg,67.0,67.5760421957753,0.576042195775301,validation
img14350,7536,images/img14350.jpg,79.0,73.5276865495706,5.472313450429397,validation
img14351,7536,images/img14351.jpg,79.0,75.77141029886816,3.2285897011318383,validation
img14362,7542,images/img14362.jpg,87.0,77.84653003771206,9.153469962287945,validation
img14372,7547,images/img14372.jpg,47.0,51.25888565834735,4.258885658347353,validation
img14373,7547,images/img14373.jpg,47.0,49.81487273042512,2.8148727304251224,validation
img14374,7548,images/img14374.jpg,53.0,53.16849435792473,0.1684943579247289,validation
img14375,7548,images/img14375.jpg,53.0,49.849668110975195,3.1503318890248053,validation
img14394,7559,images/img14394.jpg,89.0,69.8381579994099,19.1618420005901,validation
img14395,7559,images/img14395.jpg,89.0,79.63471017171264,9.36528982828736,validation
img14426,7575,images/img14426.jpg,61.0,60.17722214380295,0.8227778561970496,validation
img14427,7575,images/img14427.jpg,61.0,67.75758957084425,6.757589570844246,validation
img14429,7576,images/img14429.jpg,59.0,58.90254066349299,0.0974593365070077,validation
img14440,7582,images/img14440.jpg,64.0,62.5586872642244,1.4413127357755968,validation
img14441,7582,images/img14441.jpg,64.0,68.11449619738697,4.11449619738697,validation
img14456,7590,images/img14456.jpg,91.0,86.83380564453427,4.166194355465734,validation
img14457,7590,images/img14457.jpg,91.0,62.550275931262206,28.44972406873779,validation
img14504,7614,images/img14504.jpg,67.0,71.12077476122819,4.120774761228191,validation
img14505,7614,images/img14505.jpg,67.0,74.54891452776288,7.548914527762875,validation
img14645,7685,images/img14645.jpg,63.0,57.48350734957393,5.516492650426073,validation
img14646,7685,images/img14646.jpg,63.0,46.80346666163456,16.19653333836544,validation
img14649,7687,images/img14649.jpg,46.0,46.182052105628294,0.1820521056282942,validation
img14650,7687,images/img14650.jpg,46.0,46.221213745045674,0.2212137450456737,validation
img14659,7692,images/img14659.jpg,53.0,53.66284843607974,0.6628484360797415,validation
img14660,7692,images/img14660.jpg,53.0,55.22239586182154,2.222395861821539,validation
img14675,7700,images/img14675.jpg,57.0,60.53376477911377,3.533764779113767,validation
img14676,7700,images/img14676.jpg,57.0,66.03203283319449,9.032032833194492,validation
img14679,7702,images/img14679.jpg,77.0,74.98251942359565,2.0174805764043526,validation
img14680,7702,images/img14680.jpg,77.0,73.9947579171412,3.0052420828588,validation
img14681,7703,images/img14681.jpg,58.0,67.42228575575243,9.422285755752426,validation
img14682,7703,images/img14682.jpg,58.0,60.24510500896548,2.245105008965482,validation
img14689,7707,images/img14689.jpg,66.0,67.6462382456656,1.6462382456656002,validation
img14690,7707,images/img14690.jpg,66.0,74.65189650848099,8.651896508480988,validation
img14729,7728,images/img14729.jpg,87.0,81.05778665115832,5.942213348841676,validation
img14730,7728,images/img14730.jpg,87.0,73.61851258640584,13.381487413594158,validation
img14778,7753,images/img14778.jpg,60.0,58.9697258106312,1.0302741893687966,validation
img14779,7753,images/img14779.jpg,60.0,57.54962165359353,2.450378346406467,validation
img14811,7770,images/img14811.jpg,79.0,74.55956106680689,4.440438933193107,validation
img14854,7793,images/img14854.jpg,66.0,58.6710864097185,7.328913590281502,validation
img14855,7793,images/img14855.jpg,66.0,62.49244849428917,3.507551505710836,validation
img14915,7823,images/img14915.jpg,67.0,59.03937900917861,7.96062099082139,validation
img14916,7823,images/img14916.jpg,67.0,57.55902775959665,9.440972240403347,validation
img14931,7831,images/img14931.jpg,73.0,67.59629701273141,5.403702987268588,validation
img14937,7834,images/img14937.jpg,69.0,62.97370706767354,6.026292932326463,validation
img14938,7834,images/img14938.jpg,69.0,69.13816278050676,0.1381627805067609,validation
img14959,7845,images/img14959.jpg,63.0,61.02247358501652,1.9775264149834797,validation
img14960,7845,images/img14960.jpg,63.0,65.54473391392861,2.54473391392861,validation
img14989,7861,images/img14989.jpg,60.0,65.62963466428299,5.629634664282989,validation
img14990,7861,images/img14990.jpg,60.0,62.84242701805817,2.842427018058167,validation
img14999,7866,images/img14999.jpg,68.0,62.65075223451118,5.349247765488819,validation
img15000,7866,images/img15000.jpg,68.0,47.84602261744871,20.15397738255129,validation
img15005,7869,images/img15005.jpg,49.0,53.73492524366122,4.734925243661223,validation
img15006,7869,images/img15006.jpg,49.0,54.88905773570836,5.889057735708363,validation
img15007,7870,images/img15007.jpg,61.0,52.85585397292964,8.144146027070363,validation
img15008,7870,images/img15008.jpg,61.0,53.580296587944794,7.419703412055206,validation
img15021,7877,images/img15021.jpg,57.0,49.95649122163727,7.043508778362728,validation
img15022,7877,images/img15022.jpg,57.0,61.087964196194925,4.087964196194925,validation
img15027,7880,images/img15027.jpg,59.0,59.43368021358514,0.4336802135851414,validation
img15028,7880,images/img15028.jpg,59.0,58.983846216555975,0.0161537834440252,validation
img15053,7893,images/img15053.jpg,74.0,67.29842731013159,6.701572689868414,validation
img15054,7893,images/img15054.jpg,74.0,79.94119787795165,5.941197877951652,validation
img15064,7899,images/img15064.jpg,64.0,55.450455999603165,8.549544000396835,validation
img15065,7899,images/img15065.jpg,64.0,57.44295204634986,6.557047953650141,validation
img15072,7903,images/img15072.jpg,64.0,69.37465074673338,5.37465074673338,validation
img15073,7903,images/img15073.jpg,64.0,73.41444410590167,9.414444105901666,validation
img15082,7908,images/img15082.jpg,54.0,85.82358846927053,31.823588469270533,validation
img15083,7908,images/img15083.jpg,54.0,82.39488594775257,28.39488594775257,validation
img15098,7917,images/img15098.jpg,58.0,53.37584830235742,4.624151697642581,validation
img15099,7917,images/img15099.jpg,58.0,61.49810351795773,3.4981035179577304,validation
img15110,7923,images/img15110.jpg,73.0,73.29771825251066,0.2977182525106627,validation
img15111,7923,images/img15111.jpg,73.0,67.38734695993045,5.612653040069546,validation
img15140,7938,images/img15140.jpg,42.0,45.5558105078469,3.5558105078469,validation
img15141,7938,images/img15141.jpg,42.0,43.73123888492798,1.7312388849279827,validation
img15174,7957,images/img15174.jpg,57.0,56.45108520957413,0.5489147904258758,validation
img15175,7957,images/img15175.jpg,57.0,58.558920398546626,1.5589203985466256,validation
img15188,7964,images/img15188.jpg,39.0,61.43905296138441,22.439052961384412,validation
img15189,7964,images/img15189.jpg,39.0,67.40195241484517,28.40195241484517,validation
img15190,7965,images/img15190.jpg,75.0,58.2977347411137,16.7022652588863,validation
img15191,7965,images/img15191.jpg,75.0,77.22691935136147,2.226919351361474,validation
img15192,7966,images/img15192.jpg,71.0,67.58309190161228,3.4169080983877222,validation
img15193,7966,images/img15193.jpg,71.0,50.10319959173882,20.89680040826118,validation
img15211,7977,images/img15211.jpg,58.0,61.70593842159124,3.7059384215912416,validation
img15212,7978,images/img15212.jpg,47.0,39.594808716539035,7.405191283460965,validation
img15213,7978,images/img15213.jpg,47.0,45.90972668058316,1.0902733194168377,validation
img15226,7985,images/img15226.jpg,65.0,72.614455178866,7.614455178865995,validation
img15227,7985,images/img15227.jpg,65.0,69.36072801394953,4.360728013949526,validation
img15246,7995,images/img15246.jpg,78.0,58.633718006505084,19.366281993494916,validation
img15247,7995,images/img15247.jpg,78.0,55.10979019831898,22.890209801681017,validation
img15257,8001,images/img15257.jpg,40.0,35.893084960519886,4.106915039480114,validation
img15258,8001,images/img15258.jpg,40.0,35.576753404515316,4.4232465954846845,validation
img15271,8008,images/img15271.jpg,77.0,71.8399996232807,5.160000376719296,validation
img15272,8008,images/img15272.jpg,77.0,64.8166838322547,12.183316167745303,validation
img15283,8014,images/img15283.jpg,76.0,66.54904107125755,9.450958928742452,validation
img15284,8014,images/img15284.jpg,76.0,64.81913061676045,11.180869383239552,validation
img15300,8023,images/img15300.jpg,64.0,61.27716765650141,2.722832343498588,validation
img15301,8023,images/img15301.jpg,64.0,64.71379237220249,0.7137923722024908,validation
img15340,8045,images/img15340.jpg,64.0,61.80557495480704,2.1944250451929577,validation
img15341,8045,images/img15341.jpg,64.0,66.92599257224808,2.9259925722480773,validation
img15375,8063,images/img15375.jpg,54.0,66.5092403341266,12.509240334126602,validation
img15376,8063,images/img15376.jpg,54.0,66.46867289786147,12.468672897861468,validation
img15381,8066,images/img15381.jpg,54.0,57.849139404883466,3.8491394048834664,validation
img15388,8070,images/img15388.jpg,62.0,71.67052966814349,9.670529668143487,validation
img15389,8070,images/img15389.jpg,62.0,64.10357293228789,2.1035729322878893,validation
img15404,8078,images/img15404.jpg,58.0,62.6418877529142,4.641887752914201,validation
img15405,8078,images/img15405.jpg,58.0,64.5689167729331,6.568916772933093,validation
img15410,8081,images/img15410.jpg,51.0,57.42225962195763,6.422259621957636,validation
img15411,8081,images/img15411.jpg,51.0,58.70570402076804,7.705704020768039,validation
img15412,8082,images/img15412.jpg,53.0,49.3505420668719,3.6494579331280974,validation
img15413,8082,images/img15413.jpg,53.0,52.52992831694861,0.4700716830513869,validation
img15422,8088,images/img15422.jpg,72.0,68.6610905152683,3.338909484731701,validation
img15423,8088,images/img15423.jpg,72.0,62.636251478198005,9.363748521801996,validation
img15424,8089,images/img15424.jpg,68.0,70.6841510557177,2.684151055717706,validation
img15425,8089,images/img15425.jpg,68.0,68.91675795656438,0.916757956564382,validation
img15428,8091,images/img15428.jpg,71.0,45.64987347644639,25.350126523553612,validation
img15429,8091,images/img15429.jpg,71.0,59.1573088964873,11.8426911035127,validation
img15446,8100,images/img15446.jpg,87.0,80.67867737742671,6.321322622573291,validation
img15447,8100,images/img15447.jpg,87.0,85.47780388792047,1.522196112079527,validation
img15476,8115,images/img15476.jpg,53.0,58.330967004261105,5.330967004261105,validation
img15477,8115,images/img15477.jpg,53.0,51.726252036039995,1.2737479639600051,validation
img15505,8130,images/img15505.jpg,45.0,52.5100835695152,7.510083569515203,validation
img15506,8130,images/img15506.jpg,45.0,45.76915790191249,0.769157901912493,validation
img15511,8133,images/img15511.jpg,71.0,63.64269132422808,7.357308675771918,validation
img15512,8133,images/img15512.jpg,71.0,53.15205204238874,17.84794795761126,validation
img15513,8134,images/img15513.jpg,57.0,61.18190937886768,4.1819093788676795,validation
img15514,8134,images/img15514.jpg,57.0,59.21048978771182,2.210489787711822,validation
img15523,8139,images/img15523.jpg,91.0,77.6105110339715,13.389488966028496,validation
img15524,8139,images/img15524.jpg,91.0,74.72306320165637,16.276936798343627,validation
img15554,8155,images/img15554.jpg,59.0,62.03838429204416,3.0383842920441637,validation
img15555,8155,images/img15555.jpg,59.0,68.15874444386246,9.15874444386246,validation
img15585,8171,images/img15585.jpg,64.0,59.86139608573394,4.138603914266056,validation
img15586,8171,images/img15586.jpg,64.0,64.67698645131975,0.676986451319749,validation
img15587,8172,images/img15587.jpg,77.0,75.12152426690582,1.8784757330941773,validation
img15588,8172,images/img15588.jpg,77.0,73.63038060913448,3.369619390865523,validation
img15598,8178,images/img15598.jpg,72.0,79.2350385288829,7.235038528882896,validation
img15599,8178,images/img15599.jpg,72.0,77.71744756811857,5.717447568118573,validation
img15608,8183,images/img15608.jpg,65.0,61.31234202417684,3.687657975823157,validation
img15609,8183,images/img15609.jpg,65.0,67.46215847317194,2.4621584731719395,validation
img15612,8185,images/img15612.jpg,76.0,74.9624630977383,1.0375369022617065,validation
img15617,8188,images/img15617.jpg,43.0,55.49064199486946,12.490641994869463,validation
img15618,8188,images/img15618.jpg,43.0,47.8069602235807,4.8069602235807025,validation
img15621,8190,images/img15621.jpg,51.0,58.677787120217005,7.677787120217005,validation
img15622,8190,images/img15622.jpg,51.0,52.57371632582151,1.5737163258215077,validation
img15636,8198,images/img15636.jpg,71.0,67.70991244516834,3.2900875548316577,validation
img15637,8198,images/img15637.jpg,71.0,67.22478056883223,3.77521943116777,validation
img15640,8200,images/img15640.jpg,60.0,57.26825002398807,2.7317499760119333,validation
img15641,8200,images/img15641.jpg,60.0,62.305036361618384,2.3050363616183844,validation
img15734,8249,images/img15734.jpg,68.0,63.92411298558714,4.0758870144128565,validation
img15735,8249,images/img15735.jpg,68.0,69.22647605090505,1.226476050905049,validation
img15751,8259,images/img15751.jpg,76.0,69.13971362854205,6.860286371457946,validation
img15752,8259,images/img15752.jpg,76.0,71.72279172007846,4.277208279921538,validation
img15771,8270,images/img15771.jpg,45.0,44.06799975555788,0.932000244442122,validation
img15772,8270,images/img15772.jpg,45.0,46.18560531441803,1.1856053144180263,validation
img15788,8279,images/img15788.jpg,74.0,76.53228775456634,2.5322877545663403,validation
img15789,8279,images/img15789.jpg,74.0,78.92539241483078,4.925392414830782,validation
img15798,8284,images/img15798.jpg,58.0,64.4353377165256,6.435337716525595,validation
img15799,8284,images/img15799.jpg,58.0,61.33232636974563,3.33232636974563,validation
img15802,8286,images/img15802.jpg,59.0,57.040998164863375,1.9590018351366256,validation
img15803,8286,images/img15803.jpg,59.0,55.32222147962111,3.677778520378886,validation
img15812,8291,images/img15812.jpg,70.0,68.15610298539447,1.8438970146055311,validation
img15813,8291,images/img15813.jpg,70.0,76.51583480557863,6.515834805578635,validation
img15814,8292,images/img15814.jpg,48.0,51.361793477556034,3.3617934775560343,validation
img15815,8292,images/img15815.jpg,48.0,40.82321123374781,7.176788766252187,validation
img15816,8293,images/img15816.jpg,68.0,65.03865795484293,2.9613420451570676,validation
img15817,8293,images/img15817.jpg,68.0,70.14956217747954,2.149562177479538,validation
img15818,8294,images/img15818.jpg,73.0,70.5438178489005,2.4561821510994974,validation
img15819,8294,images/img15819.jpg,73.0,77.087384471381,4.087384471381,validation
img15829,8300,images/img15829.jpg,15.0,13.477256150338292,1.5227438496617085,validation
img15830,8300,images/img15830.jpg,15.0,16.89590978732935,1.8959097873293516,validation
img15886,8330,images/img15886.jpg,71.0,67.17179871401169,3.828201285988314,validation
img15887,8330,images/img15887.jpg,71.0,67.578980300281,3.4210196997189968,validation
img15917,8346,images/img15917.jpg,60.0,61.06344127531045,1.0634412753104527,validation
img15918,8346,images/img15918.jpg,60.0,55.80398500563582,4.196014994364177,validation
img15962,8369,images/img15962.jpg,73.0,58.74811867845356,14.251881321546442,validation
img15963,8369,images/img15963.jpg,73.0,73.42756633062791,0.4275663306279114,validation
img15971,8373,images/img15971.jpg,75.0,74.10817922092112,0.8918207790788841,validation
img15972,8373,images/img15972.jpg,75.0,78.40745715789993,3.407457157899927,validation
img15975,8375,images/img15975.jpg,73.0,65.82018720969472,7.179812790305277,validation
img15977,8377,images/img15977.jpg,67.0,62.907363053831546,4.092636946168454,validation
img15978,8377,images/img15978.jpg,67.0,61.068582958195414,5.931417041804586,validation
img15985,8381,images/img15985.jpg,89.0,80.49118617549955,8.50881382450045,validation
img15986,8381,images/img15986.jpg,89.0,82.39021159143802,6.6097884085619825,validation
img15991,8384,images/img15991.jpg,73.0,67.80992360306777,5.190076396932227,validation
img15992,8384,images/img15992.jpg,73.0,70.36409833691677,2.6359016630832315,validation
img15994,8386,images/img15994.jpg,70.0,75.9840226215021,5.984022621502106,validation
img15995,8386,images/img15995.jpg,70.0,70.4833871248246,0.4833871248246026,validation
img16010,8395,images/img16010.jpg,54.0,59.42071258288773,5.420712582887731,validation
img16011,8395,images/img16011.jpg,54.0,55.26447093068358,1.2644709306835793,validation
img16045,8413,images/img16045.jpg,59.0,64.62408530167122,5.624085301671215,validation
img16046,8413,images/img16046.jpg,59.0,68.54930076469572,9.549300764695715,validation
img16053,8417,images/img16053.jpg,43.0,44.826069980002295,1.8260699800022948,validation
img16054,8417,images/img16054.jpg,43.0,43.15493633885991,0.1549363388599118,validation
img16069,8425,images/img16069.jpg,65.0,62.37549906575947,2.6245009342405297,validation
img16070,8425,images/img16070.jpg,65.0,62.350803828426635,2.649196171573365,validation
img16096,8439,images/img16096.jpg,80.0,87.22857390285859,7.228573902858585,validation
img16097,8439,images/img16097.jpg,80.0,83.7099723633732,3.709972363373197,validation
img16100,8441,images/img16100.jpg,80.0,81.71128914731548,1.7112891473154832,validation
img16101,8441,images/img16101.jpg,80.0,85.26473787134651,5.264737871346512,validation
img16138,8460,images/img16138.jpg,67.0,58.390697283786594,8.609302716213406,validation
img16139,8460,images/img16139.jpg,67.0,62.40942086735295,4.590579132647051,validation
img16142,8462,images/img16142.jpg,62.0,59.133092982439635,2.866907017560365,validation
img16143,8462,images/img16143.jpg,62.0,64.74680624061075,2.746806240610752,validation
img16158,8470,images/img16158.jpg,48.0,52.61259113469509,4.612591134695087,validation
img16167,8475,images/img16167.jpg,45.0,52.17887281537732,7.178872815377318,validation
img16168,8475,images/img16168.jpg,45.0,62.235372529619255,17.235372529619255,validation
img16179,8481,images/img16179.jpg,62.0,62.84507774671484,0.8450777467148427,validation
img16180,8481,images/img16180.jpg,62.0,59.586574253408365,2.413425746591635,validation
img16183,8483,images/img16183.jpg,79.0,77.16310337250248,1.8368966274975236,validation
img16184,8483,images/img16184.jpg,79.0,73.12525129990439,5.8747487000956085,validation
img16207,8495,images/img16207.jpg,49.0,50.85398399318758,1.8539839931875832,validation
img16208,8495,images/img16208.jpg,49.0,44.36934414299629,4.63065585700371,validation
img16211,8497,images/img16211.jpg,49.0,48.308635024265214,0.6913649757347855,validation
img16233,8508,images/img16233.jpg,19.0,20.929855293357505,1.9298552933575053,validation
img16234,8508,images/img16234.jpg,19.0,23.67999745341659,4.67999745341659,validation
img16241,8512,images/img16241.jpg,22.0,21.86092905074108,0.1390709492589223,validation
img16242,8512,images/img16242.jpg,22.0,25.51990960268186,3.51990960268186,validation
img00003,2,images/img00003.jpg,18.0,17.741560391961286,0.2584396080387137,test
img00004,2,images/img00004.jpg,18.0,18.50312056979034,0.5031205697903403,test
img00009,5,images/img00009.jpg,23.0,22.05870252782772,0.9412974721722804,test
img00010,5,images/img00010.jpg,23.0,23.0827857241328,0.0827857241327976,test
img00051,26,images/img00051.jpg,13.0,18.593479825360376,5.593479825360376,test
img00052,26,images/img00052.jpg,13.0,16.371670802097498,3.3716708020974977,test
img00068,35,images/img00068.jpg,20.0,20.509481683294247,0.509481683294247,test
img00069,35,images/img00069.jpg,20.0,21.788780808176263,1.7887808081762628,test
img00110,56,images/img00110.jpg,15.0,17.67575295845218,2.675752958452179,test
img00111,56,images/img00111.jpg,15.0,16.306683507633785,1.3066835076337853,test
img00128,65,images/img00128.jpg,30.0,32.109923142270176,2.1099231422701763,test
img00129,65,images/img00129.jpg,30.0,37.07569710810134,7.075697108101338,test
img00156,79,images/img00156.jpg,20.0,27.859532908547564,7.859532908547564,test
img00157,79,images/img00157.jpg,20.0,25.474223931656063,5.474223931656066,test
img00164,83,images/img00164.jpg,22.0,20.273150764969937,1.7268492350300662,test
img00165,83,images/img00165.jpg,22.0,21.0588483328955,0.9411516671044992,test
img00217,110,images/img00217.jpg,22.0,28.812146221976963,6.812146221976963,test
img00218,110,images/img00218.jpg,22.0,25.64902915303005,3.6490291530300496,test
img00221,112,images/img00221.jpg,26.0,34.44547410878018,8.445474108780182,test
img00222,112,images/img00222.jpg,26.0,36.28407970674708,10.28407970674708,test
img00225,114,images/img00225.jpg,13.0,18.837724212984355,5.837724212984355,test
img00226,114,images/img00226.jpg,13.0,18.503766211166493,5.503766211166493,test
img00231,117,images/img00231.jpg,19.0,23.23192888202536,4.2319288820253576,test
img00232,117,images/img00232.jpg,19.0,26.460266636068575,7.460266636068578,test
img00273,138,images/img00273.jpg,13.0,18.334996427927074,5.334996427927074,test
img00274,138,images/img00274.jpg,13.0,15.827765929543204,2.8277659295432045,test
img00287,145,images/img00287.jpg,15.0,17.94337130886978,2.9433713088697786,test
img00288,145,images/img00288.jpg,15.0,18.63727437789587,3.6372743778958703,test
img00291,147,images/img00291.jpg,10.0,15.575738945871478,5.575738945871478,test
img00292,147,images/img00292.jpg,10.0,16.165288046255128,6.165288046255128,test
img00293,148,images/img00293.jpg,19.0,19.761890043887213,0.7618900438872132,test
img00294,148,images/img00294.jpg,19.0,20.80434784476241,1.804347844762411,test
img00299,151,images/img00299.jpg,23.0,27.50959964511152,4.509599645111518,test
img00300,151,images/img00300.jpg,23.0,27.442079953223075,4.442079953223075,test
img00305,154,images/img00305.jpg,28.0,27.391059015960515,0.608940984039485,test
img00306,154,images/img00306.jpg,28.0,25.825221630874427,2.1747783691255727,test
img00311,157,images/img00311.jpg,25.0,24.37222752603892,0.6277724739610804,test
img00312,157,images/img00312.jpg,25.0,24.33305498051721,0.6669450194827888,test
img00317,160,images/img00317.jpg,24.0,23.62623254030536,0.3737674596946405,test
img00318,160,images/img00318.jpg,24.0,25.559498761388863,1.559498761388863,test
img00344,174,images/img00344.jpg,76.0,81.90094193912024,5.900941939120244,test
img00345,174,images/img00345.jpg,76.0,80.41695704822914,4.416957048229136,test
img00394,202,images/img00394.jpg,74.0,73.38589192477357,0.6141080752264259,test
img00395,202,images/img00395.jpg,74.0,64.19986838044312,9.80013161955688,test
img00424,218,images/img00424.jpg,38.0,41.37281781764426,3.372817817644261,test
img00425,218,images/img00425.jpg,38.0,37.94620708693623,0.0537929130637735,test
img00427,220,images/img00427.jpg,49.0,57.561302772959266,8.561302772959266,test
img00428,220,images/img00428.jpg,49.0,53.02285178686853,4.022851786868529,test
img00441,227,images/img00441.jpg,41.0,34.57350959235826,6.426490407641737,test
img00442,227,images/img00442.jpg,41.0,36.109900495761465,4.890099504238535,test
img00451,232,images/img00451.jpg,60.0,59.42860533058918,0.5713946694108216,test
img00452,232,images/img00452.jpg,60.0,62.55330401112859,2.5533040111285956,test
img00463,238,images/img00463.jpg,49.0,46.92891521726629,2.0710847827337133,test
img00464,238,images/img00464.jpg,49.0,45.94407436555061,3.0559256344493875,test
img00478,246,images/img00478.jpg,59.0,56.798253571073815,2.201746428926185,test
img00479,246,images/img00479.jpg,59.0,60.47705985292858,1.4770598529285834,test
img00482,248,images/img00482.jpg,37.0,60.93261001188814,23.932610011888137,test
img00483,248,images/img00483.jpg,37.0,60.73702866177123,23.737028661771227,test
img00487,251,images/img00487.jpg,64.0,59.68482189423812,4.3151781057618805,test
img00488,251,images/img00488.jpg,64.0,59.392650358496546,4.607349641503454,test
img00495,255,images/img00495.jpg,87.0,70.72560733948549,16.274392660514508,test
img00509,264,images/img00509.jpg,57.0,56.80639613672751,0.193603863272493,test
img00510,264,images/img00510.jpg,57.0,60.57341610261543,3.5734161026154325,test
img00526,273,images/img00526.jpg,51.0,59.60888432572489,8.608884325724887,test
img00527,273,images/img00527.jpg,51.0,57.21992807489383,6.219928074893829,test
img00530,275,images/img00530.jpg,77.0,80.8837470383081,3.883747038308101,test
img00531,275,images/img00531.jpg,77.0,84.00466620839299,7.00466620839299,test
img00546,283,images/img00546.jpg,53.0,63.83501883811904,10.83501883811904,test
img00547,283,images/img00547.jpg,53.0,53.819883796368536,0.8198837963685364,test
img00575,298,images/img00575.jpg,75.0,70.97905647916146,4.020943520838543,test
img00576,298,images/img00576.jpg,75.0,82.42702405598337,7.427024055983367,test
img00593,307,images/img00593.jpg,11.0,13.650096091712548,2.650096091712548,test
img00594,307,images/img00594.jpg,11.0,13.253759535585992,2.253759535585992,test
img00609,316,images/img00609.jpg,62.0,58.94993014066727,3.05006985933273,test
img00610,316,images/img00610.jpg,62.0,72.44479981995522,10.444799819955222,test
img00611,317,images/img00611.jpg,78.0,74.6845690158238,3.315430984176203,test
img00635,329,images/img00635.jpg,68.0,62.36593332165426,5.634066678345739,test
img00636,329,images/img00636.jpg,68.0,62.20232048984586,5.79767951015414,test
img00645,334,images/img00645.jpg,68.0,70.92637999526205,2.926379995262053,test
img00646,334,images/img00646.jpg,68.0,63.07978747263094,4.92021252736906,test
img00651,337,images/img00651.jpg,30.0,30.245413365305797,0.2454133653057972,test
img00652,337,images/img00652.jpg,30.0,29.498218708096267,0.5017812919037326,test
img00655,339,images/img00655.jpg,52.0,48.87684142378614,3.1231585762138607,test
img00656,339,images/img00656.jpg,52.0,45.24573033084257,6.754269669157431,test
img00669,346,images/img00669.jpg,49.0,59.97577685404202,10.975776854042016,test
img00670,346,images/img00670.jpg,49.0,67.9694515535005,18.969451553500505,test
img00677,350,images/img00677.jpg,77.0,75.72057694660002,1.2794230533999809,test
img00678,350,images/img00678.jpg,77.0,79.95802381570735,2.9580238157073495,test
img00695,360,images/img00695.jpg,75.0,59.09477274897108,15.90522725102892,test
img00707,366,images/img00707.jpg,74.0,69.3639322274008,4.636067772599205,test
img00722,374,images/img00722.jpg,9.0,15.039398547278388,6.039398547278388,test
img00723,374,images/img00723.jpg,9.0,14.179382422026933,5.179382422026933,test
img00753,390,images/img00753.jpg,47.0,53.70387883647356,6.703878836473557,test
img00754,390,images/img00754.jpg,47.0,56.86979522974861,9.869795229748604,test
img00784,406,images/img00784.jpg,78.0,71.81289141036552,6.187108589634477,test
img00785,406,images/img00785.jpg,78.0,79.5115693477565,1.511569347756506,test
img00794,411,images/img00794.jpg,68.0,67.11380223242158,0.8861977675784232,test
img00808,418,images/img00808.jpg,80.0,80.0460753396018,0.0460753396017992,test
img00809,418,images/img00809.jpg,80.0,84.15939547292184,4.159395472921844,test
img00813,421,images/img00813.jpg,84.0,71.82282250896569,12.177177491034314,test
img00814,421,images/img00814.jpg,84.0,72.69230731399384,11.307692686006163,test
img00821,425,images/img00821.jpg,57.0,55.35895596552052,1.641044034479478,test
img00822,425,images/img00822.jpg,57.0,56.88625485872521,0.1137451412747907,test
img00860,446,images/img00860.jpg,69.0,65.60157325784962,3.3984267421503773,test
img00861,446,images/img00861.jpg,69.0,67.964679042247,1.035320957753001,test
img00896,464,images/img00896.jpg,77.0,76.67067967481334,0.3293203251866572,test
img00897,464,images/img00897.jpg,77.0,69.03234521266363,7.967654787336372,test
img00898,465,images/img00898.jpg,84.0,79.96485539945778,4.035144600542225,test
img00899,465,images/img00899.jpg,84.0,77.51983768259684,6.480162317403156,test
img00910,471,images/img00910.jpg,54.0,56.11435828419394,2.114358284193941,test
img00911,471,images/img00911.jpg,54.0,56.32833277925834,2.3283327792583393,test
img00927,480,images/img00927.jpg,62.0,62.366812353663015,0.3668123536630148,test
img00928,480,images/img00928.jpg,62.0,63.33054880289552,1.330548802895521,test
img00929,481,images/img00929.jpg,65.0,60.57734339078358,4.422656609216418,test
img00934,484,images/img00934.jpg,59.0,57.557470504225066,1.4425294957749344,test
img00935,484,images/img00935.jpg,59.0,55.840938976884814,3.1590610231151857,test
img00982,509,images/img00982.jpg,73.0,43.922745714468334,29.077254285531662,test
img00983,509,images/img00983.jpg,73.0,75.01517448117154,2.0151744811715417,test
img01004,520,images/img01004.jpg,43.0,52.03088897637472,9.03088897637472,test
img01009,523,images/img01009.jpg,88.0,82.90620556179866,5.093794438201343,test
img01022,531,images/img01022.jpg,46.0,49.04156231579417,3.0415623157941667,test
img01023,531,images/img01023.jpg,46.0,48.120930607998474,2.120930607998474,test
img01047,544,images/img01047.jpg,78.0,79.23255848075894,1.2325584807589394,test
img01056,549,images/img01056.jpg,78.0,69.98212512018887,8.017874879811131,test
img01057,549,images/img01057.jpg,78.0,77.69338433953149,0.3066156604685091,test
img01145,596,images/img01145.jpg,77.0,74.76308424209472,2.2369157579052796,test
img01146,596,images/img01146.jpg,77.0,81.79831767862407,4.798317678624073,test
img01194,622,images/img01194.jpg,61.0,62.37241100231928,1.372411002319282,test
img01195,622,images/img01195.jpg,61.0,66.7256299859942,5.725629985994203,test
img01196,623,images/img01196.jpg,68.0,60.64088589907658,7.359114100923421,test
img01267,661,images/img01267.jpg,29.0,44.98269036302144,15.98269036302144,test
img01268,661,images/img01268.jpg,29.0,41.271083495261166,12.271083495261166,test
img01308,684,images/img01308.jpg,55.0,65.86598521359508,10.86598521359508,test
img01309,684,images/img01309.jpg,55.0,58.62897057929154,3.62897057929154,test
img01341,701,images/img01341.jpg,61.0,67.20104016093322,6.201040160933218,test
img01354,708,images/img01354.jpg,63.0,60.28676087444245,2.71323912555755,test
img01355,708,images/img01355.jpg,63.0,62.902452035053095,0.0975479649469051,test
img01393,728,images/img01393.jpg,65.0,75.47788776945308,10.477887769453076,test
img01396,730,images/img01396.jpg,76.0,79.9014102281459,3.901410228145906,test
img01397,730,images/img01397.jpg,76.0,78.21949481226585,2.21949481226585,test
img01405,735,images/img01405.jpg,72.0,72.90911412435196,0.9091141243519588,test
img01406,735,images/img01406.jpg,72.0,78.42613495217034,6.426134952170344,test
img01473,772,images/img01473.jpg,91.0,88.67172197670769,2.328278023292313,test
img01474,772,images/img01474.jpg,91.0,86.93794367231102,4.062056327688978,test
img01479,775,images/img01479.jpg,43.0,51.838012885436115,8.838012885436115,test
img01480,775,images/img01480.jpg,43.0,54.32442799310148,11.32442799310148,test
img01535,804,images/img01535.jpg,43.0,38.06288931590991,4.9371106840900865,test
img01536,804,images/img01536.jpg,43.0,45.403764144982496,2.403764144982496,test
img01541,807,images/img01541.jpg,43.0,43.64918353719252,0.6491835371925205,test
img01542,807,images/img01542.jpg,43.0,48.04974646505616,5.04974646505616,test
img01551,812,images/img01551.jpg,19.0,42.45447433869156,23.45447433869156,test
img01552,812,images/img01552.jpg,19.0,44.23201883975246,25.232018839752463,test
img01586,830,images/img01586.jpg,44.0,44.653227857407174,0.6532278574071739,test
img01587,830,images/img01587.jpg,44.0,38.5948672727722,5.405132727227802,test
img01620,848,images/img01620.jpg,49.0,49.454762981041554,0.4547629810415543,test
img01621,848,images/img01621.jpg,49.0,45.08677822271831,3.913221777281691,test
img01637,857,images/img01637.jpg,60.0,58.76900441354497,1.2309955864550304,test
img01643,860,images/img01643.jpg,80.0,78.33589566374789,1.6641043362521089,test
img01644,860,images/img01644.jpg,80.0,70.98380717820629,9.016192821793709,test
img01700,892,images/img01700.jpg,31.0,28.978189479134635,2.0218105208653654,test
img01701,892,images/img01701.jpg,31.0,31.63607254024992,0.6360725402499199,test
img01704,894,images/img01704.jpg,28.0,38.24075479015805,10.24075479015805,test
img01720,902,images/img01720.jpg,8.0,12.279539048263947,4.279539048263949,test
img01721,902,images/img01721.jpg,8.0,17.993404153080313,9.993404153080313,test
img01728,906,images/img01728.jpg,28.0,32.29232119347662,4.292321193476617,test
img01729,906,images/img01729.jpg,28.0,33.124044702882976,5.124044702882976,test
img01744,915,images/img01744.jpg,58.0,46.530661367999045,11.469338632000955,test
img01745,915,images/img01745.jpg,58.0,49.88079031558793,8.11920968441207,test
img01757,923,images/img01757.jpg,35.0,34.4366096271832,0.5633903728167979,test
img01778,935,images/img01778.jpg,59.0,60.143631615128406,1.143631615128406,test
img01779,935,images/img01779.jpg,59.0,67.11448931699417,8.114489316994167,test
img01782,937,images/img01782.jpg,84.0,83.33766413629988,0.6623358637001218,test
img01783,937,images/img01783.jpg,84.0,78.0856769121736,5.9143230878264035,test
img01808,950,images/img01808.jpg,71.0,84.7841647466191,13.784164746619098,test
img01819,957,images/img01819.jpg,25.0,29.22771678369461,4.227716783694611,test
img01820,957,images/img01820.jpg,25.0,32.83323779344531,7.8332377934453135,test
img01823,959,images/img01823.jpg,32.0,42.039961669093636,10.039961669093636,test
img01838,967,images/img01838.jpg,25.0,27.502929471705126,2.5029294717051265,test
img01842,969,images/img01842.jpg,82.0,75.14966419729035,6.850335802709651,test
img01843,969,images/img01843.jpg,82.0,69.16860389890427,12.831396101095734,test
img01894,999,images/img01894.jpg,54.0,54.34903407303144,0.3490340730314401,test
img01895,999,images/img01895.jpg,54.0,61.973917218756846,7.973917218756846,test
img01958,1033,images/img01958.jpg,47.0,53.82706083097352,6.827060830973522,test
img01959,1033,images/img01959.jpg,47.0,50.957665600498274,3.9576656004982738,test
img01963,1036,images/img01963.jpg,34.0,55.640582797967234,21.64058279796723,test
img01964,1036,images/img01964.jpg,34.0,43.81495414174202,9.81495414174202,test
img01965,1037,images/img01965.jpg,59.0,56.63680539648487,2.363194603515133,test
img02032,1072,images/img02032.jpg,78.0,78.22924486953418,0.2292448695341846,test
img02041,1077,images/img02041.jpg,60.0,60.230008234050835,0.2300082340508353,test
img02042,1077,images/img02042.jpg,60.0,56.90945439201275,3.090545607987252,test
img02050,1082,images/img02050.jpg,56.0,56.05446850289267,0.0544685028926679,test
img02051,1082,images/img02051.jpg,56.0,57.49702669282398,1.4970266928239797,test
img02059,1087,images/img02059.jpg,62.0,64.95239012431117,2.952390124311165,test
img02075,1096,images/img02075.jpg,64.0,77.16642755310134,13.166427553101345,test
img02091,1105,images/img02091.jpg,71.0,69.37473799556798,1.6252620044320167,test
img02092,1105,images/img02092.jpg,71.0,65.04961041011333,5.950389589886669,test
img02099,1109,images/img02099.jpg,52.0,47.59193547066961,4.408064529330389,test
img02100,1109,images/img02100.jpg,54.0,51.12667531803289,2.8733246819671123,test
img02114,1117,images/img02114.jpg,42.0,47.44393418190009,5.44393418190009,test
img02115,1117,images/img02115.jpg,42.0,50.117132140016565,8.117132140016565,test
img02167,1144,images/img02167.jpg,40.0,50.3722444606024,10.372244460602396,test
img02217,1170,images/img02217.jpg,56.0,55.053611219014975,0.9463887809850248,test
img02218,1170,images/img02218.jpg,56.0,67.52727009722497,11.52727009722497,test
img02259,1192,images/img02259.jpg,38.0,34.81620531316781,3.1837946868321865,test
img02260,1192,images/img02260.jpg,38.0,37.67710768755102,0.3228923124489782,test
img02261,1193,images/img02261.jpg,42.0,44.60315138877933,2.603151388779331,test
img02262,1193,images/img02262.jpg,42.0,50.46314684016792,8.463146840167923,test
img02275,1200,images/img02275.jpg,33.0,45.38786086365287,12.387860863652868,test
img02276,1200,images/img02276.jpg,33.0,50.84925565165662,17.84925565165662,test
img02284,1205,images/img02284.jpg,36.0,37.41444507093961,1.4144450709396068,test
img02285,1205,images/img02285.jpg,36.0,42.76100785056875,6.7610078505687525,test
img02303,1215,images/img02303.jpg,47.0,60.799327601518335,13.799327601518335,test
img02311,1219,images/img02311.jpg,31.0,38.02312347831281,7.023123478312812,test
img02312,1219,images/img02312.jpg,31.0,34.86389334494804,3.863893344948039,test
img02314,1221,images/img02314.jpg,17.0,25.182245706613685,8.182245706613685,test
img02315,1221,images/img02315.jpg,17.0,26.957615530471784,9.957615530471784,test
img02321,1225,images/img02321.jpg,51.0,57.441254374885055,6.441254374885055,test
img02322,1225,images/img02322.jpg,51.0,56.388059991441985,5.388059991441985,test
img02381,1255,images/img02381.jpg,28.0,28.32884875238866,0.3288487523886587,test
img02382,1255,images/img02382.jpg,28.0,29.25803793494453,1.2580379349445288,test
img02390,1260,images/img02390.jpg,63.0,54.29992115872089,8.700078841279108,test
img02391,1260,images/img02391.jpg,63.0,61.06043827948402,1.9395617205159823,test
img02414,1272,images/img02414.jpg,60.0,63.04132000675397,3.0413200067539705,test
img02415,1272,images/img02415.jpg,60.0,64.50197510457399,4.501975104573987,test
img02444,1287,images/img02444.jpg,34.0,36.89512255753837,2.8951225575383717,test
img02473,1302,images/img02473.jpg,78.0,83.30030418531732,5.300304185317316,test
img02474,1302,images/img02474.jpg,78.0,83.33644919627785,5.336449196277854,test
img02525,1329,images/img02525.jpg,59.0,67.69526336583631,8.695263365836311,test
img02526,1329,images/img02526.jpg,59.0,64.5636807522457,5.563680752245702,test
img02552,1343,images/img02552.jpg,82.0,72.6449224719139,9.3550775280861,test
img02563,1349,images/img02563.jpg,68.0,73.39038742097716,5.390387420977163,test
img02564,1349,images/img02564.jpg,68.0,67.7521016191469,0.2478983808531012,test
img02567,1351,images/img02567.jpg,79.0,83.32881928569068,4.328819285690685,test
img02568,1351,images/img02568.jpg,79.0,80.15083501532521,1.1508350153252138,test
img02584,1360,images/img02584.jpg,78.0,75.3333164504944,2.6666835495056063,test
img02628,1384,images/img02628.jpg,74.0,81.6534300826399,7.6534300826399,test
img02629,1384,images/img02629.jpg,74.0,82.3724477287102,8.372447728710199,test
img02632,1386,images/img02632.jpg,51.0,55.92529537630697,4.92529537630697,test
img02633,1386,images/img02633.jpg,51.0,66.3665426838913,15.366542683891296,test
img02691,1419,images/img02691.jpg,42.0,54.378839365546696,12.378839365546696,test
img02713,1430,images/img02713.jpg,49.0,48.389215866695665,0.6107841333043353,test
img02714,1430,images/img02714.jpg,49.0,52.612468986326625,3.6124689863266255,test
img02737,1444,images/img02737.jpg,60.0,65.5355749675148,5.535574967514805,test
img02748,1450,images/img02748.jpg,61.0,67.00829657916219,6.008296579162192,test
img02749,1450,images/img02749.jpg,61.0,55.65302161893109,5.346978381068908,test
img02780,1468,images/img02780.jpg,75.0,71.47031104246673,3.529688957533267,test
img02781,1468,images/img02781.jpg,75.0,81.06228214736191,6.062282147361913,test
img02813,1485,images/img02813.jpg,64.0,69.02470003353041,5.024700033530408,test
img02826,1492,images/img02826.jpg,67.0,60.435617474443816,6.564382525556184,test
img02827,1492,images/img02827.jpg,67.0,61.18650575653629,5.813494243463708,test
img02840,1499,images/img02840.jpg,74.0,77.985927500778,3.985927500778004,test
img02858,1510,images/img02858.jpg,58.0,63.02842844613424,5.028428446134242,test
img02859,1510,images/img02859.jpg,58.0,66.5315564048005,8.531556404800497,test
img02866,1514,images/img02866.jpg,47.0,47.53743875795804,0.5374387579580429,test
img02867,1514,images/img02867.jpg,47.0,45.89837778842049,1.1016222115795102,test
img02888,1526,images/img02888.jpg,75.0,71.00883668763676,3.9911633123632417,test
img02899,1532,images/img02899.jpg,70.0,57.11830444946965,12.881695550530353,test
img02902,1534,images/img02902.jpg,63.0,65.02923671662006,2.029236716620062,test
img02913,1540,images/img02913.jpg,72.0,81.53421327502062,9.53421327502062,test
img02914,1540,images/img02914.jpg,72.0,64.92512704471454,7.074872955285457,test
img02939,1554,images/img02939.jpg,74.0,71.03456418774414,2.965435812255862,test
img02940,1554,images/img02940.jpg,74.0,75.66285748005981,1.662857480059813,test
img02951,1560,images/img02951.jpg,59.0,55.20925577834946,3.7907442216505416,test
img02952,1560,images/img02952.jpg,59.0,63.66267185266036,4.66267185266036,test
img02955,1562,images/img02955.jpg,59.0,46.63340123320109,12.366598766798909,test
img02956,1562,images/img02956.jpg,59.0,50.67550886770757,8.32449113229243,test
img02974,1573,images/img02974.jpg,80.0,73.4724449499335,6.527555050066496,test
img02975,1573,images/img02975.jpg,80.0,77.60136299366201,2.3986370063379923,test
img02976,1574,images/img02976.jpg,58.0,54.99357993101005,3.0064200689899465,test
img02977,1574,images/img02977.jpg,58.0,61.327834145373345,3.3278341453733447,test
img02978,1575,images/img02978.jpg,77.0,77.51244770630487,0.5124477063048687,test
img02979,1575,images/img02979.jpg,77.0,76.07636242561793,0.9236375743820702,test
img02998,1586,images/img02998.jpg,66.0,54.094921024254575,11.905078975745424,test
img02999,1586,images/img02999.jpg,66.0,52.19786688667322,13.802133113326782,test
img03007,1591,images/img03007.jpg,49.0,45.00199198645936,3.998008013540641,test
img03008,1591,images/img03008.jpg,49.0,46.503834532575496,2.496165467424504,test
img03037,1607,images/img03037.jpg,74.0,67.31027570187243,6.689724298127572,test
img03052,1615,images/img03052.jpg,74.0,59.06703798036231,14.932962019637692,test
img03053,1615,images/img03053.jpg,74.0,73.60587459271171,0.3941254072882856,test
img03062,1622,images/img03062.jpg,43.0,42.036921047207265,0.9630789527927348,test
img03088,1637,images/img03088.jpg,61.0,58.21979126736212,2.780208732637881,test
img03089,1637,images/img03089.jpg,61.0,56.768002355217895,4.231997644782105,test
img03126,1658,images/img03126.jpg,53.0,64.74895038072144,11.74895038072144,test
img03127,1658,images/img03127.jpg,53.0,58.49733826250641,5.4973382625064104,test
img03133,1662,images/img03133.jpg,69.0,71.72183416411855,2.7218341641185475,test
img03153,1673,images/img03153.jpg,46.0,48.14960275627415,2.149602756274149,test
img03154,1673,images/img03154.jpg,46.0,47.333130343158665,1.3331303431586647,test
img03159,1676,images/img03159.jpg,66.0,48.689857901015415,17.310142098984585,test
img03160,1676,images/img03160.jpg,66.0,49.326915082457894,16.673084917542106,test
img03161,1677,images/img03161.jpg,72.0,75.884022369707,3.8840223697069978,test
img03162,1677,images/img03162.jpg,72.0,68.31916887607088,3.680831123929124,test
img03197,1697,images/img03197.jpg,78.0,74.62625625720821,3.373743742791788,test
img03198,1697,images/img03198.jpg,78.0,78.08760947386034,0.0876094738603399,test
img03205,1701,images/img03205.jpg,74.0,70.69044824035612,3.309551759643881,test
img03206,1701,images/img03206.jpg,74.0,67.04881493795786,6.951185062042143,test
img03207,1702,images/img03207.jpg,68.0,78.25451213203897,10.254512132038968,test
img03208,1702,images/img03208.jpg,68.0,79.71901872060207,11.719018720602064,test
img03223,1711,images/img03223.jpg,71.0,67.42463711184533,3.5753628881546717,test
img03224,1711,images/img03224.jpg,71.0,59.86271681496794,11.13728318503206,test
img03259,1730,images/img03259.jpg,55.0,60.50904064060446,5.509040640604461,test
img03260,1730,images/img03260.jpg,55.0,40.32953987772368,14.670460122276324,test
img03275,1737,images/img03275.jpg,53.0,56.92629893830895,3.9262989383089537,test
img03276,1737,images/img03276.jpg,53.0,57.14239017189691,4.142390171896913,test
img03346,1777,images/img03346.jpg,56.0,49.56533233853995,6.434667661460047,test
img03347,1777,images/img03347.jpg,56.0,52.5546121028719,3.4453878971281,test
img03377,1793,images/img03377.jpg,68.0,66.38904633955963,1.610953660440373,test
img03378,1793,images/img03378.jpg,68.0,64.66886576603787,3.331134233962132,test
img03444,1828,images/img03444.jpg,78.0,66.38066172655303,11.61933827344697,test
img03472,1846,images/img03472.jpg,67.0,75.76971985269748,8.769719852697477,test
img03473,1846,images/img03473.jpg,67.0,75.53369866773605,8.533698667736047,test
img03479,1850,images/img03479.jpg,63.0,63.67976226344598,0.6797622634459799,test
img03480,1850,images/img03480.jpg,63.0,61.455577345355465,1.544422654644535,test
img03491,1856,images/img03491.jpg,33.0,52.27340856359938,19.273408563599386,test
img03492,1856,images/img03492.jpg,33.0,39.69826402218493,6.6982640221849294,test
img03524,1875,images/img03524.jpg,81.0,81.25600291608065,0.2560029160806465,test
img03534,1880,images/img03534.jpg,61.0,63.06368515489735,2.0636851548973496,test
img03535,1880,images/img03535.jpg,61.0,68.68108358572056,7.681083585720557,test
img03554,1890,images/img03554.jpg,57.0,61.57554122112114,4.575541221121142,test
img03555,1890,images/img03555.jpg,57.0,56.62036955644832,0.3796304435516759,test
img03562,1894,images/img03562.jpg,19.0,17.494585115813827,1.5054148841861732,test
img03563,1894,images/img03563.jpg,19.0,18.09503159564101,0.9049684043589892,test
img03570,1898,images/img03570.jpg,56.0,56.46755628996027,0.467556289960271,test
img03571,1898,images/img03571.jpg,56.0,59.77996974756554,3.779969747565538,test
img03593,1910,images/img03593.jpg,8.0,13.696974890551717,5.696974890551715,test
img03594,1910,images/img03594.jpg,8.0,13.950685776731524,5.950685776731525,test
img03614,1921,images/img03614.jpg,58.0,55.835146199571525,2.1648538004284745,test
img03615,1921,images/img03615.jpg,58.0,50.58680733999523,7.413192660004768,test
img03646,1937,images/img03646.jpg,66.0,63.23858634998941,2.7614136500105957,test
img03665,1947,images/img03665.jpg,71.0,73.15209558509487,2.1520955850948695,test
img03666,1947,images/img03666.jpg,71.0,72.21805754855521,1.2180575485552083,test
img03667,1948,images/img03667.jpg,72.0,64.93297616799869,7.067023832001311,test
img03668,1948,images/img03668.jpg,72.0,65.19152881919446,6.80847118080554,test
img03673,1951,images/img03673.jpg,73.0,77.6266171688416,4.626617168841605,test
img03674,1951,images/img03674.jpg,73.0,74.67045433560381,1.6704543356038073,test
img03710,1970,images/img03710.jpg,68.0,67.83377961567265,0.1662203843273459,test
img03711,1970,images/img03711.jpg,68.0,68.29342392619655,0.293423926196553,test
img03723,1977,images/img03723.jpg,68.0,48.7742918701046,19.2257081298954,test
img03724,1977,images/img03724.jpg,68.0,55.57899534520116,12.421004654798844,test
img03727,1979,images/img03727.jpg,50.0,58.69404512258987,8.69404512258987,test
img03728,1979,images/img03728.jpg,50.0,53.390255266173384,3.3902552661733836,test
img03775,2005,images/img03775.jpg,78.0,86.65053728620252,8.650537286202521,test
img03794,2016,images/img03794.jpg,30.0,29.72461852782041,0.2753814721795891,test
img03795,2016,images/img03795.jpg,30.0,31.080491592403146,1.080491592403142,test
img03804,2021,images/img03804.jpg,15.0,18.122968672485044,3.122968672485044,test
img03805,2021,images/img03805.jpg,15.0,18.487206382356383,3.4872063823563835,test
img03854,2046,images/img03854.jpg,32.0,29.55369587958684,2.44630412041316,test
img03855,2046,images/img03855.jpg,32.0,27.99486239469955,4.005137605300451,test
img03923,2081,images/img03923.jpg,21.0,25.217311013245848,4.217311013245848,test
img03924,2081,images/img03924.jpg,21.0,24.051431010922883,3.051431010922883,test
img03943,2091,images/img03943.jpg,56.0,60.58033438989526,4.580334389895263,test
img03944,2091,images/img03944.jpg,56.0,58.08784839925628,2.0878483992562806,test
img03956,2098,images/img03956.jpg,60.0,52.97121928980583,7.0287807101941695,test
img03957,2098,images/img03957.jpg,60.0,55.124939867839615,4.875060132160385,test
img04035,2142,images/img04035.jpg,60.0,56.88288541779338,3.117114582206618,test
img04036,2142,images/img04036.jpg,60.0,67.76308406620419,7.763084066204186,test
img04043,2146,images/img04043.jpg,48.0,51.377714208652584,3.377714208652584,test
img04044,2146,images/img04044.jpg,48.0,53.16429114531711,5.164291145317108,test
img04048,2148,images/img04048.jpg,56.0,40.47473066340813,15.525269336591876,test
img04049,2149,images/img04049.jpg,36.0,40.16155751521666,4.161557515216657,test
img04050,2149,images/img04050.jpg,36.0,34.501795412745665,1.4982045872543353,test
img04163,2207,images/img04163.jpg,39.0,45.661065320706754,6.661065320706754,test
img04164,2207,images/img04164.jpg,39.0,50.40921124652397,11.409211246523968,test
img04165,2208,images/img04165.jpg,71.0,72.253777221447,1.253777221446995,test
img04166,2208,images/img04166.jpg,71.0,70.7189567970669,0.2810432029331053,test
img04195,2225,images/img04195.jpg,82.0,78.453705583909,3.5462944160910013,test
img04196,2225,images/img04196.jpg,82.0,72.88372689469958,9.116273105300422,test
img04209,2233,images/img04209.jpg,75.0,73.50799448759778,1.4920055124022156,test
img04210,2233,images/img04210.jpg,75.0,75.58169643287917,0.5816964328791698,test
img04225,2241,images/img04225.jpg,58.0,59.83164859557162,1.8316485955716215,test
img04226,2241,images/img04226.jpg,58.0,57.93826422577,0.0617357742300015,test
img04233,2246,images/img04233.jpg,76.0,89.08801234131091,13.088012341310916,test
img04234,2246,images/img04234.jpg,76.0,85.766538637536,9.766538637536,test
img04253,2256,images/img04253.jpg,67.0,67.57559722671877,0.5755972267187701,test
img04254,2256,images/img04254.jpg,67.0,66.49343302651505,0.5065669734849507,test
img04286,2273,images/img04286.jpg,45.0,50.63967195419427,5.63967195419427,test
img04295,2278,images/img04295.jpg,50.0,46.49505511859226,3.504944881407738,test
img04296,2278,images/img04296.jpg,50.0,42.03323042150301,7.966769578496987,test
img04306,2284,images/img04306.jpg,79.0,73.0566257290372,5.943374270962806,test
img04307,2284,images/img04307.jpg,79.0,71.83923183353609,7.16076816646391,test
img04372,2320,images/img04372.jpg,27.0,32.55642123463832,5.5564212346383215,test
img04373,2320,images/img04373.jpg,27.0,31.925738671174976,4.925738671174976,test
img04381,2325,images/img04381.jpg,77.0,77.29148567019817,0.2914856701981705,test
img04391,2330,images/img04391.jpg,33.0,34.83380776555158,1.8338077655515832,test
img04392,2330,images/img04392.jpg,33.0,26.59397111267584,6.406028887324162,test
img04403,2336,images/img04403.jpg,78.0,71.4444352193405,6.555564780659495,test
img04473,2372,images/img04473.jpg,43.0,38.07283786427699,4.927162135723009,test
img04474,2373,images/img04474.jpg,32.0,34.023274816852584,2.0232748168525845,test
img04475,2373,images/img04475.jpg,32.0,34.747920012755614,2.747920012755614,test
img04492,2382,images/img04492.jpg,73.0,71.45143693831844,1.5485630616815629,test
img04493,2382,images/img04493.jpg,73.0,82.67527970877882,9.675279708778817,test
img04528,2400,images/img04528.jpg,74.0,69.89148012468546,4.108519875314542,test
img04529,2400,images/img04529.jpg,74.0,76.82801986071807,2.828019860718072,test
img04540,2406,images/img04540.jpg,68.0,68.78662631973464,0.786626319734637,test
img04541,2406,images/img04541.jpg,68.0,66.390239467373,1.609760532627007,test
img04564,2419,images/img04564.jpg,58.0,63.44047142840733,5.440471428407328,test
img04565,2419,images/img04565.jpg,58.0,61.98949168104102,3.9894916810410166,test
img04568,2421,images/img04568.jpg,70.0,71.61135096484433,1.611350964844334,test
img04569,2421,images/img04569.jpg,70.0,72.2685658989144,2.268565898914403,test
img04570,2422,images/img04570.jpg,32.0,29.40823680373594,2.5917631962640613,test
img04571,2422,images/img04571.jpg,32.0,33.764455511406005,1.7644555114060054,test
img04580,2427,images/img04580.jpg,44.0,48.45280172675336,4.452801726753364,test
img04581,2427,images/img04581.jpg,61.0,52.040315122344545,8.959684877655455,test
img04586,2430,images/img04586.jpg,39.0,41.39827702758521,2.398277027585209,test
img04587,2430,images/img04587.jpg,39.0,39.19904800272094,0.1990480027209429,test
img04588,2431,images/img04588.jpg,44.0,48.81491274628093,4.814912746280932,test
img04589,2431,images/img04589.jpg,44.0,46.896364858291925,2.896364858291925,test
img04609,2442,images/img04609.jpg,45.0,43.838402266045065,1.1615977339549346,test
img04610,2442,images/img04610.jpg,45.0,46.123185316912895,1.1231853169128954,test
img04619,2447,images/img04619.jpg,37.0,50.7093957697672,13.709395769767198,test
img04625,2450,images/img04625.jpg,64.0,58.18386165196204,5.81613834803796,test
img04626,2450,images/img04626.jpg,64.0,58.099222102806294,5.900777897193706,test
img04657,2466,images/img04657.jpg,67.0,58.38083271242282,8.619167287577177,test
img04658,2466,images/img04658.jpg,67.0,57.20941356787532,9.790586432124677,test
img04705,2490,images/img04705.jpg,35.0,36.69412087357094,1.694120873570938,test
img04706,2490,images/img04706.jpg,35.0,36.12550931227426,1.1255093122742608,test
img04723,2499,images/img04723.jpg,61.0,54.03439977951277,6.965600220487232,test
img04829,2552,images/img04829.jpg,58.0,60.79330197887767,2.793301978877672,test
img04830,2552,images/img04830.jpg,58.0,60.09030703597938,2.0903070359793787,test
img04837,2556,images/img04837.jpg,53.0,66.14599726096988,13.145997260969878,test
img04838,2556,images/img04838.jpg,53.0,61.03142095300639,8.03142095300639,test
img04861,2568,images/img04861.jpg,43.0,42.24933705996334,0.750662940036662,test
img04888,2582,images/img04888.jpg,47.0,47.26659220065965,0.2665922006596517,test
img04889,2582,images/img04889.jpg,47.0,44.813927123444614,2.186072876555386,test
img04920,2599,images/img04920.jpg,60.0,66.23339441860472,6.233394418604718,test
img04952,2616,images/img04952.jpg,52.0,47.82409698530971,4.175903014690292,test
img04953,2616,images/img04953.jpg,52.0,49.46540952008557,2.534590479914428,test
img04963,2622,images/img04963.jpg,80.0,76.45610425340053,3.5438957465994747,test
img04964,2622,images/img04964.jpg,80.0,77.75259576114362,2.247404238856376,test
img04985,2633,images/img04985.jpg,79.0,83.21043788566286,4.210437885662856,test
img04986,2633,images/img04986.jpg,79.0,80.16800994841937,1.1680099484193676,test
img04987,2634,images/img04987.jpg,60.0,71.80708281920096,11.807082819200955,test
img04988,2634,images/img04988.jpg,60.0,68.05355943007031,8.053559430070308,test
img05014,2648,images/img05014.jpg,39.0,40.10474761777733,1.1047476177773277,test
img05015,2648,images/img05015.jpg,39.0,42.546814142807385,3.546814142807385,test
img05017,2649,images/img05017.jpg,49.0,55.33912539602274,6.339125396022737,test
img05035,2659,images/img05035.jpg,43.0,47.01060848233809,4.0106084823380925,test
img05036,2659,images/img05036.jpg,43.0,48.115652053504206,5.115652053504206,test
img05047,2665,images/img05047.jpg,30.0,32.157118218134826,2.1571182181348263,test
img05051,2667,images/img05051.jpg,32.0,36.05718693110735,4.057186931107353,test
img05052,2667,images/img05052.jpg,32.0,35.851846798838636,3.851846798838636,test
img05053,2668,images/img05053.jpg,56.0,54.316134446066016,1.683865553933984,test
img05054,2668,images/img05054.jpg,56.0,56.9184428623833,0.9184428623833014,test
img05061,2672,images/img05061.jpg,69.0,65.0558797841857,3.9441202158142943,test
img05062,2672,images/img05062.jpg,69.0,67.52178650796935,1.4782134920306476,test
img05069,2676,images/img05069.jpg,58.0,56.24861065621733,1.7513893437826695,test
img05070,2676,images/img05070.jpg,58.0,55.94275904851318,2.0572409514868184,test
img05124,2705,images/img05124.jpg,35.0,37.38343901633796,2.3834390163379595,test
img05125,2705,images/img05125.jpg,35.0,33.496472897103885,1.5035271028961148,test
img05139,2713,images/img05139.jpg,26.0,26.915731727414386,0.915731727414382,test
img05140,2713,images/img05140.jpg,26.0,24.74072297903952,1.2592770209604822,test
img05159,2723,images/img05159.jpg,33.0,34.787574608088576,1.7875746080885762,test
img05160,2723,images/img05160.jpg,33.0,37.71025788226336,4.710257882263363,test
img05169,2728,images/img05169.jpg,38.0,37.989059352057865,0.0109406479421352,test
img05170,2728,images/img05170.jpg,38.0,36.26002084060172,1.7399791593982812,test
img05171,2729,images/img05171.jpg,33.0,33.89866603125404,0.898666031254038,test
img05172,2729,images/img05172.jpg,33.0,30.04409104187115,2.955908958128848,test
img05189,2738,images/img05189.jpg,69.0,73.8592844704121,4.859284470412106,test
img05190,2739,images/img05190.jpg,55.0,56.11663357020916,1.11663357020916,test
img05191,2739,images/img05191.jpg,55.0,53.99632984113851,1.003670158861489,test
img05192,2740,images/img05192.jpg,81.0,81.3330981675682,0.3330981675681954,test
img05202,2745,images/img05202.jpg,63.0,52.550020087645024,10.449979912354976,test
img05203,2745,images/img05203.jpg,63.0,59.60554433127474,3.394455668725257,test
img05218,2753,images/img05218.jpg,8.0,17.09036998992145,9.090369989921449,test
img05231,2760,images/img05231.jpg,65.0,62.64261409946238,2.357385900537622,test
img05232,2760,images/img05232.jpg,65.0,60.71460898310622,4.285391016893783,test
img05235,2762,images/img05235.jpg,34.0,33.35940279670132,0.6405972032986824,test
img05236,2762,images/img05236.jpg,34.0,41.84436068798893,7.844360687988932,test
img05238,2763,images/img05238.jpg,32.0,33.87424508244503,1.8742450824450287,test
img05249,2769,images/img05249.jpg,67.0,60.432525321214506,6.567474678785494,test
img05250,2769,images/img05250.jpg,67.0,67.26436318387664,0.2643631838766396,test
img05267,2778,images/img05267.jpg,84.0,72.91254518477322,11.087454815226778,test
img05268,2778,images/img05268.jpg,84.0,78.51192018758564,5.488079812414355,test
img05285,2787,images/img05285.jpg,70.0,71.57197556578214,1.5719755657821397,test
img05286,2787,images/img05286.jpg,70.0,75.39445607135154,5.3944560713515415,test
img05287,2788,images/img05287.jpg,77.0,83.6018143455415,6.601814345541499,test
img05288,2788,images/img05288.jpg,77.0,76.49885618236236,0.5011438176376402,test
img05289,2789,images/img05289.jpg,61.0,52.288183608436384,8.711816391563616,test
img05290,2789,images/img05290.jpg,61.0,47.412404634290745,13.587595365709255,test
img05311,2800,images/img05311.jpg,86.0,73.30543977437418,12.69456022562582,test
img05312,2800,images/img05312.jpg,86.0,80.28891720220932,5.711082797790681,test
img05317,2803,images/img05317.jpg,64.0,78.66566354028333,14.665663540283331,test
img05318,2803,images/img05318.jpg,64.0,79.84494714482418,15.844947144824175,test
img05319,2804,images/img05319.jpg,83.0,78.93826816159923,4.061731838400775,test
img05320,2804,images/img05320.jpg,83.0,66.38443087620844,16.61556912379156,test
img05324,2807,images/img05324.jpg,75.0,69.32462880862717,5.675371191372832,test
img05325,2807,images/img05325.jpg,75.0,72.01963624887155,2.98036375112845,test
img05344,2817,images/img05344.jpg,48.0,49.985516182387926,1.9855161823879257,test
img05345,2817,images/img05345.jpg,48.0,46.39426090240215,1.6057390975978478,test
img05376,2833,images/img05376.jpg,55.0,59.517846710465705,4.5178467104657045,test
img05377,2833,images/img05377.jpg,55.0,63.97193407184017,8.971934071840167,test
img05394,2842,images/img05394.jpg,58.0,53.6933708049545,4.3066291950455025,test
img05395,2842,images/img05395.jpg,58.0,52.28589823427466,5.714101765725339,test
img05398,2844,images/img05398.jpg,77.0,74.14789925288004,2.8521007471199624,test
img05399,2844,images/img05399.jpg,77.0,68.3668438205259,8.6331561794741,test
img05448,2870,images/img05448.jpg,59.0,59.16576467182463,0.1657646718246326,test
img05449,2870,images/img05449.jpg,59.0,59.50607493410775,0.5060749341077511,test
img05454,2873,images/img05454.jpg,61.0,69.71964354490929,8.719643544909289,test
img05455,2873,images/img05455.jpg,61.0,68.86209656167746,7.862096561677461,test
img05465,2879,images/img05465.jpg,61.0,60.70693217627044,0.2930678237295581,test
img05466,2879,images/img05466.jpg,61.0,71.75308233423627,10.753082334236268,test
img05467,2880,images/img05467.jpg,58.0,58.81774733826623,0.8177473382662299,test
img05468,2880,images/img05468.jpg,58.0,56.23882883492014,1.7611711650798585,test
img05475,2884,images/img05475.jpg,60.0,68.24528220047632,8.245282200476325,test
img05476,2884,images/img05476.jpg,60.0,75.07379697315002,15.073796973150024,test
img05481,2887,images/img05481.jpg,45.0,45.809303271940166,0.8093032719401663,test
img05483,2888,images/img05483.jpg,66.0,68.69013128987024,2.690131289870237,test
img05488,2891,images/img05488.jpg,56.0,68.39242299761445,12.392422997614446,test
img05510,2903,images/img05510.jpg,59.0,61.47546898903747,2.4754689890374735,test
img05511,2903,images/img05511.jpg,59.0,60.59165083639756,1.5916508363975623,test
img05521,2908,images/img05521.jpg,78.0,80.16615154824204,2.1661515482420413,test
img05548,2922,images/img05548.jpg,33.0,36.78726336696523,3.7872633669652274,test
img05549,2922,images/img05549.jpg,33.0,38.08638542707199,5.086385427071988,test
img05570,2933,images/img05570.jpg,58.0,61.41862310145387,3.4186231014538677,test
img05571,2933,images/img05571.jpg,58.0,57.14436853922183,0.8556314607781701,test
img05585,2942,images/img05585.jpg,58.0,59.63803934176964,1.638039341769641,test
img05586,2942,images/img05586.jpg,58.0,56.27018756567047,1.7298124343295314,test
img05594,2946,images/img05594.jpg,71.0,78.13499431594028,7.1349943159402756,test
img05624,2962,images/img05624.jpg,72.0,48.12666503765361,23.87333496234639,test
img05625,2962,images/img05625.jpg,72.0,35.708060719391504,36.291939280608496,test
img05656,2978,images/img05656.jpg,58.0,59.36770509872201,1.3677050987220127,test
img05657,2978,images/img05657.jpg,58.0,47.70518118616986,10.29481881383014,test
img05658,2979,images/img05658.jpg,49.0,58.165306415039,9.165306415038998,test
img05659,2979,images/img05659.jpg,49.0,59.8200646768607,10.820064676860705,test
img05664,2982,images/img05664.jpg,58.0,57.095249490227594,0.9047505097724056,test
img05665,2982,images/img05665.jpg,58.0,55.868628621486934,2.131371378513066,test
img05674,2987,images/img05674.jpg,50.0,50.95014856809089,0.9501485680908884,test
img05675,2987,images/img05675.jpg,50.0,54.3039637789423,4.303963778942297,test
img05709,3006,images/img05709.jpg,39.0,39.040418715284765,0.0404187152847654,test
img05710,3006,images/img05710.jpg,39.0,38.7107664434552,0.2892335565448007,test
img05745,3024,images/img05745.jpg,83.0,73.99496949556514,9.005030504434856,test
img05746,3024,images/img05746.jpg,83.0,63.08731868297395,19.91268131702605,test
img05760,3031,images/img05760.jpg,72.0,68.56075871790165,3.439241282098351,test
img05788,3046,images/img05788.jpg,50.0,60.65435221139434,10.65435221139434,test
img05789,3046,images/img05789.jpg,50.0,61.90166754942178,11.90166754942178,test
img05793,3048,images/img05793.jpg,69.0,75.21032613077797,6.210326130777972,test
img05816,3060,images/img05816.jpg,47.0,49.004713861104534,2.004713861104534,test
img05817,3060,images/img05817.jpg,47.0,45.208147895331734,1.7918521046682656,test
img05836,3070,images/img05836.jpg,72.0,83.09726742228247,11.09726742228247,test
img05837,3070,images/img05837.jpg,72.0,79.15873724179035,7.158737241790348,test
img05853,3079,images/img05853.jpg,65.0,63.85316332388786,1.1468366761121374,test
img05854,3079,images/img05854.jpg,65.0,67.5678538926466,2.567853892646596,test
img05863,3084,images/img05863.jpg,50.0,47.89123278232584,2.1087672176741563,test
img05864,3084,images/img05864.jpg,50.0,58.75775449427907,8.75775449427907,test
img05884,3095,images/img05884.jpg,50.0,47.44434534203322,2.5556546579667767,test
img05885,3095,images/img05885.jpg,50.0,45.32872142232929,4.671278577670712,test
img05910,3109,images/img05910.jpg,54.0,50.59420876769675,3.405791232303251,test
img05911,3109,images/img05911.jpg,54.0,59.515712385848914,5.515712385848914,test
img05924,3116,images/img05924.jpg,69.0,62.74202105918209,6.257978940817907,test
img05925,3116,images/img05925.jpg,69.0,70.24866594749896,1.2486659474989636,test
img05938,3124,images/img05938.jpg,45.0,44.77784318666831,0.2221568133316864,test
img05939,3124,images/img05939.jpg,45.0,37.81045008149462,7.189549918505378,test
img05956,3133,images/img05956.jpg,45.0,45.39700017907889,0.397000179078887,test
img05975,3143,images/img05975.jpg,68.0,61.51668206667877,6.483317933321231,test
img05976,3143,images/img05976.jpg,68.0,74.76171443539126,6.761714435391255,test
img05995,3154,images/img05995.jpg,56.0,57.2117922573922,1.211792257392197,test
img05996,3154,images/img05996.jpg,56.0,60.80982745345915,4.80982745345915,test
img06022,3169,images/img06022.jpg,82.0,79.74937477138583,2.250625228614169,test
img06023,3169,images/img06023.jpg,82.0,65.03994269393266,16.96005730606734,test
img06034,3175,images/img06034.jpg,88.0,67.72482545222508,20.275174547774924,test
img06035,3175,images/img06035.jpg,88.0,75.26175495634237,12.738245043657628,test
img06053,3185,images/img06053.jpg,42.0,45.76642046972641,3.766420469726413,test
img06054,3185,images/img06054.jpg,42.0,40.293674063033905,1.7063259369660957,test
img06071,3194,images/img06071.jpg,42.0,39.24361252622192,2.7563874737780765,test
img06072,3194,images/img06072.jpg,42.0,39.38403734431548,2.6159626556845197,test
img06125,3222,images/img06125.jpg,61.0,58.66956800734357,2.330431992656429,test
img06126,3222,images/img06126.jpg,61.0,59.563165391080894,1.4368346089191064,test
img06131,3225,images/img06131.jpg,65.0,65.45987133493938,0.459871334939379,test
img06132,3225,images/img06132.jpg,65.0,72.01108804430005,7.0110880443000525,test
img06163,3242,images/img06163.jpg,23.0,21.400462419950912,1.5995375800490876,test
img06164,3242,images/img06164.jpg,23.0,29.428290948372425,6.428290948372425,test
img06175,3248,images/img06175.jpg,51.0,50.96455880373815,0.0354411962618499,test
img06176,3248,images/img06176.jpg,51.0,52.09712829161517,1.0971282916151708,test
img06180,3251,images/img06180.jpg,56.0,60.37070079700562,4.370700797005618,test
img06181,3251,images/img06181.jpg,56.0,58.297676938760766,2.297676938760766,test
img06203,3263,images/img06203.jpg,52.0,48.982456683394,3.0175433166060017,test
img06204,3263,images/img06204.jpg,52.0,52.729548742803026,0.7295487428030256,test
img06217,3272,images/img06217.jpg,59.0,58.585340981584,0.4146590184160033,test
img06218,3272,images/img06218.jpg,59.0,58.450809822268745,0.5491901777312549,test
img06250,3289,images/img06250.jpg,60.0,53.45576932547609,6.544230674523909,test
img06251,3289,images/img06251.jpg,60.0,52.41760525787443,7.582394742125572,test
img06256,3292,images/img06256.jpg,69.0,64.33457567334325,4.665424326656748,test
img06257,3292,images/img06257.jpg,69.0,63.163897530421615,5.836102469578385,test
img06284,3306,images/img06284.jpg,54.0,60.0293866278192,6.0293866278192,test
img06285,3306,images/img06285.jpg,54.0,52.26890652373319,1.7310934762668069,test
img06287,3307,images/img06287.jpg,57.0,38.54787941288976,18.452120587110237,test
img06304,3317,images/img06304.jpg,43.0,41.8246119142736,1.1753880857263963,test
img06305,3317,images/img06305.jpg,43.0,40.9500426834082,2.049957316591801,test
img06343,3337,images/img06343.jpg,35.0,34.899170230004145,0.1008297699958546,test
img06350,3340,images/img06350.jpg,51.0,54.22175683635669,3.2217568363566897,test
img06363,3347,images/img06363.jpg,67.0,73.53559129398681,6.535591293986812,test
img06380,3356,images/img06380.jpg,56.0,61.42524965044295,5.42524965044295,test
img06381,3356,images/img06381.jpg,56.0,58.02394735278354,2.023947352783537,test
img06440,3387,images/img06440.jpg,46.0,52.96376414954051,6.963764149540509,test
img06441,3387,images/img06441.jpg,46.0,46.823666948069025,0.8236669480690253,test
img06511,3423,images/img06511.jpg,65.0,64.586537220389,0.4134627796109953,test
img06512,3423,images/img06512.jpg,65.0,62.06829700968704,2.9317029903129637,test
img06547,3442,images/img06547.jpg,73.0,68.86829995381866,4.1317000461813365,test
img06548,3443,images/img06548.jpg,64.0,60.6006036574396,3.399396342560401,test
img06549,3443,images/img06549.jpg,64.0,61.44230134455821,2.55769865544179,test
img06598,3470,images/img06598.jpg,68.0,74.27844095923247,6.278440959232469,test
img06624,3485,images/img06624.jpg,76.0,79.68370693601211,3.683706936012115,test
img06625,3485,images/img06625.jpg,76.0,80.05437270377378,4.05437270377378,test
img06628,3487,images/img06628.jpg,79.0,78.48508898972037,0.5149110102796328,test
img06629,3487,images/img06629.jpg,79.0,68.62625205560614,10.373747944393855,test
img06706,3529,images/img06706.jpg,7.0,14.663822851348712,7.663822851348712,test
img06718,3535,images/img06718.jpg,61.0,50.61283584858205,10.387164151417956,test
img06719,3535,images/img06719.jpg,61.0,70.59642235251134,9.59642235251134,test
img06722,3537,images/img06722.jpg,53.0,55.18492207837507,2.1849220783750667,test
img06723,3537,images/img06723.jpg,53.0,56.36305045381508,3.3630504538150774,test
img06747,3551,images/img06747.jpg,23.0,28.690137451649974,5.690137451649974,test
img06832,3594,images/img06832.jpg,50.0,50.19295028668742,0.1929502866874202,test
img06833,3594,images/img06833.jpg,50.0,51.163590845264125,1.1635908452641246,test
img06836,3596,images/img06836.jpg,77.0,75.50070115848429,1.49929884151571,test
img06837,3596,images/img06837.jpg,77.0,73.6661177317932,3.333882268206807,test
img06844,3600,images/img06844.jpg,39.0,38.59689362695616,0.4031063730438404,test
img06845,3600,images/img06845.jpg,39.0,36.13285566414893,2.867144335851073,test
img06852,3604,images/img06852.jpg,76.0,74.92982548992933,1.0701745100706717,test
img06916,3637,images/img06916.jpg,74.0,66.72963252628222,7.270367473717784,test
img06922,3640,images/img06922.jpg,48.0,58.96166020117617,10.961660201176173,test
img06923,3640,images/img06923.jpg,48.0,57.78299006500371,9.782990065003716,test
img06933,3646,images/img06933.jpg,73.0,64.69995034459068,8.300049655409325,test
img06934,3646,images/img06934.jpg,73.0,71.55099658349873,1.4490034165012702,test
img06964,3662,images/img06964.jpg,73.0,58.12303435466756,14.87696564533244,test
img06993,3679,images/img06993.jpg,53.0,50.37600324945869,2.623996750541309,test
img06994,3679,images/img06994.jpg,53.0,44.44774158334047,8.552258416659527,test
img07022,3695,images/img07022.jpg,76.0,82.01713121217836,6.017131212178356,test
img07023,3695,images/img07023.jpg,76.0,79.70437618493264,3.7043761849326415,test
img07071,3720,images/img07071.jpg,70.0,75.63482224827683,5.6348222482768335,test
img07113,3742,images/img07113.jpg,63.0,62.033462367161384,0.966537632838616,test
img07114,3742,images/img07114.jpg,63.0,60.86854646446092,2.13145353553908,test
img07125,3748,images/img07125.jpg,20.0,21.423413225896645,1.4234132258966454,test
img07126,3748,images/img07126.jpg,20.0,20.071845891302218,0.0718458913022175,test
img07187,3780,images/img07187.jpg,45.0,48.74368388831088,3.743683888310876,test
img07188,3780,images/img07188.jpg,45.0,46.29053076292721,1.2905307629272116,test
img07206,3790,images/img07206.jpg,38.0,34.31397484646784,3.6860251535321567,test
img07207,3790,images/img07207.jpg,38.0,30.118420505301373,7.881579494698627,test
img07208,3791,images/img07208.jpg,48.0,56.68943689270392,8.689436892703917,test
img07209,3791,images/img07209.jpg,48.0,51.12114428722345,3.1211442872234514,test
img07214,3794,images/img07214.jpg,29.0,35.72611468449442,6.726114684494419,test
img07244,3810,images/img07244.jpg,36.0,36.05492936751166,0.0549293675116615,test
img07245,3810,images/img07245.jpg,36.0,38.171976533830275,2.171976533830275,test
img07285,3831,images/img07285.jpg,27.0,35.895440679054516,8.895440679054516,test
img07286,3831,images/img07286.jpg,27.0,33.2169581680864,6.2169581680864,test
img07305,3841,images/img07305.jpg,74.0,69.36015217164106,4.639847828358938,test
img07306,3841,images/img07306.jpg,74.0,75.88875998142666,1.8887599814266591,test
img07317,3847,images/img07317.jpg,38.0,38.151481782578976,0.1514817825789762,test
img07318,3847,images/img07318.jpg,38.0,31.139888417788836,6.8601115822111645,test
img07335,3856,images/img07335.jpg,42.0,43.66497775747888,1.66497775747888,test
img07336,3856,images/img07336.jpg,42.0,43.361231845867664,1.361231845867664,test
img07371,3874,images/img07371.jpg,42.0,55.770847898248675,13.770847898248675,test
img07372,3874,images/img07372.jpg,42.0,44.752538843408814,2.7525388434088143,test
img07408,3893,images/img07408.jpg,57.0,58.81960873762224,1.8196087376222392,test
img07409,3893,images/img07409.jpg,57.0,59.01493161306661,2.014931613066608,test
img07414,3896,images/img07414.jpg,42.0,49.52786332651412,7.527863326514122,test
img07419,3899,images/img07419.jpg,73.0,75.40472307796497,2.4047230779649738,test
img07420,3899,images/img07420.jpg,73.0,66.12493539229358,6.87506460770642,test
img07454,3917,images/img07454.jpg,87.0,85.17913367726304,1.8208663227369613,test
img07455,3917,images/img07455.jpg,87.0,84.9134784256243,2.086521574375695,test
img07470,3925,images/img07470.jpg,72.0,69.33220855113443,2.6677914488655716,test
img07471,3925,images/img07471.jpg,72.0,64.67468090086501,7.325319099134987,test
img07494,3938,images/img07494.jpg,82.0,77.89897313097885,4.101026869021155,test
img07495,3938,images/img07495.jpg,82.0,71.25018223273062,10.749817767269375,test
img07562,3974,images/img07562.jpg,57.0,66.8812012017771,9.881201201777102,test
img07563,3974,images/img07563.jpg,57.0,69.54056967430172,12.540569674301722,test
img07593,3990,images/img07593.jpg,82.0,76.45047234112607,5.549527658873927,test
img07594,3990,images/img07594.jpg,82.0,81.20820800447801,0.7917919955219901,test
img07639,4013,images/img07639.jpg,65.0,61.218730022991274,3.7812699770087264,test
img07640,4013,images/img07640.jpg,71.0,55.83052787336795,15.169472126632044,test
img07641,4013,images/img07641.jpg,71.0,69.01243502860426,1.9875649713957415,test
img07649,4018,images/img07649.jpg,64.0,70.3542501247095,6.354250124709495,test
img07650,4018,images/img07650.jpg,64.0,62.058967382740505,1.941032617259495,test
img07701,4045,images/img07701.jpg,38.0,62.58185346573059,24.58185346573059,test
img07702,4045,images/img07702.jpg,38.0,62.153158498065835,24.153158498065835,test
img07712,4050,images/img07712.jpg,44.0,61.6488280609777,17.6488280609777,test
img07727,4059,images/img07727.jpg,65.0,68.13149663281189,3.1314966328118885,test
img07762,4078,images/img07762.jpg,48.0,58.936143461534904,10.936143461534904,test
img07844,4121,images/img07844.jpg,73.0,66.52599756342502,6.4740024365749775,test
img07845,4121,images/img07845.jpg,73.0,63.744083740240534,9.255916259759466,test
img07848,4123,images/img07848.jpg,12.0,14.572822316844238,2.5728223168442383,test
img07867,4133,images/img07867.jpg,58.0,59.80416766654106,1.804167666541062,test
img07868,4133,images/img07868.jpg,58.0,61.004684092943535,3.004684092943535,test
img07869,4134,images/img07869.jpg,13.0,18.556490681924934,5.5564906819249344,test
img07870,4134,images/img07870.jpg,13.0,17.443404949428093,4.443404949428093,test
img07897,4148,images/img07897.jpg,27.0,37.747855586320256,10.747855586320256,test
img07898,4148,images/img07898.jpg,27.0,32.261945511705065,5.261945511705065,test
img07937,4169,images/img07937.jpg,65.0,66.35459504660108,1.3545950466010763,test
img07938,4169,images/img07938.jpg,65.0,64.39661559311259,0.6033844068874146,test
img07965,4184,images/img07965.jpg,79.0,81.5096352783093,2.509635278309304,test
img07966,4184,images/img07966.jpg,79.0,81.8856581245164,2.8856581245163966,test
img08005,4205,images/img08005.jpg,58.0,66.6862109625147,8.686210962514707,test
img08013,4209,images/img08013.jpg,65.0,65.74186284024952,0.7418628402495244,test
img08059,4232,images/img08059.jpg,61.0,63.10605209837644,2.1060520983764377,test
img08060,4232,images/img08060.jpg,61.0,58.095998531019845,2.904001468980155,test
img08087,4246,images/img08087.jpg,60.0,57.39344514902049,2.6065548509795065,test
img08088,4246,images/img08088.jpg,60.0,55.308623203440995,4.691376796559005,test
img08089,4247,images/img08089.jpg,63.0,62.571580460759776,0.4284195392402239,test
img08090,4247,images/img08090.jpg,63.0,65.52539520973598,2.525395209735976,test
img08101,4253,images/img08101.jpg,63.0,57.06313203543186,5.936867964568137,test
img08102,4253,images/img08102.jpg,63.0,60.622126854328926,2.3778731456710744,test
img08114,4260,images/img08114.jpg,71.0,62.324053335733375,8.675946664266625,test
img08115,4260,images/img08115.jpg,71.0,58.9894301419714,12.010569858028605,test
img08143,4275,images/img08143.jpg,64.0,61.745856944648914,2.2541430553510864,test
img08167,4287,images/img08167.jpg,52.0,51.5481313589506,0.4518686410494013,test
img08168,4287,images/img08168.jpg,52.0,49.28436218990003,2.7156378100999703,test
img08176,4291,images/img08176.jpg,72.0,73.8623730791575,1.862373079157507,test
img08201,4305,images/img08201.jpg,46.0,48.18586555316141,2.1858655531614133,test
img08202,4305,images/img08202.jpg,46.0,38.67341085491437,7.326589145085627,test
img08215,4312,images/img08215.jpg,33.0,44.32661184502224,11.326611845022242,test
img08216,4312,images/img08216.jpg,33.0,39.59491123391971,6.59491123391971,test
img08232,4321,images/img08232.jpg,59.0,52.16881084352523,6.831189156474771,test
img08233,4321,images/img08233.jpg,59.0,59.70273026284826,0.702730262848263,test
img08251,4331,images/img08251.jpg,60.0,63.8291709849789,3.8291709849789015,test
img08252,4331,images/img08252.jpg,60.0,62.35036649364312,2.350366493643122,test
img08299,4357,images/img08299.jpg,45.0,39.80437823606576,5.195621763934241,test
img08300,4357,images/img08300.jpg,45.0,37.496378270306614,7.503621729693386,test
img08304,4359,images/img08304.jpg,63.0,59.43163068392949,3.568369316070509,test
img08365,4392,images/img08365.jpg,17.0,33.016545413752624,16.016545413752624,test
img08366,4392,images/img08366.jpg,17.0,16.545134572639263,0.4548654273607369,test
img08369,4394,images/img08369.jpg,22.0,14.177698519518849,7.822301480481151,test
img08370,4394,images/img08370.jpg,22.0,23.158753284432933,1.1587532844329331,test
img08375,4398,images/img08375.jpg,19.0,25.589525447821952,6.589525447821952,test
img08376,4398,images/img08376.jpg,19.0,25.29043208031664,6.290432080316641,test
img08391,4406,images/img08391.jpg,39.0,41.24946105282246,2.2494610528224612,test
img08392,4406,images/img08392.jpg,39.0,37.78863132917803,1.2113686708219689,test
img08508,4471,images/img08508.jpg,18.0,21.660071327350764,3.660071327350764,test
img08509,4471,images/img08509.jpg,18.0,14.932627785917084,3.0673722140829156,test
img08522,4478,images/img08522.jpg,69.0,60.90860894809572,8.091391051904282,test
img08523,4478,images/img08523.jpg,69.0,68.19405186601068,0.8059481339893182,test
img08632,4537,images/img08632.jpg,49.0,47.26056439679812,1.7394356032018834,test
img08633,4537,images/img08633.jpg,49.0,50.13130244136863,1.131302441368632,test
img08640,4541,images/img08640.jpg,73.0,81.71441047437388,8.714410474373878,test
img08659,4551,images/img08659.jpg,63.0,62.100844096830095,0.8991559031699055,test
img08660,4551,images/img08660.jpg,63.0,59.780354187743065,3.2196458122569354,test
img08690,4567,images/img08690.jpg,65.0,64.55026897044958,0.4497310295504206,test
img08691,4567,images/img08691.jpg,65.0,63.98311282877534,1.01688717122466,test
img08733,4589,images/img08733.jpg,12.0,18.370772812561356,6.370772812561356,test
img08734,4589,images/img08734.jpg,12.0,19.764782342754728,7.764782342754728,test
img08745,4595,images/img08745.jpg,14.0,17.75308596301406,3.7530859630140583,test
img08746,4595,images/img08746.jpg,14.0,19.478553815913543,5.478553815913543,test
img08786,4616,images/img08786.jpg,53.0,49.263114372144955,3.7368856278550457,test
img08787,4616,images/img08787.jpg,53.0,54.55124878845265,1.5512487884526465,test
img08832,4640,images/img08832.jpg,71.0,77.03663836794748,6.036638367947475,test
img08833,4640,images/img08833.jpg,71.0,81.87894868913443,10.878948689134432,test
img08834,4641,images/img08834.jpg,76.0,79.61553287786404,3.615532877864041,test
img08835,4641,images/img08835.jpg,76.0,77.97112355476455,1.9711235547645456,test
img08845,4647,images/img08845.jpg,76.0,72.33275922898311,3.6672407710168926,test
img08846,4647,images/img08846.jpg,76.0,75.3357179746672,0.6642820253327955,test
img08896,4673,images/img08896.jpg,63.0,64.07367003013891,1.0736700301389135,test
img08897,4673,images/img08897.jpg,63.0,68.20420544913912,5.204205449139124,test
img08911,4681,images/img08911.jpg,69.0,79.43716790403774,10.437167904037736,test
img08912,4681,images/img08912.jpg,69.0,83.64824817532411,14.648248175324111,test
img08940,4696,images/img08940.jpg,89.0,86.59967994050487,2.4003200594951295,test
img08983,4719,images/img08983.jpg,71.0,64.9881648730298,6.0118351269701975,test
img08984,4719,images/img08984.jpg,71.0,71.34136598978777,0.341365989787775,test
img08987,4721,images/img08987.jpg,64.0,66.78225666088085,2.782256660880847,test
img08988,4721,images/img08988.jpg,64.0,70.27817132214523,6.278171322145226,test
img08999,4727,images/img08999.jpg,43.0,49.17059679852861,6.1705967985286065,test
img09027,4742,images/img09027.jpg,71.0,66.45358321191463,4.5464167880853665,test
img09028,4742,images/img09028.jpg,71.0,71.20233060938548,0.2023306093854842,test
img09083,4771,images/img09083.jpg,68.0,64.69044076692275,3.309559233077252,test
img09108,4785,images/img09108.jpg,57.0,61.47413081003656,4.474130810036556,test
img09109,4785,images/img09109.jpg,57.0,56.86879963874985,0.1312003612501513,test
img09114,4788,images/img09114.jpg,83.0,76.09546119551537,6.9045388044846305,test
img09115,4788,images/img09115.jpg,83.0,70.80901722537837,12.19098277462163,test
img09129,4796,images/img09129.jpg,69.0,70.21131908384159,1.2113190838415877,test
img09130,4796,images/img09130.jpg,69.0,66.77856821639745,2.2214317836025543,test
img09131,4797,images/img09131.jpg,78.0,71.65428175391713,6.345718246082868,test
img09132,4797,images/img09132.jpg,78.0,79.87039544866079,1.870395448660787,test
img09155,4809,images/img09155.jpg,76.0,75.45385071551637,0.5461492844836329,test
img09156,4809,images/img09156.jpg,76.0,69.2904970645254,6.709502935474603,test
img09177,4820,images/img09177.jpg,71.0,72.60222943591543,1.602229435915433,test
img09178,4820,images/img09178.jpg,71.0,74.36325773258353,3.363257732583534,test
img09180,4821,images/img09180.jpg,70.0,69.12288332834463,0.8771166716553722,test
img09232,4849,images/img09232.jpg,52.0,55.307561221532154,3.307561221532154,test
img09233,4849,images/img09233.jpg,52.0,59.15954001278,7.159540012779999,test
img09248,4857,images/img09248.jpg,71.0,68.95298803513866,2.0470119648613405,test
img09249,4857,images/img09249.jpg,71.0,68.70001222039049,2.299987779609509,test
img09272,4869,images/img09272.jpg,47.0,44.86263596658985,2.137364033410151,test
img09273,4869,images/img09273.jpg,47.0,46.29465981402541,0.7053401859745918,test
img09290,4879,images/img09290.jpg,75.0,78.04845874054728,3.048458740547275,test
img09291,4879,images/img09291.jpg,75.0,81.43986456648777,6.4398645664877705,test
img09325,4897,images/img09325.jpg,51.0,60.28909314485278,9.289093144852778,test
img09326,4897,images/img09326.jpg,51.0,57.45634351552667,6.456343515526676,test
img09353,4911,images/img09353.jpg,59.0,55.50715301886271,3.49284698113729,test
img09354,4911,images/img09354.jpg,59.0,54.38986680028433,4.610133199715669,test
img09359,4914,images/img09359.jpg,23.0,17.882598133118016,5.117401866881984,test
img09360,4914,images/img09360.jpg,23.0,22.276283671593056,0.7237163284069439,test
img09367,4918,images/img09367.jpg,11.0,23.836641829865258,12.836641829865258,test
img09368,4918,images/img09368.jpg,11.0,17.59974613617647,6.599746136176471,test
img09385,4928,images/img09385.jpg,83.0,77.13679784886575,5.863202151134246,test
img09386,4928,images/img09386.jpg,83.0,79.6541928364824,3.3458071635176054,test
img09404,4938,images/img09404.jpg,87.0,81.16102601593856,5.83897398406144,test
img09405,4938,images/img09405.jpg,87.0,78.0855002332835,8.914499766716503,test
img09408,4940,images/img09408.jpg,59.0,59.030472539079966,0.030472539079966,test
img09409,4940,images/img09409.jpg,59.0,55.5639514648925,3.4360485351075027,test
img09417,4945,images/img09417.jpg,83.0,85.76013675429606,2.760136754296056,test
img09418,4945,images/img09418.jpg,83.0,82.26303332766003,0.7369666723399746,test
img09441,4957,images/img09441.jpg,59.0,58.588482757588,0.4115172424120032,test
img09442,4957,images/img09442.jpg,59.0,58.471903591300205,0.5280964086997955,test
img09530,5003,images/img09530.jpg,64.0,58.18227917622419,5.817720823775808,test
img09531,5003,images/img09531.jpg,64.0,60.813328858253335,3.1866711417466647,test
img09537,5007,images/img09537.jpg,67.0,52.91337031327675,14.08662968672325,test
img09538,5007,images/img09538.jpg,67.0,42.67652698523096,24.323473014769036,test
img09543,5010,images/img09543.jpg,50.0,48.82331699027531,1.176683009724684,test
img09544,5010,images/img09544.jpg,50.0,48.32153258324232,1.6784674167576838,test
img09546,5012,images/img09546.jpg,40.0,39.43663966670545,0.5633603332945469,test
img09555,5016,images/img09555.jpg,61.0,48.11444583836564,12.88555416163436,test
img09556,5017,images/img09556.jpg,66.0,73.45822120867022,7.458221208670224,test
img09557,5017,images/img09557.jpg,66.0,68.61316691163461,2.6131669116346075,test
img09585,5032,images/img09585.jpg,66.0,55.63426421009908,10.365735789900915,test
img09586,5032,images/img09586.jpg,66.0,61.542006586231274,4.457993413768726,test
img09605,5043,images/img09605.jpg,56.0,64.30653280728724,8.30653280728724,test
img09628,5055,images/img09628.jpg,59.0,68.90070417099504,9.90070417099504,test
img09629,5055,images/img09629.jpg,59.0,67.66975616903633,8.669756169036333,test
img09654,5068,images/img09654.jpg,69.0,61.4971252403996,7.502874759600402,test
img09655,5068,images/img09655.jpg,69.0,64.38909256234783,4.610907437652173,test
img09687,5085,images/img09687.jpg,53.0,49.197412727847826,3.8025872721521736,test
img09688,5085,images/img09688.jpg,53.0,48.20412237180481,4.795877628195193,test
img09737,5112,images/img09737.jpg,83.0,74.16413626100207,8.83586373899793,test
img09738,5112,images/img09738.jpg,83.0,81.14332322739497,1.8566767726050273,test
img09743,5115,images/img09743.jpg,85.0,81.89934528544677,3.1006547145532295,test
img09744,5115,images/img09744.jpg,85.0,82.56861800846077,2.431381991539226,test
img09746,5117,images/img09746.jpg,82.0,78.64171155396038,3.358288446039623,test
img09747,5118,images/img09747.jpg,80.0,82.48206280208,2.4820628020799944,test
img09769,5130,images/img09769.jpg,74.0,75.73008925079402,1.730089250794023,test
img09770,5130,images/img09770.jpg,74.0,75.28099768681692,1.2809976868169173,test
img09799,5146,images/img09799.jpg,28.0,32.12355795389979,4.123557953899791,test
img09800,5146,images/img09800.jpg,28.0,31.91362853293028,3.9136285329302782,test
img09845,5170,images/img09845.jpg,60.0,62.509087937660865,2.5090879376608655,test
img09846,5170,images/img09846.jpg,60.0,59.8675880264656,0.1324119735344027,test
img09851,5173,images/img09851.jpg,63.0,48.63079971016907,14.369200289830928,test
img09852,5173,images/img09852.jpg,63.0,62.418576541935465,0.5814234580645348,test
img09853,5174,images/img09853.jpg,57.0,48.457991941802575,8.542008058197425,test
img09854,5174,images/img09854.jpg,57.0,53.38113667234558,3.6188633276544167,test
img09855,5175,images/img09855.jpg,76.0,81.73821195645712,5.738211956457121,test
img09856,5175,images/img09856.jpg,76.0,77.55664578470046,1.5566457847004642,test
img09912,5204,images/img09912.jpg,57.0,51.65478487969039,5.345215120309611,test
img09913,5204,images/img09913.jpg,57.0,55.726512130285954,1.273487869714046,test
img09928,5212,images/img09928.jpg,67.0,65.34329707639853,1.656702923601472,test
img09929,5212,images/img09929.jpg,67.0,60.807215441472835,6.1927845585271655,test
img09938,5217,images/img09938.jpg,62.0,71.95935821025623,9.959358210256228,test
img09939,5217,images/img09939.jpg,62.0,71.82710642674533,9.827106426745331,test
img09943,5220,images/img09943.jpg,72.0,72.66624172465231,0.6662417246523091,test
img09944,5220,images/img09944.jpg,72.0,71.95390952053447,0.0460904794655334,test
img10002,5251,images/img10002.jpg,79.0,76.54378060730613,2.4562193926938676,test
img10003,5251,images/img10003.jpg,79.0,73.78898590314114,5.211014096858861,test
img10036,5268,images/img10036.jpg,53.0,54.6253961199406,1.6253961199406035,test
img10040,5270,images/img10040.jpg,80.0,76.03369774549071,3.966302254509287,test
img10052,5277,images/img10052.jpg,22.0,22.38245677843724,0.3824567784372377,test
img10053,5277,images/img10053.jpg,22.0,29.91855305618395,7.918553056183949,test
img10062,5282,images/img10062.jpg,25.0,28.4191512962162,3.4191512962161994,test
img10063,5282,images/img10063.jpg,25.0,30.18484740553625,5.1848474055362495,test
img10079,5292,images/img10079.jpg,65.0,62.80866826272438,2.1913317372756183,test
img10090,5298,images/img10090.jpg,15.0,27.083515598822647,12.083515598822649,test
img10091,5298,images/img10091.jpg,15.0,14.813332454346655,0.1866675456533428,test
img10106,5306,images/img10106.jpg,62.0,58.08551653782486,3.9144834621751414,test
img10107,5306,images/img10107.jpg,62.0,57.80434040013946,4.195659599860541,test
img10111,5308,images/img10111.jpg,57.0,55.861596501743186,1.138403498256814,test
img10148,5327,images/img10148.jpg,87.0,82.66622764218741,4.333772357812592,test
img10149,5327,images/img10149.jpg,87.0,84.42416514888923,2.57583485111077,test
img10156,5331,images/img10156.jpg,50.0,53.1795160669576,3.1795160669575964,test
img10157,5331,images/img10157.jpg,50.0,50.781506931577304,0.7815069315773044,test
img10178,5342,images/img10178.jpg,75.0,67.85867388940946,7.141326110590541,test
img10179,5342,images/img10179.jpg,75.0,68.4861915013971,6.513808498602899,test
img10186,5346,images/img10186.jpg,61.0,68.63006482967886,7.630064829678858,test
img10187,5346,images/img10187.jpg,61.0,66.35303220185101,5.353032201851008,test
img10327,5419,images/img10327.jpg,76.0,85.22960712808839,9.22960712808839,test
img10328,5419,images/img10328.jpg,76.0,75.36521898687172,0.6347810131282756,test
img10331,5421,images/img10331.jpg,68.0,67.05657790301781,0.9434220969821894,test
img10332,5421,images/img10332.jpg,68.0,66.94673598267802,1.053264017321979,test
img10345,5428,images/img10345.jpg,90.0,77.47192716628834,12.52807283371166,test
img10346,5428,images/img10346.jpg,90.0,72.79563174638781,17.204368253612188,test
img10349,5430,images/img10349.jpg,72.0,75.91425845334317,3.914258453343166,test
img10350,5430,images/img10350.jpg,72.0,74.3502293003545,2.350229300354499,test
img10369,5440,images/img10369.jpg,82.0,61.54516662996002,20.454833370039974,test
img10371,5442,images/img10371.jpg,75.0,72.96280051351204,2.037199486487964,test
img10372,5442,images/img10372.jpg,75.0,81.60342995674235,6.603429956742346,test
img10382,5448,images/img10382.jpg,63.0,64.81534565325377,1.8153456532537715,test
img10384,5450,images/img10384.jpg,63.0,69.01276875539666,6.012768755396664,test
img10385,5450,images/img10385.jpg,63.0,68.36945474190179,5.369454741901791,test
img10433,5475,images/img10433.jpg,61.0,66.83626150828727,5.836261508287265,test
img10434,5475,images/img10434.jpg,61.0,61.04900977275975,0.0490097727597529,test
img10449,5484,images/img10449.jpg,72.0,62.92827878070986,9.07172121929014,test
img10463,5491,images/img10463.jpg,16.0,16.081721112459938,0.0817211124599381,test
img10464,5491,images/img10464.jpg,16.0,17.787143545606405,1.7871435456064049,test
img10479,5500,images/img10479.jpg,61.0,80.89072258263565,19.890722582635647,test
img10480,5500,images/img10480.jpg,61.0,77.3842093691863,16.384209369186294,test
img10526,5524,images/img10526.jpg,25.0,27.896349735534645,2.8963497355346455,test
img10539,5531,images/img10539.jpg,61.0,64.68053584297297,3.680535842972972,test
img10540,5531,images/img10540.jpg,61.0,68.27395871119373,7.273958711193728,test
img10587,5555,images/img10587.jpg,13.0,18.795674637141182,5.7956746371411825,test
img10588,5555,images/img10588.jpg,13.0,20.29081865397967,7.29081865397967,test
img10595,5559,images/img10595.jpg,36.0,43.35276870890991,7.352768708909913,test
img10619,5572,images/img10619.jpg,31.0,36.09817207116821,5.098172071168207,test
img10620,5572,images/img10620.jpg,31.0,35.43388780027338,4.433887800273382,test
img10625,5575,images/img10625.jpg,38.0,38.18038077782465,0.1803807778246522,test
img10640,5583,images/img10640.jpg,81.0,84.6077650527925,3.6077650527925016,test
img10641,5583,images/img10641.jpg,81.0,78.97703281881911,2.0229671811808885,test
img10644,5585,images/img10644.jpg,35.0,49.3641430695781,14.364143069578098,test
img10659,5593,images/img10659.jpg,66.0,59.22565690699938,6.774343093000617,test
img10660,5593,images/img10660.jpg,66.0,62.435345767948654,3.564654232051346,test
img10665,5596,images/img10665.jpg,85.0,69.10533758770336,15.89466241229664,test
img10666,5596,images/img10666.jpg,85.0,62.58449765072467,22.41550234927533,test
img10680,5605,images/img10680.jpg,53.0,49.771674196491105,3.228325803508895,test
img10681,5605,images/img10681.jpg,53.0,54.08498120077095,1.0849812007709474,test
img10747,5640,images/img10747.jpg,76.0,59.357222696548114,16.642777303451886,test
img10748,5640,images/img10748.jpg,76.0,63.01773173901033,12.98226826098967,test
img10753,5643,images/img10753.jpg,62.0,71.64285870024503,9.642858700245029,test
img10754,5643,images/img10754.jpg,62.0,60.86054138388491,1.1394586161150926,test
img10758,5645,images/img10758.jpg,80.0,86.70533827922482,6.705338279224819,test
img10763,5648,images/img10763.jpg,78.0,71.2983021462422,6.701697853757807,test
img10764,5648,images/img10764.jpg,78.0,65.6531384097181,12.346861590281904,test
img10772,5653,images/img10772.jpg,65.0,67.34606081139017,2.346060811390174,test
img10773,5653,images/img10773.jpg,65.0,64.63107393332395,0.3689260666760532,test
img10822,5678,images/img10822.jpg,55.0,62.54008308615819,7.540083086158191,test
img10823,5678,images/img10823.jpg,55.0,64.67073888945603,9.670738889456032,test
img10850,5693,images/img10850.jpg,68.0,51.406880403454274,16.593119596545726,test
img10851,5693,images/img10851.jpg,68.0,61.35458027562487,6.645419724375131,test
img10852,5694,images/img10852.jpg,59.0,52.34720580913845,6.652794190861556,test
img10853,5694,images/img10853.jpg,59.0,63.26422114821001,4.264221148210012,test
img10869,5704,images/img10869.jpg,80.0,74.91719185867693,5.082808141323071,test
img10870,5704,images/img10870.jpg,80.0,76.00789390265304,3.992106097346962,test
img10918,5730,images/img10918.jpg,65.0,67.44043569457342,2.4404356945734236,test
img10919,5730,images/img10919.jpg,65.0,66.82140957541476,1.821409575414762,test
img10953,5749,images/img10953.jpg,48.0,50.74283334032856,2.742833340328559,test
img10954,5749,images/img10954.jpg,48.0,52.21273408809178,4.2127340880917785,test
img10985,5766,images/img10985.jpg,59.0,54.57167755777276,4.428322442227241,test
img10986,5766,images/img10986.jpg,59.0,49.04131147539464,9.958688524605355,test
img11007,5778,images/img11007.jpg,71.0,61.46925360018152,9.530746399818485,test
img11020,5785,images/img11020.jpg,51.0,43.70738069110224,7.292619308897756,test
img11021,5785,images/img11021.jpg,51.0,48.92702695345725,2.0729730465427494,test
img11029,5790,images/img11029.jpg,81.0,66.12901645653275,14.870983543467249,test
img11030,5790,images/img11030.jpg,81.0,72.86350479605645,8.136495203943554,test
img11040,5796,images/img11040.jpg,49.0,54.201226640266334,5.201226640266334,test
img11041,5796,images/img11041.jpg,49.0,49.90238113032409,0.9023811303240876,test
img11054,5805,images/img11054.jpg,73.0,82.1905208212107,9.190520821210695,test
img11055,5805,images/img11055.jpg,73.0,79.33106241504038,6.331062415040378,test
img11059,5808,images/img11059.jpg,77.0,69.0179993230319,7.982000676968099,test
img11091,5826,images/img11091.jpg,58.0,64.22185508676634,6.22185508676634,test
img11092,5826,images/img11092.jpg,58.0,54.40936200707405,3.5906379929259487,test
img11103,5832,images/img11103.jpg,72.0,71.97333765478258,0.0266623452174172,test
img11158,5864,images/img11158.jpg,84.0,82.0105461063857,1.9894538936142965,test
img11159,5864,images/img11159.jpg,84.0,80.75557631903636,3.244423680963635,test
img11173,5872,images/img11173.jpg,61.0,59.26699595014565,1.733004049854351,test
img11174,5872,images/img11174.jpg,61.0,54.62765177496804,6.372348225031963,test
img11195,5883,images/img11195.jpg,65.0,63.41770329970907,1.5822967002909325,test
img11196,5883,images/img11196.jpg,65.0,64.83910841866664,0.1608915813333595,test
img11201,5886,images/img11201.jpg,74.0,66.3932779080385,7.606722091961501,test
img11202,5886,images/img11202.jpg,74.0,66.6225978371962,7.377402162803804,test
img11228,5902,images/img11228.jpg,59.0,69.80087439115763,10.800874391157636,test
img11229,5902,images/img11229.jpg,59.0,67.18775216342121,8.187752163421209,test
img11255,5916,images/img11255.jpg,79.0,71.43549439501322,7.564505604986778,test
img11256,5916,images/img11256.jpg,79.0,73.8938437338035,5.106156266196507,test
img11291,5935,images/img11291.jpg,77.0,76.03902864928575,0.960971350714246,test
img11337,5961,images/img11337.jpg,54.0,61.25636644371853,7.256366443718527,test
img11338,5961,images/img11338.jpg,54.0,59.971487210557605,5.971487210557605,test
img11345,5965,images/img11345.jpg,64.0,74.78117528795235,10.781175287952353,test
img11346,5965,images/img11346.jpg,64.0,72.10234596286664,8.102345962866636,test
img11349,5967,images/img11349.jpg,30.0,33.74498593396145,3.744985933961452,test
img11350,5967,images/img11350.jpg,30.0,27.901885674091027,2.0981143259089734,test
img11356,5971,images/img11356.jpg,68.0,69.08395507955984,1.0839550795598427,test
img11357,5971,images/img11357.jpg,68.0,64.99864891111935,3.0013510888806536,test
img11371,5979,images/img11371.jpg,74.0,68.24506189716892,5.754938102831076,test
img11372,5979,images/img11372.jpg,74.0,69.24095281378871,4.759047186211291,test
img11382,5985,images/img11382.jpg,74.0,75.5488319781002,1.5488319781001962,test
img11383,5985,images/img11383.jpg,74.0,78.05673647373148,4.056736473731476,test
img11394,5991,images/img11394.jpg,81.0,83.43004756483302,2.4300475648330178,test
img11395,5991,images/img11395.jpg,81.0,84.24690605404167,3.2469060540416734,test
img11402,5996,images/img11402.jpg,61.0,57.320227426600106,3.6797725733998945,test
img11432,6013,images/img11432.jpg,44.0,41.9089662688012,2.0910337311987988,test
img11433,6013,images/img11433.jpg,44.0,44.7272541311371,0.7272541311371015,test
img11440,6017,images/img11440.jpg,35.0,28.36178954989792,6.638210450102079,test
img11441,6017,images/img11441.jpg,35.0,30.47290815790437,4.527091842095629,test
img11472,6034,images/img11472.jpg,56.0,62.23159029263866,6.231590292638657,test
img11473,6034,images/img11473.jpg,56.0,57.58889917036939,1.5888991703693875,test
img11489,6043,images/img11489.jpg,46.0,59.85576035632297,13.855760356322968,test
img11496,6047,images/img11496.jpg,43.0,42.53323168047854,0.4667683195214565,test
img11497,6047,images/img11497.jpg,43.0,46.5734809148077,3.5734809148077034,test
img11500,6050,images/img11500.jpg,79.0,85.82366481200081,6.823664812000814,test
img11525,6064,images/img11525.jpg,81.0,75.72964864417922,5.270351355820779,test
img11526,6064,images/img11526.jpg,81.0,80.28631936815863,0.7136806318413704,test
img11527,6065,images/img11527.jpg,71.0,71.60724808839652,0.607248088396517,test
img11528,6065,images/img11528.jpg,71.0,76.84316625840741,5.843166258407408,test
img11544,6074,images/img11544.jpg,79.0,69.88618193920341,9.11381806079659,test
img11545,6074,images/img11545.jpg,79.0,71.22676246429882,7.773237535701185,test
img11568,6086,images/img11568.jpg,77.0,73.71547657875631,3.2845234212436907,test
img11569,6086,images/img11569.jpg,77.0,71.07788541535184,5.922114584648156,test
img11603,6105,images/img11603.jpg,77.0,72.7008075317063,4.299192468293697,test
img11604,6105,images/img11604.jpg,77.0,73.6713177623363,3.328682237663699,test
img11621,6114,images/img11621.jpg,62.0,66.25698541287444,4.256985412874442,test
img11622,6114,images/img11622.jpg,62.0,65.29746526357475,3.2974652635747503,test
img11628,6118,images/img11628.jpg,31.0,30.12894707719779,0.8710529228022104,test
img11629,6118,images/img11629.jpg,31.0,34.31346880322707,3.3134688032270674,test
img11674,6145,images/img11674.jpg,36.0,43.97464350251878,7.974643502518781,test
img11675,6145,images/img11675.jpg,36.0,36.68824248333868,0.6882424833386835,test
img11681,6149,images/img11681.jpg,19.0,26.101303118249778,7.101303118249778,test
img11687,6153,images/img11687.jpg,82.0,74.9123844478896,7.087615552110407,test
img11688,6153,images/img11688.jpg,82.0,77.58179962372024,4.418200376279756,test
img11689,6154,images/img11689.jpg,50.0,52.83268068245563,2.832680682455631,test
img11690,6154,images/img11690.jpg,50.0,55.2082799546648,5.208279954664803,test
img11717,6168,images/img11717.jpg,69.0,65.8967698742789,3.1032301257210975,test
img11718,6168,images/img11718.jpg,69.0,61.16756567045682,7.832434329543183,test
img11721,6170,images/img11721.jpg,78.0,69.59191561347322,8.408084386526781,test
img11722,6170,images/img11722.jpg,78.0,70.57135139988443,7.428648600115565,test
img11757,6189,images/img11757.jpg,75.0,63.87705641724745,11.122943582752548,test
img11758,6189,images/img11758.jpg,75.0,68.28796433037046,6.712035669629543,test
img11814,6218,images/img11814.jpg,22.0,19.447999274031027,2.5520007259689734,test
img11815,6218,images/img11815.jpg,22.0,24.066529421753177,2.066529421753174,test
img11839,6231,images/img11839.jpg,44.0,50.33366302593521,6.333663025935209,test
img11840,6231,images/img11840.jpg,44.0,51.225234328141184,7.225234328141184,test
img11857,6240,images/img11857.jpg,76.0,71.74872207372633,4.251277926273673,test
img11879,6252,images/img11879.jpg,61.0,62.77386361198563,1.7738636119856324,test
img11880,6252,images/img11880.jpg,61.0,49.07563516693257,11.924364833067427,test
img11891,6258,images/img11891.jpg,58.0,78.19949737937188,20.199497379371877,test
img11892,6258,images/img11892.jpg,58.0,80.0256067630009,22.025606763000894,test
img11893,6259,images/img11893.jpg,61.0,60.612447959391325,0.387552040608675,test
img11894,6259,images/img11894.jpg,61.0,60.20873860408711,0.7912613959128905,test
img11946,6287,images/img11946.jpg,25.0,31.753114670666392,6.753114670666392,test
img11947,6287,images/img11947.jpg,25.0,28.829635250875736,3.829635250875736,test
img11962,6295,images/img11962.jpg,31.0,31.002885935233092,0.0028859352330918,test
img11963,6295,images/img11963.jpg,31.0,30.151481269958232,0.8485187300417678,test
img11980,6304,images/img11980.jpg,24.0,25.25593389110948,1.2559338911094784,test
img11981,6304,images/img11981.jpg,24.0,25.478483856006193,1.4784838560061928,test
img12012,6320,images/img12012.jpg,18.0,14.945453364605632,3.0545466353943667,test
img12013,6321,images/img12013.jpg,12.0,13.203835752418726,1.2038357524187262,test
img12014,6321,images/img12014.jpg,12.0,17.674928456965063,5.674928456965063,test
img12019,6324,images/img12019.jpg,57.0,52.430656592922546,4.569343407077454,test
img12148,6391,images/img12148.jpg,49.0,57.73800947362266,8.738009473622661,test
img12151,6394,images/img12151.jpg,73.0,71.41431692163107,1.5856830783689304,test
img12152,6394,images/img12152.jpg,73.0,72.14813851371483,0.8518614862851734,test
img12216,6430,images/img12216.jpg,64.0,56.824273831919236,7.1757261680807645,test
img12217,6430,images/img12217.jpg,64.0,66.05410460713146,2.054104607131464,test
img12234,6439,images/img12234.jpg,48.0,47.312938781607656,0.6870612183923441,test
img12235,6439,images/img12235.jpg,48.0,48.149467520580494,0.1494675205804938,test
img12278,6462,images/img12278.jpg,60.0,62.59514855221042,2.595148552210418,test
img12279,6462,images/img12279.jpg,60.0,54.7713486970123,5.2286513029877,test
img12305,6476,images/img12305.jpg,78.0,65.54971691299562,12.45028308700438,test
img12308,6478,images/img12308.jpg,80.0,77.41794413109056,2.5820558689094355,test
img12309,6478,images/img12309.jpg,80.0,68.02215203082942,11.977847969170584,test
img12316,6483,images/img12316.jpg,83.0,80.31983600797636,2.680163992023637,test
img12317,6483,images/img12317.jpg,83.0,86.53838763418715,3.5383876341871456,test
img12318,6484,images/img12318.jpg,66.0,71.63461368537382,5.634613685373822,test
img12319,6484,images/img12319.jpg,66.0,68.93275939283295,2.932759392832949,test
img12392,6523,images/img12392.jpg,79.0,76.26470212246173,2.7352978775382724,test
img12393,6523,images/img12393.jpg,79.0,84.21387582647692,5.213875826476922,test
img12394,6524,images/img12394.jpg,64.0,65.41189647261535,1.4118964726153536,test
img12395,6524,images/img12395.jpg,64.0,61.119507921739896,2.8804920782601044,test
img12397,6526,images/img12397.jpg,71.0,76.62039380898241,5.6203938089824135,test
img12400,6528,images/img12400.jpg,65.0,70.21868288548318,5.218682885483176,test
img12401,6528,images/img12401.jpg,65.0,69.5998727071902,4.599872707190201,test
img12412,6534,images/img12412.jpg,67.0,60.89993859515575,6.100061404844247,test
img12413,6534,images/img12413.jpg,67.0,67.16976363494426,0.1697636349442604,test
img12449,6552,images/img12449.jpg,41.0,44.24993102549912,3.249931025499123,test
img12458,6557,images/img12458.jpg,38.0,43.19826411013021,5.198264110130204,test
img12459,6557,images/img12459.jpg,38.0,42.78475480213036,4.784754802130358,test
img12468,6562,images/img12468.jpg,33.0,34.839904277870374,1.8399042778703745,test
img12469,6562,images/img12469.jpg,33.0,33.75743634266115,0.7574363426611512,test
img12525,6591,images/img12525.jpg,66.0,60.88877892390315,5.111221076096847,test
img12526,6591,images/img12526.jpg,66.0,65.84256108272156,0.1574389172784407,test
img12527,6592,images/img12527.jpg,65.0,54.47815444133746,10.52184555866254,test
img12528,6592,images/img12528.jpg,65.0,59.06301171929739,5.936988280702607,test
img12579,6619,images/img12579.jpg,57.0,67.3072830668451,10.307283066845102,test
img12588,6624,images/img12588.jpg,73.0,73.07515083784703,0.0751508378470333,test
img12589,6624,images/img12589.jpg,73.0,75.71087923863246,2.710879238632458,test
img12604,6632,images/img12604.jpg,87.0,82.68567758864417,4.314322411355832,test
img12605,6632,images/img12605.jpg,87.0,84.35037008457104,2.64962991542896,test
img12634,6647,images/img12634.jpg,64.0,74.29823771980683,10.298237719806837,test
img12635,6647,images/img12635.jpg,64.0,65.20510855499722,1.2051085549972242,test
img12665,6663,images/img12665.jpg,29.0,30.87775365662685,1.877753656626851,test
img12666,6663,images/img12666.jpg,29.0,27.611397222899715,1.3886027771002851,test
img12676,6669,images/img12676.jpg,31.0,34.63001193765558,3.6300119376555817,test
img12677,6669,images/img12677.jpg,31.0,24.993818760935284,6.006181239064716,test
img12707,6685,images/img12707.jpg,18.0,23.687651357433275,5.687651357433275,test
img12708,6685,images/img12708.jpg,18.0,21.738806856929088,3.738806856929088,test
img12731,6697,images/img12731.jpg,60.0,58.72112770615988,1.2788722938401165,test
img12732,6697,images/img12732.jpg,60.0,58.37426205721842,1.6257379427815837,test
img12739,6701,images/img12739.jpg,78.0,64.35107606388478,13.648923936115224,test
img12740,6701,images/img12740.jpg,78.0,74.28309350333836,3.716906496661636,test
img12759,6711,images/img12759.jpg,56.0,57.28752138298648,1.287521382986483,test
img12760,6711,images/img12760.jpg,56.0,53.06589681738415,2.93410318261585,test
img12765,6714,images/img12765.jpg,64.0,53.590959486145294,10.409040513854706,test
img12766,6714,images/img12766.jpg,64.0,56.42792868723552,7.5720713127644785,test
img12783,6723,images/img12783.jpg,69.0,63.09864794414884,5.901352055851163,test
img12784,6723,images/img12784.jpg,69.0,60.95130362000983,8.048696379990169,test
img12791,6727,images/img12791.jpg,74.0,75.6236914782007,1.6236914782006977,test
img12792,6727,images/img12792.jpg,74.0,72.12043264628252,1.8795673537174764,test
img12807,6735,images/img12807.jpg,42.0,53.40831168514977,11.40831168514977,test
img12828,6746,images/img12828.jpg,41.0,42.08814483801031,1.088144838010308,test
img12829,6746,images/img12829.jpg,41.0,51.26592882052172,10.265928820521722,test
img12849,6757,images/img12849.jpg,47.0,35.10040966704591,11.89959033295409,test
img12866,6766,images/img12866.jpg,44.0,56.56115540831011,12.561155408310109,test
img12867,6766,images/img12867.jpg,44.0,52.08237669490247,8.082376694902472,test
img12870,6768,images/img12870.jpg,40.0,45.14422503665033,5.144225036650333,test
img12871,6768,images/img12871.jpg,40.0,46.334565249757894,6.334565249757894,test
img12878,6772,images/img12878.jpg,42.0,48.76637458366841,6.766374583668409,test
img12879,6772,images/img12879.jpg,42.0,41.466581958985195,0.533418041014805,test
img12889,6777,images/img12889.jpg,45.0,65.85468321768101,20.854683217681018,test
img12899,6783,images/img12899.jpg,55.0,54.6182321726608,0.3817678273391962,test
img12912,6790,images/img12912.jpg,46.0,45.11018926626664,0.8898107337333556,test
img12913,6790,images/img12913.jpg,46.0,44.37865577487068,1.6213442251293202,test
img12931,6800,images/img12931.jpg,58.0,65.75490108797246,7.754901087972456,test
img12932,6800,images/img12932.jpg,58.0,61.03165925138593,3.031659251385932,test
img12946,6809,images/img12946.jpg,47.0,46.95500916247906,0.0449908375209417,test
img12947,6809,images/img12947.jpg,47.0,44.12301232700412,2.876987672995881,test
img12977,6826,images/img12977.jpg,58.0,60.62506877597114,2.625068775971137,test
img12978,6826,images/img12978.jpg,58.0,62.038300860346055,4.038300860346055,test
img12997,6837,images/img12997.jpg,52.0,55.20601053068066,3.2060105306806577,test
img12998,6837,images/img12998.jpg,52.0,44.7833725815621,7.216627418437902,test
img13020,6849,images/img13020.jpg,55.0,57.57038005991693,2.5703800599169284,test
img13021,6849,images/img13021.jpg,55.0,58.38796176016877,3.3879617601687713,test
img13035,6857,images/img13035.jpg,63.0,62.30538753817772,0.6946124618222811,test
img13036,6857,images/img13036.jpg,63.0,57.611838661231886,5.388161338768114,test
img13048,6864,images/img13048.jpg,73.0,70.9867256517242,2.0132743482758,test
img13049,6864,images/img13049.jpg,73.0,73.87142078330719,0.8714207833071868,test
img13064,6872,images/img13064.jpg,61.0,75.93605103100938,14.936051031009384,test
img13065,6872,images/img13065.jpg,61.0,72.11235776663882,11.112357766638825,test
img13122,6902,images/img13122.jpg,77.0,76.27702383913036,0.722976160869635,test
img13130,6907,images/img13130.jpg,62.0,60.606794507560814,1.3932054924391863,test
img13136,6911,images/img13136.jpg,52.0,49.56782547398911,2.43217452601089,test
img13137,6911,images/img13137.jpg,52.0,45.60878363778399,6.3912163622160065,test
img13172,6931,images/img13172.jpg,76.0,79.40270679558529,3.4027067955852885,test
img13173,6931,images/img13173.jpg,76.0,86.13451277874977,10.134512778749766,test
img13174,6932,images/img13174.jpg,61.0,66.39076950404329,5.390769504043291,test
img13175,6932,images/img13175.jpg,61.0,67.2846398130414,6.2846398130413945,test
img13178,6934,images/img13178.jpg,94.0,83.02498176280312,10.975018237196878,test
img13179,6934,images/img13179.jpg,94.0,82.35111975108833,11.648880248911668,test
img13184,6937,images/img13184.jpg,54.0,46.15274085963905,7.847259140360947,test
img13185,6937,images/img13185.jpg,54.0,56.16979074065677,2.169790740656772,test
img13230,6963,images/img13230.jpg,66.0,64.28006205616997,1.7199379438300326,test
img13231,6963,images/img13231.jpg,66.0,62.350020224830736,3.649979775169264,test
img13243,6970,images/img13243.jpg,66.0,59.779822242504515,6.220177757495485,test
img13244,6970,images/img13244.jpg,66.0,60.87562452616915,5.1243754738308525,test
img13262,6981,images/img13262.jpg,90.0,81.9013738208516,8.098626179148397,test
img13263,6981,images/img13263.jpg,90.0,77.2522847688052,12.747715231194803,test
img13270,6985,images/img13270.jpg,84.0,79.39561346533101,4.60438653466899,test
img13271,6985,images/img13271.jpg,84.0,68.71358159539415,15.286418404605854,test
img13287,6994,images/img13287.jpg,43.0,40.65307164380492,2.346928356195079,test
img13288,6994,images/img13288.jpg,43.0,46.87804478424344,3.878044784243435,test
img13303,7002,images/img13303.jpg,80.0,73.5273331917904,6.4726668082095955,test
img13304,7002,images/img13304.jpg,80.0,66.2853467371768,13.714653262823203,test
img13321,7011,images/img13321.jpg,36.0,38.33697934863515,2.336979348635147,test
img13322,7011,images/img13322.jpg,36.0,36.86572406271451,0.8657240627145129,test
img13333,7017,images/img13333.jpg,55.0,57.81141396307965,2.8114139630796444,test
img13334,7017,images/img13334.jpg,55.0,53.371642363223714,1.6283576367762862,test
img13350,7026,images/img13350.jpg,59.0,55.43445074619808,3.565549253801919,test
img13351,7026,images/img13351.jpg,59.0,62.25788763669713,3.257887636697127,test
img13392,7048,images/img13392.jpg,40.0,51.951866070947375,11.951866070947377,test
img13393,7048,images/img13393.jpg,40.0,46.96805395386458,6.968053953864583,test
img13416,7061,images/img13416.jpg,66.0,61.25128638032301,4.748713619676991,test
img13417,7061,images/img13417.jpg,66.0,60.78246567361836,5.217534326381639,test
img13448,7078,images/img13448.jpg,71.0,75.36305957821497,4.363059578214973,test
img13449,7078,images/img13449.jpg,71.0,75.31938935526881,4.319389355268811,test
img13492,7101,images/img13492.jpg,43.0,59.133049903327546,16.133049903327546,test
img13501,7106,images/img13501.jpg,34.0,30.66296447556923,3.337035524430771,test
img13502,7106,images/img13502.jpg,34.0,27.020755330862503,6.979244669137497,test
img13509,7110,images/img13509.jpg,42.0,47.32689423270449,5.32689423270449,test
img13510,7110,images/img13510.jpg,42.0,41.75109604622618,0.2489039537738193,test
img13511,7111,images/img13511.jpg,53.0,55.08299689916624,2.08299689916624,test
img13512,7111,images/img13512.jpg,53.0,48.37586897622029,4.624131023779711,test
img13515,7113,images/img13515.jpg,45.0,50.11841033544368,5.118410335443684,test
img13516,7113,images/img13516.jpg,45.0,55.6557668217165,10.655766821716496,test
img13519,7115,images/img13519.jpg,37.0,47.72082272099564,10.720822720995642,test
img13520,7115,images/img13520.jpg,37.0,70.61820838651495,33.61820838651495,test
img13533,7122,images/img13533.jpg,53.0,40.955580803185455,12.044419196814545,test
img13534,7122,images/img13534.jpg,53.0,33.14066342465645,19.859336575343548,test
img13548,7130,images/img13548.jpg,35.0,43.43716014419222,8.43716014419222,test
img13549,7130,images/img13549.jpg,35.0,45.489045518377885,10.489045518377884,test
img13554,7133,images/img13554.jpg,38.0,33.898151263129805,4.1018487368701955,test
img13555,7133,images/img13555.jpg,38.0,44.51604869596133,6.516048695961331,test
img13562,7137,images/img13562.jpg,47.0,43.40328578415257,3.5967142158474275,test
img13563,7137,images/img13563.jpg,47.0,44.94181646522472,2.0581835347752815,test
img13567,7140,images/img13567.jpg,33.0,44.15508281738809,11.155082817388092,test
img13568,7140,images/img13568.jpg,33.0,39.08085418768754,6.080854187687542,test
img13571,7142,images/img13571.jpg,52.0,54.06072438883206,2.0607243888320568,test
img13572,7142,images/img13572.jpg,52.0,55.88734295120684,3.88734295120684,test
img13605,7159,images/img13605.jpg,55.0,51.60618891472494,3.393811085275061,test
img13606,7159,images/img13606.jpg,55.0,53.69412169023741,1.3058783097625906,test
img13609,7161,images/img13609.jpg,57.0,55.105403490506056,1.894596509493944,test
img13610,7161,images/img13610.jpg,57.0,62.6620891299591,5.662089129959099,test
img13648,7180,images/img13648.jpg,62.0,54.24264120818506,7.757358791814937,test
img13665,7189,images/img13665.jpg,56.0,48.82928808239435,7.170711917605651,test
img13666,7189,images/img13666.jpg,56.0,51.472304487396286,4.527695512603714,test
img13673,7193,images/img13673.jpg,36.0,36.527599929043745,0.5275999290437454,test
img13674,7193,images/img13674.jpg,36.0,37.10138316501228,1.1013831650122796,test
img13684,7199,images/img13684.jpg,32.0,35.60383108033839,3.603831080338388,test
img13692,7203,images/img13692.jpg,78.0,83.0509557408683,5.050955740868304,test
img13695,7205,images/img13695.jpg,40.0,71.12378048358072,31.123780483580717,test
img13696,7205,images/img13696.jpg,40.0,47.04681456748286,7.046814567482862,test
img13704,7209,images/img13704.jpg,41.0,33.13304878261535,7.866951217384653,test
img13734,7225,images/img13734.jpg,42.0,41.191896452963704,0.8081035470362963,test
img13735,7225,images/img13735.jpg,42.0,43.526908657919954,1.5269086579199538,test
img13748,7232,images/img13748.jpg,75.0,71.56898074953395,3.4310192504660506,test
img13749,7232,images/img13749.jpg,75.0,71.71672356363092,3.2832764363690785,test
img13756,7236,images/img13756.jpg,42.0,45.59985371956105,3.5998537195610467,test
img13757,7236,images/img13757.jpg,42.0,65.13655769094467,23.13655769094467,test
img13770,7243,images/img13770.jpg,65.0,62.40063818153842,2.599361818461581,test
img13771,7243,images/img13771.jpg,65.0,68.34385375260459,3.3438537526045877,test
img13831,7274,images/img13831.jpg,66.0,67.42901700334305,1.4290170033430485,test
img13832,7274,images/img13832.jpg,66.0,74.3929637795494,8.392963779549405,test
img13839,7278,images/img13839.jpg,36.0,27.70568485724834,8.29431514275166,test
img13840,7278,images/img13840.jpg,36.0,30.09297874512735,5.9070212548726495,test
img13868,7293,images/img13868.jpg,77.0,71.19563644254957,5.804363557450429,test
img13869,7293,images/img13869.jpg,77.0,66.07777412535235,10.922225874647651,test
img13893,7306,images/img13893.jpg,73.0,64.19230063465062,8.807699365349379,test
img13894,7306,images/img13894.jpg,73.0,79.73928226244163,6.739282262441634,test
img13895,7307,images/img13895.jpg,62.0,64.03412613176486,2.0341261317648645,test
img13896,7307,images/img13896.jpg,62.0,61.52438450285971,0.4756154971402893,test
img13909,7314,images/img13909.jpg,79.0,77.7633709922187,1.2366290077813034,test
img13910,7314,images/img13910.jpg,79.0,72.97153848429883,6.028461515701167,test
img13912,7315,images/img13912.jpg,82.0,84.1288103939472,2.128810393947205,test
img13931,7325,images/img13931.jpg,63.0,65.29505719573936,2.2950571957393606,test
img13932,7325,images/img13932.jpg,63.0,71.71088225415338,8.710882254153375,test
img14017,7368,images/img14017.jpg,77.0,74.93034025805356,2.069659741946438,test
img14018,7368,images/img14018.jpg,77.0,76.28603446252532,0.7139655374746781,test
img14027,7373,images/img14027.jpg,81.0,78.50673760680945,2.493262393190548,test
img14052,7386,images/img14052.jpg,70.0,70.49996222218078,0.499962222180784,test
img14053,7386,images/img14053.jpg,70.0,61.694797290716,8.305202709284004,test
img14054,7387,images/img14054.jpg,69.0,71.1033751623849,2.103375162384907,test
img14055,7387,images/img14055.jpg,69.0,74.03259555549329,5.0325955554932875,test
img14060,7390,images/img14060.jpg,79.0,76.10772401922065,2.8922759807793454,test
img14061,7390,images/img14061.jpg,79.0,74.44026791645733,4.55973208354267,test
img14078,7399,images/img14078.jpg,73.0,62.0003274409951,10.9996725590049,test
img14079,7399,images/img14079.jpg,73.0,69.30240871167135,3.6975912883286526,test
img14088,7404,images/img14088.jpg,80.0,74.56858913996878,5.431410860031221,test
img14101,7411,images/img14101.jpg,62.0,62.64491528747537,0.6449152874753707,test
img14102,7411,images/img14102.jpg,62.0,63.0620961354969,1.0620961354969012,test
img14125,7422,images/img14125.jpg,76.0,80.199048721334,4.199048721333995,test
img14126,7422,images/img14126.jpg,76.0,80.71640377351466,4.7164037735146565,test
img14136,7428,images/img14136.jpg,69.0,65.9745303981304,3.0254696018696023,test
img14149,7435,images/img14149.jpg,56.0,65.91304941620781,9.913049416207812,test
img14150,7435,images/img14150.jpg,56.0,66.23214785088014,10.23214785088014,test
img14211,7467,images/img14211.jpg,77.0,75.90303825321155,1.0969617467884518,test
img14212,7467,images/img14212.jpg,77.0,69.02864368085504,7.97135631914496,test
img14234,7478,images/img14234.jpg,66.0,74.17876134690458,8.17876134690458,test
img14235,7479,images/img14235.jpg,69.0,72.74407641001324,3.744076410013235,test
img14236,7479,images/img14236.jpg,69.0,69.20792694866569,0.2079269486656869,test
img14241,7482,images/img14241.jpg,67.0,65.77878872827988,1.2212112717201222,test
img14242,7482,images/img14242.jpg,67.0,68.44038368200285,1.440383682002846,test
img14273,7498,images/img14273.jpg,56.0,57.9308034961262,1.9308034961262024,test
img14274,7498,images/img14274.jpg,56.0,52.85517779446136,3.144822205538638,test
img14285,7504,images/img14285.jpg,64.0,45.21592394771688,18.78407605228312,test
img14286,7504,images/img14286.jpg,64.0,58.30388333008065,5.696116669919348,test
img14297,7510,images/img14297.jpg,67.0,65.38050870436224,1.6194912956377578,test
img14298,7510,images/img14298.jpg,67.0,65.66590618605372,1.334093813946282,test
img14319,7520,images/img14319.jpg,64.0,63.5846888442806,0.4153111557194009,test
img14327,7524,images/img14327.jpg,51.0,51.78907228757393,0.78907228757393,test
img14328,7524,images/img14328.jpg,51.0,55.90539677998345,4.905396779983448,test
img14331,7526,images/img14331.jpg,61.0,55.12724323707348,5.872756762926521,test
img14332,7526,images/img14332.jpg,61.0,63.446422344233355,2.446422344233355,test
img14352,7537,images/img14352.jpg,59.0,61.968030103641134,2.9680301036411336,test
img14353,7537,images/img14353.jpg,59.0,57.15340131564121,1.8465986843587885,test
img14418,7571,images/img14418.jpg,73.0,78.05502203413127,5.0550220341312695,test
img14419,7571,images/img14419.jpg,73.0,76.97121482931068,3.971214829310682,test
img14422,7573,images/img14422.jpg,83.0,76.47915103306434,6.5208489669356595,test
img14423,7573,images/img14423.jpg,83.0,75.02133643011629,7.978663569883707,test
img14454,7589,images/img14454.jpg,75.0,60.3151620060256,14.684837993974398,test
img14455,7589,images/img14455.jpg,75.0,70.10902855013782,4.890971449862178,test
img14470,7597,images/img14470.jpg,83.0,77.18554377276571,5.814456227234288,test
img14471,7597,images/img14471.jpg,83.0,84.65438210512782,1.654382105127823,test
img14476,7600,images/img14476.jpg,69.0,61.96645635278674,7.033543647213257,test
img14477,7600,images/img14477.jpg,69.0,56.83279470306677,12.167205296933233,test
img14484,7604,images/img14484.jpg,42.0,50.108212037287515,8.108212037287515,test
img14485,7604,images/img14485.jpg,42.0,47.670235846685294,5.670235846685294,test
img14502,7613,images/img14502.jpg,56.0,49.020548433976906,6.979451566023094,test
img14503,7613,images/img14503.jpg,56.0,54.91339198098798,1.0866080190120186,test
img14512,7618,images/img14512.jpg,77.0,70.66820414997078,6.3317958500292235,test
img14513,7618,images/img14513.jpg,77.0,71.16557485658264,5.834425143417363,test
img14518,7621,images/img14518.jpg,56.0,56.81887176579346,0.8188717657934603,test
img14519,7621,images/img14519.jpg,56.0,60.16906519572418,4.16906519572418,test
img14532,7628,images/img14532.jpg,65.0,71.0652234282282,6.065223428228194,test
img14533,7628,images/img14533.jpg,65.0,66.0154904541513,1.0154904541513048,test
img14548,7636,images/img14548.jpg,73.0,69.22677051572188,3.773229484278118,test
img14579,7652,images/img14579.jpg,74.0,76.49428870587022,2.4942887058702183,test
img14580,7652,images/img14580.jpg,74.0,72.59243139178807,1.407568608211932,test
img14591,7658,images/img14591.jpg,63.0,56.70547575054296,6.294524249457041,test
img14592,7658,images/img14592.jpg,63.0,63.681483792014,0.6814837920139993,test
img14595,7660,images/img14595.jpg,56.0,51.6206422294843,4.379357770515703,test
img14596,7660,images/img14596.jpg,56.0,50.77039415657331,5.22960584342669,test
img14615,7670,images/img14615.jpg,65.0,65.87145462491507,0.8714546249150743,test
img14616,7670,images/img14616.jpg,65.0,59.3726142089322,5.627385791067802,test
img14631,7678,images/img14631.jpg,59.0,58.511014244679856,0.4889857553201437,test
img14632,7678,images/img14632.jpg,59.0,63.10312435466985,4.103124354669852,test
img14653,7689,images/img14653.jpg,58.0,55.25673005048488,2.743269949515117,test
img14654,7689,images/img14654.jpg,58.0,56.454273063868904,1.5457269361310964,test
img14687,7706,images/img14687.jpg,72.0,61.37934149488888,10.620658505111116,test
img14688,7706,images/img14688.jpg,72.0,71.26954711157363,0.7304528884263704,test
img14693,7709,images/img14693.jpg,61.0,63.83446480801923,2.834464808019227,test
img14694,7709,images/img14694.jpg,61.0,63.24064160534983,2.240641605349829,test
img14784,7756,images/img14784.jpg,81.0,79.9068196558921,1.0931803441079069,test
img14785,7756,images/img14785.jpg,81.0,68.49064773562512,12.509352264374884,test
img14819,7774,images/img14819.jpg,67.0,77.90661176644949,10.906611766449489,test
img14820,7774,images/img14820.jpg,67.0,60.95526962484834,6.044730375151659,test
img14860,7796,images/img14860.jpg,50.0,51.15773045010401,1.1577304501040118,test
img14861,7796,images/img14861.jpg,50.0,45.98505950561147,4.014940494388533,test
img14876,7804,images/img14876.jpg,60.0,61.48612207174408,1.4861220717440844,test
img14877,7804,images/img14877.jpg,60.0,56.5820570935791,3.4179429064208975,test
img14884,7808,images/img14884.jpg,70.0,64.49725221609518,5.502747783904823,test
img14885,7808,images/img14885.jpg,70.0,64.6402306985169,5.359769301483098,test
img14890,7811,images/img14890.jpg,54.0,57.59900081317596,3.5990008131759623,test
img14891,7811,images/img14891.jpg,54.0,50.28338915681905,3.716610843180952,test
img14945,7838,images/img14945.jpg,52.0,53.519135427531594,1.5191354275315945,test
img14946,7838,images/img14946.jpg,52.0,54.55148981335827,2.5514898133582733,test
img14988,7860,images/img14988.jpg,42.0,56.637001774525906,14.637001774525906,test
img15003,7868,images/img15003.jpg,61.0,58.453372484132984,2.5466275158670157,test
img15004,7868,images/img15004.jpg,61.0,68.0071997617971,7.0071997617970965,test
img15047,7890,images/img15047.jpg,52.0,51.62313809145952,0.3768619085404765,test
img15048,7890,images/img15048.jpg,52.0,57.28587619714875,5.2858761971487525,test
img15097,7916,images/img15097.jpg,70.0,71.30141038597539,1.3014103859753874,test
img15114,7925,images/img15114.jpg,77.0,75.18056555329046,1.819434446709536,test
img15115,7925,images/img15115.jpg,77.0,80.52108416990158,3.5210841699015845,test
img15132,7934,images/img15132.jpg,64.0,63.53964990524139,0.4603500947586099,test
img15133,7934,images/img15133.jpg,64.0,62.556547486555445,1.443452513444555,test
img15138,7937,images/img15138.jpg,52.0,51.88274209111243,0.1172579088875664,test
img15139,7937,images/img15139.jpg,52.0,54.12243848873463,2.1224384887346304,test
img15147,7941,images/img15147.jpg,68.0,66.36632456180476,1.6336754381952403,test
img15168,7954,images/img15168.jpg,54.0,51.01228446157831,2.987715538421689,test
img15169,7954,images/img15169.jpg,54.0,50.33491668262759,3.6650833173724062,test
img15182,7961,images/img15182.jpg,83.0,78.85118946221075,4.148810537789245,test
img15183,7961,images/img15183.jpg,83.0,66.00102350676154,16.99897649323846,test
img15209,7975,images/img15209.jpg,85.0,77.83565447047717,7.1643455295228335,test
img15242,7993,images/img15242.jpg,63.0,55.19988075474367,7.800119245256333,test
img15243,7993,images/img15243.jpg,63.0,58.36517509109317,4.634824908906836,test
img15275,8010,images/img15275.jpg,61.0,54.74642988454076,6.25357011545924,test
img15276,8010,images/img15276.jpg,61.0,56.615600794168195,4.384399205831805,test
img15295,8020,images/img15295.jpg,47.0,54.77192617523641,7.771926175236409,test
img15296,8020,images/img15296.jpg,47.0,51.382491627653025,4.382491627653025,test
img15307,8026,images/img15307.jpg,56.0,61.74846350358307,5.748463503583068,test
img15308,8027,images/img15308.jpg,64.0,63.64155490815721,0.358445091842789,test
img15313,8030,images/img15313.jpg,48.0,55.697156578247885,7.697156578247885,test
img15314,8030,images/img15314.jpg,48.0,57.11492553385969,9.11492553385969,test
img15319,8033,images/img15319.jpg,68.0,73.02697203137208,5.0269720313720825,test
img15320,8033,images/img15320.jpg,68.0,67.11087721524108,0.8891227847589249,test
img15335,8042,images/img15335.jpg,67.0,75.70245536365027,8.702455363650273,test
img15336,8042,images/img15336.jpg,67.0,61.374594067675346,5.625405932324654,test
img15339,8044,images/img15339.jpg,74.0,73.98667649383489,0.0133235061651078,test
img15342,8046,images/img15342.jpg,60.0,69.5710064302575,9.571006430257498,test
img15343,8046,images/img15343.jpg,60.0,69.76782889504683,9.767828895046833,test
img15358,8054,images/img15358.jpg,83.0,75.8615928755481,7.138407124451902,test
img15394,8073,images/img15394.jpg,69.0,71.08936954320816,2.0893695432081643,test
img15400,8076,images/img15400.jpg,66.0,66.9965965104402,0.9965965104401988,test
img15401,8076,images/img15401.jpg,66.0,69.02547000449589,3.0254700044958867,test
img15402,8077,images/img15402.jpg,78.0,78.49571589777659,0.4957158977765914,test
img15403,8077,images/img15403.jpg,78.0,78.69950300078914,0.6995030007891359,test
img15408,8080,images/img15408.jpg,55.0,54.231043929496344,0.7689560705036556,test
img15409,8080,images/img15409.jpg,55.0,56.65455555841912,1.6545555584191192,test
img15420,8086,images/img15420.jpg,65.0,65.174650532138,0.1746505321380027,test
img15426,8090,images/img15426.jpg,63.0,64.42143516003475,1.421435160034747,test
img15427,8090,images/img15427.jpg,63.0,64.1756808222667,1.175680822266699,test
img15432,8093,images/img15432.jpg,58.0,63.39628807325258,5.3962880732525775,test
img15433,8093,images/img15433.jpg,58.0,69.64543622984753,11.645436229847531,test
img15440,8097,images/img15440.jpg,59.0,58.56470336036602,0.4352966396339823,test
img15441,8097,images/img15441.jpg,59.0,59.397793404644545,0.3977934046445455,test
img15442,8098,images/img15442.jpg,74.0,81.86898050977955,7.868980509779547,test
img15443,8098,images/img15443.jpg,74.0,76.63971942584986,2.6397194258498615,test
img15448,8101,images/img15448.jpg,72.0,74.99485640881035,2.9948564088103495,test
img15449,8101,images/img15449.jpg,72.0,68.01109978470444,3.9889002152955584,test
img15464,8109,images/img15464.jpg,68.0,69.70489631063832,1.7048963106383184,test
img15465,8109,images/img15465.jpg,68.0,71.30211273909404,3.302112739094042,test
img15466,8110,images/img15466.jpg,70.0,64.50091721245427,5.499082787545731,test
img15467,8110,images/img15467.jpg,70.0,67.79546865239277,2.2045313476072295,test
img15519,8137,images/img15519.jpg,74.0,69.8305935254487,4.169406474551295,test
img15520,8137,images/img15520.jpg,74.0,69.6426333610355,4.357366638964507,test
img15531,8143,images/img15531.jpg,63.0,56.18359732342954,6.816402676570462,test
img15532,8143,images/img15532.jpg,63.0,56.86305927890049,6.1369407210995135,test
img15535,8145,images/img15535.jpg,81.0,73.20758366268977,7.792416337310229,test
img15538,8147,images/img15538.jpg,58.0,62.965337723213,4.965337723212997,test
img15539,8147,images/img15539.jpg,58.0,62.429780382910586,4.429780382910586,test
img15544,8150,images/img15544.jpg,63.0,69.75597177842252,6.75597177842252,test
img15545,8150,images/img15545.jpg,63.0,67.75012979548458,4.7501297954845825,test
img15558,8157,images/img15558.jpg,46.0,48.0452051632144,2.0452051632143977,test
img15559,8158,images/img15559.jpg,60.0,66.20774871427977,6.207748714279774,test
img15560,8158,images/img15560.jpg,60.0,66.82802958074126,6.8280295807412585,test
img15569,8163,images/img15569.jpg,54.0,53.77278960196891,0.2272103980310902,test
img15570,8163,images/img15570.jpg,54.0,52.38997627847763,1.6100237215223672,test
img15579,8168,images/img15579.jpg,73.0,69.9610741576169,3.038925842383094,test
img15580,8168,images/img15580.jpg,73.0,64.23945208609796,8.760547913902045,test
img15583,8170,images/img15583.jpg,77.0,71.62808747254455,5.37191252745545,test
img15584,8170,images/img15584.jpg,77.0,72.83432878576087,4.165671214239126,test
img15596,8177,images/img15596.jpg,63.0,64.06075665731053,1.0607566573105345,test
img15597,8177,images/img15597.jpg,63.0,68.27928961498877,5.27928961498877,test
img15638,8199,images/img15638.jpg,70.0,62.29353914643686,7.706460853563136,test
img15639,8199,images/img15639.jpg,70.0,64.09048669770593,5.909513302294073,test
img15667,8214,images/img15667.jpg,59.0,68.65514886963095,9.655148869630947,test
img15668,8214,images/img15668.jpg,59.0,64.74134010112206,5.741340101122063,test
img15681,8221,images/img15681.jpg,60.0,60.89900884976188,0.8990088497618771,test
img15682,8221,images/img15682.jpg,60.0,61.26660236793463,1.266602367934631,test
img15693,8227,images/img15693.jpg,58.0,56.93980144526045,1.06019855473955,test
img15694,8227,images/img15694.jpg,58.0,55.845589885075064,2.1544101149249357,test
img15699,8230,images/img15699.jpg,73.0,77.34598783596189,4.345987835961893,test
img15700,8230,images/img15700.jpg,73.0,73.18064776622295,0.1806477662229468,test
img15705,8233,images/img15705.jpg,61.0,57.08845076111645,3.911549238883552,test
img15706,8233,images/img15706.jpg,61.0,65.02566169562168,4.025661695621679,test
img15709,8235,images/img15709.jpg,58.0,58.1520955782151,0.1520955782151034,test
img15710,8235,images/img15710.jpg,58.0,59.09769667554115,1.097696675541151,test
img15724,8243,images/img15724.jpg,66.0,63.66459841598972,2.3354015840102775,test
img15758,8263,images/img15758.jpg,62.0,62.164693884612504,0.1646938846125039,test
img15759,8263,images/img15759.jpg,62.0,61.23067602436585,0.7693239756341512,test
img15800,8285,images/img15800.jpg,63.0,62.347830824387096,0.6521691756129044,test
img15801,8285,images/img15801.jpg,63.0,63.87698007451717,0.8769800745171636,test
img15810,8290,images/img15810.jpg,70.0,68.9578456140059,1.0421543859940954,test
img15811,8290,images/img15811.jpg,70.0,64.44392845490397,5.556071545096032,test
img15837,8304,images/img15837.jpg,59.0,63.632897097237226,4.632897097237226,test
img15838,8304,images/img15838.jpg,59.0,55.431139243945495,3.568860756054505,test
img15841,8306,images/img15841.jpg,71.0,78.23550933585962,7.235509335859618,test
img15842,8306,images/img15842.jpg,71.0,85.02060690720754,14.020606907207537,test
img15845,8308,images/img15845.jpg,70.0,73.05085421862735,3.05085421862735,test
img15846,8308,images/img15846.jpg,70.0,66.1020194858817,3.897980514118302,test
img15864,8318,images/img15864.jpg,63.0,66.8954663862368,3.895466386236805,test
img15865,8318,images/img15865.jpg,63.0,67.17618078673027,4.176180786730271,test
img15868,8320,images/img15868.jpg,62.0,55.84312428753933,6.156875712460668,test
img15869,8320,images/img15869.jpg,62.0,51.52186618789989,10.478133812100111,test
img15874,8323,images/img15874.jpg,63.0,60.801181093948706,2.1988189060512937,test
img15875,8323,images/img15875.jpg,63.0,66.08839339913555,3.0883933991355548,test
img15881,8327,images/img15881.jpg,38.0,48.96461211549416,10.964612115494162,test
img15882,8327,images/img15882.jpg,38.0,52.10986444024824,14.109864440248238,test
img15898,8336,images/img15898.jpg,63.0,69.74181347378521,6.741813473785214,test
img15899,8336,images/img15899.jpg,63.0,71.7865226313237,8.786522631323706,test
img15919,8347,images/img15919.jpg,70.0,74.72692396258813,4.726923962588131,test
img15920,8347,images/img15920.jpg,70.0,71.59859300400261,1.598593004002609,test
img15941,8358,images/img15941.jpg,69.0,73.8588940318772,4.858894031877199,test
img15942,8358,images/img15942.jpg,69.0,75.52782027750379,6.527820277503793,test
img15954,8365,images/img15954.jpg,54.0,55.495943997488034,1.495943997488034,test
img15955,8365,images/img15955.jpg,54.0,56.01940701339702,2.0194070133970214,test
img16037,8409,images/img16037.jpg,63.0,60.7362706875205,2.263729312479498,test
img16038,8409,images/img16038.jpg,63.0,71.64925403982238,8.649254039822381,test
img16059,8420,images/img16059.jpg,57.0,61.85101360256983,4.851013602569829,test
img16060,8420,images/img16060.jpg,57.0,61.26165699492755,4.261656994927556,test
img16071,8426,images/img16071.jpg,87.0,84.36287066135064,2.637129338649359,test
img16072,8426,images/img16072.jpg,87.0,84.68362573327023,2.316374266729767,test
img16079,8430,images/img16079.jpg,52.0,60.435782701924374,8.435782701924374,test
img16080,8430,images/img16080.jpg,52.0,59.70745015214838,7.7074501521483825,test
img16082,8432,images/img16082.jpg,50.0,51.131831178853474,1.1318311788534745,test
img16083,8432,images/img16083.jpg,50.0,58.30407323262224,8.304073232622244,test
img16087,8434,images/img16087.jpg,67.0,61.901379082962336,5.098620917037664,test
img16088,8435,images/img16088.jpg,69.0,70.64114828635635,1.641148286356355,test
img16089,8435,images/img16089.jpg,69.0,64.99224266543767,4.007757334562328,test
img16110,8446,images/img16110.jpg,61.0,77.69153902667935,16.69153902667935,test
img16111,8446,images/img16111.jpg,61.0,69.25701096179978,8.257010961799779,test
img16118,8450,images/img16118.jpg,59.0,58.279786019917545,0.7202139800824554,test
img16119,8450,images/img16119.jpg,59.0,65.36297605104616,6.362976051046161,test
img16124,8453,images/img16124.jpg,54.0,54.30198186713348,0.3019818671334775,test
img16125,8453,images/img16125.jpg,54.0,57.65028595081585,3.6502859508158494,test
img16130,8456,images/img16130.jpg,63.0,68.49891674392585,5.498916743925847,test
img16131,8456,images/img16131.jpg,63.0,66.4962631605879,3.496263160587901,test
img16150,8466,images/img16150.jpg,72.0,75.39098793017556,3.390987930175555,test
img16151,8466,images/img16151.jpg,72.0,75.98314795193508,3.9831479519350808,test
img16154,8468,images/img16154.jpg,66.0,70.67515788208966,4.675157882089664,test
img16155,8468,images/img16155.jpg,66.0,69.6611541074036,3.661154107403604,test
img16161,8472,images/img16161.jpg,68.0,82.76556480283944,14.765564802839435,test
img16162,8472,images/img16162.jpg,68.0,74.81606827813614,6.816068278136143,test
img16239,8511,images/img16239.jpg,34.0,39.20786013501716,5.207860135017157,test
img16240,8511,images/img16240.jpg,34.0,38.656724515294066,4.656724515294066,test
img16243,8513,images/img16243.jpg,29.0,32.46041043580604,3.4604104358060397,test
img16244,8513,images/img16244.jpg,29.0,32.0059181689662,3.005918168966197,test
img16247,8515,images/img16247.jpg,20.0,29.053358712598033,9.053358712598031,test
img16248,8515,images/img16248.jpg,20.0,29.296307455027964,9.296307455027964,test
img16261,8522,images/img16261.jpg,33.0,31.845273433450387,1.1547265665496127,test
img16262,8522,images/img16262.jpg,33.0,28.827059229033697,4.172940770966303,test
img16263,8523,images/img16263.jpg,19.0,20.02732281099768,1.0273228109976813,test
img16264,8523,images/img16264.jpg,19.0,19.519041637617093,0.519041637617093,test
img16265,8524,images/img16265.jpg,20.0,27.869797733940135,7.869797733940136,test
img16266,8524,images/img16266.jpg,20.0,18.123221694105432,1.876778305894568,test
