image_id,patient_id,image_path,age_true,age_pred,absolute_error,split
img00001,1,images/img00001.jpg,48.0,44.10074424318926,3.899255756810738,validation
img00002,1,images/img00002.jpg,48.0,44.689776394227806,3.310223605772194,validation
img00015,8,images/img00015.jpg,28.0,35.42264360671224,7.422643606712242,validation
img00016,8,images/img00016.jpg,28.0,33.457675521571026,5.457675521571026,validation
img00029,15,images/img00029.jpg,26.0,28.512778020642607,2.5127780206426067,validation
img00030,15,images/img00030.jpg,26.0,30.066644865619384,4.066644865619384,validation
img00047,24,images/img00047.jpg,13.0,19.445168049347735,6.4451680493477355,validation
img00048,24,images/img00048.jpg,13.0,18.386499415000884,5.386499415000884,validation
img00070,36,images/img00070.jpg,39.0,39.488812288584946,0.4888122885849455,validation
img00071,36,images/img00071.jpg,39.0,38.34019228696988,0.6598077130301192,validation
img00074,38,images/img00074.jpg,37.0,35.59076774857551,1.4092322514244913,validation
img00075,38,images/img00075.jpg,37.0,35.200451362037455,1.7995486379625447,validation
img00094,48,images/img00094.jpg,20.0,21.86075455307185,1.8607545530718497,validation
img00095,48,images/img00095.jpg,20.0,20.6448569750844,0.6448569750844015,validation
img00096,49,images/img00096.jpg,20.0,21.201681218824454,1.2016812188244543,validation
img00097,49,images/img00097.jpg,20.0,18.39655920563211,1.6034407943678914,validation
img00118,60,images/img00118.jpg,20.0,26.15779455744276,6.1577945574427595,validation
img00119,60,images/img00119.jpg,20.0,24.192915902357026,4.192915902357022,validation
img00130,66,images/img00130.jpg,27.0,25.50190798687972,1.4980920131202815,validation
img00131,66,images/img00131.jpg,27.0,22.9020933876431,4.097906612356901,validation
img00132,67,images/img00132.jpg,18.0,22.562239545826067,4.562239545826067,validation
img00133,67,images/img00133.jpg,18.0,22.134995090036796,4.134995090036796,validation
img00160,81,images/img00160.jpg,28.0,31.608935971463485,3.608935971463485,validation
img00161,81,images/img00161.jpg,28.0,31.799118799938533,3.799118799938533,validation
img00177,90,images/img00177.jpg,25.0,24.730085164878965,0.2699148351210354,validation
img00178,90,images/img00178.jpg,25.0,21.95619169081654,3.0438083091834613,validation
img00191,97,images/img00191.jpg,19.0,23.98474890784675,4.98474890784675,validation
img00192,97,images/img00192.jpg,19.0,26.89989824515245,7.899898245152446,validation
img00197,100,images/img00197.jpg,15.0,23.822634029467665,8.822634029467665,validation
img00198,100,images/img00198.jpg,15.0,24.480440074392256,9.480440074392256,validation
img00209,106,images/img00209.jpg,24.0,24.09574469402434,0.09574469402434,validation
img00210,106,images/img00210.jpg,24.0,22.34957269267048,1.6504273073295224,validation
img00223,113,images/img00223.jpg,16.0,19.577323859140563,3.577323859140563,validation
img00224,113,images/img00224.jpg,16.0,18.62926929731985,2.6292692973198513,validation
img00227,115,images/img00227.jpg,18.0,21.88108353153737,3.881083531537371,validation
img00228,115,images/img00228.jpg,18.0,20.787988688271916,2.7879886882719163,validation
img00253,128,images/img00253.jpg,18.0,22.07310076676022,4.07310076676022,validation
img00254,128,images/img00254.jpg,18.0,22.43592068306905,4.43592068306905,validation
img00255,129,images/img00255.jpg,47.0,51.24537463100185,4.245374631001852,validation
img00256,129,images/img00256.jpg,47.0,52.882242110306635,5.882242110306635,validation
img00269,136,images/img00269.jpg,17.0,22.418060846623156,5.418060846623156,validation
img00270,136,images/img00270.jpg,17.0,21.45621224404966,4.456212244049659,validation
img00271,137,images/img00271.jpg,17.0,20.832972006179055,3.8329720061790553,validation
img00272,137,images/img00272.jpg,17.0,21.430425850978907,4.4304258509789065,validation
img00275,139,images/img00275.jpg,15.0,21.231799516533897,6.231799516533897,validation
img00276,139,images/img00276.jpg,15.0,18.656181200357153,3.656181200357153,validation
img00277,140,images/img00277.jpg,18.0,21.095058780482,3.095058780481999,validation
img00278,140,images/img00278.jpg,18.0,20.81977343872252,2.819773438722521,validation
img00281,142,images/img00281.jpg,16.0,21.101379958549927,5.101379958549927,validation
img00282,142,images/img00282.jpg,16.0,20.157153439347994,4.157153439347994,validation
img00283,143,images/img00283.jpg,14.0,20.982123888955073,6.982123888955073,validation
img00284,143,images/img00284.jpg,14.0,17.267332438731316,3.267332438731316,validation
img00285,144,images/img00285.jpg,24.0,25.68353606712067,1.68353606712067,validation
img00286,144,images/img00286.jpg,24.0,25.691645846298226,1.6916458462982256,validation
img00295,149,images/img00295.jpg,17.0,20.724231602376292,3.724231602376293,validation
img00296,149,images/img00296.jpg,17.0,18.578076043608924,1.5780760436089238,validation
img00319,161,images/img00319.jpg,17.0,21.159845402626097,4.159845402626097,validation
img00320,161,images/img00320.jpg,17.0,23.486030206740075,6.486030206740075,validation
img00329,166,images/img00329.jpg,66.0,58.24699368175343,7.75300631824657,validation
img00330,166,images/img00330.jpg,66.0,59.74607139409636,6.2539286059036385,validation
img00334,169,images/img00334.jpg,68.0,62.67807366176597,5.321926338234036,validation
img00335,169,images/img00335.jpg,68.0,62.525013031199144,5.474986968800856,validation
img00342,173,images/img00342.jpg,41.0,55.547751946504086,14.547751946504086,validation
img00343,173,images/img00343.jpg,41.0,48.22161031009315,7.221610310093148,validation
img00357,181,images/img00357.jpg,28.0,35.38985767588443,7.3898576758844285,validation
img00358,181,images/img00358.jpg,28.0,30.74751513997471,2.747515139974709,validation
img00366,186,images/img00366.jpg,68.0,70.98978808581921,2.989788085819214,validation
img00367,186,images/img00367.jpg,68.0,66.9573508940195,1.0426491059805016,validation
img00370,188,images/img00370.jpg,83.0,80.66043146488764,2.339568535112363,validation
img00371,188,images/img00371.jpg,83.0,82.86099539692152,0.1390046030784759,validation
img00375,191,images/img00375.jpg,61.0,72.67124653592798,11.671246535927978,validation
img00376,191,images/img00376.jpg,61.0,70.98216799072594,9.98216799072594,validation
img00388,198,images/img00388.jpg,64.0,63.63712484857958,0.3628751514204182,validation
img00389,198,images/img00389.jpg,64.0,57.82155064174638,6.178449358253623,validation
img00405,208,images/img00405.jpg,53.0,53.40802294603771,0.4080229460377111,validation
img00406,208,images/img00406.jpg,53.0,53.99465275494563,0.9946527549456334,validation
img00418,215,images/img00418.jpg,66.0,66.08684636823676,0.0868463682367632,validation
img00419,215,images/img00419.jpg,66.0,66.39259682182328,0.3925968218232754,validation
img00439,226,images/img00439.jpg,65.0,66.18470084400553,1.184700844005533,validation
img00440,226,images/img00440.jpg,65.0,64.82849241671475,0.1715075832852477,validation
img00453,233,images/img00453.jpg,78.0,68.6381440717643,9.361855928235698,validation
img00454,233,images/img00454.jpg,78.0,71.30057388777351,6.69942611222649,validation
img00457,235,images/img00457.jpg,54.0,57.373451771834056,3.3734517718340555,validation
img00458,235,images/img00458.jpg,54.0,54.92786656265077,0.9278665626507704,validation
img00467,240,images/img00467.jpg,65.0,72.46817705458014,7.468177054580139,validation
img00472,243,images/img00472.jpg,77.0,74.16767638246662,2.832323617533376,validation
img00473,243,images/img00473.jpg,77.0,82.90741613937895,5.907416139378952,validation
img00474,244,images/img00474.jpg,42.0,41.89033428016896,0.1096657198310424,validation
img00475,244,images/img00475.jpg,42.0,54.86946219275883,12.869462192758832,validation
img00498,257,images/img00498.jpg,59.0,50.69396090561842,8.306039094381582,validation
img00499,257,images/img00499.jpg,59.0,51.20965005036312,7.790349949636884,validation
img00516,268,images/img00516.jpg,84.0,71.89179925639222,12.108200743607782,validation
img00517,268,images/img00517.jpg,84.0,74.22271840039454,9.77728159960546,validation
img00542,281,images/img00542.jpg,85.0,81.84465335346775,3.1553466465322515,validation
img00543,281,images/img00543.jpg,85.0,86.43975064543291,1.439750645432909,validation
img00550,285,images/img00550.jpg,63.0,50.13594462467542,12.864055375324584,validation
img00551,285,images/img00551.jpg,63.0,59.00873571887213,3.9912642811278687,validation
img00560,290,images/img00560.jpg,62.0,60.57319361808716,1.42680638191284,validation
img00561,290,images/img00561.jpg,62.0,60.9959812943432,1.0040187056567973,validation
img00568,294,images/img00568.jpg,65.0,62.59388835185543,2.4061116481445666,validation
img00569,294,images/img00569.jpg,65.0,51.33612214388593,13.66387785611407,validation
img00572,296,images/img00572.jpg,65.0,77.21225718470426,12.212257184704256,validation
img00573,296,images/img00573.jpg,65.0,65.99239895945975,0.9923989594597488,validation
img00577,299,images/img00577.jpg,56.0,52.75251263607395,3.247487363926048,validation
img00578,299,images/img00578.jpg,56.0,52.70308780717965,3.29691219282035,validation
img00589,305,images/img00589.jpg,59.0,61.11661753144064,2.116617531440639,validation
img00590,305,images/img00590.jpg,59.0,59.74644792734826,0.7464479273482567,validation
img00598,310,images/img00598.jpg,78.0,81.56928512531539,3.569285125315389,validation
img00599,310,images/img00599.jpg,78.0,80.38172378759035,2.381723787590346,validation
img00600,311,images/img00600.jpg,27.0,29.46740023848904,2.467400238489038,validation
img00601,311,images/img00601.jpg,27.0,27.296967691489776,0.2969676914897761,validation
img00602,312,images/img00602.jpg,60.0,67.1046847292042,7.104684729204195,validation
img00603,312,images/img00603.jpg,60.0,67.62434860367088,7.624348603670882,validation
img00621,322,images/img00621.jpg,45.0,43.33565375938956,1.664346240610442,validation
img00622,322,images/img00622.jpg,45.0,44.62710991876487,0.372890081235127,validation
img00641,332,images/img00641.jpg,17.0,16.33089942168145,0.6691005783185489,validation
img00642,332,images/img00642.jpg,17.0,15.85390131795242,1.1460986820475796,validation
img00661,342,images/img00661.jpg,70.0,66.81839294695791,3.181607053042086,validation
img00662,342,images/img00662.jpg,70.0,65.8278711054983,4.1721288945016965,validation
img00667,345,images/img00667.jpg,60.0,63.58990141684369,3.589901416843688,validation
img00668,345,images/img00668.jpg,60.0,65.07750658906613,5.077506589066132,validation
img00686,355,images/img00686.jpg,22.0,25.794887392299316,3.794887392299316,validation
img00732,379,images/img00732.jpg,49.0,43.902676301285794,5.097323698714206,validation
img00733,379,images/img00733.jpg,49.0,48.362522631050126,0.6374773689498738,validation
img00772,400,images/img00772.jpg,90.0,85.03469541277715,4.965304587222846,validation
img00773,400,images/img00773.jpg,90.0,88.32566038030772,1.674339619692276,validation
img00776,402,images/img00776.jpg,55.0,49.11091805034606,5.889081949653942,validation
img00777,402,images/img00777.jpg,55.0,52.75040993915971,2.2495900608402906,validation
img00782,405,images/img00782.jpg,63.0,65.7855003448827,2.7855003448827063,validation
img00783,405,images/img00783.jpg,63.0,55.52046719102511,7.479532808974888,validation
img00792,410,images/img00792.jpg,60.0,62.38201491778963,2.3820149177896326,validation
img00793,410,images/img00793.jpg,60.0,61.73751132096529,1.7375113209652897,validation
img00800,414,images/img00800.jpg,50.0,54.37087954530364,4.370879545303637,validation
img00801,414,images/img00801.jpg,50.0,51.906751334483104,1.906751334483104,validation
img00810,419,images/img00810.jpg,55.0,62.69406473723542,7.694064737235422,validation
img00811,419,images/img00811.jpg,55.0,57.44393240288412,2.4439324028841227,validation
img00823,426,images/img00823.jpg,66.0,64.87140902785191,1.1285909721480891,validation
img00824,426,images/img00824.jpg,66.0,59.66787012730376,6.3321298726962425,validation
img00825,427,images/img00825.jpg,69.0,61.35442295506996,7.645577044930043,validation
img00826,427,images/img00826.jpg,69.0,70.38619628550413,1.386196285504127,validation
img00829,429,images/img00829.jpg,60.0,81.78880101198833,21.78880101198833,validation
img00839,435,images/img00839.jpg,63.0,62.03023252436495,0.9697674756350524,validation
img00840,435,images/img00840.jpg,63.0,59.00234187888413,3.997658121115869,validation
img00866,449,images/img00866.jpg,64.0,63.21756810573042,0.7824318942695783,validation
img00867,449,images/img00867.jpg,64.0,61.87925986747153,2.120740132528468,validation
img00901,466,images/img00901.jpg,71.0,64.36983619924287,6.630163800757131,validation
img00912,472,images/img00912.jpg,76.0,73.68910779971449,2.310892200285508,validation
img00913,472,images/img00913.jpg,76.0,79.58063552523852,3.58063552523852,validation
img00954,494,images/img00954.jpg,45.0,42.5404242562822,2.4595757437177994,validation
img00955,494,images/img00955.jpg,45.0,50.58556786123847,5.5855678612384665,validation
img00996,516,images/img00996.jpg,38.0,40.18644088284914,2.1864408828491406,validation
img00997,516,images/img00997.jpg,38.0,48.00774596668246,10.007745966682457,validation
img01052,547,images/img01052.jpg,66.0,66.67448471914231,0.6744847191423133,validation
img01053,547,images/img01053.jpg,66.0,68.35696943366824,2.3569694336682403,validation
img01058,550,images/img01058.jpg,79.0,83.35002729616497,4.350027296164967,validation
img01059,550,images/img01059.jpg,79.0,80.807746759695,1.807746759694993,validation
img01066,554,images/img01066.jpg,88.0,73.43343272414539,14.56656727585461,validation
img01067,554,images/img01067.jpg,88.0,74.15221479836224,13.847785201637762,validation
img01089,566,images/img01089.jpg,54.0,47.64437311088425,6.355626889115747,validation
img01090,566,images/img01090.jpg,54.0,50.17990331408103,3.820096685918969,validation
img01110,577,images/img01110.jpg,70.0,68.18416548243826,1.81583451756174,validation
img01111,577,images/img01111.jpg,70.0,68.77131851170127,1.228681488298733,validation
img01113,579,images/img01113.jpg,67.0,63.147904273731285,3.852095726268715,validation
img01114,579,images/img01114.jpg,67.0,57.529442770388805,9.470557229611195,validation
img01123,584,images/img01123.jpg,50.0,49.38367862895383,0.616321371046169,validation
img01124,584,images/img01124.jpg,50.0,45.32886756412727,4.671132435872728,validation
img01189,619,images/img01189.jpg,87.0,84.11456920291701,2.8854307970829893,validation
img01212,631,images/img01212.jpg,30.0,32.583278607153986,2.5832786071539857,validation
img01213,631,images/img01213.jpg,30.0,29.151524557645335,0.8484754423546619,validation
img01229,640,images/img01229.jpg,47.0,55.20346081981531,8.203460819815312,validation
img01247,650,images/img01247.jpg,43.0,39.49488916991595,3.5051108300840497,validation
img01248,650,images/img01248.jpg,43.0,38.89470007415088,4.105299925849117,validation
img01276,666,images/img01276.jpg,79.0,81.82520995067358,2.8252099506735817,validation
img01277,666,images/img01277.jpg,79.0,83.5906617632567,4.590661763256705,validation
img01303,681,images/img01303.jpg,59.0,50.1616486766585,8.838351323341499,validation
img01305,682,images/img01305.jpg,71.0,77.57418498167914,6.574184981679139,validation
img01335,698,images/img01335.jpg,18.0,19.622431506637028,1.622431506637028,validation
img01336,698,images/img01336.jpg,18.0,22.30836288686049,4.308362886860486,validation
img01345,703,images/img01345.jpg,41.0,44.17555248459944,3.175552484599436,validation
img01350,706,images/img01350.jpg,65.0,55.21507282174488,9.784927178255124,validation
img01424,745,images/img01424.jpg,74.0,76.51089870276023,2.5108987027602296,validation
img01425,745,images/img01425.jpg,74.0,73.55422328261906,0.4457767173809372,validation
img01437,753,images/img01437.jpg,86.0,78.4012995713969,7.598700428603095,validation
img01438,753,images/img01438.jpg,86.0,76.36135420022845,9.638645799771552,validation
img01439,754,images/img01439.jpg,67.0,76.65794570740114,9.65794570740114,validation
img01440,754,images/img01440.jpg,67.0,63.49354434919901,3.506455650800987,validation
img01475,773,images/img01475.jpg,65.0,66.84157714353626,1.841577143536256,validation
img01476,773,images/img01476.jpg,65.0,67.53732225358317,2.53732225358317,validation
img01490,780,images/img01490.jpg,59.0,56.57343684055589,2.4265631594441075,validation
img01549,811,images/img01549.jpg,42.0,43.83052805872097,1.830528058720972,validation
img01550,811,images/img01550.jpg,42.0,42.38387367233074,0.3838736723307434,validation
img01650,864,images/img01650.jpg,51.0,63.873526656582015,12.873526656582015,validation
img01678,881,images/img01678.jpg,76.0,27.149556422964345,48.850443577035655,validation
img01679,881,images/img01679.jpg,76.0,27.774070493820343,48.225929506179654,validation
img01698,891,images/img01698.jpg,21.0,26.310030686522452,5.3100306865224525,validation
img01699,891,images/img01699.jpg,21.0,26.870942538164268,5.870942538164268,validation
img01724,904,images/img01724.jpg,13.0,15.835094831650949,2.8350948316509488,validation
img01725,904,images/img01725.jpg,13.0,15.204953210962216,2.2049532109622163,validation
img01765,928,images/img01765.jpg,82.0,76.88096245356306,5.119037546436942,validation
img01766,928,images/img01766.jpg,82.0,75.12703839325356,6.872961606746443,validation
img01790,941,images/img01790.jpg,77.0,75.16215168674476,1.837848313255236,validation
img01791,941,images/img01791.jpg,77.0,75.41194073780858,1.5880592621914218,validation
img01794,943,images/img01794.jpg,62.0,62.89812394755093,0.8981239475509284,validation
img01795,943,images/img01795.jpg,62.0,65.3939777432061,3.3939777432060936,validation
img01827,961,images/img01827.jpg,41.0,22.996956864300188,18.003043135699812,validation
img01828,961,images/img01828.jpg,41.0,26.253292769371683,14.746707230628315,validation
img01854,975,images/img01854.jpg,53.0,54.05679301087478,1.0567930108747774,validation
img01855,975,images/img01855.jpg,53.0,56.80804623031218,3.808046230312179,validation
img01862,979,images/img01862.jpg,55.0,52.77962739265173,2.220372607348267,validation
img01883,993,images/img01883.jpg,69.0,62.53199075674756,6.468009243252439,validation
img01884,993,images/img01884.jpg,69.0,67.53058773416124,1.4694122658387556,validation
img01892,998,images/img01892.jpg,71.0,71.58652430895435,0.5865243089543526,validation
img01893,998,images/img01893.jpg,71.0,70.69459910366297,0.3054008963370336,validation
img01911,1008,images/img01911.jpg,81.0,64.24172219171362,16.75827780828638,validation
img01912,1008,images/img01912.jpg,81.0,79.90249429491601,1.0975057050839894,validation
img01918,1012,images/img01918.jpg,58.0,52.45882596978875,5.541174030211252,validation
img01919,1012,images/img01919.jpg,58.0,56.29264418876389,1.707355811236113,validation
img01932,1019,images/img01932.jpg,59.0,56.640854833021486,2.3591451669785144,validation
img01933,1019,images/img01933.jpg,59.0,62.51279546782683,3.5127954678268267,validation
img01939,1023,images/img01939.jpg,32.0,32.96624209815478,0.9662420981547796,validation
img01940,1023,images/img01940.jpg,32.0,37.793224980320566,5.793224980320566,validation
img01947,1027,images/img01947.jpg,59.0,60.309816651642336,1.3098166516423362,validation
img01948,1027,images/img01948.jpg,59.0,57.84476929479806,1.1552307052019373,validation
img01951,1029,images/img01951.jpg,33.0,28.453006025268063,4.546993974731937,validation
img01952,1029,images/img01952.jpg,33.0,29.124547217982077,3.875452782017923,validation
img01979,1045,images/img01979.jpg,55.0,50.26797119713197,4.7320288028680295,validation
img01980,1045,images/img01980.jpg,55.0,48.395224584874626,6.604775415125374,validation
img02010,1061,images/img02010.jpg,76.0,73.34532666972932,2.654673330270682,validation
img02027,1070,images/img02027.jpg,37.0,43.661300219099815,6.6613002190998145,validation
img02028,1070,images/img02028.jpg,37.0,39.84435783330767,2.8443578333076687,validation
img02087,1103,images/img02087.jpg,69.0,62.496128213889094,6.503871786110906,validation
img02088,1103,images/img02088.jpg,69.0,63.96462643663586,5.035373563364139,validation
img02097,1108,images/img02097.jpg,55.0,60.31839293943248,5.318392939432478,validation
img02098,1108,images/img02098.jpg,55.0,63.11401791697688,8.114017916976877,validation
img02121,1121,images/img02121.jpg,36.0,31.4186986124668,4.581301387533202,validation
img02122,1121,images/img02122.jpg,36.0,34.26988146667379,1.7301185333262126,validation
img02171,1146,images/img02171.jpg,49.0,52.77904555198589,3.779045551985888,validation
img02172,1146,images/img02172.jpg,49.0,50.06867631849171,1.0686763184917112,validation
img02179,1150,images/img02179.jpg,34.0,32.2980272672605,1.701972732739499,validation
img02180,1150,images/img02180.jpg,34.0,36.63266061324657,2.6326606132465713,validation
img02187,1154,images/img02187.jpg,45.0,48.65217458403956,3.6521745840395567,validation
img02188,1154,images/img02188.jpg,45.0,50.05346175765034,5.053461757650339,validation
img02189,1155,images/img02189.jpg,40.0,38.55725866261098,1.4427413373890232,validation
img02206,1164,images/img02206.jpg,56.0,51.60114375086327,4.398856249136728,validation
img02207,1164,images/img02207.jpg,56.0,52.23273261159619,3.767267388403809,validation
img02219,1171,images/img02219.jpg,77.0,74.0450830449477,2.9549169550522976,validation
img02220,1171,images/img02220.jpg,77.0,69.11925159560374,7.8807484043962575,validation
img02226,1175,images/img02226.jpg,76.0,67.02916650040234,8.97083349959766,validation
img02227,1175,images/img02227.jpg,76.0,71.18853984046399,4.811460159536011,validation
img02232,1178,images/img02232.jpg,89.0,81.19435725198272,7.805642748017277,validation
img02233,1178,images/img02233.jpg,89.0,75.82771197184584,13.172288028154156,validation
img02247,1186,images/img02247.jpg,40.0,52.812750867408475,12.812750867408475,validation
img02248,1186,images/img02248.jpg,40.0,50.96755361998635,10.967553619986347,validation
img02257,1191,images/img02257.jpg,79.0,72.83899987024412,6.161000129755877,validation
img02258,1191,images/img02258.jpg,79.0,70.36090721079069,8.639092789209315,validation
img02279,1202,images/img02279.jpg,35.0,31.34114966703925,3.65885033296075,validation
img02280,1202,images/img02280.jpg,35.0,32.363965574021535,2.6360344259784654,validation
img02286,1206,images/img02286.jpg,31.0,31.455168625336277,0.4551686253362774,validation
img02297,1212,images/img02297.jpg,51.0,66.25125480035582,15.251254800355824,validation
img02298,1212,images/img02298.jpg,51.0,60.45820183528416,9.458201835284164,validation
img02338,1233,images/img02338.jpg,19.0,22.174819820597264,3.174819820597264,validation
img02375,1252,images/img02375.jpg,29.0,36.842356643583486,7.842356643583486,validation
img02376,1252,images/img02376.jpg,29.0,30.957544897104032,1.9575448971040323,validation
img02383,1256,images/img02383.jpg,18.0,19.22139223832467,1.2213922383246685,validation
img02408,1269,images/img02408.jpg,63.0,69.39121930042694,6.39121930042694,validation
img02426,1278,images/img02426.jpg,75.0,75.61737030013278,0.6173703001327766,validation
img02445,1288,images/img02445.jpg,63.0,68.5629781101322,5.562978110132207,validation
img02446,1288,images/img02446.jpg,63.0,64.65593603405298,1.655936034052985,validation
img02453,1292,images/img02453.jpg,63.0,70.17991604704244,7.17991604704244,validation
img02454,1292,images/img02454.jpg,63.0,68.62708091953499,5.62708091953499,validation
img02457,1294,images/img02457.jpg,61.0,59.66317068694925,1.3368293130507496,validation
img02458,1294,images/img02458.jpg,61.0,57.7280141312517,3.2719858687483026,validation
img02479,1305,images/img02479.jpg,80.0,69.52986533290476,10.470134667095238,validation
img02480,1305,images/img02480.jpg,80.0,74.16977580754957,5.83022419245043,validation
img02487,1309,images/img02487.jpg,44.0,43.07557698011408,0.9244230198859212,validation
img02488,1309,images/img02488.jpg,44.0,40.25372718410498,3.7462728158950185,validation
img02555,1345,images/img02555.jpg,78.0,73.52993866011414,4.470061339885859,validation
img02556,1345,images/img02556.jpg,78.0,70.7795412972138,7.220458702786203,validation
img02569,1352,images/img02569.jpg,73.0,69.01063224955901,3.989367750440991,validation
img02570,1352,images/img02570.jpg,73.0,65.3382600921151,7.661739907884893,validation
img02571,1353,images/img02571.jpg,82.0,66.04706089965188,15.952939100348118,validation
img02572,1353,images/img02572.jpg,82.0,73.30423792167736,8.695762078322645,validation
img02614,1377,images/img02614.jpg,63.0,63.14333352540784,0.14333352540784,validation
img02615,1377,images/img02615.jpg,63.0,57.938791399587906,5.061208600412094,validation
img02634,1387,images/img02634.jpg,75.0,72.35559115839169,2.6444088416083105,validation
img02635,1387,images/img02635.jpg,75.0,71.54887643681757,3.451123563182435,validation
img02636,1388,images/img02636.jpg,52.0,56.190725280565054,4.190725280565054,validation
img02637,1388,images/img02637.jpg,52.0,56.10486779220859,4.104867792208587,validation
img02642,1391,images/img02642.jpg,64.0,62.76677737069917,1.2332226293008333,validation
img02643,1391,images/img02643.jpg,64.0,55.274243345465784,8.725756654534216,validation
img02655,1398,images/img02655.jpg,64.0,67.61843422329434,3.618434223294344,validation
img02666,1405,images/img02666.jpg,68.0,69.55219776273516,1.5521977627351615,validation
img02669,1407,images/img02669.jpg,62.0,78.42056411408011,16.420564114080108,validation
img02670,1407,images/img02670.jpg,62.0,70.10208790534412,8.10208790534412,validation
img02759,1455,images/img02759.jpg,59.0,55.752218772468815,3.247781227531185,validation
img02775,1465,images/img02775.jpg,67.0,67.32878008908405,0.3287800890840486,validation
img02776,1465,images/img02776.jpg,67.0,67.86859735373659,0.8685973537365896,validation
img02845,1502,images/img02845.jpg,68.0,64.48914788996979,3.510852110030214,validation
img02847,1502,images/img02847.jpg,68.0,66.37348932704238,1.6265106729576218,validation
img02872,1518,images/img02872.jpg,89.0,85.006500951871,3.993499048128996,validation
img02873,1518,images/img02873.jpg,89.0,81.0732776817444,7.9267223182556,validation
img02949,1559,images/img02949.jpg,59.0,54.59086821159915,4.409131788400849,validation
img02950,1559,images/img02950.jpg,59.0,51.65291720932439,7.347082790675607,validation
img02960,1565,images/img02960.jpg,52.0,50.384854643730485,1.6151453562695153,validation
img02961,1565,images/img02961.jpg,52.0,46.43684378674691,5.563156213253087,validation
img02962,1566,images/img02962.jpg,44.0,43.35428356680094,0.6457164331990626,validation
img02963,1566,images/img02963.jpg,44.0,48.044816905900355,4.044816905900355,validation
img03013,1594,images/img03013.jpg,64.0,58.56180942558285,5.438190574417149,validation
img03014,1594,images/img03014.jpg,64.0,53.471128119547195,10.528871880452805,validation
img03027,1601,images/img03027.jpg,56.0,59.21701845441457,3.2170184544145712,validation
img03035,1606,images/img03035.jpg,61.0,65.34435442321303,4.3443544232130336,validation
img03036,1606,images/img03036.jpg,61.0,64.46197860287037,3.4619786028703743,validation
img03043,1610,images/img03043.jpg,69.0,62.70361248626849,6.29638751373151,validation
img03044,1610,images/img03044.jpg,69.0,60.227988968834694,8.772011031165306,validation
img03090,1638,images/img03090.jpg,73.0,66.63801906871457,6.36198093128543,validation
img03091,1638,images/img03091.jpg,73.0,70.80607475843095,2.1939252415690476,validation
img03095,1640,images/img03095.jpg,54.0,55.32094328419399,1.3209432841939872,validation
img03098,1642,images/img03098.jpg,68.0,67.60085031128793,0.3991496887120718,validation
img03099,1642,images/img03099.jpg,68.0,66.81146975193114,1.188530248068858,validation
img03107,1647,images/img03107.jpg,88.0,45.697794898859215,42.302205101140785,validation
img03108,1647,images/img03108.jpg,88.0,51.51826717347198,36.48173282652802,validation
img03120,1655,images/img03120.jpg,72.0,73.18064994744381,1.1806499474438112,validation
img03121,1655,images/img03121.jpg,72.0,72.60720589131984,0.6072058913198362,validation
img03124,1657,images/img03124.jpg,47.0,60.445574747694366,13.445574747694366,validation
img03125,1657,images/img03125.jpg,47.0,53.80640957712514,6.806409577125137,validation
img03136,1664,images/img03136.jpg,76.0,79.14737962474422,3.147379624744218,validation
img03137,1664,images/img03137.jpg,76.0,72.0509389495109,3.9490610504891066,validation
img03142,1667,images/img03142.jpg,71.0,83.68817978570698,12.688179785706978,validation
img03143,1667,images/img03143.jpg,71.0,74.3123643967416,3.3123643967416,validation
img03180,1688,images/img03180.jpg,66.0,70.62561472196342,4.625614721963416,validation
img03181,1688,images/img03181.jpg,66.0,71.4146048427853,5.414604842785295,validation
img03214,1706,images/img03214.jpg,69.0,72.0683123737038,3.0683123737038045,validation
img03215,1706,images/img03215.jpg,69.0,77.20669507149749,8.206695071497492,validation
img03237,1718,images/img03237.jpg,81.0,71.18543378195166,9.81456621804834,validation
img03238,1718,images/img03238.jpg,81.0,71.3797085807702,9.6202914192298,validation
img03243,1721,images/img03243.jpg,70.0,66.35209700340496,3.647902996595036,validation
img03244,1721,images/img03244.jpg,70.0,67.12628426882382,2.8737157311761763,validation
img03263,1732,images/img03263.jpg,56.0,54.09642879317778,1.903571206822221,validation
img03264,1732,images/img03264.jpg,56.0,52.19914944454207,3.8008505554579273,validation
img03290,1746,images/img03290.jpg,61.0,61.7903017736549,0.7903017736549032,validation
img03291,1746,images/img03291.jpg,61.0,59.00878547797313,1.9912145220268729,validation
img03314,1758,images/img03314.jpg,47.0,22.268769365711755,24.731230634288245,validation
img03315,1758,images/img03315.jpg,47.0,51.19402814652513,4.1940281465251275,validation
img03358,1783,images/img03358.jpg,60.0,60.75609743988176,0.7560974398817635,validation
img03361,1784,images/img03361.jpg,62.0,65.73454648016175,3.734546480161754,validation
img03368,1788,images/img03368.jpg,77.0,75.79974217668882,1.2002578233111765,validation
img03369,1788,images/img03369.jpg,77.0,79.37011717463535,2.3701171746353538,validation
img03370,1789,images/img03370.jpg,61.0,64.37752718401426,3.377527184014255,validation
img03371,1789,images/img03371.jpg,61.0,63.959271539411304,2.9592715394113043,validation
img03412,1811,images/img03412.jpg,71.0,70.57050072374693,0.4294992762530683,validation
img03413,1811,images/img03413.jpg,71.0,67.65888823607447,3.3411117639255252,validation
img03432,1822,images/img03432.jpg,77.0,77.56661178283447,0.566611782834471,validation
img03433,1822,images/img03433.jpg,77.0,78.09330027909816,1.093300279098159,validation
img03437,1825,images/img03437.jpg,57.0,54.415103525697,2.584896474303001,validation
img03438,1825,images/img03438.jpg,57.0,59.08036360393425,2.080363603934252,validation
img03474,1847,images/img03474.jpg,31.0,29.887560088907485,1.1124399110925154,validation
img03475,1847,images/img03475.jpg,31.0,26.05988173401584,4.940118265984161,validation
img03487,1854,images/img03487.jpg,75.0,64.71486171573176,10.285138284268244,validation
img03488,1854,images/img03488.jpg,75.0,68.18756927759873,6.812430722401274,validation
img03493,1857,images/img03493.jpg,73.0,76.28548043242552,3.2854804324255156,validation
img03494,1857,images/img03494.jpg,73.0,77.22424953702222,4.224249537022217,validation
img03515,1870,images/img03515.jpg,65.0,62.67267132298758,2.3273286770124173,validation
img03516,1870,images/img03516.jpg,65.0,60.221884549590264,4.778115450409736,validation
img03517,1871,images/img03517.jpg,67.0,69.14397137167131,2.143971371671313,validation
img03518,1871,images/img03518.jpg,67.0,67.48732976195865,0.4873297619586481,validation
img03540,1883,images/img03540.jpg,65.0,69.35843336959913,4.358433369599126,validation
img03541,1883,images/img03541.jpg,65.0,51.92859844267094,13.07140155732906,validation
img03632,1930,images/img03632.jpg,79.0,78.24647215192911,0.7535278480708882,validation
img03633,1930,images/img03633.jpg,79.0,76.74626115902029,2.253738840979707,validation
img03653,1941,images/img03653.jpg,73.0,62.92589525160919,10.074104748390807,validation
img03701,1965,images/img03701.jpg,66.0,68.16060284403979,2.1606028440397864,validation
img03702,1965,images/img03702.jpg,66.0,61.30255815798509,4.697441842014911,validation
img03736,1984,images/img03736.jpg,69.0,68.06752796849233,0.9324720315076718,validation
img03737,1984,images/img03737.jpg,69.0,71.7945975109674,2.7945975109674066,validation
img03743,1988,images/img03743.jpg,60.0,65.14620523083232,5.146205230832322,validation
img03744,1988,images/img03744.jpg,60.0,66.5505302998034,6.550530299803398,validation
img03757,1995,images/img03757.jpg,70.0,73.62064363919134,3.620643639191343,validation
img03758,1995,images/img03758.jpg,70.0,67.43695773790354,2.5630422620964595,validation
img03759,1996,images/img03759.jpg,84.0,80.49965367489904,3.500346325100963,validation
img03796,2017,images/img03796.jpg,37.0,37.605408776484474,0.6054087764844738,validation
img03797,2017,images/img03797.jpg,37.0,33.94014412723048,3.0598558727695178,validation
img03814,2026,images/img03814.jpg,16.0,24.949620682539695,8.949620682539695,validation
img03815,2026,images/img03815.jpg,16.0,16.727619872680314,0.7276198726803145,validation
img03858,2048,images/img03858.jpg,23.0,30.4881810664039,7.4881810664039,validation
img03859,2048,images/img03859.jpg,23.0,25.34849399853271,2.3484939985327102,validation
img03874,2056,images/img03874.jpg,29.0,25.09301850467279,3.9069814953272086,validation
img03875,2056,images/img03875.jpg,29.0,32.78601436170942,3.786014361709419,validation
img03894,2066,images/img03894.jpg,38.0,37.91870407304441,0.0812959269555904,validation
img03895,2066,images/img03895.jpg,38.0,32.77735927731551,5.222640722684488,validation
img03933,2086,images/img03933.jpg,38.0,38.532384019861965,0.5323840198619649,validation
img03934,2086,images/img03934.jpg,38.0,34.54690960390472,3.453090396095277,validation
img03947,2093,images/img03947.jpg,63.0,62.73650856875001,0.2634914312499887,validation
img04017,2132,images/img04017.jpg,71.0,71.23152734127929,0.2315273412792891,validation
img04024,2136,images/img04024.jpg,45.0,44.72412953224742,0.2758704677525827,validation
img04025,2136,images/img04025.jpg,45.0,47.01056267669992,2.0105626766999194,validation
img04033,2141,images/img04033.jpg,68.0,64.58482823384097,3.415171766159034,validation
img04034,2141,images/img04034.jpg,68.0,69.21948087558971,1.21948087558971,validation
img04053,2151,images/img04053.jpg,46.0,47.45705967845764,1.4570596784576395,validation
img04054,2151,images/img04054.jpg,46.0,40.58958175746531,5.410418242534689,validation
img04096,2173,images/img04096.jpg,72.0,69.01075657914834,2.9892434208516647,validation
img04097,2173,images/img04097.jpg,72.0,70.4174531805053,1.582546819494695,validation
img04119,2185,images/img04119.jpg,49.0,55.52431513728428,6.524315137284283,validation
img04120,2185,images/img04120.jpg,49.0,60.33658541206034,11.336585412060336,validation
img04180,2216,images/img04180.jpg,50.0,61.11808849226174,11.11808849226174,validation
img04181,2216,images/img04181.jpg,50.0,54.18114386710599,4.1811438671059875,validation
img04197,2226,images/img04197.jpg,47.0,49.97288091521988,2.972880915219882,validation
img04199,2228,images/img04199.jpg,64.0,63.83901919718618,0.1609808028138175,validation
img04200,2228,images/img04200.jpg,64.0,62.94645434887602,1.053545651123983,validation
img04203,2230,images/img04203.jpg,22.0,27.534114386417745,5.534114386417745,validation
img04204,2230,images/img04204.jpg,22.0,24.969655196188384,2.969655196188384,validation
img04215,2236,images/img04215.jpg,72.0,70.32783335880863,1.6721666411913674,validation
img04216,2236,images/img04216.jpg,72.0,80.4246196771293,8.4246196771293,validation
img04219,2238,images/img04219.jpg,63.0,57.75647981333983,5.24352018666017,validation
img04220,2238,images/img04220.jpg,63.0,62.6988966867575,0.3011033132424998,validation
img04278,2269,images/img04278.jpg,54.0,55.708172152597065,1.708172152597065,validation
img04279,2269,images/img04279.jpg,54.0,54.227697118730994,0.2276971187309939,validation
img04284,2272,images/img04284.jpg,56.0,51.1755799257508,4.824420074249204,validation
img04285,2272,images/img04285.jpg,56.0,57.985662802725074,1.9856628027250736,validation
img04304,2283,images/img04304.jpg,64.0,63.884934441708054,0.1150655582919455,validation
img04305,2283,images/img04305.jpg,64.0,66.16525798651658,2.165257986516579,validation
img04319,2292,images/img04319.jpg,73.0,62.447488079201115,10.552511920798883,validation
img04320,2292,images/img04320.jpg,73.0,59.46822420843047,13.53177579156953,validation
img04340,2303,images/img04340.jpg,77.0,78.79535238927738,1.795352389277383,validation
img04349,2308,images/img04349.jpg,77.0,76.66671857772178,0.333281422278219,validation
img04350,2308,images/img04350.jpg,77.0,76.77853668416562,0.2214633158343844,validation
img04351,2309,images/img04351.jpg,84.0,87.14519237283696,3.1451923728369593,validation
img04352,2309,images/img04352.jpg,84.0,88.566059275546,4.566059275545996,validation
img04359,2313,images/img04359.jpg,29.0,29.661463458883635,0.6614634588836346,validation
img04360,2313,images/img04360.jpg,29.0,31.181852926018255,2.181852926018255,validation
img04363,2315,images/img04363.jpg,43.0,43.196274836700965,0.1962748367009652,validation
img04364,2315,images/img04364.jpg,43.0,57.49931898554563,14.499318985545628,validation
img04395,2332,images/img04395.jpg,63.0,61.04281537815463,1.9571846218453717,validation
img04396,2332,images/img04396.jpg,63.0,61.63572901172315,1.36427098827685,validation
img04425,2348,images/img04425.jpg,65.0,63.97144656897675,1.0285534310232478,validation
img04426,2348,images/img04426.jpg,65.0,62.45069665509412,2.54930334490588,validation
img04449,2360,images/img04449.jpg,52.0,49.56337741933934,2.4366225806606607,validation
img04450,2360,images/img04450.jpg,52.0,70.01548907454602,18.015489074546025,validation
img04470,2371,images/img04470.jpg,33.0,35.25092045042108,2.250920450421077,validation
img04471,2371,images/img04471.jpg,33.0,34.99180886137853,1.99180886137853,validation
img04530,2401,images/img04530.jpg,74.0,80.79786801039559,6.7978680103955895,validation
img04531,2401,images/img04531.jpg,74.0,74.72108265311059,0.7210826531105852,validation
img04534,2403,images/img04534.jpg,77.0,73.96904895741118,3.030951042588825,validation
img04535,2403,images/img04535.jpg,77.0,76.81211221694672,0.1878877830532843,validation
img04562,2418,images/img04562.jpg,68.0,68.12589852946084,0.1258985294608408,validation
img04563,2418,images/img04563.jpg,68.0,64.8752676075628,3.1247323924371955,validation
img04590,2432,images/img04590.jpg,40.0,45.98710985322494,5.987109853224943,validation
img04591,2432,images/img04591.jpg,40.0,42.90741793871697,2.907417938716968,validation
img04597,2436,images/img04597.jpg,29.0,24.69710946783585,4.302890532164149,validation
img04598,2436,images/img04598.jpg,29.0,23.349359269755873,5.6506407302441275,validation
img04600,2437,images/img04600.jpg,50.0,54.608000065581216,4.608000065581216,validation
img04651,2463,images/img04651.jpg,77.0,75.91183947940344,1.08816052059656,validation
img04652,2463,images/img04652.jpg,77.0,66.74544528694592,10.254554713054077,validation
img04669,2472,images/img04669.jpg,69.0,69.37995547587802,0.3799554758780203,validation
img04670,2472,images/img04670.jpg,69.0,67.66726521480805,1.3327347851919455,validation
img04687,2481,images/img04687.jpg,49.0,55.82973813508838,6.829738135088377,validation
img04688,2481,images/img04688.jpg,49.0,49.40727616688616,0.4072761668861631,validation
img04743,2509,images/img04743.jpg,39.0,38.084801860723715,0.9151981392762848,validation
img04744,2509,images/img04744.jpg,39.0,35.67620180743148,3.3237981925685176,validation
img04747,2511,images/img04747.jpg,58.0,65.32952593846483,7.329525938464826,validation
img04748,2511,images/img04748.jpg,58.0,63.4010082352053,5.401008235205303,validation
img04763,2519,images/img04763.jpg,56.0,64.65189314117897,8.651893141178974,validation
img04764,2519,images/img04764.jpg,56.0,59.097533629281465,3.0975336292814646,validation
img04841,2558,images/img04841.jpg,77.0,71.99257275098411,5.00742724901589,validation
img04842,2558,images/img04842.jpg,77.0,71.04007395165014,5.959926048349857,validation
img04899,2589,images/img04899.jpg,56.0,62.70613997594627,6.706139975946272,validation
img04900,2589,images/img04900.jpg,56.0,51.072400544544365,4.927599455455635,validation
img04909,2594,images/img04909.jpg,60.0,65.19069831934996,5.190698319349963,validation
img04910,2594,images/img04910.jpg,60.0,63.51362630440153,3.5136263044015266,validation
img04937,2608,images/img04937.jpg,42.0,44.31743326762064,2.3174332676206433,validation
img04938,2608,images/img04938.jpg,42.0,39.87502143623345,2.124978563766547,validation
img04948,2614,images/img04948.jpg,70.0,72.14718095775493,2.1471809577549266,validation
img04949,2614,images/img04949.jpg,70.0,75.46892077047542,5.468920770475421,validation
img04954,2617,images/img04954.jpg,42.0,54.0515239992218,12.0515239992218,validation
img04957,2619,images/img04957.jpg,89.0,83.24367751043067,5.756322489569328,validation
img04958,2619,images/img04958.jpg,89.0,80.35444980188939,8.645550198110612,validation
img04961,2621,images/img04961.jpg,60.0,55.31735544852301,4.68264455147699,validation
img05037,2660,images/img05037.jpg,68.0,68.93278556748334,0.932785567483336,validation
img05038,2660,images/img05038.jpg,68.0,65.71193485406059,2.288065145939413,validation
img05041,2662,images/img05041.jpg,57.0,62.38011725563673,5.380117255636733,validation
img05042,2662,images/img05042.jpg,57.0,58.90061410016362,1.9006141001636223,validation
img05049,2666,images/img05049.jpg,49.0,41.59809212740186,7.401907872598137,validation
img05050,2666,images/img05050.jpg,49.0,49.09453053798431,0.0945305379843119,validation
img05055,2669,images/img05055.jpg,50.0,51.999177296823106,1.999177296823106,validation
img05056,2669,images/img05056.jpg,50.0,47.73846988840715,2.261530111592847,validation
img05082,2683,images/img05082.jpg,31.0,38.11682218302778,7.116822183027779,validation
img05083,2683,images/img05083.jpg,31.0,35.240260824051866,4.240260824051866,validation
img05084,2684,images/img05084.jpg,71.0,64.78617564131557,6.213824358684434,validation
img05085,2684,images/img05085.jpg,71.0,64.43807460340645,6.561925396593551,validation
img05100,2692,images/img05100.jpg,13.0,24.4793843634934,11.479384363493402,validation
img05101,2692,images/img05101.jpg,13.0,28.440402931107787,15.440402931107789,validation
img05102,2693,images/img05102.jpg,58.0,60.595026548339376,2.5950265483393764,validation
img05103,2693,images/img05103.jpg,58.0,52.00806140940788,5.99193859059212,validation
img05115,2700,images/img05115.jpg,55.0,59.81223818374304,4.812238183743041,validation
img05126,2706,images/img05126.jpg,60.0,61.2391691531105,1.2391691531105025,validation
img05127,2706,images/img05127.jpg,60.0,56.48645902263244,3.513540977367562,validation
img05132,2709,images/img05132.jpg,54.0,58.732649596402446,4.732649596402446,validation
img05133,2709,images/img05133.jpg,54.0,55.57497290127275,1.5749729012727514,validation
img05135,2711,images/img05135.jpg,21.0,50.33033066575809,29.33033066575809,validation
img05136,2711,images/img05136.jpg,21.0,38.3947402583718,17.394740258371797,validation
img05143,2715,images/img05143.jpg,36.0,38.15183514035917,2.151835140359168,validation
img05144,2715,images/img05144.jpg,36.0,40.28684793233564,4.28684793233564,validation
img05153,2720,images/img05153.jpg,23.0,44.586852215862635,21.586852215862635,validation
img05154,2720,images/img05154.jpg,23.0,24.91517048019157,1.91517048019157,validation
img05175,2731,images/img05175.jpg,34.0,33.113590111275116,0.8864098887248844,validation
img05176,2731,images/img05176.jpg,34.0,29.10621187538753,4.89378812461247,validation
img05186,2737,images/img05186.jpg,28.0,25.750512635013628,2.249487364986372,validation
img05187,2737,images/img05187.jpg,28.0,28.819553648035857,0.819553648035857,validation
img05198,2743,images/img05198.jpg,74.0,76.96300253275245,2.963002532752455,validation
img05199,2743,images/img05199.jpg,74.0,79.93889232749693,5.93889232749693,validation
img05210,2749,images/img05210.jpg,63.0,58.84097774946165,4.159022250538349,validation
img05211,2749,images/img05211.jpg,63.0,63.27962492996147,0.2796249299614715,validation
img05241,2765,images/img05241.jpg,37.0,47.079517611917794,10.079517611917794,validation
img05242,2765,images/img05242.jpg,37.0,43.15485127124616,6.154851271246159,validation
img05243,2766,images/img05243.jpg,47.0,52.577327336964174,5.577327336964174,validation
img05244,2766,images/img05244.jpg,47.0,66.32646711293131,19.32646711293131,validation
img05271,2780,images/img05271.jpg,75.0,64.78264969778664,10.217350302213362,validation
img05272,2780,images/img05272.jpg,75.0,64.82127966461809,10.178720335381913,validation
img05273,2781,images/img05273.jpg,74.0,74.32212426950383,0.3221242695038313,validation
img05274,2781,images/img05274.jpg,74.0,65.8467811997909,8.153218800209103,validation
img05295,2792,images/img05295.jpg,59.0,52.02795305308989,6.972046946910112,validation
img05296,2792,images/img05296.jpg,59.0,55.35973656993772,3.640263430062277,validation
img05299,2794,images/img05299.jpg,35.0,35.02052463407152,0.0205246340715206,validation
img05300,2794,images/img05300.jpg,35.0,38.425940441630466,3.425940441630466,validation
img05304,2796,images/img05304.jpg,66.0,71.012940654695,5.012940654695001,validation
img05305,2797,images/img05305.jpg,27.0,26.92518731986589,0.0748126801341086,validation
img05306,2797,images/img05306.jpg,27.0,29.685718634906877,2.685718634906877,validation
img05313,2801,images/img05313.jpg,64.0,56.99664579917314,7.0033542008268626,validation
img05314,2801,images/img05314.jpg,64.0,60.8187172917487,3.1812827082513024,validation
img05336,2813,images/img05336.jpg,69.0,64.14499595243748,4.855004047562517,validation
img05339,2814,images/img05339.jpg,75.0,69.32230689901594,5.677693100984058,validation
img05342,2816,images/img05342.jpg,73.0,67.28355138382956,5.716448616170439,validation
img05343,2816,images/img05343.jpg,73.0,71.9844444314292,1.0155555685708038,validation
img05358,2824,images/img05358.jpg,24.0,20.714341946972567,3.285658053027433,validation
img05439,2865,images/img05439.jpg,58.0,52.48535125142766,5.514648748572341,validation
img05440,2865,images/img05440.jpg,58.0,50.04859545389963,7.95140454610037,validation
img05445,2868,images/img05445.jpg,67.0,64.74104945344175,2.2589505465582533,validation
img05446,2868,images/img05446.jpg,67.0,61.17262119511759,5.827378804882407,validation
img05450,2871,images/img05450.jpg,67.0,72.41787592020316,5.417875920203159,validation
img05451,2871,images/img05451.jpg,67.0,70.481752299786,3.4817522997859953,validation
img05457,2874,images/img05457.jpg,69.0,71.20254218780943,2.202542187809428,validation
img05460,2876,images/img05460.jpg,69.0,63.6969093859741,5.303090614025898,validation
img05461,2876,images/img05461.jpg,69.0,65.17481575961855,3.8251842403814464,validation
img05477,2885,images/img05477.jpg,69.0,69.75194088226326,0.7519408822632556,validation
img05478,2885,images/img05478.jpg,69.0,61.35333016341639,7.646669836583612,validation
img05489,2892,images/img05489.jpg,56.0,55.82863225610962,0.1713677438903786,validation
img05504,2900,images/img05504.jpg,76.0,71.63059587653976,4.369404123460242,validation
img05505,2900,images/img05505.jpg,76.0,81.86181301801585,5.861813018015852,validation
img05522,2909,images/img05522.jpg,68.0,57.90442387914321,10.09557612085679,validation
img05523,2909,images/img05523.jpg,68.0,61.19204387631354,6.807956123686459,validation
img05546,2921,images/img05546.jpg,82.0,79.02913127918917,2.9708687208108273,validation
img05547,2921,images/img05547.jpg,82.0,77.87817955246899,4.121820447531007,validation
img05552,2924,images/img05552.jpg,38.0,47.0664204712315,9.066420471231504,validation
img05560,2928,images/img05560.jpg,57.0,53.499158988888446,3.5008410111115538,validation
img05561,2928,images/img05561.jpg,57.0,57.12083763077063,0.1208376307706302,validation
img05563,2929,images/img05563.jpg,79.0,77.23397778208191,1.766022217918092,validation
img05603,2951,images/img05603.jpg,66.0,62.42205395330012,3.5779460466998785,validation
img05650,2975,images/img05650.jpg,53.0,63.55160408619422,10.551604086194216,validation
img05651,2975,images/img05651.jpg,53.0,57.75926257402202,4.759262574022017,validation
img05689,2996,images/img05689.jpg,48.0,43.64615818385221,4.353841816147792,validation
img05690,2996,images/img05690.jpg,48.0,43.49881889561534,4.5011811043846635,validation
img05697,3000,images/img05697.jpg,89.0,84.81178118399592,4.188218816004081,validation
img05698,3000,images/img05698.jpg,89.0,87.14087355552347,1.85912644447653,validation
img05706,3004,images/img05706.jpg,46.0,48.21230195005006,2.212301950050062,validation
img05707,3005,images/img05707.jpg,35.0,35.99445938146019,0.9944593814601888,validation
img05708,3005,images/img05708.jpg,35.0,37.50338217050541,2.503382170505411,validation
img05725,3014,images/img05725.jpg,84.0,82.7521263010877,1.2478736989123007,validation
img05726,3014,images/img05726.jpg,84.0,78.8041012661685,5.195898733831498,validation
img05731,3017,images/img05731.jpg,73.0,74.22361161033892,1.2236116103389207,validation
img05732,3017,images/img05732.jpg,73.0,73.7172302803321,0.7172302803321031,validation
img05735,3019,images/img05735.jpg,87.0,76.7680602803491,10.231939719650896,validation
img05736,3019,images/img05736.jpg,87.0,69.16781211573013,17.83218788426987,validation
img05743,3023,images/img05743.jpg,82.0,70.89614282101546,11.10385717898454,validation
img05744,3023,images/img05744.jpg,82.0,82.93710037413618,0.937100374136179,validation
img05747,3025,images/img05747.jpg,55.0,57.10449790077846,2.104497900778462,validation
img05748,3025,images/img05748.jpg,55.0,57.413103470233054,2.413103470233054,validation
img05753,3028,images/img05753.jpg,73.0,42.85179026298668,30.14820973701332,validation
img05754,3028,images/img05754.jpg,73.0,44.32591167312445,28.674088326875548,validation
img05757,3030,images/img05757.jpg,31.0,41.959742909326835,10.959742909326836,validation
img05769,3036,images/img05769.jpg,65.0,51.12872402973071,13.871275970269288,validation
img05770,3036,images/img05770.jpg,65.0,66.09422761964528,1.094227619645281,validation
img05771,3037,images/img05771.jpg,75.0,76.09199523556025,1.0919952355602476,validation
img05772,3037,images/img05772.jpg,75.0,72.32757992003822,2.672420079961782,validation
img05804,3054,images/img05804.jpg,67.0,67.01237328095962,0.0123732809596219,validation
img05805,3054,images/img05805.jpg,67.0,71.00696738135511,4.0069673813551105,validation
img05931,3120,images/img05931.jpg,39.0,51.13214963709982,12.132149637099822,validation
img05932,3120,images/img05932.jpg,39.0,49.557796765755214,10.557796765755214,validation
img05983,3147,images/img05983.jpg,81.0,80.32696641898535,0.6730335810146499,validation
img05989,3151,images/img05989.jpg,60.0,54.73418396529719,5.265816034702809,validation
img05990,3151,images/img05990.jpg,60.0,59.63058979088278,0.3694102091172198,validation
img06001,3157,images/img06001.jpg,62.0,58.099719421163606,3.9002805788363943,validation
img06002,3157,images/img06002.jpg,62.0,58.43331029624456,3.5666897037554435,validation
img06020,3168,images/img06020.jpg,68.0,70.61296255033366,2.612962550333662,validation
img06021,3168,images/img06021.jpg,68.0,73.84339863884941,5.843398638849408,validation
img06043,3180,images/img06043.jpg,54.0,57.73229252781602,3.7322925278160217,validation
img06044,3180,images/img06044.jpg,54.0,56.58213800324058,2.58213800324058,validation
img06065,3191,images/img06065.jpg,51.0,48.793476798226216,2.206523201773784,validation
img06066,3191,images/img06066.jpg,51.0,50.7400032062557,0.2599967937442997,validation
img06166,3243,images/img06166.jpg,51.0,57.99374882704414,6.9937488270441435,validation
img06182,3252,images/img06182.jpg,66.0,74.36368961431488,8.363689614314879,validation
img06183,3252,images/img06183.jpg,66.0,71.39249162565187,5.392491625651871,validation
img06198,3260,images/img06198.jpg,50.0,54.29472440000907,4.294724400009073,validation
img06199,3261,images/img06199.jpg,51.0,47.84433326188845,3.155666738111549,validation
img06200,3261,images/img06200.jpg,51.0,52.12100829764957,1.121008297649567,validation
img06201,3262,images/img06201.jpg,32.0,29.644349599973708,2.355650400026292,validation
img06202,3262,images/img06202.jpg,32.0,34.373013951631606,2.3730139516316058,validation
img06216,3271,images/img06216.jpg,67.0,60.95831924427078,6.041680755729217,validation
img06239,3283,images/img06239.jpg,38.0,40.49091859406069,2.4909185940606875,validation
img06244,3286,images/img06244.jpg,51.0,53.47966923515089,2.4796692351508867,validation
img06245,3286,images/img06245.jpg,51.0,48.69725714749607,2.3027428525039326,validation
img06282,3305,images/img06282.jpg,58.0,63.78206915630625,5.78206915630625,validation
img06283,3305,images/img06283.jpg,58.0,60.679700451723754,2.679700451723754,validation
img06299,3314,images/img06299.jpg,83.0,83.73926834081638,0.7392683408163805,validation
img06310,3320,images/img06310.jpg,44.0,50.48967757485899,6.489677574858987,validation
img06311,3320,images/img06311.jpg,44.0,46.53644378451322,2.5364437845132173,validation
img06337,3334,images/img06337.jpg,53.0,58.374461093622386,5.374461093622386,validation
img06338,3334,images/img06338.jpg,53.0,55.93359887516264,2.9335988751626374,validation
img06392,3362,images/img06392.jpg,40.0,34.72036683078389,5.279633169216112,validation
img06393,3362,images/img06393.jpg,40.0,31.31089395241529,8.689106047584708,validation
img06462,3398,images/img06462.jpg,67.0,71.02131327098684,4.0213132709868376,validation
img06463,3398,images/img06463.jpg,67.0,65.36424224975853,1.635757750241467,validation
img06473,3404,images/img06473.jpg,42.0,41.75142104813512,0.2485789518648786,validation
img06474,3404,images/img06474.jpg,42.0,32.42657533774196,9.57342466225804,validation
img06499,3417,images/img06499.jpg,64.0,64.59921338544828,0.5992133854482802,validation
img06558,3448,images/img06558.jpg,36.0,45.70980688216497,9.709806882164967,validation
img06559,3448,images/img06559.jpg,36.0,41.97303745050144,5.973037450501444,validation
img06572,3455,images/img06572.jpg,87.0,87.57473583541835,0.5747358354183518,validation
img06573,3455,images/img06573.jpg,87.0,90.56577420907304,3.565774209073041,validation
img06587,3464,images/img06587.jpg,55.0,59.93419324150622,4.934193241506222,validation
img06588,3464,images/img06588.jpg,55.0,64.90795865528298,9.907958655282982,validation
img06616,3481,images/img06616.jpg,57.0,56.147313941270355,0.8526860587296454,validation
img06617,3481,images/img06617.jpg,57.0,64.04741358397166,7.047413583971661,validation
img06639,3493,images/img06639.jpg,86.0,86.54817695343105,0.548176953431053,validation
img06640,3493,images/img06640.jpg,86.0,83.8103761410284,2.1896238589716006,validation
img06656,3502,images/img06656.jpg,73.0,76.0465211429584,3.046521142958398,validation
img06657,3502,images/img06657.jpg,73.0,72.44326096863469,0.5567390313653107,validation
img06692,3521,images/img06692.jpg,75.0,78.20248565195746,3.20248565195746,validation
img06695,3523,images/img06695.jpg,85.0,82.49402897974757,2.5059710202524315,validation
img06755,3555,images/img06755.jpg,49.0,56.40266101575182,7.402661015751818,validation
img06756,3555,images/img06756.jpg,49.0,55.791700369721895,6.7917003697218945,validation
img06774,3565,images/img06774.jpg,58.0,61.59665898358212,3.5966589835821168,validation
img06782,3569,images/img06782.jpg,25.0,37.71295169003213,12.712951690032128,validation
img06783,3569,images/img06783.jpg,25.0,28.19409510854514,3.1940951085451417,validation
img06834,3595,images/img06834.jpg,67.0,69.58892079722503,2.588920797225029,validation
img06835,3595,images/img06835.jpg,67.0,71.53871085697436,4.538710856974362,validation
img06906,3632,images/img06906.jpg,87.0,82.95070682989454,4.049293170105457,validation
img06907,3632,images/img06907.jpg,87.0,72.05431657002097,14.945683429979027,validation
img06908,3633,images/img06908.jpg,82.0,73.57400804647867,8.425991953521333,validation
img06909,3633,images/img06909.jpg,82.0,73.43605237040474,8.563947629595262,validation
img06910,3634,images/img06910.jpg,51.0,53.04114514096142,2.0411451409614187,validation
img06911,3634,images/img06911.jpg,51.0,53.600711451981894,2.600711451981894,validation
img06924,3641,images/img06924.jpg,72.0,59.20276144953311,12.797238550466894,validation
img06925,3641,images/img06925.jpg,72.0,65.75172250386635,6.248277496133653,validation
img06939,3649,images/img06939.jpg,70.0,75.39281143081902,5.392811430819023,validation
img06971,3667,images/img06971.jpg,59.0,52.47451549147357,6.525484508526432,validation
img06997,3681,images/img06997.jpg,75.0,68.51021110556688,6.489788894433119,validation
img06998,3681,images/img06998.jpg,75.0,68.73034209652387,6.26965790347613,validation
img07005,3685,images/img07005.jpg,78.0,76.02901684551357,1.970983154486433,validation
img07006,3685,images/img07006.jpg,78.0,73.18040128826516,4.819598711734841,validation
img07103,3737,images/img07103.jpg,80.0,79.42260607354032,0.5773939264596777,validation
img07104,3737,images/img07104.jpg,80.0,71.35264181105146,8.647358188948544,validation
img07129,3750,images/img07129.jpg,53.0,41.25973133126719,11.74026866873281,validation
img07130,3750,images/img07130.jpg,53.0,33.90137728878973,19.098622711210268,validation
img07135,3753,images/img07135.jpg,34.0,32.27952178943845,1.720478210561552,validation
img07136,3753,images/img07136.jpg,34.0,31.983141860689695,2.0168581393103047,validation
img07139,3755,images/img07139.jpg,80.0,80.64144393725434,0.641443937254337,validation
img07140,3755,images/img07140.jpg,80.0,78.59982993212384,1.4001700678761608,validation
img07151,3761,images/img07151.jpg,56.0,50.8382721139889,5.1617278860111,validation
img07152,3761,images/img07152.jpg,56.0,59.43391155932318,3.433911559323178,validation
img07163,3768,images/img07163.jpg,37.0,34.445556995173064,2.554443004826936,validation
img07164,3768,images/img07164.jpg,37.0,34.50764762832753,2.4923523716724674,validation
img07167,3770,images/img07167.jpg,44.0,62.14807516283902,18.14807516283902,validation
img07168,3770,images/img07168.jpg,44.0,56.72942944094471,12.729429440944712,validation
img07179,3776,images/img07179.jpg,28.0,30.630610426472757,2.630610426472757,validation
img07180,3776,images/img07180.jpg,28.0,26.20217803961191,1.7978219603880916,validation
img07277,3827,images/img07277.jpg,16.0,13.58753867729289,2.4124613227071094,validation
img07281,3829,images/img07281.jpg,22.0,24.58826000298982,2.58826000298982,validation
img07282,3829,images/img07282.jpg,22.0,26.9288997577788,4.928899757778801,validation
img07303,3840,images/img07303.jpg,34.0,36.61160965067461,2.611609650674609,validation
img07319,3848,images/img07319.jpg,22.0,21.017128121403005,0.9828718785969954,validation
img07320,3848,images/img07320.jpg,22.0,22.657672321129027,0.6576723211290272,validation
img07321,3849,images/img07321.jpg,29.0,32.741386582803344,3.741386582803344,validation
img07341,3859,images/img07341.jpg,39.0,37.65462584409135,1.345374155908651,validation
img07342,3859,images/img07342.jpg,39.0,33.356102609531966,5.643897390468034,validation
img07373,3875,images/img07373.jpg,57.0,56.6441840576936,0.3558159423063998,validation
img07374,3875,images/img07374.jpg,57.0,64.39870193087035,7.398701930870345,validation
img07398,3888,images/img07398.jpg,41.0,49.864882671816574,8.864882671816574,validation
img07399,3888,images/img07399.jpg,41.0,42.74946046730733,1.7494604673073295,validation
img07436,3908,images/img07436.jpg,83.0,70.89359733626553,12.106402663734473,validation
img07437,3908,images/img07437.jpg,83.0,27.962757004781732,55.037242995218264,validation
img07444,3912,images/img07444.jpg,73.0,73.11702918785227,0.1170291878522675,validation
img07493,3937,images/img07493.jpg,71.0,74.63377492553124,3.6337749255312417,validation
img07498,3940,images/img07498.jpg,72.0,76.01688053261849,4.016880532618487,validation
img07499,3940,images/img07499.jpg,72.0,74.04055810226242,2.0405581022624233,validation
img07502,3942,images/img07502.jpg,35.0,31.3162772055111,3.683722794488901,validation
img07503,3942,images/img07503.jpg,35.0,32.450442256451154,2.5495577435488457,validation
img07504,3943,images/img07504.jpg,69.0,58.598808111859576,10.401191888140424,validation
img07505,3943,images/img07505.jpg,69.0,64.22970911779743,4.770290882202573,validation
img07542,3963,images/img07542.jpg,54.0,77.90702401719304,23.90702401719304,validation
img07583,3985,images/img07583.jpg,80.0,61.06816907153621,18.931830928463796,validation
img07584,3985,images/img07584.jpg,80.0,64.19940159917792,15.800598400822082,validation
img07611,3999,images/img07611.jpg,47.0,58.043888073935015,11.043888073935015,validation
img07612,3999,images/img07612.jpg,47.0,52.39809969028559,5.398099690285591,validation
img07647,4017,images/img07647.jpg,59.0,62.336505380348726,3.3365053803487257,validation
img07648,4017,images/img07648.jpg,59.0,68.38633739139998,9.386337391399977,validation
img07655,4021,images/img07655.jpg,84.0,74.1414842823149,9.858515717685094,validation
img07673,4030,images/img07673.jpg,78.0,82.22516515221582,4.225165152215823,validation
img07674,4030,images/img07674.jpg,78.0,66.89889853726851,11.101101462731492,validation
img07692,4040,images/img07692.jpg,57.0,57.577452770817715,0.5774527708177146,validation
img07715,4052,images/img07715.jpg,82.0,65.4515341634866,16.5484658365134,validation
img07716,4052,images/img07716.jpg,82.0,44.48018506249243,37.51981493750757,validation
img07721,4055,images/img07721.jpg,65.0,60.41740618878599,4.582593811214011,validation
img07722,4055,images/img07722.jpg,65.0,59.21317773344952,5.78682226655048,validation
img07732,4062,images/img07732.jpg,59.0,60.41764748634422,1.4176474863442223,validation
img07733,4062,images/img07733.jpg,59.0,63.869566650100886,4.869566650100886,validation
img07778,4087,images/img07778.jpg,49.0,53.24960251049939,4.249602510499393,validation
img07779,4087,images/img07779.jpg,49.0,49.57339685738455,0.5733968573845516,validation
img07823,4110,images/img07823.jpg,65.0,59.624366495101185,5.375633504898815,validation
img07824,4110,images/img07824.jpg,65.0,63.32426361497187,1.6757363850281308,validation
img07828,4113,images/img07828.jpg,54.0,65.15138563038765,11.15138563038765,validation
img07829,4113,images/img07829.jpg,54.0,63.106976390718145,9.106976390718144,validation
img07832,4115,images/img07832.jpg,75.0,26.45454311251777,48.54545688748223,validation
img07833,4115,images/img07833.jpg,75.0,19.062311438169353,55.93768856183065,validation
img07861,4130,images/img07861.jpg,64.0,64.13779083461385,0.1377908346138525,validation
img07878,4138,images/img07878.jpg,45.0,42.6234644252384,2.376535574761604,validation
img07893,4146,images/img07893.jpg,27.0,25.86162838833881,1.1383716116611886,validation
img07904,4152,images/img07904.jpg,77.0,74.22417327471176,2.7758267252882405,validation
img07905,4152,images/img07905.jpg,77.0,73.90177247164922,3.098227528350776,validation
img07935,4168,images/img07935.jpg,71.0,76.98238922380412,5.98238922380412,validation
img07936,4168,images/img07936.jpg,71.0,72.31076161655555,1.310761616555553,validation
img07957,4179,images/img07957.jpg,80.0,86.9916998605388,6.991699860538802,validation
img07969,4186,images/img07969.jpg,43.0,49.179697397284265,6.179697397284265,validation
img07970,4186,images/img07970.jpg,43.0,54.31617943374636,11.316179433746363,validation
img07981,4192,images/img07981.jpg,34.0,33.752308292406596,0.2476917075934039,validation
img07982,4192,images/img07982.jpg,34.0,41.928056313815176,7.928056313815176,validation
img08001,4203,images/img08001.jpg,83.0,62.66628743481978,20.33371256518022,validation
img08002,4203,images/img08002.jpg,83.0,68.34476114048461,14.655238859515393,validation
img08003,4204,images/img08003.jpg,63.0,62.90270996442043,0.0972900355795687,validation
img08004,4204,images/img08004.jpg,63.0,66.24983918801418,3.249839188014178,validation
img08049,4227,images/img08049.jpg,61.0,55.43309539008284,5.5669046099171595,validation
img08050,4227,images/img08050.jpg,61.0,53.72312347551637,7.276876524483633,validation
img08057,4231,images/img08057.jpg,66.0,70.06674013060989,4.066740130609887,validation
img08058,4231,images/img08058.jpg,66.0,70.27001464671906,4.270014646719062,validation
img08106,4256,images/img08106.jpg,54.0,44.83812558772536,9.161874412274642,validation
img08107,4256,images/img08107.jpg,54.0,46.36654303825509,7.633456961744912,validation
img08117,4262,images/img08117.jpg,71.0,70.85097300872432,0.1490269912756758,validation
img08118,4262,images/img08118.jpg,71.0,68.94079610111152,2.059203898888484,validation
img08125,4266,images/img08125.jpg,77.0,65.63836227427066,11.361637725729338,validation
img08126,4266,images/img08126.jpg,77.0,67.75599837022293,9.244001629777074,validation
img08135,4271,images/img08135.jpg,27.0,33.94627117664139,6.946271176641389,validation
img08136,4271,images/img08136.jpg,27.0,31.953708466331996,4.953708466331996,validation
img08141,4274,images/img08141.jpg,68.0,66.3282944307113,1.6717055692887044,validation
img08142,4274,images/img08142.jpg,68.0,67.8122291535225,0.1877708464775054,validation
img08161,4284,images/img08161.jpg,70.0,67.70172414203962,2.298275857960377,validation
img08162,4284,images/img08162.jpg,70.0,70.50515789028216,0.5051578902821632,validation
img08169,4288,images/img08169.jpg,61.0,62.37606727379491,1.3760672737949091,validation
img08170,4288,images/img08170.jpg,61.0,56.28025485424842,4.719745145751581,validation
img08209,4309,images/img08209.jpg,72.0,71.72638091901248,0.2736190809875154,validation
img08210,4309,images/img08210.jpg,72.0,64.67764736124197,7.3223526387580335,validation
img08244,4327,images/img08244.jpg,34.0,61.60616828859743,27.60616828859743,validation
img08261,4336,images/img08261.jpg,64.0,59.62237831228237,4.377621687717628,validation
img08315,4365,images/img08315.jpg,32.0,36.83897138880039,4.838971388800388,validation
img08316,4365,images/img08316.jpg,32.0,28.40531144982524,3.5946885501747623,validation
img08317,4366,images/img08317.jpg,55.0,52.79771353076241,2.202286469237592,validation
img08318,4366,images/img08318.jpg,55.0,53.5008052653366,1.4991947346633978,validation
img08323,4369,images/img08323.jpg,35.0,33.53876458846312,1.461235411536883,validation
img08377,4399,images/img08377.jpg,38.0,34.560062365723084,3.439937634276916,validation
img08378,4399,images/img08378.jpg,38.0,35.84304339142589,2.156956608574113,validation
img08381,4401,images/img08381.jpg,46.0,54.74462983202159,8.744629832021587,validation
img08382,4401,images/img08382.jpg,46.0,53.12406752399088,7.124067523990881,validation
img08399,4410,images/img08399.jpg,51.0,48.639142879979225,2.360857120020775,validation
img08422,4422,images/img08422.jpg,33.0,33.758156145546735,0.7581561455467352,validation
img08432,4429,images/img08432.jpg,54.0,51.92863770464652,2.071362295353481,validation
img08433,4429,images/img08433.jpg,54.0,53.67017652022966,0.3298234797703401,validation
img08442,4434,images/img08442.jpg,62.0,69.12974981162891,7.129749811628912,validation
img08456,4442,images/img08456.jpg,72.0,32.13459056903698,39.86540943096302,validation
img08457,4442,images/img08457.jpg,72.0,65.8730327382112,6.126967261788806,validation
img08493,4463,images/img08493.jpg,33.0,37.403763632361745,4.403763632361745,validation
img08494,4463,images/img08494.jpg,33.0,39.936913578289165,6.936913578289165,validation
img08524,4479,images/img08524.jpg,78.0,72.5732148359639,5.426785164036104,validation
img08525,4479,images/img08525.jpg,78.0,80.6679348646646,2.667934864664602,validation
img08532,4483,images/img08532.jpg,54.0,62.83309084744904,8.833090847449043,validation
img08533,4483,images/img08533.jpg,54.0,58.16770603064355,4.167706030643551,validation
img08538,4486,images/img08538.jpg,16.0,15.842087825745416,0.1579121742545837,validation
img08581,4508,images/img08581.jpg,75.0,77.1911735038193,2.1911735038193,validation
img08582,4508,images/img08582.jpg,75.0,36.33841828094591,38.66158171905409,validation
img08653,4548,images/img08653.jpg,70.0,74.45121873581206,4.451218735812063,validation
img08654,4548,images/img08654.jpg,70.0,70.45216185752598,0.4521618575259793,validation
img08655,4549,images/img08655.jpg,64.0,60.69711286523963,3.3028871347603683,validation
img08656,4549,images/img08656.jpg,64.0,59.43999430268526,4.560005697314743,validation
img08724,4584,images/img08724.jpg,55.0,55.38278457653827,0.3827845765382704,validation
img08725,4584,images/img08725.jpg,55.0,71.25160766056615,16.25160766056615,validation
img08728,4586,images/img08728.jpg,64.0,61.79803474692796,2.2019652530720393,validation
img08729,4586,images/img08729.jpg,64.0,59.32034070558768,4.679659294412318,validation
img08741,4593,images/img08741.jpg,36.0,35.72222993013314,0.277770069866861,validation
img08742,4593,images/img08742.jpg,36.0,39.39240668877602,3.3924066887760205,validation
img08778,4612,images/img08778.jpg,78.0,77.33230503747325,0.6676949625267525,validation
img08779,4612,images/img08779.jpg,78.0,76.45898128372198,1.5410187162780176,validation
img08857,4653,images/img08857.jpg,76.0,79.85567875148195,3.855678751481946,validation
img08858,4653,images/img08858.jpg,76.0,76.63213532090087,0.632135320900872,validation
img08870,4660,images/img08870.jpg,63.0,60.28584667024724,2.7141533297527616,validation
img08871,4660,images/img08871.jpg,63.0,64.99439934756833,1.9943993475683328,validation
img08886,4668,images/img08886.jpg,81.0,73.09074002337205,7.9092599766279506,validation
img08887,4668,images/img08887.jpg,81.0,69.60114544956517,11.398854550434834,validation
img08890,4670,images/img08890.jpg,33.0,34.15348715885434,1.1534871588543396,validation
img08891,4670,images/img08891.jpg,33.0,37.44667479044675,4.44667479044675,validation
img08903,4676,images/img08903.jpg,64.0,65.7360286197398,1.7360286197397985,validation
img08926,4689,images/img08926.jpg,79.0,74.21931678645495,4.780683213545046,validation
img08934,4693,images/img08934.jpg,81.0,66.33997704966637,14.660022950333628,validation
img08935,4693,images/img08935.jpg,81.0,83.18244409707631,2.1824440970763135,validation
img08954,4704,images/img08954.jpg,82.0,80.90948326329895,1.0905167367010478,validation
img08955,4704,images/img08955.jpg,82.0,77.57566384942588,4.4243361505741206,validation
img08971,4713,images/img08971.jpg,63.0,61.40294394056816,1.5970560594318428,validation
img08972,4713,images/img08972.jpg,63.0,60.87749901285035,2.1225009871496496,validation
img08979,4717,images/img08979.jpg,68.0,77.20443096423921,9.204430964239208,validation
img08980,4717,images/img08980.jpg,68.0,68.3513451556668,0.3513451556668059,validation
img08993,4724,images/img08993.jpg,48.0,45.88572234495944,2.11427765504056,validation
img08994,4724,images/img08994.jpg,48.0,52.174639065677574,4.1746390656775745,validation
img09017,4737,images/img09017.jpg,56.0,57.786995468144106,1.7869954681441058,validation
img09018,4737,images/img09018.jpg,56.0,60.16771965510284,4.167719655102843,validation
img09019,4738,images/img09019.jpg,62.0,55.10095652646672,6.8990434735332755,validation
img09020,4738,images/img09020.jpg,62.0,56.20532759997477,5.794672400025227,validation
img09021,4739,images/img09021.jpg,60.0,63.811382583516355,3.8113825835163553,validation
img09022,4739,images/img09022.jpg,60.0,67.12133944112196,7.121339441121961,validation
img09066,4762,images/img09066.jpg,66.0,69.278130632829,3.2781306328290043,validation
img09067,4762,images/img09067.jpg,66.0,64.77657554298173,1.2234244570182682,validation
img09102,4782,images/img09102.jpg,70.0,71.82620994496965,1.826209944969648,validation
img09103,4782,images/img09103.jpg,70.0,73.85239181247744,3.852391812477435,validation
img09112,4787,images/img09112.jpg,58.0,52.0852657219387,5.914734278061303,validation
img09161,4812,images/img09161.jpg,52.0,38.15337508229014,13.84662491770986,validation
img09162,4812,images/img09162.jpg,52.0,39.13180532588241,12.86819467411759,validation
img09163,4813,images/img09163.jpg,78.0,72.49159791362237,5.508402086377629,validation
img09164,4813,images/img09164.jpg,78.0,78.25509015556831,0.2550901555683111,validation
img09168,4815,images/img09168.jpg,40.0,54.02358692237776,14.02358692237776,validation
img09190,4827,images/img09190.jpg,69.0,79.38404645108179,10.384046451081788,validation
img09191,4827,images/img09191.jpg,69.0,73.4802559018525,4.480255901852502,validation
img09211,4838,images/img09211.jpg,77.0,70.78599443914408,6.214005560855924,validation
img09212,4838,images/img09212.jpg,77.0,77.8305656821982,0.8305656821981984,validation
img09218,4842,images/img09218.jpg,49.0,47.831990823621595,1.1680091763784048,validation
img09219,4842,images/img09219.jpg,49.0,50.76481023115789,1.7648102311578882,validation
img09222,4844,images/img09222.jpg,58.0,59.967241191490494,1.967241191490494,validation
img09223,4844,images/img09223.jpg,58.0,60.53098644903646,2.5309864490364617,validation
img09246,4856,images/img09246.jpg,58.0,58.40201659314128,0.4020165931412833,validation
img09247,4856,images/img09247.jpg,58.0,64.68755501171782,6.687555011717819,validation
img09268,4867,images/img09268.jpg,31.0,37.86288008743624,6.862880087436238,validation
img09269,4867,images/img09269.jpg,31.0,30.06659905998121,0.9334009400187888,validation
img09322,4895,images/img09322.jpg,68.0,75.08873397363628,7.08873397363628,validation
img09323,4895,images/img09323.jpg,68.0,73.55648629926691,5.556486299266908,validation
img09459,4966,images/img09459.jpg,64.0,66.33771185179766,2.337711851797664,validation
img09460,4966,images/img09460.jpg,64.0,61.07424758878286,2.9257524112171396,validation
img09481,4978,images/img09481.jpg,54.0,54.65068328608579,0.650683286085787,validation
img09497,4986,images/img09497.jpg,60.0,59.52272323868922,0.4772767613107831,validation
img09498,4986,images/img09498.jpg,60.0,71.66153431329458,11.66153431329458,validation
img09511,4993,images/img09511.jpg,54.0,45.64304407391682,8.356955926083181,validation
img09512,4993,images/img09512.jpg,54.0,46.165182543455295,7.834817456544705,validation
img09545,5011,images/img09545.jpg,64.0,65.8945215808719,1.8945215808718956,validation
img09575,5027,images/img09575.jpg,62.0,59.14910014441298,2.8508998555870235,validation
img09576,5027,images/img09576.jpg,62.0,62.94949987850933,0.9494998785093288,validation
img09596,5038,images/img09596.jpg,68.0,66.54785066997025,1.452149330029755,validation
img09597,5038,images/img09597.jpg,68.0,62.584601804021,5.415398195979002,validation
img09607,5044,images/img09607.jpg,62.0,54.197879829500984,7.802120170499016,validation
img09608,5044,images/img09608.jpg,62.0,64.33769863631728,2.3376986363172847,validation
img09626,5054,images/img09626.jpg,78.0,73.58548017762024,4.414519822379759,validation
img09636,5059,images/img09636.jpg,69.0,64.62762324191489,4.37237675808511,validation
img09637,5059,images/img09637.jpg,69.0,73.66691605862992,4.666916058629923,validation
img09701,5093,images/img09701.jpg,46.0,48.006536479712594,2.0065364797125937,validation
img09702,5093,images/img09702.jpg,46.0,48.738933734571255,2.7389337345712548,validation
img09716,5101,images/img09716.jpg,73.0,71.22970056880452,1.7702994311954825,validation
img09717,5101,images/img09717.jpg,73.0,62.58438041010316,10.415619589896842,validation
img09720,5103,images/img09720.jpg,68.0,58.545048106495294,9.454951893504706,validation
img09721,5103,images/img09721.jpg,68.0,65.25872678100527,2.741273218994735,validation
img09722,5104,images/img09722.jpg,55.0,60.61461472966849,5.614614729668489,validation
img09723,5104,images/img09723.jpg,55.0,57.14563974792587,2.1456397479258698,validation
img09730,5108,images/img09730.jpg,65.0,57.76401484081936,7.235985159180643,validation
img09731,5108,images/img09731.jpg,65.0,69.0296993917539,4.029699391753894,validation
img09767,5129,images/img09767.jpg,71.0,69.32396789870495,1.67603210129505,validation
img09771,5131,images/img09771.jpg,32.0,39.165795290627926,7.165795290627926,validation
img09772,5131,images/img09772.jpg,32.0,51.67010577504896,19.67010577504896,validation
img09789,5140,images/img09789.jpg,80.0,79.18823389155315,0.8117661084468466,validation
img09790,5140,images/img09790.jpg,80.0,81.72288887987769,1.7228888798776865,validation
img09820,5157,images/img09820.jpg,39.0,34.89190240208063,4.108097597919368,validation
img09821,5157,images/img09821.jpg,39.0,35.49264334672465,3.5073566532753517,validation
img09863,5179,images/img09863.jpg,77.0,77.0402242950502,0.0402242950501943,validation
img09864,5179,images/img09864.jpg,77.0,80.89571539719655,3.895715397196554,validation
img09902,5199,images/img09902.jpg,54.0,49.77778979449246,4.222210205507537,validation
img09903,5199,images/img09903.jpg,54.0,55.37874359223251,1.3787435922325102,validation
img09967,5232,images/img09967.jpg,27.0,30.136446114533033,3.136446114533033,validation
img09968,5232,images/img09968.jpg,27.0,27.510810222691816,0.5108102226918163,validation
img09992,5245,images/img09992.jpg,55.0,77.94728935436832,22.947289354368323,validation
img09993,5245,images/img09993.jpg,55.0,60.888663319197285,5.888663319197285,validation
img09997,5248,images/img09997.jpg,48.0,50.34454731805355,2.34454731805355,validation
img10029,5264,images/img10029.jpg,80.0,76.21964028060343,3.780359719396571,validation
img10030,5265,images/img10030.jpg,84.0,80.95639696167197,3.0436030383280297,validation
img10041,5271,images/img10041.jpg,45.0,54.63152453261455,9.631524532614549,validation
img10073,5289,images/img10073.jpg,65.0,55.38831165388489,9.611688346115107,validation
img10074,5289,images/img10074.jpg,65.0,54.729728276374395,10.270271723625603,validation
img10088,5297,images/img10088.jpg,14.0,17.830737425822278,3.830737425822278,validation
img10089,5297,images/img10089.jpg,14.0,17.156508969002097,3.156508969002097,validation
img10124,5315,images/img10124.jpg,59.0,60.67545824979316,1.6754582497931594,validation
img10125,5315,images/img10125.jpg,59.0,50.48817580429317,8.511824195706836,validation
img10136,5321,images/img10136.jpg,57.0,50.57735392876459,6.4226460712354125,validation
img10137,5321,images/img10137.jpg,57.0,53.595368824124705,3.404631175875295,validation
img10188,5347,images/img10188.jpg,72.0,77.34880161087827,5.348801610878269,validation
img10189,5347,images/img10189.jpg,72.0,81.59199163452419,9.591991634524192,validation
img10196,5351,images/img10196.jpg,66.0,58.56546733297412,7.434532667025877,validation
img10197,5351,images/img10197.jpg,66.0,66.59339238041893,0.5933923804189334,validation
img10200,5354,images/img10200.jpg,78.0,69.52240664815554,8.477593351844462,validation
img10201,5354,images/img10201.jpg,78.0,75.6160070370919,2.3839929629080956,validation
img10208,5358,images/img10208.jpg,71.0,68.90083068180523,2.099169318194768,validation
img10209,5358,images/img10209.jpg,71.0,68.00562710155315,2.994372898446855,validation
img10214,5361,images/img10214.jpg,44.0,38.30116588324616,5.698834116753844,validation
img10215,5361,images/img10215.jpg,44.0,46.50975654722505,2.5097565472250523,validation
img10234,5371,images/img10234.jpg,60.0,67.226793835691,7.226793835690998,validation
img10235,5371,images/img10235.jpg,60.0,65.7100710008311,5.710071000831107,validation
img10244,5376,images/img10244.jpg,60.0,61.955862435696105,1.9558624356961047,validation
img10245,5376,images/img10245.jpg,60.0,54.55734175628753,5.442658243712472,validation
img10274,5391,images/img10274.jpg,57.0,46.68882605539089,10.31117394460911,validation
img10275,5391,images/img10275.jpg,57.0,51.13081363931977,5.8691863606802315,validation
img10293,5401,images/img10293.jpg,86.0,84.91221113630151,1.087788863698492,validation
img10351,5431,images/img10351.jpg,59.0,60.81144373812041,1.8114437381204096,validation
img10352,5431,images/img10352.jpg,59.0,55.90841790720833,3.0915820927916684,validation
img10362,5437,images/img10362.jpg,59.0,67.35317595385311,8.35317595385311,validation
img10363,5437,images/img10363.jpg,59.0,65.38947733925555,6.389477339255549,validation
img10423,5470,images/img10423.jpg,58.0,62.270817913987216,4.270817913987216,validation
img10424,5470,images/img10424.jpg,58.0,71.48424468135491,13.484244681354909,validation
img10440,5479,images/img10440.jpg,68.0,52.230682263982715,15.769317736017284,validation
img10441,5479,images/img10441.jpg,68.0,54.136885532483994,13.863114467516006,validation
img10442,5480,images/img10442.jpg,59.0,54.84299144164156,4.1570085583584415,validation
img10443,5480,images/img10443.jpg,59.0,64.41103564425374,5.411035644253744,validation
img10488,5505,images/img10488.jpg,69.0,66.76891849528893,2.231081504711071,validation
img10489,5505,images/img10489.jpg,69.0,64.70455544714275,4.295444552857248,validation
img10496,5509,images/img10496.jpg,77.0,63.5989403961099,13.401059603890095,validation
img10497,5509,images/img10497.jpg,77.0,65.49842659495619,11.501573405043814,validation
img10522,5522,images/img10522.jpg,17.0,30.628732395307647,13.628732395307647,validation
img10523,5522,images/img10523.jpg,17.0,21.12247236431834,4.122472364318341,validation
img10543,5533,images/img10543.jpg,50.0,47.59680613686205,2.4031938631379504,validation
img10544,5533,images/img10544.jpg,50.0,45.73934715634507,4.260652843654924,validation
img10604,5564,images/img10604.jpg,72.0,65.9525344216185,6.047465578381505,validation
img10605,5564,images/img10605.jpg,72.0,65.00825119067406,6.991748809325941,validation
img10615,5570,images/img10615.jpg,74.0,78.6154474735201,4.615447473520106,validation
img10616,5570,images/img10616.jpg,74.0,74.12517093146258,0.125170931462577,validation
img10623,5574,images/img10623.jpg,35.0,30.918911113136076,4.081088886863924,validation
img10624,5574,images/img10624.jpg,35.0,31.87948588272418,3.120514117275821,validation
img10645,5586,images/img10645.jpg,21.0,28.724454599525306,7.7244545995253056,validation
img10646,5586,images/img10646.jpg,21.0,20.1609225890034,0.8390774109966017,validation
img10672,5600,images/img10672.jpg,48.0,49.34832267464136,1.3483226746413592,validation
img10673,5600,images/img10673.jpg,48.0,48.35242248783289,0.3524224878328894,validation
img10694,5612,images/img10694.jpg,54.0,49.578458380402715,4.421541619597285,validation
img10695,5612,images/img10695.jpg,54.0,56.68237532647849,2.6823753264784926,validation
img10709,5620,images/img10709.jpg,49.0,45.46203873223294,3.5379612677670593,validation
img10710,5620,images/img10710.jpg,49.0,44.0683771067676,4.931622893232401,validation
img10731,5632,images/img10731.jpg,62.0,49.52398238928936,12.476017610710642,validation
img10732,5632,images/img10732.jpg,62.0,73.10819960578914,11.10819960578914,validation
img10765,5649,images/img10765.jpg,66.0,53.22473250284472,12.775267497155284,validation
img10801,5667,images/img10801.jpg,57.0,57.00344077931092,0.003440779310921,validation
img10802,5667,images/img10802.jpg,57.0,51.23475535721865,5.765244642781347,validation
img10810,5672,images/img10810.jpg,58.0,55.491045657055864,2.5089543429441363,validation
img10811,5672,images/img10811.jpg,58.0,53.55278430386429,4.447215696135707,validation
img10839,5687,images/img10839.jpg,54.0,47.46617609106457,6.533823908935432,validation
img10840,5687,images/img10840.jpg,54.0,49.42989869909165,4.570101300908348,validation
img10841,5688,images/img10841.jpg,55.0,49.00997823766318,5.9900217623368235,validation
img10842,5688,images/img10842.jpg,55.0,49.02449317191198,5.975506828088022,validation
img10868,5703,images/img10868.jpg,82.0,72.17153974176927,9.828460258230734,validation
img10875,5707,images/img10875.jpg,75.0,63.117916849273776,11.882083150726224,validation
img10886,5713,images/img10886.jpg,77.0,77.02302100608479,0.0230210060847895,validation
img10887,5713,images/img10887.jpg,77.0,72.09957254053627,4.900427459463728,validation
img10909,5725,images/img10909.jpg,53.0,63.480936892597,10.480936892597,validation
img10910,5725,images/img10910.jpg,53.0,68.44703531503188,15.447035315031885,validation
img10926,5735,images/img10926.jpg,71.0,63.73016264337234,7.269837356627661,validation
img10927,5735,images/img10927.jpg,71.0,67.89105629437717,3.108943705622835,validation
img10945,5745,images/img10945.jpg,66.0,56.49853167114351,9.50146832885649,validation
img10946,5745,images/img10946.jpg,66.0,65.36316145481973,0.6368385451802681,validation
img10955,5750,images/img10955.jpg,53.0,42.46925865371724,10.53074134628276,validation
img10956,5750,images/img10956.jpg,53.0,48.46684497199002,4.533155028009979,validation
img10965,5755,images/img10965.jpg,68.0,52.08178231221665,15.918217687783349,validation
img10987,5767,images/img10987.jpg,19.0,17.115750675911237,1.8842493240887632,validation
img10988,5767,images/img10988.jpg,19.0,18.195851986481507,0.8041480135184926,validation
img11032,5792,images/img11032.jpg,66.0,61.10662208682494,4.893377913175058,validation
img11033,5792,images/img11033.jpg,66.0,68.86879727217597,2.868797272175968,validation
img11042,5797,images/img11042.jpg,57.0,64.70487935844126,7.704879358441261,validation
img11043,5797,images/img11043.jpg,57.0,57.621973465411926,0.6219734654119264,validation
img11050,5802,images/img11050.jpg,52.0,60.990800894787874,8.990800894787874,validation
img11051,5802,images/img11051.jpg,52.0,51.12112356562523,0.8788764343747673,validation
img11058,5807,images/img11058.jpg,84.0,74.03461972845638,9.965380271543625,validation
img11082,5821,images/img11082.jpg,65.0,66.10092069587076,1.1009206958707551,validation
img11089,5825,images/img11089.jpg,70.0,67.71105540490181,2.2889445950981866,validation
img11090,5825,images/img11090.jpg,70.0,75.07083705643568,5.070837056435678,validation
img11134,5849,images/img11134.jpg,74.0,77.38132361398138,3.3813236139813796,validation
img11135,5849,images/img11135.jpg,74.0,67.59760792647151,6.402392073528489,validation
img11138,5852,images/img11138.jpg,74.0,73.01964749170608,0.9803525082939188,validation
img11150,5859,images/img11150.jpg,57.0,54.09684186187916,2.903158138120837,validation
img11151,5859,images/img11151.jpg,57.0,56.168029132155354,0.831970867844646,validation
img11177,5874,images/img11177.jpg,69.0,71.32086578548432,2.3208657854843153,validation
img11187,5880,images/img11187.jpg,80.0,76.66933822398113,3.3306617760188715,validation
img11188,5880,images/img11188.jpg,80.0,78.66040897921857,1.3395910207814268,validation
img11205,5888,images/img11205.jpg,63.0,53.50337038107431,9.496629618925688,validation
img11206,5888,images/img11206.jpg,63.0,57.840278092873056,5.159721907126944,validation
img11208,5890,images/img11208.jpg,68.0,63.430611764790505,4.5693882352094946,validation
img11209,5890,images/img11209.jpg,68.0,66.91261296345971,1.0873870365402922,validation
img11214,5893,images/img11214.jpg,53.0,46.21268844329326,6.78731155670674,validation
img11215,5893,images/img11215.jpg,53.0,52.473152228432696,0.5268477715673043,validation
img11249,5913,images/img11249.jpg,66.0,68.05847699251134,2.058476992511345,validation
img11250,5913,images/img11250.jpg,66.0,59.797633274133545,6.2023667258664545,validation
img11275,5926,images/img11275.jpg,59.0,61.892582491864786,2.892582491864786,validation
img11276,5926,images/img11276.jpg,59.0,59.44695962254,0.4469596225399996,validation
img11285,5932,images/img11285.jpg,60.0,44.10261136825004,15.897388631749962,validation
img11286,5932,images/img11286.jpg,60.0,63.17158033561477,3.1715803356147703,validation
img11301,5941,images/img11301.jpg,65.0,66.86368163578621,1.8636816357862072,validation
img11302,5941,images/img11302.jpg,65.0,59.49642616728335,5.503573832716647,validation
img11318,5951,images/img11318.jpg,82.0,72.85048836054219,9.149511639457812,validation
img11319,5951,images/img11319.jpg,82.0,77.00226668955051,4.99773331044949,validation
img11320,5952,images/img11320.jpg,56.0,47.70727733942151,8.292722660578491,validation
img11321,5952,images/img11321.jpg,56.0,51.81289776308669,4.1871022369133115,validation
img11324,5954,images/img11324.jpg,47.0,53.50812680582393,6.508126805823927,validation
img11325,5954,images/img11325.jpg,47.0,47.11287066017062,0.1128706601706213,validation
img11351,5968,images/img11351.jpg,49.0,45.09515302023101,3.9048469797689904,validation
img11363,5975,images/img11363.jpg,70.0,69.25853345396382,0.7414665460361789,validation
img11364,5975,images/img11364.jpg,70.0,63.5368917514571,6.463108248542902,validation
img11390,5989,images/img11390.jpg,62.0,59.921801998422495,2.078198001577505,validation
img11391,5989,images/img11391.jpg,62.0,60.93943232544989,1.0605676745501071,validation
img11396,5992,images/img11396.jpg,66.0,69.15579576998265,3.155795769982646,validation
img11409,6001,images/img11409.jpg,61.0,67.49364439636398,6.493644396363976,validation
img11410,6001,images/img11410.jpg,61.0,67.81667884408792,6.816678844087917,validation
img11417,6005,images/img11417.jpg,77.0,72.31791165855233,4.682088341447667,validation
img11418,6005,images/img11418.jpg,77.0,70.97249754801919,6.0275024519808085,validation
img11426,6010,images/img11426.jpg,67.0,73.95163081819052,6.951630818190523,validation
img11427,6010,images/img11427.jpg,67.0,61.385175442746,5.614824557253996,validation
img11428,6011,images/img11428.jpg,70.0,71.3838910717796,1.3838910717796011,validation
img11429,6011,images/img11429.jpg,70.0,57.00222243113129,12.997777568868711,validation
img11457,6026,images/img11457.jpg,70.0,68.82145605451333,1.1785439454866662,validation
img11458,6026,images/img11458.jpg,70.0,72.3467866603685,2.346786660368494,validation
img11459,6027,images/img11459.jpg,74.0,79.05875662098303,5.058756620983033,validation
img11460,6027,images/img11460.jpg,74.0,79.50501041661425,5.505010416614255,validation
img11466,6030,images/img11466.jpg,68.0,64.48478435762856,3.5152156423714445,validation
img11475,6036,images/img11475.jpg,59.0,70.2316240688776,11.231624068877592,validation
img11476,6036,images/img11476.jpg,59.0,74.39584953475433,15.395849534754332,validation
img11509,6056,images/img11509.jpg,25.0,31.36148082672564,6.361480826725639,validation
img11510,6056,images/img11510.jpg,25.0,31.148731087177165,6.148731087177165,validation
img11556,6080,images/img11556.jpg,83.0,80.63794307776536,2.3620569222346433,validation
img11557,6080,images/img11557.jpg,83.0,77.36419666774626,5.635803332253744,validation
img11634,6121,images/img11634.jpg,49.0,54.594305543030416,5.594305543030416,validation
img11649,6131,images/img11649.jpg,60.0,77.35148233132185,17.351482331321847,validation
img11650,6131,images/img11650.jpg,60.0,69.41726307755982,9.417263077559824,validation
img11666,6141,images/img11666.jpg,72.0,67.32827731767458,4.671722682325424,validation
img11667,6141,images/img11667.jpg,72.0,65.44208729591855,6.5579127040814456,validation
img11682,6150,images/img11682.jpg,61.0,59.526537376024976,1.473462623975024,validation
img11683,6150,images/img11683.jpg,61.0,57.7039875744404,3.2960124255595957,validation
img11707,6163,images/img11707.jpg,67.0,63.49438466453741,3.5056153354625934,validation
img11708,6163,images/img11708.jpg,67.0,74.88502430396446,7.885024303964457,validation
img11740,6180,images/img11740.jpg,14.0,26.788758498397744,12.788758498397744,validation
img11741,6180,images/img11741.jpg,14.0,16.41060995698661,2.4106099569866117,validation
img11788,6205,images/img11788.jpg,32.0,41.883171150846984,9.883171150846984,validation
img11789,6205,images/img11789.jpg,32.0,34.37159833928996,2.37159833928996,validation
img11821,6222,images/img11821.jpg,72.0,73.57904775728817,1.5790477572881656,validation
img11822,6222,images/img11822.jpg,72.0,77.47398623878527,5.4739862387852725,validation
img11827,6225,images/img11827.jpg,88.0,83.19649334067036,4.803506659329642,validation
img11828,6225,images/img11828.jpg,88.0,86.18359242944211,1.8164075705578853,validation
img11847,6235,images/img11847.jpg,39.0,44.512023252854235,5.512023252854235,validation
img11848,6235,images/img11848.jpg,39.0,46.2469325202696,7.246932520269603,validation
img11877,6251,images/img11877.jpg,72.0,72.22601573288262,0.2260157328826153,validation
img11878,6251,images/img11878.jpg,72.0,80.43135746838252,8.431357468382515,validation
img11901,6263,images/img11901.jpg,63.0,66.42456315891093,3.424563158910928,validation
img11902,6263,images/img11902.jpg,63.0,66.69002155536656,3.690021555366556,validation
img11982,6305,images/img11982.jpg,83.0,76.64087329168765,6.3591267083123455,validation
img11983,6305,images/img11983.jpg,83.0,76.42002686028682,6.579973139713175,validation
img11986,6307,images/img11986.jpg,83.0,65.70243236536048,17.29756763463952,validation
img11987,6307,images/img11987.jpg,83.0,63.30357091792704,19.69642908207296,validation
img12008,6318,images/img12008.jpg,36.0,34.414177951803424,1.585822048196576,validation
img12009,6318,images/img12009.jpg,36.0,41.45919525452451,5.459195254524516,validation
img12023,6327,images/img12023.jpg,24.0,18.692563964392015,5.307436035607985,validation
img12024,6327,images/img12024.jpg,24.0,25.898458302651083,1.8984583026510824,validation
img12029,6330,images/img12029.jpg,11.0,17.796583869511856,6.796583869511856,validation
img12030,6330,images/img12030.jpg,11.0,18.888599008448935,7.888599008448935,validation
img12061,6346,images/img12061.jpg,75.0,70.45259701108863,4.547402988911372,validation
img12062,6346,images/img12062.jpg,75.0,69.57951537285342,5.420484627146578,validation
img12063,6347,images/img12063.jpg,40.0,41.24883613304452,1.24883613304452,validation
img12064,6347,images/img12064.jpg,40.0,38.83929488294887,1.1607051170511298,validation
img12078,6355,images/img12078.jpg,77.0,81.01822584832257,4.018225848322572,validation
img12079,6355,images/img12079.jpg,77.0,81.76691682304578,4.766916823045776,validation
img12080,6356,images/img12080.jpg,32.0,30.02696191441517,1.9730380855848288,validation
img12081,6356,images/img12081.jpg,32.0,31.160887031060035,0.8391129689399648,validation
img12094,6363,images/img12094.jpg,25.0,48.24476069774807,23.24476069774807,validation
img12095,6363,images/img12095.jpg,25.0,41.97459047975761,16.97459047975761,validation
img12104,6368,images/img12104.jpg,25.0,23.50019723626085,1.4998027637391544,validation
img12105,6368,images/img12105.jpg,25.0,26.001832903124964,1.0018329031249635,validation
img12116,6374,images/img12116.jpg,89.0,86.95489830209777,2.0451016979022256,validation
img12118,6375,images/img12118.jpg,58.0,50.61367234678392,7.386327653216078,validation
img12119,6375,images/img12119.jpg,58.0,50.513542312347326,7.486457687652674,validation
img12166,6403,images/img12166.jpg,58.0,55.31104844839071,2.688951551609293,validation
img12167,6403,images/img12167.jpg,58.0,59.62827701513393,1.628277015133932,validation
img12176,6408,images/img12176.jpg,76.0,71.76084638990666,4.239153610093339,validation
img12177,6408,images/img12177.jpg,76.0,69.59116527349552,6.40883472650448,validation
img12208,6426,images/img12208.jpg,71.0,70.87339595922063,0.1266040407793696,validation
img12209,6426,images/img12209.jpg,71.0,78.56748460791083,7.567484607910828,validation
img12286,6466,images/img12286.jpg,63.0,56.54083563187011,6.4591643681298905,validation
img12287,6466,images/img12287.jpg,63.0,57.1802212665864,5.8197787334135995,validation
img12294,6470,images/img12294.jpg,37.0,63.11994647528903,26.119946475289023,validation
img12295,6470,images/img12295.jpg,37.0,66.07910085294372,29.079100852943725,validation
img12304,6475,images/img12304.jpg,37.0,38.185740037490945,1.1857400374909446,validation
img12335,6493,images/img12335.jpg,71.0,77.82627085831422,6.826270858314217,validation
img12340,6496,images/img12340.jpg,82.0,84.63081619489805,2.6308161948980455,validation
img12341,6496,images/img12341.jpg,82.0,84.09856994786931,2.098569947869308,validation
img12348,6500,images/img12348.jpg,85.0,84.6159860742342,0.3840139257657995,validation
img12349,6500,images/img12349.jpg,85.0,85.96108608896272,0.9610860889627162,validation
img12404,6530,images/img12404.jpg,62.0,66.32307422387518,4.323074223875182,validation
img12405,6530,images/img12405.jpg,62.0,71.69631824243511,9.696318242435112,validation
img12422,6539,images/img12422.jpg,43.0,37.11059009828513,5.88940990171487,validation
img12423,6539,images/img12423.jpg,43.0,42.175565989074656,0.8244340109253443,validation
img12470,6563,images/img12470.jpg,88.0,82.96476261715117,5.035237382848834,validation
img12471,6563,images/img12471.jpg,88.0,76.15903942130004,11.840960578699963,validation
img12548,6603,images/img12548.jpg,8.0,11.400694624502364,3.400694624502364,validation
img12549,6603,images/img12549.jpg,8.0,12.309674795740309,4.309674795740307,validation
img12552,6605,images/img12552.jpg,48.0,41.82023202277588,6.179767977224117,validation
img12553,6605,images/img12553.jpg,48.0,49.36852459699147,1.3685245969914703,validation
img12558,6608,images/img12558.jpg,38.0,46.00584872167959,8.005848721679591,validation
img12559,6608,images/img12559.jpg,38.0,45.59392516124889,7.59392516124889,validation
img12584,6622,images/img12584.jpg,65.0,65.84285936467491,0.8428593646749079,validation
img12585,6622,images/img12585.jpg,65.0,58.3595633551117,6.640436644888297,validation
img12620,6640,images/img12620.jpg,51.0,48.68690779979496,2.313092200205041,validation
img12621,6640,images/img12621.jpg,51.0,47.82704381469887,3.172956185301132,validation
img12625,6642,images/img12625.jpg,80.0,79.93783661659808,0.0621633834019235,validation
img12626,6643,images/img12626.jpg,77.0,75.90699935030312,1.0930006496968758,validation
img12627,6643,images/img12627.jpg,77.0,77.5164109846173,0.5164109846172948,validation
img12646,6653,images/img12646.jpg,16.0,16.306910354603787,0.3069103546037866,validation
img12647,6653,images/img12647.jpg,16.0,17.81642425450353,1.8164242545035307,validation
img12667,6664,images/img12667.jpg,34.0,42.02510864561069,8.025108645610693,validation
img12668,6664,images/img12668.jpg,34.0,42.313277368411654,8.313277368411654,validation
img12719,6691,images/img12719.jpg,73.0,65.79067038363893,7.209329616361075,validation
img12720,6691,images/img12720.jpg,73.0,71.09648141383981,1.9035185861601889,validation
img12727,6695,images/img12727.jpg,58.0,61.7047131207701,3.7047131207701014,validation
img12728,6695,images/img12728.jpg,58.0,61.32610171070099,3.3261017107009963,validation
img12757,6710,images/img12757.jpg,51.0,52.24480403317053,1.2448040331705317,validation
img12758,6710,images/img12758.jpg,51.0,49.06069980236197,1.9393001976380333,validation
img12771,6717,images/img12771.jpg,71.0,73.26245227355889,2.262452273558893,validation
img12772,6717,images/img12772.jpg,71.0,69.99551563508156,1.00448436491844,validation
img12777,6720,images/img12777.jpg,57.0,69.96660682434198,12.96660682434198,validation
img12778,6720,images/img12778.jpg,57.0,74.09218869075687,17.09218869075687,validation
img12789,6726,images/img12789.jpg,59.0,64.03415830477263,5.034158304772632,validation
img12790,6726,images/img12790.jpg,59.0,74.24489160110176,15.244891601101756,validation
img12817,6740,images/img12817.jpg,41.0,46.47037678572113,5.470376785721129,validation
img12818,6740,images/img12818.jpg,41.0,41.444174277034946,0.4441742770349464,validation
img12823,6743,images/img12823.jpg,49.0,57.17347928329933,8.17347928329933,validation
img12824,6743,images/img12824.jpg,49.0,58.18736482899818,9.187364828998176,validation
img12843,6754,images/img12843.jpg,39.0,33.75389840241748,5.246101597582523,validation
img12844,6754,images/img12844.jpg,39.0,34.099641540571085,4.900358459428915,validation
img12868,6767,images/img12868.jpg,45.0,49.17282873277912,4.172828732779124,validation
img12869,6767,images/img12869.jpg,45.0,47.79663214278303,2.7966321427830323,validation
img12880,6773,images/img12880.jpg,44.0,39.48789399460061,4.512106005399389,validation
img12881,6773,images/img12881.jpg,44.0,48.90261527483692,4.9026152748369185,validation
img12882,6774,images/img12882.jpg,51.0,43.74952405944263,7.250475940557372,validation
img12883,6774,images/img12883.jpg,51.0,50.76179360270104,0.2382063972989598,validation
img12938,6805,images/img12938.jpg,63.0,68.40098210829028,5.400982108290279,validation
img12939,6805,images/img12939.jpg,63.0,67.16513944670962,4.165139446709617,validation
img12940,6806,images/img12940.jpg,48.0,48.388289393133086,0.3882893931330855,validation
img12941,6806,images/img12941.jpg,48.0,45.03961041211448,2.960389587885522,validation
img12944,6808,images/img12944.jpg,62.0,74.52650684581263,12.526506845812634,validation
img12945,6808,images/img12945.jpg,62.0,57.20123129718557,4.798768702814428,validation
img12952,6812,images/img12952.jpg,48.0,42.03716752516506,5.96283247483494,validation
img12953,6812,images/img12953.jpg,48.0,42.55312986782315,5.446870132176848,validation
img12963,6818,images/img12963.jpg,76.0,68.89264455989738,7.107355440102623,validation
img12964,6818,images/img12964.jpg,76.0,73.21445559902621,2.785544400973791,validation
img12968,6821,images/img12968.jpg,51.0,54.20143031176464,3.201430311764639,validation
img12969,6821,images/img12969.jpg,51.0,52.50669068045907,1.506690680459073,validation
img12994,6835,images/img12994.jpg,66.0,56.507356618112304,9.492643381887696,validation
img13033,6856,images/img13033.jpg,77.0,55.51881368928284,21.481186310717163,validation
img13034,6856,images/img13034.jpg,77.0,51.51870996130766,25.481290038692343,validation
img13044,6862,images/img13044.jpg,60.0,65.97276851697637,5.972768516976373,validation
img13045,6862,images/img13045.jpg,60.0,66.19179908200675,6.191799082006753,validation
img13052,6866,images/img13052.jpg,68.0,73.38682112486224,5.386821124862237,validation
img13096,6889,images/img13096.jpg,85.0,82.21626140864328,2.783738591356723,validation
img13097,6889,images/img13097.jpg,85.0,81.71369939637177,3.2863006036282343,validation
img13112,6897,images/img13112.jpg,64.0,55.0630809894021,8.936919010597897,validation
img13113,6897,images/img13113.jpg,64.0,64.71195305770775,0.7119530577077455,validation
img13129,6906,images/img13129.jpg,83.0,65.33928962836357,17.660710371636426,validation
img13182,6936,images/img13182.jpg,26.0,26.986104456194766,0.9861044561947664,validation
img13183,6936,images/img13183.jpg,26.0,24.89784286163684,1.102157138363161,validation
img13226,6961,images/img13226.jpg,70.0,67.08271765386877,2.9172823461312305,validation
img13227,6961,images/img13227.jpg,70.0,67.32494004975051,2.6750599502494907,validation
img13233,6965,images/img13233.jpg,79.0,74.13709893776502,4.862901062234982,validation
img13234,6965,images/img13234.jpg,79.0,73.41617817648965,5.583821823510348,validation
img13276,6988,images/img13276.jpg,56.0,66.12457167371429,10.124571673714286,validation
img13323,7012,images/img13323.jpg,37.0,41.8406209848152,4.840620984815203,validation
img13324,7012,images/img13324.jpg,37.0,42.71626228573595,5.716262285735951,validation
img13342,7022,images/img13342.jpg,75.0,66.24826380124414,8.751736198755864,validation
img13343,7022,images/img13343.jpg,75.0,69.1574785818803,5.842521418119702,validation
img13344,7023,images/img13344.jpg,45.0,52.65024991293621,7.650249912936211,validation
img13345,7023,images/img13345.jpg,45.0,57.47237988541067,12.472379885410668,validation
img13358,7030,images/img13358.jpg,55.0,52.25640758286925,2.743592417130756,validation
img13359,7030,images/img13359.jpg,55.0,58.360675914079366,3.3606759140793656,validation
img13360,7031,images/img13360.jpg,19.0,22.694299381900812,3.694299381900812,validation
img13361,7031,images/img13361.jpg,19.0,26.45166390097544,7.45166390097544,validation
img13415,7060,images/img13415.jpg,82.0,70.72257108004085,11.27742891995915,validation
img13423,7065,images/img13423.jpg,68.0,73.88849647085198,5.888496470851976,validation
img13424,7065,images/img13424.jpg,68.0,73.98089189609986,5.9808918960998625,validation
img13437,7072,images/img13437.jpg,64.0,61.8209190256373,2.179080974362698,validation
img13438,7072,images/img13438.jpg,64.0,66.44511516720993,2.4451151672099343,validation
img13442,7075,images/img13442.jpg,53.0,59.575792614997,6.575792614996999,validation
img13443,7075,images/img13443.jpg,53.0,56.88581680822861,3.885816808228604,validation
img13478,7094,images/img13478.jpg,67.0,71.2446953716437,4.244695371643701,validation
img13479,7094,images/img13479.jpg,67.0,78.86152626789188,11.861526267891875,validation
img13482,7096,images/img13482.jpg,74.0,65.90181340222492,8.098186597775083,validation
img13483,7096,images/img13483.jpg,74.0,69.09971767214365,4.900282327856345,validation
img13513,7112,images/img13513.jpg,33.0,42.4027161487765,9.4027161487765,validation
img13514,7112,images/img13514.jpg,33.0,38.091609451044626,5.091609451044626,validation
img13539,7125,images/img13539.jpg,40.0,46.974227899524095,6.974227899524095,validation
img13540,7125,images/img13540.jpg,40.0,51.24432546376559,11.244325463765591,validation
img13543,7127,images/img13543.jpg,45.0,44.52071323678199,0.4792867632180133,validation
img13544,7127,images/img13544.jpg,45.0,45.010904454915384,0.0109044549153836,validation
img13585,7149,images/img13585.jpg,66.0,64.31546436142582,1.6845356385741752,validation
img13586,7149,images/img13586.jpg,66.0,60.83829483962609,5.161705160373913,validation
img13597,7155,images/img13597.jpg,52.0,45.60572120368897,6.394278796311028,validation
img13598,7155,images/img13598.jpg,52.0,50.63260861572689,1.3673913842731125,validation
img13611,7162,images/img13611.jpg,55.0,56.0898830775159,1.0898830775159,validation
img13612,7162,images/img13612.jpg,55.0,59.93891503937459,4.938915039374592,validation
img13623,7168,images/img13623.jpg,47.0,61.92010595470222,14.920105954702224,validation
img13624,7168,images/img13624.jpg,47.0,53.06429880044764,6.064298800447638,validation
img13627,7170,images/img13627.jpg,50.0,58.15040254184464,8.150402541844642,validation
img13628,7170,images/img13628.jpg,50.0,52.9630399842132,2.9630399842131965,validation
img13657,7185,images/img13657.jpg,58.0,52.1082656053539,5.8917343946461,validation
img13658,7185,images/img13658.jpg,58.0,58.35451519207135,0.3545151920713465,validation
img13690,7202,images/img13690.jpg,56.0,63.021214603427154,7.021214603427154,validation
img13691,7202,images/img13691.jpg,56.0,61.08087495572977,5.080874955729769,validation
img13697,7206,images/img13697.jpg,38.0,41.97617949915805,3.97617949915805,validation
img13698,7206,images/img13698.jpg,38.0,46.46019266550058,8.460192665500578,validation
img13707,7211,images/img13707.jpg,36.0,28.781777083868004,7.218222916131996,validation
img13732,7224,images/img13732.jpg,37.0,49.53524948566958,12.53524948566958,validation
img13733,7224,images/img13733.jpg,37.0,69.45641162965201,32.45641162965201,validation
img13742,7229,images/img13742.jpg,47.0,49.479517656642976,2.479517656642976,validation
img13743,7229,images/img13743.jpg,47.0,58.19918602364136,11.19918602364136,validation
img13752,7234,images/img13752.jpg,64.0,62.19693451022397,1.8030654897760312,validation
img13753,7234,images/img13753.jpg,64.0,62.11990251414152,1.880097485858478,validation
img13764,7240,images/img13764.jpg,63.0,58.625755868714855,4.374244131285145,validation
img13765,7240,images/img13765.jpg,63.0,61.486666013697395,1.5133339863026052,validation
img13766,7241,images/img13766.jpg,34.0,44.96162195068255,10.961621950682549,validation
img13767,7241,images/img13767.jpg,34.0,44.34284012826082,10.342840128260818,validation
img13805,7261,images/img13805.jpg,46.0,40.278526574734144,5.721473425265856,validation
img13806,7261,images/img13806.jpg,46.0,41.22271492257093,4.77728507742907,validation
img13811,7264,images/img13811.jpg,68.0,53.738821449432045,14.261178550567957,validation
img13812,7264,images/img13812.jpg,68.0,63.36049696537745,4.63950303462255,validation
img13827,7272,images/img13827.jpg,26.0,27.703012861688222,1.703012861688226,validation
img13828,7272,images/img13828.jpg,26.0,24.816326275455125,1.1836737245448743,validation
img13829,7273,images/img13829.jpg,57.0,60.69035244381993,3.6903524438199327,validation
img13830,7273,images/img13830.jpg,57.0,54.09201154827274,2.907988451727263,validation
img13859,7288,images/img13859.jpg,63.0,58.74311441248312,4.256885587516884,validation
img13860,7288,images/img13860.jpg,63.0,56.44240735868743,6.557592641312567,validation
img13903,7311,images/img13903.jpg,69.0,76.26178583016468,7.261785830164683,validation
img13904,7311,images/img13904.jpg,69.0,60.09135102281608,8.908648977183923,validation
img13945,7332,images/img13945.jpg,67.0,62.39585967192754,4.604140328072461,validation
img13946,7332,images/img13946.jpg,67.0,64.38795396505608,2.6120460349439156,validation
img13953,7336,images/img13953.jpg,86.0,73.28802272576397,12.711977274236034,validation
img13954,7336,images/img13954.jpg,86.0,76.09345010987747,9.906549890122534,validation
img13983,7351,images/img13983.jpg,92.0,85.64519077713123,6.3548092228687665,validation
img13984,7351,images/img13984.jpg,92.0,86.07818274990082,5.921817250099181,validation
img14005,7362,images/img14005.jpg,70.0,67.85820056448166,2.1417994355183367,validation
img14006,7362,images/img14006.jpg,70.0,72.03475429068963,2.0347542906896336,validation
img14007,7363,images/img14007.jpg,74.0,77.28611986686929,3.286119866869285,validation
img14045,7382,images/img14045.jpg,45.0,54.153297583580475,9.153297583580477,validation
img14046,7382,images/img14046.jpg,45.0,47.277748054775735,2.277748054775735,validation
img14058,7389,images/img14058.jpg,60.0,59.35297108810254,0.6470289118974577,validation
img14059,7389,images/img14059.jpg,60.0,56.01300731137793,3.986992688622067,validation
img14089,7405,images/img14089.jpg,63.0,53.345119262805675,9.654880737194324,validation
img14090,7405,images/img14090.jpg,63.0,51.19077649152003,11.809223508479969,validation
img14132,7426,images/img14132.jpg,63.0,60.92898945790419,2.071010542095813,validation
img14133,7426,images/img14133.jpg,63.0,62.2271825905749,0.7728174094251017,validation
img14154,7438,images/img14154.jpg,47.0,60.941921643762534,13.941921643762534,validation
img14155,7438,images/img14155.jpg,47.0,38.307144609638215,8.692855390361785,validation
img14173,7448,images/img14173.jpg,57.0,53.410505448035146,3.5894945519648545,validation
img14174,7448,images/img14174.jpg,57.0,45.42153891381464,11.578461086185364,validation
img14183,7453,images/img14183.jpg,31.0,57.24679536514812,26.246795365148117,validation
img14184,7453,images/img14184.jpg,31.0,59.60144186380584,28.60144186380584,validation
img14203,7463,images/img14203.jpg,34.0,59.446334157456846,25.44633415745685,validation
img14204,7463,images/img14204.jpg,34.0,33.84682495494609,0.1531750450539135,validation
img14231,7477,images/img14231.jpg,53.0,56.9994312863814,3.9994312863814017,validation
img14232,7477,images/img14232.jpg,53.0,60.95875330722299,7.958753307222992,validation
img14269,7496,images/img14269.jpg,88.0,79.44019107615718,8.559808923842823,validation
img14270,7496,images/img14270.jpg,88.0,80.18497330308958,7.815026696910422,validation
img14321,7521,images/img14321.jpg,68.0,64.86339849422373,3.1366015057762695,validation
img14322,7521,images/img14322.jpg,68.0,65.25359109647768,2.7464089035223225,validation
img14346,7534,images/img14346.jpg,67.0,65.03751117797296,1.962488822027041,validation
img14347,7534,images/img14347.jpg,67.0,71.51730326479091,4.517303264790911,validation
img14350,7536,images/img14350.jpg,79.0,77.46611421268204,1.5338857873179563,validation
img14351,7536,images/img14351.jpg,79.0,72.57121683765118,6.428783162348822,validation
img14362,7542,images/img14362.jpg,87.0,84.23716690287766,2.762833097122339,validation
img14372,7547,images/img14372.jpg,47.0,55.71782896267341,8.717828962673408,validation
img14373,7547,images/img14373.jpg,47.0,45.79881705262976,1.201182947370242,validation
img14374,7548,images/img14374.jpg,53.0,54.68994089922125,1.6899408992212486,validation
img14375,7548,images/img14375.jpg,53.0,50.01941180933102,2.980588190668982,validation
img14394,7559,images/img14394.jpg,89.0,73.16487317692437,15.835126823075626,validation
img14395,7559,images/img14395.jpg,89.0,84.79567723034667,4.204322769653331,validation
img14426,7575,images/img14426.jpg,61.0,58.16348093766412,2.836519062335882,validation
img14427,7575,images/img14427.jpg,61.0,61.89878833787946,0.8987883378794592,validation
img14429,7576,images/img14429.jpg,59.0,61.70553162389984,2.7055316238998444,validation
img14440,7582,images/img14440.jpg,64.0,60.14380038709287,3.856199612907133,validation
img14441,7582,images/img14441.jpg,64.0,66.38044305916127,2.3804430591612658,validation
img14456,7590,images/img14456.jpg,91.0,88.35149476023751,2.6485052397624855,validation
img14457,7590,images/img14457.jpg,91.0,81.99171780787557,9.008282192124426,validation
img14504,7614,images/img14504.jpg,67.0,71.09152895186492,4.091528951864916,validation
img14505,7614,images/img14505.jpg,67.0,66.9051248322288,0.0948751677712067,validation
img14645,7685,images/img14645.jpg,63.0,54.60122982866763,8.398770171332373,validation
img14646,7685,images/img14646.jpg,63.0,50.72457870290603,12.27542129709397,validation
img14649,7687,images/img14649.jpg,46.0,45.13307899802814,0.8669210019718605,validation
img14650,7687,images/img14650.jpg,46.0,47.80387488666659,1.8038748866665912,validation
img14659,7692,images/img14659.jpg,53.0,52.41193299301395,0.5880670069860443,validation
img14660,7692,images/img14660.jpg,53.0,60.162969501363214,7.162969501363214,validation
img14675,7700,images/img14675.jpg,57.0,60.89979845171515,3.8997984517151494,validation
img14676,7700,images/img14676.jpg,57.0,68.93762569658365,11.937625696583652,validation
img14679,7702,images/img14679.jpg,77.0,77.53407669240616,0.5340766924061597,validation
img14680,7702,images/img14680.jpg,77.0,81.10471125563566,4.104711255635664,validation
img14681,7703,images/img14681.jpg,58.0,60.99887686504202,2.9988768650420212,validation
img14682,7703,images/img14682.jpg,58.0,59.72045922604224,1.720459226042237,validation
img14689,7707,images/img14689.jpg,66.0,69.55571607199106,3.555716071991057,validation
img14690,7707,images/img14690.jpg,66.0,71.10018512686925,5.100185126869249,validation
img14729,7728,images/img14729.jpg,87.0,81.6770199862992,5.3229800137008,validation
img14730,7728,images/img14730.jpg,87.0,74.99744551797758,12.002554482022418,validation
img14778,7753,images/img14778.jpg,60.0,57.26176430007111,2.738235699928893,validation
img14779,7753,images/img14779.jpg,60.0,54.187194301134,5.812805698866001,validation
img14811,7770,images/img14811.jpg,79.0,74.6974829339574,4.302517066042597,validation
img14854,7793,images/img14854.jpg,66.0,60.69943232097737,5.3005676790226275,validation
img14855,7793,images/img14855.jpg,66.0,62.98266643237817,3.017333567621833,validation
img14915,7823,images/img14915.jpg,67.0,58.52914441618675,8.470855583813247,validation
img14916,7823,images/img14916.jpg,67.0,53.29460082429998,13.705399175700023,validation
img14931,7831,images/img14931.jpg,73.0,69.81912466613844,3.1808753338615645,validation
img14937,7834,images/img14937.jpg,69.0,62.593504456983126,6.406495543016874,validation
img14938,7834,images/img14938.jpg,69.0,68.56229647861176,0.4377035213882436,validation
img14959,7845,images/img14959.jpg,63.0,61.9452859683724,1.0547140316276042,validation
img14960,7845,images/img14960.jpg,63.0,65.90554765234648,2.9055476523464847,validation
img14989,7861,images/img14989.jpg,60.0,64.60763126207307,4.60763126207307,validation
img14990,7861,images/img14990.jpg,60.0,58.85741802010307,1.1425819798969243,validation
img14999,7866,images/img14999.jpg,68.0,58.42305733124044,9.576942668759555,validation
img15000,7866,images/img15000.jpg,68.0,61.384755830382026,6.615244169617974,validation
img15005,7869,images/img15005.jpg,49.0,53.14134006671876,4.141340066718762,validation
img15006,7869,images/img15006.jpg,49.0,51.722731545563235,2.722731545563235,validation
img15007,7870,images/img15007.jpg,61.0,56.70079301016071,4.299206989839291,validation
img15008,7870,images/img15008.jpg,61.0,53.05745794650853,7.942542053491472,validation
img15021,7877,images/img15021.jpg,57.0,52.15210105578062,4.847898944219381,validation
img15022,7877,images/img15022.jpg,57.0,61.778797742158176,4.778797742158176,validation
img15027,7880,images/img15027.jpg,59.0,58.28908524609826,0.71091475390174,validation
img15028,7880,images/img15028.jpg,59.0,55.71168160064319,3.288318399356811,validation
img15053,7893,images/img15053.jpg,74.0,66.6699685013405,7.330031498659494,validation
img15054,7893,images/img15054.jpg,74.0,77.1047273584818,3.104727358481796,validation
img15064,7899,images/img15064.jpg,64.0,56.11652246427133,7.883477535728673,validation
img15065,7899,images/img15065.jpg,64.0,58.916848654412185,5.083151345587815,validation
img15072,7903,images/img15072.jpg,64.0,76.43438583724375,12.434385837243752,validation
img15073,7903,images/img15073.jpg,64.0,69.72806196683929,5.728061966839292,validation
img15082,7908,images/img15082.jpg,54.0,82.38365920395836,28.38365920395836,validation
img15083,7908,images/img15083.jpg,54.0,84.20687410749899,30.20687410749899,validation
img15098,7917,images/img15098.jpg,58.0,56.59936964807723,1.4006303519227643,validation
img15099,7917,images/img15099.jpg,58.0,60.948351064915904,2.9483510649159044,validation
img15110,7923,images/img15110.jpg,73.0,71.60603096715363,1.3939690328463712,validation
img15111,7923,images/img15111.jpg,73.0,70.58692858869469,2.41307141130531,validation
img15140,7938,images/img15140.jpg,42.0,42.01068096019651,0.0106809601965096,validation
img15141,7938,images/img15141.jpg,42.0,41.726934662700145,0.2730653372998546,validation
img15174,7957,images/img15174.jpg,57.0,57.93298989739116,0.9329898973911596,validation
img15175,7957,images/img15175.jpg,57.0,57.92841096948947,0.9284109694894696,validation
img15188,7964,images/img15188.jpg,39.0,59.620793246344746,20.620793246344743,validation
img15189,7964,images/img15189.jpg,39.0,71.22028423832859,32.22028423832859,validation
img15190,7965,images/img15190.jpg,75.0,57.60260020250121,17.397399797498792,validation
img15191,7965,images/img15191.jpg,75.0,78.43999006710736,3.4399900671073596,validation
img15192,7966,images/img15192.jpg,71.0,62.80105253007284,8.198947469927163,validation
img15193,7966,images/img15193.jpg,71.0,49.34639938314329,21.653600616856707,validation
img15211,7977,images/img15211.jpg,58.0,65.66689100727444,7.666891007274444,validation
img15212,7978,images/img15212.jpg,47.0,39.923087909833825,7.076912090166175,validation
img15213,7978,images/img15213.jpg,47.0,44.04110093984578,2.9588990601542235,validation
img15226,7985,images/img15226.jpg,65.0,69.85938455026154,4.859384550261538,validation
img15227,7985,images/img15227.jpg,65.0,62.60303748277535,2.396962517224651,validation
img15246,7995,images/img15246.jpg,78.0,57.432085987874686,20.56791401212531,validation
img15247,7995,images/img15247.jpg,78.0,54.53732660097401,23.462673399025988,validation
img15257,8001,images/img15257.jpg,40.0,35.42369495516937,4.576305044830633,validation
img15258,8001,images/img15258.jpg,40.0,34.88116207053941,5.1188379294605895,validation
img15271,8008,images/img15271.jpg,77.0,68.73245024649029,8.267549753509712,validation
img15272,8008,images/img15272.jpg,77.0,66.21225457128247,10.787745428717528,validation
img15283,8014,images/img15283.jpg,76.0,66.54641651725125,9.453583482748757,validation
img15284,8014,images/img15284.jpg,76.0,63.10434692896491,12.895653071035092,validation
img15300,8023,images/img15300.jpg,64.0,61.41306616864665,2.586933831353349,validation
img15301,8023,images/img15301.jpg,64.0,62.07977513918598,1.9202248608140169,validation
img15340,8045,images/img15340.jpg,64.0,64.50783440912366,0.5078344091236602,validation
img15341,8045,images/img15341.jpg,64.0,67.21122209993291,3.211222099932911,validation
img15375,8063,images/img15375.jpg,54.0,66.57094434588267,12.570944345882666,validation
img15376,8063,images/img15376.jpg,54.0,64.92853629292716,10.928536292927165,validation
img15381,8066,images/img15381.jpg,54.0,54.76578712911075,0.7657871291107483,validation
img15388,8070,images/img15388.jpg,62.0,64.33807217039048,2.338072170390475,validation
img15389,8070,images/img15389.jpg,62.0,60.37438760557336,1.6256123944266392,validation
img15404,8078,images/img15404.jpg,58.0,60.67284405658598,2.67284405658598,validation
img15405,8078,images/img15405.jpg,58.0,63.63258245612739,5.632582456127388,validation
img15410,8081,images/img15410.jpg,51.0,57.12829311185172,6.128293111851718,validation
img15411,8081,images/img15411.jpg,51.0,58.184811846301535,7.184811846301535,validation
img15412,8082,images/img15412.jpg,53.0,46.31254582512169,6.687454174878312,validation
img15413,8082,images/img15413.jpg,53.0,53.053417780160586,0.0534177801605864,validation
img15422,8088,images/img15422.jpg,72.0,64.249972659637,7.750027340363005,validation
img15423,8088,images/img15423.jpg,72.0,62.776435271385935,9.223564728614065,validation
img15424,8089,images/img15424.jpg,68.0,68.7266405647153,0.7266405647152965,validation
img15425,8089,images/img15425.jpg,68.0,64.78581737578843,3.214182624211574,validation
img15428,8091,images/img15428.jpg,71.0,60.78002597808042,10.219974021919583,validation
img15429,8091,images/img15429.jpg,71.0,63.21393037463215,7.786069625367851,validation
img15446,8100,images/img15446.jpg,87.0,77.70878157762034,9.291218422379655,validation
img15447,8100,images/img15447.jpg,87.0,83.59706146527579,3.402938534724214,validation
img15476,8115,images/img15476.jpg,53.0,54.852265174803414,1.8522651748034136,validation
img15477,8115,images/img15477.jpg,53.0,52.44214126608409,0.5578587339159071,validation
img15505,8130,images/img15505.jpg,45.0,44.31291814042927,0.687081859570732,validation
img15506,8130,images/img15506.jpg,45.0,43.61189338527765,1.3881066147223535,validation
img15511,8133,images/img15511.jpg,71.0,64.59885784644722,6.401142153552783,validation
img15512,8133,images/img15512.jpg,71.0,50.62656336209844,20.373436637901563,validation
img15513,8134,images/img15513.jpg,57.0,62.68085689959021,5.680856899590211,validation
img15514,8134,images/img15514.jpg,57.0,48.036983051162274,8.963016948837726,validation
img15523,8139,images/img15523.jpg,91.0,75.52026343781563,15.479736562184373,validation
img15524,8139,images/img15524.jpg,91.0,74.28456146498078,16.715438535019217,validation
img15554,8155,images/img15554.jpg,59.0,65.83750228622948,6.83750228622948,validation
img15555,8155,images/img15555.jpg,59.0,69.28605718945387,10.28605718945387,validation
img15585,8171,images/img15585.jpg,64.0,64.65574299600641,0.6557429960064098,validation
img15586,8171,images/img15586.jpg,64.0,64.00386060164702,0.0038606016470197,validation
img15587,8172,images/img15587.jpg,77.0,72.10584245991387,4.894157540086127,validation
img15588,8172,images/img15588.jpg,77.0,68.47597684408444,8.524023155915557,validation
img15598,8178,images/img15598.jpg,72.0,79.26887362694697,7.26887362694697,validation
img15599,8178,images/img15599.jpg,72.0,80.37271970785798,8.372719707857982,validation
img15608,8183,images/img15608.jpg,65.0,66.88770887422902,1.88770887422902,validation
img15609,8183,images/img15609.jpg,65.0,66.83080845612378,1.8308084561237763,validation
img15612,8185,images/img15612.jpg,76.0,77.15992969614332,1.1599296961433223,validation
img15617,8188,images/img15617.jpg,43.0,50.4304377973756,7.430437797375603,validation
img15618,8188,images/img15618.jpg,43.0,48.413643904472494,5.413643904472494,validation
img15621,8190,images/img15621.jpg,51.0,55.34527234907405,4.345272349074044,validation
img15622,8190,images/img15622.jpg,51.0,57.122358078040115,6.122358078040115,validation
img15636,8198,images/img15636.jpg,71.0,65.0147501382425,5.985249861757495,validation
img15637,8198,images/img15637.jpg,71.0,65.30681179498299,5.693188205017009,validation
img15640,8200,images/img15640.jpg,60.0,60.53268507478539,0.5326850747853911,validation
img15641,8200,images/img15641.jpg,60.0,65.93271530353026,5.932715303530259,validation
img15734,8249,images/img15734.jpg,68.0,65.5213768555967,2.4786231444033007,validation
img15735,8249,images/img15735.jpg,68.0,65.22682697115401,2.7731730288459886,validation
img15751,8259,images/img15751.jpg,76.0,65.9303590396904,10.0696409603096,validation
img15752,8259,images/img15752.jpg,76.0,70.5591932747807,5.4408067252193035,validation
img15771,8270,images/img15771.jpg,45.0,46.651123652732466,1.6511236527324655,validation
img15772,8270,images/img15772.jpg,45.0,40.32921705703559,4.670782942964408,validation
img15788,8279,images/img15788.jpg,74.0,81.16042618020057,7.160426180200574,validation
img15789,8279,images/img15789.jpg,74.0,77.87448892676474,3.874488926764741,validation
img15798,8284,images/img15798.jpg,58.0,61.452050583868726,3.4520505838687257,validation
img15799,8284,images/img15799.jpg,58.0,57.786747388352246,0.2132526116477535,validation
img15802,8286,images/img15802.jpg,59.0,58.92005014133738,0.0799498586626228,validation
img15803,8286,images/img15803.jpg,59.0,55.497809622959466,3.5021903770405345,validation
img15812,8291,images/img15812.jpg,70.0,72.72121721534384,2.7212172153438416,validation
img15813,8291,images/img15813.jpg,70.0,72.7952413078529,2.795241307852905,validation
img15814,8292,images/img15814.jpg,48.0,62.84823015617056,14.848230156170558,validation
img15815,8292,images/img15815.jpg,48.0,49.21205417290682,1.212054172906818,validation
img15816,8293,images/img15816.jpg,68.0,64.95123625847337,3.048763741526628,validation
img15817,8293,images/img15817.jpg,68.0,68.54670074942416,0.5467007494241614,validation
img15818,8294,images/img15818.jpg,73.0,65.73355620588887,7.266443794111126,validation
img15819,8294,images/img15819.jpg,73.0,74.43677796307269,1.4367779630726858,validation
img15829,8300,images/img15829.jpg,15.0,17.348172846444747,2.348172846444747,validation
img15830,8300,images/img15830.jpg,15.0,17.162899946137713,2.1628999461377134,validation
img15886,8330,images/img15886.jpg,71.0,64.35631699231912,6.6436830076808775,validation
img15887,8330,images/img15887.jpg,71.0,68.5012332004849,2.4987667995150957,validation
img15917,8346,images/img15917.jpg,60.0,60.272883947296776,0.2728839472967763,validation
img15918,8346,images/img15918.jpg,60.0,59.02877391333104,0.9712260866689632,validation
img15962,8369,images/img15962.jpg,73.0,60.55373412878911,12.44626587121089,validation
img15963,8369,images/img15963.jpg,73.0,74.94363479922816,1.943634799228164,validation
img15971,8373,images/img15971.jpg,75.0,71.52624190789732,3.4737580921026847,validation
img15972,8373,images/img15972.jpg,75.0,80.79977439743195,5.799774397431946,validation
img15975,8375,images/img15975.jpg,73.0,61.78493815154689,11.21506184845311,validation
img15977,8377,images/img15977.jpg,67.0,64.03057674011166,2.9694232598883445,validation
img15978,8377,images/img15978.jpg,67.0,57.40895857120201,9.591041428797991,validation
img15985,8381,images/img15985.jpg,89.0,84.93516194224725,4.064838057752752,validation
img15986,8381,images/img15986.jpg,89.0,82.29727631402594,6.702723685974064,validation
img15991,8384,images/img15991.jpg,73.0,70.25720760840787,2.7427923915921326,validation
img15992,8384,images/img15992.jpg,73.0,68.07318823663803,4.926811763361968,validation
img15994,8386,images/img15994.jpg,70.0,72.24747458375643,2.2474745837564285,validation
img15995,8386,images/img15995.jpg,70.0,66.34351826174135,3.656481738258648,validation
img16010,8395,images/img16010.jpg,54.0,57.7838643596734,3.7838643596734016,validation
img16011,8395,images/img16011.jpg,54.0,55.06052923364219,1.0605292336421923,validation
img16045,8413,images/img16045.jpg,59.0,62.58531397263355,3.58531397263355,validation
img16046,8413,images/img16046.jpg,59.0,67.8102584204706,8.810258420470603,validation
img16053,8417,images/img16053.jpg,43.0,47.17056177083957,4.170561770839569,validation
img16054,8417,images/img16054.jpg,43.0,43.25830657689206,0.2583065768920605,validation
img16069,8425,images/img16069.jpg,65.0,59.766476987944785,5.233523012055215,validation
img16070,8425,images/img16070.jpg,65.0,53.95328808245419,11.046711917545808,validation
img16096,8439,images/img16096.jpg,80.0,86.86644979600582,6.866449796005824,validation
img16097,8439,images/img16097.jpg,80.0,85.12287780992352,5.122877809923523,validation
img16100,8441,images/img16100.jpg,80.0,80.8798012097626,0.8798012097626042,validation
img16101,8441,images/img16101.jpg,80.0,84.71566132412036,4.7156613241203615,validation
img16138,8460,images/img16138.jpg,67.0,56.3078532965531,10.692146703446902,validation
img16139,8460,images/img16139.jpg,67.0,60.93937997614913,6.060620023850873,validation
img16142,8462,images/img16142.jpg,62.0,59.33870794853739,2.6612920514626097,validation
img16143,8462,images/img16143.jpg,62.0,74.2107707631043,12.210770763104309,validation
img16158,8470,images/img16158.jpg,48.0,45.59107212435695,2.4089278756430517,validation
img16167,8475,images/img16167.jpg,45.0,49.27773891274224,4.277738912742244,validation
img16168,8475,images/img16168.jpg,45.0,51.10710813095461,6.107108130954607,validation
img16179,8481,images/img16179.jpg,62.0,64.83585621835634,2.8358562183563407,validation
img16180,8481,images/img16180.jpg,62.0,57.96083226153543,4.03916773846457,validation
img16183,8483,images/img16183.jpg,79.0,75.10860053327833,3.8913994667216656,validation
img16184,8483,images/img16184.jpg,79.0,68.41422866260585,10.58577133739415,validation
img16207,8495,images/img16207.jpg,49.0,48.48462083143259,0.5153791685674065,validation
img16208,8495,images/img16208.jpg,49.0,51.86577819113701,2.8657781911370037,validation
img16211,8497,images/img16211.jpg,49.0,53.58621914789957,4.58621914789957,validation
img16233,8508,images/img16233.jpg,19.0,22.3016229143864,3.3016229143863995,validation
img16234,8508,images/img16234.jpg,19.0,23.225670959362525,4.225670959362525,validation
img16241,8512,images/img16241.jpg,22.0,25.663228900863803,3.6632289008638033,validation
img16242,8512,images/img16242.jpg,22.0,26.263029739314824,4.263029739314824,validation
img00003,2,images/img00003.jpg,18.0,20.529609989440154,2.5296099894401536,test
img00004,2,images/img00004.jpg,18.0,21.702339025280473,3.702339025280473,test
img00009,5,images/img00009.jpg,23.0,22.118125527863796,0.8818744721362037,test
img00010,5,images/img00010.jpg,23.0,24.386551603461996,1.3865516034619958,test
img00051,26,images/img00051.jpg,13.0,19.568851997299355,6.568851997299355,test
img00052,26,images/img00052.jpg,13.0,17.675927456121414,4.675927456121414,test
img00068,35,images/img00068.jpg,20.0,22.68649061120269,2.686490611202686,test
img00069,35,images/img00069.jpg,20.0,23.382180100117537,3.3821801001175373,test
img00110,56,images/img00110.jpg,15.0,18.416041870401855,3.4160418704018554,test
img00111,56,images/img00111.jpg,15.0,18.825230179867347,3.825230179867347,test
img00128,65,images/img00128.jpg,30.0,33.64846691066752,3.6484669106675223,test
img00129,65,images/img00129.jpg,30.0,36.826987761365885,6.826987761365885,test
img00156,79,images/img00156.jpg,20.0,31.17292737023704,11.17292737023704,test
img00157,79,images/img00157.jpg,20.0,26.5036620251857,6.503662025185701,test
img00164,83,images/img00164.jpg,22.0,22.02337547469171,0.0233754746917114,test
img00165,83,images/img00165.jpg,22.0,23.39932231489871,1.3993223148987113,test
img00217,110,images/img00217.jpg,22.0,32.37993211075626,10.379932110756258,test
img00218,110,images/img00218.jpg,22.0,25.70619458947044,3.7061945894704422,test
img00221,112,images/img00221.jpg,26.0,33.04141569405991,7.041415694059907,test
img00222,112,images/img00222.jpg,26.0,39.28572535747019,13.285725357470191,test
img00225,114,images/img00225.jpg,13.0,19.402171823648985,6.402171823648985,test
img00226,114,images/img00226.jpg,13.0,20.1398170959098,7.139817095909798,test
img00231,117,images/img00231.jpg,19.0,23.073692214344945,4.073692214344945,test
img00232,117,images/img00232.jpg,19.0,27.41393784161769,8.413937841617692,test
img00273,138,images/img00273.jpg,13.0,18.184117018225656,5.184117018225656,test
img00274,138,images/img00274.jpg,13.0,15.058065435444483,2.058065435444483,test
img00287,145,images/img00287.jpg,15.0,20.007469338680817,5.007469338680814,test
img00288,145,images/img00288.jpg,15.0,20.01214587621623,5.0121458762162305,test
img00291,147,images/img00291.jpg,10.0,15.821078306369891,5.821078306369891,test
img00292,147,images/img00292.jpg,10.0,16.13588955143127,6.135889551431269,test
img00293,148,images/img00293.jpg,19.0,21.651719432657153,2.6517194326571527,test
img00294,148,images/img00294.jpg,19.0,21.22820268332685,2.228202683326849,test
img00299,151,images/img00299.jpg,23.0,28.620325296631997,5.6203252966319965,test
img00300,151,images/img00300.jpg,23.0,28.66601533009952,5.666015330099519,test
img00305,154,images/img00305.jpg,28.0,26.88474530380052,1.1152546961994825,test
img00306,154,images/img00306.jpg,28.0,26.47062961640009,1.529370383599911,test
img00311,157,images/img00311.jpg,25.0,24.811928934190483,0.1880710658095168,test
img00312,157,images/img00312.jpg,25.0,23.2184860178319,1.7815139821681,test
img00317,160,images/img00317.jpg,24.0,26.90652915658326,2.906529156583261,test
img00318,160,images/img00318.jpg,24.0,25.762382838963138,1.7623828389631342,test
img00344,174,images/img00344.jpg,76.0,75.80559875471243,0.1944012452875654,test
img00345,174,images/img00345.jpg,76.0,77.03066836643887,1.0306683664388745,test
img00394,202,images/img00394.jpg,74.0,69.68188879295009,4.31811120704991,test
img00395,202,images/img00395.jpg,74.0,63.440596848607086,10.559403151392914,test
img00424,218,images/img00424.jpg,38.0,38.72693801495127,0.7269380149512727,test
img00425,218,images/img00425.jpg,38.0,37.91349531761783,0.08650468238217,test
img00427,220,images/img00427.jpg,49.0,55.55364655956653,6.5536465595665305,test
img00428,220,images/img00428.jpg,49.0,51.82384912774664,2.823849127746641,test
img00441,227,images/img00441.jpg,41.0,35.787705818070705,5.212294181929295,test
img00442,227,images/img00442.jpg,41.0,35.863221865651695,5.1367781343483045,test
img00451,232,images/img00451.jpg,60.0,72.02806121446416,12.02806121446416,test
img00452,232,images/img00452.jpg,60.0,68.75469542748606,8.754695427486055,test
img00463,238,images/img00463.jpg,49.0,44.1585182402511,4.841481759748902,test
img00464,238,images/img00464.jpg,49.0,44.99965589891252,4.000344101087478,test
img00478,246,images/img00478.jpg,59.0,56.4186560446841,2.5813439553159014,test
img00479,246,images/img00479.jpg,59.0,59.30705270807567,0.3070527080756733,test
img00482,248,images/img00482.jpg,37.0,62.83365251182188,25.83365251182188,test
img00483,248,images/img00483.jpg,37.0,63.29217240298968,26.29217240298968,test
img00487,251,images/img00487.jpg,64.0,64.68490319245072,0.6849031924507187,test
img00488,251,images/img00488.jpg,64.0,57.75164534178113,6.248354658218872,test
img00495,255,images/img00495.jpg,87.0,78.29302594885934,8.706974051140662,test
img00509,264,images/img00509.jpg,57.0,55.08201289590334,1.9179871040966603,test
img00510,264,images/img00510.jpg,57.0,63.07250492146659,6.072504921466589,test
img00526,273,images/img00526.jpg,51.0,57.651175036889526,6.651175036889526,test
img00527,273,images/img00527.jpg,51.0,62.13282024941164,11.132820249411637,test
img00530,275,images/img00530.jpg,77.0,75.80587576976234,1.1941242302376622,test
img00531,275,images/img00531.jpg,77.0,85.33898881082558,8.338988810825583,test
img00546,283,images/img00546.jpg,53.0,56.98121148032957,3.98121148032957,test
img00547,283,images/img00547.jpg,53.0,57.97400117802082,4.974001178020821,test
img00575,298,images/img00575.jpg,75.0,68.00128865325186,6.998711346748138,test
img00576,298,images/img00576.jpg,75.0,75.94286952743462,0.942869527434624,test
img00593,307,images/img00593.jpg,11.0,14.712355015603848,3.712355015603848,test
img00594,307,images/img00594.jpg,11.0,13.673605290199824,2.6736052901998235,test
img00609,316,images/img00609.jpg,62.0,62.72781531299096,0.7278153129909626,test
img00610,316,images/img00610.jpg,62.0,69.0189634226544,7.018963422654394,test
img00611,317,images/img00611.jpg,78.0,76.03228213314907,1.9677178668509328,test
img00635,329,images/img00635.jpg,68.0,67.65939646053612,0.3406035394638849,test
img00636,329,images/img00636.jpg,68.0,66.35102220682354,1.6489777931764564,test
img00645,334,images/img00645.jpg,68.0,74.71182337053698,6.711823370536976,test
img00646,334,images/img00646.jpg,68.0,68.71596894163132,0.7159689416313171,test
img00651,337,images/img00651.jpg,30.0,29.692247028957016,0.3077529710429836,test
img00652,337,images/img00652.jpg,30.0,31.58342004978004,1.5834200497800417,test
img00655,339,images/img00655.jpg,52.0,49.559459946665086,2.4405400533349138,test
img00656,339,images/img00656.jpg,52.0,47.528949446349905,4.471050553650095,test
img00669,346,images/img00669.jpg,49.0,55.68314346112443,6.6831434611244305,test
img00670,346,images/img00670.jpg,49.0,63.50382117130634,14.503821171306342,test
img00677,350,images/img00677.jpg,77.0,73.62594400589427,3.3740559941057313,test
img00678,350,images/img00678.jpg,77.0,76.23570715349797,0.7642928465020304,test
img00695,360,images/img00695.jpg,75.0,62.18585172700688,12.814148272993124,test
img00707,366,images/img00707.jpg,74.0,70.15550818555862,3.8444918144413833,test
img00722,374,images/img00722.jpg,9.0,14.047510170946609,5.047510170946609,test
img00723,374,images/img00723.jpg,9.0,13.875137010837548,4.875137010837548,test
img00753,390,images/img00753.jpg,47.0,54.74526129546212,7.745261295462122,test
img00754,390,images/img00754.jpg,47.0,53.9005786075892,6.900578607589203,test
img00784,406,images/img00784.jpg,78.0,75.74493464000393,2.255065359996067,test
img00785,406,images/img00785.jpg,78.0,74.80473901696126,3.195260983038736,test
img00794,411,images/img00794.jpg,68.0,58.4177996346707,9.5822003653293,test
img00808,418,images/img00808.jpg,80.0,81.03898670851945,1.0389867085194453,test
img00809,418,images/img00809.jpg,80.0,81.03245831446931,1.0324583144693094,test
img00813,421,images/img00813.jpg,84.0,69.08336287809489,14.916637121905111,test
img00814,421,images/img00814.jpg,84.0,67.35308652379763,16.64691347620237,test
img00821,425,images/img00821.jpg,57.0,54.938652427177566,2.0613475728224344,test
img00822,425,images/img00822.jpg,57.0,57.09481079218104,0.0948107921810432,test
img00860,446,images/img00860.jpg,69.0,63.03261039183843,5.967389608161568,test
img00861,446,images/img00861.jpg,69.0,65.6020324048418,3.3979675951582067,test
img00896,464,images/img00896.jpg,77.0,78.61622180692731,1.6162218069273138,test
img00897,464,images/img00897.jpg,77.0,71.93541603942717,5.064583960572833,test
img00898,465,images/img00898.jpg,84.0,81.87486980611612,2.1251301938838765,test
img00899,465,images/img00899.jpg,84.0,76.09552008847874,7.904479911521264,test
img00910,471,images/img00910.jpg,54.0,51.901212124095416,2.098787875904584,test
img00911,471,images/img00911.jpg,54.0,55.4846533166572,1.4846533166572016,test
img00927,480,images/img00927.jpg,62.0,65.41605551550045,3.416055515500446,test
img00928,480,images/img00928.jpg,62.0,63.60694656729635,1.6069465672963474,test
img00929,481,images/img00929.jpg,65.0,61.66415713591451,3.3358428640854925,test
img00934,484,images/img00934.jpg,59.0,56.04935040445831,2.950649595541691,test
img00935,484,images/img00935.jpg,59.0,57.260677302285465,1.7393226977145346,test
img00982,509,images/img00982.jpg,73.0,52.10815654431063,20.89184345568937,test
img00983,509,images/img00983.jpg,73.0,76.98404040799923,3.984040407999231,test
img01004,520,images/img01004.jpg,43.0,44.61124371818996,1.6112437181899608,test
img01009,523,images/img01009.jpg,88.0,84.14113647305759,3.8588635269424145,test
img01022,531,images/img01022.jpg,46.0,50.7191480082564,4.719148008256397,test
img01023,531,images/img01023.jpg,46.0,47.63952425690047,1.6395242569004722,test
img01047,544,images/img01047.jpg,78.0,77.29176268524807,0.7082373147519263,test
img01056,549,images/img01056.jpg,78.0,71.96886069895635,6.031139301043652,test
img01057,549,images/img01057.jpg,78.0,76.35382462580108,1.6461753741989185,test
img01145,596,images/img01145.jpg,77.0,76.71337707325354,0.2866229267464604,test
img01146,596,images/img01146.jpg,77.0,79.3822055006714,2.382205500671404,test
img01194,622,images/img01194.jpg,61.0,68.3430270698966,7.343027069896607,test
img01195,622,images/img01195.jpg,61.0,67.06011584326149,6.060115843261485,test
img01196,623,images/img01196.jpg,68.0,63.95293836462862,4.047061635371378,test
img01267,661,images/img01267.jpg,29.0,42.506873807541055,13.506873807541057,test
img01268,661,images/img01268.jpg,29.0,44.68560917176446,15.685609171764462,test
img01308,684,images/img01308.jpg,55.0,62.00127190962982,7.001271909629821,test
img01309,684,images/img01309.jpg,55.0,62.84401440154296,7.844014401542964,test
img01341,701,images/img01341.jpg,61.0,62.76890787817944,1.7689078781794407,test
img01354,708,images/img01354.jpg,63.0,58.576376981785025,4.423623018214975,test
img01355,708,images/img01355.jpg,63.0,64.91346950979941,1.9134695097994123,test
img01393,728,images/img01393.jpg,65.0,71.56559767597172,6.565597675971716,test
img01396,730,images/img01396.jpg,76.0,84.07129596216835,8.07129596216835,test
img01397,730,images/img01397.jpg,76.0,79.27164377744603,3.2716437774460303,test
img01405,735,images/img01405.jpg,72.0,67.79506076409093,4.204939235909066,test
img01406,735,images/img01406.jpg,72.0,71.66159538747881,0.3384046125211881,test
img01473,772,images/img01473.jpg,91.0,88.67540605874935,2.3245939412506544,test
img01474,772,images/img01474.jpg,91.0,79.63412778574158,11.365872214258417,test
img01479,775,images/img01479.jpg,43.0,52.251100672503725,9.251100672503725,test
img01480,775,images/img01480.jpg,43.0,53.05410050229146,10.054100502291462,test
img01535,804,images/img01535.jpg,43.0,39.447859866837064,3.5521401331629363,test
img01536,804,images/img01536.jpg,43.0,45.24438233634775,2.244382336347748,test
img01541,807,images/img01541.jpg,43.0,39.618569846036266,3.381430153963734,test
img01542,807,images/img01542.jpg,43.0,47.92810850227629,4.928108502276288,test
img01551,812,images/img01551.jpg,19.0,40.27886575457871,21.27886575457871,test
img01552,812,images/img01552.jpg,19.0,51.3018584359218,32.3018584359218,test
img01586,830,images/img01586.jpg,44.0,41.95452979145853,2.0454702085414667,test
img01587,830,images/img01587.jpg,44.0,38.31003690850574,5.689963091494263,test
img01620,848,images/img01620.jpg,49.0,48.32133136561748,0.6786686343825181,test
img01621,848,images/img01621.jpg,49.0,48.5488441532882,0.4511558467117993,test
img01637,857,images/img01637.jpg,60.0,56.77869735826302,3.221302641736983,test
img01643,860,images/img01643.jpg,80.0,75.7070522866241,4.292947713375895,test
img01644,860,images/img01644.jpg,80.0,74.1223233476228,5.877676652377204,test
img01700,892,images/img01700.jpg,31.0,32.56470333026425,1.5647033302642512,test
img01701,892,images/img01701.jpg,31.0,29.723037142692995,1.276962857307005,test
img01704,894,images/img01704.jpg,28.0,48.29398539962797,20.29398539962797,test
img01720,902,images/img01720.jpg,8.0,15.053306011516176,7.053306011516177,test
img01721,902,images/img01721.jpg,8.0,21.227360732072803,13.227360732072803,test
img01728,906,images/img01728.jpg,28.0,31.722749894999165,3.722749894999165,test
img01729,906,images/img01729.jpg,28.0,33.59402363786715,5.594023637867153,test
img01744,915,images/img01744.jpg,58.0,48.29764985068184,9.702350149318155,test
img01745,915,images/img01745.jpg,58.0,47.6512919434693,10.348708056530697,test
img01757,923,images/img01757.jpg,35.0,34.41769189861759,0.5823081013824094,test
img01778,935,images/img01778.jpg,59.0,64.84741832485861,5.847418324858609,test
img01779,935,images/img01779.jpg,59.0,67.40449571837424,8.404495718374235,test
img01782,937,images/img01782.jpg,84.0,79.35084172584781,4.649158274152185,test
img01783,937,images/img01783.jpg,84.0,81.28754118857346,2.7124588114265435,test
img01808,950,images/img01808.jpg,71.0,82.16341697073723,11.16341697073723,test
img01819,957,images/img01819.jpg,25.0,28.421164563074964,3.4211645630749636,test
img01820,957,images/img01820.jpg,25.0,29.323910805079596,4.323910805079596,test
img01823,959,images/img01823.jpg,32.0,51.75565271208471,19.75565271208471,test
img01838,967,images/img01838.jpg,25.0,24.436355419481664,0.5636445805183357,test
img01842,969,images/img01842.jpg,82.0,70.69420212146547,11.305797878534534,test
img01843,969,images/img01843.jpg,82.0,68.87052479910136,13.12947520089864,test
img01894,999,images/img01894.jpg,54.0,52.03074392518717,1.969256074812833,test
img01895,999,images/img01895.jpg,54.0,59.2476567006478,5.247656700647802,test
img01958,1033,images/img01958.jpg,47.0,54.64970173669636,7.649701736696358,test
img01959,1033,images/img01959.jpg,47.0,46.78556647260266,0.2144335273973396,test
img01963,1036,images/img01963.jpg,34.0,52.397110506623136,18.397110506623136,test
img01964,1036,images/img01964.jpg,34.0,41.15302818775271,7.15302818775271,test
img01965,1037,images/img01965.jpg,59.0,55.73896444755391,3.261035552446089,test
img02032,1072,images/img02032.jpg,78.0,80.4920979258213,2.492097925821298,test
img02041,1077,images/img02041.jpg,60.0,65.41552384291451,5.41552384291451,test
img02042,1077,images/img02042.jpg,60.0,56.83955110286049,3.16044889713951,test
img02050,1082,images/img02050.jpg,56.0,54.29988871306052,1.7001112869394817,test
img02051,1082,images/img02051.jpg,56.0,55.24053148638061,0.7594685136193959,test
img02059,1087,images/img02059.jpg,62.0,60.98127114082695,1.018728859173052,test
img02075,1096,images/img02075.jpg,64.0,73.39499961249706,9.39499961249706,test
img02091,1105,images/img02091.jpg,71.0,72.50434714958064,1.5043471495806386,test
img02092,1105,images/img02092.jpg,71.0,63.37430572937108,7.62569427062892,test
img02099,1109,images/img02099.jpg,52.0,49.52245008163142,2.477549918368581,test
img02100,1109,images/img02100.jpg,54.0,59.950223306298646,5.950223306298646,test
img02114,1117,images/img02114.jpg,42.0,43.00643227868091,1.0064322786809117,test
img02115,1117,images/img02115.jpg,42.0,47.42094629519965,5.4209462951996485,test
img02167,1144,images/img02167.jpg,40.0,53.30247912141319,13.302479121413192,test
img02217,1170,images/img02217.jpg,56.0,54.72039892208047,1.27960107791953,test
img02218,1170,images/img02218.jpg,56.0,62.566884837541785,6.566884837541785,test
img02259,1192,images/img02259.jpg,38.0,34.52506249571688,3.474937504283119,test
img02260,1192,images/img02260.jpg,38.0,36.77914922534595,1.2208507746540531,test
img02261,1193,images/img02261.jpg,42.0,47.8273219203592,5.8273219203592035,test
img02262,1193,images/img02262.jpg,42.0,52.42496033463256,10.42496033463256,test
img02275,1200,images/img02275.jpg,33.0,41.88131493189053,8.881314931890529,test
img02276,1200,images/img02276.jpg,33.0,42.3428623576195,9.342862357619502,test
img02284,1205,images/img02284.jpg,36.0,36.189953482742496,0.1899534827424958,test
img02285,1205,images/img02285.jpg,36.0,37.11780557690787,1.1178055769078696,test
img02303,1215,images/img02303.jpg,47.0,57.26542912602231,10.265429126022312,test
img02311,1219,images/img02311.jpg,31.0,35.27288098209391,4.272880982093909,test
img02312,1219,images/img02312.jpg,31.0,35.37777153106924,4.377771531069243,test
img02314,1221,images/img02314.jpg,17.0,23.95092035344527,6.9509203534452695,test
img02315,1221,images/img02315.jpg,17.0,22.527191688960823,5.527191688960826,test
img02321,1225,images/img02321.jpg,51.0,61.881264954752055,10.881264954752057,test
img02322,1225,images/img02322.jpg,51.0,59.783936570361874,8.783936570361874,test
img02381,1255,images/img02381.jpg,28.0,29.24521235625598,1.2452123562559798,test
img02382,1255,images/img02382.jpg,28.0,29.72276449008482,1.7227644900848205,test
img02390,1260,images/img02390.jpg,63.0,61.04315210412573,1.956847895874276,test
img02391,1260,images/img02391.jpg,63.0,57.332142720474685,5.667857279525315,test
img02414,1272,images/img02414.jpg,60.0,62.76218153833577,2.762181538335767,test
img02415,1272,images/img02415.jpg,60.0,62.43185635986923,2.4318563598692293,test
img02444,1287,images/img02444.jpg,34.0,36.411345219359674,2.4113452193596743,test
img02473,1302,images/img02473.jpg,78.0,83.26259742021716,5.262597420217162,test
img02474,1302,images/img02474.jpg,78.0,85.03600414529639,7.036004145296388,test
img02525,1329,images/img02525.jpg,59.0,63.35279943694346,4.352799436943457,test
img02526,1329,images/img02526.jpg,59.0,60.713504740043106,1.7135047400431065,test
img02552,1343,images/img02552.jpg,82.0,72.96896900611938,9.03103099388062,test
img02563,1349,images/img02563.jpg,68.0,70.26527812560984,2.2652781256098393,test
img02564,1349,images/img02564.jpg,68.0,69.71343033727419,1.7134303372741897,test
img02567,1351,images/img02567.jpg,79.0,83.7766370166824,4.7766370166824,test
img02568,1351,images/img02568.jpg,79.0,77.7224142080291,1.2775857919709068,test
img02584,1360,images/img02584.jpg,78.0,71.56804282456183,6.431957175438171,test
img02628,1384,images/img02628.jpg,74.0,86.47066508875821,12.47066508875821,test
img02629,1384,images/img02629.jpg,74.0,82.39561883796334,8.39561883796334,test
img02632,1386,images/img02632.jpg,51.0,54.705914524923784,3.705914524923784,test
img02633,1386,images/img02633.jpg,51.0,63.871258186882,12.871258186882002,test
img02691,1419,images/img02691.jpg,42.0,52.92928559132113,10.929285591321133,test
img02713,1430,images/img02713.jpg,49.0,49.41202523001535,0.4120252300153524,test
img02714,1430,images/img02714.jpg,49.0,54.19540632503962,5.19540632503962,test
img02737,1444,images/img02737.jpg,60.0,68.02503778603435,8.025037786034346,test
img02748,1450,images/img02748.jpg,61.0,63.49413655066397,2.494136550663967,test
img02749,1450,images/img02749.jpg,61.0,57.909371399289576,3.090628600710424,test
img02780,1468,images/img02780.jpg,75.0,74.87579119604122,0.1242088039587798,test
img02781,1468,images/img02781.jpg,75.0,79.4090606919662,4.409060691966204,test
img02813,1485,images/img02813.jpg,64.0,60.87046948330638,3.1295305166936203,test
img02826,1492,images/img02826.jpg,67.0,63.7002444726773,3.299755527322702,test
img02827,1492,images/img02827.jpg,67.0,62.55635608442451,4.4436439155754925,test
img02840,1499,images/img02840.jpg,74.0,80.46445749501495,6.464457495014955,test
img02858,1510,images/img02858.jpg,58.0,65.00036607724563,7.00036607724563,test
img02859,1510,images/img02859.jpg,58.0,64.82216524028944,6.822165240289436,test
img02866,1514,images/img02866.jpg,47.0,46.82846345275204,0.1715365472479604,test
img02867,1514,images/img02867.jpg,47.0,46.475594266031166,0.5244057339688339,test
img02888,1526,images/img02888.jpg,75.0,74.47333522477678,0.5266647752232245,test
img02899,1532,images/img02899.jpg,70.0,56.584822131841754,13.415177868158246,test
img02902,1534,images/img02902.jpg,63.0,67.92397746089864,4.923977460898641,test
img02913,1540,images/img02913.jpg,72.0,76.2672563320951,4.267256332095101,test
img02914,1540,images/img02914.jpg,72.0,67.79150210224904,4.208497897750959,test
img02939,1554,images/img02939.jpg,74.0,74.66645724836796,0.666457248367962,test
img02940,1554,images/img02940.jpg,74.0,76.73787436479284,2.7378743647928445,test
img02951,1560,images/img02951.jpg,59.0,58.9393519011016,0.0606480988983975,test
img02952,1560,images/img02952.jpg,59.0,59.262834862365985,0.2628348623659846,test
img02955,1562,images/img02955.jpg,59.0,48.078111061189816,10.921888938810184,test
img02956,1562,images/img02956.jpg,59.0,50.43650595382314,8.563494046176857,test
img02974,1573,images/img02974.jpg,80.0,75.61477900974468,4.38522099025532,test
img02975,1573,images/img02975.jpg,80.0,79.9308130854115,0.0691869145884993,test
img02976,1574,images/img02976.jpg,58.0,52.47868544046299,5.521314559537004,test
img02977,1574,images/img02977.jpg,58.0,58.9435278484484,0.9435278484484044,test
img02978,1575,images/img02978.jpg,77.0,80.04590738559517,3.0459073855951715,test
img02979,1575,images/img02979.jpg,77.0,77.71387690956192,0.7138769095619182,test
img02998,1586,images/img02998.jpg,66.0,48.01491454905659,17.98508545094341,test
img02999,1586,images/img02999.jpg,66.0,46.11541471757991,19.88458528242009,test
img03007,1591,images/img03007.jpg,49.0,44.391987396800005,4.608012603199995,test
img03008,1591,images/img03008.jpg,49.0,46.20681441550274,2.793185584497259,test
img03037,1607,images/img03037.jpg,74.0,67.71521063065039,6.28478936934961,test
img03052,1615,images/img03052.jpg,74.0,62.396233206000744,11.603766793999256,test
img03053,1615,images/img03053.jpg,74.0,75.19482855652932,1.1948285565293162,test
img03062,1622,images/img03062.jpg,43.0,41.57735962307624,1.4226403769237592,test
img03088,1637,images/img03088.jpg,61.0,60.065140382287005,0.9348596177129948,test
img03089,1637,images/img03089.jpg,61.0,61.01988311258625,0.0198831125862497,test
img03126,1658,images/img03126.jpg,53.0,60.33274728129506,7.332747281295063,test
img03127,1658,images/img03127.jpg,53.0,51.71003629482139,1.2899637051786073,test
img03133,1662,images/img03133.jpg,69.0,67.40817761919503,1.5918223808049703,test
img03153,1673,images/img03153.jpg,46.0,49.11930920701525,3.119309207015249,test
img03154,1673,images/img03154.jpg,46.0,49.65212584330028,3.652125843300283,test
img03159,1676,images/img03159.jpg,66.0,40.03401062511242,25.965989374887577,test
img03160,1676,images/img03160.jpg,66.0,45.2056220415696,20.7943779584304,test
img03161,1677,images/img03161.jpg,72.0,73.34883080104957,1.3488308010495729,test
img03162,1677,images/img03162.jpg,72.0,67.7546361977925,4.245363802207507,test
img03197,1697,images/img03197.jpg,78.0,74.01440199225499,3.9855980077450113,test
img03198,1697,images/img03198.jpg,78.0,75.83589373131196,2.164106268688045,test
img03205,1701,images/img03205.jpg,74.0,73.0415273182069,0.9584726817930972,test
img03206,1701,images/img03206.jpg,74.0,70.18530584380083,3.8146941561991663,test
img03207,1702,images/img03207.jpg,68.0,83.1318681288703,15.131868128870297,test
img03208,1702,images/img03208.jpg,68.0,78.47775354395003,10.47775354395003,test
img03223,1711,images/img03223.jpg,71.0,67.68842523842329,3.3115747615767077,test
img03224,1711,images/img03224.jpg,71.0,55.92644787888173,15.073552121118276,test
img03259,1730,images/img03259.jpg,55.0,64.00261021678592,9.002610216785925,test
img03260,1730,images/img03260.jpg,55.0,49.47017548767647,5.529824512323529,test
img03275,1737,images/img03275.jpg,53.0,60.723742845480075,7.723742845480075,test
img03276,1737,images/img03276.jpg,53.0,62.07900680413614,9.079006804136142,test
img03346,1777,images/img03346.jpg,56.0,51.54340138150398,4.456598618496017,test
img03347,1777,images/img03347.jpg,56.0,54.396680116310016,1.6033198836899842,test
img03377,1793,images/img03377.jpg,68.0,71.60543113141564,3.605431131415642,test
img03378,1793,images/img03378.jpg,68.0,72.50482483695015,4.504824836950149,test
img03444,1828,images/img03444.jpg,78.0,69.34095306558382,8.659046934416182,test
img03472,1846,images/img03472.jpg,67.0,83.89037895992952,16.89037895992952,test
img03473,1846,images/img03473.jpg,67.0,73.53291166415367,6.532911664153673,test
img03479,1850,images/img03479.jpg,63.0,63.46528663288776,0.4652866328877607,test
img03480,1850,images/img03480.jpg,63.0,59.28562384898877,3.71437615101123,test
img03491,1856,images/img03491.jpg,33.0,55.99385973666364,22.993859736663637,test
img03492,1856,images/img03492.jpg,33.0,40.93670451781628,7.936704517816281,test
img03524,1875,images/img03524.jpg,81.0,85.25443596519924,4.254435965199235,test
img03534,1880,images/img03534.jpg,61.0,59.95808578956059,1.0419142104394084,test
img03535,1880,images/img03535.jpg,61.0,65.99214321131328,4.992143211313277,test
img03554,1890,images/img03554.jpg,57.0,56.69888103374589,0.3011189662541156,test
img03555,1890,images/img03555.jpg,57.0,53.49223906569296,3.5077609343070364,test
img03562,1894,images/img03562.jpg,19.0,15.44353951166135,3.556460488338651,test
img03563,1894,images/img03563.jpg,19.0,16.48142111116094,2.518578888839059,test
img03570,1898,images/img03570.jpg,56.0,61.70109801983831,5.701098019838312,test
img03571,1898,images/img03571.jpg,56.0,56.61642897646552,0.6164289764655209,test
img03593,1910,images/img03593.jpg,8.0,11.604669312509335,3.604669312509337,test
img03594,1910,images/img03594.jpg,8.0,11.570650991892563,3.5706509918925633,test
img03614,1921,images/img03614.jpg,58.0,59.45536850162872,1.455368501628719,test
img03615,1921,images/img03615.jpg,58.0,55.79660539014296,2.2033946098570425,test
img03646,1937,images/img03646.jpg,66.0,63.1240809794394,2.875919020560602,test
img03665,1947,images/img03665.jpg,71.0,73.37877132925848,2.378771329258484,test
img03666,1947,images/img03666.jpg,71.0,70.94364217719082,0.0563578228091756,test
img03667,1948,images/img03667.jpg,72.0,62.37577553550416,9.62422446449584,test
img03668,1948,images/img03668.jpg,72.0,69.56169370777268,2.438306292227324,test
img03673,1951,images/img03673.jpg,73.0,77.56600976587562,4.56600976587562,test
img03674,1951,images/img03674.jpg,73.0,73.07537114115443,0.0753711411544344,test
img03710,1970,images/img03710.jpg,68.0,64.47758087572058,3.5224191242794234,test
img03711,1970,images/img03711.jpg,68.0,66.20488259006264,1.7951174099373617,test
img03723,1977,images/img03723.jpg,68.0,56.20058467152926,11.799415328470737,test
img03724,1977,images/img03724.jpg,68.0,45.60468403316747,22.395315966832527,test
img03727,1979,images/img03727.jpg,50.0,61.40044507941423,11.400445079414231,test
img03728,1979,images/img03728.jpg,50.0,54.92951365705676,4.929513657056759,test
img03775,2005,images/img03775.jpg,78.0,80.30865288859945,2.308652888599454,test
img03794,2016,images/img03794.jpg,30.0,29.57048909902955,0.4295109009704489,test
img03795,2016,images/img03795.jpg,30.0,31.104615895174454,1.104615895174458,test
img03804,2021,images/img03804.jpg,15.0,17.949504901943286,2.9495049019432855,test
img03805,2021,images/img03805.jpg,15.0,18.303176777942625,3.3031767779426247,test
img03854,2046,images/img03854.jpg,32.0,29.059673347003365,2.940326652996635,test
img03855,2046,images/img03855.jpg,32.0,29.607903580533748,2.3920964194662524,test
img03923,2081,images/img03923.jpg,21.0,25.08229344167762,4.082293441677621,test
img03924,2081,images/img03924.jpg,21.0,26.291457590853575,5.291457590853575,test
img03943,2091,images/img03943.jpg,56.0,56.15634978503157,0.1563497850315727,test
img03944,2091,images/img03944.jpg,56.0,52.73164326013903,3.2683567398609696,test
img03956,2098,images/img03956.jpg,60.0,53.22061762968214,6.779382370317862,test
img03957,2098,images/img03957.jpg,60.0,53.82964721361467,6.17035278638533,test
img04035,2142,images/img04035.jpg,60.0,54.735293661412456,5.264706338587544,test
img04036,2142,images/img04036.jpg,60.0,67.64409846799664,7.644098467996642,test
img04043,2146,images/img04043.jpg,48.0,49.29863064619104,1.298630646191043,test
img04044,2146,images/img04044.jpg,48.0,50.744899501793306,2.7448995017933058,test
img04048,2148,images/img04048.jpg,56.0,40.34833218608952,15.651667813910478,test
img04049,2149,images/img04049.jpg,36.0,37.28360235610776,1.2836023561077567,test
img04050,2149,images/img04050.jpg,36.0,35.89710276935395,0.1028972306460502,test
img04163,2207,images/img04163.jpg,39.0,44.15714625232676,5.157146252326761,test
img04164,2207,images/img04164.jpg,39.0,46.857672181360606,7.857672181360606,test
img04165,2208,images/img04165.jpg,71.0,70.28490475095671,0.7150952490432871,test
img04166,2208,images/img04166.jpg,71.0,73.6931332428216,2.6931332428216024,test
img04195,2225,images/img04195.jpg,82.0,73.95020102791325,8.049798972086748,test
img04196,2225,images/img04196.jpg,82.0,78.01830336208313,3.981696637916869,test
img04209,2233,images/img04209.jpg,75.0,71.4331953882211,3.566804611778906,test
img04210,2233,images/img04210.jpg,75.0,75.87327549450318,0.8732754945031758,test
img04225,2241,images/img04225.jpg,58.0,60.40025879360526,2.4002587936052606,test
img04226,2241,images/img04226.jpg,58.0,59.33592539234466,1.335925392344663,test
img04233,2246,images/img04233.jpg,76.0,91.18989129773152,15.189891297731537,test
img04234,2246,images/img04234.jpg,76.0,81.1390349471736,5.139034947173599,test
img04253,2256,images/img04253.jpg,67.0,67.70616183589028,0.7061618358902848,test
img04254,2256,images/img04254.jpg,67.0,68.93728106368692,1.9372810636869249,test
img04286,2273,images/img04286.jpg,45.0,50.09197175733418,5.0919717573341785,test
img04295,2278,images/img04295.jpg,50.0,44.37067250650332,5.629327493496682,test
img04296,2278,images/img04296.jpg,50.0,42.6804804480495,7.319519551950499,test
img04306,2284,images/img04306.jpg,79.0,68.56439263186341,10.435607368136589,test
img04307,2284,images/img04307.jpg,79.0,77.8000918454877,1.1999081545123005,test
img04372,2320,images/img04372.jpg,27.0,32.718239466979725,5.718239466979725,test
img04373,2320,images/img04373.jpg,27.0,29.6353542451248,2.6353542451248018,test
img04381,2325,images/img04381.jpg,77.0,83.0195178045353,6.0195178045352975,test
img04391,2330,images/img04391.jpg,33.0,36.60565055527033,3.60565055527033,test
img04392,2330,images/img04392.jpg,33.0,27.26586348194918,5.734136518050821,test
img04403,2336,images/img04403.jpg,78.0,75.90578004783936,2.0942199521606426,test
img04473,2372,images/img04473.jpg,43.0,44.26133881062516,1.261338810625162,test
img04474,2373,images/img04474.jpg,32.0,32.08256190773461,0.0825619077346075,test
img04475,2373,images/img04475.jpg,32.0,35.972023343638696,3.972023343638696,test
img04492,2382,images/img04492.jpg,73.0,66.30119385206915,6.698806147930853,test
img04493,2382,images/img04493.jpg,73.0,84.39611682978105,11.39611682978105,test
img04528,2400,images/img04528.jpg,74.0,67.89848989508646,6.101510104913544,test
img04529,2400,images/img04529.jpg,74.0,80.13217030837998,6.132170308379983,test
img04540,2406,images/img04540.jpg,68.0,67.63079193010726,0.3692080698927356,test
img04541,2406,images/img04541.jpg,68.0,65.36655216265498,2.6334478373450168,test
img04564,2419,images/img04564.jpg,58.0,66.73714465094265,8.737144650942653,test
img04565,2419,images/img04565.jpg,58.0,62.97611459020372,4.976114590203721,test
img04568,2421,images/img04568.jpg,70.0,75.21092269468465,5.210922694684655,test
img04569,2421,images/img04569.jpg,70.0,68.06811253568425,1.93188746431575,test
img04570,2422,images/img04570.jpg,32.0,29.59043418262276,2.4095658173772385,test
img04571,2422,images/img04571.jpg,32.0,32.18475864894117,0.1847586489411696,test
img04580,2427,images/img04580.jpg,44.0,48.57455038649215,4.574550386492149,test
img04581,2427,images/img04581.jpg,61.0,50.451633811135125,10.548366188864875,test
img04586,2430,images/img04586.jpg,39.0,42.00978229719996,3.009782297199962,test
img04587,2430,images/img04587.jpg,39.0,42.97967960476679,3.979679604766787,test
img04588,2431,images/img04588.jpg,44.0,41.20394224519287,2.79605775480713,test
img04589,2431,images/img04589.jpg,44.0,45.03648799444566,1.0364879944456575,test
img04609,2442,images/img04609.jpg,45.0,38.587411859854264,6.412588140145736,test
img04610,2442,images/img04610.jpg,45.0,43.3977236709458,1.6022763290541988,test
img04619,2447,images/img04619.jpg,37.0,47.08560430874269,10.085604308742688,test
img04625,2450,images/img04625.jpg,64.0,58.28976796822913,5.710232031770872,test
img04626,2450,images/img04626.jpg,64.0,61.990044893183,2.009955106817003,test
img04657,2466,images/img04657.jpg,67.0,60.32188616464841,6.6781138353515885,test
img04658,2466,images/img04658.jpg,67.0,65.0566503004564,1.943349699543603,test
img04705,2490,images/img04705.jpg,35.0,37.78782427745784,2.787824277457837,test
img04706,2490,images/img04706.jpg,35.0,32.01691588456954,2.983084115430458,test
img04723,2499,images/img04723.jpg,61.0,56.686970477210366,4.313029522789634,test
img04829,2552,images/img04829.jpg,58.0,57.32502601025926,0.6749739897407423,test
img04830,2552,images/img04830.jpg,58.0,61.64351706082306,3.643517060823058,test
img04837,2556,images/img04837.jpg,53.0,68.32419440894475,15.324194408944749,test
img04838,2556,images/img04838.jpg,53.0,54.959460728928256,1.9594607289282564,test
img04861,2568,images/img04861.jpg,43.0,40.298579628760194,2.7014203712398057,test
img04888,2582,images/img04888.jpg,47.0,46.16134359473219,0.8386564052678125,test
img04889,2582,images/img04889.jpg,47.0,47.600805405318766,0.6008054053187664,test
img04920,2599,images/img04920.jpg,60.0,62.86834046724433,2.8683404672443302,test
img04952,2616,images/img04952.jpg,52.0,47.73579353040531,4.26420646959469,test
img04953,2616,images/img04953.jpg,52.0,44.31356487241586,7.68643512758414,test
img04963,2622,images/img04963.jpg,80.0,85.12369140530632,5.123691405306317,test
img04964,2622,images/img04964.jpg,80.0,75.05287688382998,4.947123116170019,test
img04985,2633,images/img04985.jpg,79.0,80.52020950033456,1.520209500334559,test
img04986,2633,images/img04986.jpg,79.0,78.3211942351151,0.6788057648848991,test
img04987,2634,images/img04987.jpg,60.0,74.79638057860505,14.796380578605053,test
img04988,2634,images/img04988.jpg,60.0,69.85278635714371,9.852786357143714,test
img05014,2648,images/img05014.jpg,39.0,42.11373710242404,3.113737102424039,test
img05015,2648,images/img05015.jpg,39.0,41.78385362118275,2.7838536211827503,test
img05017,2649,images/img05017.jpg,49.0,57.35377675064924,8.353776750649239,test
img05035,2659,images/img05035.jpg,43.0,47.53874530925641,4.538745309256413,test
img05036,2659,images/img05036.jpg,43.0,45.62742871374142,2.6274287137414234,test
img05047,2665,images/img05047.jpg,30.0,31.914939446670385,1.9149394466703848,test
img05051,2667,images/img05051.jpg,32.0,35.5692652732844,3.569265273284401,test
img05052,2667,images/img05052.jpg,32.0,33.66230239461675,1.662302394616752,test
img05053,2668,images/img05053.jpg,56.0,59.789798328785025,3.789798328785025,test
img05054,2668,images/img05054.jpg,56.0,56.73984177139831,0.7398417713983108,test
img05061,2672,images/img05061.jpg,69.0,68.05991223584078,0.940087764159216,test
img05062,2672,images/img05062.jpg,69.0,69.11635602490492,0.1163560249049169,test
img05069,2676,images/img05069.jpg,58.0,57.85354455082902,0.146455449170979,test
img05070,2676,images/img05070.jpg,58.0,54.83441297263055,3.1655870273694475,test
img05124,2705,images/img05124.jpg,35.0,37.81275563194936,2.812755631949358,test
img05125,2705,images/img05125.jpg,35.0,34.207664322709135,0.7923356772908647,test
img05139,2713,images/img05139.jpg,26.0,24.75996134707234,1.2400386529276588,test
img05140,2713,images/img05140.jpg,26.0,22.67844190620936,3.3215580937906424,test
img05159,2723,images/img05159.jpg,33.0,36.593699646148806,3.5936996461488064,test
img05160,2723,images/img05160.jpg,33.0,37.94887253883374,4.94887253883374,test
img05169,2728,images/img05169.jpg,38.0,34.070598584748296,3.929401415251704,test
img05170,2728,images/img05170.jpg,38.0,35.49466751968774,2.505332480312262,test
img05171,2729,images/img05171.jpg,33.0,32.15805832432781,0.8419416756721887,test
img05172,2729,images/img05172.jpg,33.0,28.92745428180544,4.072545718194558,test
img05189,2738,images/img05189.jpg,69.0,75.22312444420571,6.223124444205709,test
img05190,2739,images/img05190.jpg,55.0,54.68670178623613,0.313298213763872,test
img05191,2739,images/img05191.jpg,55.0,55.16171797815634,0.1617179781563393,test
img05192,2740,images/img05192.jpg,81.0,84.67926329153943,3.679263291539428,test
img05202,2745,images/img05202.jpg,63.0,48.854230888295405,14.145769111704595,test
img05203,2745,images/img05203.jpg,63.0,58.78111509709489,4.21888490290511,test
img05218,2753,images/img05218.jpg,8.0,17.176785598166845,9.176785598166845,test
img05231,2760,images/img05231.jpg,65.0,62.18531787320007,2.81468212679993,test
img05232,2760,images/img05232.jpg,65.0,58.95035643302015,6.049643566979853,test
img05235,2762,images/img05235.jpg,34.0,32.07589173432821,1.9241082656717907,test
img05236,2762,images/img05236.jpg,34.0,38.31606798419856,4.316067984198561,test
img05238,2763,images/img05238.jpg,32.0,32.23399534753584,0.2339953475358385,test
img05249,2769,images/img05249.jpg,67.0,61.02287602026618,5.977123979733818,test
img05250,2769,images/img05250.jpg,67.0,62.624053545813474,4.375946454186526,test
img05267,2778,images/img05267.jpg,84.0,70.9271652347736,13.072834765226403,test
img05268,2778,images/img05268.jpg,84.0,75.2185951390787,8.781404860921299,test
img05285,2787,images/img05285.jpg,70.0,77.1950059088798,7.195005908879807,test
img05286,2787,images/img05286.jpg,70.0,71.81048552375098,1.810485523750984,test
img05287,2788,images/img05287.jpg,77.0,85.34064217624154,8.340642176241545,test
img05288,2788,images/img05288.jpg,77.0,82.14017169997467,5.1401716999746725,test
img05289,2789,images/img05289.jpg,61.0,55.08643995630228,5.913560043697721,test
img05290,2789,images/img05290.jpg,61.0,53.371723341048344,7.628276658951656,test
img05311,2800,images/img05311.jpg,86.0,73.37299000335474,12.627009996645256,test
img05312,2800,images/img05312.jpg,86.0,84.68900680514517,1.3109931948548308,test
img05317,2803,images/img05317.jpg,64.0,79.24521828666171,15.24521828666171,test
img05318,2803,images/img05318.jpg,64.0,77.11644923941245,13.116449239412448,test
img05319,2804,images/img05319.jpg,83.0,80.9943698357177,2.0056301642822945,test
img05320,2804,images/img05320.jpg,83.0,65.17123637617844,17.82876362382156,test
img05324,2807,images/img05324.jpg,75.0,77.09163130840594,2.091631308405937,test
img05325,2807,images/img05325.jpg,75.0,79.25971249931229,4.259712499312286,test
img05344,2817,images/img05344.jpg,48.0,46.22710849443442,1.7728915055655818,test
img05345,2817,images/img05345.jpg,48.0,44.94201059388174,3.05798940611826,test
img05376,2833,images/img05376.jpg,55.0,62.37787114345059,7.377871143450591,test
img05377,2833,images/img05377.jpg,55.0,62.55054313081821,7.5505431308182125,test
img05394,2842,images/img05394.jpg,58.0,54.7324567110244,3.2675432889756024,test
img05395,2842,images/img05395.jpg,58.0,49.070374607510445,8.929625392489555,test
img05398,2844,images/img05398.jpg,77.0,75.43849710184483,1.5615028981551689,test
img05399,2844,images/img05399.jpg,77.0,69.3407087688469,7.659291231153105,test
img05448,2870,images/img05448.jpg,59.0,54.02171897935916,4.978281020640843,test
img05449,2870,images/img05449.jpg,59.0,58.87198284977917,0.1280171502208276,test
img05454,2873,images/img05454.jpg,61.0,66.97402523692504,5.974025236925044,test
img05455,2873,images/img05455.jpg,61.0,66.93624649153632,5.936246491536323,test
img05465,2879,images/img05465.jpg,61.0,65.00751775515806,4.007517755158062,test
img05466,2879,images/img05466.jpg,61.0,72.72296110142574,11.72296110142574,test
img05467,2880,images/img05467.jpg,58.0,60.51408253263484,2.5140825326348377,test
img05468,2880,images/img05468.jpg,58.0,56.20920131190542,1.7907986880945828,test
img05475,2884,images/img05475.jpg,60.0,66.54078296906114,6.540782969061141,test
img05476,2884,images/img05476.jpg,60.0,72.32794200270187,12.327942002701874,test
img05481,2887,images/img05481.jpg,45.0,43.51647369729988,1.4835263027001204,test
img05483,2888,images/img05483.jpg,66.0,70.49004639212667,4.490046392126672,test
img05488,2891,images/img05488.jpg,56.0,71.25438980777997,15.254389807779972,test
img05510,2903,images/img05510.jpg,59.0,51.47616961076977,7.523830389230227,test
img05511,2903,images/img05511.jpg,59.0,54.28289045885646,4.717109541143543,test
img05521,2908,images/img05521.jpg,78.0,78.96482016319374,0.9648201631937354,test
img05548,2922,images/img05548.jpg,33.0,37.04111385128043,4.0411138512804285,test
img05549,2922,images/img05549.jpg,33.0,39.60903354841274,6.609033548412739,test
img05570,2933,images/img05570.jpg,58.0,59.64511004185744,1.6451100418574427,test
img05571,2933,images/img05571.jpg,58.0,51.875519523521874,6.124480476478126,test
img05585,2942,images/img05585.jpg,58.0,55.08189102018749,2.9181089798125157,test
img05586,2942,images/img05586.jpg,58.0,54.11233043859176,3.887669561408238,test
img05594,2946,images/img05594.jpg,71.0,73.35364366488908,2.353643664889077,test
img05624,2962,images/img05624.jpg,72.0,56.10403633807996,15.895963661920042,test
img05625,2962,images/img05625.jpg,72.0,39.028589954531704,32.971410045468296,test
img05656,2978,images/img05656.jpg,58.0,60.13699961308716,2.1369996130871627,test
img05657,2978,images/img05657.jpg,58.0,53.86886392885891,4.131136071141093,test
img05658,2979,images/img05658.jpg,49.0,57.38188696189947,8.381886961899468,test
img05659,2979,images/img05659.jpg,49.0,58.1703626213313,9.1703626213313,test
img05664,2982,images/img05664.jpg,58.0,52.28526622552891,5.714733774471092,test
img05665,2982,images/img05665.jpg,58.0,50.80010783781222,7.19989216218778,test
img05674,2987,images/img05674.jpg,50.0,51.999139125457965,1.9991391254579651,test
img05675,2987,images/img05675.jpg,50.0,51.199818742617545,1.1998187426175448,test
img05709,3006,images/img05709.jpg,39.0,39.051231027114554,0.0512310271145537,test
img05710,3006,images/img05710.jpg,39.0,40.33157931923282,1.331579319232823,test
img05745,3024,images/img05745.jpg,83.0,70.61778741088793,12.382212589112072,test
img05746,3024,images/img05746.jpg,83.0,66.43159050723402,16.56840949276598,test
img05760,3031,images/img05760.jpg,72.0,69.05552286557936,2.9444771344206373,test
img05788,3046,images/img05788.jpg,50.0,55.63312970259647,5.63312970259647,test
img05789,3046,images/img05789.jpg,50.0,60.07044701999992,10.070447019999918,test
img05793,3048,images/img05793.jpg,69.0,74.25171882241045,5.251718822410453,test
img05816,3060,images/img05816.jpg,47.0,48.843755029784106,1.8437550297841057,test
img05817,3060,images/img05817.jpg,47.0,45.94548779667139,1.0545122033286134,test
img05836,3070,images/img05836.jpg,72.0,83.98382682424497,11.983826824244971,test
img05837,3070,images/img05837.jpg,72.0,76.64466643477259,4.644666434772589,test
img05853,3079,images/img05853.jpg,65.0,62.66927407148973,2.330725928510276,test
img05854,3079,images/img05854.jpg,65.0,64.98411380057755,0.0158861994224537,test
img05863,3084,images/img05863.jpg,50.0,49.64316211615392,0.3568378838460759,test
img05864,3084,images/img05864.jpg,50.0,59.80326082396627,9.803260823966276,test
img05884,3095,images/img05884.jpg,50.0,54.98490385236532,4.984903852365321,test
img05885,3095,images/img05885.jpg,50.0,41.88108590369966,8.118914096300337,test
img05910,3109,images/img05910.jpg,54.0,53.576642225037425,0.4233577749625752,test
img05911,3109,images/img05911.jpg,54.0,60.16251771599147,6.16251771599147,test
img05924,3116,images/img05924.jpg,69.0,68.55975099386184,0.4402490061381598,test
img05925,3116,images/img05925.jpg,69.0,66.70456702670748,2.2954329732925203,test
img05938,3124,images/img05938.jpg,45.0,46.444468244281914,1.4444682442819143,test
img05939,3124,images/img05939.jpg,45.0,37.61103196387547,7.388968036124524,test
img05956,3133,images/img05956.jpg,45.0,48.87814470325321,3.878144703253213,test
img05975,3143,images/img05975.jpg,68.0,61.3212454950968,6.678754504903203,test
img05976,3143,images/img05976.jpg,68.0,69.1325243245697,1.132524324569701,test
img05995,3154,images/img05995.jpg,56.0,57.23727549484423,1.2372754948442335,test
img05996,3154,images/img05996.jpg,56.0,56.489750484918325,0.4897504849183249,test
img06022,3169,images/img06022.jpg,82.0,80.42529149315584,1.5747085068441606,test
img06023,3169,images/img06023.jpg,82.0,65.71419241765628,16.285807582343722,test
img06034,3175,images/img06034.jpg,88.0,75.09587310952872,12.904126890471275,test
img06035,3175,images/img06035.jpg,88.0,76.87267163305367,11.12732836694633,test
img06053,3185,images/img06053.jpg,42.0,44.19261726603989,2.192617266039889,test
img06054,3185,images/img06054.jpg,42.0,39.960920095133744,2.039079904866256,test
img06071,3194,images/img06071.jpg,42.0,42.753346312279035,0.7533463122790351,test
img06072,3194,images/img06072.jpg,42.0,42.40564770961959,0.4056477096195934,test
img06125,3222,images/img06125.jpg,61.0,55.51169568396752,5.488304316032483,test
img06126,3222,images/img06126.jpg,61.0,58.43103160207174,2.568968397928259,test
img06131,3225,images/img06131.jpg,65.0,66.74520317142986,1.745203171429864,test
img06132,3225,images/img06132.jpg,65.0,71.19480103495812,6.194801034958118,test
img06163,3242,images/img06163.jpg,23.0,23.780298713691124,0.7802987136911241,test
img06164,3242,images/img06164.jpg,23.0,23.294490658886744,0.294490658886744,test
img06175,3248,images/img06175.jpg,51.0,47.06827778079839,3.9317222192016104,test
img06176,3248,images/img06176.jpg,51.0,56.99550270311336,5.99550270311336,test
img06180,3251,images/img06180.jpg,56.0,59.55375914875147,3.5537591487514675,test
img06181,3251,images/img06181.jpg,56.0,58.71161581094479,2.7116158109447923,test
img06203,3263,images/img06203.jpg,52.0,52.27808891827131,0.2780889182713082,test
img06204,3263,images/img06204.jpg,52.0,50.2046160011808,1.7953839988192044,test
img06217,3272,images/img06217.jpg,59.0,53.63740313142182,5.36259686857818,test
img06218,3272,images/img06218.jpg,59.0,54.69480938419282,4.305190615807177,test
img06250,3289,images/img06250.jpg,60.0,53.11241707804356,6.887582921956437,test
img06251,3289,images/img06251.jpg,60.0,52.83041712050256,7.16958287949744,test
img06256,3292,images/img06256.jpg,69.0,61.680758680573675,7.319241319426325,test
img06257,3292,images/img06257.jpg,69.0,62.09081593390142,6.909184066098582,test
img06284,3306,images/img06284.jpg,54.0,50.56117145116419,3.438828548835808,test
img06285,3306,images/img06285.jpg,54.0,53.40581909500584,0.5941809049941611,test
img06287,3307,images/img06287.jpg,57.0,35.82619564146154,21.17380435853846,test
img06304,3317,images/img06304.jpg,43.0,43.01631866225334,0.0163186622533402,test
img06305,3317,images/img06305.jpg,43.0,43.66913516444833,0.6691351644483277,test
img06343,3337,images/img06343.jpg,35.0,34.96658958573278,0.0334104142672231,test
img06350,3340,images/img06350.jpg,51.0,54.6371095486404,3.637109548640403,test
img06363,3347,images/img06363.jpg,67.0,75.80226803045096,8.80226803045096,test
img06380,3356,images/img06380.jpg,56.0,57.15382563126269,1.1538256312626842,test
img06381,3356,images/img06381.jpg,56.0,51.52008467575808,4.479915324241922,test
img06440,3387,images/img06440.jpg,46.0,48.06002219655306,2.0600221965530565,test
img06441,3387,images/img06441.jpg,46.0,46.04440943474856,0.0444094347485588,test
img06511,3423,images/img06511.jpg,65.0,61.1083351631621,3.891664836837897,test
img06512,3423,images/img06512.jpg,65.0,60.60325629466453,4.396743705335467,test
img06547,3442,images/img06547.jpg,73.0,68.87345199750274,4.126548002497259,test
img06548,3443,images/img06548.jpg,64.0,69.3206077279618,5.3206077279618,test
img06549,3443,images/img06549.jpg,64.0,62.02699341137983,1.9730065886201729,test
img06598,3470,images/img06598.jpg,68.0,77.08104366232529,9.081043662325284,test
img06624,3485,images/img06624.jpg,76.0,82.61687533888687,6.616875338886871,test
img06625,3485,images/img06625.jpg,76.0,81.16382234108801,5.163822341088007,test
img06628,3487,images/img06628.jpg,79.0,64.74961837961146,14.250381620388538,test
img06629,3487,images/img06629.jpg,79.0,73.09244137564706,5.907558624352944,test
img06706,3529,images/img06706.jpg,7.0,14.592667064277649,7.592667064277649,test
img06718,3535,images/img06718.jpg,61.0,48.434077581539555,12.565922418460444,test
img06719,3535,images/img06719.jpg,61.0,63.15774485166554,2.157744851665541,test
img06722,3537,images/img06722.jpg,53.0,52.020587615532655,0.979412384467345,test
img06723,3537,images/img06723.jpg,53.0,51.30316716844104,1.6968328315589574,test
img06747,3551,images/img06747.jpg,23.0,29.534828319101138,6.534828319101134,test
img06832,3594,images/img06832.jpg,50.0,45.09504395918774,4.904956040812259,test
img06833,3594,images/img06833.jpg,50.0,51.02542849851321,1.0254284985132074,test
img06836,3596,images/img06836.jpg,77.0,79.01622063288687,2.0162206328868706,test
img06837,3596,images/img06837.jpg,77.0,79.62833228190222,2.6283322819022175,test
img06844,3600,images/img06844.jpg,39.0,39.383045979432154,0.3830459794321541,test
img06845,3600,images/img06845.jpg,39.0,38.48780859025666,0.5121914097433375,test
img06852,3604,images/img06852.jpg,76.0,72.88923556799514,3.1107644320048564,test
img06916,3637,images/img06916.jpg,74.0,68.24725947719081,5.752740522809191,test
img06922,3640,images/img06922.jpg,48.0,57.131224331879054,9.131224331879054,test
img06923,3640,images/img06923.jpg,48.0,62.7096261121944,14.7096261121944,test
img06933,3646,images/img06933.jpg,73.0,64.15715571345686,8.84284428654314,test
img06934,3646,images/img06934.jpg,73.0,68.89747596411425,4.10252403588575,test
img06964,3662,images/img06964.jpg,73.0,68.70930204005623,4.2906979599437705,test
img06993,3679,images/img06993.jpg,53.0,55.4980539196964,2.498053919696396,test
img06994,3679,images/img06994.jpg,53.0,43.798261258459114,9.201738741540886,test
img07022,3695,images/img07022.jpg,76.0,81.03112776974142,5.031127769741417,test
img07023,3695,images/img07023.jpg,76.0,77.00498230952793,1.0049823095279322,test
img07071,3720,images/img07071.jpg,70.0,72.8013378201717,2.801337820171696,test
img07113,3742,images/img07113.jpg,63.0,69.18334677073351,6.1833467707335075,test
img07114,3742,images/img07114.jpg,63.0,62.421918717606474,0.5780812823935264,test
img07125,3748,images/img07125.jpg,20.0,22.98946218940668,2.98946218940668,test
img07126,3748,images/img07126.jpg,20.0,19.021854153557925,0.9781458464420753,test
img07187,3780,images/img07187.jpg,45.0,41.81243633940294,3.187563660597057,test
img07188,3780,images/img07188.jpg,45.0,56.523380548221056,11.523380548221056,test
img07206,3790,images/img07206.jpg,38.0,33.10716859704738,4.892831402952623,test
img07207,3790,images/img07207.jpg,38.0,31.425920634752135,6.574079365247865,test
img07208,3791,images/img07208.jpg,48.0,48.40622993475099,0.4062299347509963,test
img07209,3791,images/img07209.jpg,48.0,48.855422925498345,0.8554229254983454,test
img07214,3794,images/img07214.jpg,29.0,33.97319398578301,4.973193985783013,test
img07244,3810,images/img07244.jpg,36.0,39.53303981346222,3.533039813462217,test
img07245,3810,images/img07245.jpg,36.0,35.93783270657356,0.062167293426441,test
img07285,3831,images/img07285.jpg,27.0,35.78046416479758,8.780464164797579,test
img07286,3831,images/img07286.jpg,27.0,30.83126965876432,3.83126965876432,test
img07305,3841,images/img07305.jpg,74.0,62.27388416521875,11.726115834781249,test
img07306,3841,images/img07306.jpg,74.0,72.73037834297853,1.2696216570214744,test
img07317,3847,images/img07317.jpg,38.0,35.794430521998734,2.205569478001266,test
img07318,3847,images/img07318.jpg,38.0,30.93077259220212,7.069227407797882,test
img07335,3856,images/img07335.jpg,42.0,43.21126636770885,1.211266367708852,test
img07336,3856,images/img07336.jpg,42.0,45.61606782486399,3.6160678248639897,test
img07371,3874,images/img07371.jpg,42.0,54.66958574610534,12.66958574610534,test
img07372,3874,images/img07372.jpg,42.0,44.78771212047381,2.787712120473813,test
img07408,3893,images/img07408.jpg,57.0,59.67874651249646,2.67874651249646,test
img07409,3893,images/img07409.jpg,57.0,61.200238723104846,4.200238723104846,test
img07414,3896,images/img07414.jpg,42.0,48.124301684845946,6.124301684845946,test
img07419,3899,images/img07419.jpg,73.0,74.46663669549915,1.4666366954991474,test
img07420,3899,images/img07420.jpg,73.0,73.68841417147931,0.6884141714793088,test
img07454,3917,images/img07454.jpg,87.0,84.2548784163047,2.745121583695294,test
img07455,3917,images/img07455.jpg,87.0,85.50980894167847,1.4901910583215283,test
img07470,3925,images/img07470.jpg,72.0,70.7453953751764,1.2546046248235996,test
img07471,3925,images/img07471.jpg,72.0,72.23076534131702,0.2307653413170243,test
img07494,3938,images/img07494.jpg,82.0,78.9628745141818,3.037125485818194,test
img07495,3938,images/img07495.jpg,82.0,77.51987040090982,4.480129599090176,test
img07562,3974,images/img07562.jpg,57.0,67.31160297476903,10.31160297476903,test
img07563,3974,images/img07563.jpg,57.0,62.20631812238692,5.206318122386918,test
img07593,3990,images/img07593.jpg,82.0,78.14943181684836,3.850568183151637,test
img07594,3990,images/img07594.jpg,82.0,79.34155190618208,2.658448093817924,test
img07639,4013,images/img07639.jpg,65.0,55.02528915668819,9.974710843311811,test
img07640,4013,images/img07640.jpg,71.0,61.301055842114046,9.698944157885954,test
img07641,4013,images/img07641.jpg,71.0,63.725288160043384,7.274711839956616,test
img07649,4018,images/img07649.jpg,64.0,73.4601712201239,9.460171220123897,test
img07650,4018,images/img07650.jpg,64.0,59.053649101385275,4.946350898614725,test
img07701,4045,images/img07701.jpg,38.0,61.14810290932746,23.148102909327463,test
img07702,4045,images/img07702.jpg,38.0,56.84081825585699,18.840818255856988,test
img07712,4050,images/img07712.jpg,44.0,59.23654119911773,15.236541199117724,test
img07727,4059,images/img07727.jpg,65.0,57.25490678024132,7.74509321975868,test
img07762,4078,images/img07762.jpg,48.0,52.98199206700743,4.9819920670074325,test
img07844,4121,images/img07844.jpg,73.0,68.84582465402158,4.154175345978416,test
img07845,4121,images/img07845.jpg,73.0,66.35531866662316,6.6446813333768375,test
img07848,4123,images/img07848.jpg,12.0,15.742026499766077,3.7420264997660766,test
img07867,4133,images/img07867.jpg,58.0,61.04734631919728,3.047346319197281,test
img07868,4133,images/img07868.jpg,58.0,57.819264585953135,0.1807354140468646,test
img07869,4134,images/img07869.jpg,13.0,17.987959825800274,4.987959825800274,test
img07870,4134,images/img07870.jpg,13.0,17.631116454662646,4.631116454662646,test
img07897,4148,images/img07897.jpg,27.0,37.83393746777325,10.833937467773248,test
img07898,4148,images/img07898.jpg,27.0,28.814831304862267,1.8148313048622668,test
img07937,4169,images/img07937.jpg,65.0,65.55913651530284,0.5591365153028391,test
img07938,4169,images/img07938.jpg,65.0,66.40797606483999,1.4079760648399855,test
img07965,4184,images/img07965.jpg,79.0,83.73727906738714,4.737279067387135,test
img07966,4184,images/img07966.jpg,79.0,81.31695277072251,2.3169527707225086,test
img08005,4205,images/img08005.jpg,58.0,67.94573732025188,9.94573732025188,test
img08013,4209,images/img08013.jpg,65.0,70.59327485080257,5.5932748508025725,test
img08059,4232,images/img08059.jpg,61.0,59.655614119913686,1.344385880086314,test
img08060,4232,images/img08060.jpg,61.0,59.48557091266778,1.5144290873322177,test
img08087,4246,images/img08087.jpg,60.0,53.26484624516985,6.735153754830151,test
img08088,4246,images/img08088.jpg,60.0,48.052403192070216,11.947596807929784,test
img08089,4247,images/img08089.jpg,63.0,62.97062554789594,0.0293744521040579,test
img08090,4247,images/img08090.jpg,63.0,62.85380917383904,0.1461908261609608,test
img08101,4253,images/img08101.jpg,63.0,62.584697232433854,0.4153027675661462,test
img08102,4253,images/img08102.jpg,63.0,63.8285373403175,0.8285373403175029,test
img08114,4260,images/img08114.jpg,71.0,65.26794462038244,5.732055379617563,test
img08115,4260,images/img08115.jpg,71.0,53.839751173968416,17.160248826031584,test
img08143,4275,images/img08143.jpg,64.0,64.3947713708709,0.3947713708708988,test
img08167,4287,images/img08167.jpg,52.0,53.65538184440487,1.6553818444048716,test
img08168,4287,images/img08168.jpg,52.0,51.95071929407739,0.0492807059226123,test
img08176,4291,images/img08176.jpg,72.0,72.25484492906061,0.25484492906061,test
img08201,4305,images/img08201.jpg,46.0,50.17150779497011,4.171507794970111,test
img08202,4305,images/img08202.jpg,46.0,35.891230922784295,10.108769077215705,test
img08215,4312,images/img08215.jpg,33.0,38.82452801769011,5.824528017690113,test
img08216,4312,images/img08216.jpg,33.0,43.03899572498047,10.038995724980468,test
img08232,4321,images/img08232.jpg,59.0,52.93740954843432,6.062590451565683,test
img08233,4321,images/img08233.jpg,59.0,59.36523841057585,0.3652384105758486,test
img08251,4331,images/img08251.jpg,60.0,65.70261449730275,5.702614497302747,test
img08252,4331,images/img08252.jpg,60.0,65.7862037886118,5.7862037886118,test
img08299,4357,images/img08299.jpg,45.0,41.593559550443565,3.4064404495564347,test
img08300,4357,images/img08300.jpg,45.0,42.50526842898413,2.494731571015876,test
img08304,4359,images/img08304.jpg,63.0,62.02375702492079,0.9762429750792094,test
img08365,4392,images/img08365.jpg,17.0,31.37968093362653,14.379680933626531,test
img08366,4392,images/img08366.jpg,17.0,15.64093563753827,1.35906436246173,test
img08369,4394,images/img08369.jpg,22.0,17.009992001031478,4.990007998968522,test
img08370,4394,images/img08370.jpg,22.0,16.479314051804963,5.520685948195037,test
img08375,4398,images/img08375.jpg,19.0,24.73691674862939,5.73691674862939,test
img08376,4398,images/img08376.jpg,19.0,24.917469486983705,5.9174694869837055,test
img08391,4406,images/img08391.jpg,39.0,42.23928599421557,3.239285994215571,test
img08392,4406,images/img08392.jpg,39.0,38.284195984913346,0.715804015086654,test
img08508,4471,images/img08508.jpg,18.0,20.812505610799008,2.8125056107990076,test
img08509,4471,images/img08509.jpg,18.0,14.413658630296034,3.586341369703966,test
img08522,4478,images/img08522.jpg,69.0,59.36083002688058,9.639169973119422,test
img08523,4478,images/img08523.jpg,69.0,67.7018768275002,1.2981231724997997,test
img08632,4537,images/img08632.jpg,49.0,46.19215333945595,2.807846660544044,test
img08633,4537,images/img08633.jpg,49.0,52.735572729528045,3.735572729528045,test
img08640,4541,images/img08640.jpg,73.0,81.41901863867714,8.419018638677144,test
img08659,4551,images/img08659.jpg,63.0,58.91473232486753,4.085267675132471,test
img08660,4551,images/img08660.jpg,63.0,53.6750106509726,9.324989349027398,test
img08690,4567,images/img08690.jpg,65.0,70.1430839515093,5.143083951509297,test
img08691,4567,images/img08691.jpg,65.0,65.51443402958213,0.5144340295821337,test
img08733,4589,images/img08733.jpg,12.0,19.458630544528987,7.458630544528987,test
img08734,4589,images/img08734.jpg,12.0,16.73567294011537,4.735672940115371,test
img08745,4595,images/img08745.jpg,14.0,18.55683531482167,4.556835314821669,test
img08746,4595,images/img08746.jpg,14.0,16.47962814760958,2.4796281476095814,test
img08786,4616,images/img08786.jpg,53.0,47.05562888099994,5.94437111900006,test
img08787,4616,images/img08787.jpg,53.0,50.75046815866267,2.2495318413373298,test
img08832,4640,images/img08832.jpg,71.0,82.14528011924143,11.145280119241434,test
img08833,4640,images/img08833.jpg,71.0,76.86205781232263,5.862057812322632,test
img08834,4641,images/img08834.jpg,76.0,79.10206912370727,3.102069123707267,test
img08835,4641,images/img08835.jpg,76.0,76.2771285377319,0.2771285377318975,test
img08845,4647,images/img08845.jpg,76.0,67.81213536102528,8.187864638974716,test
img08846,4647,images/img08846.jpg,76.0,79.69236420162689,3.692364201626887,test
img08896,4673,images/img08896.jpg,63.0,60.10414251992861,2.895857480071392,test
img08897,4673,images/img08897.jpg,63.0,64.49020796331037,1.4902079633103682,test
img08911,4681,images/img08911.jpg,69.0,80.57707829073726,11.577078290737262,test
img08912,4681,images/img08912.jpg,69.0,82.39061947973985,13.390619479739854,test
img08940,4696,images/img08940.jpg,89.0,84.2931632049342,4.706836795065797,test
img08983,4719,images/img08983.jpg,71.0,69.75001050179738,1.2499894982026234,test
img08984,4719,images/img08984.jpg,71.0,72.7052833969221,1.7052833969220984,test
img08987,4721,images/img08987.jpg,64.0,67.47165987126161,3.4716598712616076,test
img08988,4721,images/img08988.jpg,64.0,71.22465758616372,7.2246575861637155,test
img08999,4727,images/img08999.jpg,43.0,45.78188314444123,2.781883144441231,test
img09027,4742,images/img09027.jpg,71.0,66.23269479201214,4.76730520798786,test
img09028,4742,images/img09028.jpg,71.0,70.5610407688537,0.4389592311462991,test
img09083,4771,images/img09083.jpg,68.0,62.77680008057568,5.223199919424324,test
img09108,4785,images/img09108.jpg,57.0,55.75898805509828,1.2410119449017216,test
img09109,4785,images/img09109.jpg,57.0,55.53658968505171,1.463410314948291,test
img09114,4788,images/img09114.jpg,83.0,74.99581287415982,8.004187125840176,test
img09115,4788,images/img09115.jpg,83.0,71.21645401448895,11.783545985511054,test
img09129,4796,images/img09129.jpg,69.0,70.24516508801,1.2451650880099976,test
img09130,4796,images/img09130.jpg,69.0,69.40833534055774,0.4083353405577412,test
img09131,4797,images/img09131.jpg,78.0,74.01432346830384,3.985676531696157,test
img09132,4797,images/img09132.jpg,78.0,76.90364060690061,1.096359393099391,test
img09155,4809,images/img09155.jpg,76.0,76.28387287264772,0.28387287264772,test
img09156,4809,images/img09156.jpg,76.0,72.25248593869468,3.747514061305324,test
img09177,4820,images/img09177.jpg,71.0,71.62281764293374,0.6228176429337395,test
img09178,4820,images/img09178.jpg,71.0,73.46650330429615,2.466503304296154,test
img09180,4821,images/img09180.jpg,70.0,70.67565520044698,0.6756552004469825,test
img09232,4849,images/img09232.jpg,52.0,51.557116898305615,0.4428831016943846,test
img09233,4849,images/img09233.jpg,52.0,56.42285284995543,4.422852849955433,test
img09248,4857,images/img09248.jpg,71.0,63.27196230106132,7.728037698938678,test
img09249,4857,images/img09249.jpg,71.0,71.72464684842448,0.7246468484244843,test
img09272,4869,images/img09272.jpg,47.0,43.984515708155584,3.015484291844416,test
img09273,4869,images/img09273.jpg,47.0,46.47211303752999,0.5278869624700135,test
img09290,4879,images/img09290.jpg,75.0,78.03483047258027,3.0348304725802677,test
img09291,4879,images/img09291.jpg,75.0,78.76276058710658,3.762760587106584,test
img09325,4897,images/img09325.jpg,51.0,64.60637706007546,13.60637706007546,test
img09326,4897,images/img09326.jpg,51.0,53.09188251951148,2.091882519511479,test
img09353,4911,images/img09353.jpg,59.0,61.70569276159127,2.7056927615912727,test
img09354,4911,images/img09354.jpg,59.0,63.328448287202136,4.328448287202136,test
img09359,4914,images/img09359.jpg,23.0,21.927299239233456,1.0727007607665442,test
img09360,4914,images/img09360.jpg,23.0,20.73382461174231,2.266175388257686,test
img09367,4918,images/img09367.jpg,11.0,18.90669005430656,7.906690054306559,test
img09368,4918,images/img09368.jpg,11.0,18.748547179123364,7.7485471791233635,test
img09385,4928,images/img09385.jpg,83.0,82.108177552321,0.8918224476790044,test
img09386,4928,images/img09386.jpg,83.0,80.6283020815403,2.3716979184597022,test
img09404,4938,images/img09404.jpg,87.0,85.73641597738484,1.263584022615163,test
img09405,4938,images/img09405.jpg,87.0,75.1004078677079,11.8995921322921,test
img09408,4940,images/img09408.jpg,59.0,67.37012403997727,8.37012403997727,test
img09409,4940,images/img09409.jpg,59.0,57.97911695890801,1.0208830410919916,test
img09417,4945,images/img09417.jpg,83.0,81.7730111541437,1.2269888458562974,test
img09418,4945,images/img09418.jpg,83.0,79.61837064620994,3.381629353790061,test
img09441,4957,images/img09441.jpg,59.0,56.58830622319532,2.4116937768046824,test
img09442,4957,images/img09442.jpg,59.0,56.0261434413872,2.973856558612802,test
img09530,5003,images/img09530.jpg,64.0,55.48475433444853,8.515245665551468,test
img09531,5003,images/img09531.jpg,64.0,61.30912145156908,2.690878548430923,test
img09537,5007,images/img09537.jpg,67.0,65.31704172084171,1.682958279158285,test
img09538,5007,images/img09538.jpg,67.0,43.42162985163058,23.578370148369423,test
img09543,5010,images/img09543.jpg,50.0,45.854478537283455,4.145521462716545,test
img09544,5010,images/img09544.jpg,50.0,49.27940972792514,0.7205902720748583,test
img09546,5012,images/img09546.jpg,40.0,39.685122166470904,0.3148778335290956,test
img09555,5016,images/img09555.jpg,61.0,51.54488679291332,9.455113207086685,test
img09556,5017,images/img09556.jpg,66.0,70.9068471624124,4.906847162412404,test
img09557,5017,images/img09557.jpg,66.0,75.08793782802042,9.087937828020417,test
img09585,5032,images/img09585.jpg,66.0,58.76198197296882,7.238018027031181,test
img09586,5032,images/img09586.jpg,66.0,59.36867696894385,6.631323031056148,test
img09605,5043,images/img09605.jpg,56.0,62.87497519581166,6.874975195811658,test
img09628,5055,images/img09628.jpg,59.0,66.01334140629366,7.013341406293662,test
img09629,5055,images/img09629.jpg,59.0,70.08013391733387,11.080133917333868,test
img09654,5068,images/img09654.jpg,69.0,58.9292761602928,10.0707238397072,test
img09655,5068,images/img09655.jpg,69.0,62.884302641537325,6.1156973584626755,test
img09687,5085,images/img09687.jpg,53.0,48.81580759214096,4.184192407859037,test
img09688,5085,images/img09688.jpg,53.0,51.02318511285314,1.9768148871468585,test
img09737,5112,images/img09737.jpg,83.0,75.10291190926138,7.89708809073862,test
img09738,5112,images/img09738.jpg,83.0,75.72227829887504,7.27772170112496,test
img09743,5115,images/img09743.jpg,85.0,86.3106703570603,1.310670357060303,test
img09744,5115,images/img09744.jpg,85.0,81.46152190846033,3.538478091539673,test
img09746,5117,images/img09746.jpg,82.0,81.74977678948547,0.2502232105145339,test
img09747,5118,images/img09747.jpg,80.0,82.25049348890485,2.2504934889048513,test
img09769,5130,images/img09769.jpg,74.0,77.2884515919744,3.2884515919743933,test
img09770,5130,images/img09770.jpg,74.0,74.49964620146567,0.4996462014656657,test
img09799,5146,images/img09799.jpg,28.0,31.235068171471408,3.235068171471408,test
img09800,5146,images/img09800.jpg,28.0,29.014836170894213,1.0148361708942133,test
img09845,5170,images/img09845.jpg,60.0,59.3473365856283,0.6526634143717018,test
img09846,5170,images/img09846.jpg,60.0,56.43404360360536,3.5659563963946397,test
img09851,5173,images/img09851.jpg,63.0,52.29256786237583,10.707432137624169,test
img09852,5173,images/img09852.jpg,63.0,63.73420171910984,0.7342017191098407,test
img09853,5174,images/img09853.jpg,57.0,47.47713563530277,9.522864364697227,test
img09854,5174,images/img09854.jpg,57.0,51.167524131789655,5.832475868210345,test
img09855,5175,images/img09855.jpg,76.0,83.85797038031141,7.857970380311414,test
img09856,5175,images/img09856.jpg,76.0,74.44069979818867,1.5593002018113251,test
img09912,5204,images/img09912.jpg,57.0,47.39550562563606,9.604494374363938,test
img09913,5204,images/img09913.jpg,57.0,52.12366175283233,4.8763382471676735,test
img09928,5212,images/img09928.jpg,67.0,68.16900926925504,1.1690092692550422,test
img09929,5212,images/img09929.jpg,67.0,62.22389221889944,4.776107781100556,test
img09938,5217,images/img09938.jpg,62.0,69.65243685821503,7.652436858215026,test
img09939,5217,images/img09939.jpg,62.0,68.06887487237671,6.0688748723767105,test
img09943,5220,images/img09943.jpg,72.0,71.49214506332939,0.5078549366706113,test
img09944,5220,images/img09944.jpg,72.0,72.4604478984436,0.4604478984436042,test
img10002,5251,images/img10002.jpg,79.0,76.3322828885344,2.667717111465606,test
img10003,5251,images/img10003.jpg,79.0,69.67817635503718,9.32182364496282,test
img10036,5268,images/img10036.jpg,53.0,51.35218519964395,1.647814800356052,test
img10040,5270,images/img10040.jpg,80.0,68.35564979504467,11.64435020495533,test
img10052,5277,images/img10052.jpg,22.0,23.583151246992855,1.5831512469928557,test
img10053,5277,images/img10053.jpg,22.0,26.764976647302294,4.764976647302294,test
img10062,5282,images/img10062.jpg,25.0,28.13682933594494,3.1368293359449417,test
img10063,5282,images/img10063.jpg,25.0,28.27337376211895,3.2733737621189505,test
img10079,5292,images/img10079.jpg,65.0,62.50659262099085,2.493407379009156,test
img10090,5298,images/img10090.jpg,15.0,25.823317425058935,10.823317425058937,test
img10091,5298,images/img10091.jpg,15.0,11.278956325562689,3.721043674437311,test
img10106,5306,images/img10106.jpg,62.0,57.39416972332672,4.605830276673281,test
img10107,5306,images/img10107.jpg,62.0,59.795609101170456,2.204390898829544,test
img10111,5308,images/img10111.jpg,57.0,58.132740992008046,1.1327409920080456,test
img10148,5327,images/img10148.jpg,87.0,84.82201110985464,2.1779888901453575,test
img10149,5327,images/img10149.jpg,87.0,82.11221281092199,4.887787189078011,test
img10156,5331,images/img10156.jpg,50.0,55.861093730333714,5.861093730333714,test
img10157,5331,images/img10157.jpg,50.0,51.5027755975807,1.5027755975807011,test
img10178,5342,images/img10178.jpg,75.0,66.38946022621883,8.61053977378117,test
img10179,5342,images/img10179.jpg,75.0,63.64485182349526,11.35514817650474,test
img10186,5346,images/img10186.jpg,61.0,66.16261652804857,5.162616528048574,test
img10187,5346,images/img10187.jpg,61.0,67.66519959864851,6.665199598648513,test
img10327,5419,images/img10327.jpg,76.0,82.87393221787421,6.873932217874213,test
img10328,5419,images/img10328.jpg,76.0,79.3146007411692,3.314600741169201,test
img10331,5421,images/img10331.jpg,68.0,64.78017837454615,3.2198216254538465,test
img10332,5421,images/img10332.jpg,68.0,68.04117118616527,0.0411711861652719,test
img10345,5428,images/img10345.jpg,90.0,76.55076269529627,13.449237304703727,test
img10346,5428,images/img10346.jpg,90.0,77.09314289446566,12.906857105534344,test
img10349,5430,images/img10349.jpg,72.0,74.32682698168963,2.326826981689635,test
img10350,5430,images/img10350.jpg,72.0,69.55733017543145,2.4426698245685543,test
img10369,5440,images/img10369.jpg,82.0,67.66188305232268,14.33811694767732,test
img10371,5442,images/img10371.jpg,75.0,69.16225000252336,5.837749997476635,test
img10372,5442,images/img10372.jpg,75.0,82.54622341383572,7.546223413835719,test
img10382,5448,images/img10382.jpg,63.0,69.48371506183464,6.483715061834644,test
img10384,5450,images/img10384.jpg,63.0,67.75764737319717,4.757647373197173,test
img10385,5450,images/img10385.jpg,63.0,65.6765718107803,2.6765718107803025,test
img10433,5475,images/img10433.jpg,61.0,73.21497582020261,12.21497582020261,test
img10434,5475,images/img10434.jpg,61.0,65.11520081214633,4.115200812146327,test
img10449,5484,images/img10449.jpg,72.0,61.558466896839406,10.441533103160594,test
img10463,5491,images/img10463.jpg,16.0,16.88246910435676,0.8824691043567583,test
img10464,5491,images/img10464.jpg,16.0,18.33313802774975,2.3331380277497544,test
img10479,5500,images/img10479.jpg,61.0,79.4629412097833,18.462941209783295,test
img10480,5500,images/img10480.jpg,61.0,69.88226664775001,8.882266647750015,test
img10526,5524,images/img10526.jpg,25.0,26.275859680445105,1.2758596804451052,test
img10539,5531,images/img10539.jpg,61.0,61.58940342502597,0.5894034250259708,test
img10540,5531,images/img10540.jpg,61.0,65.2064718180381,4.206471818038096,test
img10587,5555,images/img10587.jpg,13.0,18.329822572034345,5.329822572034345,test
img10588,5555,images/img10588.jpg,13.0,16.677844412531897,3.677844412531897,test
img10595,5559,images/img10595.jpg,36.0,41.46172001767622,5.461720017676221,test
img10619,5572,images/img10619.jpg,31.0,35.650572462263035,4.650572462263035,test
img10620,5572,images/img10620.jpg,31.0,37.17898009729887,6.178980097298869,test
img10625,5575,images/img10625.jpg,38.0,36.96406222421018,1.0359377757898187,test
img10640,5583,images/img10640.jpg,81.0,85.345366700636,4.345366700636006,test
img10641,5583,images/img10641.jpg,81.0,81.62223426182297,0.6222342618229675,test
img10644,5585,images/img10644.jpg,35.0,51.77032633015147,16.77032633015147,test
img10659,5593,images/img10659.jpg,66.0,64.99640988790101,1.0035901120989903,test
img10660,5593,images/img10660.jpg,66.0,61.223505533423456,4.776494466576544,test
img10665,5596,images/img10665.jpg,85.0,68.75930980022682,16.240690199773184,test
img10666,5596,images/img10666.jpg,85.0,67.4813215890849,17.5186784109151,test
img10680,5605,images/img10680.jpg,53.0,49.35646571743711,3.64353428256289,test
img10681,5605,images/img10681.jpg,53.0,58.380761959071,5.380761959071002,test
img10747,5640,images/img10747.jpg,76.0,58.70426441499687,17.29573558500313,test
img10748,5640,images/img10748.jpg,76.0,64.62411965589985,11.375880344100151,test
img10753,5643,images/img10753.jpg,62.0,70.03236736160248,8.032367361602482,test
img10754,5643,images/img10754.jpg,62.0,65.55851486735621,3.558514867356209,test
img10758,5645,images/img10758.jpg,80.0,84.77979358000484,4.779793580004835,test
img10763,5648,images/img10763.jpg,78.0,69.22542797427923,8.774572025720772,test
img10764,5648,images/img10764.jpg,78.0,63.369917658295115,14.630082341704885,test
img10772,5653,images/img10772.jpg,65.0,63.895842181950705,1.1041578180492948,test
img10773,5653,images/img10773.jpg,65.0,66.25674002552708,1.2567400255270798,test
img10822,5678,images/img10822.jpg,55.0,63.25049145347276,8.250491453472762,test
img10823,5678,images/img10823.jpg,55.0,60.849625191411405,5.8496251914114055,test
img10850,5693,images/img10850.jpg,68.0,51.40534973171198,16.59465026828802,test
img10851,5693,images/img10851.jpg,68.0,60.09425859022966,7.905741409770343,test
img10852,5694,images/img10852.jpg,59.0,63.61147041937119,4.611470419371187,test
img10853,5694,images/img10853.jpg,59.0,55.451005939913856,3.5489940600861445,test
img10869,5704,images/img10869.jpg,80.0,75.58996107873817,4.41003892126183,test
img10870,5704,images/img10870.jpg,80.0,78.05844436966908,1.9415556303309245,test
img10918,5730,images/img10918.jpg,65.0,59.62216823344777,5.377831766552227,test
img10919,5730,images/img10919.jpg,65.0,58.69895627769462,6.30104372230538,test
img10953,5749,images/img10953.jpg,48.0,47.39106138812281,0.6089386118771927,test
img10954,5749,images/img10954.jpg,48.0,47.5221789367837,0.4778210632162967,test
img10985,5766,images/img10985.jpg,59.0,54.44779484606978,4.552205153930217,test
img10986,5766,images/img10986.jpg,59.0,51.41478841970178,7.585211580298221,test
img11007,5778,images/img11007.jpg,71.0,68.12598795951632,2.8740120404836773,test
img11020,5785,images/img11020.jpg,51.0,42.46705998308492,8.532940016915077,test
img11021,5785,images/img11021.jpg,51.0,51.310626398495494,0.3106263984954935,test
img11029,5790,images/img11029.jpg,81.0,68.74030918526832,12.259690814731684,test
img11030,5790,images/img11030.jpg,81.0,75.36029706198894,5.639702938011055,test
img11040,5796,images/img11040.jpg,49.0,54.29057544527048,5.290575445270477,test
img11041,5796,images/img11041.jpg,49.0,49.32383574390117,0.3238357439011636,test
img11054,5805,images/img11054.jpg,73.0,82.27566477769156,9.27566477769156,test
img11055,5805,images/img11055.jpg,73.0,76.21832282320074,3.2183228232007366,test
img11059,5808,images/img11059.jpg,77.0,69.7092914706821,7.290708529317897,test
img11091,5826,images/img11091.jpg,58.0,64.81795602932444,6.817956029324435,test
img11092,5826,images/img11092.jpg,58.0,59.33261443539729,1.3326144353972893,test
img11103,5832,images/img11103.jpg,72.0,73.50875464306938,1.5087546430693806,test
img11158,5864,images/img11158.jpg,84.0,85.11445829738308,1.1144582973830808,test
img11159,5864,images/img11159.jpg,84.0,79.91280710716762,4.087192892832377,test
img11173,5872,images/img11173.jpg,61.0,56.529928709585285,4.470071290414715,test
img11174,5872,images/img11174.jpg,61.0,53.92010789595495,7.079892104045051,test
img11195,5883,images/img11195.jpg,65.0,63.14976649104512,1.8502335089548791,test
img11196,5883,images/img11196.jpg,65.0,66.7638613347125,1.7638613347125016,test
img11201,5886,images/img11201.jpg,74.0,65.7614932827329,8.2385067172671,test
img11202,5886,images/img11202.jpg,74.0,74.06553853422342,0.0655385342234211,test
img11228,5902,images/img11228.jpg,59.0,69.36837319308275,10.368373193082746,test
img11229,5902,images/img11229.jpg,59.0,68.1247163077518,9.124716307751797,test
img11255,5916,images/img11255.jpg,79.0,68.96777562199564,10.032224378004358,test
img11256,5916,images/img11256.jpg,79.0,71.38658924199011,7.613410758009891,test
img11291,5935,images/img11291.jpg,77.0,79.54435309736347,2.54435309736347,test
img11337,5961,images/img11337.jpg,54.0,60.03605761918342,6.036057619183417,test
img11338,5961,images/img11338.jpg,54.0,61.01750285531688,7.017502855316884,test
img11345,5965,images/img11345.jpg,64.0,79.70710271101439,15.707102711014386,test
img11346,5965,images/img11346.jpg,64.0,75.03235377670742,11.032353776707424,test
img11349,5967,images/img11349.jpg,30.0,33.27233500341716,3.2723350034171617,test
img11350,5967,images/img11350.jpg,30.0,28.083635902700443,1.9163640972995568,test
img11356,5971,images/img11356.jpg,68.0,73.19881188297956,5.198811882979555,test
img11357,5971,images/img11357.jpg,68.0,68.79075100839111,0.790751008391112,test
img11371,5979,images/img11371.jpg,74.0,71.28389081998449,2.7161091800155077,test
img11372,5979,images/img11372.jpg,74.0,68.3024138279933,5.6975861720066945,test
img11382,5985,images/img11382.jpg,74.0,80.09854024507726,6.09854024507726,test
img11383,5985,images/img11383.jpg,74.0,77.00324823893995,3.003248238939946,test
img11394,5991,images/img11394.jpg,81.0,80.34372910133595,0.6562708986640473,test
img11395,5991,images/img11395.jpg,81.0,79.16379331175635,1.8362066882436496,test
img11402,5996,images/img11402.jpg,61.0,53.0533714292172,7.946628570782799,test
img11432,6013,images/img11432.jpg,44.0,41.7076886603943,2.2923113396057033,test
img11433,6013,images/img11433.jpg,44.0,43.84616195927372,0.1538380407262778,test
img11440,6017,images/img11440.jpg,35.0,31.32047823689786,3.679521763102141,test
img11441,6017,images/img11441.jpg,35.0,30.867573898848033,4.132426101151967,test
img11472,6034,images/img11472.jpg,56.0,60.96437703991921,4.9643770399192135,test
img11473,6034,images/img11473.jpg,56.0,62.355442194596904,6.355442194596904,test
img11489,6043,images/img11489.jpg,46.0,62.52635339142093,16.526353391420933,test
img11496,6047,images/img11496.jpg,43.0,41.870373928029686,1.1296260719703142,test
img11497,6047,images/img11497.jpg,43.0,44.66234099818281,1.6623409981828132,test
img11500,6050,images/img11500.jpg,79.0,85.45548781724656,6.4554878172465635,test
img11525,6064,images/img11525.jpg,81.0,72.40560873405616,8.594391265943841,test
img11526,6064,images/img11526.jpg,81.0,75.15221840692374,5.847781593076263,test
img11527,6065,images/img11527.jpg,71.0,70.83807763096809,0.1619223690319131,test
img11528,6065,images/img11528.jpg,71.0,70.96925952564452,0.0307404743554826,test
img11544,6074,images/img11544.jpg,79.0,69.82678075137598,9.173219248624022,test
img11545,6074,images/img11545.jpg,79.0,73.50970674597713,5.490293254022873,test
img11568,6086,images/img11568.jpg,77.0,66.28461057513472,10.71538942486528,test
img11569,6086,images/img11569.jpg,77.0,70.60418313635043,6.395816863649571,test
img11603,6105,images/img11603.jpg,77.0,69.044671291774,7.955328708226006,test
img11604,6105,images/img11604.jpg,77.0,73.30858291364123,3.691417086358769,test
img11621,6114,images/img11621.jpg,62.0,62.25623863372289,0.2562386337228872,test
img11622,6114,images/img11622.jpg,62.0,64.92792991352658,2.927929913526583,test
img11628,6118,images/img11628.jpg,31.0,28.4651706940344,2.5348293059656015,test
img11629,6118,images/img11629.jpg,31.0,29.842879960700643,1.1571200392993577,test
img11674,6145,images/img11674.jpg,36.0,42.78422040301834,6.784220403018338,test
img11675,6145,images/img11675.jpg,36.0,36.15855917082679,0.1585591708267912,test
img11681,6149,images/img11681.jpg,19.0,25.455502512968344,6.455502512968344,test
img11687,6153,images/img11687.jpg,82.0,77.96956398184578,4.030436018154219,test
img11688,6153,images/img11688.jpg,82.0,76.14976050773862,5.85023949226138,test
img11689,6154,images/img11689.jpg,50.0,50.20317966724093,0.2031796672409243,test
img11690,6154,images/img11690.jpg,50.0,55.934582469446624,5.9345824694466245,test
img11717,6168,images/img11717.jpg,69.0,63.425475534957705,5.574524465042295,test
img11718,6168,images/img11718.jpg,69.0,63.01874273488144,5.981257265118558,test
img11721,6170,images/img11721.jpg,78.0,70.28737825541808,7.712621744581924,test
img11722,6170,images/img11722.jpg,78.0,69.01733077883665,8.982669221163349,test
img11757,6189,images/img11757.jpg,75.0,68.32229020312926,6.677709796870744,test
img11758,6189,images/img11758.jpg,75.0,75.51194862387672,0.5119486238767195,test
img11814,6218,images/img11814.jpg,22.0,19.81129033404678,2.188709665953219,test
img11815,6218,images/img11815.jpg,22.0,17.90417040747682,4.095829592523181,test
img11839,6231,images/img11839.jpg,44.0,52.16671741679966,8.166717416799663,test
img11840,6231,images/img11840.jpg,44.0,54.42669862316486,10.42669862316486,test
img11857,6240,images/img11857.jpg,76.0,75.99929553000163,0.000704469998368,test
img11879,6252,images/img11879.jpg,61.0,58.3881359851854,2.6118640148146,test
img11880,6252,images/img11880.jpg,61.0,50.97422379339274,10.025776206607262,test
img11891,6258,images/img11891.jpg,58.0,74.33956203971226,16.339562039712263,test
img11892,6258,images/img11892.jpg,58.0,80.7775630253596,22.7775630253596,test
img11893,6259,images/img11893.jpg,61.0,61.70522298114739,0.7052229811473865,test
img11894,6259,images/img11894.jpg,61.0,65.58956018393343,4.589560183933429,test
img11946,6287,images/img11946.jpg,25.0,31.933252977056277,6.933252977056277,test
img11947,6287,images/img11947.jpg,25.0,34.449965242542035,9.449965242542037,test
img11962,6295,images/img11962.jpg,31.0,31.707012386455308,0.7070123864553075,test
img11963,6295,images/img11963.jpg,31.0,32.361184517418145,1.3611845174181454,test
img11980,6304,images/img11980.jpg,24.0,21.978653903288425,2.021346096711575,test
img11981,6304,images/img11981.jpg,24.0,22.45597919014726,1.5440208098527393,test
img12012,6320,images/img12012.jpg,18.0,13.31648272279142,4.68351727720858,test
img12013,6321,images/img12013.jpg,12.0,14.006250197056715,2.0062501970567155,test
img12014,6321,images/img12014.jpg,12.0,15.940657196652822,3.940657196652822,test
img12019,6324,images/img12019.jpg,57.0,50.61315757865969,6.386842421340312,test
img12148,6391,images/img12148.jpg,49.0,60.08361832219563,11.083618322195631,test
img12151,6394,images/img12151.jpg,73.0,73.17137648693456,0.1713764869345624,test
img12152,6394,images/img12152.jpg,73.0,71.92739678091553,1.0726032190844703,test
img12216,6430,images/img12216.jpg,64.0,57.27149496492269,6.728505035077312,test
img12217,6430,images/img12217.jpg,64.0,64.1297677589657,0.1297677589656984,test
img12234,6439,images/img12234.jpg,48.0,44.941439114015004,3.0585608859849955,test
img12235,6439,images/img12235.jpg,48.0,49.93884187300489,1.9388418730048895,test
img12278,6462,images/img12278.jpg,60.0,57.768931721628874,2.2310682783711258,test
img12279,6462,images/img12279.jpg,60.0,55.90189714743122,4.098102852568779,test
img12305,6476,images/img12305.jpg,78.0,70.78600534524841,7.213994654751588,test
img12308,6478,images/img12308.jpg,80.0,74.87962687293302,5.120373127066983,test
img12309,6478,images/img12309.jpg,80.0,73.8588874882146,6.141112511785394,test
img12316,6483,images/img12316.jpg,83.0,84.45415911700934,1.4541591170093398,test
img12317,6483,images/img12317.jpg,83.0,83.64291290908736,0.6429129090873573,test
img12318,6484,images/img12318.jpg,66.0,69.29922521981828,3.2992252198182825,test
img12319,6484,images/img12319.jpg,66.0,70.61672079388475,4.6167207938847525,test
img12392,6523,images/img12392.jpg,79.0,71.44927207660953,7.550727923390468,test
img12393,6523,images/img12393.jpg,79.0,84.90805372933205,5.908053729332053,test
img12394,6524,images/img12394.jpg,64.0,64.77643212770982,0.7764321277098247,test
img12395,6524,images/img12395.jpg,64.0,57.19677199561572,6.80322800438428,test
img12397,6526,images/img12397.jpg,71.0,68.80486786983198,2.1951321301680196,test
img12400,6528,images/img12400.jpg,65.0,66.88131898770382,1.8813189877038212,test
img12401,6528,images/img12401.jpg,65.0,67.15687480085062,2.156874800850616,test
img12412,6534,images/img12412.jpg,67.0,59.85582006724416,7.14417993275584,test
img12413,6534,images/img12413.jpg,67.0,68.85965250369779,1.859652503697788,test
img12449,6552,images/img12449.jpg,41.0,43.65182499566052,2.651824995660519,test
img12458,6557,images/img12458.jpg,38.0,37.5305907195804,0.4694092804195975,test
img12459,6557,images/img12459.jpg,38.0,40.14760751717199,2.1476075171719913,test
img12468,6562,images/img12468.jpg,33.0,33.4580615976642,0.4580615976641979,test
img12469,6562,images/img12469.jpg,33.0,33.97369784780292,0.9736978478029172,test
img12525,6591,images/img12525.jpg,66.0,58.32206353334115,7.677936466658849,test
img12526,6591,images/img12526.jpg,66.0,64.78325989432375,1.2167401056762517,test
img12527,6592,images/img12527.jpg,65.0,60.55543111862239,4.444568881377613,test
img12528,6592,images/img12528.jpg,65.0,63.44674516492143,1.5532548350785689,test
img12579,6619,images/img12579.jpg,57.0,67.22504776838825,10.22504776838825,test
img12588,6624,images/img12588.jpg,73.0,72.23245469687728,0.7675453031227164,test
img12589,6624,images/img12589.jpg,73.0,73.4392424059204,0.4392424059203961,test
img12604,6632,images/img12604.jpg,87.0,87.19859302206368,0.198593022063676,test
img12605,6632,images/img12605.jpg,87.0,78.90013823965117,8.09986176034883,test
img12634,6647,images/img12634.jpg,64.0,74.62669904504389,10.626699045043893,test
img12635,6647,images/img12635.jpg,64.0,65.507172200016,1.5071722000160008,test
img12665,6663,images/img12665.jpg,29.0,29.500659494244648,0.5006594942446476,test
img12666,6663,images/img12666.jpg,29.0,28.583146386981262,0.4168536130187377,test
img12676,6669,images/img12676.jpg,31.0,30.16290432363033,0.8370956763696711,test
img12677,6669,images/img12677.jpg,31.0,26.022990745519337,4.977009254480663,test
img12707,6685,images/img12707.jpg,18.0,22.372940111801505,4.372940111801505,test
img12708,6685,images/img12708.jpg,18.0,19.006149363327047,1.0061493633270473,test
img12731,6697,images/img12731.jpg,60.0,61.290357226421875,1.2903572264218752,test
img12732,6697,images/img12732.jpg,60.0,60.2028882970735,0.2028882970734997,test
img12739,6701,images/img12739.jpg,78.0,65.53850271122138,12.461497288778617,test
img12740,6701,images/img12740.jpg,78.0,69.85152015843134,8.148479841568658,test
img12759,6711,images/img12759.jpg,56.0,56.06777544976095,0.0677754497609512,test
img12760,6711,images/img12760.jpg,56.0,53.58424596097421,2.415754039025792,test
img12765,6714,images/img12765.jpg,64.0,57.064996877027056,6.935003122972944,test
img12766,6714,images/img12766.jpg,64.0,53.21729290377806,10.78270709622194,test
img12783,6723,images/img12783.jpg,69.0,68.97040944619062,0.0295905538093848,test
img12784,6723,images/img12784.jpg,69.0,66.47579731051307,2.524202689486927,test
img12791,6727,images/img12791.jpg,74.0,70.417296132603,3.582703867397001,test
img12792,6727,images/img12792.jpg,74.0,72.26980483236595,1.7301951676340508,test
img12807,6735,images/img12807.jpg,42.0,59.983659786249575,17.983659786249575,test
img12828,6746,images/img12828.jpg,41.0,42.006732950430134,1.006732950430134,test
img12829,6746,images/img12829.jpg,41.0,47.29207976647184,6.2920797664718435,test
img12849,6757,images/img12849.jpg,47.0,42.77708344834675,4.222916551653249,test
img12866,6766,images/img12866.jpg,44.0,58.7557511792405,14.755751179240498,test
img12867,6766,images/img12867.jpg,44.0,49.986160187848434,5.986160187848434,test
img12870,6768,images/img12870.jpg,40.0,50.40202085194118,10.40202085194118,test
img12871,6768,images/img12871.jpg,40.0,46.81585381492916,6.815853814929163,test
img12878,6772,images/img12878.jpg,42.0,46.11236428019964,4.1123642801996425,test
img12879,6772,images/img12879.jpg,42.0,38.463856603933706,3.5361433960662936,test
img12889,6777,images/img12889.jpg,45.0,60.7449922991508,15.744992299150802,test
img12899,6783,images/img12899.jpg,55.0,52.06207389108734,2.937926108912663,test
img12912,6790,images/img12912.jpg,46.0,42.72045895468098,3.2795410453190215,test
img12913,6790,images/img12913.jpg,46.0,44.91347695313102,1.086523046868983,test
img12931,6800,images/img12931.jpg,58.0,64.36437878463764,6.364378784637637,test
img12932,6800,images/img12932.jpg,58.0,62.378545686003214,4.378545686003214,test
img12946,6809,images/img12946.jpg,47.0,50.868967889922445,3.8689678899224447,test
img12947,6809,images/img12947.jpg,47.0,50.40043783089811,3.400437830898113,test
img12977,6826,images/img12977.jpg,58.0,58.74814635269328,0.7481463526932828,test
img12978,6826,images/img12978.jpg,58.0,56.00547473777189,1.994525262228116,test
img12997,6837,images/img12997.jpg,52.0,55.471555766992,3.4715557669919974,test
img12998,6837,images/img12998.jpg,52.0,45.37388141912652,6.626118580873481,test
img13020,6849,images/img13020.jpg,55.0,56.24294384440902,1.2429438444090195,test
img13021,6849,images/img13021.jpg,55.0,56.46014259289139,1.460142592891387,test
img13035,6857,images/img13035.jpg,63.0,64.00849787720686,1.0084978772068638,test
img13036,6857,images/img13036.jpg,63.0,60.00352798180728,2.996472018192719,test
img13048,6864,images/img13048.jpg,73.0,66.00307167315415,6.996928326845847,test
img13049,6864,images/img13049.jpg,73.0,65.60447373629539,7.39552626370461,test
img13064,6872,images/img13064.jpg,61.0,75.89599072859545,14.89599072859545,test
img13065,6872,images/img13065.jpg,61.0,74.50592920816845,13.505929208168451,test
img13122,6902,images/img13122.jpg,77.0,77.6019628294,0.6019628293999943,test
img13130,6907,images/img13130.jpg,62.0,57.56481576548929,4.435184234510707,test
img13136,6911,images/img13136.jpg,52.0,43.18958503230678,8.81041496769322,test
img13137,6911,images/img13137.jpg,52.0,44.36855999409518,7.631440005904821,test
img13172,6931,images/img13172.jpg,76.0,85.02707858951518,9.027078589515185,test
img13173,6931,images/img13173.jpg,76.0,85.68858834746922,9.68858834746922,test
img13174,6932,images/img13174.jpg,61.0,69.8567485448457,8.8567485448457,test
img13175,6932,images/img13175.jpg,61.0,69.49251737863696,8.492517378636961,test
img13178,6934,images/img13178.jpg,94.0,85.04500604380789,8.954993956192112,test
img13179,6934,images/img13179.jpg,94.0,79.18588471668112,14.814115283318884,test
img13184,6937,images/img13184.jpg,54.0,47.81884569607627,6.1811543039237336,test
img13185,6937,images/img13185.jpg,54.0,56.62930731343376,2.629307313433756,test
img13230,6963,images/img13230.jpg,66.0,62.58217465050302,3.4178253494969795,test
img13231,6963,images/img13231.jpg,66.0,55.802430885769226,10.197569114230774,test
img13243,6970,images/img13243.jpg,66.0,62.154221843237714,3.845778156762286,test
img13244,6970,images/img13244.jpg,66.0,58.41566912719043,7.584330872809573,test
img13262,6981,images/img13262.jpg,90.0,84.01067983431889,5.989320165681107,test
img13263,6981,images/img13263.jpg,90.0,84.90785741945416,5.09214258054584,test
img13270,6985,images/img13270.jpg,84.0,80.42750325111335,3.5724967488866497,test
img13271,6985,images/img13271.jpg,84.0,74.76491973945296,9.235080260547036,test
img13287,6994,images/img13287.jpg,43.0,39.782898663593734,3.217101336406266,test
img13288,6994,images/img13288.jpg,43.0,45.15782931118783,2.1578293111878324,test
img13303,7002,images/img13303.jpg,80.0,74.54878801695268,5.451211983047315,test
img13304,7002,images/img13304.jpg,80.0,66.07411839918194,13.92588160081806,test
img13321,7011,images/img13321.jpg,36.0,34.10929998656307,1.890700013436927,test
img13322,7011,images/img13322.jpg,36.0,34.8205241304813,1.179475869518697,test
img13333,7017,images/img13333.jpg,55.0,56.830150858888445,1.8301508588884443,test
img13334,7017,images/img13334.jpg,55.0,52.34498587160268,2.655014128397319,test
img13350,7026,images/img13350.jpg,59.0,50.565949415469845,8.434050584530155,test
img13351,7026,images/img13351.jpg,59.0,56.53289257976245,2.4671074202375465,test
img13392,7048,images/img13392.jpg,40.0,49.19984751563883,9.19984751563883,test
img13393,7048,images/img13393.jpg,40.0,45.82301442630007,5.82301442630007,test
img13416,7061,images/img13416.jpg,66.0,66.75852388725487,0.7585238872548672,test
img13417,7061,images/img13417.jpg,66.0,64.23200376214783,1.7679962378521736,test
img13448,7078,images/img13448.jpg,71.0,72.85113727374963,1.8511372737496288,test
img13449,7078,images/img13449.jpg,71.0,71.223113281791,0.2231132817910008,test
img13492,7101,images/img13492.jpg,43.0,57.31186690926776,14.311866909267756,test
img13501,7106,images/img13501.jpg,34.0,30.98025140631284,3.0197485936871615,test
img13502,7106,images/img13502.jpg,34.0,28.13549879121705,5.864501208782951,test
img13509,7110,images/img13509.jpg,42.0,57.049806718594105,15.049806718594104,test
img13510,7110,images/img13510.jpg,42.0,49.17441338973784,7.174413389737836,test
img13511,7111,images/img13511.jpg,53.0,48.21042500949538,4.789574990504619,test
img13512,7111,images/img13512.jpg,53.0,50.923440609204505,2.076559390795495,test
img13515,7113,images/img13515.jpg,45.0,46.822530531998154,1.8225305319981544,test
img13516,7113,images/img13516.jpg,45.0,62.603841262664254,17.603841262664254,test
img13519,7115,images/img13519.jpg,37.0,45.59355326309134,8.593553263091337,test
img13520,7115,images/img13520.jpg,37.0,67.06172994670189,30.061729946701888,test
img13533,7122,images/img13533.jpg,53.0,57.45423124168956,4.454231241689563,test
img13534,7122,images/img13534.jpg,53.0,33.63409484638541,19.36590515361459,test
img13548,7130,images/img13548.jpg,35.0,46.22015258109466,11.22015258109466,test
img13549,7130,images/img13549.jpg,35.0,43.21344976979512,8.213449769795119,test
img13554,7133,images/img13554.jpg,38.0,34.55662476163921,3.4433752383607867,test
img13555,7133,images/img13555.jpg,38.0,42.217049538103254,4.217049538103254,test
img13562,7137,images/img13562.jpg,47.0,45.333823297933456,1.6661767020665437,test
img13563,7137,images/img13563.jpg,47.0,43.54941885725088,3.4505811427491224,test
img13567,7140,images/img13567.jpg,33.0,41.39354814074902,8.393548140749019,test
img13568,7140,images/img13568.jpg,33.0,35.261283430752584,2.2612834307525844,test
img13571,7142,images/img13571.jpg,52.0,56.15663552496494,4.1566355249649405,test
img13572,7142,images/img13572.jpg,52.0,55.30547270255353,3.30547270255353,test
img13605,7159,images/img13605.jpg,55.0,53.20587857498942,1.79412142501058,test
img13606,7159,images/img13606.jpg,55.0,51.834503846368904,3.1654961536310964,test
img13609,7161,images/img13609.jpg,57.0,52.820651249382955,4.179348750617045,test
img13610,7161,images/img13610.jpg,57.0,60.391869272851714,3.3918692728517144,test
img13648,7180,images/img13648.jpg,62.0,50.552345686237565,11.447654313762436,test
img13665,7189,images/img13665.jpg,56.0,53.36396228455664,2.636037715443358,test
img13666,7189,images/img13666.jpg,56.0,54.23993649431197,1.7600635056880307,test
img13673,7193,images/img13673.jpg,36.0,34.8919678387066,1.1080321612934014,test
img13674,7193,images/img13674.jpg,36.0,35.5901002949907,0.4098997050093018,test
img13684,7199,images/img13684.jpg,32.0,35.260517822228834,3.2605178222288345,test
img13692,7203,images/img13692.jpg,78.0,82.36838629545883,4.3683862954588335,test
img13695,7205,images/img13695.jpg,40.0,65.4554429112774,25.4554429112774,test
img13696,7205,images/img13696.jpg,40.0,43.48585590001227,3.485855900012268,test
img13704,7209,images/img13704.jpg,41.0,25.56527899668217,15.43472100331783,test
img13734,7225,images/img13734.jpg,42.0,41.41262182660651,0.5873781733934891,test
img13735,7225,images/img13735.jpg,42.0,39.392320530551835,2.607679469448165,test
img13748,7232,images/img13748.jpg,75.0,70.44383613748275,4.556163862517252,test
img13749,7232,images/img13749.jpg,75.0,62.37431411752434,12.625685882475658,test
img13756,7236,images/img13756.jpg,42.0,41.52197188164115,0.4780281183588499,test
img13757,7236,images/img13757.jpg,42.0,69.14659210854109,27.14659210854109,test
img13770,7243,images/img13770.jpg,65.0,61.86402376707411,3.1359762329258913,test
img13771,7243,images/img13771.jpg,65.0,69.94448270110423,4.944482701104235,test
img13831,7274,images/img13831.jpg,66.0,70.56676647362536,4.566766473625364,test
img13832,7274,images/img13832.jpg,66.0,72.62522386627847,6.625223866278475,test
img13839,7278,images/img13839.jpg,36.0,25.85691695126955,10.14308304873045,test
img13840,7278,images/img13840.jpg,36.0,24.935839729112097,11.064160270887903,test
img13868,7293,images/img13868.jpg,77.0,77.32048500160366,0.3204850016036573,test
img13869,7293,images/img13869.jpg,77.0,71.53851345648604,5.461486543513956,test
img13893,7306,images/img13893.jpg,73.0,67.08801365812995,5.911986341870048,test
img13894,7306,images/img13894.jpg,73.0,76.9508335015444,3.9508335015443943,test
img13895,7307,images/img13895.jpg,62.0,59.19391087321914,2.8060891267808614,test
img13896,7307,images/img13896.jpg,62.0,63.28947859522091,1.2894785952209131,test
img13909,7314,images/img13909.jpg,79.0,75.31515887740038,3.6848411225996216,test
img13910,7314,images/img13910.jpg,79.0,72.5764670362742,6.423532963725805,test
img13912,7315,images/img13912.jpg,82.0,81.43138179854223,0.5686182014577668,test
img13931,7325,images/img13931.jpg,63.0,75.10513675454408,12.105136754544075,test
img13932,7325,images/img13932.jpg,63.0,75.15126412279511,12.151264122795112,test
img14017,7368,images/img14017.jpg,77.0,73.08760451837803,3.912395481621971,test
img14018,7368,images/img14018.jpg,77.0,67.91609016624936,9.08390983375064,test
img14027,7373,images/img14027.jpg,81.0,76.80576922667012,4.194230773329878,test
img14052,7386,images/img14052.jpg,70.0,71.27822182695533,1.2782218269553312,test
img14053,7386,images/img14053.jpg,70.0,63.99075964382421,6.009240356175788,test
img14054,7387,images/img14054.jpg,69.0,73.58601239551139,4.586012395511389,test
img14055,7387,images/img14055.jpg,69.0,73.83155897199201,4.83155897199201,test
img14060,7390,images/img14060.jpg,79.0,72.15680450421306,6.843195495786944,test
img14061,7390,images/img14061.jpg,79.0,73.83477845398934,5.165221546010656,test
img14078,7399,images/img14078.jpg,73.0,56.163557356728674,16.836442643271326,test
img14079,7399,images/img14079.jpg,73.0,63.66531440173879,9.33468559826121,test
img14088,7404,images/img14088.jpg,80.0,76.85143090426641,3.148569095733592,test
img14101,7411,images/img14101.jpg,62.0,63.50781607732132,1.5078160773213227,test
img14102,7411,images/img14102.jpg,62.0,62.99736567979009,0.9973656797900928,test
img14125,7422,images/img14125.jpg,76.0,81.44964734206908,5.449647342069085,test
img14126,7422,images/img14126.jpg,76.0,73.58962776909578,2.4103722309042155,test
img14136,7428,images/img14136.jpg,69.0,60.86154938057733,8.13845061942267,test
img14149,7435,images/img14149.jpg,56.0,65.32372934401504,9.323729344015035,test
img14150,7435,images/img14150.jpg,56.0,64.30593569807533,8.30593569807533,test
img14211,7467,images/img14211.jpg,77.0,74.8845826067392,2.115417393260799,test
img14212,7467,images/img14212.jpg,77.0,67.6391405529696,9.360859447030409,test
img14234,7478,images/img14234.jpg,66.0,73.74103612485706,7.741036124857061,test
img14235,7479,images/img14235.jpg,69.0,74.51378378450475,5.513783784504753,test
img14236,7479,images/img14236.jpg,69.0,72.19307166354206,3.1930716635420566,test
img14241,7482,images/img14241.jpg,67.0,67.91954522010016,0.9195452201001616,test
img14242,7482,images/img14242.jpg,67.0,68.88463402626921,1.884634026269211,test
img14273,7498,images/img14273.jpg,56.0,56.07998156172373,0.0799815617237271,test
img14274,7498,images/img14274.jpg,56.0,55.03427033360148,0.9657296663985236,test
img14285,7504,images/img14285.jpg,64.0,66.61461784066013,2.614617840660131,test
img14286,7504,images/img14286.jpg,64.0,69.78552841175912,5.785528411759117,test
img14297,7510,images/img14297.jpg,67.0,64.25459848378729,2.7454015162127092,test
img14298,7510,images/img14298.jpg,67.0,63.63351274682648,3.366487253173517,test
img14319,7520,images/img14319.jpg,64.0,65.97276524514507,1.9727652451450697,test
img14327,7524,images/img14327.jpg,51.0,47.03435979634143,3.965640203658573,test
img14328,7524,images/img14328.jpg,51.0,51.30467493736425,0.304674937364247,test
img14331,7526,images/img14331.jpg,61.0,53.711460487549076,7.2885395124509245,test
img14332,7526,images/img14332.jpg,61.0,59.65264261546349,1.347357384536508,test
img14352,7537,images/img14352.jpg,59.0,60.21457200663902,1.2145720066390169,test
img14353,7537,images/img14353.jpg,59.0,58.60673562276857,0.3932643772314321,test
img14418,7571,images/img14418.jpg,73.0,70.96710557003993,2.0328944299600664,test
img14419,7571,images/img14419.jpg,73.0,72.18713328973601,0.8128667102639895,test
img14422,7573,images/img14422.jpg,83.0,77.9626342431564,5.037365756843599,test
img14423,7573,images/img14423.jpg,83.0,71.23940263921381,11.760597360786193,test
img14454,7589,images/img14454.jpg,75.0,67.60159737943432,7.398402620565676,test
img14455,7589,images/img14455.jpg,75.0,70.12476169623994,4.875238303760057,test
img14470,7597,images/img14470.jpg,83.0,86.9564600562374,3.956460056237404,test
img14471,7597,images/img14471.jpg,83.0,89.66745802664603,6.667458026646031,test
img14476,7600,images/img14476.jpg,69.0,60.13427008782672,8.865729912173279,test
img14477,7600,images/img14477.jpg,69.0,57.92975129562968,11.07024870437032,test
img14484,7604,images/img14484.jpg,42.0,45.151520129834665,3.1515201298346653,test
img14485,7604,images/img14485.jpg,42.0,50.81473019718864,8.814730197188638,test
img14502,7613,images/img14502.jpg,56.0,55.97080695864244,0.0291930413575585,test
img14503,7613,images/img14503.jpg,56.0,51.66561409598189,4.334385904018113,test
img14512,7618,images/img14512.jpg,77.0,66.39378340597405,10.606216594025952,test
img14513,7618,images/img14513.jpg,77.0,72.50948719654994,4.490512803450059,test
img14518,7621,images/img14518.jpg,56.0,55.69722078793711,0.3027792120628874,test
img14519,7621,images/img14519.jpg,56.0,64.8728360916031,8.872836091603105,test
img14532,7628,images/img14532.jpg,65.0,74.07802166123611,9.078021661236107,test
img14533,7628,images/img14533.jpg,65.0,63.04944723569845,1.9505527643015483,test
img14548,7636,images/img14548.jpg,73.0,65.03816663484301,7.961833365156991,test
img14579,7652,images/img14579.jpg,74.0,72.80169881222493,1.1983011877750729,test
img14580,7652,images/img14580.jpg,74.0,76.33744365710193,2.337443657101929,test
img14591,7658,images/img14591.jpg,63.0,57.86701386232547,5.1329861376745285,test
img14592,7658,images/img14592.jpg,63.0,63.38428099769377,0.3842809976937715,test
img14595,7660,images/img14595.jpg,56.0,50.8298575091954,5.170142490804601,test
img14596,7660,images/img14596.jpg,56.0,57.04609489414957,1.046094894149569,test
img14615,7670,images/img14615.jpg,65.0,61.201335877200144,3.798664122799856,test
img14616,7670,images/img14616.jpg,65.0,60.727607696200955,4.2723923037990446,test
img14631,7678,images/img14631.jpg,59.0,60.1337457768612,1.133745776861204,test
img14632,7678,images/img14632.jpg,59.0,60.34634392155953,1.34634392155953,test
img14653,7689,images/img14653.jpg,58.0,56.81225694086653,1.1877430591334672,test
img14654,7689,images/img14654.jpg,58.0,59.31857241709736,1.3185724170973645,test
img14687,7706,images/img14687.jpg,72.0,68.52419055009324,3.4758094499067624,test
img14688,7706,images/img14688.jpg,72.0,72.5278258109758,0.5278258109757985,test
img14693,7709,images/img14693.jpg,61.0,57.15823602577095,3.841763974229053,test
img14694,7709,images/img14694.jpg,61.0,61.58522829563699,0.5852282956369876,test
img14784,7756,images/img14784.jpg,81.0,79.50728542997686,1.4927145700231392,test
img14785,7756,images/img14785.jpg,81.0,73.21088930291128,7.7891106970887165,test
img14819,7774,images/img14819.jpg,67.0,76.55567916712688,9.555679167126884,test
img14820,7774,images/img14820.jpg,67.0,64.52981675300516,2.4701832469948357,test
img14860,7796,images/img14860.jpg,50.0,49.68550506620349,0.3144949337965101,test
img14861,7796,images/img14861.jpg,50.0,45.90675585776449,4.093244142235513,test
img14876,7804,images/img14876.jpg,60.0,62.85690759807834,2.8569075980783367,test
img14877,7804,images/img14877.jpg,60.0,57.807879465075146,2.192120534924854,test
img14884,7808,images/img14884.jpg,70.0,65.12565649436462,4.87434350563538,test
img14885,7808,images/img14885.jpg,70.0,62.67693288325336,7.323067116746643,test
img14890,7811,images/img14890.jpg,54.0,57.81436846082341,3.8143684608234096,test
img14891,7811,images/img14891.jpg,54.0,51.80265365929234,2.1973463407076608,test
img14945,7838,images/img14945.jpg,52.0,53.61622129559792,1.6162212955979245,test
img14946,7838,images/img14946.jpg,52.0,54.34888465940216,2.3488846594021595,test
img14988,7860,images/img14988.jpg,42.0,58.84391380907278,16.84391380907278,test
img15003,7868,images/img15003.jpg,61.0,57.64075980950197,3.359240190498028,test
img15004,7868,images/img15004.jpg,61.0,65.7175416822951,4.717541682295106,test
img15047,7890,images/img15047.jpg,52.0,54.7036738657898,2.7036738657898027,test
img15048,7890,images/img15048.jpg,52.0,54.41534482325524,2.4153448232552392,test
img15097,7916,images/img15097.jpg,70.0,68.18215112496907,1.8178488750309327,test
img15114,7925,images/img15114.jpg,77.0,74.1332065491307,2.866793450869295,test
img15115,7925,images/img15115.jpg,77.0,77.80428633321186,0.8042863332118628,test
img15132,7934,images/img15132.jpg,64.0,64.5707015569062,0.5707015569062008,test
img15133,7934,images/img15133.jpg,64.0,60.950016972351854,3.049983027648146,test
img15138,7937,images/img15138.jpg,52.0,52.32427081704398,0.3242708170439812,test
img15139,7937,images/img15139.jpg,52.0,59.75905620190809,7.759056201908088,test
img15147,7941,images/img15147.jpg,68.0,67.27368681246578,0.7263131875342168,test
img15168,7954,images/img15168.jpg,54.0,43.419329754228016,10.580670245771984,test
img15169,7954,images/img15169.jpg,54.0,49.95840851477796,4.0415914852220425,test
img15182,7961,images/img15182.jpg,83.0,73.9137615521359,9.086238447864105,test
img15183,7961,images/img15183.jpg,83.0,73.32313274742387,9.67686725257613,test
img15209,7975,images/img15209.jpg,85.0,80.66773201112413,4.33226798887587,test
img15242,7993,images/img15242.jpg,63.0,57.435639878295945,5.5643601217040555,test
img15243,7993,images/img15243.jpg,63.0,56.10991377402808,6.89008622597192,test
img15275,8010,images/img15275.jpg,61.0,58.68401327885098,2.3159867211490166,test
img15276,8010,images/img15276.jpg,61.0,62.14456557846659,1.1445655784665902,test
img15295,8020,images/img15295.jpg,47.0,49.880103776320546,2.8801037763205457,test
img15296,8020,images/img15296.jpg,47.0,47.62933795545905,0.6293379554590501,test
img15307,8026,images/img15307.jpg,56.0,65.13801856361927,9.13801856361927,test
img15308,8027,images/img15308.jpg,64.0,64.46937512282494,0.4693751228249425,test
img15313,8030,images/img15313.jpg,48.0,51.50427573223088,3.50427573223088,test
img15314,8030,images/img15314.jpg,48.0,60.803841092794066,12.803841092794066,test
img15319,8033,images/img15319.jpg,68.0,69.73080485207754,1.73080485207754,test
img15320,8033,images/img15320.jpg,68.0,67.5156005655951,0.4843994344049065,test
img15335,8042,images/img15335.jpg,67.0,78.05125942813845,11.05125942813845,test
img15336,8042,images/img15336.jpg,67.0,52.65750628945018,14.342493710549816,test
img15339,8044,images/img15339.jpg,74.0,73.11619814270256,0.883801857297442,test
img15342,8046,images/img15342.jpg,60.0,69.4500413741146,9.450041374114605,test
img15343,8046,images/img15343.jpg,60.0,66.42043847025445,6.420438470254453,test
img15358,8054,images/img15358.jpg,83.0,75.19119464256755,7.808805357432448,test
img15394,8073,images/img15394.jpg,69.0,71.00125694512948,2.0012569451294837,test
img15400,8076,images/img15400.jpg,66.0,65.7206002992536,0.2793997007463957,test
img15401,8076,images/img15401.jpg,66.0,68.93946773760449,2.939467737604488,test
img15402,8077,images/img15402.jpg,78.0,75.3938944069787,2.6061055930212973,test
img15403,8077,images/img15403.jpg,78.0,73.24072840434994,4.759271595650063,test
img15408,8080,images/img15408.jpg,55.0,58.2063261819811,3.2063261819810975,test
img15409,8080,images/img15409.jpg,55.0,58.20692519976126,3.2069251997612582,test
img15420,8086,images/img15420.jpg,65.0,65.93893450952272,0.9389345095227242,test
img15426,8090,images/img15426.jpg,63.0,59.55551871235832,3.444481287641679,test
img15427,8090,images/img15427.jpg,63.0,63.08150627467288,0.0815062746728756,test
img15432,8093,images/img15432.jpg,58.0,63.82055570786579,5.820555707865793,test
img15433,8093,images/img15433.jpg,58.0,68.63440764042187,10.63440764042187,test
img15440,8097,images/img15440.jpg,59.0,60.34554859390148,1.3455485939014835,test
img15441,8097,images/img15441.jpg,59.0,60.16868348207274,1.168683482072737,test
img15442,8098,images/img15442.jpg,74.0,80.52861374432894,6.528613744328936,test
img15443,8098,images/img15443.jpg,74.0,79.95552631781646,5.955526317816464,test
img15448,8101,images/img15448.jpg,72.0,80.65427387838461,8.654273878384615,test
img15449,8101,images/img15449.jpg,72.0,79.11317371913302,7.113173719133016,test
img15464,8109,images/img15464.jpg,68.0,66.44135801426928,1.5586419857307163,test
img15465,8109,images/img15465.jpg,68.0,68.46742427707122,0.4674242770712169,test
img15466,8110,images/img15466.jpg,70.0,70.11363965104727,0.113639651047265,test
img15467,8110,images/img15467.jpg,70.0,69.09709475405302,0.9029052459469824,test
img15519,8137,images/img15519.jpg,74.0,69.96739642629527,4.032603573704733,test
img15520,8137,images/img15520.jpg,74.0,73.69768654137812,0.3023134586218816,test
img15531,8143,images/img15531.jpg,63.0,58.74999275615585,4.250007243844152,test
img15532,8143,images/img15532.jpg,63.0,57.01378235641269,5.98621764358731,test
img15535,8145,images/img15535.jpg,81.0,74.6755769328062,6.3244230671938055,test
img15538,8147,images/img15538.jpg,58.0,62.09615719849557,4.096157198495568,test
img15539,8147,images/img15539.jpg,58.0,59.2050026539723,1.2050026539723009,test
img15544,8150,images/img15544.jpg,63.0,66.84858213434548,3.848582134345478,test
img15545,8150,images/img15545.jpg,63.0,62.7738390732509,0.2261609267491025,test
img15558,8157,images/img15558.jpg,46.0,46.76465401755564,0.7646540175556424,test
img15559,8158,images/img15559.jpg,60.0,61.348320989699,1.3483209896989976,test
img15560,8158,images/img15560.jpg,60.0,68.09287266433783,8.092872664337833,test
img15569,8163,images/img15569.jpg,54.0,53.22269960499817,0.7773003950018307,test
img15570,8163,images/img15570.jpg,54.0,46.48754517515269,7.51245482484731,test
img15579,8168,images/img15579.jpg,73.0,69.39512368577601,3.6048763142239864,test
img15580,8168,images/img15580.jpg,73.0,64.9084559736403,8.0915440263597,test
img15583,8170,images/img15583.jpg,77.0,72.0344162014555,4.9655837985445,test
img15584,8170,images/img15584.jpg,77.0,76.3462776016068,0.6537223983931995,test
img15596,8177,images/img15596.jpg,63.0,64.9124018021858,1.9124018021857976,test
img15597,8177,images/img15597.jpg,63.0,65.49577477568907,2.495774775689071,test
img15638,8199,images/img15638.jpg,70.0,64.53455981777697,5.465440182223034,test
img15639,8199,images/img15639.jpg,70.0,66.99009538165087,3.009904618349126,test
img15667,8214,images/img15667.jpg,59.0,65.59747201731746,6.5974720173174575,test
img15668,8214,images/img15668.jpg,59.0,63.52375153165871,4.523751531658711,test
img15681,8221,images/img15681.jpg,60.0,58.820149816723166,1.1798501832768338,test
img15682,8221,images/img15682.jpg,60.0,61.12521808531291,1.125218085312909,test
img15693,8227,images/img15693.jpg,58.0,54.05068886428296,3.949311135717039,test
img15694,8227,images/img15694.jpg,58.0,53.1947049984538,4.805295001546199,test
img15699,8230,images/img15699.jpg,73.0,75.17210895999531,2.172108959995313,test
img15700,8230,images/img15700.jpg,73.0,68.82954184026137,4.170458159738629,test
img15705,8233,images/img15705.jpg,61.0,60.829604855698335,0.1703951443016649,test
img15706,8233,images/img15706.jpg,61.0,63.888310971607694,2.8883109716076945,test
img15709,8235,images/img15709.jpg,58.0,53.97064623810104,4.02935376189896,test
img15710,8235,images/img15710.jpg,58.0,58.17727082046463,0.1772708204646278,test
img15724,8243,images/img15724.jpg,66.0,62.208656936459846,3.791343063540154,test
img15758,8263,images/img15758.jpg,62.0,61.40660048469639,0.5933995153036093,test
img15759,8263,images/img15759.jpg,62.0,59.77298384243888,2.227016157561124,test
img15800,8285,images/img15800.jpg,63.0,65.30011980936794,2.300119809367942,test
img15801,8285,images/img15801.jpg,63.0,59.989611247380815,3.0103887526191855,test
img15810,8290,images/img15810.jpg,70.0,66.19949006677815,3.8005099332218464,test
img15811,8290,images/img15811.jpg,70.0,66.61077671071617,3.3892232892838337,test
img15837,8304,images/img15837.jpg,59.0,60.9559886097761,1.9559886097760997,test
img15838,8304,images/img15838.jpg,59.0,60.379666978025455,1.379666978025455,test
img15841,8306,images/img15841.jpg,71.0,83.00398533075278,12.003985330752784,test
img15842,8306,images/img15842.jpg,71.0,80.3713499011545,9.371349901154504,test
img15845,8308,images/img15845.jpg,70.0,71.99187585091761,1.9918758509176089,test
img15846,8308,images/img15846.jpg,70.0,67.02800500029151,2.971994999708486,test
img15864,8318,images/img15864.jpg,63.0,64.72875772856,1.728757728559998,test
img15865,8318,images/img15865.jpg,63.0,62.36474619219827,0.6352538078017318,test
img15868,8320,images/img15868.jpg,62.0,54.12918064242958,7.870819357570419,test
img15869,8320,images/img15869.jpg,62.0,57.9885152943118,4.011484705688197,test
img15874,8323,images/img15874.jpg,63.0,60.970045760295775,2.0299542397042245,test
img15875,8323,images/img15875.jpg,63.0,63.97640066686729,0.976400666867292,test
img15881,8327,images/img15881.jpg,38.0,45.95735145695829,7.957351456958293,test
img15882,8327,images/img15882.jpg,38.0,45.908309977631085,7.908309977631085,test
img15898,8336,images/img15898.jpg,63.0,65.54724995219685,2.54724995219685,test
img15899,8336,images/img15899.jpg,63.0,63.32053481790247,0.3205348179024696,test
img15919,8347,images/img15919.jpg,70.0,74.57508481570594,4.575084815705935,test
img15920,8347,images/img15920.jpg,70.0,77.51345324912381,7.513453249123813,test
img15941,8358,images/img15941.jpg,69.0,72.76969048663562,3.769690486635625,test
img15942,8358,images/img15942.jpg,69.0,77.28463445545995,8.284634455459951,test
img15954,8365,images/img15954.jpg,54.0,52.981617987629015,1.018382012370985,test
img15955,8365,images/img15955.jpg,54.0,52.01736377109359,1.982636228906408,test
img16037,8409,images/img16037.jpg,63.0,64.83526074506008,1.8352607450600829,test
img16038,8409,images/img16038.jpg,63.0,72.40532844717495,9.405328447174952,test
img16059,8420,images/img16059.jpg,57.0,62.27544428344273,5.275444283442731,test
img16060,8420,images/img16060.jpg,57.0,60.05325245591797,3.0532524559179706,test
img16071,8426,images/img16071.jpg,87.0,85.72946006404507,1.270539935954929,test
img16072,8426,images/img16072.jpg,87.0,83.84693776517423,3.153062234825768,test
img16079,8430,images/img16079.jpg,52.0,55.902290857797425,3.902290857797425,test
img16080,8430,images/img16080.jpg,52.0,57.2135777570784,5.213577757078404,test
img16082,8432,images/img16082.jpg,50.0,53.2094331470422,3.2094331470421977,test
img16083,8432,images/img16083.jpg,50.0,53.43419432459121,3.4341943245912105,test
img16087,8434,images/img16087.jpg,67.0,58.850174594588,8.149825405412003,test
img16088,8435,images/img16088.jpg,69.0,74.6095764612505,5.609576461250498,test
img16089,8435,images/img16089.jpg,69.0,63.83209000380202,5.167909996197977,test
img16110,8446,images/img16110.jpg,61.0,68.07734782482835,7.077347824828351,test
img16111,8446,images/img16111.jpg,61.0,65.99812466423143,4.998124664231426,test
img16118,8450,images/img16118.jpg,59.0,59.67730758835682,0.6773075883568183,test
img16119,8450,images/img16119.jpg,59.0,63.75529085304696,4.755290853046958,test
img16124,8453,images/img16124.jpg,54.0,58.70095536661776,4.700955366617762,test
img16125,8453,images/img16125.jpg,54.0,59.53227044241707,5.532270442417072,test
img16130,8456,images/img16130.jpg,63.0,67.02959838213368,4.029598382133685,test
img16131,8456,images/img16131.jpg,63.0,63.20584949663106,0.2058494966310604,test
img16150,8466,images/img16150.jpg,72.0,74.59280069157472,2.5928006915747233,test
img16151,8466,images/img16151.jpg,72.0,75.4207495982735,3.4207495982735026,test
img16154,8468,images/img16154.jpg,66.0,70.35186168786188,4.351861687861884,test
img16155,8468,images/img16155.jpg,66.0,68.36543038940513,2.365430389405134,test
img16161,8472,images/img16161.jpg,68.0,79.01584764411889,11.015847644118892,test
img16162,8472,images/img16162.jpg,68.0,71.49028557254164,3.4902855725416373,test
img16239,8511,images/img16239.jpg,34.0,43.28753929893014,9.287539298930142,test
img16240,8511,images/img16240.jpg,34.0,37.668603107396834,3.6686031073968337,test
img16243,8513,images/img16243.jpg,29.0,33.053815934679704,4.0538159346797045,test
img16244,8513,images/img16244.jpg,29.0,30.127247906143644,1.1272479061436442,test
img16247,8515,images/img16247.jpg,20.0,29.84647897512855,9.846478975128552,test
img16248,8515,images/img16248.jpg,20.0,27.39694394985537,7.396943949855366,test
img16261,8522,images/img16261.jpg,33.0,31.49287539043644,1.507124609563558,test
img16262,8522,images/img16262.jpg,33.0,28.40768243690593,4.592317563094074,test
img16263,8523,images/img16263.jpg,19.0,21.6174917148373,2.6174917148373,test
img16264,8523,images/img16264.jpg,19.0,22.4640017204902,3.4640017204902023,test
img16265,8524,images/img16265.jpg,20.0,27.596970628095963,7.5969706280959635,test
img16266,8524,images/img16266.jpg,20.0,21.40436244285825,1.4043624428582504,test
