image_id,patient_id,image_path,age_true,age_pred,absolute_error,split
img00001,1,images/img00001.jpg,48.0,41.62418389139377,6.37581610860623,validation
img00002,1,images/img00002.jpg,48.0,42.205918768027125,5.794081231972875,validation
img00015,8,images/img00015.jpg,28.0,24.615900433796163,3.3840995662038367,validation
img00016,8,images/img00016.jpg,28.0,30.42368236541403,2.4236823654140345,validation
img00029,15,images/img00029.jpg,26.0,22.97000351806645,3.029996481933551,validation
img00030,15,images/img00030.jpg,26.0,24.10534424705296,1.8946557529470385,validation
img00047,24,images/img00047.jpg,13.0,19.442262663155027,6.442262663155027,validation
img00048,24,images/img00048.jpg,13.0,19.07117591976634,6.07117591976634,validation
img00070,36,images/img00070.jpg,39.0,33.998803699963666,5.001196300036334,validation
img00071,36,images/img00071.jpg,39.0,34.6328911491979,4.367108850802097,validation
img00074,38,images/img00074.jpg,37.0,27.96119743186297,9.03880256813703,validation
img00075,38,images/img00075.jpg,37.0,31.889192315575208,5.110807684424792,validation
img00094,48,images/img00094.jpg,20.0,22.65430887855458,2.6543088785545805,validation
img00095,48,images/img00095.jpg,20.0,21.3907799805294,1.390779980529402,validation
img00096,49,images/img00096.jpg,20.0,24.45594932651555,4.455949326515551,validation
img00097,49,images/img00097.jpg,20.0,20.878969591788596,0.8789695917885965,validation
img00118,60,images/img00118.jpg,20.0,24.55201465586948,4.552014655869478,validation
img00119,60,images/img00119.jpg,20.0,27.80083843628053,7.800838436280529,validation
img00130,66,images/img00130.jpg,27.0,28.05624631229362,1.05624631229362,validation
img00131,66,images/img00131.jpg,27.0,24.232782076113928,2.767217923886072,validation
img00132,67,images/img00132.jpg,18.0,21.59973439577208,3.5997343957720815,validation
img00133,67,images/img00133.jpg,18.0,21.578138127983763,3.578138127983763,validation
img00160,81,images/img00160.jpg,28.0,31.223016926190077,3.223016926190077,validation
img00161,81,images/img00161.jpg,28.0,27.536409030768144,0.4635909692318556,validation
img00177,90,images/img00177.jpg,25.0,24.19725653187916,0.8027434681208376,validation
img00178,90,images/img00178.jpg,25.0,21.35309284641703,3.6469071535829656,validation
img00191,97,images/img00191.jpg,19.0,26.44699390710262,7.44699390710262,validation
img00192,97,images/img00192.jpg,19.0,25.953209127593475,6.953209127593475,validation
img00197,100,images/img00197.jpg,15.0,21.68930186816798,6.689301868167981,validation
img00198,100,images/img00198.jpg,15.0,24.416909835466623,9.416909835466626,validation
img00209,106,images/img00209.jpg,24.0,23.668620205382663,0.3313797946173338,validation
img00210,106,images/img00210.jpg,24.0,24.82006925046015,0.8200692504601506,validation
img00223,113,images/img00223.jpg,16.0,20.505568573061716,4.505568573061716,validation
img00224,113,images/img00224.jpg,16.0,18.3879041212382,2.3879041212382006,validation
img00227,115,images/img00227.jpg,18.0,24.655941105222304,6.655941105222304,validation
img00228,115,images/img00228.jpg,18.0,22.658422661106727,4.6584226611067265,validation
img00253,128,images/img00253.jpg,18.0,26.432316471899348,8.432316471899348,validation
img00254,128,images/img00254.jpg,18.0,22.68773826953769,4.6877382695376895,validation
img00255,129,images/img00255.jpg,47.0,51.294827270462186,4.294827270462186,validation
img00256,129,images/img00256.jpg,47.0,50.1356605206577,3.1356605206577015,validation
img00269,136,images/img00269.jpg,17.0,21.996782029900757,4.996782029900757,validation
img00270,136,images/img00270.jpg,17.0,22.525752083189666,5.525752083189666,validation
img00271,137,images/img00271.jpg,17.0,20.25049224262017,3.250492242620169,validation
img00272,137,images/img00272.jpg,17.0,21.37226577782389,4.372265777823891,validation
img00275,139,images/img00275.jpg,15.0,22.370990100347832,7.370990100347832,validation
img00276,139,images/img00276.jpg,15.0,20.259064440621188,5.259064440621188,validation
img00277,140,images/img00277.jpg,18.0,23.38233060435725,5.38233060435725,validation
img00278,140,images/img00278.jpg,18.0,19.524686637216742,1.524686637216746,validation
img00281,142,images/img00281.jpg,16.0,21.68695705573768,5.686957055737679,validation
img00282,142,images/img00282.jpg,16.0,21.62956259110642,5.629562591106421,validation
img00283,143,images/img00283.jpg,14.0,21.557488510051023,7.557488510051023,validation
img00284,143,images/img00284.jpg,14.0,21.905735689758117,7.905735689758117,validation
img00285,144,images/img00285.jpg,24.0,27.211193362178808,3.2111933621788076,validation
img00286,144,images/img00286.jpg,24.0,24.48810488451327,0.4881048845132696,validation
img00295,149,images/img00295.jpg,17.0,21.197571798714044,4.197571798714044,validation
img00296,149,images/img00296.jpg,17.0,21.907306168781204,4.907306168781204,validation
img00319,161,images/img00319.jpg,17.0,20.629488092866794,3.6294880928667936,validation
img00320,161,images/img00320.jpg,17.0,23.090616307039586,6.090616307039582,validation
img00329,166,images/img00329.jpg,66.0,44.35085720555159,21.64914279444841,validation
img00330,166,images/img00330.jpg,66.0,54.729765357129104,11.270234642870896,validation
img00334,169,images/img00334.jpg,68.0,49.75435530281983,18.24564469718017,validation
img00335,169,images/img00335.jpg,68.0,70.77413950374063,2.774139503740628,validation
img00342,173,images/img00342.jpg,41.0,74.00013135474312,33.00013135474312,validation
img00343,173,images/img00343.jpg,41.0,66.71518739110111,25.71518739110111,validation
img00357,181,images/img00357.jpg,28.0,36.65535839757192,8.655358397571923,validation
img00358,181,images/img00358.jpg,28.0,35.07269289350928,7.072692893509277,validation
img00366,186,images/img00366.jpg,68.0,65.67446693264519,2.3255330673548116,validation
img00367,186,images/img00367.jpg,68.0,71.27360418238328,3.2736041823832807,validation
img00370,188,images/img00370.jpg,83.0,79.62856567253482,3.371434327465181,validation
img00371,188,images/img00371.jpg,83.0,85.35640367821493,2.3564036782149316,validation
img00375,191,images/img00375.jpg,61.0,63.09625950730123,2.0962595073012267,validation
img00376,191,images/img00376.jpg,61.0,74.44987074131726,13.449870741317255,validation
img00388,198,images/img00388.jpg,64.0,59.86993883725328,4.1300611627467205,validation
img00389,198,images/img00389.jpg,64.0,55.22050515231015,8.779494847689847,validation
img00405,208,images/img00405.jpg,53.0,45.55403935650419,7.445960643495809,validation
img00406,208,images/img00406.jpg,53.0,41.45333322344876,11.54666677655124,validation
img00418,215,images/img00418.jpg,66.0,56.70007416155926,9.299925838440744,validation
img00419,215,images/img00419.jpg,66.0,69.56613576406507,3.5661357640650664,validation
img00439,226,images/img00439.jpg,65.0,59.51595013892324,5.4840498610767625,validation
img00440,226,images/img00440.jpg,65.0,59.13429401717865,5.865705982821353,validation
img00453,233,images/img00453.jpg,78.0,60.59441389792881,17.40558610207119,validation
img00454,233,images/img00454.jpg,78.0,70.0642524482129,7.935747551787102,validation
img00457,235,images/img00457.jpg,54.0,57.79968192583934,3.7996819258393377,validation
img00458,235,images/img00458.jpg,54.0,56.176958232420475,2.176958232420475,validation
img00467,240,images/img00467.jpg,65.0,66.65706330809037,1.6570633080903718,validation
img00472,243,images/img00472.jpg,77.0,66.61818195555419,10.381818044445808,validation
img00473,243,images/img00473.jpg,77.0,79.46688485710794,2.4668848571079423,validation
img00474,244,images/img00474.jpg,42.0,39.52920849901214,2.4707915009878576,validation
img00475,244,images/img00475.jpg,42.0,49.19612199040073,7.1961219904007265,validation
img00498,257,images/img00498.jpg,59.0,63.86410160122263,4.864101601222629,validation
img00499,257,images/img00499.jpg,59.0,43.83103192074088,15.168968079259123,validation
img00516,268,images/img00516.jpg,84.0,75.9008483074627,8.099151692537305,validation
img00517,268,images/img00517.jpg,84.0,79.81230081213174,4.187699187868262,validation
img00542,281,images/img00542.jpg,85.0,77.64067077487738,7.359329225122622,validation
img00543,281,images/img00543.jpg,85.0,76.08421482073337,8.915785179266635,validation
img00550,285,images/img00550.jpg,63.0,53.06759653374351,9.932403466256488,validation
img00551,285,images/img00551.jpg,63.0,56.88909174095012,6.110908259049879,validation
img00560,290,images/img00560.jpg,62.0,55.39982086578117,6.600179134218827,validation
img00561,290,images/img00561.jpg,62.0,71.81171136987734,9.811711369877344,validation
img00568,294,images/img00568.jpg,65.0,58.68132260658721,6.318677393412791,validation
img00569,294,images/img00569.jpg,65.0,55.6720661309595,9.3279338690405,validation
img00572,296,images/img00572.jpg,65.0,73.41549763557964,8.41549763557964,validation
img00573,296,images/img00573.jpg,65.0,59.27810299944487,5.721897000555131,validation
img00577,299,images/img00577.jpg,56.0,48.46160840599741,7.53839159400259,validation
img00578,299,images/img00578.jpg,56.0,55.21080253659564,0.7891974634043635,validation
img00589,305,images/img00589.jpg,59.0,58.54411815661196,0.4558818433880418,validation
img00590,305,images/img00590.jpg,59.0,54.46616836002948,4.533831639970522,validation
img00598,310,images/img00598.jpg,78.0,74.57037665046798,3.4296233495320223,validation
img00599,310,images/img00599.jpg,78.0,61.989805231540416,16.010194768459584,validation
img00600,311,images/img00600.jpg,27.0,30.30162124578628,3.3016212457862792,validation
img00601,311,images/img00601.jpg,27.0,28.42057781466217,1.4205778146621704,validation
img00602,312,images/img00602.jpg,60.0,60.285153314664655,0.2851533146646545,validation
img00603,312,images/img00603.jpg,60.0,68.17254175644655,8.172541756446549,validation
img00621,322,images/img00621.jpg,45.0,29.12969271800355,15.870307281996446,validation
img00622,322,images/img00622.jpg,45.0,43.02797292533717,1.972027074662833,validation
img00641,332,images/img00641.jpg,17.0,22.08546828906704,5.0854682890670375,validation
img00642,332,images/img00642.jpg,17.0,16.784148392628012,0.215851607371988,validation
img00661,342,images/img00661.jpg,70.0,60.087210247655726,9.912789752344274,validation
img00662,342,images/img00662.jpg,70.0,69.39441042655302,0.6055895734469772,validation
img00667,345,images/img00667.jpg,60.0,62.032552252755295,2.032552252755295,validation
img00668,345,images/img00668.jpg,60.0,62.79573089646648,2.7957308964664804,validation
img00686,355,images/img00686.jpg,22.0,29.00520389955261,7.005203899552608,validation
img00732,379,images/img00732.jpg,49.0,48.23406726245545,0.7659327375445528,validation
img00733,379,images/img00733.jpg,49.0,59.64529980807273,10.645299808072728,validation
img00772,400,images/img00772.jpg,90.0,84.60265008986315,5.397349910136853,validation
img00773,400,images/img00773.jpg,90.0,85.33210051533264,4.667899484667359,validation
img00776,402,images/img00776.jpg,55.0,51.220368569695694,3.779631430304306,validation
img00777,402,images/img00777.jpg,55.0,49.079785484934206,5.920214515065794,validation
img00782,405,images/img00782.jpg,63.0,50.790279256592726,12.209720743407274,validation
img00783,405,images/img00783.jpg,63.0,71.34019685540392,8.340196855403917,validation
img00792,410,images/img00792.jpg,60.0,66.86458248000362,6.8645824800036195,validation
img00793,410,images/img00793.jpg,60.0,60.29641550329793,0.2964155032979292,validation
img00800,414,images/img00800.jpg,50.0,54.09663873568608,4.096638735686078,validation
img00801,414,images/img00801.jpg,50.0,57.01047252415733,7.010472524157329,validation
img00810,419,images/img00810.jpg,55.0,70.92657303330864,15.926573033308642,validation
img00811,419,images/img00811.jpg,55.0,53.94282994636243,1.05717005363757,validation
img00823,426,images/img00823.jpg,66.0,60.51089222446658,5.489107775533419,validation
img00824,426,images/img00824.jpg,66.0,57.79183989152301,8.208160108476989,validation
img00825,427,images/img00825.jpg,69.0,74.29932833023953,5.299328330239533,validation
img00826,427,images/img00826.jpg,69.0,66.75037920854346,2.249620791456536,validation
img00829,429,images/img00829.jpg,60.0,73.28961283577485,13.289612835774848,validation
img00839,435,images/img00839.jpg,63.0,56.47925370031935,6.520746299680653,validation
img00840,435,images/img00840.jpg,63.0,58.999129758507216,4.000870241492784,validation
img00866,449,images/img00866.jpg,64.0,69.96629600036867,5.966296000368672,validation
img00867,449,images/img00867.jpg,64.0,71.27060282247248,7.270602822472483,validation
img00901,466,images/img00901.jpg,71.0,64.05613737682283,6.943862623177168,validation
img00912,472,images/img00912.jpg,76.0,53.27082578951973,22.729174210480267,validation
img00913,472,images/img00913.jpg,76.0,49.76416207183067,26.23583792816933,validation
img00954,494,images/img00954.jpg,45.0,41.23365156399005,3.766348436009956,validation
img00955,494,images/img00955.jpg,45.0,43.88716563971194,1.112834360288062,validation
img00996,516,images/img00996.jpg,38.0,33.940281544144995,4.0597184558550055,validation
img00997,516,images/img00997.jpg,38.0,39.15891353879759,1.1589135387975915,validation
img01052,547,images/img01052.jpg,66.0,66.49822898589284,0.4982289858928368,validation
img01053,547,images/img01053.jpg,66.0,71.8770040352622,5.877004035262203,validation
img01058,550,images/img01058.jpg,79.0,74.96708946719382,4.032910532806184,validation
img01059,550,images/img01059.jpg,79.0,72.79310043957352,6.2068995604264785,validation
img01066,554,images/img01066.jpg,88.0,78.95825032594715,9.041749674052852,validation
img01067,554,images/img01067.jpg,88.0,74.31762659207936,13.682373407920636,validation
img01089,566,images/img01089.jpg,54.0,53.305937174442676,0.6940628255573245,validation
img01090,566,images/img01090.jpg,54.0,41.14258123041789,12.857418769582113,validation
img01110,577,images/img01110.jpg,70.0,69.68141655863273,0.3185834413672666,validation
img01111,577,images/img01111.jpg,70.0,63.01000694531551,6.98999305468449,validation
img01113,579,images/img01113.jpg,67.0,61.282640884957914,5.717359115042086,validation
img01114,579,images/img01114.jpg,67.0,64.00277108182475,2.997228918175253,validation
img01123,584,images/img01123.jpg,50.0,50.3587470658873,0.3587470658873002,validation
img01124,584,images/img01124.jpg,50.0,49.35790532320827,0.6420946767917286,validation
img01189,619,images/img01189.jpg,87.0,79.21327212586706,7.786727874132936,validation
img01212,631,images/img01212.jpg,30.0,28.747531916281233,1.2524680837187674,validation
img01213,631,images/img01213.jpg,30.0,25.344751023527685,4.655248976472315,validation
img01229,640,images/img01229.jpg,47.0,48.80662192577155,1.8066219257715517,validation
img01247,650,images/img01247.jpg,43.0,49.696591121251885,6.696591121251885,validation
img01248,650,images/img01248.jpg,43.0,41.864718022325704,1.1352819776742962,validation
img01276,666,images/img01276.jpg,79.0,79.27457533828913,0.2745753382891251,validation
img01277,666,images/img01277.jpg,79.0,82.3494642044515,3.3494642044514933,validation
img01303,681,images/img01303.jpg,59.0,63.50636174830932,4.506361748309317,validation
img01305,682,images/img01305.jpg,71.0,71.31588278641732,0.315882786417319,validation
img01335,698,images/img01335.jpg,18.0,18.807370343421457,0.8073703434214536,validation
img01336,698,images/img01336.jpg,18.0,24.586820397218652,6.586820397218652,validation
img01345,703,images/img01345.jpg,41.0,54.52797270794536,13.52797270794536,validation
img01350,706,images/img01350.jpg,65.0,54.32570646118121,10.674293538818787,validation
img01424,745,images/img01424.jpg,74.0,75.59022718768375,1.5902271876837517,validation
img01425,745,images/img01425.jpg,74.0,72.12471765467261,1.875282345327392,validation
img01437,753,images/img01437.jpg,86.0,83.4282458763982,2.5717541236018064,validation
img01438,753,images/img01438.jpg,86.0,68.90612886728728,17.09387113271272,validation
img01439,754,images/img01439.jpg,67.0,74.9417676741674,7.941767674167394,validation
img01440,754,images/img01440.jpg,67.0,66.89260026201967,0.1073997379803302,validation
img01475,773,images/img01475.jpg,65.0,64.08302637704105,0.9169736229589488,validation
img01476,773,images/img01476.jpg,65.0,73.10130803846491,8.101308038464907,validation
img01490,780,images/img01490.jpg,59.0,64.58922121266389,5.589221212663887,validation
img01549,811,images/img01549.jpg,42.0,46.88566596994714,4.885665969947141,validation
img01550,811,images/img01550.jpg,42.0,51.12191589410459,9.121915894104587,validation
img01650,864,images/img01650.jpg,51.0,63.73123362281725,12.73123362281725,validation
img01678,881,images/img01678.jpg,76.0,28.875582668405375,47.12441733159463,validation
img01679,881,images/img01679.jpg,76.0,33.38162289365714,42.61837710634286,validation
img01698,891,images/img01698.jpg,21.0,31.903581829624247,10.903581829624247,validation
img01699,891,images/img01699.jpg,21.0,29.85753122125353,8.85753122125353,validation
img01724,904,images/img01724.jpg,13.0,23.764565567588996,10.764565567588996,validation
img01725,904,images/img01725.jpg,13.0,21.89850494258932,8.89850494258932,validation
img01765,928,images/img01765.jpg,82.0,77.71756971648703,4.282430283512966,validation
img01766,928,images/img01766.jpg,82.0,63.49202458356105,18.507975416438953,validation
img01790,941,images/img01790.jpg,77.0,72.80998636090301,4.190013639096989,validation
img01791,941,images/img01791.jpg,77.0,71.91071698495782,5.089283015042184,validation
img01794,943,images/img01794.jpg,62.0,66.54952039454271,4.549520394542711,validation
img01795,943,images/img01795.jpg,62.0,70.00758651135068,8.00758651135068,validation
img01827,961,images/img01827.jpg,41.0,29.420235699716503,11.579764300283497,validation
img01828,961,images/img01828.jpg,41.0,28.07395128205807,12.926048717941931,validation
img01854,975,images/img01854.jpg,53.0,53.96113011677052,0.9611301167705192,validation
img01855,975,images/img01855.jpg,53.0,58.787334848392575,5.787334848392575,validation
img01862,979,images/img01862.jpg,55.0,50.13523463728373,4.86476536271627,validation
img01883,993,images/img01883.jpg,69.0,51.57870335060004,17.421296649399963,validation
img01884,993,images/img01884.jpg,69.0,54.35064844912445,14.64935155087555,validation
img01892,998,images/img01892.jpg,71.0,70.39487100088583,0.6051289991141715,validation
img01893,998,images/img01893.jpg,71.0,70.92761456627187,0.0723854337281295,validation
img01911,1008,images/img01911.jpg,81.0,64.6058344813852,16.3941655186148,validation
img01912,1008,images/img01912.jpg,81.0,77.78948456841925,3.210515431580746,validation
img01918,1012,images/img01918.jpg,58.0,53.853475960958725,4.1465240390412745,validation
img01919,1012,images/img01919.jpg,58.0,52.51383363348804,5.486166366511959,validation
img01932,1019,images/img01932.jpg,59.0,44.19757518106694,14.802424818933062,validation
img01933,1019,images/img01933.jpg,59.0,41.432714142608134,17.567285857391866,validation
img01939,1023,images/img01939.jpg,32.0,41.40611197293373,9.40611197293373,validation
img01940,1023,images/img01940.jpg,32.0,34.106957355353636,2.106957355353636,validation
img01947,1027,images/img01947.jpg,59.0,63.13493637038127,4.1349363703812685,validation
img01948,1027,images/img01948.jpg,59.0,55.12338765654128,3.876612343458724,validation
img01951,1029,images/img01951.jpg,33.0,23.903127623063504,9.096872376936496,validation
img01952,1029,images/img01952.jpg,33.0,33.57294650064479,0.5729465006447896,validation
img01979,1045,images/img01979.jpg,55.0,45.686227884610005,9.313772115389996,validation
img01980,1045,images/img01980.jpg,55.0,61.24590912558458,6.245909125584582,validation
img02010,1061,images/img02010.jpg,76.0,77.72660651453239,1.726606514532392,validation
img02027,1070,images/img02027.jpg,37.0,40.02514941534673,3.025149415346732,validation
img02028,1070,images/img02028.jpg,37.0,37.804925049042566,0.8049250490425663,validation
img02087,1103,images/img02087.jpg,69.0,64.22988688729797,4.770113112702035,validation
img02088,1103,images/img02088.jpg,69.0,65.6542257483195,3.3457742516804956,validation
img02097,1108,images/img02097.jpg,55.0,60.33751570275943,5.337515702759433,validation
img02098,1108,images/img02098.jpg,55.0,62.88184604153767,7.8818460415376705,validation
img02121,1121,images/img02121.jpg,36.0,43.40022662188885,7.400226621888848,validation
img02122,1121,images/img02122.jpg,36.0,42.960028985990405,6.960028985990405,validation
img02171,1146,images/img02171.jpg,49.0,47.28674231901421,1.713257680985791,validation
img02172,1146,images/img02172.jpg,49.0,53.308996064053794,4.308996064053794,validation
img02179,1150,images/img02179.jpg,34.0,31.376598868543724,2.6234011314562764,validation
img02180,1150,images/img02180.jpg,34.0,46.27260003680319,12.27260003680319,validation
img02187,1154,images/img02187.jpg,45.0,52.30876778974316,7.308767789743158,validation
img02188,1154,images/img02188.jpg,45.0,46.58619743245298,1.5861974324529768,validation
img02189,1155,images/img02189.jpg,40.0,39.473497936888975,0.5265020631110247,validation
img02206,1164,images/img02206.jpg,56.0,52.803930555534016,3.1960694444659836,validation
img02207,1164,images/img02207.jpg,56.0,51.32188204346617,4.678117956533832,validation
img02219,1171,images/img02219.jpg,77.0,77.14824489596738,0.1482448959673803,validation
img02220,1171,images/img02220.jpg,77.0,73.46364372374161,3.536356276258388,validation
img02226,1175,images/img02226.jpg,76.0,52.862863871485814,23.137136128514182,validation
img02227,1175,images/img02227.jpg,76.0,67.20911831240824,8.790881687591764,validation
img02232,1178,images/img02232.jpg,89.0,82.44587852914388,6.554121470856117,validation
img02233,1178,images/img02233.jpg,89.0,82.53649953121777,6.463500468782229,validation
img02247,1186,images/img02247.jpg,40.0,40.45404178349981,0.4540417834998109,validation
img02248,1186,images/img02248.jpg,40.0,42.4101203030041,2.410120303004099,validation
img02257,1191,images/img02257.jpg,79.0,69.47829581859456,9.52170418140544,validation
img02258,1191,images/img02258.jpg,79.0,62.620298574093695,16.379701425906305,validation
img02279,1202,images/img02279.jpg,35.0,28.09319619375349,6.906803806246511,validation
img02280,1202,images/img02280.jpg,35.0,39.9286969192892,4.928696919289202,validation
img02286,1206,images/img02286.jpg,31.0,33.16197177129054,2.1619717712905384,validation
img02297,1212,images/img02297.jpg,51.0,58.92836550058149,7.928365500581492,validation
img02298,1212,images/img02298.jpg,51.0,64.73514161672782,13.735141616727816,validation
img02338,1233,images/img02338.jpg,19.0,24.633328388510705,5.633328388510705,validation
img02375,1252,images/img02375.jpg,29.0,36.12212623871203,7.122126238712028,validation
img02376,1252,images/img02376.jpg,29.0,23.83171008948859,5.168289910511412,validation
img02383,1256,images/img02383.jpg,18.0,25.781158788172498,7.781158788172494,validation
img02408,1269,images/img02408.jpg,63.0,60.67021677605361,2.329783223946393,validation
img02426,1278,images/img02426.jpg,75.0,74.38273712552198,0.6172628744780155,validation
img02445,1288,images/img02445.jpg,63.0,61.74309006598116,1.256909934018843,validation
img02446,1288,images/img02446.jpg,63.0,71.52636187504491,8.526361875044913,validation
img02453,1292,images/img02453.jpg,63.0,72.20099058589389,9.20099058589389,validation
img02454,1292,images/img02454.jpg,63.0,74.45439786522338,11.454397865223385,validation
img02457,1294,images/img02457.jpg,61.0,55.630128615338286,5.369871384661714,validation
img02458,1294,images/img02458.jpg,61.0,46.134481859774795,14.865518140225204,validation
img02479,1305,images/img02479.jpg,80.0,80.69969780290656,0.6996978029065559,validation
img02480,1305,images/img02480.jpg,80.0,80.35084424379889,0.350844243798889,validation
img02487,1309,images/img02487.jpg,44.0,48.08304171095605,4.083041710956053,validation
img02488,1309,images/img02488.jpg,44.0,43.25894240277432,0.7410575972256765,validation
img02555,1345,images/img02555.jpg,78.0,75.15500382596885,2.844996174031152,validation
img02556,1345,images/img02556.jpg,78.0,79.75690870825491,1.7569087082549115,validation
img02569,1352,images/img02569.jpg,73.0,67.53609749806725,5.4639025019327505,validation
img02570,1352,images/img02570.jpg,73.0,62.29539754661419,10.70460245338581,validation
img02571,1353,images/img02571.jpg,82.0,59.244828202490595,22.755171797509405,validation
img02572,1353,images/img02572.jpg,82.0,77.13938259559126,4.8606174044087425,validation
img02614,1377,images/img02614.jpg,63.0,55.19364014552146,7.806359854478544,validation
img02615,1377,images/img02615.jpg,63.0,54.43626354931224,8.563736450687756,validation
img02634,1387,images/img02634.jpg,75.0,71.66764718476986,3.332352815230138,validation
img02635,1387,images/img02635.jpg,75.0,73.35164457596593,1.6483554240340652,validation
img02636,1388,images/img02636.jpg,52.0,58.85143793044798,6.851437930447979,validation
img02637,1388,images/img02637.jpg,52.0,45.837619881214785,6.162380118785215,validation
img02642,1391,images/img02642.jpg,64.0,66.2024597989864,2.2024597989863963,validation
img02643,1391,images/img02643.jpg,64.0,63.582015758110046,0.417984241889954,validation
img02655,1398,images/img02655.jpg,64.0,65.99163607746208,1.9916360774620756,validation
img02666,1405,images/img02666.jpg,68.0,61.83511577429236,6.164884225707638,validation
img02669,1407,images/img02669.jpg,62.0,72.30630101988582,10.306301019885822,validation
img02670,1407,images/img02670.jpg,62.0,67.98833874497399,5.988338744973987,validation
img02759,1455,images/img02759.jpg,59.0,55.79535146079796,3.20464853920204,validation
img02775,1465,images/img02775.jpg,67.0,73.12467763881679,6.124677638816792,validation
img02776,1465,images/img02776.jpg,67.0,66.75669384294879,0.243306157051208,validation
img02845,1502,images/img02845.jpg,68.0,65.47841989187351,2.5215801081264857,validation
img02847,1502,images/img02847.jpg,68.0,64.78895887913981,3.211041120860187,validation
img02872,1518,images/img02872.jpg,89.0,87.32569276189051,1.674307238109492,validation
img02873,1518,images/img02873.jpg,89.0,78.97539254072834,10.024607459271664,validation
img02949,1559,images/img02949.jpg,59.0,59.70741170813063,0.7074117081306284,validation
img02950,1559,images/img02950.jpg,59.0,52.544296018789,6.455703981211002,validation
img02960,1565,images/img02960.jpg,52.0,44.23562439784297,7.764375602157031,validation
img02961,1565,images/img02961.jpg,52.0,49.77612061522522,2.223879384774783,validation
img02962,1566,images/img02962.jpg,44.0,45.24526573079824,1.2452657307982378,validation
img02963,1566,images/img02963.jpg,44.0,33.760400621817226,10.239599378182774,validation
img03013,1594,images/img03013.jpg,64.0,62.73063126912819,1.269368730871804,validation
img03014,1594,images/img03014.jpg,64.0,54.82235409307619,9.177645906923807,validation
img03027,1601,images/img03027.jpg,56.0,53.092512074383755,2.9074879256162447,validation
img03035,1606,images/img03035.jpg,61.0,58.21807894081963,2.7819210591803696,validation
img03036,1606,images/img03036.jpg,61.0,55.86293413543889,5.137065864561109,validation
img03043,1610,images/img03043.jpg,69.0,70.76933972722632,1.769339727226324,validation
img03044,1610,images/img03044.jpg,69.0,58.0731225000519,10.926877499948098,validation
img03090,1638,images/img03090.jpg,73.0,76.97161617394991,3.9716161739499114,validation
img03091,1638,images/img03091.jpg,73.0,70.04973533274323,2.950264667256775,validation
img03095,1640,images/img03095.jpg,54.0,63.73781818330467,9.737818183304668,validation
img03098,1642,images/img03098.jpg,68.0,61.047657688475816,6.952342311524184,validation
img03099,1642,images/img03099.jpg,68.0,61.459626236586864,6.540373763413136,validation
img03107,1647,images/img03107.jpg,88.0,57.41326324466145,30.58673675533855,validation
img03108,1647,images/img03108.jpg,88.0,51.942283422380456,36.057716577619544,validation
img03120,1655,images/img03120.jpg,72.0,73.36764383101365,1.3676438310136518,validation
img03121,1655,images/img03121.jpg,72.0,74.68579704317102,2.6857970431710214,validation
img03124,1657,images/img03124.jpg,47.0,61.27859035781086,14.278590357810865,validation
img03125,1657,images/img03125.jpg,47.0,49.88485556597582,2.884855565975819,validation
img03136,1664,images/img03136.jpg,76.0,77.78281003257113,1.782810032571135,validation
img03137,1664,images/img03137.jpg,76.0,66.36376544442443,9.63623455557557,validation
img03142,1667,images/img03142.jpg,71.0,68.67688691677553,2.32311308322447,validation
img03143,1667,images/img03143.jpg,71.0,63.32692197790158,7.673078022098423,validation
img03180,1688,images/img03180.jpg,66.0,62.89790255363309,3.102097446366912,validation
img03181,1688,images/img03181.jpg,66.0,61.15619114894897,4.84380885105103,validation
img03214,1706,images/img03214.jpg,69.0,76.37409689252411,7.374096892524108,validation
img03215,1706,images/img03215.jpg,69.0,82.24557701707424,13.24557701707424,validation
img03237,1718,images/img03237.jpg,81.0,65.81774587824113,15.182254121758874,validation
img03238,1718,images/img03238.jpg,81.0,63.941977729779985,17.058022270220015,validation
img03243,1721,images/img03243.jpg,70.0,69.92113600357143,0.0788639964285664,validation
img03244,1721,images/img03244.jpg,70.0,63.64690926007655,6.353090739923452,validation
img03263,1732,images/img03263.jpg,56.0,54.175643918693886,1.8243560813061137,validation
img03264,1732,images/img03264.jpg,56.0,57.12242361691081,1.1224236169108082,validation
img03290,1746,images/img03290.jpg,61.0,60.01988304850865,0.9801169514913468,validation
img03291,1746,images/img03291.jpg,61.0,47.26274016461136,13.737259835388642,validation
img03314,1758,images/img03314.jpg,47.0,49.5707935702817,2.570793570281701,validation
img03315,1758,images/img03315.jpg,47.0,60.9695697088419,13.969569708841902,validation
img03358,1783,images/img03358.jpg,60.0,55.040041026053494,4.959958973946506,validation
img03361,1784,images/img03361.jpg,62.0,60.53895363089995,1.4610463691000533,validation
img03368,1788,images/img03368.jpg,77.0,74.45466506477939,2.545334935220609,validation
img03369,1788,images/img03369.jpg,77.0,78.48648715229508,1.4864871522950835,validation
img03370,1789,images/img03370.jpg,61.0,63.54074651403147,2.5407465140314756,validation
img03371,1789,images/img03371.jpg,61.0,68.79584852155355,7.795848521553552,validation
img03412,1811,images/img03412.jpg,71.0,61.04125335136239,9.958746648637607,validation
img03413,1811,images/img03413.jpg,71.0,61.3082816815359,9.691718318464098,validation
img03432,1822,images/img03432.jpg,77.0,75.5887046955197,1.411295304480305,validation
img03433,1822,images/img03433.jpg,77.0,77.4384105264706,0.4384105264706051,validation
img03437,1825,images/img03437.jpg,57.0,52.47644696254988,4.523553037450121,validation
img03438,1825,images/img03438.jpg,57.0,61.435817120230595,4.435817120230595,validation
img03474,1847,images/img03474.jpg,31.0,31.21688987677917,0.2168898767791702,validation
img03475,1847,images/img03475.jpg,31.0,25.23679149679473,5.76320850320527,validation
img03487,1854,images/img03487.jpg,75.0,67.41810435535346,7.581895644646536,validation
img03488,1854,images/img03488.jpg,75.0,72.25586792164648,2.744132078353516,validation
img03493,1857,images/img03493.jpg,73.0,79.33286192225432,6.332861922254324,validation
img03494,1857,images/img03494.jpg,73.0,72.69415153623554,0.3058484637644625,validation
img03515,1870,images/img03515.jpg,65.0,59.20637491454925,5.793625085450749,validation
img03516,1870,images/img03516.jpg,65.0,62.172494475732385,2.8275055242676146,validation
img03517,1871,images/img03517.jpg,67.0,67.00496040184856,0.0049604018485638,validation
img03518,1871,images/img03518.jpg,67.0,62.253457031814285,4.7465429681857145,validation
img03540,1883,images/img03540.jpg,65.0,60.533203387393534,4.4667966126064655,validation
img03541,1883,images/img03541.jpg,65.0,59.92130331680214,5.078696683197862,validation
img03632,1930,images/img03632.jpg,79.0,73.60893702680674,5.391062973193257,validation
img03633,1930,images/img03633.jpg,79.0,57.36370243027881,21.636297569721187,validation
img03653,1941,images/img03653.jpg,73.0,61.01605534262008,11.983944657379922,validation
img03701,1965,images/img03701.jpg,66.0,62.99612892755941,3.003871072440589,validation
img03702,1965,images/img03702.jpg,66.0,47.30621189645877,18.69378810354123,validation
img03736,1984,images/img03736.jpg,69.0,58.00315670528922,10.99684329471078,validation
img03737,1984,images/img03737.jpg,69.0,60.257994933669565,8.742005066330435,validation
img03743,1988,images/img03743.jpg,60.0,53.41456088292914,6.585439117070862,validation
img03744,1988,images/img03744.jpg,60.0,69.40690773150133,9.406907731501336,validation
img03757,1995,images/img03757.jpg,70.0,80.44765773190964,10.447657731909644,validation
img03758,1995,images/img03758.jpg,70.0,76.92253870447843,6.922538704478427,validation
img03759,1996,images/img03759.jpg,84.0,86.34394488136196,2.343944881361963,validation
img03796,2017,images/img03796.jpg,37.0,40.41550397324993,3.4155039732499333,validation
img03797,2017,images/img03797.jpg,37.0,36.11367182663774,0.8863281733622586,validation
img03814,2026,images/img03814.jpg,16.0,36.11280588195417,20.112805881954177,validation
img03815,2026,images/img03815.jpg,16.0,22.05309897142451,6.053098971424511,validation
img03858,2048,images/img03858.jpg,23.0,34.079670282327484,11.079670282327484,validation
img03859,2048,images/img03859.jpg,23.0,24.39727884767803,1.397278847678031,validation
img03874,2056,images/img03874.jpg,29.0,29.51866547248852,0.5186654724885216,validation
img03875,2056,images/img03875.jpg,29.0,30.411519877868567,1.4115198778685674,validation
img03894,2066,images/img03894.jpg,38.0,34.82528573563047,3.174714264369527,validation
img03895,2066,images/img03895.jpg,38.0,26.56398586943919,11.43601413056081,validation
img03933,2086,images/img03933.jpg,38.0,43.13815184430066,5.138151844300658,validation
img03934,2086,images/img03934.jpg,38.0,41.871128630449114,3.871128630449114,validation
img03947,2093,images/img03947.jpg,63.0,62.00659463384661,0.9934053661533896,validation
img04017,2132,images/img04017.jpg,71.0,70.32051754402609,0.6794824559739112,validation
img04024,2136,images/img04024.jpg,45.0,38.78122423984934,6.218775760150663,validation
img04025,2136,images/img04025.jpg,45.0,43.35860783716659,1.6413921628334125,validation
img04033,2141,images/img04033.jpg,68.0,59.20211580815695,8.797884191843053,validation
img04034,2141,images/img04034.jpg,68.0,72.75559979984514,4.755599799845143,validation
img04053,2151,images/img04053.jpg,46.0,40.7398035290758,5.2601964709242,validation
img04054,2151,images/img04054.jpg,46.0,36.176992668360285,9.823007331639715,validation
img04096,2173,images/img04096.jpg,72.0,69.54707189370147,2.452928106298529,validation
img04097,2173,images/img04097.jpg,72.0,75.9440495679228,3.944049567922803,validation
img04119,2185,images/img04119.jpg,49.0,54.65073590803917,5.650735908039167,validation
img04120,2185,images/img04120.jpg,49.0,59.45385568863226,10.45385568863226,validation
img04180,2216,images/img04180.jpg,50.0,59.60095095278482,9.60095095278482,validation
img04181,2216,images/img04181.jpg,50.0,51.09010551430882,1.0901055143088172,validation
img04197,2226,images/img04197.jpg,47.0,51.558192240192255,4.558192240192255,validation
img04199,2228,images/img04199.jpg,64.0,50.61535461337636,13.38464538662364,validation
img04200,2228,images/img04200.jpg,64.0,50.58984523535552,13.41015476464448,validation
img04203,2230,images/img04203.jpg,22.0,33.266179598135004,11.266179598135004,validation
img04204,2230,images/img04204.jpg,22.0,23.263907761132977,1.2639077611329768,validation
img04215,2236,images/img04215.jpg,72.0,61.82717067729014,10.17282932270986,validation
img04216,2236,images/img04216.jpg,72.0,52.92259360570609,19.07740639429391,validation
img04219,2238,images/img04219.jpg,63.0,63.1113873646132,0.1113873646132006,validation
img04220,2238,images/img04220.jpg,63.0,72.08061554999509,9.080615549995088,validation
img04278,2269,images/img04278.jpg,54.0,57.43748447543497,3.437484475434971,validation
img04279,2269,images/img04279.jpg,54.0,67.12904678504985,13.129046785049852,validation
img04284,2272,images/img04284.jpg,56.0,53.3390865511972,2.660913448802802,validation
img04285,2272,images/img04285.jpg,56.0,58.161320983702154,2.1613209837021543,validation
img04304,2283,images/img04304.jpg,64.0,58.65949485673455,5.340505143265453,validation
img04305,2283,images/img04305.jpg,64.0,61.25435808460671,2.7456419153932927,validation
img04319,2292,images/img04319.jpg,73.0,56.48259880700589,16.517401192994107,validation
img04320,2292,images/img04320.jpg,73.0,59.03058841643844,13.96941158356156,validation
img04340,2303,images/img04340.jpg,77.0,71.13318808917319,5.8668119108268115,validation
img04349,2308,images/img04349.jpg,77.0,75.81620166933914,1.1837983306608637,validation
img04350,2308,images/img04350.jpg,77.0,78.70499313370735,1.7049931337073474,validation
img04351,2309,images/img04351.jpg,84.0,84.99224449229474,0.9922444922947448,validation
img04352,2309,images/img04352.jpg,84.0,78.67517148203561,5.3248285179643915,validation
img04359,2313,images/img04359.jpg,29.0,38.351388493671976,9.351388493671976,validation
img04360,2313,images/img04360.jpg,29.0,37.530030145818,8.530030145817996,validation
img04363,2315,images/img04363.jpg,43.0,52.558638091284216,9.558638091284216,validation
img04364,2315,images/img04364.jpg,43.0,59.70942442968418,16.709424429684177,validation
img04395,2332,images/img04395.jpg,63.0,50.779388420811784,12.220611579188216,validation
img04396,2332,images/img04396.jpg,63.0,63.812258888999025,0.8122588889990254,validation
img04425,2348,images/img04425.jpg,65.0,74.6293612251101,9.629361225110102,validation
img04426,2348,images/img04426.jpg,65.0,60.45768025084472,4.542319749155276,validation
img04449,2360,images/img04449.jpg,52.0,53.99328867394693,1.993288673946928,validation
img04450,2360,images/img04450.jpg,52.0,72.2997998910965,20.299799891096495,validation
img04470,2371,images/img04470.jpg,33.0,41.3443528853508,8.344352885350801,validation
img04471,2371,images/img04471.jpg,33.0,36.71385001629848,3.71385001629848,validation
img04530,2401,images/img04530.jpg,74.0,76.168730585605,2.1687305856050045,validation
img04531,2401,images/img04531.jpg,74.0,78.59591900311217,4.595919003112172,validation
img04534,2403,images/img04534.jpg,77.0,77.40788870290108,0.4078887029010758,validation
img04535,2403,images/img04535.jpg,77.0,74.09996038070028,2.9000396192997187,validation
img04562,2418,images/img04562.jpg,68.0,71.82014287913255,3.820142879132547,validation
img04563,2418,images/img04563.jpg,68.0,66.97044149104319,1.029558508956811,validation
img04590,2432,images/img04590.jpg,40.0,47.807556787487385,7.8075567874873855,validation
img04591,2432,images/img04591.jpg,40.0,45.353445560838594,5.353445560838594,validation
img04597,2436,images/img04597.jpg,29.0,27.998771142490344,1.0012288575096555,validation
img04598,2436,images/img04598.jpg,29.0,20.972194971575775,8.027805028424225,validation
img04600,2437,images/img04600.jpg,50.0,56.136115144368475,6.136115144368475,validation
img04651,2463,images/img04651.jpg,77.0,80.64030315874173,3.6403031587417303,validation
img04652,2463,images/img04652.jpg,77.0,63.23848437791395,13.761515622086051,validation
img04669,2472,images/img04669.jpg,69.0,74.10451913230898,5.10451913230898,validation
img04670,2472,images/img04670.jpg,69.0,66.0797072323443,2.9202927676556953,validation
img04687,2481,images/img04687.jpg,49.0,57.601928761372,8.601928761372001,validation
img04688,2481,images/img04688.jpg,49.0,54.34777332737124,5.347773327371243,validation
img04743,2509,images/img04743.jpg,39.0,49.28955894861184,10.28955894861184,validation
img04744,2509,images/img04744.jpg,39.0,36.69017722624629,2.3098227737537087,validation
img04747,2511,images/img04747.jpg,58.0,55.623557142176054,2.376442857823946,validation
img04748,2511,images/img04748.jpg,58.0,73.16561042957689,15.165610429576889,validation
img04763,2519,images/img04763.jpg,56.0,70.73105275737596,14.731052757375965,validation
img04764,2519,images/img04764.jpg,56.0,61.94541029796172,5.945410297961722,validation
img04841,2558,images/img04841.jpg,77.0,66.79270907126784,10.207290928732164,validation
img04842,2558,images/img04842.jpg,77.0,64.0970794377716,12.902920562228402,validation
img04899,2589,images/img04899.jpg,56.0,56.794114227339655,0.7941142273396551,validation
img04900,2589,images/img04900.jpg,56.0,71.76827453756377,15.76827453756377,validation
img04909,2594,images/img04909.jpg,60.0,64.46815527505596,4.468155275055963,validation
img04910,2594,images/img04910.jpg,60.0,62.82824144816004,2.828241448160042,validation
img04937,2608,images/img04937.jpg,42.0,39.332023951559165,2.667976048440835,validation
img04938,2608,images/img04938.jpg,42.0,33.259670835072654,8.740329164927346,validation
img04948,2614,images/img04948.jpg,70.0,76.28234601804193,6.282346018041935,validation
img04949,2614,images/img04949.jpg,70.0,75.5316657698895,5.5316657698895,validation
img04954,2617,images/img04954.jpg,42.0,49.28439054577128,7.284390545771281,validation
img04957,2619,images/img04957.jpg,89.0,81.77452055898256,7.225479441017441,validation
img04958,2619,images/img04958.jpg,89.0,70.68304190490765,18.316958095092343,validation
img04961,2621,images/img04961.jpg,60.0,55.99220350839528,4.007796491604722,validation
img05037,2660,images/img05037.jpg,68.0,66.22134699045989,1.7786530095401076,validation
img05038,2660,images/img05038.jpg,68.0,71.18292755917732,3.1829275591773154,validation
img05041,2662,images/img05041.jpg,57.0,60.73822724263676,3.7382272426367606,validation
img05042,2662,images/img05042.jpg,57.0,56.98081149895338,0.0191885010466208,validation
img05049,2666,images/img05049.jpg,49.0,51.655009545439526,2.655009545439526,validation
img05050,2666,images/img05050.jpg,49.0,61.59327291084119,12.593272910841192,validation
img05055,2669,images/img05055.jpg,50.0,48.937406292945255,1.062593707054745,validation
img05056,2669,images/img05056.jpg,50.0,47.34835962724088,2.6516403727591182,validation
img05082,2683,images/img05082.jpg,31.0,28.21733819808684,2.782661801913161,validation
img05083,2683,images/img05083.jpg,31.0,38.55193648369941,7.551936483699407,validation
img05084,2684,images/img05084.jpg,71.0,74.022780061599,3.0227800615989935,validation
img05085,2684,images/img05085.jpg,71.0,74.26530237534973,3.2653023753497337,validation
img05100,2692,images/img05100.jpg,13.0,39.0838577288192,26.083857728819197,validation
img05101,2692,images/img05101.jpg,13.0,37.68164680817192,24.68164680817192,validation
img05102,2693,images/img05102.jpg,58.0,58.03257196824848,0.0325719682484759,validation
img05103,2693,images/img05103.jpg,58.0,52.26439194184704,5.7356080581529625,validation
img05115,2700,images/img05115.jpg,55.0,54.889978483566175,0.1100215164338251,validation
img05126,2706,images/img05126.jpg,60.0,73.55595080954446,13.555950809544456,validation
img05127,2706,images/img05127.jpg,60.0,72.13706663660206,12.137066636602055,validation
img05132,2709,images/img05132.jpg,54.0,62.76703148292998,8.76703148292998,validation
img05133,2709,images/img05133.jpg,54.0,56.66162503157019,2.661625031570189,validation
img05135,2711,images/img05135.jpg,21.0,45.41820818955317,24.41820818955317,validation
img05136,2711,images/img05136.jpg,21.0,42.57071596105044,21.57071596105044,validation
img05143,2715,images/img05143.jpg,36.0,41.02374177400832,5.023741774008322,validation
img05144,2715,images/img05144.jpg,36.0,49.62052649662324,13.620526496623242,validation
img05153,2720,images/img05153.jpg,23.0,39.22577995503685,16.22577995503685,validation
img05154,2720,images/img05154.jpg,23.0,35.755277607464805,12.755277607464803,validation
img05175,2731,images/img05175.jpg,34.0,35.09039350083199,1.0903935008319934,validation
img05176,2731,images/img05176.jpg,34.0,30.333602306114766,3.6663976938852336,validation
img05186,2737,images/img05186.jpg,28.0,28.589777298412077,0.589777298412077,validation
img05187,2737,images/img05187.jpg,28.0,36.58119470692748,8.581194706927477,validation
img05198,2743,images/img05198.jpg,74.0,78.23387560143144,4.233875601431436,validation
img05199,2743,images/img05199.jpg,74.0,77.75058903794746,3.750589037947464,validation
img05210,2749,images/img05210.jpg,63.0,61.726114714596186,1.2738852854038143,validation
img05211,2749,images/img05211.jpg,63.0,58.41562870644126,4.584371293558739,validation
img05241,2765,images/img05241.jpg,37.0,48.77744864200204,11.777448642002042,validation
img05242,2765,images/img05242.jpg,37.0,37.42554530392363,0.4255453039236272,validation
img05243,2766,images/img05243.jpg,47.0,66.71766634861463,19.717666348614628,validation
img05244,2766,images/img05244.jpg,47.0,65.38157804789151,18.38157804789151,validation
img05271,2780,images/img05271.jpg,75.0,60.17936901043972,14.82063098956028,validation
img05272,2780,images/img05272.jpg,75.0,76.4646480955303,1.4646480955302934,validation
img05273,2781,images/img05273.jpg,74.0,78.3330840700524,4.333084070052394,validation
img05274,2781,images/img05274.jpg,74.0,66.17991579073207,7.820084209267932,validation
img05295,2792,images/img05295.jpg,59.0,58.671125399041465,0.3288746009585352,validation
img05296,2792,images/img05296.jpg,59.0,64.69474540630061,5.694745406300612,validation
img05299,2794,images/img05299.jpg,35.0,44.03792399165532,9.03792399165532,validation
img05300,2794,images/img05300.jpg,35.0,40.90731474787589,5.907314747875887,validation
img05304,2796,images/img05304.jpg,66.0,72.43923334430673,6.439233344306729,validation
img05305,2797,images/img05305.jpg,27.0,55.96085391150732,28.96085391150732,validation
img05306,2797,images/img05306.jpg,27.0,31.41658282822736,4.416582828227362,validation
img05313,2801,images/img05313.jpg,64.0,54.99777550934465,9.002224490655351,validation
img05314,2801,images/img05314.jpg,64.0,57.661564498605614,6.338435501394386,validation
img05336,2813,images/img05336.jpg,69.0,60.80639257590136,8.193607424098637,validation
img05339,2814,images/img05339.jpg,75.0,66.15027190856085,8.849728091439147,validation
img05342,2816,images/img05342.jpg,73.0,70.04327128470862,2.9567287152913764,validation
img05343,2816,images/img05343.jpg,73.0,72.36909836860067,0.6309016313993254,validation
img05358,2824,images/img05358.jpg,24.0,23.211868193726275,0.788131806273725,validation
img05439,2865,images/img05439.jpg,58.0,67.00992704175908,9.009927041759084,validation
img05440,2865,images/img05440.jpg,58.0,57.00482711557876,0.9951728844212367,validation
img05445,2868,images/img05445.jpg,67.0,62.82936859404224,4.170631405957764,validation
img05446,2868,images/img05446.jpg,67.0,63.52534709472175,3.474652905278248,validation
img05450,2871,images/img05450.jpg,67.0,80.80353264098304,13.803532640983036,validation
img05451,2871,images/img05451.jpg,67.0,71.0845108737305,4.084510873730494,validation
img05457,2874,images/img05457.jpg,69.0,71.03709004150627,2.037090041506275,validation
img05460,2876,images/img05460.jpg,69.0,60.039467412701256,8.960532587298744,validation
img05461,2876,images/img05461.jpg,69.0,65.20285044609632,3.797149553903679,validation
img05477,2885,images/img05477.jpg,69.0,77.85735543686704,8.857355436867039,validation
img05478,2885,images/img05478.jpg,69.0,68.8589894125547,0.1410105874452938,validation
img05489,2892,images/img05489.jpg,56.0,58.43061805622829,2.4306180562282904,validation
img05504,2900,images/img05504.jpg,76.0,70.67321550490902,5.326784495090976,validation
img05505,2900,images/img05505.jpg,76.0,64.87266322984952,11.127336770150478,validation
img05522,2909,images/img05522.jpg,68.0,59.38435326697717,8.615646733022828,validation
img05523,2909,images/img05523.jpg,68.0,65.30321114463943,2.696788855360566,validation
img05546,2921,images/img05546.jpg,82.0,75.12124288941419,6.878757110585809,validation
img05547,2921,images/img05547.jpg,82.0,80.76259330656035,1.2374066934396524,validation
img05552,2924,images/img05552.jpg,38.0,49.84445717432775,11.84445717432775,validation
img05560,2928,images/img05560.jpg,57.0,48.009610910522376,8.990389089477624,validation
img05561,2928,images/img05561.jpg,57.0,51.05353571058475,5.946464289415253,validation
img05563,2929,images/img05563.jpg,79.0,81.5614676297338,2.561467629733798,validation
img05603,2951,images/img05603.jpg,66.0,59.039792077879994,6.960207922120006,validation
img05650,2975,images/img05650.jpg,53.0,46.034675736636714,6.965324263363286,validation
img05651,2975,images/img05651.jpg,53.0,51.029426131054265,1.9705738689457348,validation
img05689,2996,images/img05689.jpg,48.0,60.14297643091096,12.142976430910965,validation
img05690,2996,images/img05690.jpg,48.0,42.36580989173394,5.634190108266061,validation
img05697,3000,images/img05697.jpg,89.0,76.25284718705828,12.74715281294172,validation
img05698,3000,images/img05698.jpg,89.0,80.562368137221,8.437631862779,validation
img05706,3004,images/img05706.jpg,46.0,39.55550638837583,6.444493611624168,validation
img05707,3005,images/img05707.jpg,35.0,33.61063799719889,1.389362002801107,validation
img05708,3005,images/img05708.jpg,35.0,28.776638127509123,6.223361872490877,validation
img05725,3014,images/img05725.jpg,84.0,78.4553131436868,5.544686856313206,validation
img05726,3014,images/img05726.jpg,84.0,73.72131134457126,10.278688655428738,validation
img05731,3017,images/img05731.jpg,73.0,76.20184588078351,3.201845880783509,validation
img05732,3017,images/img05732.jpg,73.0,66.51260977505842,6.487390224941578,validation
img05735,3019,images/img05735.jpg,87.0,81.0103123790229,5.989687620977094,validation
img05736,3019,images/img05736.jpg,87.0,66.56699851733715,20.43300148266285,validation
img05743,3023,images/img05743.jpg,82.0,82.25130490306678,0.2513049030667815,validation
img05744,3023,images/img05744.jpg,82.0,80.40029470203835,1.5997052979616484,validation
img05747,3025,images/img05747.jpg,55.0,52.67767440287688,2.3223255971231183,validation
img05748,3025,images/img05748.jpg,55.0,61.86862805166836,6.8686280516683595,validation
img05753,3028,images/img05753.jpg,73.0,54.79471257165942,18.205287428340583,validation
img05754,3028,images/img05754.jpg,73.0,76.16768578081047,3.167685780810473,validation
img05757,3030,images/img05757.jpg,31.0,37.23358914288501,6.233589142885009,validation
img05769,3036,images/img05769.jpg,65.0,52.38927719719027,12.610722802809732,validation
img05770,3036,images/img05770.jpg,65.0,43.45917084394497,21.540829156055032,validation
img05771,3037,images/img05771.jpg,75.0,68.9157316921472,6.0842683078527955,validation
img05772,3037,images/img05772.jpg,75.0,67.77137052427183,7.2286294757281695,validation
img05804,3054,images/img05804.jpg,67.0,58.196899558869205,8.803100441130795,validation
img05805,3054,images/img05805.jpg,67.0,66.53544388568785,0.4645561143121455,validation
img05931,3120,images/img05931.jpg,39.0,50.09603264528034,11.09603264528034,validation
img05932,3120,images/img05932.jpg,39.0,56.908627095836394,17.908627095836394,validation
img05983,3147,images/img05983.jpg,81.0,70.68349123640593,10.316508763594072,validation
img05989,3151,images/img05989.jpg,60.0,58.562187253934624,1.4378127460653758,validation
img05990,3151,images/img05990.jpg,60.0,66.72953000890155,6.729530008901548,validation
img06001,3157,images/img06001.jpg,62.0,56.30559723254676,5.694402767453241,validation
img06002,3157,images/img06002.jpg,62.0,50.76637416651838,11.233625833481618,validation
img06020,3168,images/img06020.jpg,68.0,73.33417517805496,5.334175178054963,validation
img06021,3168,images/img06021.jpg,68.0,70.2780142742429,2.2780142742429064,validation
img06043,3180,images/img06043.jpg,54.0,53.15717436693852,0.8428256330614801,validation
img06044,3180,images/img06044.jpg,54.0,68.50313195324823,14.503131953248229,validation
img06065,3191,images/img06065.jpg,51.0,46.28966154641235,4.710338453587653,validation
img06066,3191,images/img06066.jpg,51.0,41.8654683623034,9.134531637696597,validation
img06166,3243,images/img06166.jpg,51.0,57.1963969278716,6.1963969278715965,validation
img06182,3252,images/img06182.jpg,66.0,59.07753237925096,6.922467620749039,validation
img06183,3252,images/img06183.jpg,66.0,66.63045895719509,0.6304589571950885,validation
img06198,3260,images/img06198.jpg,50.0,63.7636171183954,13.763617118395402,validation
img06199,3261,images/img06199.jpg,51.0,47.8012236127047,3.198776387295297,validation
img06200,3261,images/img06200.jpg,51.0,46.44513351664586,4.5548664833541395,validation
img06201,3262,images/img06201.jpg,32.0,25.738352328689025,6.261647671310975,validation
img06202,3262,images/img06202.jpg,32.0,39.888988884045034,7.888988884045034,validation
img06216,3271,images/img06216.jpg,67.0,66.11328058390454,0.8867194160954597,validation
img06239,3283,images/img06239.jpg,38.0,51.61613419126073,13.616134191260729,validation
img06244,3286,images/img06244.jpg,51.0,64.29799278229399,13.297992782293989,validation
img06245,3286,images/img06245.jpg,51.0,60.90429367526613,9.904293675266132,validation
img06282,3305,images/img06282.jpg,58.0,60.032876035898624,2.0328760358986244,validation
img06283,3305,images/img06283.jpg,58.0,60.75792366705132,2.7579236670513225,validation
img06299,3314,images/img06299.jpg,83.0,64.0438423801098,18.95615761989021,validation
img06310,3320,images/img06310.jpg,44.0,49.12563747405099,5.12563747405099,validation
img06311,3320,images/img06311.jpg,44.0,48.42317420373864,4.42317420373864,validation
img06337,3334,images/img06337.jpg,53.0,68.02641195517954,15.02641195517954,validation
img06338,3334,images/img06338.jpg,53.0,53.695629459160614,0.6956294591606138,validation
img06392,3362,images/img06392.jpg,40.0,49.272884605706295,9.272884605706295,validation
img06393,3362,images/img06393.jpg,40.0,50.185384176810565,10.185384176810564,validation
img06462,3398,images/img06462.jpg,67.0,71.39590523630622,4.39590523630622,validation
img06463,3398,images/img06463.jpg,67.0,71.5869627343483,4.586962734348305,validation
img06473,3404,images/img06473.jpg,42.0,49.37957357128515,7.37957357128515,validation
img06474,3404,images/img06474.jpg,42.0,38.8829105753734,3.1170894246265988,validation
img06499,3417,images/img06499.jpg,64.0,61.40081997675048,2.5991800232495237,validation
img06558,3448,images/img06558.jpg,36.0,47.30154408380681,11.30154408380681,validation
img06559,3448,images/img06559.jpg,36.0,66.11755577680073,30.117555776800728,validation
img06572,3455,images/img06572.jpg,87.0,80.73320135539909,6.266798644600911,validation
img06573,3455,images/img06573.jpg,87.0,83.41402649757666,3.585973502423343,validation
img06587,3464,images/img06587.jpg,55.0,55.42599769738683,0.4259976973868333,validation
img06588,3464,images/img06588.jpg,55.0,55.133459989192474,0.1334599891924739,validation
img06616,3481,images/img06616.jpg,57.0,57.67450547751057,0.6745054775105714,validation
img06617,3481,images/img06617.jpg,57.0,65.35108076305671,8.351080763056714,validation
img06639,3493,images/img06639.jpg,86.0,83.2622353375535,2.7377646624464944,validation
img06640,3493,images/img06640.jpg,86.0,82.90555337675991,3.0944466232400885,validation
img06656,3502,images/img06656.jpg,73.0,75.88359485041738,2.8835948504173814,validation
img06657,3502,images/img06657.jpg,73.0,67.140371683783,5.859628316216998,validation
img06692,3521,images/img06692.jpg,75.0,82.71990530646403,7.719905306464028,validation
img06695,3523,images/img06695.jpg,85.0,81.33329883988782,3.666701160112183,validation
img06755,3555,images/img06755.jpg,49.0,55.6836527761965,6.683652776196503,validation
img06756,3555,images/img06756.jpg,49.0,62.680533533596915,13.680533533596916,validation
img06774,3565,images/img06774.jpg,58.0,44.60836232542677,13.391637674573232,validation
img06782,3569,images/img06782.jpg,25.0,39.41142148167013,14.411421481670132,validation
img06783,3569,images/img06783.jpg,25.0,34.12852744849157,9.128527448491567,validation
img06834,3595,images/img06834.jpg,67.0,62.06536381292829,4.93463618707171,validation
img06835,3595,images/img06835.jpg,67.0,69.24798506985876,2.247985069858757,validation
img06906,3632,images/img06906.jpg,87.0,85.6742097395245,1.3257902604755003,validation
img06907,3632,images/img06907.jpg,87.0,80.2970378874912,6.7029621125088,validation
img06908,3633,images/img06908.jpg,82.0,72.95825266800767,9.041747331992326,validation
img06909,3633,images/img06909.jpg,82.0,75.1481417051263,6.8518582948736935,validation
img06910,3634,images/img06910.jpg,51.0,60.49728822258169,9.497288222581687,validation
img06911,3634,images/img06911.jpg,51.0,56.95034924997873,5.9503492499787285,validation
img06924,3641,images/img06924.jpg,72.0,49.33822743917107,22.66177256082893,validation
img06925,3641,images/img06925.jpg,72.0,68.87192841472825,3.128071585271755,validation
img06939,3649,images/img06939.jpg,70.0,72.39940425130453,2.3994042513045315,validation
img06971,3667,images/img06971.jpg,59.0,55.15068836219783,3.849311637802167,validation
img06997,3681,images/img06997.jpg,75.0,60.79521954467096,14.204780455329036,validation
img06998,3681,images/img06998.jpg,75.0,58.6774801133802,16.3225198866198,validation
img07005,3685,images/img07005.jpg,78.0,80.13467653115433,2.1346765311543265,validation
img07006,3685,images/img07006.jpg,78.0,81.76997053225733,3.769970532257332,validation
img07103,3737,images/img07103.jpg,80.0,82.90038824575063,2.9003882457506336,validation
img07104,3737,images/img07104.jpg,80.0,79.29866037908486,0.7013396209151352,validation
img07129,3750,images/img07129.jpg,53.0,48.18689508940989,4.813104910590113,validation
img07130,3750,images/img07130.jpg,53.0,49.6322718256782,3.3677281743217975,validation
img07135,3753,images/img07135.jpg,34.0,34.67438015127867,0.6743801512786689,validation
img07136,3753,images/img07136.jpg,34.0,31.744830393819605,2.255169606180395,validation
img07139,3755,images/img07139.jpg,80.0,78.01587130081822,1.984128699181781,validation
img07140,3755,images/img07140.jpg,80.0,82.81778104913623,2.8177810491362294,validation
img07151,3761,images/img07151.jpg,56.0,54.12364688509406,1.876353114905939,validation
img07152,3761,images/img07152.jpg,56.0,53.14270332975964,2.857296670240359,validation
img07163,3768,images/img07163.jpg,37.0,33.25489832381916,3.7451016761808376,validation
img07164,3768,images/img07164.jpg,37.0,39.28495756772557,2.28495756772557,validation
img07167,3770,images/img07167.jpg,44.0,48.94165422058062,4.941654220580617,validation
img07168,3770,images/img07168.jpg,44.0,54.520522202774366,10.520522202774366,validation
img07179,3776,images/img07179.jpg,28.0,34.54897740128512,6.548977401285121,validation
img07180,3776,images/img07180.jpg,28.0,31.33417630393257,3.3341763039325656,validation
img07277,3827,images/img07277.jpg,16.0,19.686227854508232,3.686227854508232,validation
img07281,3829,images/img07281.jpg,22.0,23.990302296170057,1.9903022961700572,validation
img07282,3829,images/img07282.jpg,22.0,22.121687461536993,0.1216874615369931,validation
img07303,3840,images/img07303.jpg,34.0,34.09674924170356,0.0967492417035629,validation
img07319,3848,images/img07319.jpg,22.0,20.739805519355244,1.2601944806447565,validation
img07320,3848,images/img07320.jpg,22.0,27.937417761988385,5.937417761988385,validation
img07321,3849,images/img07321.jpg,29.0,31.274251623097445,2.274251623097445,validation
img07341,3859,images/img07341.jpg,39.0,47.45556881399614,8.455568813996138,validation
img07342,3859,images/img07342.jpg,39.0,57.295855691586866,18.295855691586866,validation
img07373,3875,images/img07373.jpg,57.0,53.15755117284302,3.8424488271569786,validation
img07374,3875,images/img07374.jpg,57.0,61.76569514841973,4.765695148419724,validation
img07398,3888,images/img07398.jpg,41.0,49.88234116362323,8.88234116362323,validation
img07399,3888,images/img07399.jpg,41.0,56.76070869345976,15.760708693459762,validation
img07436,3908,images/img07436.jpg,83.0,61.686250722060144,21.313749277939856,validation
img07437,3908,images/img07437.jpg,83.0,58.890035724271655,24.109964275728345,validation
img07444,3912,images/img07444.jpg,73.0,75.42262217638644,2.42262217638644,validation
img07493,3937,images/img07493.jpg,71.0,81.12523218153734,10.125232181537342,validation
img07498,3940,images/img07498.jpg,72.0,76.33281074398383,4.332810743983828,validation
img07499,3940,images/img07499.jpg,72.0,72.25472605252344,0.2547260525234378,validation
img07502,3942,images/img07502.jpg,35.0,26.214606636102957,8.785393363897043,validation
img07503,3942,images/img07503.jpg,35.0,34.620678493572534,0.3793215064274662,validation
img07504,3943,images/img07504.jpg,69.0,55.42095485107233,13.57904514892767,validation
img07505,3943,images/img07505.jpg,69.0,71.13610001902849,2.13610001902849,validation
img07542,3963,images/img07542.jpg,54.0,78.34068998721006,24.340689987210055,validation
img07583,3985,images/img07583.jpg,80.0,67.31159970293773,12.688400297062271,validation
img07584,3985,images/img07584.jpg,80.0,64.5124585973583,15.487541402641696,validation
img07611,3999,images/img07611.jpg,47.0,61.72452787641661,14.724527876416609,validation
img07612,3999,images/img07612.jpg,47.0,52.186087203389626,5.186087203389626,validation
img07647,4017,images/img07647.jpg,59.0,73.02337192633375,14.023371926333752,validation
img07648,4017,images/img07648.jpg,59.0,61.93902422857305,2.9390242285730466,validation
img07655,4021,images/img07655.jpg,84.0,74.11963717412706,9.880362825872936,validation
img07673,4030,images/img07673.jpg,78.0,78.94946436830132,0.9494643683013207,validation
img07674,4030,images/img07674.jpg,78.0,69.27679463504896,8.723205364951042,validation
img07692,4040,images/img07692.jpg,57.0,50.87258599003293,6.127414009967069,validation
img07715,4052,images/img07715.jpg,82.0,67.21310231231888,14.78689768768112,validation
img07716,4052,images/img07716.jpg,82.0,64.2595951154847,17.7404048845153,validation
img07721,4055,images/img07721.jpg,65.0,69.53144562742175,4.531445627421746,validation
img07722,4055,images/img07722.jpg,65.0,64.36733052177374,0.6326694782262621,validation
img07732,4062,images/img07732.jpg,59.0,71.92770869549929,12.927708695499293,validation
img07733,4062,images/img07733.jpg,59.0,54.4302553764385,4.569744623561498,validation
img07778,4087,images/img07778.jpg,49.0,56.03404164214081,7.0340416421408065,validation
img07779,4087,images/img07779.jpg,49.0,55.62776035478368,6.627760354783682,validation
img07823,4110,images/img07823.jpg,65.0,56.714489032300854,8.285510967699146,validation
img07824,4110,images/img07824.jpg,65.0,59.00977275306733,5.990227246932669,validation
img07828,4113,images/img07828.jpg,54.0,72.39510070253709,18.395100702537093,validation
img07829,4113,images/img07829.jpg,54.0,63.056255916629794,9.056255916629794,validation
img07832,4115,images/img07832.jpg,75.0,26.399929704489896,48.60007029551011,validation
img07833,4115,images/img07833.jpg,75.0,21.25241641615365,53.74758358384635,validation
img07861,4130,images/img07861.jpg,64.0,37.90968908720771,26.09031091279229,validation
img07878,4138,images/img07878.jpg,45.0,41.18198062290959,3.818019377090408,validation
img07893,4146,images/img07893.jpg,27.0,23.969794457593572,3.030205542406428,validation
img07904,4152,images/img07904.jpg,77.0,72.33281812194647,4.667181878053526,validation
img07905,4152,images/img07905.jpg,77.0,72.20231567756963,4.797684322430371,validation
img07935,4168,images/img07935.jpg,71.0,64.0642842367551,6.9357157632449,validation
img07936,4168,images/img07936.jpg,71.0,74.3889045275189,3.3889045275189034,validation
img07957,4179,images/img07957.jpg,80.0,89.03152090211793,9.031520902117933,validation
img07969,4186,images/img07969.jpg,43.0,38.12353161840974,4.876468381590257,validation
img07970,4186,images/img07970.jpg,43.0,45.416892913371335,2.416892913371335,validation
img07981,4192,images/img07981.jpg,34.0,40.093921128011914,6.093921128011914,validation
img07982,4192,images/img07982.jpg,34.0,51.76888290724379,17.768882907243793,validation
img08001,4203,images/img08001.jpg,83.0,61.047765386256046,21.95223461374395,validation
img08002,4203,images/img08002.jpg,83.0,59.19156933262013,23.808430667379863,validation
img08003,4204,images/img08003.jpg,63.0,52.89554728493296,10.10445271506704,validation
img08004,4204,images/img08004.jpg,63.0,57.908811677566575,5.091188322433425,validation
img08049,4227,images/img08049.jpg,61.0,58.0385761876594,2.9614238123405983,validation
img08050,4227,images/img08050.jpg,61.0,40.68620002630861,20.31379997369139,validation
img08057,4231,images/img08057.jpg,66.0,71.55185380329883,5.551853803298826,validation
img08058,4231,images/img08058.jpg,66.0,69.31177160223606,3.311771602236064,validation
img08106,4256,images/img08106.jpg,54.0,38.5242938716722,15.4757061283278,validation
img08107,4256,images/img08107.jpg,54.0,44.0957427037449,9.904257296255103,validation
img08117,4262,images/img08117.jpg,71.0,69.3772463995632,1.6227536004367948,validation
img08118,4262,images/img08118.jpg,71.0,72.63590094241461,1.635900942414608,validation
img08125,4266,images/img08125.jpg,77.0,69.39358810628677,7.606411893713229,validation
img08126,4266,images/img08126.jpg,77.0,62.7229037489073,14.2770962510927,validation
img08135,4271,images/img08135.jpg,27.0,30.177330918434084,3.177330918434084,validation
img08136,4271,images/img08136.jpg,27.0,33.27040244173042,6.270402441730418,validation
img08141,4274,images/img08141.jpg,68.0,76.32156436920182,8.321564369201823,validation
img08142,4274,images/img08142.jpg,68.0,72.44815890008795,4.448158900087947,validation
img08161,4284,images/img08161.jpg,70.0,65.43598751176847,4.564012488231526,validation
img08162,4284,images/img08162.jpg,70.0,72.00225846223691,2.0022584622369095,validation
img08169,4288,images/img08169.jpg,61.0,63.2005076867317,2.2005076867316973,validation
img08170,4288,images/img08170.jpg,61.0,61.0636430382405,0.0636430382404995,validation
img08209,4309,images/img08209.jpg,72.0,70.9367342507101,1.0632657492898971,validation
img08210,4309,images/img08210.jpg,72.0,74.10156794047809,2.101567940478091,validation
img08244,4327,images/img08244.jpg,34.0,48.06679488734012,14.066794887340125,validation
img08261,4336,images/img08261.jpg,64.0,53.96868859237435,10.031311407625653,validation
img08315,4365,images/img08315.jpg,32.0,37.93628253199866,5.936282531998657,validation
img08316,4365,images/img08316.jpg,32.0,37.86260961604893,5.862609616048928,validation
img08317,4366,images/img08317.jpg,55.0,42.61032256952436,12.389677430475643,validation
img08318,4366,images/img08318.jpg,55.0,41.79773272954929,13.202267270450712,validation
img08323,4369,images/img08323.jpg,35.0,32.25771612444706,2.7422838755529426,validation
img08377,4399,images/img08377.jpg,38.0,38.08346477233322,0.0834647723332224,validation
img08378,4399,images/img08378.jpg,38.0,29.997729192377086,8.002270807622914,validation
img08381,4401,images/img08381.jpg,46.0,63.32808947636978,17.328089476369783,validation
img08382,4401,images/img08382.jpg,46.0,42.941619481886434,3.058380518113566,validation
img08399,4410,images/img08399.jpg,51.0,49.92967311109718,1.0703268889028197,validation
img08422,4422,images/img08422.jpg,33.0,31.52957879393852,1.4704212060614807,validation
img08432,4429,images/img08432.jpg,54.0,59.77595930035189,5.775959300351893,validation
img08433,4429,images/img08433.jpg,54.0,59.43557133207544,5.43557133207544,validation
img08442,4434,images/img08442.jpg,62.0,56.30485145950025,5.695148540499751,validation
img08456,4442,images/img08456.jpg,72.0,51.7344468828313,20.2655531171687,validation
img08457,4442,images/img08457.jpg,72.0,61.86981681704,10.130183182959996,validation
img08493,4463,images/img08493.jpg,33.0,38.03947827236158,5.039478272361578,validation
img08494,4463,images/img08494.jpg,33.0,36.14137333162832,3.1413733316283157,validation
img08524,4479,images/img08524.jpg,78.0,75.87055769330489,2.129442306695111,validation
img08525,4479,images/img08525.jpg,78.0,74.68110305586869,3.3188969441313105,validation
img08532,4483,images/img08532.jpg,54.0,62.484322355955115,8.484322355955115,validation
img08533,4483,images/img08533.jpg,54.0,60.05663171234369,6.0566317123436875,validation
img08538,4486,images/img08538.jpg,16.0,24.30199439539392,8.301994395393919,validation
img08581,4508,images/img08581.jpg,75.0,73.68844798040271,1.3115520195972863,validation
img08582,4508,images/img08582.jpg,75.0,69.75296387484913,5.247036125150871,validation
img08653,4548,images/img08653.jpg,70.0,77.298991251196,7.298991251196,validation
img08654,4548,images/img08654.jpg,70.0,77.49715080437582,7.497150804375821,validation
img08655,4549,images/img08655.jpg,64.0,59.63628291366778,4.3637170863322226,validation
img08656,4549,images/img08656.jpg,64.0,55.90552083692017,8.094479163079832,validation
img08724,4584,images/img08724.jpg,55.0,61.82293529167475,6.822935291674753,validation
img08725,4584,images/img08725.jpg,55.0,74.88906719683847,19.889067196838468,validation
img08728,4586,images/img08728.jpg,64.0,54.93490072728907,9.065099272710924,validation
img08729,4586,images/img08729.jpg,64.0,61.5727983358829,2.4272016641170993,validation
img08741,4593,images/img08741.jpg,36.0,39.86769362473614,3.867693624736141,validation
img08742,4593,images/img08742.jpg,36.0,37.02583003667657,1.0258300366765667,validation
img08778,4612,images/img08778.jpg,78.0,64.05396760736697,13.946032392633027,validation
img08779,4612,images/img08779.jpg,78.0,72.13521478008734,5.864785219912662,validation
img08857,4653,images/img08857.jpg,76.0,72.75650827833557,3.2434917216644266,validation
img08858,4653,images/img08858.jpg,76.0,71.95112955454151,4.0488704454584905,validation
img08870,4660,images/img08870.jpg,63.0,58.413290165020946,4.586709834979054,validation
img08871,4660,images/img08871.jpg,63.0,65.2575707339466,2.2575707339465936,validation
img08886,4668,images/img08886.jpg,81.0,80.73120771952811,0.2687922804718852,validation
img08887,4668,images/img08887.jpg,81.0,76.51358160442467,4.486418395575328,validation
img08890,4670,images/img08890.jpg,33.0,47.70593806981015,14.705938069810152,validation
img08891,4670,images/img08891.jpg,33.0,45.82783056197087,12.82783056197087,validation
img08903,4676,images/img08903.jpg,64.0,66.0184454631187,2.018445463118695,validation
img08926,4689,images/img08926.jpg,79.0,82.57585529929217,3.575855299292172,validation
img08934,4693,images/img08934.jpg,81.0,78.40001483230718,2.5999851676928216,validation
img08935,4693,images/img08935.jpg,81.0,79.87612769709506,1.1238723029049424,validation
img08954,4704,images/img08954.jpg,82.0,74.6771812207527,7.322818779247299,validation
img08955,4704,images/img08955.jpg,82.0,81.94372004273247,0.0562799572675345,validation
img08971,4713,images/img08971.jpg,63.0,52.67521998409809,10.324780015901908,validation
img08972,4713,images/img08972.jpg,63.0,67.40849607744137,4.40849607744137,validation
img08979,4717,images/img08979.jpg,68.0,69.16065989251248,1.1606598925124842,validation
img08980,4717,images/img08980.jpg,68.0,69.6318439520248,1.631843952024795,validation
img08993,4724,images/img08993.jpg,48.0,49.03141091388659,1.031410913886596,validation
img08994,4724,images/img08994.jpg,48.0,55.33429971751065,7.334299717510653,validation
img09017,4737,images/img09017.jpg,56.0,53.453684350981376,2.5463156490186236,validation
img09018,4737,images/img09018.jpg,56.0,57.752661347643915,1.7526613476439152,validation
img09019,4738,images/img09019.jpg,62.0,58.98191038303793,3.0180896169620723,validation
img09020,4738,images/img09020.jpg,62.0,59.51568675650374,2.48431324349626,validation
img09021,4739,images/img09021.jpg,60.0,63.40951390596993,3.40951390596993,validation
img09022,4739,images/img09022.jpg,60.0,55.777486171299905,4.2225138287000945,validation
img09066,4762,images/img09066.jpg,66.0,65.50203051713103,0.4979694828689673,validation
img09067,4762,images/img09067.jpg,66.0,65.429087764866,0.5709122351340028,validation
img09102,4782,images/img09102.jpg,70.0,72.26320445802725,2.2632044580272463,validation
img09103,4782,images/img09103.jpg,70.0,72.20336920724762,2.2033692072476185,validation
img09112,4787,images/img09112.jpg,58.0,64.42976415190928,6.429764151909282,validation
img09161,4812,images/img09161.jpg,52.0,31.065759626678233,20.934240373321767,validation
img09162,4812,images/img09162.jpg,52.0,36.62921210305838,15.37078789694162,validation
img09163,4813,images/img09163.jpg,78.0,66.99883662426896,11.00116337573104,validation
img09164,4813,images/img09164.jpg,78.0,74.58341380758047,3.4165861924195298,validation
img09168,4815,images/img09168.jpg,40.0,46.41378610097877,6.413786100978768,validation
img09190,4827,images/img09190.jpg,69.0,68.16689784745734,0.833102152542665,validation
img09191,4827,images/img09191.jpg,69.0,68.06426049963595,0.9357395003640504,validation
img09211,4838,images/img09211.jpg,77.0,78.76599097520824,1.76599097520824,validation
img09212,4838,images/img09212.jpg,77.0,74.09670818038998,2.9032918196100184,validation
img09218,4842,images/img09218.jpg,49.0,37.710015766747304,11.289984233252696,validation
img09219,4842,images/img09219.jpg,49.0,50.25004319753403,1.2500431975340334,validation
img09222,4844,images/img09222.jpg,58.0,60.92388022067959,2.9238802206795924,validation
img09223,4844,images/img09223.jpg,58.0,63.30606459868141,5.3060645986814094,validation
img09246,4856,images/img09246.jpg,58.0,54.54627505957431,3.453724940425687,validation
img09247,4856,images/img09247.jpg,58.0,52.4060709619382,5.593929038061802,validation
img09268,4867,images/img09268.jpg,31.0,43.13650502254728,12.136505022547285,validation
img09269,4867,images/img09269.jpg,31.0,33.65627786258652,2.6562778625865207,validation
img09322,4895,images/img09322.jpg,68.0,68.11870922548849,0.1187092254884873,validation
img09323,4895,images/img09323.jpg,68.0,79.4489901211282,11.448990121128205,validation
img09459,4966,images/img09459.jpg,64.0,61.86761705579725,2.132382944202753,validation
img09460,4966,images/img09460.jpg,64.0,68.20485218112572,4.204852181125716,validation
img09481,4978,images/img09481.jpg,54.0,55.236449331531006,1.2364493315310057,validation
img09497,4986,images/img09497.jpg,60.0,55.36487034589705,4.635129654102947,validation
img09498,4986,images/img09498.jpg,60.0,53.9719489722629,6.028051027737099,validation
img09511,4993,images/img09511.jpg,54.0,46.232067500071906,7.767932499928094,validation
img09512,4993,images/img09512.jpg,54.0,36.59581979282998,17.404180207170022,validation
img09545,5011,images/img09545.jpg,64.0,67.1613670252229,3.161367025222902,validation
img09575,5027,images/img09575.jpg,62.0,59.51800839346235,2.4819916065376475,validation
img09576,5027,images/img09576.jpg,62.0,63.36403926806286,1.3640392680628608,validation
img09596,5038,images/img09596.jpg,68.0,74.43127038038756,6.431270380387559,validation
img09597,5038,images/img09597.jpg,68.0,62.44738119937871,5.552618800621289,validation
img09607,5044,images/img09607.jpg,62.0,60.25488342210507,1.7451165778949331,validation
img09608,5044,images/img09608.jpg,62.0,59.907504368302405,2.092495631697595,validation
img09626,5054,images/img09626.jpg,78.0,83.05830427396384,5.0583042739638415,validation
img09636,5059,images/img09636.jpg,69.0,61.64592322009021,7.354076779909796,validation
img09637,5059,images/img09637.jpg,69.0,61.308116454055344,7.691883545944656,validation
img09701,5093,images/img09701.jpg,46.0,46.83656123521484,0.8365612352148375,validation
img09702,5093,images/img09702.jpg,46.0,49.882109954211494,3.8821099542114936,validation
img09716,5101,images/img09716.jpg,73.0,76.43159169331517,3.4315916933151698,validation
img09717,5101,images/img09717.jpg,73.0,58.04832610860143,14.95167389139857,validation
img09720,5103,images/img09720.jpg,68.0,60.10548451606604,7.894515483933958,validation
img09721,5103,images/img09721.jpg,68.0,58.73914595377113,9.260854046228872,validation
img09722,5104,images/img09722.jpg,55.0,60.266506602791566,5.266506602791566,validation
img09723,5104,images/img09723.jpg,55.0,56.993444141840065,1.9934441418400652,validation
img09730,5108,images/img09730.jpg,65.0,75.51561634676189,10.515616346761888,validation
img09731,5108,images/img09731.jpg,65.0,53.80905130824574,11.190948691754258,validation
img09767,5129,images/img09767.jpg,71.0,67.90261240252207,3.0973875974779332,validation
img09771,5131,images/img09771.jpg,32.0,39.519318843608424,7.519318843608424,validation
img09772,5131,images/img09772.jpg,32.0,48.06921931433201,16.06921931433201,validation
img09789,5140,images/img09789.jpg,80.0,72.18156899530838,7.818431004691618,validation
img09790,5140,images/img09790.jpg,80.0,81.02812422860976,1.0281242286097552,validation
img09820,5157,images/img09820.jpg,39.0,32.4087700318177,6.591229968182297,validation
img09821,5157,images/img09821.jpg,39.0,32.97702387289245,6.0229761271075475,validation
img09863,5179,images/img09863.jpg,77.0,64.29224635592409,12.707753644075908,validation
img09864,5179,images/img09864.jpg,77.0,52.97820983002683,24.021790169973173,validation
img09902,5199,images/img09902.jpg,54.0,45.089897368555825,8.910102631444175,validation
img09903,5199,images/img09903.jpg,54.0,45.4028371261147,8.597162873885303,validation
img09967,5232,images/img09967.jpg,27.0,29.659722844633045,2.6597228446330448,validation
img09968,5232,images/img09968.jpg,27.0,25.40266679994577,1.59733320005423,validation
img09992,5245,images/img09992.jpg,55.0,68.63519724237514,13.635197242375142,validation
img09993,5245,images/img09993.jpg,55.0,56.54154057518854,1.5415405751885416,validation
img09997,5248,images/img09997.jpg,48.0,52.30814396057565,4.308143960575649,validation
img10029,5264,images/img10029.jpg,80.0,77.6833158240168,2.316684175983198,validation
img10030,5265,images/img10030.jpg,84.0,79.91947509935315,4.08052490064685,validation
img10041,5271,images/img10041.jpg,45.0,62.71712460422442,17.717124604224423,validation
img10073,5289,images/img10073.jpg,65.0,73.82023625447972,8.820236254479724,validation
img10074,5289,images/img10074.jpg,65.0,66.30233463058174,1.3023346305817398,validation
img10088,5297,images/img10088.jpg,14.0,22.6671300948014,8.6671300948014,validation
img10089,5297,images/img10089.jpg,14.0,16.356267020346046,2.3562670203460456,validation
img10124,5315,images/img10124.jpg,59.0,61.43260963494802,2.4326096349480224,validation
img10125,5315,images/img10125.jpg,59.0,48.14699837856086,10.85300162143914,validation
img10136,5321,images/img10136.jpg,57.0,48.796086083686454,8.203913916313546,validation
img10137,5321,images/img10137.jpg,57.0,46.180507801255594,10.819492198744406,validation
img10188,5347,images/img10188.jpg,72.0,84.04725236456906,12.04725236456906,validation
img10189,5347,images/img10189.jpg,72.0,80.99302184122288,8.993021841222884,validation
img10196,5351,images/img10196.jpg,66.0,60.801420755591295,5.198579244408705,validation
img10197,5351,images/img10197.jpg,66.0,48.78225387156852,17.21774612843148,validation
img10200,5354,images/img10200.jpg,78.0,71.76410404326913,6.235895956730872,validation
img10201,5354,images/img10201.jpg,78.0,73.73186409111807,4.268135908881931,validation
img10208,5358,images/img10208.jpg,71.0,65.26764415720822,5.732355842791776,validation
img10209,5358,images/img10209.jpg,71.0,74.10204999028934,3.102049990289345,validation
img10214,5361,images/img10214.jpg,44.0,51.91539551277267,7.915395512772676,validation
img10215,5361,images/img10215.jpg,44.0,39.426981220713465,4.573018779286535,validation
img10234,5371,images/img10234.jpg,60.0,60.912823884765494,0.912823884765494,validation
img10235,5371,images/img10235.jpg,60.0,63.806594258411586,3.806594258411586,validation
img10244,5376,images/img10244.jpg,60.0,59.06869025516785,0.9313097448321486,validation
img10245,5376,images/img10245.jpg,60.0,63.40517273114256,3.4051727311425637,validation
img10274,5391,images/img10274.jpg,57.0,46.75931657009801,10.240683429901992,validation
img10275,5391,images/img10275.jpg,57.0,57.46725255086921,0.4672525508692118,validation
img10293,5401,images/img10293.jpg,86.0,79.9254167449905,6.0745832550095,validation
img10351,5431,images/img10351.jpg,59.0,51.45081182759907,7.549188172400932,validation
img10352,5431,images/img10352.jpg,59.0,56.522253947644074,2.4777460523559256,validation
img10362,5437,images/img10362.jpg,59.0,69.25781692290954,10.25781692290954,validation
img10363,5437,images/img10363.jpg,59.0,65.91858480945898,6.918584809458977,validation
img10423,5470,images/img10423.jpg,58.0,60.04565035589684,2.0456503558968393,validation
img10424,5470,images/img10424.jpg,58.0,60.277714533555816,2.277714533555816,validation
img10440,5479,images/img10440.jpg,68.0,61.11646184680137,6.883538153198629,validation
img10441,5479,images/img10441.jpg,68.0,59.43889960246344,8.561100397536563,validation
img10442,5480,images/img10442.jpg,59.0,67.31815863407999,8.318158634079992,validation
img10443,5480,images/img10443.jpg,59.0,60.90705564618695,1.9070556461869472,validation
img10488,5505,images/img10488.jpg,69.0,65.63772208594668,3.3622779140533225,validation
img10489,5505,images/img10489.jpg,69.0,69.88352957463108,0.8835295746310834,validation
img10496,5509,images/img10496.jpg,77.0,79.36764367017399,2.3676436701739902,validation
img10497,5509,images/img10497.jpg,77.0,71.96592586628195,5.03407413371805,validation
img10522,5522,images/img10522.jpg,17.0,41.371137186967474,24.371137186967474,validation
img10523,5522,images/img10523.jpg,17.0,28.243663352711344,11.243663352711344,validation
img10543,5533,images/img10543.jpg,50.0,41.287523356923685,8.712476643076315,validation
img10544,5533,images/img10544.jpg,50.0,45.097655971174056,4.902344028825944,validation
img10604,5564,images/img10604.jpg,72.0,67.13193472147563,4.868065278524369,validation
img10605,5564,images/img10605.jpg,72.0,58.67339604996235,13.32660395003765,validation
img10615,5570,images/img10615.jpg,74.0,82.7096121252002,8.709612125200195,validation
img10616,5570,images/img10616.jpg,74.0,80.3938491943811,6.393849194381104,validation
img10623,5574,images/img10623.jpg,35.0,31.350548547748257,3.6494514522517423,validation
img10624,5574,images/img10624.jpg,35.0,31.59144258012298,3.4085574198770203,validation
img10645,5586,images/img10645.jpg,21.0,37.74946532731891,16.749465327318916,validation
img10646,5586,images/img10646.jpg,21.0,23.321173533733173,2.321173533733173,validation
img10672,5600,images/img10672.jpg,48.0,40.3939775045293,7.606022495470697,validation
img10673,5600,images/img10673.jpg,48.0,57.662962593017184,9.662962593017184,validation
img10694,5612,images/img10694.jpg,54.0,48.517467836444645,5.482532163555355,validation
img10695,5612,images/img10695.jpg,54.0,53.024424174459874,0.975575825540126,validation
img10709,5620,images/img10709.jpg,49.0,55.89102662426959,6.891026624269593,validation
img10710,5620,images/img10710.jpg,49.0,45.61940073034632,3.380599269653679,validation
img10731,5632,images/img10731.jpg,62.0,54.45873557727802,7.54126442272198,validation
img10732,5632,images/img10732.jpg,62.0,70.62092182527151,8.620921825271509,validation
img10765,5649,images/img10765.jpg,66.0,51.43017693290717,14.569823067092829,validation
img10801,5667,images/img10801.jpg,57.0,51.00589021261139,5.994109787388609,validation
img10802,5667,images/img10802.jpg,57.0,60.42508708541089,3.425087085410887,validation
img10810,5672,images/img10810.jpg,58.0,52.81957754341196,5.18042245658804,validation
img10811,5672,images/img10811.jpg,58.0,56.02455633055501,1.975443669444992,validation
img10839,5687,images/img10839.jpg,54.0,57.821024081396835,3.821024081396835,validation
img10840,5687,images/img10840.jpg,54.0,40.01774962356087,13.982250376439133,validation
img10841,5688,images/img10841.jpg,55.0,45.91974939045967,9.080250609540329,validation
img10842,5688,images/img10842.jpg,55.0,46.36512415408214,8.634875845917861,validation
img10868,5703,images/img10868.jpg,82.0,76.62002518265616,5.379974817343836,validation
img10875,5707,images/img10875.jpg,75.0,70.01359577483485,4.9864042251651455,validation
img10886,5713,images/img10886.jpg,77.0,79.74419655305137,2.744196553051367,validation
img10887,5713,images/img10887.jpg,77.0,74.75662455650185,2.2433754434981523,validation
img10909,5725,images/img10909.jpg,53.0,63.107347743570486,10.107347743570486,validation
img10910,5725,images/img10910.jpg,53.0,69.31041379224736,16.31041379224736,validation
img10926,5735,images/img10926.jpg,71.0,65.75240631660765,5.247593683392353,validation
img10927,5735,images/img10927.jpg,71.0,71.35675995604534,0.3567599560453374,validation
img10945,5745,images/img10945.jpg,66.0,59.66582536906875,6.334174630931251,validation
img10946,5745,images/img10946.jpg,66.0,64.00461148692993,1.9953885130700684,validation
img10955,5750,images/img10955.jpg,53.0,45.87073408578285,7.12926591421715,validation
img10956,5750,images/img10956.jpg,53.0,43.716174283021104,9.283825716978896,validation
img10965,5755,images/img10965.jpg,68.0,68.12741338735187,0.127413387351865,validation
img10987,5767,images/img10987.jpg,19.0,19.00735775968648,0.007357759686478,validation
img10988,5767,images/img10988.jpg,19.0,21.83283492599473,2.8328349259947316,validation
img11032,5792,images/img11032.jpg,66.0,65.02170932341357,0.9782906765864254,validation
img11033,5792,images/img11033.jpg,66.0,70.08859051062902,4.088590510629018,validation
img11042,5797,images/img11042.jpg,57.0,41.40242134722946,15.597578652770537,validation
img11043,5797,images/img11043.jpg,57.0,53.80929124254094,3.1907087574590633,validation
img11050,5802,images/img11050.jpg,52.0,57.37992825964392,5.379928259643918,validation
img11051,5802,images/img11051.jpg,52.0,50.46055282325374,1.5394471767462576,validation
img11058,5807,images/img11058.jpg,84.0,74.93501243314725,9.06498756685275,validation
img11082,5821,images/img11082.jpg,65.0,71.28976048533329,6.289760485333289,validation
img11089,5825,images/img11089.jpg,70.0,68.95299239758039,1.0470076024196118,validation
img11090,5825,images/img11090.jpg,70.0,76.34225979277274,6.342259792772737,validation
img11134,5849,images/img11134.jpg,74.0,72.44939565231863,1.5506043476813716,validation
img11135,5849,images/img11135.jpg,74.0,76.24103587607213,2.2410358760721323,validation
img11138,5852,images/img11138.jpg,74.0,78.13152835598515,4.131528355985154,validation
img11150,5859,images/img11150.jpg,57.0,51.574277653464144,5.425722346535856,validation
img11151,5859,images/img11151.jpg,57.0,43.18827520917711,13.811724790822892,validation
img11177,5874,images/img11177.jpg,69.0,70.55153718954315,1.5515371895431542,validation
img11187,5880,images/img11187.jpg,80.0,68.63764239096525,11.362357609034746,validation
img11188,5880,images/img11188.jpg,80.0,59.44147889613677,20.558521103863228,validation
img11205,5888,images/img11205.jpg,63.0,49.18009765131307,13.81990234868693,validation
img11206,5888,images/img11206.jpg,63.0,55.75211857263531,7.247881427364689,validation
img11208,5890,images/img11208.jpg,68.0,64.91572107503772,3.084278924962277,validation
img11209,5890,images/img11209.jpg,68.0,66.22885693389946,1.7711430661005352,validation
img11214,5893,images/img11214.jpg,53.0,54.354332803818714,1.354332803818714,validation
img11215,5893,images/img11215.jpg,53.0,56.35867185741724,3.3586718574172423,validation
img11249,5913,images/img11249.jpg,66.0,67.54015456887689,1.5401545688768865,validation
img11250,5913,images/img11250.jpg,66.0,60.04970579079083,5.950294209209169,validation
img11275,5926,images/img11275.jpg,59.0,50.26371945236009,8.736280547639907,validation
img11276,5926,images/img11276.jpg,59.0,57.67510081448052,1.3248991855194774,validation
img11285,5932,images/img11285.jpg,60.0,59.6985090551685,0.3014909448314995,validation
img11286,5932,images/img11286.jpg,60.0,73.50833693927365,13.508336939273647,validation
img11301,5941,images/img11301.jpg,65.0,60.88186554437027,4.118134455629729,validation
img11302,5941,images/img11302.jpg,65.0,62.98963597834833,2.010364021651668,validation
img11318,5951,images/img11318.jpg,82.0,75.02756381568702,6.972436184312983,validation
img11319,5951,images/img11319.jpg,82.0,74.0831878828558,7.916812117144204,validation
img11320,5952,images/img11320.jpg,56.0,59.33223981071365,3.332239810713652,validation
img11321,5952,images/img11321.jpg,56.0,48.83862425300347,7.1613757469965265,validation
img11324,5954,images/img11324.jpg,47.0,53.44124048594428,6.441240485944277,validation
img11325,5954,images/img11325.jpg,47.0,62.426739215719,15.426739215719005,validation
img11351,5968,images/img11351.jpg,49.0,38.89824673927802,10.101753260721978,validation
img11363,5975,images/img11363.jpg,70.0,69.77765311382458,0.2223468861754156,validation
img11364,5975,images/img11364.jpg,70.0,63.81660442626812,6.183395573731879,validation
img11390,5989,images/img11390.jpg,62.0,58.378510461995845,3.6214895380041554,validation
img11391,5989,images/img11391.jpg,62.0,60.3110296830961,1.688970316903898,validation
img11396,5992,images/img11396.jpg,66.0,67.49328231370032,1.4932823137003195,validation
img11409,6001,images/img11409.jpg,61.0,60.45202243657248,0.5479775634275157,validation
img11410,6001,images/img11410.jpg,61.0,59.20902673381636,1.7909732661836415,validation
img11417,6005,images/img11417.jpg,77.0,75.37823433177556,1.621765668224441,validation
img11418,6005,images/img11418.jpg,77.0,76.02457369861075,0.9754263013892484,validation
img11426,6010,images/img11426.jpg,67.0,60.59618941171325,6.403810588286753,validation
img11427,6010,images/img11427.jpg,67.0,60.2492111572446,6.750788842755398,validation
img11428,6011,images/img11428.jpg,70.0,68.29817898768313,1.70182101231687,validation
img11429,6011,images/img11429.jpg,70.0,62.58739376672871,7.412606233271291,validation
img11457,6026,images/img11457.jpg,70.0,74.49204464674975,4.492044646749747,validation
img11458,6026,images/img11458.jpg,70.0,73.02324650613399,3.0232465061339866,validation
img11459,6027,images/img11459.jpg,74.0,63.46037070636237,10.539629293637631,validation
img11460,6027,images/img11460.jpg,74.0,49.35020234172212,24.649797658277883,validation
img11466,6030,images/img11466.jpg,68.0,69.92429113955323,1.9242911395532332,validation
img11475,6036,images/img11475.jpg,59.0,60.64136222318306,1.641362223183059,validation
img11476,6036,images/img11476.jpg,59.0,79.1098015516751,20.109801551675105,validation
img11509,6056,images/img11509.jpg,25.0,25.061962281991228,0.0619622819912279,validation
img11510,6056,images/img11510.jpg,25.0,32.192137719128816,7.192137719128816,validation
img11556,6080,images/img11556.jpg,83.0,82.74700479449575,0.2529952055042486,validation
img11557,6080,images/img11557.jpg,83.0,73.16437149612534,9.83562850387466,validation
img11634,6121,images/img11634.jpg,49.0,60.38135851480657,11.381358514806571,validation
img11649,6131,images/img11649.jpg,60.0,66.69071082116002,6.690710821160025,validation
img11650,6131,images/img11650.jpg,60.0,70.13540823528396,10.13540823528396,validation
img11666,6141,images/img11666.jpg,72.0,68.50771469828643,3.492285301713565,validation
img11667,6141,images/img11667.jpg,72.0,58.34496819283295,13.655031807167047,validation
img11682,6150,images/img11682.jpg,61.0,57.07974169150612,3.920258308493878,validation
img11683,6150,images/img11683.jpg,61.0,52.845343214884494,8.154656785115506,validation
img11707,6163,images/img11707.jpg,67.0,64.67550485704692,2.324495142953083,validation
img11708,6163,images/img11708.jpg,67.0,63.1409908941984,3.859009105801597,validation
img11740,6180,images/img11740.jpg,14.0,35.06760846767203,21.06760846767203,validation
img11741,6180,images/img11741.jpg,14.0,18.050552139753783,4.050552139753783,validation
img11788,6205,images/img11788.jpg,32.0,41.64602663713988,9.646026637139885,validation
img11789,6205,images/img11789.jpg,32.0,38.405528576772056,6.405528576772056,validation
img11821,6222,images/img11821.jpg,72.0,69.58283519101056,2.4171648089894404,validation
img11822,6222,images/img11822.jpg,72.0,79.35148954844485,7.351489548444846,validation
img11827,6225,images/img11827.jpg,88.0,82.6353066551995,5.3646933448005,validation
img11828,6225,images/img11828.jpg,88.0,80.9431874881111,7.056812511888893,validation
img11847,6235,images/img11847.jpg,39.0,39.13684394608149,0.1368439460814841,validation
img11848,6235,images/img11848.jpg,39.0,40.48480136014368,1.4848013601436776,validation
img11877,6251,images/img11877.jpg,72.0,69.27851234648045,2.721487653519546,validation
img11878,6251,images/img11878.jpg,72.0,75.71262857776651,3.712628577766509,validation
img11901,6263,images/img11901.jpg,63.0,64.69959371497917,1.6995937149791729,validation
img11902,6263,images/img11902.jpg,63.0,59.40485183536498,3.5951481646350203,validation
img11982,6305,images/img11982.jpg,83.0,78.26732244218147,4.732677557818533,validation
img11983,6305,images/img11983.jpg,83.0,67.45777640045334,15.54222359954666,validation
img11986,6307,images/img11986.jpg,83.0,80.06692999229588,2.933070007704117,validation
img11987,6307,images/img11987.jpg,83.0,48.18496361833357,34.81503638166643,validation
img12008,6318,images/img12008.jpg,36.0,41.33567162630651,5.335671626306507,validation
img12009,6318,images/img12009.jpg,36.0,35.94315924792686,0.0568407520731426,validation
img12023,6327,images/img12023.jpg,24.0,26.296175571585437,2.2961755715854366,validation
img12024,6327,images/img12024.jpg,24.0,36.07348501341362,12.073485013413617,validation
img12029,6330,images/img12029.jpg,11.0,19.748034928950197,8.748034928950197,validation
img12030,6330,images/img12030.jpg,11.0,22.673861342392023,11.673861342392025,validation
img12061,6346,images/img12061.jpg,75.0,72.7568191023089,2.2431808976911043,validation
img12062,6346,images/img12062.jpg,75.0,76.70526075041339,1.7052607504133874,validation
img12063,6347,images/img12063.jpg,40.0,36.36237026726886,3.637629732731142,validation
img12064,6347,images/img12064.jpg,40.0,45.09478984695692,5.094789846956921,validation
img12078,6355,images/img12078.jpg,77.0,78.39546480558195,1.395464805581952,validation
img12079,6355,images/img12079.jpg,77.0,79.52808118970759,2.528081189707592,validation
img12080,6356,images/img12080.jpg,32.0,30.532983342979207,1.4670166570207923,validation
img12081,6356,images/img12081.jpg,32.0,28.31470789751827,3.685292102481728,validation
img12094,6363,images/img12094.jpg,25.0,41.04336839935519,16.043368399355188,validation
img12095,6363,images/img12095.jpg,25.0,26.570237248439422,1.570237248439426,validation
img12104,6368,images/img12104.jpg,25.0,31.99510149469468,6.99510149469468,validation
img12105,6368,images/img12105.jpg,25.0,28.21925331000666,3.2192533100066605,validation
img12116,6374,images/img12116.jpg,89.0,80.2133531677693,8.786646832230701,validation
img12118,6375,images/img12118.jpg,58.0,49.23183675554556,8.768163244454442,validation
img12119,6375,images/img12119.jpg,58.0,56.21844723450124,1.781552765498759,validation
img12166,6403,images/img12166.jpg,58.0,55.87849673733461,2.121503262665392,validation
img12167,6403,images/img12167.jpg,58.0,52.209240862875845,5.790759137124155,validation
img12176,6408,images/img12176.jpg,76.0,77.53731580539129,1.5373158053912874,validation
img12177,6408,images/img12177.jpg,76.0,72.08358201037203,3.9164179896279734,validation
img12208,6426,images/img12208.jpg,71.0,71.47710663607289,0.4771066360728895,validation
img12209,6426,images/img12209.jpg,71.0,65.94785788408308,5.052142115916922,validation
img12286,6466,images/img12286.jpg,63.0,44.15032230284936,18.84967769715064,validation
img12287,6466,images/img12287.jpg,63.0,47.06306357231965,15.936936427680353,validation
img12294,6470,images/img12294.jpg,37.0,60.21575777283197,23.215757772831964,validation
img12295,6470,images/img12295.jpg,37.0,66.01203812682658,29.01203812682658,validation
img12304,6475,images/img12304.jpg,37.0,40.1979195576533,3.1979195576533,validation
img12335,6493,images/img12335.jpg,71.0,75.85553780642576,4.855537806425758,validation
img12340,6496,images/img12340.jpg,82.0,81.64267666377349,0.3573233362265142,validation
img12341,6496,images/img12341.jpg,82.0,80.19894838517419,1.801051614825809,validation
img12348,6500,images/img12348.jpg,85.0,78.57871789536763,6.421282104632368,validation
img12349,6500,images/img12349.jpg,85.0,76.05285758957238,8.947142410427617,validation
img12404,6530,images/img12404.jpg,62.0,67.27917803599443,5.279178035994434,validation
img12405,6530,images/img12405.jpg,62.0,59.36709272096405,2.6329072790359476,validation
img12422,6539,images/img12422.jpg,43.0,47.3595798273725,4.3595798273724995,validation
img12423,6539,images/img12423.jpg,43.0,58.67418892374692,15.674188923746918,validation
img12470,6563,images/img12470.jpg,88.0,72.63014688177168,15.36985311822832,validation
img12471,6563,images/img12471.jpg,88.0,76.26992178399263,11.73007821600737,validation
img12548,6603,images/img12548.jpg,8.0,16.629665606056953,8.629665606056953,validation
img12549,6603,images/img12549.jpg,8.0,14.854941423575012,6.8549414235750135,validation
img12552,6605,images/img12552.jpg,48.0,45.38962001828081,2.6103799817191913,validation
img12553,6605,images/img12553.jpg,48.0,44.0443836772482,3.9556163227518018,validation
img12558,6608,images/img12558.jpg,38.0,44.552786998997256,6.552786998997256,validation
img12559,6608,images/img12559.jpg,38.0,38.35657979933163,0.3565797993316266,validation
img12584,6622,images/img12584.jpg,65.0,61.97559566821277,3.024404331787231,validation
img12585,6622,images/img12585.jpg,65.0,63.03289667707702,1.9671033229229808,validation
img12620,6640,images/img12620.jpg,51.0,49.25317509396655,1.7468249060334529,validation
img12621,6640,images/img12621.jpg,51.0,41.37553998128429,9.624460018715716,validation
img12625,6642,images/img12625.jpg,80.0,67.68595718701408,12.314042812985916,validation
img12626,6643,images/img12626.jpg,77.0,76.75272629766535,0.2472737023346525,validation
img12627,6643,images/img12627.jpg,77.0,71.69126217246911,5.308737827530891,validation
img12646,6653,images/img12646.jpg,16.0,19.0523039968389,3.0523039968389014,validation
img12647,6653,images/img12647.jpg,16.0,17.53844946741701,1.53844946741701,validation
img12667,6664,images/img12667.jpg,34.0,37.54303458461751,3.5430345846175086,validation
img12668,6664,images/img12668.jpg,34.0,50.35175407179283,16.351754071792833,validation
img12719,6691,images/img12719.jpg,73.0,65.60368958739429,7.396310412605715,validation
img12720,6691,images/img12720.jpg,73.0,66.61646860656442,6.383531393435575,validation
img12727,6695,images/img12727.jpg,58.0,54.193018160844616,3.806981839155384,validation
img12728,6695,images/img12728.jpg,58.0,54.56777262711848,3.4322273728815205,validation
img12757,6710,images/img12757.jpg,51.0,58.48332439558828,7.4833243955882836,validation
img12758,6710,images/img12758.jpg,51.0,51.73402154476254,0.7340215447625411,validation
img12771,6717,images/img12771.jpg,71.0,74.72193114802724,3.721931148027238,validation
img12772,6717,images/img12772.jpg,71.0,78.54021062220987,7.540210622209869,validation
img12777,6720,images/img12777.jpg,57.0,56.043110067888705,0.9568899321112952,validation
img12778,6720,images/img12778.jpg,57.0,59.52529012666888,2.525290126668878,validation
img12789,6726,images/img12789.jpg,59.0,53.69599863079208,5.304001369207917,validation
img12790,6726,images/img12790.jpg,59.0,62.32765780321345,3.327657803213448,validation
img12817,6740,images/img12817.jpg,41.0,55.46219069520641,14.46219069520641,validation
img12818,6740,images/img12818.jpg,41.0,51.56258521901517,10.562585219015167,validation
img12823,6743,images/img12823.jpg,49.0,52.86327612222937,3.863276122229372,validation
img12824,6743,images/img12824.jpg,49.0,63.88261907575944,14.882619075759436,validation
img12843,6754,images/img12843.jpg,39.0,36.64981155291121,2.35018844708879,validation
img12844,6754,images/img12844.jpg,39.0,34.90029792119156,4.099702078808441,validation
img12868,6767,images/img12868.jpg,45.0,45.61902665096791,0.6190266509679105,validation
img12869,6767,images/img12869.jpg,45.0,36.61159220090768,8.38840779909232,validation
img12880,6773,images/img12880.jpg,44.0,46.59581879769026,2.5958187976902565,validation
img12881,6773,images/img12881.jpg,44.0,43.12358783258239,0.8764121674176124,validation
img12882,6774,images/img12882.jpg,51.0,49.577841094897806,1.4221589051021937,validation
img12883,6774,images/img12883.jpg,51.0,50.31951726331788,0.6804827366821229,validation
img12938,6805,images/img12938.jpg,63.0,60.250365295735,2.7496347042649987,validation
img12939,6805,images/img12939.jpg,63.0,66.61147361078265,3.611473610782653,validation
img12940,6806,images/img12940.jpg,48.0,57.50617834578052,9.50617834578052,validation
img12941,6806,images/img12941.jpg,48.0,53.935006179770845,5.935006179770845,validation
img12944,6808,images/img12944.jpg,62.0,68.16237835782422,6.162378357824224,validation
img12945,6808,images/img12945.jpg,62.0,68.41358738367141,6.413587383671413,validation
img12952,6812,images/img12952.jpg,48.0,40.50001210384854,7.49998789615146,validation
img12953,6812,images/img12953.jpg,48.0,46.15436150674205,1.845638493257951,validation
img12963,6818,images/img12963.jpg,76.0,79.9891629247818,3.9891629247817946,validation
img12964,6818,images/img12964.jpg,76.0,74.86833905495457,1.1316609450454251,validation
img12968,6821,images/img12968.jpg,51.0,43.132980169628794,7.867019830371206,validation
img12969,6821,images/img12969.jpg,51.0,43.79137841601835,7.208621583981653,validation
img12994,6835,images/img12994.jpg,66.0,55.24959582233938,10.75040417766062,validation
img13033,6856,images/img13033.jpg,77.0,59.716187850282566,17.283812149717434,validation
img13034,6856,images/img13034.jpg,77.0,55.33143386594613,21.668566134053876,validation
img13044,6862,images/img13044.jpg,60.0,65.86089806123175,5.860898061231751,validation
img13045,6862,images/img13045.jpg,60.0,57.55395942026329,2.44604057973671,validation
img13052,6866,images/img13052.jpg,68.0,79.62145489251361,11.621454892513611,validation
img13096,6889,images/img13096.jpg,85.0,75.32698436632214,9.673015633677863,validation
img13097,6889,images/img13097.jpg,85.0,83.25658597551211,1.7434140244878904,validation
img13112,6897,images/img13112.jpg,64.0,56.578985048479645,7.421014951520355,validation
img13113,6897,images/img13113.jpg,64.0,62.61518688299563,1.38481311700437,validation
img13129,6906,images/img13129.jpg,83.0,58.68460670725268,24.315393292747324,validation
img13182,6936,images/img13182.jpg,26.0,27.27856036860667,1.278560368606669,validation
img13183,6936,images/img13183.jpg,26.0,36.5257742471794,10.5257742471794,validation
img13226,6961,images/img13226.jpg,70.0,65.45484089431855,4.545159105681449,validation
img13227,6961,images/img13227.jpg,70.0,73.40615764783401,3.406157647834007,validation
img13233,6965,images/img13233.jpg,79.0,76.82394970258323,2.176050297416765,validation
img13234,6965,images/img13234.jpg,79.0,72.9876402567272,6.012359743272796,validation
img13276,6988,images/img13276.jpg,56.0,61.66992373857741,5.66992373857741,validation
img13323,7012,images/img13323.jpg,37.0,46.28220068044224,9.282200680442244,validation
img13324,7012,images/img13324.jpg,37.0,44.94922607250448,7.94922607250448,validation
img13342,7022,images/img13342.jpg,75.0,75.06643971517103,0.0664397151710289,validation
img13343,7022,images/img13343.jpg,75.0,67.47349645923028,7.526503540769724,validation
img13344,7023,images/img13344.jpg,45.0,52.08728335123919,7.0872833512391935,validation
img13345,7023,images/img13345.jpg,45.0,56.159544046662646,11.159544046662646,validation
img13358,7030,images/img13358.jpg,55.0,53.67735573605552,1.3226442639444826,validation
img13359,7030,images/img13359.jpg,55.0,55.77385989161118,0.7738598916111812,validation
img13360,7031,images/img13360.jpg,19.0,39.22613767525877,20.22613767525877,validation
img13361,7031,images/img13361.jpg,19.0,29.551364154481725,10.551364154481725,validation
img13415,7060,images/img13415.jpg,82.0,76.87002363092307,5.129976369076928,validation
img13423,7065,images/img13423.jpg,68.0,74.47106893629763,6.471068936297627,validation
img13424,7065,images/img13424.jpg,68.0,76.9243556614593,8.924355661459302,validation
img13437,7072,images/img13437.jpg,64.0,64.9666989331882,0.966698933188198,validation
img13438,7072,images/img13438.jpg,64.0,74.62634350604283,10.62634350604283,validation
img13442,7075,images/img13442.jpg,53.0,52.745713770636506,0.254286229363494,validation
img13443,7075,images/img13443.jpg,53.0,49.14703579604577,3.8529642039542296,validation
img13478,7094,images/img13478.jpg,67.0,64.60036507006521,2.399634929934791,validation
img13479,7094,images/img13479.jpg,67.0,73.64482683492602,6.644826834926022,validation
img13482,7096,images/img13482.jpg,74.0,62.66779956618471,11.332200433815288,validation
img13483,7096,images/img13483.jpg,74.0,73.42964503411262,0.5703549658873754,validation
img13513,7112,images/img13513.jpg,33.0,52.35002285588611,19.35002285588611,validation
img13514,7112,images/img13514.jpg,33.0,51.80507263323207,18.805072633232072,validation
img13539,7125,images/img13539.jpg,40.0,52.82457362980416,12.824573629804156,validation
img13540,7125,images/img13540.jpg,40.0,56.39422459874967,16.394224598749673,validation
img13543,7127,images/img13543.jpg,45.0,42.024536075133526,2.9754639248664745,validation
img13544,7127,images/img13544.jpg,45.0,47.03117303265708,2.0311730326570796,validation
img13585,7149,images/img13585.jpg,66.0,68.985344265456,2.985344265456007,validation
img13586,7149,images/img13586.jpg,66.0,58.2853028046282,7.714697195371798,validation
img13597,7155,images/img13597.jpg,52.0,48.98274405924302,3.017255940756982,validation
img13598,7155,images/img13598.jpg,52.0,48.163640003153425,3.836359996846575,validation
img13611,7162,images/img13611.jpg,55.0,42.98403986527672,12.01596013472328,validation
img13612,7162,images/img13612.jpg,55.0,58.03819638257621,3.03819638257621,validation
img13623,7168,images/img13623.jpg,47.0,75.6641313130452,28.664131313045203,validation
img13624,7168,images/img13624.jpg,47.0,49.14482403808826,2.1448240380882595,validation
img13627,7170,images/img13627.jpg,50.0,55.49079372604591,5.490793726045908,validation
img13628,7170,images/img13628.jpg,50.0,54.073502253314174,4.0735022533141745,validation
img13657,7185,images/img13657.jpg,58.0,56.5361091989074,1.463890801092603,validation
img13658,7185,images/img13658.jpg,58.0,45.21185488019248,12.788145119807524,validation
img13690,7202,images/img13690.jpg,56.0,52.62775716337221,3.372242836627791,validation
img13691,7202,images/img13691.jpg,56.0,44.69522290272871,11.304777097271293,validation
img13697,7206,images/img13697.jpg,38.0,38.75524589934243,0.7552458993424267,validation
img13698,7206,images/img13698.jpg,38.0,42.65816655859646,4.658166558596463,validation
img13707,7211,images/img13707.jpg,36.0,30.3028994412134,5.697100558786598,validation
img13732,7224,images/img13732.jpg,37.0,48.84224507964004,11.842245079640035,validation
img13733,7224,images/img13733.jpg,37.0,43.26060994612592,6.260609946125918,validation
img13742,7229,images/img13742.jpg,47.0,50.5721380843702,3.572138084370202,validation
img13743,7229,images/img13743.jpg,47.0,52.777328385859605,5.7773283858596045,validation
img13752,7234,images/img13752.jpg,64.0,53.0933207620196,10.9066792379804,validation
img13753,7234,images/img13753.jpg,64.0,57.18046679026006,6.819533209739937,validation
img13764,7240,images/img13764.jpg,63.0,58.13412511297344,4.865874887026557,validation
img13765,7240,images/img13765.jpg,63.0,60.451915829402694,2.5480841705973063,validation
img13766,7241,images/img13766.jpg,34.0,43.92766763935111,9.927667639351109,validation
img13767,7241,images/img13767.jpg,34.0,35.920921701204115,1.920921701204115,validation
img13805,7261,images/img13805.jpg,46.0,51.16743415642896,5.1674341564289605,validation
img13806,7261,images/img13806.jpg,46.0,36.33562849945906,9.664371500540938,validation
img13811,7264,images/img13811.jpg,68.0,59.78046079491286,8.219539205087138,validation
img13812,7264,images/img13812.jpg,68.0,60.55229397771273,7.447706022287271,validation
img13827,7272,images/img13827.jpg,26.0,29.838081274796764,3.838081274796764,validation
img13828,7272,images/img13828.jpg,26.0,25.601783909085498,0.3982160909145023,validation
img13829,7273,images/img13829.jpg,57.0,43.16382263266554,13.836177367334455,validation
img13830,7273,images/img13830.jpg,57.0,39.43852860397489,17.561471396025112,validation
img13859,7288,images/img13859.jpg,63.0,67.9266908996552,4.926690899655199,validation
img13860,7288,images/img13860.jpg,63.0,71.94466550650691,8.944665506506908,validation
img13903,7311,images/img13903.jpg,69.0,66.48238241630571,2.517617583694289,validation
img13904,7311,images/img13904.jpg,69.0,64.79876946528717,4.201230534712835,validation
img13945,7332,images/img13945.jpg,67.0,61.9885908368236,5.0114091631763955,validation
img13946,7332,images/img13946.jpg,67.0,74.52832162157264,7.528321621572644,validation
img13953,7336,images/img13953.jpg,86.0,66.95839897064532,19.04160102935468,validation
img13954,7336,images/img13954.jpg,86.0,79.45898447513346,6.541015524866538,validation
img13983,7351,images/img13983.jpg,92.0,79.25699033567227,12.74300966432773,validation
img13984,7351,images/img13984.jpg,92.0,79.29013180550115,12.709868194498853,validation
img14005,7362,images/img14005.jpg,70.0,72.02014447333319,2.0201444733331897,validation
img14006,7362,images/img14006.jpg,70.0,76.7734500771075,6.773450077107498,validation
img14007,7363,images/img14007.jpg,74.0,74.45886718677659,0.4588671867765868,validation
img14045,7382,images/img14045.jpg,45.0,59.16725880811743,14.167258808117433,validation
img14046,7382,images/img14046.jpg,45.0,60.730886071161656,15.730886071161656,validation
img14058,7389,images/img14058.jpg,60.0,62.908294980446286,2.9082949804462856,validation
img14059,7389,images/img14059.jpg,60.0,56.12317450627928,3.876825493720723,validation
img14089,7405,images/img14089.jpg,63.0,58.669578640795294,4.330421359204706,validation
img14090,7405,images/img14090.jpg,63.0,53.75290913704383,9.24709086295617,validation
img14132,7426,images/img14132.jpg,63.0,57.91121524663394,5.088784753366063,validation
img14133,7426,images/img14133.jpg,63.0,66.42620943535908,3.426209435359084,validation
img14154,7438,images/img14154.jpg,47.0,53.8177647402978,6.817764740297797,validation
img14155,7438,images/img14155.jpg,47.0,39.501819999215755,7.498180000784245,validation
img14173,7448,images/img14173.jpg,57.0,44.28856917190881,12.711430828091189,validation
img14174,7448,images/img14174.jpg,57.0,43.47382646693959,13.526173533060408,validation
img14183,7453,images/img14183.jpg,31.0,49.41472449083628,18.41472449083628,validation
img14184,7453,images/img14184.jpg,31.0,43.42390922743492,12.42390922743492,validation
img14203,7463,images/img14203.jpg,34.0,54.28126735787999,20.28126735787999,validation
img14204,7463,images/img14204.jpg,34.0,41.57439534392016,7.574395343920159,validation
img14231,7477,images/img14231.jpg,53.0,56.06722441883983,3.067224418839828,validation
img14232,7477,images/img14232.jpg,53.0,63.14089710170119,10.140897101701192,validation
img14269,7496,images/img14269.jpg,88.0,81.30598341099042,6.694016589009578,validation
img14270,7496,images/img14270.jpg,88.0,81.73028539983225,6.269714600167745,validation
img14321,7521,images/img14321.jpg,68.0,66.71649394239948,1.283506057600519,validation
img14322,7521,images/img14322.jpg,68.0,67.74133947539701,0.2586605246029876,validation
img14346,7534,images/img14346.jpg,67.0,70.06233188324092,3.062331883240915,validation
img14347,7534,images/img14347.jpg,67.0,65.86786924311757,1.1321307568824324,validation
img14350,7536,images/img14350.jpg,79.0,74.28689537130676,4.7131046286932445,validation
img14351,7536,images/img14351.jpg,79.0,65.03077447733017,13.96922552266983,validation
img14362,7542,images/img14362.jpg,87.0,88.80325831977474,1.8032583197747416,validation
img14372,7547,images/img14372.jpg,47.0,56.06461799623198,9.06461799623198,validation
img14373,7547,images/img14373.jpg,47.0,51.832839574848606,4.832839574848606,validation
img14374,7548,images/img14374.jpg,53.0,48.18713284248421,4.8128671575157895,validation
img14375,7548,images/img14375.jpg,53.0,50.6069410991933,2.3930589008067003,validation
img14394,7559,images/img14394.jpg,89.0,75.95871173458002,13.04128826541998,validation
img14395,7559,images/img14395.jpg,89.0,84.59866063690032,4.40133936309968,validation
img14426,7575,images/img14426.jpg,61.0,56.13382867959632,4.86617132040368,validation
img14427,7575,images/img14427.jpg,61.0,77.5973669970366,16.597366997036602,validation
img14429,7576,images/img14429.jpg,59.0,64.16474363554238,5.164743635542379,validation
img14440,7582,images/img14440.jpg,64.0,65.23103345559294,1.231033455592936,validation
img14441,7582,images/img14441.jpg,64.0,57.61393113367332,6.386068866326681,validation
img14456,7590,images/img14456.jpg,91.0,83.55586692801185,7.444133071988148,validation
img14457,7590,images/img14457.jpg,91.0,83.25985344436847,7.740146555631526,validation
img14504,7614,images/img14504.jpg,67.0,76.3342939741723,9.334293974172295,validation
img14505,7614,images/img14505.jpg,67.0,67.32182308513386,0.3218230851338575,validation
img14645,7685,images/img14645.jpg,63.0,61.25606325401824,1.7439367459817632,validation
img14646,7685,images/img14646.jpg,63.0,65.06511452802458,2.06511452802458,validation
img14649,7687,images/img14649.jpg,46.0,38.68450890667752,7.315491093322478,validation
img14650,7687,images/img14650.jpg,46.0,55.02552745506774,9.025527455067738,validation
img14659,7692,images/img14659.jpg,53.0,61.438250817411166,8.438250817411166,validation
img14660,7692,images/img14660.jpg,53.0,58.13166265094271,5.131662650942708,validation
img14675,7700,images/img14675.jpg,57.0,61.238788530069485,4.238788530069485,validation
img14676,7700,images/img14676.jpg,57.0,64.12032634444981,7.120326344449808,validation
img14679,7702,images/img14679.jpg,77.0,66.0050015083148,10.994998491685196,validation
img14680,7702,images/img14680.jpg,77.0,62.241601551105624,14.758398448894376,validation
img14681,7703,images/img14681.jpg,58.0,69.42015319520647,11.420153195206469,validation
img14682,7703,images/img14682.jpg,58.0,55.26433896682122,2.735661033178779,validation
img14689,7707,images/img14689.jpg,66.0,65.31712188070853,0.6828781192914732,validation
img14690,7707,images/img14690.jpg,66.0,65.26394262539965,0.7360573746003496,validation
img14729,7728,images/img14729.jpg,87.0,72.8909118362302,14.109088163769798,validation
img14730,7728,images/img14730.jpg,87.0,59.357400466048645,27.642599533951355,validation
img14778,7753,images/img14778.jpg,60.0,57.92128580704318,2.0787141929568165,validation
img14779,7753,images/img14779.jpg,60.0,69.82728461339589,9.82728461339589,validation
img14811,7770,images/img14811.jpg,79.0,70.45852775062164,8.541472249378359,validation
img14854,7793,images/img14854.jpg,66.0,59.13631982605739,6.863680173942612,validation
img14855,7793,images/img14855.jpg,66.0,57.544865365170224,8.455134634829776,validation
img14915,7823,images/img14915.jpg,67.0,63.34120897456994,3.6587910254300624,validation
img14916,7823,images/img14916.jpg,67.0,50.11098055187093,16.889019448129076,validation
img14931,7831,images/img14931.jpg,73.0,71.90732736773299,1.0926726322670106,validation
img14937,7834,images/img14937.jpg,69.0,57.110195215597315,11.889804784402685,validation
img14938,7834,images/img14938.jpg,69.0,64.38158534543433,4.618414654565669,validation
img14959,7845,images/img14959.jpg,63.0,59.62702881149371,3.372971188506291,validation
img14960,7845,images/img14960.jpg,63.0,72.0802392893958,9.080239289395806,validation
img14989,7861,images/img14989.jpg,60.0,64.43944986316208,4.439449863162082,validation
img14990,7861,images/img14990.jpg,60.0,71.22974201200095,11.229742012000957,validation
img14999,7866,images/img14999.jpg,68.0,59.215750347133955,8.784249652866045,validation
img15000,7866,images/img15000.jpg,68.0,55.14142717105596,12.85857282894404,validation
img15005,7869,images/img15005.jpg,49.0,50.03078905736494,1.0307890573649416,validation
img15006,7869,images/img15006.jpg,49.0,48.240609834441216,0.7593901655587842,validation
img15007,7870,images/img15007.jpg,61.0,61.55882598032437,0.5588259803243716,validation
img15008,7870,images/img15008.jpg,61.0,53.90294523222816,7.097054767771837,validation
img15021,7877,images/img15021.jpg,57.0,59.40654637132479,2.4065463713247865,validation
img15022,7877,images/img15022.jpg,57.0,61.92350920455746,4.923509204557462,validation
img15027,7880,images/img15027.jpg,59.0,54.792198987264655,4.207801012735345,validation
img15028,7880,images/img15028.jpg,59.0,52.4549553933631,6.5450446066369,validation
img15053,7893,images/img15053.jpg,74.0,52.99940284460766,21.00059715539234,validation
img15054,7893,images/img15054.jpg,74.0,65.95382134192907,8.046178658070929,validation
img15064,7899,images/img15064.jpg,64.0,47.6405625180324,16.359437481967603,validation
img15065,7899,images/img15065.jpg,64.0,59.82150591854752,4.1784940814524845,validation
img15072,7903,images/img15072.jpg,64.0,70.35575734832749,6.3557573483274865,validation
img15073,7903,images/img15073.jpg,64.0,62.8806098346122,1.119390165387799,validation
img15082,7908,images/img15082.jpg,54.0,77.16627704886163,23.16627704886163,validation
img15083,7908,images/img15083.jpg,54.0,80.43773099575121,26.43773099575121,validation
img15098,7917,images/img15098.jpg,58.0,58.03267339501872,0.032673395018719,validation
img15099,7917,images/img15099.jpg,58.0,55.23991338291787,2.7600866170821305,validation
img15110,7923,images/img15110.jpg,73.0,69.10353589926854,3.896464100731464,validation
img15111,7923,images/img15111.jpg,73.0,73.09997313129529,0.099973131295286,validation
img15140,7938,images/img15140.jpg,42.0,42.002926720020014,0.0029267200200138,validation
img15141,7938,images/img15141.jpg,42.0,30.983505787844017,11.016494212155983,validation
img15174,7957,images/img15174.jpg,57.0,44.08908452705327,12.910915472946732,validation
img15175,7957,images/img15175.jpg,57.0,53.67335101454664,3.3266489854533603,validation
img15188,7964,images/img15188.jpg,39.0,54.232969402215275,15.232969402215277,validation
img15189,7964,images/img15189.jpg,39.0,54.32142772380112,15.321427723801122,validation
img15190,7965,images/img15190.jpg,75.0,66.4354556306075,8.564544369392493,validation
img15191,7965,images/img15191.jpg,75.0,69.71834680910482,5.2816531908951845,validation
img15192,7966,images/img15192.jpg,71.0,64.30521316866367,6.69478683133633,validation
img15193,7966,images/img15193.jpg,71.0,54.45951263721132,16.54048736278868,validation
img15211,7977,images/img15211.jpg,58.0,61.01773924512817,3.017739245128169,validation
img15212,7978,images/img15212.jpg,47.0,45.876148966581205,1.123851033418795,validation
img15213,7978,images/img15213.jpg,47.0,50.67540089727473,3.675400897274727,validation
img15226,7985,images/img15226.jpg,65.0,71.09808352056544,6.098083520565439,validation
img15227,7985,images/img15227.jpg,65.0,70.21100280681611,5.211002806816111,validation
img15246,7995,images/img15246.jpg,78.0,60.007281862916635,17.992718137083365,validation
img15247,7995,images/img15247.jpg,78.0,48.540643308139515,29.459356691860485,validation
img15257,8001,images/img15257.jpg,40.0,35.54724584864819,4.452754151351812,validation
img15258,8001,images/img15258.jpg,40.0,34.402235767565365,5.597764232434635,validation
img15271,8008,images/img15271.jpg,77.0,70.31669495445948,6.683305045540521,validation
img15272,8008,images/img15272.jpg,77.0,60.05300461469714,16.946995385302863,validation
img15283,8014,images/img15283.jpg,76.0,63.83362776451213,12.16637223548787,validation
img15284,8014,images/img15284.jpg,76.0,62.60690587798014,13.39309412201986,validation
img15300,8023,images/img15300.jpg,64.0,54.03294381458511,9.96705618541489,validation
img15301,8023,images/img15301.jpg,64.0,60.651475181072875,3.3485248189271246,validation
img15340,8045,images/img15340.jpg,64.0,59.05571526285002,4.944284737149978,validation
img15341,8045,images/img15341.jpg,64.0,51.26169616143242,12.738303838567582,validation
img15375,8063,images/img15375.jpg,54.0,74.95145447603063,20.951454476030634,validation
img15376,8063,images/img15376.jpg,54.0,70.28109852054659,16.281098520546593,validation
img15381,8066,images/img15381.jpg,54.0,60.97286008051736,6.972860080517357,validation
img15388,8070,images/img15388.jpg,62.0,66.25981500164208,4.259815001642082,validation
img15389,8070,images/img15389.jpg,62.0,50.246580509410215,11.753419490589785,validation
img15404,8078,images/img15404.jpg,58.0,54.71971756321264,3.28028243678736,validation
img15405,8078,images/img15405.jpg,58.0,55.8251627516706,2.1748372483294034,validation
img15410,8081,images/img15410.jpg,51.0,50.792558087091855,0.2074419129081448,validation
img15411,8081,images/img15411.jpg,51.0,50.86801142457297,0.1319885754270302,validation
img15412,8082,images/img15412.jpg,53.0,45.33897861344883,7.66102138655117,validation
img15413,8082,images/img15413.jpg,53.0,50.32350562567026,2.6764943743297422,validation
img15422,8088,images/img15422.jpg,72.0,68.28701549929401,3.7129845007059856,validation
img15423,8088,images/img15423.jpg,72.0,55.79489394972145,16.205106050278552,validation
img15424,8089,images/img15424.jpg,68.0,73.25219617304978,5.252196173049782,validation
img15425,8089,images/img15425.jpg,68.0,62.78076881194027,5.21923118805973,validation
img15428,8091,images/img15428.jpg,71.0,56.27882261009768,14.721177389902325,validation
img15429,8091,images/img15429.jpg,71.0,62.8879005653548,8.112099434645202,validation
img15446,8100,images/img15446.jpg,87.0,86.77488868773895,0.225111312261049,validation
img15447,8100,images/img15447.jpg,87.0,77.68725074645798,9.312749253542025,validation
img15476,8115,images/img15476.jpg,53.0,59.46999672303622,6.469996723036218,validation
img15477,8115,images/img15477.jpg,53.0,54.28017892866816,1.2801789286681569,validation
img15505,8130,images/img15505.jpg,45.0,48.54510172358839,3.545101723588388,validation
img15506,8130,images/img15506.jpg,45.0,46.728373770901456,1.728373770901456,validation
img15511,8133,images/img15511.jpg,71.0,77.68122403320689,6.681224033206888,validation
img15512,8133,images/img15512.jpg,71.0,53.565930522020054,17.434069477979946,validation
img15513,8134,images/img15513.jpg,57.0,60.79602577843334,3.7960257784333393,validation
img15514,8134,images/img15514.jpg,57.0,56.48089200167872,0.5191079983212816,validation
img15523,8139,images/img15523.jpg,91.0,77.04609614161986,13.953903858380144,validation
img15524,8139,images/img15524.jpg,91.0,81.9695326104536,9.030467389546402,validation
img15554,8155,images/img15554.jpg,59.0,73.03839072260246,14.038390722602458,validation
img15555,8155,images/img15555.jpg,59.0,70.97443665336854,11.974436653368542,validation
img15585,8171,images/img15585.jpg,64.0,51.58861263699155,12.411387363008451,validation
img15586,8171,images/img15586.jpg,64.0,58.706317216483825,5.293682783516175,validation
img15587,8172,images/img15587.jpg,77.0,68.39882706207526,8.601172937924744,validation
img15588,8172,images/img15588.jpg,77.0,74.16398793798322,2.8360120620167777,validation
img15598,8178,images/img15598.jpg,72.0,67.88490307031589,4.115096929684114,validation
img15599,8178,images/img15599.jpg,72.0,71.67533707893082,0.3246629210691765,validation
img15608,8183,images/img15608.jpg,65.0,63.61658647291098,1.3834135270890189,validation
img15609,8183,images/img15609.jpg,65.0,69.10245837616102,4.1024583761610245,validation
img15612,8185,images/img15612.jpg,76.0,72.72266445538804,3.277335544611958,validation
img15617,8188,images/img15617.jpg,43.0,54.237793444811714,11.237793444811714,validation
img15618,8188,images/img15618.jpg,43.0,48.85935294019258,5.859352940192579,validation
img15621,8190,images/img15621.jpg,51.0,59.07477722464536,8.07477722464536,validation
img15622,8190,images/img15622.jpg,51.0,55.34949055757512,4.349490557575123,validation
img15636,8198,images/img15636.jpg,71.0,58.84929706216859,12.150702937831412,validation
img15637,8198,images/img15637.jpg,71.0,60.86312285877911,10.136877141220891,validation
img15640,8200,images/img15640.jpg,60.0,51.94073693678689,8.059263063213109,validation
img15641,8200,images/img15641.jpg,60.0,53.02152042418281,6.97847957581719,validation
img15734,8249,images/img15734.jpg,68.0,67.67478715496237,0.3252128450376261,validation
img15735,8249,images/img15735.jpg,68.0,74.47550990197959,6.475509901979592,validation
img15751,8259,images/img15751.jpg,76.0,71.38756424771694,4.612435752283062,validation
img15752,8259,images/img15752.jpg,76.0,62.74503223458678,13.25496776541322,validation
img15771,8270,images/img15771.jpg,45.0,49.39265162628887,4.392651626288867,validation
img15772,8270,images/img15772.jpg,45.0,33.03324265947726,11.96675734052274,validation
img15788,8279,images/img15788.jpg,74.0,75.30882788383855,1.3088278838385463,validation
img15789,8279,images/img15789.jpg,74.0,81.23013581783788,7.230135817837876,validation
img15798,8284,images/img15798.jpg,58.0,66.10447499527092,8.10447499527092,validation
img15799,8284,images/img15799.jpg,58.0,55.4046179157694,2.5953820842306,validation
img15802,8286,images/img15802.jpg,59.0,68.4793173838398,9.4793173838398,validation
img15803,8286,images/img15803.jpg,59.0,52.977595543700616,6.022404456299384,validation
img15812,8291,images/img15812.jpg,70.0,72.90224982228854,2.902249822288539,validation
img15813,8291,images/img15813.jpg,70.0,76.76703728776323,6.76703728776323,validation
img15814,8292,images/img15814.jpg,48.0,69.3829862822705,21.382986282270497,validation
img15815,8292,images/img15815.jpg,48.0,61.11007386884444,13.110073868844438,validation
img15816,8293,images/img15816.jpg,68.0,70.55688336188425,2.556883361884246,validation
img15817,8293,images/img15817.jpg,68.0,66.8561738735675,1.1438261264325007,validation
img15818,8294,images/img15818.jpg,73.0,73.53050468692871,0.5305046869287082,validation
img15819,8294,images/img15819.jpg,73.0,80.70339933471514,7.703399334715144,validation
img15829,8300,images/img15829.jpg,15.0,16.985605951756312,1.9856059517563125,validation
img15830,8300,images/img15830.jpg,15.0,16.0797187517055,1.0797187517054994,validation
img15886,8330,images/img15886.jpg,71.0,72.10102850546393,1.1010285054639295,validation
img15887,8330,images/img15887.jpg,71.0,71.65265674437241,0.6526567443724076,validation
img15917,8346,images/img15917.jpg,60.0,47.91633645326573,12.083663546734272,validation
img15918,8346,images/img15918.jpg,60.0,58.97212079114141,1.027879208858593,validation
img15962,8369,images/img15962.jpg,73.0,72.09152928859511,0.9084707114048882,validation
img15963,8369,images/img15963.jpg,73.0,74.58739344504939,1.5873934450493865,validation
img15971,8373,images/img15971.jpg,75.0,81.73578207641306,6.735782076413059,validation
img15972,8373,images/img15972.jpg,75.0,78.45910846799259,3.4591084679925928,validation
img15975,8375,images/img15975.jpg,73.0,57.2907155764544,15.709284423545595,validation
img15977,8377,images/img15977.jpg,67.0,60.357160323178434,6.642839676821566,validation
img15978,8377,images/img15978.jpg,67.0,54.15602138313614,12.843978616863858,validation
img15985,8381,images/img15985.jpg,89.0,84.70127617251305,4.298723827486953,validation
img15986,8381,images/img15986.jpg,89.0,81.42418595090729,7.575814049092713,validation
img15991,8384,images/img15991.jpg,73.0,64.01595765256653,8.984042347433473,validation
img15992,8384,images/img15992.jpg,73.0,74.14617390717551,1.146173907175509,validation
img15994,8386,images/img15994.jpg,70.0,64.71059961016077,5.28940038983923,validation
img15995,8386,images/img15995.jpg,70.0,58.969491602040776,11.030508397959224,validation
img16010,8395,images/img16010.jpg,54.0,51.66846058921123,2.3315394107887712,validation
img16011,8395,images/img16011.jpg,54.0,58.71541590667123,4.715415906671232,validation
img16045,8413,images/img16045.jpg,59.0,67.20949239178665,8.209492391786654,validation
img16046,8413,images/img16046.jpg,59.0,68.91033862355751,9.910338623557507,validation
img16053,8417,images/img16053.jpg,43.0,42.65664842887415,0.3433515711258508,validation
img16054,8417,images/img16054.jpg,43.0,42.58537921831808,0.4146207816819185,validation
img16069,8425,images/img16069.jpg,65.0,61.85229506982825,3.147704930171749,validation
img16070,8425,images/img16070.jpg,65.0,59.89101379325477,5.108986206745229,validation
img16096,8439,images/img16096.jpg,80.0,85.06703637454842,5.067036374548422,validation
img16097,8439,images/img16097.jpg,80.0,78.9430297667484,1.0569702332516044,validation
img16100,8441,images/img16100.jpg,80.0,75.54672928118595,4.4532707188140535,validation
img16101,8441,images/img16101.jpg,80.0,84.867282348916,4.867282348916007,validation
img16138,8460,images/img16138.jpg,67.0,65.44372866461977,1.5562713353802309,validation
img16139,8460,images/img16139.jpg,67.0,62.89610522764,4.10389477236,validation
img16142,8462,images/img16142.jpg,62.0,58.66707023680008,3.332929763199921,validation
img16143,8462,images/img16143.jpg,62.0,69.14380996132728,7.143809961327278,validation
img16158,8470,images/img16158.jpg,48.0,66.46087230674158,18.460872306741575,validation
img16167,8475,images/img16167.jpg,45.0,52.07064608908835,7.070646089088356,validation
img16168,8475,images/img16168.jpg,45.0,56.09318026550656,11.09318026550656,validation
img16179,8481,images/img16179.jpg,62.0,59.07456919070532,2.9254308092946815,validation
img16180,8481,images/img16180.jpg,62.0,57.242211495417905,4.757788504582095,validation
img16183,8483,images/img16183.jpg,79.0,70.52776079149986,8.472239208500142,validation
img16184,8483,images/img16184.jpg,79.0,74.59635499097489,4.403645009025112,validation
img16207,8495,images/img16207.jpg,49.0,39.59465821229932,9.405341787700678,validation
img16208,8495,images/img16208.jpg,49.0,39.177715662657334,9.822284337342666,validation
img16211,8497,images/img16211.jpg,49.0,39.81975366194595,9.180246338054047,validation
img16233,8508,images/img16233.jpg,19.0,21.5430161096091,2.5430161096090984,validation
img16234,8508,images/img16234.jpg,19.0,22.314160571920716,3.3141605719207163,validation
img16241,8512,images/img16241.jpg,22.0,21.940120455480276,0.0598795445197239,validation
img16242,8512,images/img16242.jpg,22.0,25.75099686604575,3.7509968660457496,validation
img00003,2,images/img00003.jpg,18.0,18.02310801882533,0.0231080188253258,test
img00004,2,images/img00004.jpg,18.0,16.549483927044868,1.450516072955132,test
img00009,5,images/img00009.jpg,23.0,23.313783557441205,0.3137835574412051,test
img00010,5,images/img00010.jpg,23.0,25.196020116378683,2.196020116378683,test
img00051,26,images/img00051.jpg,13.0,18.760255972728828,5.760255972728828,test
img00052,26,images/img00052.jpg,13.0,18.607073193793543,5.607073193793546,test
img00068,35,images/img00068.jpg,20.0,19.097145535389785,0.9028544646102148,test
img00069,35,images/img00069.jpg,20.0,20.349292822939304,0.3492928229393044,test
img00110,56,images/img00110.jpg,15.0,20.552041664819917,5.552041664819917,test
img00111,56,images/img00111.jpg,15.0,16.738800810836352,1.7388008108363522,test
img00128,65,images/img00128.jpg,30.0,33.60309097300461,3.603090973004612,test
img00129,65,images/img00129.jpg,30.0,34.34433525969334,4.344335259693338,test
img00156,79,images/img00156.jpg,20.0,29.85776461188613,9.857764611886129,test
img00157,79,images/img00157.jpg,20.0,27.81923267183844,7.819232671838442,test
img00164,83,images/img00164.jpg,22.0,21.672231633675366,0.3277683663246336,test
img00165,83,images/img00165.jpg,22.0,21.51331442508495,0.4866855749150502,test
img00217,110,images/img00217.jpg,22.0,27.694787477804805,5.694787477804805,test
img00218,110,images/img00218.jpg,22.0,24.070920219355223,2.070920219355223,test
img00221,112,images/img00221.jpg,26.0,31.557088351492936,5.557088351492936,test
img00222,112,images/img00222.jpg,26.0,31.209286140842387,5.209286140842387,test
img00225,114,images/img00225.jpg,13.0,21.76973002513786,8.76973002513786,test
img00226,114,images/img00226.jpg,13.0,21.057249498001163,8.057249498001163,test
img00231,117,images/img00231.jpg,19.0,21.241335814157424,2.2413358141574236,test
img00232,117,images/img00232.jpg,19.0,26.033955742809702,7.033955742809702,test
img00273,138,images/img00273.jpg,13.0,17.381052569769786,4.3810525697697855,test
img00274,138,images/img00274.jpg,13.0,18.443734650508972,5.443734650508972,test
img00287,145,images/img00287.jpg,15.0,17.932090034553937,2.932090034553937,test
img00288,145,images/img00288.jpg,15.0,18.238154583945068,3.238154583945068,test
img00291,147,images/img00291.jpg,10.0,19.30643367742487,9.30643367742487,test
img00292,147,images/img00292.jpg,10.0,18.03235203285289,8.032352032852891,test
img00293,148,images/img00293.jpg,19.0,22.86978950662653,3.869789506626532,test
img00294,148,images/img00294.jpg,19.0,22.180800728210187,3.180800728210187,test
img00299,151,images/img00299.jpg,23.0,30.635888980967025,7.635888980967024,test
img00300,151,images/img00300.jpg,23.0,29.561967069108434,6.561967069108434,test
img00305,154,images/img00305.jpg,28.0,35.22177715843847,7.221777158438471,test
img00306,154,images/img00306.jpg,28.0,30.991689728530996,2.9916897285309965,test
img00311,157,images/img00311.jpg,25.0,24.728015186277695,0.2719848137223053,test
img00312,157,images/img00312.jpg,25.0,22.08590453324012,2.914095466759882,test
img00317,160,images/img00317.jpg,24.0,25.954853768125982,1.954853768125986,test
img00318,160,images/img00318.jpg,24.0,25.61921622624177,1.6192162262417715,test
img00344,174,images/img00344.jpg,76.0,81.40843317381737,5.408433173817372,test
img00345,174,images/img00345.jpg,76.0,83.86913386870053,7.86913386870053,test
img00394,202,images/img00394.jpg,74.0,64.35906042286257,9.64093957713743,test
img00395,202,images/img00395.jpg,74.0,65.70004065668157,8.299959343318434,test
img00424,218,images/img00424.jpg,38.0,39.082974334368714,1.0829743343687142,test
img00425,218,images/img00425.jpg,38.0,34.325570216588304,3.674429783411696,test
img00427,220,images/img00427.jpg,49.0,57.34776874818338,8.347768748183377,test
img00428,220,images/img00428.jpg,49.0,48.45439238206945,0.5456076179305498,test
img00441,227,images/img00441.jpg,41.0,36.7414664536753,4.258533546324699,test
img00442,227,images/img00442.jpg,41.0,35.56741123554881,5.432588764451189,test
img00451,232,images/img00451.jpg,60.0,60.662688019584074,0.6626880195840741,test
img00452,232,images/img00452.jpg,60.0,63.16897159545975,3.1689715954597517,test
img00463,238,images/img00463.jpg,49.0,49.49971085410963,0.4997108541096295,test
img00464,238,images/img00464.jpg,49.0,40.95300041890168,8.04699958109832,test
img00478,246,images/img00478.jpg,59.0,59.935795348231856,0.9357953482318564,test
img00479,246,images/img00479.jpg,59.0,58.13031533807941,0.8696846619205871,test
img00482,248,images/img00482.jpg,37.0,56.8872667407173,19.8872667407173,test
img00483,248,images/img00483.jpg,37.0,61.17541097660444,24.17541097660444,test
img00487,251,images/img00487.jpg,64.0,69.94639454119276,5.94639454119276,test
img00488,251,images/img00488.jpg,64.0,53.20970634495559,10.790293655044408,test
img00495,255,images/img00495.jpg,87.0,81.15150280564022,5.84849719435978,test
img00509,264,images/img00509.jpg,57.0,55.85997394607194,1.140026053928061,test
img00510,264,images/img00510.jpg,57.0,60.052657255274326,3.052657255274326,test
img00526,273,images/img00526.jpg,51.0,63.89925906443635,12.89925906443635,test
img00527,273,images/img00527.jpg,51.0,64.80513644899327,13.805136448993268,test
img00530,275,images/img00530.jpg,77.0,81.59300808344747,4.593008083447472,test
img00531,275,images/img00531.jpg,77.0,82.0643132007178,5.064313200717805,test
img00546,283,images/img00546.jpg,53.0,67.27415795617271,14.274157956172717,test
img00547,283,images/img00547.jpg,53.0,53.0055241683138,0.0055241683137978,test
img00575,298,images/img00575.jpg,75.0,72.85016008680194,2.149839913198065,test
img00576,298,images/img00576.jpg,75.0,78.24628020449296,3.2462802044929617,test
img00593,307,images/img00593.jpg,11.0,15.85919732221361,4.8591973222136104,test
img00594,307,images/img00594.jpg,11.0,12.87227709355281,1.8722770935528104,test
img00609,316,images/img00609.jpg,62.0,71.95352998810388,9.95352998810388,test
img00610,316,images/img00610.jpg,62.0,70.9804055642667,8.980405564266704,test
img00611,317,images/img00611.jpg,78.0,80.61962954737947,2.619629547379475,test
img00635,329,images/img00635.jpg,68.0,65.73995917973924,2.2600408202607554,test
img00636,329,images/img00636.jpg,68.0,66.0206201403215,1.9793798596785024,test
img00645,334,images/img00645.jpg,68.0,66.38547295447688,1.6145270455231184,test
img00646,334,images/img00646.jpg,68.0,72.34010339963692,4.3401033996369165,test
img00651,337,images/img00651.jpg,30.0,34.01046886915182,4.010468869151822,test
img00652,337,images/img00652.jpg,30.0,40.37309994901614,10.373099949016137,test
img00655,339,images/img00655.jpg,52.0,60.01976744380279,8.019767443802792,test
img00656,339,images/img00656.jpg,52.0,52.69021696815814,0.6902169681581398,test
img00669,346,images/img00669.jpg,49.0,55.0563401989702,6.056340198970197,test
img00670,346,images/img00670.jpg,49.0,60.91485023894945,11.914850238949448,test
img00677,350,images/img00677.jpg,77.0,73.2403903151158,3.7596096848841967,test
img00678,350,images/img00678.jpg,77.0,66.62009161442185,10.379908385578148,test
img00695,360,images/img00695.jpg,75.0,75.8472513483581,0.8472513483580997,test
img00707,366,images/img00707.jpg,74.0,69.7419399845954,4.258060015404595,test
img00722,374,images/img00722.jpg,9.0,16.832458072354882,7.832458072354882,test
img00723,374,images/img00723.jpg,9.0,23.605443324237235,14.605443324237235,test
img00753,390,images/img00753.jpg,47.0,52.04702619364216,5.047026193642161,test
img00754,390,images/img00754.jpg,47.0,48.42163589772331,1.4216358977233128,test
img00784,406,images/img00784.jpg,78.0,71.42111905889982,6.578880941100181,test
img00785,406,images/img00785.jpg,78.0,79.2463285280822,1.246328528082202,test
img00794,411,images/img00794.jpg,68.0,61.04285709400368,6.957142905996321,test
img00808,418,images/img00808.jpg,80.0,82.62468629080587,2.624686290805869,test
img00809,418,images/img00809.jpg,80.0,78.8684145633848,1.1315854366151967,test
img00813,421,images/img00813.jpg,84.0,77.45366380398235,6.5463361960176485,test
img00814,421,images/img00814.jpg,84.0,79.84536593923033,4.154634060769666,test
img00821,425,images/img00821.jpg,57.0,53.39689353922462,3.603106460775379,test
img00822,425,images/img00822.jpg,57.0,59.02974619253179,2.029746192531789,test
img00860,446,images/img00860.jpg,69.0,59.78313660760949,9.216863392390508,test
img00861,446,images/img00861.jpg,69.0,72.36672738151998,3.366727381519979,test
img00896,464,images/img00896.jpg,77.0,80.137420507003,3.137420507003,test
img00897,464,images/img00897.jpg,77.0,66.17136758616056,10.828632413839443,test
img00898,465,images/img00898.jpg,84.0,78.35353955932811,5.646460440671888,test
img00899,465,images/img00899.jpg,84.0,80.66693586550826,3.3330641344917353,test
img00910,471,images/img00910.jpg,54.0,60.80823625283784,6.808236252837844,test
img00911,471,images/img00911.jpg,54.0,54.82784477129962,0.8278447712996169,test
img00927,480,images/img00927.jpg,62.0,58.948876338336675,3.0511236616633255,test
img00928,480,images/img00928.jpg,62.0,66.08938530932409,4.089385309324086,test
img00929,481,images/img00929.jpg,65.0,59.16037023997189,5.83962976002811,test
img00934,484,images/img00934.jpg,59.0,59.4076339825788,0.4076339825788011,test
img00935,484,images/img00935.jpg,59.0,56.700056848118635,2.299943151881365,test
img00982,509,images/img00982.jpg,73.0,44.14376882475926,28.856231175240737,test
img00983,509,images/img00983.jpg,73.0,51.55414443957129,21.44585556042871,test
img01004,520,images/img01004.jpg,43.0,42.6137558111665,0.3862441888335013,test
img01009,523,images/img01009.jpg,88.0,85.44829415083248,2.551705849167518,test
img01022,531,images/img01022.jpg,46.0,40.339243038743405,5.660756961256595,test
img01023,531,images/img01023.jpg,46.0,38.7607513008067,7.239248699193297,test
img01047,544,images/img01047.jpg,78.0,71.18718530230657,6.812814697693426,test
img01056,549,images/img01056.jpg,78.0,81.10616176751117,3.1061617675111677,test
img01057,549,images/img01057.jpg,78.0,82.39191730615477,4.391917306154767,test
img01145,596,images/img01145.jpg,77.0,73.56955181225065,3.4304481877493487,test
img01146,596,images/img01146.jpg,77.0,77.93819148213873,0.938191482138734,test
img01194,622,images/img01194.jpg,61.0,71.97587441464904,10.97587441464904,test
img01195,622,images/img01195.jpg,61.0,72.46562829799892,11.46562829799892,test
img01196,623,images/img01196.jpg,68.0,60.52142125023647,7.478578749763528,test
img01267,661,images/img01267.jpg,29.0,35.04958503966124,6.049585039661238,test
img01268,661,images/img01268.jpg,29.0,34.74911750301072,5.749117503010723,test
img01308,684,images/img01308.jpg,55.0,53.994191699385205,1.005808300614795,test
img01309,684,images/img01309.jpg,55.0,63.835782265421926,8.835782265421926,test
img01341,701,images/img01341.jpg,61.0,67.19555329984631,6.19555329984631,test
img01354,708,images/img01354.jpg,63.0,63.63440377555,0.6344037755499983,test
img01355,708,images/img01355.jpg,63.0,66.06960490790621,3.0696049079062107,test
img01393,728,images/img01393.jpg,65.0,74.76052130757787,9.760521307577877,test
img01396,730,images/img01396.jpg,76.0,77.45004733978752,1.4500473397875169,test
img01397,730,images/img01397.jpg,76.0,80.58208855506508,4.582088555065084,test
img01405,735,images/img01405.jpg,72.0,74.38884127211381,2.388841272113808,test
img01406,735,images/img01406.jpg,72.0,78.52189491060311,6.521894910603109,test
img01473,772,images/img01473.jpg,91.0,85.88762257021605,5.1123774297839475,test
img01474,772,images/img01474.jpg,91.0,85.50456528671805,5.495434713281952,test
img01479,775,images/img01479.jpg,43.0,50.49325368646781,7.49325368646781,test
img01480,775,images/img01480.jpg,43.0,54.63328477785293,11.633284777852928,test
img01535,804,images/img01535.jpg,43.0,39.62328346432639,3.3767165356736086,test
img01536,804,images/img01536.jpg,43.0,33.11806161404918,9.881938385950818,test
img01541,807,images/img01541.jpg,43.0,55.732202662871174,12.732202662871174,test
img01542,807,images/img01542.jpg,43.0,55.097846650817885,12.097846650817884,test
img01551,812,images/img01551.jpg,19.0,32.53056504249988,13.53056504249988,test
img01552,812,images/img01552.jpg,19.0,33.25272146539549,14.252721465395489,test
img01586,830,images/img01586.jpg,44.0,46.54229490948465,2.542294909484653,test
img01587,830,images/img01587.jpg,44.0,39.48134378834182,4.5186562116581825,test
img01620,848,images/img01620.jpg,49.0,46.18071392662737,2.8192860733726306,test
img01621,848,images/img01621.jpg,49.0,44.35760590290914,4.6423940970908575,test
img01637,857,images/img01637.jpg,60.0,44.71919233881859,15.280807661181411,test
img01643,860,images/img01643.jpg,80.0,71.21090498860737,8.789095011392632,test
img01644,860,images/img01644.jpg,80.0,73.84643598890447,6.153564011095526,test
img01700,892,images/img01700.jpg,31.0,33.10254877125446,2.1025487712544617,test
img01701,892,images/img01701.jpg,31.0,34.90027392776204,3.900273927762043,test
img01704,894,images/img01704.jpg,28.0,36.92699673804445,8.926996738044451,test
img01720,902,images/img01720.jpg,8.0,25.419477469155403,17.419477469155403,test
img01721,902,images/img01721.jpg,8.0,26.13712312730137,18.13712312730137,test
img01728,906,images/img01728.jpg,28.0,28.444671580341375,0.4446715803413745,test
img01729,906,images/img01729.jpg,28.0,42.891213648907915,14.891213648907916,test
img01744,915,images/img01744.jpg,58.0,51.1094093189676,6.8905906810324,test
img01745,915,images/img01745.jpg,58.0,52.776777082285875,5.223222917714125,test
img01757,923,images/img01757.jpg,35.0,33.59609361646841,1.4039063835315917,test
img01778,935,images/img01778.jpg,59.0,61.772250807730686,2.7722508077306856,test
img01779,935,images/img01779.jpg,59.0,76.51488161206045,17.51488161206045,test
img01782,937,images/img01782.jpg,84.0,78.3223546446155,5.677645355384499,test
img01783,937,images/img01783.jpg,84.0,72.30058622121847,11.699413778781532,test
img01808,950,images/img01808.jpg,71.0,80.8404956097681,9.840495609768098,test
img01819,957,images/img01819.jpg,25.0,35.70331002034666,10.703310020346663,test
img01820,957,images/img01820.jpg,25.0,33.675703815613765,8.675703815613765,test
img01823,959,images/img01823.jpg,32.0,46.56942711582936,14.569427115829356,test
img01838,967,images/img01838.jpg,25.0,26.33354424745146,1.33354424745146,test
img01842,969,images/img01842.jpg,82.0,70.48142838848747,11.518571611512527,test
img01843,969,images/img01843.jpg,82.0,64.79061006333492,17.209389936665076,test
img01894,999,images/img01894.jpg,54.0,43.5186789115948,10.481321088405204,test
img01895,999,images/img01895.jpg,54.0,63.69566990721734,9.695669907217336,test
img01958,1033,images/img01958.jpg,47.0,52.511838907006634,5.511838907006634,test
img01959,1033,images/img01959.jpg,47.0,51.943330953701064,4.943330953701064,test
img01963,1036,images/img01963.jpg,34.0,44.329905488529,10.329905488529,test
img01964,1036,images/img01964.jpg,34.0,43.02592366833412,9.025923668334125,test
img01965,1037,images/img01965.jpg,59.0,69.22392184127168,10.223921841271675,test
img02032,1072,images/img02032.jpg,78.0,82.91599924348431,4.915999243484308,test
img02041,1077,images/img02041.jpg,60.0,64.0164337040204,4.0164337040204,test
img02042,1077,images/img02042.jpg,60.0,59.95316440998303,0.0468355900169683,test
img02050,1082,images/img02050.jpg,56.0,53.67460821572294,2.325391784277059,test
img02051,1082,images/img02051.jpg,56.0,57.3394799044054,1.339479904405401,test
img02059,1087,images/img02059.jpg,62.0,62.69123460316256,0.6912346031625631,test
img02075,1096,images/img02075.jpg,64.0,71.92547948777485,7.925479487774851,test
img02091,1105,images/img02091.jpg,71.0,76.85126295025977,5.851262950259766,test
img02092,1105,images/img02092.jpg,71.0,60.81886152497842,10.181138475021577,test
img02099,1109,images/img02099.jpg,52.0,44.74694837433079,7.253051625669208,test
img02100,1109,images/img02100.jpg,54.0,54.02306697385397,0.0230669738539717,test
img02114,1117,images/img02114.jpg,42.0,52.878641187310464,10.878641187310464,test
img02115,1117,images/img02115.jpg,42.0,50.281898837662766,8.281898837662766,test
img02167,1144,images/img02167.jpg,40.0,54.95928241412251,14.959282414122512,test
img02217,1170,images/img02217.jpg,56.0,61.15160840391077,5.151608403910764,test
img02218,1170,images/img02218.jpg,56.0,66.9945156257346,10.994515625734609,test
img02259,1192,images/img02259.jpg,38.0,39.87273006371434,1.872730063714343,test
img02260,1192,images/img02260.jpg,38.0,38.53317362181524,0.5331736218152372,test
img02261,1193,images/img02261.jpg,42.0,49.25991288521976,7.259912885219762,test
img02262,1193,images/img02262.jpg,42.0,39.55203715658942,2.447962843410579,test
img02275,1200,images/img02275.jpg,33.0,42.408285896256295,9.408285896256295,test
img02276,1200,images/img02276.jpg,33.0,54.21035014184108,21.210350141841083,test
img02284,1205,images/img02284.jpg,36.0,40.24288651640394,4.242886516403942,test
img02285,1205,images/img02285.jpg,36.0,36.087540800670254,0.0875408006702542,test
img02303,1215,images/img02303.jpg,47.0,61.53595642485587,14.535956424855868,test
img02311,1219,images/img02311.jpg,31.0,38.90294290780123,7.902942907801233,test
img02312,1219,images/img02312.jpg,31.0,40.49140173448238,9.49140173448238,test
img02314,1221,images/img02314.jpg,17.0,39.19253378660643,22.192533786606432,test
img02315,1221,images/img02315.jpg,17.0,31.689331410120374,14.689331410120378,test
img02321,1225,images/img02321.jpg,51.0,53.63278248767108,2.6327824876710793,test
img02322,1225,images/img02322.jpg,51.0,61.41288267344135,10.412882673441352,test
img02381,1255,images/img02381.jpg,28.0,25.663774206080152,2.336225793919848,test
img02382,1255,images/img02382.jpg,28.0,24.80699501259295,3.1930049874070505,test
img02390,1260,images/img02390.jpg,63.0,65.49232517489044,2.492325174890439,test
img02391,1260,images/img02391.jpg,63.0,68.88352051301742,5.883520513017416,test
img02414,1272,images/img02414.jpg,60.0,56.679931677477725,3.3200683225222747,test
img02415,1272,images/img02415.jpg,60.0,58.55342297217115,1.4465770278288517,test
img02444,1287,images/img02444.jpg,34.0,40.440594556864625,6.440594556864625,test
img02473,1302,images/img02473.jpg,78.0,78.06748771137703,0.0674877113770264,test
img02474,1302,images/img02474.jpg,78.0,79.68036094320459,1.6803609432045905,test
img02525,1329,images/img02525.jpg,59.0,65.08136298755616,6.081362987556162,test
img02526,1329,images/img02526.jpg,59.0,65.000198123239,6.000198123239002,test
img02552,1343,images/img02552.jpg,82.0,69.70382533119341,12.296174668806586,test
img02563,1349,images/img02563.jpg,68.0,76.13985558378884,8.139855583788844,test
img02564,1349,images/img02564.jpg,68.0,70.72922162245946,2.7292216224594625,test
img02567,1351,images/img02567.jpg,79.0,79.48319820796026,0.4831982079602568,test
img02568,1351,images/img02568.jpg,79.0,72.87293203263671,6.127067967363288,test
img02584,1360,images/img02584.jpg,78.0,81.11225827982996,3.112258279829959,test
img02628,1384,images/img02628.jpg,74.0,84.03866707924284,10.038667079242842,test
img02629,1384,images/img02629.jpg,74.0,76.09389726015488,2.0938972601548755,test
img02632,1386,images/img02632.jpg,51.0,45.67383855009453,5.32616144990547,test
img02633,1386,images/img02633.jpg,51.0,55.19338330676456,4.193383306764559,test
img02691,1419,images/img02691.jpg,42.0,51.007851130169385,9.007851130169383,test
img02713,1430,images/img02713.jpg,49.0,46.38913830519976,2.610861694800242,test
img02714,1430,images/img02714.jpg,49.0,53.936255201368894,4.936255201368894,test
img02737,1444,images/img02737.jpg,60.0,60.98455387822937,0.98455387822937,test
img02748,1450,images/img02748.jpg,61.0,68.5775595716174,7.5775595716174,test
img02749,1450,images/img02749.jpg,61.0,65.60428560599576,4.604285605995756,test
img02780,1468,images/img02780.jpg,75.0,80.67883878777074,5.678838787770744,test
img02781,1468,images/img02781.jpg,75.0,78.15642917338455,3.156429173384552,test
img02813,1485,images/img02813.jpg,64.0,56.84614629679964,7.153853703200362,test
img02826,1492,images/img02826.jpg,67.0,59.31923509926153,7.680764900738467,test
img02827,1492,images/img02827.jpg,67.0,65.05260849819282,1.947391501807175,test
img02840,1499,images/img02840.jpg,74.0,75.16573107018488,1.1657310701848758,test
img02858,1510,images/img02858.jpg,58.0,48.72128329532844,9.27871670467156,test
img02859,1510,images/img02859.jpg,58.0,63.8197355688204,5.819735568820398,test
img02866,1514,images/img02866.jpg,47.0,42.10207847689848,4.897921523101516,test
img02867,1514,images/img02867.jpg,47.0,44.52584019642611,2.4741598035738903,test
img02888,1526,images/img02888.jpg,75.0,77.93765490180584,2.9376549018058427,test
img02899,1532,images/img02899.jpg,70.0,52.92556851831389,17.074431481686112,test
img02902,1534,images/img02902.jpg,63.0,63.273353919973445,0.2733539199734451,test
img02913,1540,images/img02913.jpg,72.0,76.79582722196564,4.795827221965638,test
img02914,1540,images/img02914.jpg,72.0,72.52233785927845,0.5223378592784513,test
img02939,1554,images/img02939.jpg,74.0,71.78831995731679,2.211680042683213,test
img02940,1554,images/img02940.jpg,74.0,74.1573995603593,0.1573995603592948,test
img02951,1560,images/img02951.jpg,59.0,61.30247254506613,2.3024725450661236,test
img02952,1560,images/img02952.jpg,59.0,57.051401906759814,1.9485980932401856,test
img02955,1562,images/img02955.jpg,59.0,52.17702150416781,6.822978495832189,test
img02956,1562,images/img02956.jpg,59.0,50.8506559954522,8.1493440045478,test
img02974,1573,images/img02974.jpg,80.0,76.1701112984128,3.829888701587194,test
img02975,1573,images/img02975.jpg,80.0,66.72171033209908,13.27828966790092,test
img02976,1574,images/img02976.jpg,58.0,65.90756964408871,7.90756964408871,test
img02977,1574,images/img02977.jpg,58.0,54.764684794615896,3.2353152053841043,test
img02978,1575,images/img02978.jpg,77.0,74.33328775789295,2.666712242107053,test
img02979,1575,images/img02979.jpg,77.0,69.3938454903489,7.606154509651105,test
img02998,1586,images/img02998.jpg,66.0,47.99937444100105,18.000625558998948,test
img02999,1586,images/img02999.jpg,66.0,48.7304471494892,17.2695528505108,test
img03007,1591,images/img03007.jpg,49.0,42.52421015097925,6.4757898490207495,test
img03008,1591,images/img03008.jpg,49.0,53.1799231373016,4.1799231373016,test
img03037,1607,images/img03037.jpg,74.0,73.52742371245633,0.4725762875436743,test
img03052,1615,images/img03052.jpg,74.0,49.72556209678612,24.27443790321388,test
img03053,1615,images/img03053.jpg,74.0,58.07394918275989,15.92605081724011,test
img03062,1622,images/img03062.jpg,43.0,42.50306539591007,0.4969346040899296,test
img03088,1637,images/img03088.jpg,61.0,54.41237727226786,6.587622727732139,test
img03089,1637,images/img03089.jpg,61.0,52.341684048517685,8.658315951482315,test
img03126,1658,images/img03126.jpg,53.0,66.63562626942523,13.63562626942523,test
img03127,1658,images/img03127.jpg,53.0,51.188906639933165,1.8110933600668344,test
img03133,1662,images/img03133.jpg,69.0,81.5339188102038,12.5339188102038,test
img03153,1673,images/img03153.jpg,46.0,43.444038624191265,2.555961375808735,test
img03154,1673,images/img03154.jpg,46.0,60.99426112903822,14.994261129038222,test
img03159,1676,images/img03159.jpg,66.0,54.87382572510006,11.126174274899938,test
img03160,1676,images/img03160.jpg,66.0,65.83939994838238,0.1606000516176209,test
img03161,1677,images/img03161.jpg,72.0,68.56565119630275,3.4343488036972474,test
img03162,1677,images/img03162.jpg,72.0,72.23105762491299,0.2310576249129923,test
img03197,1697,images/img03197.jpg,78.0,72.86318524719967,5.136814752800333,test
img03198,1697,images/img03198.jpg,78.0,79.98915201867747,1.9891520186774727,test
img03205,1701,images/img03205.jpg,74.0,72.49380094669642,1.5061990533035754,test
img03206,1701,images/img03206.jpg,74.0,66.41797314537133,7.5820268546286655,test
img03207,1702,images/img03207.jpg,68.0,80.546665528211,12.546665528210994,test
img03208,1702,images/img03208.jpg,68.0,77.68469435560374,9.68469435560374,test
img03223,1711,images/img03223.jpg,71.0,63.47239686760375,7.527603132396251,test
img03224,1711,images/img03224.jpg,71.0,73.18283553075094,2.1828355307509355,test
img03259,1730,images/img03259.jpg,55.0,61.20611438681102,6.2061143868110165,test
img03260,1730,images/img03260.jpg,55.0,60.57725505133853,5.577255051338533,test
img03275,1737,images/img03275.jpg,53.0,57.24406144336437,4.244061443364373,test
img03276,1737,images/img03276.jpg,53.0,61.96714889041151,8.967148890411508,test
img03346,1777,images/img03346.jpg,56.0,41.286936608510885,14.713063391489117,test
img03347,1777,images/img03347.jpg,56.0,47.453586084229485,8.546413915770515,test
img03377,1793,images/img03377.jpg,68.0,73.4221830775321,5.422183077532097,test
img03378,1793,images/img03378.jpg,68.0,74.52698780501345,6.526987805013448,test
img03444,1828,images/img03444.jpg,78.0,65.76877637920248,12.231223620797522,test
img03472,1846,images/img03472.jpg,67.0,75.7757443847277,8.775744384727702,test
img03473,1846,images/img03473.jpg,67.0,70.54818683429389,3.5481868342938867,test
img03479,1850,images/img03479.jpg,63.0,67.69384339105294,4.693843391052937,test
img03480,1850,images/img03480.jpg,63.0,54.794989859361934,8.205010140638066,test
img03491,1856,images/img03491.jpg,33.0,53.31605504007944,20.31605504007944,test
img03492,1856,images/img03492.jpg,33.0,60.51130011276841,27.51130011276841,test
img03524,1875,images/img03524.jpg,81.0,78.78059643012296,2.219403569877045,test
img03534,1880,images/img03534.jpg,61.0,62.77716325384976,1.777163253849764,test
img03535,1880,images/img03535.jpg,61.0,71.41841979807889,10.418419798078888,test
img03554,1890,images/img03554.jpg,57.0,66.51784579574581,9.517845795745814,test
img03555,1890,images/img03555.jpg,57.0,59.71012187505589,2.71012187505589,test
img03562,1894,images/img03562.jpg,19.0,18.796385715143305,0.2036142848566982,test
img03563,1894,images/img03563.jpg,19.0,14.079739890453752,4.920260109546248,test
img03570,1898,images/img03570.jpg,56.0,67.42970190669479,11.429701906694788,test
img03571,1898,images/img03571.jpg,56.0,56.14287447517774,0.1428744751777415,test
img03593,1910,images/img03593.jpg,8.0,13.07246518213745,5.072465182137449,test
img03594,1910,images/img03594.jpg,8.0,12.078635519235462,4.078635519235462,test
img03614,1921,images/img03614.jpg,58.0,59.174202179437216,1.1742021794372164,test
img03615,1921,images/img03615.jpg,58.0,54.77768787015236,3.222312129847637,test
img03646,1937,images/img03646.jpg,66.0,65.96347869731063,0.0365213026893656,test
img03665,1947,images/img03665.jpg,71.0,72.56392719751902,1.5639271975190212,test
img03666,1947,images/img03666.jpg,71.0,58.99235761302537,12.00764238697463,test
img03667,1948,images/img03667.jpg,72.0,64.29561361563505,7.704386384364952,test
img03668,1948,images/img03668.jpg,72.0,66.295305646343,5.704694353657004,test
img03673,1951,images/img03673.jpg,73.0,77.76204917237426,4.762049172374262,test
img03674,1951,images/img03674.jpg,73.0,77.57432894225624,4.574328942256244,test
img03710,1970,images/img03710.jpg,68.0,73.47397943881231,5.473979438812307,test
img03711,1970,images/img03711.jpg,68.0,71.01437044497227,3.014370444972272,test
img03723,1977,images/img03723.jpg,68.0,61.87945781326507,6.12054218673493,test
img03724,1977,images/img03724.jpg,68.0,62.065753160852765,5.934246839147235,test
img03727,1979,images/img03727.jpg,50.0,59.39594645587677,9.395946455876768,test
img03728,1979,images/img03728.jpg,50.0,48.43148847237232,1.5685115276276775,test
img03775,2005,images/img03775.jpg,78.0,74.00396048797232,3.9960395120276786,test
img03794,2016,images/img03794.jpg,30.0,24.165423794569527,5.834576205430473,test
img03795,2016,images/img03795.jpg,30.0,35.27147191341487,5.271471913414871,test
img03804,2021,images/img03804.jpg,15.0,17.217727113810398,2.2177271138103976,test
img03805,2021,images/img03805.jpg,15.0,19.511485888539347,4.511485888539347,test
img03854,2046,images/img03854.jpg,32.0,25.843188347142725,6.156811652857275,test
img03855,2046,images/img03855.jpg,32.0,27.107286543813768,4.892713456186232,test
img03923,2081,images/img03923.jpg,21.0,29.920280583109346,8.920280583109346,test
img03924,2081,images/img03924.jpg,21.0,24.12947727470774,3.129477274707739,test
img03943,2091,images/img03943.jpg,56.0,57.17563559053266,1.1756355905326572,test
img03944,2091,images/img03944.jpg,56.0,52.65100352474521,3.3489964752547934,test
img03956,2098,images/img03956.jpg,60.0,49.76046599307425,10.239534006925751,test
img03957,2098,images/img03957.jpg,60.0,53.342510522650656,6.657489477349344,test
img04035,2142,images/img04035.jpg,60.0,61.89089722609366,1.8908972260936563,test
img04036,2142,images/img04036.jpg,60.0,62.40267271530062,2.4026727153006178,test
img04043,2146,images/img04043.jpg,48.0,53.32827287610437,5.328272876104364,test
img04044,2146,images/img04044.jpg,48.0,47.66628456508762,0.3337154349123779,test
img04048,2148,images/img04048.jpg,56.0,48.08145487277647,7.918545127223531,test
img04049,2149,images/img04049.jpg,36.0,40.92943341806148,4.929433418061478,test
img04050,2149,images/img04050.jpg,36.0,35.88133690493884,0.1186630950611586,test
img04163,2207,images/img04163.jpg,39.0,41.03201405414035,2.0320140541403475,test
img04164,2207,images/img04164.jpg,39.0,37.00575407983143,1.9942459201685665,test
img04165,2208,images/img04165.jpg,71.0,74.7771116734801,3.777111673480107,test
img04166,2208,images/img04166.jpg,71.0,65.80700772792076,5.192992272079238,test
img04195,2225,images/img04195.jpg,82.0,77.29782647925387,4.702173520746129,test
img04196,2225,images/img04196.jpg,82.0,78.28273276759552,3.717267232404481,test
img04209,2233,images/img04209.jpg,75.0,72.13043572517125,2.869564274828747,test
img04210,2233,images/img04210.jpg,75.0,73.77115551317694,1.228844486823064,test
img04225,2241,images/img04225.jpg,58.0,54.69896079280489,3.3010392071951102,test
img04226,2241,images/img04226.jpg,58.0,51.39125468247977,6.608745317520231,test
img04233,2246,images/img04233.jpg,76.0,82.54978316628805,6.5497831662880515,test
img04234,2246,images/img04234.jpg,76.0,81.85692272083563,5.856922720835627,test
img04253,2256,images/img04253.jpg,67.0,62.43235095170046,4.567649048299543,test
img04254,2256,images/img04254.jpg,67.0,69.41405668288768,2.4140566828876757,test
img04286,2273,images/img04286.jpg,45.0,44.82260620126805,0.1773937987319556,test
img04295,2278,images/img04295.jpg,50.0,58.14120399263949,8.14120399263949,test
img04296,2278,images/img04296.jpg,50.0,49.76958349629162,0.2304165037083834,test
img04306,2284,images/img04306.jpg,79.0,71.23337374474184,7.76662625525816,test
img04307,2284,images/img04307.jpg,79.0,59.59614517791313,19.40385482208687,test
img04372,2320,images/img04372.jpg,27.0,30.085309572564608,3.085309572564608,test
img04373,2320,images/img04373.jpg,27.0,30.857710418094698,3.857710418094694,test
img04381,2325,images/img04381.jpg,77.0,82.02796969865852,5.027969698658524,test
img04391,2330,images/img04391.jpg,33.0,36.518822696281376,3.518822696281376,test
img04392,2330,images/img04392.jpg,33.0,32.70977196758024,0.2902280324197619,test
img04403,2336,images/img04403.jpg,78.0,67.55248282920813,10.447517170791867,test
img04473,2372,images/img04473.jpg,43.0,47.779527008756574,4.779527008756574,test
img04474,2373,images/img04474.jpg,32.0,30.78187591226735,1.218124087732651,test
img04475,2373,images/img04475.jpg,32.0,34.450412392819445,2.450412392819445,test
img04492,2382,images/img04492.jpg,73.0,79.42580592454986,6.425805924549863,test
img04493,2382,images/img04493.jpg,73.0,78.60678584546359,5.606785845463591,test
img04528,2400,images/img04528.jpg,74.0,71.44667533316927,2.553324666830733,test
img04529,2400,images/img04529.jpg,74.0,64.81869437258737,9.181305627412629,test
img04540,2406,images/img04540.jpg,68.0,71.77822744837259,3.77822744837259,test
img04541,2406,images/img04541.jpg,68.0,65.36214555120166,2.637854448798336,test
img04564,2419,images/img04564.jpg,58.0,48.40486612640491,9.595133873595088,test
img04565,2419,images/img04565.jpg,58.0,57.78987161234459,0.2101283876554092,test
img04568,2421,images/img04568.jpg,70.0,69.83082255363956,0.169177446360436,test
img04569,2421,images/img04569.jpg,70.0,72.64064836962815,2.6406483696281526,test
img04570,2422,images/img04570.jpg,32.0,33.557106474720264,1.557106474720264,test
img04571,2422,images/img04571.jpg,32.0,35.02637248721165,3.0263724872116526,test
img04580,2427,images/img04580.jpg,44.0,44.0719957521833,0.0719957521832981,test
img04581,2427,images/img04581.jpg,61.0,44.14576246063024,16.854237539369763,test
img04586,2430,images/img04586.jpg,39.0,48.465267949304334,9.465267949304334,test
img04587,2430,images/img04587.jpg,39.0,47.89973081881744,8.899730818817439,test
img04588,2431,images/img04588.jpg,44.0,44.240615031183005,0.2406150311830046,test
img04589,2431,images/img04589.jpg,44.0,38.22605990518785,5.773940094812147,test
img04609,2442,images/img04609.jpg,45.0,38.823949994160785,6.176050005839215,test
img04610,2442,images/img04610.jpg,45.0,45.181165102616305,0.1811651026163048,test
img04619,2447,images/img04619.jpg,37.0,53.32344010862447,16.323440108624467,test
img04625,2450,images/img04625.jpg,64.0,52.50514692139159,11.494853078608408,test
img04626,2450,images/img04626.jpg,64.0,66.67570838404781,2.675708384047809,test
img04657,2466,images/img04657.jpg,67.0,65.0154437664777,1.984556233522298,test
img04658,2466,images/img04658.jpg,67.0,63.15564215475129,3.844357845248709,test
img04705,2490,images/img04705.jpg,35.0,33.22491308058251,1.7750869194174896,test
img04706,2490,images/img04706.jpg,35.0,32.70552731177617,2.294472688223827,test
img04723,2499,images/img04723.jpg,61.0,55.8277709465204,5.1722290534796045,test
img04829,2552,images/img04829.jpg,58.0,51.67895989584683,6.32104010415317,test
img04830,2552,images/img04830.jpg,58.0,57.42621833333888,0.5737816666611195,test
img04837,2556,images/img04837.jpg,53.0,70.26359422310176,17.263594223101762,test
img04838,2556,images/img04838.jpg,53.0,58.303476191573495,5.303476191573495,test
img04861,2568,images/img04861.jpg,43.0,51.593255365603554,8.593255365603554,test
img04888,2582,images/img04888.jpg,47.0,41.80136882473191,5.1986311752680905,test
img04889,2582,images/img04889.jpg,47.0,50.53582021165609,3.5358202116560875,test
img04920,2599,images/img04920.jpg,60.0,55.185039046343974,4.814960953656026,test
img04952,2616,images/img04952.jpg,52.0,52.6579005451216,0.6579005451215991,test
img04953,2616,images/img04953.jpg,52.0,46.33192597251076,5.66807402748924,test
img04963,2622,images/img04963.jpg,80.0,76.69194875947186,3.308051240528144,test
img04964,2622,images/img04964.jpg,80.0,69.12527612763398,10.87472387236602,test
img04985,2633,images/img04985.jpg,79.0,77.17348380260091,1.826516197399087,test
img04986,2633,images/img04986.jpg,79.0,75.26963134488733,3.7303686551126702,test
img04987,2634,images/img04987.jpg,60.0,76.35970955969593,16.35970955969593,test
img04988,2634,images/img04988.jpg,60.0,73.15034188351909,13.15034188351909,test
img05014,2648,images/img05014.jpg,39.0,46.499680397437345,7.499680397437345,test
img05015,2648,images/img05015.jpg,39.0,37.4697761006322,1.5302238993677977,test
img05017,2649,images/img05017.jpg,49.0,50.262726996866334,1.2627269968663342,test
img05035,2659,images/img05035.jpg,43.0,62.25585255762971,19.25585255762971,test
img05036,2659,images/img05036.jpg,43.0,45.95134437469498,2.9513443746949832,test
img05047,2665,images/img05047.jpg,30.0,38.73359073859075,8.733590738590749,test
img05051,2667,images/img05051.jpg,32.0,36.99357632373991,4.993576323739909,test
img05052,2667,images/img05052.jpg,32.0,47.80539192577848,15.80539192577848,test
img05053,2668,images/img05053.jpg,56.0,60.42743789619857,4.427437896198569,test
img05054,2668,images/img05054.jpg,56.0,65.61746617838014,9.61746617838014,test
img05061,2672,images/img05061.jpg,69.0,61.46972092675193,7.530279073248067,test
img05062,2672,images/img05062.jpg,69.0,62.930071198956,6.069928801044,test
img05069,2676,images/img05069.jpg,58.0,56.36724473704978,1.632755262950219,test
img05070,2676,images/img05070.jpg,58.0,66.52303382957416,8.52303382957416,test
img05124,2705,images/img05124.jpg,35.0,41.90747867617099,6.907478676170996,test
img05125,2705,images/img05125.jpg,35.0,39.38099563181868,4.380995631818678,test
img05139,2713,images/img05139.jpg,26.0,32.09072839865466,6.090728398654662,test
img05140,2713,images/img05140.jpg,26.0,24.7170458265456,1.2829541734543994,test
img05159,2723,images/img05159.jpg,33.0,37.893046372004704,4.893046372004704,test
img05160,2723,images/img05160.jpg,33.0,33.97490188172062,0.9749018817206192,test
img05169,2728,images/img05169.jpg,38.0,48.60599050404602,10.60599050404602,test
img05170,2728,images/img05170.jpg,38.0,43.55723089978031,5.557230899780308,test
img05171,2729,images/img05171.jpg,33.0,30.343461424426373,2.6565385755736273,test
img05172,2729,images/img05172.jpg,33.0,38.321752245773794,5.321752245773794,test
img05189,2738,images/img05189.jpg,69.0,74.0998905816326,5.099890581632593,test
img05190,2739,images/img05190.jpg,55.0,56.76546402759894,1.765464027598938,test
img05191,2739,images/img05191.jpg,55.0,60.07018009309651,5.070180093096511,test
img05192,2740,images/img05192.jpg,81.0,73.72590608632422,7.274093913675784,test
img05202,2745,images/img05202.jpg,63.0,49.8757964104166,13.124203589583402,test
img05203,2745,images/img05203.jpg,63.0,65.51965478172346,2.51965478172346,test
img05218,2753,images/img05218.jpg,8.0,23.561812363266647,15.561812363266649,test
img05231,2760,images/img05231.jpg,65.0,58.758270353013735,6.241729646986265,test
img05232,2760,images/img05232.jpg,65.0,60.22719336852404,4.772806631475959,test
img05235,2762,images/img05235.jpg,34.0,44.48403273609899,10.484032736098996,test
img05236,2762,images/img05236.jpg,34.0,36.41288734251151,2.4128873425115103,test
img05238,2763,images/img05238.jpg,32.0,38.97539870250807,6.975398702508073,test
img05249,2769,images/img05249.jpg,67.0,60.28885402851541,6.711145971484591,test
img05250,2769,images/img05250.jpg,67.0,68.1899598956672,1.1899598956672008,test
img05267,2778,images/img05267.jpg,84.0,76.66579810251658,7.334201897483425,test
img05268,2778,images/img05268.jpg,84.0,74.2704576908651,9.7295423091349,test
img05285,2787,images/img05285.jpg,70.0,77.94581048662158,7.945810486621582,test
img05286,2787,images/img05286.jpg,70.0,65.67162043941585,4.328379560584153,test
img05287,2788,images/img05287.jpg,77.0,85.54616553106295,8.546165531062954,test
img05288,2788,images/img05288.jpg,77.0,78.63961103826699,1.6396110382669915,test
img05289,2789,images/img05289.jpg,61.0,50.9975824876403,10.0024175123597,test
img05290,2789,images/img05290.jpg,61.0,51.83038242954373,9.169617570456268,test
img05311,2800,images/img05311.jpg,86.0,73.71261699820178,12.28738300179822,test
img05312,2800,images/img05312.jpg,86.0,76.81429561903298,9.185704380967024,test
img05317,2803,images/img05317.jpg,64.0,75.40676033825326,11.406760338253264,test
img05318,2803,images/img05318.jpg,64.0,79.61580116803049,15.615801168030488,test
img05319,2804,images/img05319.jpg,83.0,70.47342330791146,12.52657669208854,test
img05320,2804,images/img05320.jpg,83.0,63.610278927473466,19.389721072526537,test
img05324,2807,images/img05324.jpg,75.0,69.55682086035938,5.44317913964062,test
img05325,2807,images/img05325.jpg,75.0,71.66491738685681,3.335082613143186,test
img05344,2817,images/img05344.jpg,48.0,47.26755411906129,0.7324458809387124,test
img05345,2817,images/img05345.jpg,48.0,41.64084623758456,6.359153762415438,test
img05376,2833,images/img05376.jpg,55.0,67.34509889298853,12.345098892988531,test
img05377,2833,images/img05377.jpg,55.0,59.85503455508,4.855034555080003,test
img05394,2842,images/img05394.jpg,58.0,56.40832223818166,1.5916777618183389,test
img05395,2842,images/img05395.jpg,58.0,56.87362927072475,1.1263707292752445,test
img05398,2844,images/img05398.jpg,77.0,80.0306868263964,3.030686826396405,test
img05399,2844,images/img05399.jpg,77.0,71.3828702604146,5.617129739585394,test
img05448,2870,images/img05448.jpg,59.0,58.63484133525076,0.3651586647492379,test
img05449,2870,images/img05449.jpg,59.0,59.33165715208999,0.3316571520899884,test
img05454,2873,images/img05454.jpg,61.0,72.0920222445107,11.092022244510702,test
img05455,2873,images/img05455.jpg,61.0,69.83390679994324,8.833906799943236,test
img05465,2879,images/img05465.jpg,61.0,63.36202709181453,2.3620270918145323,test
img05466,2879,images/img05466.jpg,61.0,65.84431860143386,4.844318601433855,test
img05467,2880,images/img05467.jpg,58.0,64.14250063576746,6.142500635767462,test
img05468,2880,images/img05468.jpg,58.0,54.81917796284356,3.180822037156439,test
img05475,2884,images/img05475.jpg,60.0,65.22079262362988,5.220792623629876,test
img05476,2884,images/img05476.jpg,60.0,76.23165880757179,16.23165880757179,test
img05481,2887,images/img05481.jpg,45.0,50.93559491717173,5.935594917171727,test
img05483,2888,images/img05483.jpg,66.0,65.52059216139037,0.4794078386096316,test
img05488,2891,images/img05488.jpg,56.0,69.97866570389635,13.978665703896354,test
img05510,2903,images/img05510.jpg,59.0,58.3153097237472,0.6846902762528018,test
img05511,2903,images/img05511.jpg,59.0,61.62826950901609,2.628269509016093,test
img05521,2908,images/img05521.jpg,78.0,77.13841849596875,0.8615815040312498,test
img05548,2922,images/img05548.jpg,33.0,40.77534216063576,7.775342160635759,test
img05549,2922,images/img05549.jpg,33.0,46.08758342994784,13.08758342994784,test
img05570,2933,images/img05570.jpg,58.0,65.63006000235174,7.63006000235174,test
img05571,2933,images/img05571.jpg,58.0,70.01188569767638,12.011885697676377,test
img05585,2942,images/img05585.jpg,58.0,54.38085181444763,3.619148185552369,test
img05586,2942,images/img05586.jpg,58.0,48.46745734974798,9.53254265025202,test
img05594,2946,images/img05594.jpg,71.0,82.76088172164141,11.760881721641413,test
img05624,2962,images/img05624.jpg,72.0,50.55717763575964,21.442822364240357,test
img05625,2962,images/img05625.jpg,72.0,38.79032865574152,33.20967134425848,test
img05656,2978,images/img05656.jpg,58.0,58.69789415945947,0.697894159459473,test
img05657,2978,images/img05657.jpg,58.0,58.679589081304435,0.6795890813044352,test
img05658,2979,images/img05658.jpg,49.0,58.57913240904324,9.57913240904324,test
img05659,2979,images/img05659.jpg,49.0,58.20948615754669,9.209486157546692,test
img05664,2982,images/img05664.jpg,58.0,50.54274831442981,7.457251685570192,test
img05665,2982,images/img05665.jpg,58.0,42.9967661984159,15.003233801584102,test
img05674,2987,images/img05674.jpg,50.0,53.98914026451355,3.9891402645135514,test
img05675,2987,images/img05675.jpg,50.0,52.526757367115536,2.526757367115536,test
img05709,3006,images/img05709.jpg,39.0,38.96464746486251,0.0353525351374841,test
img05710,3006,images/img05710.jpg,39.0,39.8393595656946,0.8393595656946005,test
img05745,3024,images/img05745.jpg,83.0,77.8283582866824,5.171641713317598,test
img05746,3024,images/img05746.jpg,83.0,76.73520455045359,6.264795449546412,test
img05760,3031,images/img05760.jpg,72.0,63.79061408904645,8.20938591095355,test
img05788,3046,images/img05788.jpg,50.0,55.24084149239609,5.240841492396093,test
img05789,3046,images/img05789.jpg,50.0,45.813070240374714,4.186929759625286,test
img05793,3048,images/img05793.jpg,69.0,71.64513153238678,2.645131532386785,test
img05816,3060,images/img05816.jpg,47.0,56.71913176091286,9.71913176091286,test
img05817,3060,images/img05817.jpg,47.0,49.02012582243423,2.020125822434231,test
img05836,3070,images/img05836.jpg,72.0,83.91391433306718,11.913914333067185,test
img05837,3070,images/img05837.jpg,72.0,81.40412744382907,9.404127443829069,test
img05853,3079,images/img05853.jpg,65.0,55.121247878872325,9.878752121127675,test
img05854,3079,images/img05854.jpg,65.0,56.314139984066095,8.685860015933905,test
img05863,3084,images/img05863.jpg,50.0,49.22236098680105,0.7776390131989501,test
img05864,3084,images/img05864.jpg,50.0,48.53777609331195,1.4622239066880525,test
img05884,3095,images/img05884.jpg,50.0,52.36320724540701,2.363207245407011,test
img05885,3095,images/img05885.jpg,50.0,63.37251058459886,13.372510584598857,test
img05910,3109,images/img05910.jpg,54.0,49.25983327065818,4.740166729341823,test
img05911,3109,images/img05911.jpg,54.0,53.98970765459116,0.0102923454088426,test
img05924,3116,images/img05924.jpg,69.0,69.31416112969411,0.3141611296941136,test
img05925,3116,images/img05925.jpg,69.0,71.61793170819524,2.6179317081952433,test
img05938,3124,images/img05938.jpg,45.0,57.464494942390125,12.464494942390123,test
img05939,3124,images/img05939.jpg,45.0,41.430171929689514,3.5698280703104857,test
img05956,3133,images/img05956.jpg,45.0,54.630181991171895,9.630181991171897,test
img05975,3143,images/img05975.jpg,68.0,63.74440492501296,4.255595074987042,test
img05976,3143,images/img05976.jpg,68.0,73.11226867331354,5.112268673313537,test
img05995,3154,images/img05995.jpg,56.0,59.71984139523211,3.719841395232109,test
img05996,3154,images/img05996.jpg,56.0,60.791560819321866,4.791560819321866,test
img06022,3169,images/img06022.jpg,82.0,79.25567287826956,2.7443271217304357,test
img06023,3169,images/img06023.jpg,82.0,63.25232695083099,18.74767304916901,test
img06034,3175,images/img06034.jpg,88.0,78.47195585888979,9.528044141110216,test
img06035,3175,images/img06035.jpg,88.0,77.01291977225712,10.98708022774288,test
img06053,3185,images/img06053.jpg,42.0,43.32104285142268,1.321042851422682,test
img06054,3185,images/img06054.jpg,42.0,46.562127660203295,4.562127660203295,test
img06071,3194,images/img06071.jpg,42.0,40.461634613332265,1.538365386667735,test
img06072,3194,images/img06072.jpg,42.0,45.05585287328867,3.0558528732886714,test
img06125,3222,images/img06125.jpg,61.0,50.433434794844665,10.566565205155335,test
img06126,3222,images/img06126.jpg,61.0,51.7611788351472,9.2388211648528,test
img06131,3225,images/img06131.jpg,65.0,57.27104028261698,7.72895971738302,test
img06132,3225,images/img06132.jpg,65.0,62.25022282657611,2.7497771734238867,test
img06163,3242,images/img06163.jpg,23.0,39.89274276515439,16.892742765154388,test
img06164,3242,images/img06164.jpg,23.0,32.84322778500884,9.843227785008844,test
img06175,3248,images/img06175.jpg,51.0,47.55804802330477,3.441951976695236,test
img06176,3248,images/img06176.jpg,51.0,58.92731088029308,7.927310880293078,test
img06180,3251,images/img06180.jpg,56.0,60.47537976755701,4.475379767557008,test
img06181,3251,images/img06181.jpg,56.0,60.274660551691646,4.274660551691646,test
img06203,3263,images/img06203.jpg,52.0,57.17945647602047,5.179456476020469,test
img06204,3263,images/img06204.jpg,52.0,45.22906471282048,6.770935287179519,test
img06217,3272,images/img06217.jpg,59.0,57.49435599236375,1.5056440076362492,test
img06218,3272,images/img06218.jpg,59.0,53.477755486494104,5.522244513505896,test
img06250,3289,images/img06250.jpg,60.0,38.598136922849434,21.40186307715057,test
img06251,3289,images/img06251.jpg,60.0,45.50324962865336,14.496750371346636,test
img06256,3292,images/img06256.jpg,69.0,65.17987401080542,3.820125989194579,test
img06257,3292,images/img06257.jpg,69.0,59.595248696137446,9.404751303862554,test
img06284,3306,images/img06284.jpg,54.0,45.91406076644272,8.085939233557284,test
img06285,3306,images/img06285.jpg,54.0,57.27330779803287,3.2733077980328673,test
img06287,3307,images/img06287.jpg,57.0,46.95344849894987,10.046551501050132,test
img06304,3317,images/img06304.jpg,43.0,41.08074798132554,1.919252018674463,test
img06305,3317,images/img06305.jpg,43.0,47.09004527442465,4.0900452744246465,test
img06343,3337,images/img06343.jpg,35.0,32.869162501098444,2.130837498901556,test
img06350,3340,images/img06350.jpg,51.0,56.19943939424863,5.199439394248628,test
img06363,3347,images/img06363.jpg,67.0,74.47673029505378,7.476730295053784,test
img06380,3356,images/img06380.jpg,56.0,57.768995829073376,1.7689958290733756,test
img06381,3356,images/img06381.jpg,56.0,56.13007043604524,0.1300704360452371,test
img06440,3387,images/img06440.jpg,46.0,56.986228492809445,10.986228492809444,test
img06441,3387,images/img06441.jpg,46.0,39.07886709547916,6.921132904520839,test
img06511,3423,images/img06511.jpg,65.0,64.38942465322458,0.6105753467754198,test
img06512,3423,images/img06512.jpg,65.0,60.69840005820282,4.301599941797178,test
img06547,3442,images/img06547.jpg,73.0,74.24402129397646,1.2440212939764592,test
img06548,3443,images/img06548.jpg,64.0,67.1483462272669,3.1483462272668987,test
img06549,3443,images/img06549.jpg,64.0,57.29242354055516,6.707576459444837,test
img06598,3470,images/img06598.jpg,68.0,75.83681638773803,7.8368163877380255,test
img06624,3485,images/img06624.jpg,76.0,77.67610252661493,1.676102526614926,test
img06625,3485,images/img06625.jpg,76.0,75.99266679979169,0.0073332002083077,test
img06628,3487,images/img06628.jpg,79.0,73.19647579543272,5.803524204567282,test
img06629,3487,images/img06629.jpg,79.0,74.03698853431621,4.963011465683792,test
img06706,3529,images/img06706.jpg,7.0,22.001462929877903,15.001462929877905,test
img06718,3535,images/img06718.jpg,61.0,55.05094331324398,5.949056686756023,test
img06719,3535,images/img06719.jpg,61.0,66.21190012289185,5.211900122891848,test
img06722,3537,images/img06722.jpg,53.0,48.86790605251103,4.132093947488968,test
img06723,3537,images/img06723.jpg,53.0,42.40976258278217,10.590237417217828,test
img06747,3551,images/img06747.jpg,23.0,30.978833612750332,7.978833612750332,test
img06832,3594,images/img06832.jpg,50.0,48.33120575247515,1.6687942475248505,test
img06833,3594,images/img06833.jpg,50.0,44.720315667564265,5.279684332435735,test
img06836,3596,images/img06836.jpg,77.0,71.12860752535585,5.8713924746441535,test
img06837,3596,images/img06837.jpg,77.0,59.02282790525196,17.977172094748042,test
img06844,3600,images/img06844.jpg,39.0,29.899929792435167,9.100070207564832,test
img06845,3600,images/img06845.jpg,39.0,42.167240269031424,3.1672402690314243,test
img06852,3604,images/img06852.jpg,76.0,71.27332716733338,4.7266728326666225,test
img06916,3637,images/img06916.jpg,74.0,74.497396272143,0.4973962721430069,test
img06922,3640,images/img06922.jpg,48.0,59.85897929301508,11.858979293015082,test
img06923,3640,images/img06923.jpg,48.0,60.593594304188635,12.593594304188636,test
img06933,3646,images/img06933.jpg,73.0,68.34910831366935,4.650891686330652,test
img06934,3646,images/img06934.jpg,73.0,69.09466269278809,3.9053373072119086,test
img06964,3662,images/img06964.jpg,73.0,63.27243126354738,9.727568736452618,test
img06993,3679,images/img06993.jpg,53.0,56.32206592722259,3.3220659272225888,test
img06994,3679,images/img06994.jpg,53.0,46.18983797350734,6.810162026492662,test
img07022,3695,images/img07022.jpg,76.0,73.9475911971478,2.0524088028521987,test
img07023,3695,images/img07023.jpg,76.0,75.01648321369078,0.9835167863092238,test
img07071,3720,images/img07071.jpg,70.0,65.10042413139368,4.89957586860632,test
img07113,3742,images/img07113.jpg,63.0,62.22891666116289,0.7710833388371086,test
img07114,3742,images/img07114.jpg,63.0,64.32465657145784,1.3246565714578369,test
img07125,3748,images/img07125.jpg,20.0,28.06158157853039,8.06158157853039,test
img07126,3748,images/img07126.jpg,20.0,30.036013981006576,10.036013981006576,test
img07187,3780,images/img07187.jpg,45.0,57.24337435879177,12.243374358791767,test
img07188,3780,images/img07188.jpg,45.0,41.23801400572084,3.761985994279158,test
img07206,3790,images/img07206.jpg,38.0,38.867698741058106,0.8676987410581063,test
img07207,3790,images/img07207.jpg,38.0,30.483892786182523,7.516107213817477,test
img07208,3791,images/img07208.jpg,48.0,45.445050293522776,2.554949706477224,test
img07209,3791,images/img07209.jpg,48.0,46.65764768434087,1.3423523156591273,test
img07214,3794,images/img07214.jpg,29.0,32.5105610659433,3.5105610659433,test
img07244,3810,images/img07244.jpg,36.0,39.07367360859865,3.0736736085986465,test
img07245,3810,images/img07245.jpg,36.0,42.209073904008925,6.209073904008925,test
img07285,3831,images/img07285.jpg,27.0,33.915044818732326,6.915044818732326,test
img07286,3831,images/img07286.jpg,27.0,29.03250405990395,2.0325040599039497,test
img07305,3841,images/img07305.jpg,74.0,67.16311309252566,6.836886907474337,test
img07306,3841,images/img07306.jpg,74.0,68.61628605747214,5.383713942527862,test
img07317,3847,images/img07317.jpg,38.0,31.261574367427745,6.738425632572255,test
img07318,3847,images/img07318.jpg,38.0,36.974337955707085,1.0256620442929147,test
img07335,3856,images/img07335.jpg,42.0,56.6430182633042,14.6430182633042,test
img07336,3856,images/img07336.jpg,42.0,47.16515452431425,5.1651545243142465,test
img07371,3874,images/img07371.jpg,42.0,53.20476151725373,11.20476151725373,test
img07372,3874,images/img07372.jpg,42.0,49.65887508596305,7.658875085963047,test
img07408,3893,images/img07408.jpg,57.0,57.60850480146542,0.608504801465422,test
img07409,3893,images/img07409.jpg,57.0,57.02372323642517,0.0237232364251696,test
img07414,3896,images/img07414.jpg,42.0,48.785720922134075,6.785720922134075,test
img07419,3899,images/img07419.jpg,73.0,73.91969556350021,0.9196955635002126,test
img07420,3899,images/img07420.jpg,73.0,61.818048266325825,11.181951733674175,test
img07454,3917,images/img07454.jpg,87.0,83.12799864305508,3.8720013569449208,test
img07455,3917,images/img07455.jpg,87.0,81.70338222167842,5.2966177783215755,test
img07470,3925,images/img07470.jpg,72.0,67.67380778679382,4.326192213206184,test
img07471,3925,images/img07471.jpg,72.0,62.08170933678838,9.91829066321162,test
img07494,3938,images/img07494.jpg,82.0,71.88573764360727,10.114262356392729,test
img07495,3938,images/img07495.jpg,82.0,66.00333614618408,15.996663853815916,test
img07562,3974,images/img07562.jpg,57.0,70.24969657435787,13.24969657435787,test
img07563,3974,images/img07563.jpg,57.0,69.06625774406842,12.066257744068425,test
img07593,3990,images/img07593.jpg,82.0,70.49583753352431,11.504162466475693,test
img07594,3990,images/img07594.jpg,82.0,68.80566728727915,13.19433271272085,test
img07639,4013,images/img07639.jpg,65.0,54.86149173906406,10.138508260935945,test
img07640,4013,images/img07640.jpg,71.0,71.60872913736412,0.6087291373641222,test
img07641,4013,images/img07641.jpg,71.0,79.59771012217287,8.59771012217287,test
img07649,4018,images/img07649.jpg,64.0,62.37976553377219,1.6202344662278063,test
img07650,4018,images/img07650.jpg,64.0,64.81677653414147,0.8167765341414679,test
img07701,4045,images/img07701.jpg,38.0,65.26223472946204,27.262234729462037,test
img07702,4045,images/img07702.jpg,38.0,56.85620472416782,18.856204724167817,test
img07712,4050,images/img07712.jpg,44.0,59.31796944585439,15.317969445854388,test
img07727,4059,images/img07727.jpg,65.0,58.871648577681555,6.128351422318445,test
img07762,4078,images/img07762.jpg,48.0,60.32383590344947,12.32383590344947,test
img07844,4121,images/img07844.jpg,73.0,60.92754139990217,12.072458600097832,test
img07845,4121,images/img07845.jpg,73.0,56.7570179314292,16.242982068570797,test
img07848,4123,images/img07848.jpg,12.0,17.697067848748866,5.6970678487488655,test
img07867,4133,images/img07867.jpg,58.0,61.86450063648581,3.864500636485808,test
img07868,4133,images/img07868.jpg,58.0,70.71742339879852,12.717423398798516,test
img07869,4134,images/img07869.jpg,13.0,26.876781666420943,13.876781666420944,test
img07870,4134,images/img07870.jpg,13.0,15.78914087045871,2.7891408704587093,test
img07897,4148,images/img07897.jpg,27.0,42.308942191941675,15.308942191941677,test
img07898,4148,images/img07898.jpg,27.0,43.04317058171683,16.043170581716836,test
img07937,4169,images/img07937.jpg,65.0,66.0034299386813,1.0034299386812933,test
img07938,4169,images/img07938.jpg,65.0,74.60719674928635,9.607196749286343,test
img07965,4184,images/img07965.jpg,79.0,82.23805180508862,3.2380518050886167,test
img07966,4184,images/img07966.jpg,79.0,82.43426134681476,3.4342613468147647,test
img08005,4205,images/img08005.jpg,58.0,65.52206830261103,7.522068302611032,test
img08013,4209,images/img08013.jpg,65.0,71.20548356414642,6.205483564146419,test
img08059,4232,images/img08059.jpg,61.0,58.94719079991293,2.052809200087069,test
img08060,4232,images/img08060.jpg,61.0,64.51488193373977,3.5148819337397725,test
img08087,4246,images/img08087.jpg,60.0,49.551332717720605,10.448667282279397,test
img08088,4246,images/img08088.jpg,60.0,57.42868188598005,2.5713181140199524,test
img08089,4247,images/img08089.jpg,63.0,61.681859924458095,1.3181400755419048,test
img08090,4247,images/img08090.jpg,63.0,62.55247133006323,0.4475286699367728,test
img08101,4253,images/img08101.jpg,63.0,63.087187809722025,0.0871878097220246,test
img08102,4253,images/img08102.jpg,63.0,63.38035480013605,0.3803548001360468,test
img08114,4260,images/img08114.jpg,71.0,66.8404516335697,4.1595483664303,test
img08115,4260,images/img08115.jpg,71.0,66.20904490477903,4.790955095220966,test
img08143,4275,images/img08143.jpg,64.0,63.97316046327174,0.0268395367282607,test
img08167,4287,images/img08167.jpg,52.0,54.605002250154335,2.6050022501543353,test
img08168,4287,images/img08168.jpg,52.0,46.83595921825599,5.1640407817440135,test
img08176,4291,images/img08176.jpg,72.0,72.22289331521381,0.2228933152138097,test
img08201,4305,images/img08201.jpg,46.0,35.857936767494834,10.142063232505166,test
img08202,4305,images/img08202.jpg,46.0,41.26493027119987,4.735069728800127,test
img08215,4312,images/img08215.jpg,33.0,39.39050466418139,6.3905046641813925,test
img08216,4312,images/img08216.jpg,33.0,34.78058379521497,1.780583795214973,test
img08232,4321,images/img08232.jpg,59.0,59.99063560322973,0.9906356032297268,test
img08233,4321,images/img08233.jpg,59.0,72.07702416984021,13.077024169840216,test
img08251,4331,images/img08251.jpg,60.0,67.77021120538188,7.770211205381884,test
img08252,4331,images/img08252.jpg,60.0,68.25064146014262,8.250641460142617,test
img08299,4357,images/img08299.jpg,45.0,44.62824197239402,0.3717580276059777,test
img08300,4357,images/img08300.jpg,45.0,46.59228521988831,1.5922852198883106,test
img08304,4359,images/img08304.jpg,63.0,64.17528329476399,1.175283294763986,test
img08365,4392,images/img08365.jpg,17.0,38.37107619320307,21.371076193203074,test
img08366,4392,images/img08366.jpg,17.0,29.089067479385488,12.089067479385488,test
img08369,4394,images/img08369.jpg,22.0,22.60752605343349,0.6075260534334888,test
img08370,4394,images/img08370.jpg,22.0,27.12741266873881,5.12741266873881,test
img08375,4398,images/img08375.jpg,19.0,29.79794244843168,10.79794244843168,test
img08376,4398,images/img08376.jpg,19.0,24.719829064369858,5.719829064369854,test
img08391,4406,images/img08391.jpg,39.0,40.83891929580999,1.838919295809987,test
img08392,4406,images/img08392.jpg,39.0,46.103529245084346,7.103529245084346,test
img08508,4471,images/img08508.jpg,18.0,26.741918961534157,8.741918961534157,test
img08509,4471,images/img08509.jpg,18.0,18.61434102171706,0.6143410217170597,test
img08522,4478,images/img08522.jpg,69.0,69.71230155547636,0.7123015554763583,test
img08523,4478,images/img08523.jpg,69.0,62.26769331509753,6.732306684902468,test
img08632,4537,images/img08632.jpg,49.0,49.45225075990983,0.4522507599098304,test
img08633,4537,images/img08633.jpg,49.0,55.6529019244361,6.652901924436101,test
img08640,4541,images/img08640.jpg,73.0,75.26421319225767,2.264213192257671,test
img08659,4551,images/img08659.jpg,63.0,54.81999701127852,8.180002988721483,test
img08660,4551,images/img08660.jpg,63.0,54.14959414320363,8.850405856796364,test
img08690,4567,images/img08690.jpg,65.0,62.55957174928532,2.4404282507146817,test
img08691,4567,images/img08691.jpg,65.0,63.07967895689289,1.9203210431071085,test
img08733,4589,images/img08733.jpg,12.0,28.214873418508937,16.214873418508937,test
img08734,4589,images/img08734.jpg,12.0,24.587876108117506,12.587876108117506,test
img08745,4595,images/img08745.jpg,14.0,23.043381969199352,9.043381969199352,test
img08746,4595,images/img08746.jpg,14.0,20.954291510712572,6.954291510712572,test
img08786,4616,images/img08786.jpg,53.0,54.20660989336214,1.206609893362142,test
img08787,4616,images/img08787.jpg,53.0,46.5006030538634,6.499396946136599,test
img08832,4640,images/img08832.jpg,71.0,68.55272310023352,2.4472768997664787,test
img08833,4640,images/img08833.jpg,71.0,68.32083860064333,2.6791613993566727,test
img08834,4641,images/img08834.jpg,76.0,68.6464588857032,7.353541114296803,test
img08835,4641,images/img08835.jpg,76.0,75.53431813446183,0.4656818655381727,test
img08845,4647,images/img08845.jpg,76.0,73.36665573796162,2.633344262038378,test
img08846,4647,images/img08846.jpg,76.0,77.99161830601584,1.9916183060158377,test
img08896,4673,images/img08896.jpg,63.0,63.34810326842025,0.3481032684202532,test
img08897,4673,images/img08897.jpg,63.0,71.14153780264593,8.141537802645928,test
img08911,4681,images/img08911.jpg,69.0,66.75883362061775,2.24116637938225,test
img08912,4681,images/img08912.jpg,69.0,66.14329636423331,2.856703635766692,test
img08940,4696,images/img08940.jpg,89.0,79.45646952747566,9.543530472524338,test
img08983,4719,images/img08983.jpg,71.0,71.8535439142444,0.8535439142443977,test
img08984,4719,images/img08984.jpg,71.0,60.11469363055976,10.885306369440237,test
img08987,4721,images/img08987.jpg,64.0,57.55555457434742,6.444445425652582,test
img08988,4721,images/img08988.jpg,64.0,68.06044881617368,4.060448816173675,test
img08999,4727,images/img08999.jpg,43.0,61.23323077930445,18.23323077930445,test
img09027,4742,images/img09027.jpg,71.0,60.38058336344153,10.61941663655847,test
img09028,4742,images/img09028.jpg,71.0,59.18846327410781,11.811536725892196,test
img09083,4771,images/img09083.jpg,68.0,64.26856047854672,3.7314395214532823,test
img09108,4785,images/img09108.jpg,57.0,50.27808333706396,6.721916662936039,test
img09109,4785,images/img09109.jpg,57.0,52.8664887879115,4.1335112120885,test
img09114,4788,images/img09114.jpg,83.0,74.7715081170769,8.228491882923095,test
img09115,4788,images/img09115.jpg,83.0,79.20346535685623,3.796534643143772,test
img09129,4796,images/img09129.jpg,69.0,69.12359440634675,0.1235944063467542,test
img09130,4796,images/img09130.jpg,69.0,65.50386165204753,3.496138347952467,test
img09131,4797,images/img09131.jpg,78.0,64.73867955697149,13.26132044302851,test
img09132,4797,images/img09132.jpg,78.0,76.41492934712439,1.5850706528756149,test
img09155,4809,images/img09155.jpg,76.0,72.14899137107321,3.851008628926792,test
img09156,4809,images/img09156.jpg,76.0,75.41986075077085,0.5801392492291484,test
img09177,4820,images/img09177.jpg,71.0,62.76185980825812,8.238140191741877,test
img09178,4820,images/img09178.jpg,71.0,72.40475696730822,1.4047569673082163,test
img09180,4821,images/img09180.jpg,70.0,75.12700131249885,5.127001312498848,test
img09232,4849,images/img09232.jpg,52.0,58.70081154236695,6.700811542366949,test
img09233,4849,images/img09233.jpg,52.0,60.328270598121435,8.328270598121435,test
img09248,4857,images/img09248.jpg,71.0,72.80412869226897,1.804128692268975,test
img09249,4857,images/img09249.jpg,71.0,70.1255273047637,0.8744726952363067,test
img09272,4869,images/img09272.jpg,47.0,47.2818825589261,0.2818825589260996,test
img09273,4869,images/img09273.jpg,47.0,46.38813058115994,0.6118694188400582,test
img09290,4879,images/img09290.jpg,75.0,83.20949996069074,8.209499960690735,test
img09291,4879,images/img09291.jpg,75.0,78.07422550263024,3.0742255026302416,test
img09325,4897,images/img09325.jpg,51.0,58.44282607675932,7.442826076759317,test
img09326,4897,images/img09326.jpg,51.0,47.49446870690967,3.5055312930903284,test
img09353,4911,images/img09353.jpg,59.0,59.14978831959601,0.1497883195960128,test
img09354,4911,images/img09354.jpg,59.0,59.48811176232336,0.4881117623233635,test
img09359,4914,images/img09359.jpg,23.0,21.154586479119615,1.8454135208803848,test
img09360,4914,images/img09360.jpg,23.0,22.860508411844258,0.1394915881557423,test
img09367,4918,images/img09367.jpg,11.0,25.508717758421497,14.508717758421495,test
img09368,4918,images/img09368.jpg,11.0,22.81477257273856,11.814772572738562,test
img09385,4928,images/img09385.jpg,83.0,75.0397372093368,7.960262790663194,test
img09386,4928,images/img09386.jpg,83.0,78.64002328901056,4.359976710989443,test
img09404,4938,images/img09404.jpg,87.0,79.75895905586839,7.241040944131612,test
img09405,4938,images/img09405.jpg,87.0,73.31272178023332,13.687278219766682,test
img09408,4940,images/img09408.jpg,59.0,61.50232908807922,2.5023290880792217,test
img09409,4940,images/img09409.jpg,59.0,60.79628970615805,1.7962897061580492,test
img09417,4945,images/img09417.jpg,83.0,82.88853985400979,0.1114601459902075,test
img09418,4945,images/img09418.jpg,83.0,68.79951733504916,14.20048266495084,test
img09441,4957,images/img09441.jpg,59.0,55.2858070878837,3.714192912116303,test
img09442,4957,images/img09442.jpg,59.0,56.44308858122896,2.556911418771044,test
img09530,5003,images/img09530.jpg,64.0,51.54261723260287,12.457382767397128,test
img09531,5003,images/img09531.jpg,64.0,58.354953140323225,5.645046859676775,test
img09537,5007,images/img09537.jpg,67.0,49.26463468308814,17.73536531691186,test
img09538,5007,images/img09538.jpg,67.0,47.97792104317942,19.02207895682058,test
img09543,5010,images/img09543.jpg,50.0,49.6644933656071,0.3355066343928996,test
img09544,5010,images/img09544.jpg,50.0,42.703874041830915,7.296125958169085,test
img09546,5012,images/img09546.jpg,40.0,37.239081457024085,2.760918542975915,test
img09555,5016,images/img09555.jpg,61.0,50.18190185769895,10.818098142301046,test
img09556,5017,images/img09556.jpg,66.0,63.33538238833325,2.664617611666756,test
img09557,5017,images/img09557.jpg,66.0,63.45795173242264,2.542048267577364,test
img09585,5032,images/img09585.jpg,66.0,60.89352198867496,5.106478011325038,test
img09586,5032,images/img09586.jpg,66.0,56.360194076928686,9.639805923071314,test
img09605,5043,images/img09605.jpg,56.0,64.53463834172813,8.534638341728126,test
img09628,5055,images/img09628.jpg,59.0,59.87888538728532,0.8788853872853224,test
img09629,5055,images/img09629.jpg,59.0,66.34467976185218,7.344679761852177,test
img09654,5068,images/img09654.jpg,69.0,60.036551393056826,8.963448606943174,test
img09655,5068,images/img09655.jpg,69.0,65.39927920051944,3.6007207994805555,test
img09687,5085,images/img09687.jpg,53.0,53.907408555423984,0.9074085554239844,test
img09688,5085,images/img09688.jpg,53.0,49.66053881217813,3.3394611878218683,test
img09737,5112,images/img09737.jpg,83.0,71.51668270745469,11.483317292545308,test
img09738,5112,images/img09738.jpg,83.0,76.29544424933866,6.704555750661342,test
img09743,5115,images/img09743.jpg,85.0,79.37531284273673,5.624687157263267,test
img09744,5115,images/img09744.jpg,85.0,72.58527262490782,12.414727375092184,test
img09746,5117,images/img09746.jpg,82.0,76.12574308478972,5.874256915210282,test
img09747,5118,images/img09747.jpg,80.0,73.12644988076994,6.87355011923006,test
img09769,5130,images/img09769.jpg,74.0,71.29087508919551,2.7091249108044906,test
img09770,5130,images/img09770.jpg,74.0,72.98755300789259,1.0124469921074135,test
img09799,5146,images/img09799.jpg,28.0,30.46288326680699,2.462883266806994,test
img09800,5146,images/img09800.jpg,28.0,28.152128419094858,0.1521284190948542,test
img09845,5170,images/img09845.jpg,60.0,57.75056860254987,2.249431397450131,test
img09846,5170,images/img09846.jpg,60.0,66.80055274149981,6.800552741499814,test
img09851,5173,images/img09851.jpg,63.0,51.21074556854276,11.789254431457238,test
img09852,5173,images/img09852.jpg,63.0,62.446357661487625,0.5536423385123754,test
img09853,5174,images/img09853.jpg,57.0,32.68470537739507,24.31529462260493,test
img09854,5174,images/img09854.jpg,57.0,46.281948749432296,10.718051250567704,test
img09855,5175,images/img09855.jpg,76.0,81.38890252218857,5.388902522188573,test
img09856,5175,images/img09856.jpg,76.0,72.3797252766569,3.620274723343101,test
img09912,5204,images/img09912.jpg,57.0,46.21443887303775,10.78556112696225,test
img09913,5204,images/img09913.jpg,57.0,55.9116686079293,1.0883313920706996,test
img09928,5212,images/img09928.jpg,67.0,67.9587853834687,0.958785383468694,test
img09929,5212,images/img09929.jpg,67.0,72.46788149915288,5.467881499152881,test
img09938,5217,images/img09938.jpg,62.0,71.09896800562636,9.09896800562636,test
img09939,5217,images/img09939.jpg,62.0,62.52619361699254,0.5261936169925434,test
img09943,5220,images/img09943.jpg,72.0,65.8942183911716,6.105781608828394,test
img09944,5220,images/img09944.jpg,72.0,61.783808006486005,10.216191993513997,test
img10002,5251,images/img10002.jpg,79.0,65.98009960030498,13.019900399695018,test
img10003,5251,images/img10003.jpg,79.0,72.35755207594968,6.642447924050316,test
img10036,5268,images/img10036.jpg,53.0,53.595313202992635,0.5953132029926351,test
img10040,5270,images/img10040.jpg,80.0,77.08350189824058,2.916498101759416,test
img10052,5277,images/img10052.jpg,22.0,23.95759707051426,1.957597070514261,test
img10053,5277,images/img10053.jpg,22.0,25.243466032642857,3.243466032642857,test
img10062,5282,images/img10062.jpg,25.0,46.29366953975252,21.29366953975252,test
img10063,5282,images/img10063.jpg,25.0,38.519992504125625,13.519992504125623,test
img10079,5292,images/img10079.jpg,65.0,58.56123065225884,6.438769347741157,test
img10090,5298,images/img10090.jpg,15.0,33.90376354441648,18.90376354441648,test
img10091,5298,images/img10091.jpg,15.0,20.421150963129023,5.421150963129023,test
img10106,5306,images/img10106.jpg,62.0,59.8419903089997,2.158009691000302,test
img10107,5306,images/img10107.jpg,62.0,59.541050538031826,2.4589494619681744,test
img10111,5308,images/img10111.jpg,57.0,56.11368101511523,0.8863189848847668,test
img10148,5327,images/img10148.jpg,87.0,77.72866340580846,9.271336594191538,test
img10149,5327,images/img10149.jpg,87.0,81.61514311278955,5.3848568872104465,test
img10156,5331,images/img10156.jpg,50.0,49.48060881238089,0.5193911876191066,test
img10157,5331,images/img10157.jpg,50.0,57.17625301236387,7.176253012363873,test
img10178,5342,images/img10178.jpg,75.0,75.87120333468104,0.8712033346810415,test
img10179,5342,images/img10179.jpg,75.0,67.6351958150345,7.364804184965493,test
img10186,5346,images/img10186.jpg,61.0,70.68935653931298,9.689356539312982,test
img10187,5346,images/img10187.jpg,61.0,61.72114098571786,0.7211409857178595,test
img10327,5419,images/img10327.jpg,76.0,81.78484645855936,5.7848464585593575,test
img10328,5419,images/img10328.jpg,76.0,80.80581856044998,4.805818560449978,test
img10331,5421,images/img10331.jpg,68.0,65.36761605313208,2.632383946867918,test
img10332,5421,images/img10332.jpg,68.0,63.04588203019396,4.954117969806042,test
img10345,5428,images/img10345.jpg,90.0,79.86559021909432,10.134409780905685,test
img10346,5428,images/img10346.jpg,90.0,83.84522114435316,6.154778855646839,test
img10349,5430,images/img10349.jpg,72.0,64.04740158725691,7.952598412743086,test
img10350,5430,images/img10350.jpg,72.0,62.54292249041973,9.457077509580271,test
img10369,5440,images/img10369.jpg,82.0,67.06065242359438,14.939347576405623,test
img10371,5442,images/img10371.jpg,75.0,77.01512280533117,2.015122805331174,test
img10372,5442,images/img10372.jpg,75.0,80.17354806819661,5.1735480681966095,test
img10382,5448,images/img10382.jpg,63.0,55.961248303505045,7.0387516964949555,test
img10384,5450,images/img10384.jpg,63.0,71.96272056222024,8.962720562220241,test
img10385,5450,images/img10385.jpg,63.0,65.2373393651148,2.2373393651148064,test
img10433,5475,images/img10433.jpg,61.0,53.39337550262134,7.606624497378661,test
img10434,5475,images/img10434.jpg,61.0,57.97210825320699,3.02789174679301,test
img10449,5484,images/img10449.jpg,72.0,57.49568987708609,14.504310122913909,test
img10463,5491,images/img10463.jpg,16.0,21.612287321852456,5.612287321852456,test
img10464,5491,images/img10464.jpg,16.0,21.345689782799862,5.345689782799866,test
img10479,5500,images/img10479.jpg,61.0,80.4701722936823,19.470172293682296,test
img10480,5500,images/img10480.jpg,61.0,75.99624836445267,14.996248364452669,test
img10526,5524,images/img10526.jpg,25.0,31.39489276794183,6.39489276794183,test
img10539,5531,images/img10539.jpg,61.0,70.2121697599791,9.212169759979105,test
img10540,5531,images/img10540.jpg,61.0,64.84530853897654,3.845308538976539,test
img10587,5555,images/img10587.jpg,13.0,28.548556586497757,15.548556586497757,test
img10588,5555,images/img10588.jpg,13.0,21.06549015043064,8.06549015043064,test
img10595,5559,images/img10595.jpg,36.0,44.61438903867787,8.61438903867787,test
img10619,5572,images/img10619.jpg,31.0,37.02143487663279,6.021434876632789,test
img10620,5572,images/img10620.jpg,31.0,39.33117545664253,8.331175456642526,test
img10625,5575,images/img10625.jpg,38.0,41.74038625177707,3.740386251777067,test
img10640,5583,images/img10640.jpg,81.0,79.95781441850427,1.0421855814957297,test
img10641,5583,images/img10641.jpg,81.0,73.58501775879677,7.414982241203234,test
img10644,5585,images/img10644.jpg,35.0,40.053447484244,5.053447484243996,test
img10659,5593,images/img10659.jpg,66.0,58.210448757579854,7.789551242420146,test
img10660,5593,images/img10660.jpg,66.0,55.83382683360057,10.166173166399432,test
img10665,5596,images/img10665.jpg,85.0,58.69313828001508,26.306861719984923,test
img10666,5596,images/img10666.jpg,85.0,60.52696618632893,24.473033813671073,test
img10680,5605,images/img10680.jpg,53.0,40.912732900505546,12.087267099494454,test
img10681,5605,images/img10681.jpg,53.0,53.39108303949181,0.3910830394918037,test
img10747,5640,images/img10747.jpg,76.0,54.42805915967965,21.57194084032035,test
img10748,5640,images/img10748.jpg,76.0,48.96167891873542,27.038321081264577,test
img10753,5643,images/img10753.jpg,62.0,53.43971281338067,8.560287186619327,test
img10754,5643,images/img10754.jpg,62.0,62.11116454335473,0.1111645433547323,test
img10758,5645,images/img10758.jpg,80.0,68.04063460583238,11.95936539416762,test
img10763,5648,images/img10763.jpg,78.0,76.98583119032972,1.0141688096702808,test
img10764,5648,images/img10764.jpg,78.0,63.50289960549071,14.497100394509287,test
img10772,5653,images/img10772.jpg,65.0,64.05650164070735,0.9434983592926472,test
img10773,5653,images/img10773.jpg,65.0,67.28540869339645,2.285408693396448,test
img10822,5678,images/img10822.jpg,55.0,61.096769239523326,6.096769239523326,test
img10823,5678,images/img10823.jpg,55.0,65.86661395050953,10.866613950509532,test
img10850,5693,images/img10850.jpg,68.0,57.50302988978762,10.49697011021238,test
img10851,5693,images/img10851.jpg,68.0,52.127361648725255,15.872638351274745,test
img10852,5694,images/img10852.jpg,59.0,62.06270108755685,3.062701087556853,test
img10853,5694,images/img10853.jpg,59.0,60.25316462006313,1.2531646200631317,test
img10869,5704,images/img10869.jpg,80.0,77.75802918231933,2.2419708176806665,test
img10870,5704,images/img10870.jpg,80.0,73.79833025332852,6.2016697466714845,test
img10918,5730,images/img10918.jpg,65.0,59.90423499087778,5.095765009122218,test
img10919,5730,images/img10919.jpg,65.0,65.9652585735368,0.9652585735368008,test
img10953,5749,images/img10953.jpg,48.0,41.97988212157707,6.02011787842293,test
img10954,5749,images/img10954.jpg,48.0,42.13281624133369,5.867183758666307,test
img10985,5766,images/img10985.jpg,59.0,54.69899596499135,4.301004035008653,test
img10986,5766,images/img10986.jpg,59.0,52.53515888458384,6.464841115416164,test
img11007,5778,images/img11007.jpg,71.0,74.37606368028429,3.3760636802842896,test
img11020,5785,images/img11020.jpg,51.0,51.150405365132784,0.1504053651327836,test
img11021,5785,images/img11021.jpg,51.0,64.40675227177931,13.406752271779313,test
img11029,5790,images/img11029.jpg,81.0,73.85375834734961,7.146241652650389,test
img11030,5790,images/img11030.jpg,81.0,76.3731524238894,4.626847576110606,test
img11040,5796,images/img11040.jpg,49.0,53.618218203300195,4.618218203300195,test
img11041,5796,images/img11041.jpg,49.0,49.4298937913447,0.4298937913447034,test
img11054,5805,images/img11054.jpg,73.0,80.00730195749846,7.007301957498456,test
img11055,5805,images/img11055.jpg,73.0,84.52872415229302,11.528724152293025,test
img11059,5808,images/img11059.jpg,77.0,71.30049863565365,5.699501364346347,test
img11091,5826,images/img11091.jpg,58.0,57.2758089085708,0.7241910914291978,test
img11092,5826,images/img11092.jpg,58.0,53.41580063433851,4.58419936566149,test
img11103,5832,images/img11103.jpg,72.0,73.28188258902787,1.281882589027873,test
img11158,5864,images/img11158.jpg,84.0,80.31542557938653,3.684574420613473,test
img11159,5864,images/img11159.jpg,84.0,76.9166843076757,7.083315692324305,test
img11173,5872,images/img11173.jpg,61.0,68.0796141133075,7.0796141133075,test
img11174,5872,images/img11174.jpg,61.0,53.71399506619467,7.28600493380533,test
img11195,5883,images/img11195.jpg,65.0,62.56306933694299,2.436930663057012,test
img11196,5883,images/img11196.jpg,65.0,58.96190422526048,6.038095774739517,test
img11201,5886,images/img11201.jpg,74.0,74.48620006544091,0.4862000654409115,test
img11202,5886,images/img11202.jpg,74.0,70.60766109302031,3.3923389069796883,test
img11228,5902,images/img11228.jpg,59.0,52.18612919189128,6.813870808108717,test
img11229,5902,images/img11229.jpg,59.0,54.77812084249415,4.221879157505853,test
img11255,5916,images/img11255.jpg,79.0,73.27430720896234,5.725692791037659,test
img11256,5916,images/img11256.jpg,79.0,76.07870287560651,2.92129712439349,test
img11291,5935,images/img11291.jpg,77.0,80.56838394436778,3.568383944367781,test
img11337,5961,images/img11337.jpg,54.0,60.89805701950674,6.898057019506737,test
img11338,5961,images/img11338.jpg,54.0,63.739217436489824,9.739217436489824,test
img11345,5965,images/img11345.jpg,64.0,77.26584105648367,13.265841056483666,test
img11346,5965,images/img11346.jpg,64.0,68.66467317053971,4.664673170539714,test
img11349,5967,images/img11349.jpg,30.0,45.59750018224728,15.59750018224728,test
img11350,5967,images/img11350.jpg,30.0,39.86903834739966,9.86903834739966,test
img11356,5971,images/img11356.jpg,68.0,66.74585426585818,1.2541457341418152,test
img11357,5971,images/img11357.jpg,68.0,63.55983983087675,4.440160169123253,test
img11371,5979,images/img11371.jpg,74.0,64.1421085613169,9.857891438683096,test
img11372,5979,images/img11372.jpg,74.0,78.76120319540868,4.761203195408683,test
img11382,5985,images/img11382.jpg,74.0,73.39393408610431,0.6060659138956908,test
img11383,5985,images/img11383.jpg,74.0,65.60781645727161,8.39218354272839,test
img11394,5991,images/img11394.jpg,81.0,80.21089929429571,0.7891007057042856,test
img11395,5991,images/img11395.jpg,81.0,82.60003413258512,1.6000341325851224,test
img11402,5996,images/img11402.jpg,61.0,62.896940635231445,1.896940635231445,test
img11432,6013,images/img11432.jpg,44.0,47.29643130209831,3.2964313020983127,test
img11433,6013,images/img11433.jpg,44.0,41.57999671910251,2.4200032808974896,test
img11440,6017,images/img11440.jpg,35.0,41.87010781908411,6.870107819084112,test
img11441,6017,images/img11441.jpg,35.0,34.29118326964528,0.7088167303547195,test
img11472,6034,images/img11472.jpg,56.0,64.16579934644123,8.165799346441233,test
img11473,6034,images/img11473.jpg,56.0,63.15474403705996,7.154744037059963,test
img11489,6043,images/img11489.jpg,46.0,63.274065543280784,17.274065543280784,test
img11496,6047,images/img11496.jpg,43.0,38.67132342654618,4.328676573453819,test
img11497,6047,images/img11497.jpg,43.0,41.25322584003614,1.7467741599638629,test
img11500,6050,images/img11500.jpg,79.0,87.59846097477131,8.598460974771314,test
img11525,6064,images/img11525.jpg,81.0,80.13824064604839,0.8617593539516122,test
img11526,6064,images/img11526.jpg,81.0,80.27167247004748,0.7283275299525229,test
img11527,6065,images/img11527.jpg,71.0,72.53496712808911,1.5349671280891073,test
img11528,6065,images/img11528.jpg,71.0,64.88697312933698,6.11302687066302,test
img11544,6074,images/img11544.jpg,79.0,69.20846134777771,9.791538652222286,test
img11545,6074,images/img11545.jpg,79.0,72.00367407457856,6.996325925421445,test
img11568,6086,images/img11568.jpg,77.0,71.84232044228149,5.1576795577185095,test
img11569,6086,images/img11569.jpg,77.0,72.2063334864037,4.793666513596307,test
img11603,6105,images/img11603.jpg,77.0,68.9668038881001,8.033196111899898,test
img11604,6105,images/img11604.jpg,77.0,71.23292441324358,5.76707558675642,test
img11621,6114,images/img11621.jpg,62.0,62.23181768491387,0.2318176849138709,test
img11622,6114,images/img11622.jpg,62.0,67.62581983714459,5.62581983714459,test
img11628,6118,images/img11628.jpg,31.0,32.06289165797043,1.0628916579704324,test
img11629,6118,images/img11629.jpg,31.0,28.04344254581373,2.9565574541862745,test
img11674,6145,images/img11674.jpg,36.0,36.54151175572326,0.5415117557232634,test
img11675,6145,images/img11675.jpg,36.0,35.25453473339504,0.7454652666049597,test
img11681,6149,images/img11681.jpg,19.0,27.481158706247577,8.481158706247577,test
img11687,6153,images/img11687.jpg,82.0,76.83609474036177,5.163905259638227,test
img11688,6153,images/img11688.jpg,82.0,67.01630820340081,14.983691796599189,test
img11689,6154,images/img11689.jpg,50.0,51.39643726325596,1.3964372632559616,test
img11690,6154,images/img11690.jpg,50.0,45.167186748700395,4.832813251299605,test
img11717,6168,images/img11717.jpg,69.0,68.40933618420476,0.5906638157952386,test
img11718,6168,images/img11718.jpg,69.0,74.81198612328654,5.811986123286545,test
img11721,6170,images/img11721.jpg,78.0,69.83791152145211,8.162088478547886,test
img11722,6170,images/img11722.jpg,78.0,71.88568638491694,6.114313615083063,test
img11757,6189,images/img11757.jpg,75.0,61.34354602457203,13.656453975427972,test
img11758,6189,images/img11758.jpg,75.0,71.21091698532213,3.789083014677871,test
img11814,6218,images/img11814.jpg,22.0,19.892937793480417,2.1070622065195863,test
img11815,6218,images/img11815.jpg,22.0,24.18837460051526,2.18837460051526,test
img11839,6231,images/img11839.jpg,44.0,47.26928928025971,3.269289280259713,test
img11840,6231,images/img11840.jpg,44.0,47.84272788333152,3.84272788333152,test
img11857,6240,images/img11857.jpg,76.0,76.36979334375667,0.3697933437566689,test
img11879,6252,images/img11879.jpg,61.0,59.31853765388982,1.6814623461101803,test
img11880,6252,images/img11880.jpg,61.0,60.80103686071898,0.1989631392810196,test
img11891,6258,images/img11891.jpg,58.0,71.45586045423346,13.45586045423346,test
img11892,6258,images/img11892.jpg,58.0,70.43668282365468,12.436682823654678,test
img11893,6259,images/img11893.jpg,61.0,53.73015491362859,7.269845086371404,test
img11894,6259,images/img11894.jpg,61.0,46.109016106171254,14.890983893828746,test
img11946,6287,images/img11946.jpg,25.0,28.47284204781801,3.472842047818009,test
img11947,6287,images/img11947.jpg,25.0,31.007582103756295,6.007582103756295,test
img11962,6295,images/img11962.jpg,31.0,33.657113270177966,2.657113270177966,test
img11963,6295,images/img11963.jpg,31.0,35.47873588248686,4.478735882486859,test
img11980,6304,images/img11980.jpg,24.0,28.37278072183867,4.372780721838669,test
img11981,6304,images/img11981.jpg,24.0,27.756387336264552,3.756387336264552,test
img12012,6320,images/img12012.jpg,18.0,15.048428801661146,2.951571198338854,test
img12013,6321,images/img12013.jpg,12.0,17.684312069128012,5.684312069128012,test
img12014,6321,images/img12014.jpg,12.0,15.829995137267645,3.8299951372676446,test
img12019,6324,images/img12019.jpg,57.0,48.238224669424895,8.761775330575105,test
img12148,6391,images/img12148.jpg,49.0,49.07369769749888,0.0736976974988792,test
img12151,6394,images/img12151.jpg,73.0,64.86153845813077,8.138461541869233,test
img12152,6394,images/img12152.jpg,73.0,69.53413725396966,3.4658627460303393,test
img12216,6430,images/img12216.jpg,64.0,54.482755999405626,9.517244000594374,test
img12217,6430,images/img12217.jpg,64.0,69.66410966167622,5.664109661676221,test
img12234,6439,images/img12234.jpg,48.0,43.88690062137679,4.113099378623211,test
img12235,6439,images/img12235.jpg,48.0,51.99104406952125,3.991044069521251,test
img12278,6462,images/img12278.jpg,60.0,77.26199774531882,17.261997745318823,test
img12279,6462,images/img12279.jpg,60.0,60.55803113389395,0.5580311338939481,test
img12305,6476,images/img12305.jpg,78.0,71.05711364905065,6.942886350949351,test
img12308,6478,images/img12308.jpg,80.0,62.30058503513733,17.699414964862676,test
img12309,6478,images/img12309.jpg,80.0,72.00197926596614,7.998020734033858,test
img12316,6483,images/img12316.jpg,83.0,72.42173777174536,10.578262228254644,test
img12317,6483,images/img12317.jpg,83.0,73.22539551227662,9.77460448772338,test
img12318,6484,images/img12318.jpg,66.0,63.87556555278595,2.1244344472140497,test
img12319,6484,images/img12319.jpg,66.0,68.74229736808712,2.7422973680871223,test
img12392,6523,images/img12392.jpg,79.0,71.10618130302824,7.893818696971763,test
img12393,6523,images/img12393.jpg,79.0,77.5310426141824,1.4689573858176033,test
img12394,6524,images/img12394.jpg,64.0,71.75707833086167,7.757078330861674,test
img12395,6524,images/img12395.jpg,64.0,71.5813995305311,7.581399530531101,test
img12397,6526,images/img12397.jpg,71.0,71.78713555438688,0.7871355543868788,test
img12400,6528,images/img12400.jpg,65.0,66.02319398094268,1.023193980942679,test
img12401,6528,images/img12401.jpg,65.0,64.12760780500373,0.8723921949962659,test
img12412,6534,images/img12412.jpg,67.0,63.542671986750406,3.457328013249594,test
img12413,6534,images/img12413.jpg,67.0,74.15716071667453,7.157160716674525,test
img12449,6552,images/img12449.jpg,41.0,45.61378844905965,4.613788449059648,test
img12458,6557,images/img12458.jpg,38.0,49.25185927247949,11.251859272479493,test
img12459,6557,images/img12459.jpg,38.0,44.27089037679475,6.270890376794753,test
img12468,6562,images/img12468.jpg,33.0,35.035145357532286,2.0351453575322864,test
img12469,6562,images/img12469.jpg,33.0,33.8998286219753,0.8998286219753027,test
img12525,6591,images/img12525.jpg,66.0,58.62169784362108,7.378302156378922,test
img12526,6591,images/img12526.jpg,66.0,61.82370580794546,4.1762941920545416,test
img12527,6592,images/img12527.jpg,65.0,62.89685883944899,2.1031411605510044,test
img12528,6592,images/img12528.jpg,65.0,51.04065560137456,13.95934439862544,test
img12579,6619,images/img12579.jpg,57.0,66.2826283906733,9.282628390673295,test
img12588,6624,images/img12588.jpg,73.0,72.86696094051767,0.1330390594823285,test
img12589,6624,images/img12589.jpg,73.0,75.40356048724372,2.4035604872437233,test
img12604,6632,images/img12604.jpg,87.0,83.04844079321049,3.9515592067895113,test
img12605,6632,images/img12605.jpg,87.0,83.63163381599237,3.368366184007627,test
img12634,6647,images/img12634.jpg,64.0,76.85638881929346,12.856388819293455,test
img12635,6647,images/img12635.jpg,64.0,63.41792960137386,0.5820703986261435,test
img12665,6663,images/img12665.jpg,29.0,35.195353848875016,6.1953538488750155,test
img12666,6663,images/img12666.jpg,29.0,25.068030438438768,3.931969561561232,test
img12676,6669,images/img12676.jpg,31.0,30.06316145589734,0.9368385441026597,test
img12677,6669,images/img12677.jpg,31.0,45.59605512342395,14.596055123423952,test
img12707,6685,images/img12707.jpg,18.0,31.210662491208453,13.210662491208453,test
img12708,6685,images/img12708.jpg,18.0,21.88050550800804,3.880505508008042,test
img12731,6697,images/img12731.jpg,60.0,53.692937832612714,6.307062167387286,test
img12732,6697,images/img12732.jpg,60.0,58.055446295137614,1.9445537048623864,test
img12739,6701,images/img12739.jpg,78.0,73.65942356495728,4.3405764350427205,test
img12740,6701,images/img12740.jpg,78.0,71.00401618952422,6.995983810475778,test
img12759,6711,images/img12759.jpg,56.0,55.49237892830984,0.5076210716901599,test
img12760,6711,images/img12760.jpg,56.0,55.35090371604329,0.6490962839567089,test
img12765,6714,images/img12765.jpg,64.0,60.22642748734768,3.773572512652322,test
img12766,6714,images/img12766.jpg,64.0,47.640093555546336,16.359906444453664,test
img12783,6723,images/img12783.jpg,69.0,63.37196091694078,5.628039083059221,test
img12784,6723,images/img12784.jpg,69.0,56.724548413953165,12.275451586046836,test
img12791,6727,images/img12791.jpg,74.0,71.86025007779507,2.1397499222049277,test
img12792,6727,images/img12792.jpg,74.0,73.63376150147585,0.3662384985241544,test
img12807,6735,images/img12807.jpg,42.0,63.45029237535379,21.45029237535379,test
img12828,6746,images/img12828.jpg,41.0,39.10096286284566,1.8990371371543375,test
img12829,6746,images/img12829.jpg,41.0,41.21450807906487,0.2145080790648705,test
img12849,6757,images/img12849.jpg,47.0,47.33000465365855,0.3300046536585483,test
img12866,6766,images/img12866.jpg,44.0,62.834013503875106,18.834013503875106,test
img12867,6766,images/img12867.jpg,44.0,56.86623022873356,12.866230228733563,test
img12870,6768,images/img12870.jpg,40.0,48.56943651417322,8.56943651417322,test
img12871,6768,images/img12871.jpg,40.0,44.026072328083174,4.026072328083174,test
img12878,6772,images/img12878.jpg,42.0,43.560665232032875,1.5606652320328749,test
img12879,6772,images/img12879.jpg,42.0,39.201471339102405,2.798528660897595,test
img12889,6777,images/img12889.jpg,45.0,61.88487051284256,16.88487051284256,test
img12899,6783,images/img12899.jpg,55.0,49.815668876040995,5.184331123959005,test
img12912,6790,images/img12912.jpg,46.0,42.769636760312274,3.230363239687726,test
img12913,6790,images/img12913.jpg,46.0,40.41808871997543,5.5819112800245705,test
img12931,6800,images/img12931.jpg,58.0,57.96268946885759,0.0373105311424097,test
img12932,6800,images/img12932.jpg,58.0,62.623922672561555,4.623922672561555,test
img12946,6809,images/img12946.jpg,47.0,40.768730880192734,6.231269119807266,test
img12947,6809,images/img12947.jpg,47.0,38.32062455458638,8.67937544541362,test
img12977,6826,images/img12977.jpg,58.0,48.73155630029925,9.268443699700748,test
img12978,6826,images/img12978.jpg,58.0,55.52082245737356,2.479177542626438,test
img12997,6837,images/img12997.jpg,52.0,50.07246019138797,1.927539808612032,test
img12998,6837,images/img12998.jpg,52.0,53.03945414948552,1.0394541494855218,test
img13020,6849,images/img13020.jpg,55.0,56.727335946055994,1.7273359460559945,test
img13021,6849,images/img13021.jpg,55.0,61.54128678334569,6.54128678334569,test
img13035,6857,images/img13035.jpg,63.0,58.96503482250755,4.034965177492452,test
img13036,6857,images/img13036.jpg,63.0,62.990476838991945,0.0095231610080546,test
img13048,6864,images/img13048.jpg,73.0,65.7164009037825,7.2835990962175,test
img13049,6864,images/img13049.jpg,73.0,74.64381072273295,1.643810722732951,test
img13064,6872,images/img13064.jpg,61.0,75.54280744606996,14.542807446069958,test
img13065,6872,images/img13065.jpg,61.0,73.06022256224423,12.060222562244236,test
img13122,6902,images/img13122.jpg,77.0,78.93915591849145,1.9391559184914513,test
img13130,6907,images/img13130.jpg,62.0,66.44685905329182,4.446859053291817,test
img13136,6911,images/img13136.jpg,52.0,61.12049219765541,9.120492197655407,test
img13137,6911,images/img13137.jpg,52.0,56.59950904172316,4.599509041723159,test
img13172,6931,images/img13172.jpg,76.0,86.61931529073519,10.619315290735187,test
img13173,6931,images/img13173.jpg,76.0,80.2757688028327,4.275768802832701,test
img13174,6932,images/img13174.jpg,61.0,69.5141539990113,8.514153999011299,test
img13175,6932,images/img13175.jpg,61.0,59.10347963736054,1.896520362639457,test
img13178,6934,images/img13178.jpg,94.0,81.63092860819245,12.369071391807552,test
img13179,6934,images/img13179.jpg,94.0,69.61327849062894,24.386721509371057,test
img13184,6937,images/img13184.jpg,54.0,47.455048592819736,6.544951407180264,test
img13185,6937,images/img13185.jpg,54.0,54.42532309075661,0.4253230907566134,test
img13230,6963,images/img13230.jpg,66.0,60.78237215377376,5.217627846226243,test
img13231,6963,images/img13231.jpg,66.0,54.680205292541146,11.319794707458854,test
img13243,6970,images/img13243.jpg,66.0,51.791222426042,14.208777573958002,test
img13244,6970,images/img13244.jpg,66.0,54.94123662859785,11.05876337140215,test
img13262,6981,images/img13262.jpg,90.0,84.86557881542012,5.134421184579878,test
img13263,6981,images/img13263.jpg,90.0,83.77916723288627,6.220832767113734,test
img13270,6985,images/img13270.jpg,84.0,73.72065697831164,10.279343021688362,test
img13271,6985,images/img13271.jpg,84.0,71.88467102660408,12.115328973395918,test
img13287,6994,images/img13287.jpg,43.0,51.651058809147074,8.651058809147074,test
img13288,6994,images/img13288.jpg,43.0,51.495947285661565,8.495947285661565,test
img13303,7002,images/img13303.jpg,80.0,75.51458244807169,4.4854175519283075,test
img13304,7002,images/img13304.jpg,80.0,72.13063857871173,7.869361421288275,test
img13321,7011,images/img13321.jpg,36.0,42.18802076021609,6.188020760216091,test
img13322,7011,images/img13322.jpg,36.0,33.73622833218687,2.263771667813131,test
img13333,7017,images/img13333.jpg,55.0,58.652479777778815,3.652479777778815,test
img13334,7017,images/img13334.jpg,55.0,50.411863611096294,4.588136388903706,test
img13350,7026,images/img13350.jpg,59.0,59.80425191619699,0.8042519161969892,test
img13351,7026,images/img13351.jpg,59.0,60.08605965364923,1.0860596536492295,test
img13392,7048,images/img13392.jpg,40.0,49.048019820166175,9.048019820166177,test
img13393,7048,images/img13393.jpg,40.0,39.64740558587685,0.3525944141231534,test
img13416,7061,images/img13416.jpg,66.0,69.92788251970812,3.92788251970812,test
img13417,7061,images/img13417.jpg,66.0,65.27731296399934,0.7226870360006643,test
img13448,7078,images/img13448.jpg,71.0,67.39505103202706,3.6049489679729447,test
img13449,7078,images/img13449.jpg,71.0,75.77152590357403,4.77152590357403,test
img13492,7101,images/img13492.jpg,43.0,47.048470114119695,4.048470114119695,test
img13501,7106,images/img13501.jpg,34.0,41.08306880032632,7.083068800326323,test
img13502,7106,images/img13502.jpg,34.0,32.7533222233788,1.2466777766211976,test
img13509,7110,images/img13509.jpg,42.0,59.78319386465721,17.783193864657207,test
img13510,7110,images/img13510.jpg,42.0,40.27287285025103,1.7271271497489735,test
img13511,7111,images/img13511.jpg,53.0,44.5372130820183,8.462786917981703,test
img13512,7111,images/img13512.jpg,53.0,47.85961380466101,5.140386195338991,test
img13515,7113,images/img13515.jpg,45.0,45.76426542351141,0.7642654235114037,test
img13516,7113,images/img13516.jpg,45.0,47.00854940984115,2.0085494098411516,test
img13519,7115,images/img13519.jpg,37.0,56.88859121892466,19.88859121892466,test
img13520,7115,images/img13520.jpg,37.0,66.87676896097861,29.87676896097861,test
img13533,7122,images/img13533.jpg,53.0,60.45980257874676,7.459802578746761,test
img13534,7122,images/img13534.jpg,53.0,45.36258269504375,7.6374173049562515,test
img13548,7130,images/img13548.jpg,35.0,30.41848887853352,4.58151112146648,test
img13549,7130,images/img13549.jpg,35.0,38.47814141938121,3.4781414193812097,test
img13554,7133,images/img13554.jpg,38.0,65.05455741903606,27.05455741903606,test
img13555,7133,images/img13555.jpg,38.0,44.853023326236034,6.853023326236034,test
img13562,7137,images/img13562.jpg,47.0,36.724250077384696,10.275749922615304,test
img13563,7137,images/img13563.jpg,47.0,44.07334374667811,2.9266562533218874,test
img13567,7140,images/img13567.jpg,33.0,45.1181289102167,12.118128910216695,test
img13568,7140,images/img13568.jpg,33.0,41.14791649665465,8.147916496654652,test
img13571,7142,images/img13571.jpg,52.0,48.426232820697145,3.5737671793028554,test
img13572,7142,images/img13572.jpg,52.0,59.48967024463169,7.489670244631689,test
img13605,7159,images/img13605.jpg,55.0,59.70073880819816,4.70073880819816,test
img13606,7159,images/img13606.jpg,55.0,64.27705524320702,9.277055243207016,test
img13609,7161,images/img13609.jpg,57.0,60.422301939018375,3.422301939018375,test
img13610,7161,images/img13610.jpg,57.0,64.94369141549996,7.943691415499956,test
img13648,7180,images/img13648.jpg,62.0,51.869055475487265,10.130944524512737,test
img13665,7189,images/img13665.jpg,56.0,56.30232260655942,0.3023226065594215,test
img13666,7189,images/img13666.jpg,56.0,45.437287328462816,10.562712671537184,test
img13673,7193,images/img13673.jpg,36.0,38.687126371716005,2.6871263717160048,test
img13674,7193,images/img13674.jpg,36.0,33.87873185376515,2.121268146234847,test
img13684,7199,images/img13684.jpg,32.0,36.5186634671582,4.518663467158198,test
img13692,7203,images/img13692.jpg,78.0,74.04823927153993,3.951760728460073,test
img13695,7205,images/img13695.jpg,40.0,67.7564008054726,27.756400805472595,test
img13696,7205,images/img13696.jpg,40.0,43.49954742338438,3.499547423384378,test
img13704,7209,images/img13704.jpg,41.0,33.89594604883489,7.104053951165113,test
img13734,7225,images/img13734.jpg,42.0,41.760911540120475,0.2390884598795253,test
img13735,7225,images/img13735.jpg,42.0,38.410770050511616,3.5892299494883844,test
img13748,7232,images/img13748.jpg,75.0,69.68646935676743,5.313530643232568,test
img13749,7232,images/img13749.jpg,75.0,62.70239918216211,12.297600817837887,test
img13756,7236,images/img13756.jpg,42.0,45.0741075107112,3.074107510711201,test
img13757,7236,images/img13757.jpg,42.0,54.59496045459525,12.594960454595252,test
img13770,7243,images/img13770.jpg,65.0,68.63811353467219,3.6381135346721862,test
img13771,7243,images/img13771.jpg,65.0,62.56160955487882,2.438390445121179,test
img13831,7274,images/img13831.jpg,66.0,78.83279522665283,12.832795226652834,test
img13832,7274,images/img13832.jpg,66.0,75.82465390019256,9.824653900192558,test
img13839,7278,images/img13839.jpg,36.0,40.47715836223132,4.477158362231322,test
img13840,7278,images/img13840.jpg,36.0,28.994097122905995,7.005902877094005,test
img13868,7293,images/img13868.jpg,77.0,65.01859944776473,11.981400552235272,test
img13869,7293,images/img13869.jpg,77.0,78.16484432348327,1.1648443234832655,test
img13893,7306,images/img13893.jpg,73.0,81.05823162021487,8.058231620214869,test
img13894,7306,images/img13894.jpg,73.0,77.63313247556655,4.633132475566555,test
img13895,7307,images/img13895.jpg,62.0,67.89331712980416,5.89331712980416,test
img13896,7307,images/img13896.jpg,62.0,65.02642348700891,3.0264234870089126,test
img13909,7314,images/img13909.jpg,79.0,76.96812403934442,2.031875960655583,test
img13910,7314,images/img13910.jpg,79.0,71.47960958701593,7.520390412984071,test
img13912,7315,images/img13912.jpg,82.0,77.48012419430052,4.519875805699485,test
img13931,7325,images/img13931.jpg,63.0,73.87034980386227,10.870349803862268,test
img13932,7325,images/img13932.jpg,63.0,67.96821698249067,4.968216982490674,test
img14017,7368,images/img14017.jpg,77.0,73.83559641181387,3.1644035881861328,test
img14018,7368,images/img14018.jpg,77.0,71.09770507874529,5.902294921254708,test
img14027,7373,images/img14027.jpg,81.0,73.49595087658948,7.504049123410525,test
img14052,7386,images/img14052.jpg,70.0,66.33439748669268,3.66560251330732,test
img14053,7386,images/img14053.jpg,70.0,61.40925748436306,8.59074251563694,test
img14054,7387,images/img14054.jpg,69.0,64.39519998077094,4.60480001922906,test
img14055,7387,images/img14055.jpg,69.0,71.8980288231838,2.898028823183793,test
img14060,7390,images/img14060.jpg,79.0,72.74721627744897,6.25278372255103,test
img14061,7390,images/img14061.jpg,79.0,81.86553418081222,2.865534180812219,test
img14078,7399,images/img14078.jpg,73.0,59.20124195654775,13.798758043452253,test
img14079,7399,images/img14079.jpg,73.0,71.92335825048325,1.076641749516753,test
img14088,7404,images/img14088.jpg,80.0,77.52559392446062,2.4744060755393775,test
img14101,7411,images/img14101.jpg,62.0,64.10533154161062,2.1053315416106244,test
img14102,7411,images/img14102.jpg,62.0,65.9214007655962,3.921400765596203,test
img14125,7422,images/img14125.jpg,76.0,77.27558457008939,1.2755845700893929,test
img14126,7422,images/img14126.jpg,76.0,75.39489013430375,0.6051098656962495,test
img14136,7428,images/img14136.jpg,69.0,61.312424910569725,7.6875750894302755,test
img14149,7435,images/img14149.jpg,56.0,53.57172957034333,2.4282704296566706,test
img14150,7435,images/img14150.jpg,56.0,67.24099140230388,11.240991402303877,test
img14211,7467,images/img14211.jpg,77.0,76.20312843865236,0.7968715613476434,test
img14212,7467,images/img14212.jpg,77.0,72.95595147999468,4.044048520005319,test
img14234,7478,images/img14234.jpg,66.0,64.8267201747616,1.1732798252383958,test
img14235,7479,images/img14235.jpg,69.0,63.374556024465384,5.6254439755346155,test
img14236,7479,images/img14236.jpg,69.0,65.62767647325107,3.3723235267489287,test
img14241,7482,images/img14241.jpg,67.0,69.66039504254243,2.660395042542433,test
img14242,7482,images/img14242.jpg,67.0,75.91074014408728,8.910740144087285,test
img14273,7498,images/img14273.jpg,56.0,60.67222677108107,4.672226771081071,test
img14274,7498,images/img14274.jpg,56.0,66.07139459962627,10.071394599626274,test
img14285,7504,images/img14285.jpg,64.0,55.12351553061451,8.876484469385488,test
img14286,7504,images/img14286.jpg,64.0,79.00266870765014,15.002668707650145,test
img14297,7510,images/img14297.jpg,67.0,66.48814411122167,0.511855888778328,test
img14298,7510,images/img14298.jpg,67.0,70.05219356865854,3.052193568658538,test
img14319,7520,images/img14319.jpg,64.0,60.91899401328849,3.08100598671151,test
img14327,7524,images/img14327.jpg,51.0,55.35966049986004,4.359660499860041,test
img14328,7524,images/img14328.jpg,51.0,45.77259877782766,5.22740122217234,test
img14331,7526,images/img14331.jpg,61.0,53.95029790130034,7.049702098699662,test
img14332,7526,images/img14332.jpg,61.0,67.53943912843303,6.539439128433031,test
img14352,7537,images/img14352.jpg,59.0,51.38090042703172,7.619099572968281,test
img14353,7537,images/img14353.jpg,59.0,61.34537497826767,2.345374978267671,test
img14418,7571,images/img14418.jpg,73.0,69.73974894823611,3.2602510517638876,test
img14419,7571,images/img14419.jpg,73.0,60.86439505584885,12.135604944151147,test
img14422,7573,images/img14422.jpg,83.0,65.64667817882,17.353321821180003,test
img14423,7573,images/img14423.jpg,83.0,74.29185655816511,8.708143441834892,test
img14454,7589,images/img14454.jpg,75.0,72.09667369800616,2.903326301993843,test
img14455,7589,images/img14455.jpg,75.0,75.6240448359809,0.6240448359808966,test
img14470,7597,images/img14470.jpg,83.0,77.95497161425625,5.045028385743748,test
img14471,7597,images/img14471.jpg,83.0,80.16284917985183,2.837150820148167,test
img14476,7600,images/img14476.jpg,69.0,65.47298974252911,3.5270102574708915,test
img14477,7600,images/img14477.jpg,69.0,67.57265803160264,1.4273419683973572,test
img14484,7604,images/img14484.jpg,42.0,40.84622093265692,1.1537790673430806,test
img14485,7604,images/img14485.jpg,42.0,53.19040199499159,11.19040199499159,test
img14502,7613,images/img14502.jpg,56.0,57.68816782705361,1.6881678270536111,test
img14503,7613,images/img14503.jpg,56.0,65.34544012589879,9.34544012589879,test
img14512,7618,images/img14512.jpg,77.0,70.43515160660716,6.564848393392836,test
img14513,7618,images/img14513.jpg,77.0,65.49083212920807,11.509167870791927,test
img14518,7621,images/img14518.jpg,56.0,54.742913756505736,1.257086243494264,test
img14519,7621,images/img14519.jpg,56.0,65.94480962792368,9.944809627923677,test
img14532,7628,images/img14532.jpg,65.0,74.07637265826186,9.07637265826186,test
img14533,7628,images/img14533.jpg,65.0,62.70585696253899,2.294143037461012,test
img14548,7636,images/img14548.jpg,73.0,71.56633710984508,1.4336628901549204,test
img14579,7652,images/img14579.jpg,74.0,83.15573941002123,9.155739410021226,test
img14580,7652,images/img14580.jpg,74.0,76.53664801507627,2.536648015076267,test
img14591,7658,images/img14591.jpg,63.0,61.103740148756536,1.896259851243464,test
img14592,7658,images/img14592.jpg,63.0,63.98734930500116,0.9873493050011604,test
img14595,7660,images/img14595.jpg,56.0,41.65949785720459,14.340502142795408,test
img14596,7660,images/img14596.jpg,56.0,41.09629136121238,14.90370863878762,test
img14615,7670,images/img14615.jpg,65.0,66.65414701579333,1.6541470157933276,test
img14616,7670,images/img14616.jpg,65.0,65.20637584432002,0.2063758443200214,test
img14631,7678,images/img14631.jpg,59.0,68.25604652544708,9.256046525447076,test
img14632,7678,images/img14632.jpg,59.0,68.96922395265027,9.969223952650268,test
img14653,7689,images/img14653.jpg,58.0,55.61661867860322,2.383381321396783,test
img14654,7689,images/img14654.jpg,58.0,59.35417307712568,1.3541730771256797,test
img14687,7706,images/img14687.jpg,72.0,60.640381491751455,11.359618508248545,test
img14688,7706,images/img14688.jpg,72.0,69.80515612771642,2.194843872283585,test
img14693,7709,images/img14693.jpg,61.0,59.48400316017077,1.5159968398292278,test
img14694,7709,images/img14694.jpg,61.0,68.15483787729254,7.154837877292536,test
img14784,7756,images/img14784.jpg,81.0,73.89435632070686,7.105643679293138,test
img14785,7756,images/img14785.jpg,81.0,70.74331012802908,10.25668987197092,test
img14819,7774,images/img14819.jpg,67.0,63.410956238267175,3.589043761732825,test
img14820,7774,images/img14820.jpg,67.0,70.98599821456558,3.985998214565583,test
img14860,7796,images/img14860.jpg,50.0,55.31273207824619,5.312732078246192,test
img14861,7796,images/img14861.jpg,50.0,46.72803240983602,3.2719675901639818,test
img14876,7804,images/img14876.jpg,60.0,57.64251528331971,2.3574847166802897,test
img14877,7804,images/img14877.jpg,60.0,55.470607753873374,4.529392246126626,test
img14884,7808,images/img14884.jpg,70.0,69.99777537989812,0.0022246201018845,test
img14885,7808,images/img14885.jpg,70.0,62.990331787804394,7.009668212195606,test
img14890,7811,images/img14890.jpg,54.0,49.94577651944121,4.05422348055879,test
img14891,7811,images/img14891.jpg,54.0,54.99757756355112,0.9975775635511184,test
img14945,7838,images/img14945.jpg,52.0,68.92380111873875,16.92380111873875,test
img14946,7838,images/img14946.jpg,52.0,54.14580290868696,2.14580290868696,test
img14988,7860,images/img14988.jpg,42.0,59.675463366115125,17.675463366115125,test
img15003,7868,images/img15003.jpg,61.0,62.22006962933283,1.2200696293328337,test
img15004,7868,images/img15004.jpg,61.0,51.45361905885284,9.546380941147165,test
img15047,7890,images/img15047.jpg,52.0,62.14417350401604,10.144173504016038,test
img15048,7890,images/img15048.jpg,52.0,51.846117756866725,0.1538822431332747,test
img15097,7916,images/img15097.jpg,70.0,69.65746784414108,0.3425321558589189,test
img15114,7925,images/img15114.jpg,77.0,63.16689343728024,13.833106562719763,test
img15115,7925,images/img15115.jpg,77.0,67.93785438804431,9.062145611955684,test
img15132,7934,images/img15132.jpg,64.0,53.08692106000052,10.91307893999948,test
img15133,7934,images/img15133.jpg,64.0,61.11504677976494,2.8849532202350616,test
img15138,7937,images/img15138.jpg,52.0,56.04729910256071,4.047299102560707,test
img15139,7937,images/img15139.jpg,52.0,61.71880435286579,9.718804352865796,test
img15147,7941,images/img15147.jpg,68.0,71.79860005125542,3.79860005125542,test
img15168,7954,images/img15168.jpg,54.0,58.913145214035346,4.913145214035346,test
img15169,7954,images/img15169.jpg,54.0,61.37219090758689,7.372190907586891,test
img15182,7961,images/img15182.jpg,83.0,81.07089142611765,1.9291085738823457,test
img15183,7961,images/img15183.jpg,83.0,63.0292774863561,19.9707225136439,test
img15209,7975,images/img15209.jpg,85.0,82.48643396869426,2.513566031305743,test
img15242,7993,images/img15242.jpg,63.0,51.31567810601976,11.68432189398024,test
img15243,7993,images/img15243.jpg,63.0,59.4743586194618,3.5256413805381968,test
img15275,8010,images/img15275.jpg,61.0,51.68292753660099,9.317072463399008,test
img15276,8010,images/img15276.jpg,61.0,60.39985963018689,0.6001403698131114,test
img15295,8020,images/img15295.jpg,47.0,48.83944493735408,1.8394449373540809,test
img15296,8020,images/img15296.jpg,47.0,52.08619274080649,5.086192740806489,test
img15307,8026,images/img15307.jpg,56.0,73.7534941678298,17.7534941678298,test
img15308,8027,images/img15308.jpg,64.0,56.915776797017415,7.084223202982585,test
img15313,8030,images/img15313.jpg,48.0,57.054644870963024,9.054644870963024,test
img15314,8030,images/img15314.jpg,48.0,63.352843061360765,15.352843061360764,test
img15319,8033,images/img15319.jpg,68.0,75.28388344202185,7.283883442021846,test
img15320,8033,images/img15320.jpg,68.0,70.09731321286975,2.09731321286975,test
img15335,8042,images/img15335.jpg,67.0,73.11857894527714,6.118578945277136,test
img15336,8042,images/img15336.jpg,67.0,64.4950420940533,2.5049579059466964,test
img15339,8044,images/img15339.jpg,74.0,70.88270977231589,3.117290227684109,test
img15342,8046,images/img15342.jpg,60.0,62.97634361839459,2.976343618394587,test
img15343,8046,images/img15343.jpg,60.0,62.470141148498726,2.470141148498726,test
img15358,8054,images/img15358.jpg,83.0,74.84152748807709,8.15847251192291,test
img15394,8073,images/img15394.jpg,69.0,75.59073323092451,6.5907332309245135,test
img15400,8076,images/img15400.jpg,66.0,70.21670997121042,4.21670997121042,test
img15401,8076,images/img15401.jpg,66.0,71.9450319516123,5.945031951612293,test
img15402,8077,images/img15402.jpg,78.0,80.48267068924103,2.482670689241033,test
img15403,8077,images/img15403.jpg,78.0,81.26883067599006,3.26883067599006,test
img15408,8080,images/img15408.jpg,55.0,53.13255601764119,1.8674439823588072,test
img15409,8080,images/img15409.jpg,55.0,46.427703380710454,8.572296619289546,test
img15420,8086,images/img15420.jpg,65.0,64.72451688989246,0.2754831101075439,test
img15426,8090,images/img15426.jpg,63.0,67.59268382036788,4.592683820367881,test
img15427,8090,images/img15427.jpg,63.0,71.76194899705412,8.76194899705412,test
img15432,8093,images/img15432.jpg,58.0,61.8184806933624,3.818480693362396,test
img15433,8093,images/img15433.jpg,58.0,74.6410776529886,16.6410776529886,test
img15440,8097,images/img15440.jpg,59.0,57.021812146131325,1.9781878538686757,test
img15441,8097,images/img15441.jpg,59.0,60.68596519070179,1.6859651907017934,test
img15442,8098,images/img15442.jpg,74.0,76.96821128817903,2.9682112881790346,test
img15443,8098,images/img15443.jpg,74.0,81.24406291306346,7.244062913063459,test
img15448,8101,images/img15448.jpg,72.0,75.56983713503399,3.5698371350339926,test
img15449,8101,images/img15449.jpg,72.0,78.44675403301096,6.446754033010961,test
img15464,8109,images/img15464.jpg,68.0,75.58945067305567,7.589450673055666,test
img15465,8109,images/img15465.jpg,68.0,68.8111257924948,0.8111257924948063,test
img15466,8110,images/img15466.jpg,70.0,63.73654598623493,6.26345401376507,test
img15467,8110,images/img15467.jpg,70.0,65.24513068604601,4.754869313953989,test
img15519,8137,images/img15519.jpg,74.0,60.16881435532466,13.831185644675337,test
img15520,8137,images/img15520.jpg,74.0,73.27647316128167,0.7235268387183282,test
img15531,8143,images/img15531.jpg,63.0,57.059342573157146,5.940657426842854,test
img15532,8143,images/img15532.jpg,63.0,55.5459847486242,7.4540152513758,test
img15535,8145,images/img15535.jpg,81.0,71.39433911972488,9.605660880275124,test
img15538,8147,images/img15538.jpg,58.0,52.45093104086643,5.549068959133564,test
img15539,8147,images/img15539.jpg,58.0,59.332550089381755,1.3325500893817548,test
img15544,8150,images/img15544.jpg,63.0,64.59503798340668,1.5950379834066837,test
img15545,8150,images/img15545.jpg,63.0,59.98815500980056,3.0118449901994424,test
img15558,8157,images/img15558.jpg,46.0,56.28225210276645,10.28225210276645,test
img15559,8158,images/img15559.jpg,60.0,56.501679309178584,3.4983206908214157,test
img15560,8158,images/img15560.jpg,60.0,65.77562977516156,5.775629775161562,test
img15569,8163,images/img15569.jpg,54.0,58.17285827881708,4.172858278817081,test
img15570,8163,images/img15570.jpg,54.0,51.9760972535411,2.0239027464589014,test
img15579,8168,images/img15579.jpg,73.0,71.45915082590892,1.540849174091079,test
img15580,8168,images/img15580.jpg,73.0,76.16762252540539,3.167622525405392,test
img15583,8170,images/img15583.jpg,77.0,73.6902954744757,3.309704525524296,test
img15584,8170,images/img15584.jpg,77.0,73.85098928746099,3.1490107125390097,test
img15596,8177,images/img15596.jpg,63.0,58.84749755495463,4.152502445045371,test
img15597,8177,images/img15597.jpg,63.0,62.7090693555685,0.2909306444314978,test
img15638,8199,images/img15638.jpg,70.0,67.78511330633428,2.2148866936657186,test
img15639,8199,images/img15639.jpg,70.0,61.86706629752874,8.132933702471263,test
img15667,8214,images/img15667.jpg,59.0,65.38826676167525,6.388266761675254,test
img15668,8214,images/img15668.jpg,59.0,62.21623395244102,3.216233952441023,test
img15681,8221,images/img15681.jpg,60.0,59.27987660466105,0.7201233953389519,test
img15682,8221,images/img15682.jpg,60.0,63.97041921394914,3.9704192139491425,test
img15693,8227,images/img15693.jpg,58.0,54.899094078215285,3.1009059217847152,test
img15694,8227,images/img15694.jpg,58.0,45.299349102155816,12.700650897844184,test
img15699,8230,images/img15699.jpg,73.0,74.80463649958058,1.8046364995805817,test
img15700,8230,images/img15700.jpg,73.0,67.25234574751872,5.747654252481283,test
img15705,8233,images/img15705.jpg,61.0,58.8677011132204,2.1322988867796013,test
img15706,8233,images/img15706.jpg,61.0,59.04719759537063,1.9528024046293664,test
img15709,8235,images/img15709.jpg,58.0,55.61613621981306,2.3838637801869424,test
img15710,8235,images/img15710.jpg,58.0,52.232883115835904,5.767116884164096,test
img15724,8243,images/img15724.jpg,66.0,50.26366274061759,15.73633725938241,test
img15758,8263,images/img15758.jpg,62.0,59.7927857834128,2.2072142165871966,test
img15759,8263,images/img15759.jpg,62.0,59.24641395005974,2.75358604994026,test
img15800,8285,images/img15800.jpg,63.0,64.18396073667176,1.1839607366717644,test
img15801,8285,images/img15801.jpg,63.0,65.18557844867365,2.1855784486736525,test
img15810,8290,images/img15810.jpg,70.0,64.19804160796835,5.801958392031651,test
img15811,8290,images/img15811.jpg,70.0,54.437605000144465,15.562394999855536,test
img15837,8304,images/img15837.jpg,59.0,72.19027533839262,13.190275338392624,test
img15838,8304,images/img15838.jpg,59.0,60.0970480990639,1.0970480990638976,test
img15841,8306,images/img15841.jpg,71.0,68.52838285659652,2.4716171434034777,test
img15842,8306,images/img15842.jpg,71.0,71.20564824632176,0.2056482463217577,test
img15845,8308,images/img15845.jpg,70.0,76.03558450153929,6.03558450153929,test
img15846,8308,images/img15846.jpg,70.0,72.68990142737931,2.6899014273793114,test
img15864,8318,images/img15864.jpg,63.0,62.17004769122662,0.8299523087733789,test
img15865,8318,images/img15865.jpg,63.0,63.26304056241662,0.2630405624166201,test
img15868,8320,images/img15868.jpg,62.0,67.15545155423594,5.155451554235938,test
img15869,8320,images/img15869.jpg,62.0,56.83742025456445,5.162579745435551,test
img15874,8323,images/img15874.jpg,63.0,62.70161775978709,0.2983822402129163,test
img15875,8323,images/img15875.jpg,63.0,64.63294596613169,1.632945966131686,test
img15881,8327,images/img15881.jpg,38.0,44.1213873174594,6.121387317459401,test
img15882,8327,images/img15882.jpg,38.0,44.65446570024828,6.654465700248281,test
img15898,8336,images/img15898.jpg,63.0,63.18189423847681,0.1818942384768078,test
img15899,8336,images/img15899.jpg,63.0,68.77524034681726,5.775240346817256,test
img15919,8347,images/img15919.jpg,70.0,65.5391069094011,4.460893090598901,test
img15920,8347,images/img15920.jpg,70.0,63.09216753695773,6.9078324630422685,test
img15941,8358,images/img15941.jpg,69.0,69.69720205403563,0.6972020540356283,test
img15942,8358,images/img15942.jpg,69.0,77.41953642232231,8.41953642232231,test
img15954,8365,images/img15954.jpg,54.0,58.38765100435861,4.387651004358609,test
img15955,8365,images/img15955.jpg,54.0,46.87766525181286,7.122334748187143,test
img16037,8409,images/img16037.jpg,63.0,62.73855455392176,0.2614454460782411,test
img16038,8409,images/img16038.jpg,63.0,65.51667196219003,2.5166719621900313,test
img16059,8420,images/img16059.jpg,57.0,55.07096719344096,1.929032806559043,test
img16060,8420,images/img16060.jpg,57.0,64.8815375269404,7.881537526940406,test
img16071,8426,images/img16071.jpg,87.0,85.42892272832687,1.5710772716731327,test
img16072,8426,images/img16072.jpg,87.0,86.81447566522509,0.1855243347749109,test
img16079,8430,images/img16079.jpg,52.0,61.42076451503847,9.42076451503847,test
img16080,8430,images/img16080.jpg,52.0,59.89273886630669,7.892738866306693,test
img16082,8432,images/img16082.jpg,50.0,59.77209826676753,9.772098266767529,test
img16083,8432,images/img16083.jpg,50.0,65.9889259105368,15.988925910536809,test
img16087,8434,images/img16087.jpg,67.0,60.441420612556215,6.558579387443785,test
img16088,8435,images/img16088.jpg,69.0,72.93175628754524,3.931756287545241,test
img16089,8435,images/img16089.jpg,69.0,62.425951794986595,6.574048205013405,test
img16110,8446,images/img16110.jpg,61.0,68.02343676991913,7.02343676991913,test
img16111,8446,images/img16111.jpg,61.0,70.15222435754575,9.152224357545748,test
img16118,8450,images/img16118.jpg,59.0,54.259836044919616,4.740163955080384,test
img16119,8450,images/img16119.jpg,59.0,57.657839041530664,1.3421609584693357,test
img16124,8453,images/img16124.jpg,54.0,48.59058672229457,5.409413277705433,test
img16125,8453,images/img16125.jpg,54.0,55.078030259255726,1.0780302592557265,test
img16130,8456,images/img16130.jpg,63.0,64.57016824840461,1.570168248404613,test
img16131,8456,images/img16131.jpg,63.0,61.42535925679144,1.5746407432085618,test
img16150,8466,images/img16150.jpg,72.0,75.30306073587043,3.3030607358704316,test
img16151,8466,images/img16151.jpg,72.0,74.30287826719797,2.3028782671979684,test
img16154,8468,images/img16154.jpg,66.0,69.88231354399862,3.88231354399862,test
img16155,8468,images/img16155.jpg,66.0,71.70527215408757,5.705272154087567,test
img16161,8472,images/img16161.jpg,68.0,79.6467919540861,11.646791954086098,test
img16162,8472,images/img16162.jpg,68.0,68.78588470464041,0.7858847046404094,test
img16239,8511,images/img16239.jpg,34.0,33.615694067164895,0.3843059328351046,test
img16240,8511,images/img16240.jpg,34.0,30.950484285162737,3.0495157148372662,test
img16243,8513,images/img16243.jpg,29.0,29.78273279533725,0.7827327953372496,test
img16244,8513,images/img16244.jpg,29.0,34.077609028609686,5.077609028609686,test
img16247,8515,images/img16247.jpg,20.0,26.285779872940942,6.285779872940942,test
img16248,8515,images/img16248.jpg,20.0,24.271490021591305,4.271490021591305,test
img16261,8522,images/img16261.jpg,33.0,26.02008317810576,6.979916821894239,test
img16262,8522,images/img16262.jpg,33.0,25.741074492329044,7.258925507670956,test
img16263,8523,images/img16263.jpg,19.0,19.123695355763424,0.1236953557634237,test
img16264,8523,images/img16264.jpg,19.0,21.5127189517887,2.512718951788699,test
img16265,8524,images/img16265.jpg,20.0,29.38866470891071,9.38866470891071,test
img16266,8524,images/img16266.jpg,20.0,22.31831797889017,2.318317978890171,test
