image_id,patient_id,image_path,age_true,age_pred,absolute_error,split
img00001,1,images/img00001.jpg,48.0,53.097904870320846,5.097904870320846,validation
img00002,1,images/img00002.jpg,48.0,49.50306557180061,1.5030655718006116,validation
img00015,8,images/img00015.jpg,28.0,28.018921260844905,0.0189212608449054,validation
img00016,8,images/img00016.jpg,28.0,32.82685335997229,4.82685335997229,validation
img00029,15,images/img00029.jpg,26.0,25.37365001877336,0.6263499812266389,validation
img00030,15,images/img00030.jpg,26.0,27.23328258588271,1.2332825858827086,validation
img00047,24,images/img00047.jpg,13.0,17.708144088303364,4.708144088303364,validation
img00048,24,images/img00048.jpg,13.0,15.674967045480235,2.674967045480237,validation
img00070,36,images/img00070.jpg,39.0,41.31031057130451,2.3103105713045125,validation
img00071,36,images/img00071.jpg,39.0,35.09501768906664,3.904982310933363,validation
img00074,38,images/img00074.jpg,37.0,35.05668055113638,1.943319448863619,validation
img00075,38,images/img00075.jpg,37.0,37.43216094680839,0.4321609468083878,validation
img00094,48,images/img00094.jpg,20.0,17.436625714978433,2.563374285021567,validation
img00095,48,images/img00095.jpg,20.0,17.39713689243124,2.6028631075687585,validation
img00096,49,images/img00096.jpg,20.0,20.188907652706476,0.1889076527064759,validation
img00097,49,images/img00097.jpg,20.0,20.4700277602809,0.4700277602808995,validation
img00118,60,images/img00118.jpg,20.0,22.14022347645116,2.140223476451162,validation
img00119,60,images/img00119.jpg,20.0,23.39225515929482,3.3922551592948196,validation
img00130,66,images/img00130.jpg,27.0,21.468529598276568,5.531470401723432,validation
img00131,66,images/img00131.jpg,27.0,21.64343515581036,5.356564844189641,validation
img00132,67,images/img00132.jpg,18.0,21.399179862082057,3.3991798620820575,validation
img00133,67,images/img00133.jpg,18.0,19.8235313455434,1.823531345543401,validation
img00160,81,images/img00160.jpg,28.0,37.122597719149155,9.122597719149155,validation
img00161,81,images/img00161.jpg,28.0,34.26782893783945,6.267828937839447,validation
img00177,90,images/img00177.jpg,25.0,22.612885313099778,2.387114686900226,validation
img00178,90,images/img00178.jpg,25.0,21.181873552145767,3.818126447854233,validation
img00191,97,images/img00191.jpg,19.0,24.789900784670813,5.789900784670813,validation
img00192,97,images/img00192.jpg,19.0,24.58877695233492,5.588776952334918,validation
img00197,100,images/img00197.jpg,15.0,26.09723296011494,11.09723296011494,validation
img00198,100,images/img00198.jpg,15.0,24.23901164290551,9.23901164290551,validation
img00209,106,images/img00209.jpg,24.0,23.34015451770388,0.6598454822961202,validation
img00210,106,images/img00210.jpg,24.0,24.163593750263452,0.1635937502634519,validation
img00223,113,images/img00223.jpg,16.0,16.239807275900638,0.2398072759006382,validation
img00224,113,images/img00224.jpg,16.0,15.878954820812396,0.1210451791876039,validation
img00227,115,images/img00227.jpg,18.0,23.259239948481024,5.259239948481024,validation
img00228,115,images/img00228.jpg,18.0,17.724067000620785,0.275932999379215,validation
img00253,128,images/img00253.jpg,18.0,23.103803968391787,5.103803968391787,validation
img00254,128,images/img00254.jpg,18.0,21.76502295051033,3.765022950510328,validation
img00255,129,images/img00255.jpg,47.0,54.33897919014717,7.338979190147164,validation
img00256,129,images/img00256.jpg,47.0,45.77252570692867,1.2274742930713316,validation
img00269,136,images/img00269.jpg,17.0,19.73122644096143,2.7312264409614286,validation
img00270,136,images/img00270.jpg,17.0,20.49892457430571,3.498924574305711,validation
img00271,137,images/img00271.jpg,17.0,23.73997448355248,6.73997448355248,validation
img00272,137,images/img00272.jpg,17.0,20.235546517250448,3.235546517250448,validation
img00275,139,images/img00275.jpg,15.0,18.45622868362598,3.45622868362598,validation
img00276,139,images/img00276.jpg,15.0,17.01448967845593,2.0144896784559307,validation
img00277,140,images/img00277.jpg,18.0,22.923393009393727,4.9233930093937275,validation
img00278,140,images/img00278.jpg,18.0,21.30885114360413,3.30885114360413,validation
img00281,142,images/img00281.jpg,16.0,20.70643720255636,4.706437202556359,validation
img00282,142,images/img00282.jpg,16.0,18.837100383816853,2.837100383816854,validation
img00283,143,images/img00283.jpg,14.0,22.369746804454557,8.369746804454557,validation
img00284,143,images/img00284.jpg,14.0,19.61529891440717,5.61529891440717,validation
img00285,144,images/img00285.jpg,24.0,22.327422394782342,1.6725776052176542,validation
img00286,144,images/img00286.jpg,24.0,20.362026790351507,3.637973209648493,validation
img00295,149,images/img00295.jpg,17.0,19.844833148514898,2.844833148514894,validation
img00296,149,images/img00296.jpg,17.0,23.65832266167712,6.6583226616771185,validation
img00319,161,images/img00319.jpg,17.0,21.74029226833843,4.740292268338429,validation
img00320,161,images/img00320.jpg,17.0,22.90638603030621,5.906386030306209,validation
img00329,166,images/img00329.jpg,66.0,59.17425234751712,6.825747652482882,validation
img00330,166,images/img00330.jpg,66.0,58.28970157731904,7.710298422680957,validation
img00334,169,images/img00334.jpg,68.0,51.22161022967332,16.778389770326683,validation
img00335,169,images/img00335.jpg,68.0,67.70226399420382,0.2977360057961817,validation
img00342,173,images/img00342.jpg,41.0,65.53875573284176,24.538755732841764,validation
img00343,173,images/img00343.jpg,41.0,58.63207663780387,17.63207663780387,validation
img00357,181,images/img00357.jpg,28.0,36.969637424742146,8.969637424742146,validation
img00358,181,images/img00358.jpg,28.0,44.25738425719619,16.257384257196193,validation
img00366,186,images/img00366.jpg,68.0,74.40261022882663,6.402610228826632,validation
img00367,186,images/img00367.jpg,68.0,72.20550571308527,4.205505713085273,validation
img00370,188,images/img00370.jpg,83.0,76.72350011928985,6.276499880710148,validation
img00371,188,images/img00371.jpg,83.0,81.78839094246564,1.2116090575343603,validation
img00375,191,images/img00375.jpg,61.0,62.48546313446772,1.4854631344677216,validation
img00376,191,images/img00376.jpg,61.0,67.77363245030925,6.77363245030925,validation
img00388,198,images/img00388.jpg,64.0,59.66225334724905,4.337746652750951,validation
img00389,198,images/img00389.jpg,64.0,57.55669221735503,6.443307782644972,validation
img00405,208,images/img00405.jpg,53.0,56.401226658543365,3.401226658543365,validation
img00406,208,images/img00406.jpg,53.0,47.128385684186206,5.871614315813794,validation
img00418,215,images/img00418.jpg,66.0,57.91012361375396,8.08987638624604,validation
img00419,215,images/img00419.jpg,66.0,66.362030283226,0.3620302832260051,validation
img00439,226,images/img00439.jpg,65.0,79.79621430824942,14.796214308249418,validation
img00440,226,images/img00440.jpg,65.0,71.93187700857307,6.931877008573068,validation
img00453,233,images/img00453.jpg,78.0,65.19381201213533,12.806187987864677,validation
img00454,233,images/img00454.jpg,78.0,73.76269782927135,4.237302170728654,validation
img00457,235,images/img00457.jpg,54.0,55.430631155810154,1.430631155810154,validation
img00458,235,images/img00458.jpg,54.0,62.211138620499455,8.211138620499455,validation
img00467,240,images/img00467.jpg,65.0,75.62596649156332,10.625966491563318,validation
img00472,243,images/img00472.jpg,77.0,65.85212846274241,11.147871537257586,validation
img00473,243,images/img00473.jpg,77.0,57.68023534023452,19.31976465976548,validation
img00474,244,images/img00474.jpg,42.0,38.63239954020312,3.3676004597968756,validation
img00475,244,images/img00475.jpg,42.0,54.02318203325462,12.02318203325462,validation
img00498,257,images/img00498.jpg,59.0,58.30078449686244,0.6992155031375589,validation
img00499,257,images/img00499.jpg,59.0,51.27187537390602,7.7281246260939795,validation
img00516,268,images/img00516.jpg,84.0,80.55901123830915,3.4409887616908463,validation
img00517,268,images/img00517.jpg,84.0,81.32452378834631,2.675476211653688,validation
img00542,281,images/img00542.jpg,85.0,81.29171604530984,3.70828395469016,validation
img00543,281,images/img00543.jpg,85.0,83.64460117403716,1.355398825962837,validation
img00550,285,images/img00550.jpg,63.0,50.45651865526319,12.543481344736811,validation
img00551,285,images/img00551.jpg,63.0,59.02894895630549,3.971051043694516,validation
img00560,290,images/img00560.jpg,62.0,68.62135739598418,6.621357395984177,validation
img00561,290,images/img00561.jpg,62.0,66.61289358556603,4.612893585566027,validation
img00568,294,images/img00568.jpg,65.0,64.25803445195551,0.7419655480444902,validation
img00569,294,images/img00569.jpg,65.0,49.11327485949112,15.88672514050888,validation
img00572,296,images/img00572.jpg,65.0,69.94296239016106,4.942962390161057,validation
img00573,296,images/img00573.jpg,65.0,64.75046687452812,0.2495331254718849,validation
img00577,299,images/img00577.jpg,56.0,50.18489667394715,5.815103326052849,validation
img00578,299,images/img00578.jpg,56.0,50.14001696403112,5.859983035968881,validation
img00589,305,images/img00589.jpg,59.0,55.6014861861969,3.398513813803099,validation
img00590,305,images/img00590.jpg,59.0,58.13195881983834,0.8680411801616614,validation
img00598,310,images/img00598.jpg,78.0,68.23158195222075,9.76841804777925,validation
img00599,310,images/img00599.jpg,78.0,59.54016196318178,18.45983803681822,validation
img00600,311,images/img00600.jpg,27.0,38.67177493926532,11.67177493926532,validation
img00601,311,images/img00601.jpg,27.0,30.810415006070237,3.8104150060702366,validation
img00602,312,images/img00602.jpg,60.0,63.862360986972035,3.862360986972035,validation
img00603,312,images/img00603.jpg,60.0,68.61833204264387,8.618332042643871,validation
img00621,322,images/img00621.jpg,45.0,40.88396695973265,4.116033040267347,validation
img00622,322,images/img00622.jpg,45.0,43.76010189002938,1.2398981099706177,validation
img00641,332,images/img00641.jpg,17.0,27.131834003432974,10.131834003432974,validation
img00642,332,images/img00642.jpg,17.0,16.012231778130044,0.9877682218699562,validation
img00661,342,images/img00661.jpg,70.0,62.07510460000795,7.924895399992053,validation
img00662,342,images/img00662.jpg,70.0,63.925658925875496,6.074341074124504,validation
img00667,345,images/img00667.jpg,60.0,71.15467965835997,11.154679658359967,validation
img00668,345,images/img00668.jpg,60.0,66.16599414855865,6.165994148558653,validation
img00686,355,images/img00686.jpg,22.0,37.58014151397968,15.580141513979685,validation
img00732,379,images/img00732.jpg,49.0,40.659458258498816,8.340541741501184,validation
img00733,379,images/img00733.jpg,49.0,50.976626408175974,1.9766264081759743,validation
img00772,400,images/img00772.jpg,90.0,87.95585837600876,2.044141623991237,validation
img00773,400,images/img00773.jpg,90.0,81.08129148720388,8.918708512796115,validation
img00776,402,images/img00776.jpg,55.0,46.00560006250093,8.994399937499068,validation
img00777,402,images/img00777.jpg,55.0,52.401198114524895,2.5988018854751047,validation
img00782,405,images/img00782.jpg,63.0,59.89634987744936,3.10365012255064,validation
img00783,405,images/img00783.jpg,63.0,68.33324865675702,5.333248656757021,validation
img00792,410,images/img00792.jpg,60.0,65.96217105540183,5.962171055401825,validation
img00793,410,images/img00793.jpg,60.0,52.479120048720425,7.520879951279575,validation
img00800,414,images/img00800.jpg,50.0,50.545748038424954,0.5457480384249536,validation
img00801,414,images/img00801.jpg,50.0,53.744433458066105,3.744433458066105,validation
img00810,419,images/img00810.jpg,55.0,62.86582551958652,7.865825519586522,validation
img00811,419,images/img00811.jpg,55.0,63.98968212071671,8.989682120716708,validation
img00823,426,images/img00823.jpg,66.0,63.86706915221,2.13293084779,validation
img00824,426,images/img00824.jpg,66.0,55.49893431496819,10.501065685031811,validation
img00825,427,images/img00825.jpg,69.0,70.9029384146216,1.9029384146216015,validation
img00826,427,images/img00826.jpg,69.0,67.57211927004889,1.427880729951113,validation
img00829,429,images/img00829.jpg,60.0,78.8579119849179,18.857911984917905,validation
img00839,435,images/img00839.jpg,63.0,60.391273799555464,2.6087262004445364,validation
img00840,435,images/img00840.jpg,63.0,60.86914139245196,2.130858607548042,validation
img00866,449,images/img00866.jpg,64.0,61.258601377147734,2.741398622852266,validation
img00867,449,images/img00867.jpg,64.0,59.50833549688213,4.4916645031178675,validation
img00901,466,images/img00901.jpg,71.0,65.76146710808251,5.238532891917487,validation
img00912,472,images/img00912.jpg,76.0,61.26581521985483,14.73418478014517,validation
img00913,472,images/img00913.jpg,76.0,65.64378369873162,10.356216301268375,validation
img00954,494,images/img00954.jpg,45.0,41.13137084578017,3.868629154219832,validation
img00955,494,images/img00955.jpg,45.0,37.47142292238558,7.528577077614422,validation
img00996,516,images/img00996.jpg,38.0,33.90857531764555,4.09142468235445,validation
img00997,516,images/img00997.jpg,38.0,53.00670611737024,15.006706117370236,validation
img01052,547,images/img01052.jpg,66.0,69.33280838687241,3.332808386872415,validation
img01053,547,images/img01053.jpg,66.0,68.98247159757626,2.9824715975762643,validation
img01058,550,images/img01058.jpg,79.0,79.57432743449579,0.5743274344957854,validation
img01059,550,images/img01059.jpg,79.0,83.27663793892773,4.276637938927735,validation
img01066,554,images/img01066.jpg,88.0,85.87542300191588,2.124576998084123,validation
img01067,554,images/img01067.jpg,88.0,80.32829042005065,7.671709579949351,validation
img01089,566,images/img01089.jpg,54.0,47.6945062912546,6.305493708745402,validation
img01090,566,images/img01090.jpg,54.0,51.4058306909128,2.5941693090871993,validation
img01110,577,images/img01110.jpg,70.0,72.21337010491547,2.2133701049154695,validation
img01111,577,images/img01111.jpg,70.0,67.68941769391705,2.3105823060829493,validation
img01113,579,images/img01113.jpg,67.0,64.6852461894318,2.314753810568206,validation
img01114,579,images/img01114.jpg,67.0,57.9484101746254,9.0515898253746,validation
img01123,584,images/img01123.jpg,50.0,48.104125391841,1.895874608158998,validation
img01124,584,images/img01124.jpg,50.0,51.73717449952347,1.7371744995234764,validation
img01189,619,images/img01189.jpg,87.0,83.54024938661559,3.459750613384415,validation
img01212,631,images/img01212.jpg,30.0,35.92373329489961,5.923733294899613,validation
img01213,631,images/img01213.jpg,30.0,26.288087604616535,3.711912395383465,validation
img01229,640,images/img01229.jpg,47.0,53.1430888605476,6.1430888605476,validation
img01247,650,images/img01247.jpg,43.0,40.698610082422306,2.301389917577694,validation
img01248,650,images/img01248.jpg,43.0,36.96421709089163,6.03578290910837,validation
img01276,666,images/img01276.jpg,79.0,68.63711235429497,10.36288764570503,validation
img01277,666,images/img01277.jpg,79.0,77.18044407838241,1.8195559216175925,validation
img01303,681,images/img01303.jpg,59.0,62.82039287018112,3.820392870181117,validation
img01305,682,images/img01305.jpg,71.0,68.78736357238715,2.21263642761285,validation
img01335,698,images/img01335.jpg,18.0,22.51831193881778,4.5183119388177815,validation
img01336,698,images/img01336.jpg,18.0,24.380010122086667,6.3800101220866665,validation
img01345,703,images/img01345.jpg,41.0,51.05866757797581,10.058667577975813,validation
img01350,706,images/img01350.jpg,65.0,53.484653870133535,11.515346129866463,validation
img01424,745,images/img01424.jpg,74.0,60.60153476609651,13.398465233903488,validation
img01425,745,images/img01425.jpg,74.0,54.46404303294875,19.53595696705125,validation
img01437,753,images/img01437.jpg,86.0,67.29477158396118,18.70522841603882,validation
img01438,753,images/img01438.jpg,86.0,83.29461338007948,2.7053866199205174,validation
img01439,754,images/img01439.jpg,67.0,81.68820310567611,14.68820310567611,validation
img01440,754,images/img01440.jpg,67.0,64.98422940528341,2.015770594716585,validation
img01475,773,images/img01475.jpg,65.0,69.35408292458308,4.354082924583082,validation
img01476,773,images/img01476.jpg,65.0,65.98301480199159,0.9830148019915868,validation
img01490,780,images/img01490.jpg,59.0,55.55189176738031,3.4481082326196884,validation
img01549,811,images/img01549.jpg,42.0,42.555491039409944,0.5554910394099437,validation
img01550,811,images/img01550.jpg,42.0,48.09896789510477,6.098967895104764,validation
img01650,864,images/img01650.jpg,51.0,73.41539511819897,22.415395118198973,validation
img01678,881,images/img01678.jpg,76.0,27.70952162475058,48.29047837524942,validation
img01679,881,images/img01679.jpg,76.0,33.872471749881456,42.127528250118544,validation
img01698,891,images/img01698.jpg,21.0,26.214316533727857,5.214316533727857,validation
img01699,891,images/img01699.jpg,21.0,28.172847836095283,7.172847836095283,validation
img01724,904,images/img01724.jpg,13.0,18.733239371089983,5.7332393710899865,validation
img01725,904,images/img01725.jpg,13.0,24.3576918701919,11.3576918701919,validation
img01765,928,images/img01765.jpg,82.0,76.86992547598413,5.130074524015868,validation
img01766,928,images/img01766.jpg,82.0,66.8150305949939,15.1849694050061,validation
img01790,941,images/img01790.jpg,77.0,77.14076767084079,0.1407676708407876,validation
img01791,941,images/img01791.jpg,77.0,72.0686286507293,4.931371349270705,validation
img01794,943,images/img01794.jpg,62.0,70.81442229068283,8.814422290682828,validation
img01795,943,images/img01795.jpg,62.0,66.88009205096704,4.880092050967036,validation
img01827,961,images/img01827.jpg,41.0,30.73450197629174,10.26549802370826,validation
img01828,961,images/img01828.jpg,41.0,25.20228676392498,15.79771323607502,validation
img01854,975,images/img01854.jpg,53.0,46.852509231572206,6.147490768427794,validation
img01855,975,images/img01855.jpg,53.0,59.36136538027672,6.361365380276723,validation
img01862,979,images/img01862.jpg,55.0,48.03564487216135,6.964355127838651,validation
img01883,993,images/img01883.jpg,69.0,52.42779428584193,16.572205714158073,validation
img01884,993,images/img01884.jpg,69.0,56.797932454464544,12.202067545535456,validation
img01892,998,images/img01892.jpg,71.0,63.800966163273635,7.199033836726365,validation
img01893,998,images/img01893.jpg,71.0,73.13671252494163,2.136712524941629,validation
img01911,1008,images/img01911.jpg,81.0,72.7604748284793,8.239525171520697,validation
img01912,1008,images/img01912.jpg,81.0,82.22380188917495,1.2238018891749505,validation
img01918,1012,images/img01918.jpg,58.0,58.131747241414395,0.1317472414143949,validation
img01919,1012,images/img01919.jpg,58.0,58.19909243563361,0.1990924356336094,validation
img01932,1019,images/img01932.jpg,59.0,53.21210050750797,5.787899492492031,validation
img01933,1019,images/img01933.jpg,59.0,52.381276479055984,6.618723520944016,validation
img01939,1023,images/img01939.jpg,32.0,36.449791418333206,4.449791418333206,validation
img01940,1023,images/img01940.jpg,32.0,28.370331210806825,3.6296687891931754,validation
img01947,1027,images/img01947.jpg,59.0,48.72596201408472,10.274037985915278,validation
img01948,1027,images/img01948.jpg,59.0,58.88952995368349,0.1104700463165073,validation
img01951,1029,images/img01951.jpg,33.0,25.03649216594596,7.963507834054042,validation
img01952,1029,images/img01952.jpg,33.0,32.831571340704144,0.1684286592958557,validation
img01979,1045,images/img01979.jpg,55.0,54.23462331293646,0.7653766870635366,validation
img01980,1045,images/img01980.jpg,55.0,52.01256235866363,2.9874376413363706,validation
img02010,1061,images/img02010.jpg,76.0,73.07423690630444,2.925763093695565,validation
img02027,1070,images/img02027.jpg,37.0,44.07313762130633,7.07313762130633,validation
img02028,1070,images/img02028.jpg,37.0,42.847476898725354,5.847476898725354,validation
img02087,1103,images/img02087.jpg,69.0,60.31018391470555,8.689816085294453,validation
img02088,1103,images/img02088.jpg,69.0,57.752640966861456,11.247359033138544,validation
img02097,1108,images/img02097.jpg,55.0,63.094668306679914,8.094668306679914,validation
img02098,1108,images/img02098.jpg,55.0,65.12599676481962,10.125996764819618,validation
img02121,1121,images/img02121.jpg,36.0,31.82898625724845,4.171013742751551,validation
img02122,1121,images/img02122.jpg,36.0,39.27573100346493,3.2757310034649265,validation
img02171,1146,images/img02171.jpg,49.0,49.851874415880545,0.8518744158805447,validation
img02172,1146,images/img02172.jpg,49.0,45.54626548533991,3.4537345146600913,validation
img02179,1150,images/img02179.jpg,34.0,23.07791505794036,10.92208494205964,validation
img02180,1150,images/img02180.jpg,34.0,34.69974120628067,0.6997412062806703,validation
img02187,1154,images/img02187.jpg,45.0,51.2584903120655,6.258490312065497,validation
img02188,1154,images/img02188.jpg,45.0,48.77877046184648,3.778770461846477,validation
img02189,1155,images/img02189.jpg,40.0,41.62141155967385,1.6214115596738523,validation
img02206,1164,images/img02206.jpg,56.0,54.122133935771295,1.877866064228705,validation
img02207,1164,images/img02207.jpg,56.0,58.99072551451283,2.990725514512832,validation
img02219,1171,images/img02219.jpg,77.0,75.3229076645247,1.6770923354752938,validation
img02220,1171,images/img02220.jpg,77.0,79.18064542416242,2.180645424162421,validation
img02226,1175,images/img02226.jpg,76.0,59.10038530291036,16.89961469708964,validation
img02227,1175,images/img02227.jpg,76.0,69.15420020691961,6.845799793080388,validation
img02232,1178,images/img02232.jpg,89.0,76.32079657945721,12.679203420542793,validation
img02233,1178,images/img02233.jpg,89.0,80.26007055626442,8.739929443735576,validation
img02247,1186,images/img02247.jpg,40.0,49.15409531737664,9.154095317376644,validation
img02248,1186,images/img02248.jpg,40.0,43.878936983997214,3.878936983997214,validation
img02257,1191,images/img02257.jpg,79.0,62.492036243545606,16.507963756454394,validation
img02258,1191,images/img02258.jpg,79.0,65.05930048380786,13.94069951619214,validation
img02279,1202,images/img02279.jpg,35.0,31.03791852355227,3.962081476447729,validation
img02280,1202,images/img02280.jpg,35.0,44.891618938838846,9.891618938838846,validation
img02286,1206,images/img02286.jpg,31.0,33.728563522065855,2.728563522065855,validation
img02297,1212,images/img02297.jpg,51.0,62.77600611618067,11.776006116180668,validation
img02298,1212,images/img02298.jpg,51.0,51.91271261110823,0.9127126111082332,validation
img02338,1233,images/img02338.jpg,19.0,12.421004308710302,6.578995691289698,validation
img02375,1252,images/img02375.jpg,29.0,38.32728818433018,9.32728818433018,validation
img02376,1252,images/img02376.jpg,29.0,35.52411182014977,6.52411182014977,validation
img02383,1256,images/img02383.jpg,18.0,25.223202490803295,7.223202490803296,validation
img02408,1269,images/img02408.jpg,63.0,72.43053027305378,9.430530273053776,validation
img02426,1278,images/img02426.jpg,75.0,71.77231961165866,3.2276803883413407,validation
img02445,1288,images/img02445.jpg,63.0,64.0151696865289,1.0151696865289068,validation
img02446,1288,images/img02446.jpg,63.0,59.37109771512553,3.6289022848744703,validation
img02453,1292,images/img02453.jpg,63.0,63.25748881000896,0.257488810008958,validation
img02454,1292,images/img02454.jpg,63.0,67.63734758941823,4.637347589418226,validation
img02457,1294,images/img02457.jpg,61.0,54.93061544624639,6.069384553753608,validation
img02458,1294,images/img02458.jpg,61.0,57.066383145131745,3.933616854868255,validation
img02479,1305,images/img02479.jpg,80.0,73.00805212158562,6.991947878414379,validation
img02480,1305,images/img02480.jpg,80.0,71.31604201554049,8.68395798445951,validation
img02487,1309,images/img02487.jpg,44.0,41.87096940132594,2.1290305986740634,validation
img02488,1309,images/img02488.jpg,44.0,42.51881053872695,1.481189461273047,validation
img02555,1345,images/img02555.jpg,78.0,76.92767329839558,1.072326701604425,validation
img02556,1345,images/img02556.jpg,78.0,69.84632449032996,8.153675509670038,validation
img02569,1352,images/img02569.jpg,73.0,67.69417057418275,5.305829425817251,validation
img02570,1352,images/img02570.jpg,73.0,66.5735432705438,6.426456729456206,validation
img02571,1353,images/img02571.jpg,82.0,60.43221422458858,21.567785775411423,validation
img02572,1353,images/img02572.jpg,82.0,73.50140938180513,8.498590618194868,validation
img02614,1377,images/img02614.jpg,63.0,51.64681960639517,11.35318039360483,validation
img02615,1377,images/img02615.jpg,63.0,46.806724314997034,16.193275685002966,validation
img02634,1387,images/img02634.jpg,75.0,75.23007708571417,0.2300770857141714,validation
img02635,1387,images/img02635.jpg,75.0,78.58744059760836,3.5874405976083636,validation
img02636,1388,images/img02636.jpg,52.0,56.66456899810696,4.664568998106958,validation
img02637,1388,images/img02637.jpg,52.0,47.10990856223541,4.890091437764596,validation
img02642,1391,images/img02642.jpg,64.0,62.865943305513255,1.1340566944867447,validation
img02643,1391,images/img02643.jpg,64.0,60.06086709795908,3.939132902040918,validation
img02655,1398,images/img02655.jpg,64.0,65.30726494361778,1.3072649436177812,validation
img02666,1405,images/img02666.jpg,68.0,59.44766947360538,8.55233052639462,validation
img02669,1407,images/img02669.jpg,62.0,68.74390165603363,6.7439016560336285,validation
img02670,1407,images/img02670.jpg,62.0,62.79373835120593,0.7937383512059313,validation
img02759,1455,images/img02759.jpg,59.0,48.27229424873201,10.72770575126799,validation
img02775,1465,images/img02775.jpg,67.0,66.64944212238666,0.3505578776133404,validation
img02776,1465,images/img02776.jpg,67.0,73.26423542161635,6.264235421616348,validation
img02845,1502,images/img02845.jpg,68.0,60.859168578002745,7.140831421997255,validation
img02847,1502,images/img02847.jpg,68.0,64.04644621251786,3.953553787482136,validation
img02872,1518,images/img02872.jpg,89.0,82.70251879494592,6.297481205054083,validation
img02873,1518,images/img02873.jpg,89.0,79.7948161456747,9.205183854325298,validation
img02949,1559,images/img02949.jpg,59.0,52.48008414834293,6.519915851657068,validation
img02950,1559,images/img02950.jpg,59.0,56.33201692946315,2.667983070536849,validation
img02960,1565,images/img02960.jpg,52.0,51.98662437074273,0.0133756292572684,validation
img02961,1565,images/img02961.jpg,52.0,47.36856100428578,4.63143899571422,validation
img02962,1566,images/img02962.jpg,44.0,41.15932319117026,2.840676808829741,validation
img02963,1566,images/img02963.jpg,44.0,39.032662293887405,4.967337706112595,validation
img03013,1594,images/img03013.jpg,64.0,62.99107122167776,1.008928778322236,validation
img03014,1594,images/img03014.jpg,64.0,58.36233282397925,5.637667176020756,validation
img03027,1601,images/img03027.jpg,56.0,65.62257350703648,9.622573507036478,validation
img03035,1606,images/img03035.jpg,61.0,65.67895697579662,4.678956975796623,validation
img03036,1606,images/img03036.jpg,61.0,62.105037493943826,1.1050374939438257,validation
img03043,1610,images/img03043.jpg,69.0,71.54424352369945,2.54424352369945,validation
img03044,1610,images/img03044.jpg,69.0,65.77684362457316,3.2231563754268393,validation
img03090,1638,images/img03090.jpg,73.0,79.1070663007099,6.107066300709903,validation
img03091,1638,images/img03091.jpg,73.0,71.94339603596325,1.0566039640367535,validation
img03095,1640,images/img03095.jpg,54.0,63.578898248188175,9.578898248188176,validation
img03098,1642,images/img03098.jpg,68.0,62.7368183021129,5.263181697887099,validation
img03099,1642,images/img03099.jpg,68.0,56.72691353900278,11.27308646099722,validation
img03107,1647,images/img03107.jpg,88.0,51.97273762810317,36.02726237189683,validation
img03108,1647,images/img03108.jpg,88.0,53.51401146706617,34.48598853293383,validation
img03120,1655,images/img03120.jpg,72.0,72.42144766937025,0.4214476693702522,validation
img03121,1655,images/img03121.jpg,72.0,70.24012537720048,1.759874622799515,validation
img03124,1657,images/img03124.jpg,47.0,56.885656113597655,9.885656113597657,validation
img03125,1657,images/img03125.jpg,47.0,48.37623378541002,1.3762337854100224,validation
img03136,1664,images/img03136.jpg,76.0,74.5278330280988,1.4721669719012027,validation
img03137,1664,images/img03137.jpg,76.0,68.30973291460715,7.690267085392847,validation
img03142,1667,images/img03142.jpg,71.0,64.79731186444386,6.202688135556144,validation
img03143,1667,images/img03143.jpg,71.0,68.50463481442449,2.4953651855755083,validation
img03180,1688,images/img03180.jpg,66.0,62.24786492682062,3.7521350731793817,validation
img03181,1688,images/img03181.jpg,66.0,70.97398950309113,4.973989503091133,validation
img03214,1706,images/img03214.jpg,69.0,73.72763470386005,4.727634703860048,validation
img03215,1706,images/img03215.jpg,69.0,83.46643905375133,14.46643905375133,validation
img03237,1718,images/img03237.jpg,81.0,71.08365147270953,9.916348527290468,validation
img03238,1718,images/img03238.jpg,81.0,68.48972616980949,12.510273830190512,validation
img03243,1721,images/img03243.jpg,70.0,78.6353925571133,8.635392557113306,validation
img03244,1721,images/img03244.jpg,70.0,68.17074115862216,1.829258841377836,validation
img03263,1732,images/img03263.jpg,56.0,53.58148044556949,2.4185195544305103,validation
img03264,1732,images/img03264.jpg,56.0,50.67704771902811,5.32295228097189,validation
img03290,1746,images/img03290.jpg,61.0,54.051795288566936,6.948204711433064,validation
img03291,1746,images/img03291.jpg,61.0,57.8073500759548,3.192649924045199,validation
img03314,1758,images/img03314.jpg,47.0,60.298842929468506,13.298842929468506,validation
img03315,1758,images/img03315.jpg,47.0,54.2573240964405,7.257324096440499,validation
img03358,1783,images/img03358.jpg,60.0,60.38686827871257,0.3868682787125692,validation
img03361,1784,images/img03361.jpg,62.0,58.00736952890128,3.992630471098721,validation
img03368,1788,images/img03368.jpg,77.0,73.5630997609308,3.436900239069203,validation
img03369,1788,images/img03369.jpg,77.0,81.69913538465349,4.699135384653488,validation
img03370,1789,images/img03370.jpg,61.0,69.6393418987496,8.639341898749606,validation
img03371,1789,images/img03371.jpg,61.0,60.731662585789735,0.268337414210265,validation
img03412,1811,images/img03412.jpg,71.0,61.77231269987274,9.227687300127258,validation
img03413,1811,images/img03413.jpg,71.0,65.48106789400411,5.518932105995887,validation
img03432,1822,images/img03432.jpg,77.0,73.91993004474324,3.0800699552567607,validation
img03433,1822,images/img03433.jpg,77.0,73.57922116434696,3.420778835653038,validation
img03437,1825,images/img03437.jpg,57.0,52.788262300752635,4.211737699247365,validation
img03438,1825,images/img03438.jpg,57.0,65.1262061620227,8.126206162022697,validation
img03474,1847,images/img03474.jpg,31.0,22.350227058930095,8.649772941069905,validation
img03475,1847,images/img03475.jpg,31.0,27.53193534677321,3.46806465322679,validation
img03487,1854,images/img03487.jpg,75.0,69.33699087788182,5.663009122118183,validation
img03488,1854,images/img03488.jpg,75.0,64.18497009662723,10.815029903372777,validation
img03493,1857,images/img03493.jpg,73.0,67.5571211953784,5.4428788046216,validation
img03494,1857,images/img03494.jpg,73.0,66.45833445626468,6.54166554373532,validation
img03515,1870,images/img03515.jpg,65.0,59.85946052486851,5.14053947513149,validation
img03516,1870,images/img03516.jpg,65.0,68.07321877373015,3.0732187737301473,validation
img03517,1871,images/img03517.jpg,67.0,63.67649697581048,3.3235030241895203,validation
img03518,1871,images/img03518.jpg,67.0,65.18593126114864,1.8140687388513612,validation
img03540,1883,images/img03540.jpg,65.0,64.93491854517931,0.0650814548206852,validation
img03541,1883,images/img03541.jpg,65.0,56.1998288784994,8.800171121500597,validation
img03632,1930,images/img03632.jpg,79.0,65.31099810312891,13.68900189687109,validation
img03633,1930,images/img03633.jpg,79.0,64.21452782057425,14.785472179425753,validation
img03653,1941,images/img03653.jpg,73.0,59.96597008503118,13.03402991496882,validation
img03701,1965,images/img03701.jpg,66.0,69.56036752548651,3.5603675254865124,validation
img03702,1965,images/img03702.jpg,66.0,49.677216426914974,16.322783573085026,validation
img03736,1984,images/img03736.jpg,69.0,60.00907809829929,8.990921901700709,validation
img03737,1984,images/img03737.jpg,69.0,73.75486288392284,4.75486288392284,validation
img03743,1988,images/img03743.jpg,60.0,65.10854372606512,5.108543726065122,validation
img03744,1988,images/img03744.jpg,60.0,67.39172903264905,7.391729032649053,validation
img03757,1995,images/img03757.jpg,70.0,73.24472876341709,3.2447287634170863,validation
img03758,1995,images/img03758.jpg,70.0,64.63225015667561,5.36774984332439,validation
img03759,1996,images/img03759.jpg,84.0,79.71778851203398,4.282211487966023,validation
img03796,2017,images/img03796.jpg,37.0,43.068719221713266,6.068719221713266,validation
img03797,2017,images/img03797.jpg,37.0,38.32378514362034,1.3237851436203414,validation
img03814,2026,images/img03814.jpg,16.0,36.7478334373814,20.7478334373814,validation
img03815,2026,images/img03815.jpg,16.0,16.96178265746442,0.9617826574644184,validation
img03858,2048,images/img03858.jpg,23.0,32.15164771620441,9.151647716204408,validation
img03859,2048,images/img03859.jpg,23.0,27.018209846112583,4.018209846112583,validation
img03874,2056,images/img03874.jpg,29.0,34.0140068093955,5.014006809395497,validation
img03875,2056,images/img03875.jpg,29.0,38.02155736173145,9.021557361731452,validation
img03894,2066,images/img03894.jpg,38.0,37.006284116501725,0.9937158834982752,validation
img03895,2066,images/img03895.jpg,38.0,37.3771069321657,0.6228930678342977,validation
img03933,2086,images/img03933.jpg,38.0,41.12997050198457,3.129970501984573,validation
img03934,2086,images/img03934.jpg,38.0,34.74154648538692,3.2584535146130804,validation
img03947,2093,images/img03947.jpg,63.0,72.03876446525067,9.038764465250663,validation
img04017,2132,images/img04017.jpg,71.0,70.24375601933095,0.7562439806690548,validation
img04024,2136,images/img04024.jpg,45.0,38.66754118956558,6.332458810434417,validation
img04025,2136,images/img04025.jpg,45.0,45.13593857858268,0.1359385785826816,validation
img04033,2141,images/img04033.jpg,68.0,78.15446389338483,10.154463893384827,validation
img04034,2141,images/img04034.jpg,68.0,72.90870841727099,4.9087084172709865,validation
img04053,2151,images/img04053.jpg,46.0,42.942513782441246,3.057486217558754,validation
img04054,2151,images/img04054.jpg,46.0,42.91480355256721,3.085196447432793,validation
img04096,2173,images/img04096.jpg,72.0,66.49808938775746,5.50191061224254,validation
img04097,2173,images/img04097.jpg,72.0,66.91654897651134,5.083451023488664,validation
img04119,2185,images/img04119.jpg,49.0,44.172842317674174,4.827157682325826,validation
img04120,2185,images/img04120.jpg,49.0,57.286772815250735,8.286772815250735,validation
img04180,2216,images/img04180.jpg,50.0,52.53874699290742,2.53874699290742,validation
img04181,2216,images/img04181.jpg,50.0,63.33255988853342,13.332559888533416,validation
img04197,2226,images/img04197.jpg,47.0,55.26267169612223,8.262671696122233,validation
img04199,2228,images/img04199.jpg,64.0,53.53674442357797,10.463255576422029,validation
img04200,2228,images/img04200.jpg,64.0,57.734216330537734,6.265783669462266,validation
img04203,2230,images/img04203.jpg,22.0,23.37479448626729,1.374794486267291,validation
img04204,2230,images/img04204.jpg,22.0,24.04432459334341,2.0443245933434113,validation
img04215,2236,images/img04215.jpg,72.0,61.17603944086628,10.823960559133717,validation
img04216,2236,images/img04216.jpg,72.0,74.17232674535165,2.172326745351654,validation
img04219,2238,images/img04219.jpg,63.0,68.40369336582597,5.403693365825973,validation
img04220,2238,images/img04220.jpg,63.0,68.95915216530429,5.959152165304289,validation
img04278,2269,images/img04278.jpg,54.0,47.183285922757875,6.816714077242125,validation
img04279,2269,images/img04279.jpg,54.0,55.57371501846494,1.573715018464938,validation
img04284,2272,images/img04284.jpg,56.0,58.18608854213931,2.1860885421393093,validation
img04285,2272,images/img04285.jpg,56.0,59.25208948675151,3.252089486751508,validation
img04304,2283,images/img04304.jpg,64.0,57.446990849434755,6.553009150565245,validation
img04305,2283,images/img04305.jpg,64.0,58.15628011411906,5.843719885880937,validation
img04319,2292,images/img04319.jpg,73.0,63.8972463428828,9.102753657117198,validation
img04320,2292,images/img04320.jpg,73.0,62.18380028878297,10.816199711217031,validation
img04340,2303,images/img04340.jpg,77.0,80.37302289755826,3.3730228975582577,validation
img04349,2308,images/img04349.jpg,77.0,79.5744015960052,2.5744015960052025,validation
img04350,2308,images/img04350.jpg,77.0,76.91374620317,0.0862537968299932,validation
img04351,2309,images/img04351.jpg,84.0,84.55767113439774,0.5576711343977365,validation
img04352,2309,images/img04352.jpg,84.0,87.57764994649453,3.5776499464945317,validation
img04359,2313,images/img04359.jpg,29.0,27.35982611438886,1.6401738856111407,validation
img04360,2313,images/img04360.jpg,29.0,28.43144901945532,0.5685509805446785,validation
img04363,2315,images/img04363.jpg,43.0,46.45955356778702,3.459553567787019,validation
img04364,2315,images/img04364.jpg,43.0,53.92832837209143,10.928328372091428,validation
img04395,2332,images/img04395.jpg,63.0,61.20940666705473,1.7905933329452708,validation
img04396,2332,images/img04396.jpg,63.0,63.41626642046399,0.416266420463991,validation
img04425,2348,images/img04425.jpg,65.0,73.08701231691307,8.087012316913075,validation
img04426,2348,images/img04426.jpg,65.0,56.69163583598885,8.308364164011152,validation
img04449,2360,images/img04449.jpg,52.0,48.00604897684917,3.993951023150828,validation
img04450,2360,images/img04450.jpg,52.0,78.15113535034423,26.151135350344234,validation
img04470,2371,images/img04470.jpg,33.0,39.351722557194584,6.351722557194584,validation
img04471,2371,images/img04471.jpg,33.0,44.25185922474414,11.251859224744138,validation
img04530,2401,images/img04530.jpg,74.0,74.89644190458438,0.8964419045843783,validation
img04531,2401,images/img04531.jpg,74.0,80.1410326087561,6.141032608756106,validation
img04534,2403,images/img04534.jpg,77.0,82.96256830896058,5.962568308960584,validation
img04535,2403,images/img04535.jpg,77.0,74.91505644344971,2.084943556550286,validation
img04562,2418,images/img04562.jpg,68.0,66.99936557032882,1.0006344296711802,validation
img04563,2418,images/img04563.jpg,68.0,65.40690311274923,2.5930968872507663,validation
img04590,2432,images/img04590.jpg,40.0,50.1446356992136,10.144635699213602,validation
img04591,2432,images/img04591.jpg,40.0,41.86116699475683,1.861166994756836,validation
img04597,2436,images/img04597.jpg,29.0,25.52629185493402,3.473708145065981,validation
img04598,2436,images/img04598.jpg,29.0,24.44330478915883,4.55669521084117,validation
img04600,2437,images/img04600.jpg,50.0,51.160943933743965,1.160943933743965,validation
img04651,2463,images/img04651.jpg,77.0,66.69763292557637,10.302367074423628,validation
img04652,2463,images/img04652.jpg,77.0,65.47831083083025,11.521689169169749,validation
img04669,2472,images/img04669.jpg,69.0,70.27034510168016,1.2703451016801637,validation
img04670,2472,images/img04670.jpg,69.0,72.23126265967434,3.231262659674343,validation
img04687,2481,images/img04687.jpg,49.0,57.55677544456367,8.55677544456367,validation
img04688,2481,images/img04688.jpg,49.0,56.76083445447528,7.76083445447528,validation
img04743,2509,images/img04743.jpg,39.0,41.67992062816733,2.6799206281673236,validation
img04744,2509,images/img04744.jpg,39.0,34.78041147876661,4.219588521233391,validation
img04747,2511,images/img04747.jpg,58.0,49.255142555187135,8.744857444812865,validation
img04748,2511,images/img04748.jpg,58.0,65.35292553060361,7.352925530603613,validation
img04763,2519,images/img04763.jpg,56.0,76.03681034766564,20.036810347665636,validation
img04764,2519,images/img04764.jpg,56.0,65.00442096683442,9.004420966834417,validation
img04841,2558,images/img04841.jpg,77.0,67.77220593186328,9.227794068136715,validation
img04842,2558,images/img04842.jpg,77.0,64.04663815995401,12.953361840045986,validation
img04899,2589,images/img04899.jpg,56.0,58.17188484084274,2.1718848408427434,validation
img04900,2589,images/img04900.jpg,56.0,56.48666855616182,0.4866685561618169,validation
img04909,2594,images/img04909.jpg,60.0,65.81387639242591,5.813876392425911,validation
img04910,2594,images/img04910.jpg,60.0,70.59998864862627,10.599988648626264,validation
img04937,2608,images/img04937.jpg,42.0,40.2162897997817,1.7837102002183016,validation
img04938,2608,images/img04938.jpg,42.0,40.94154573752704,1.0584542624729636,validation
img04948,2614,images/img04948.jpg,70.0,78.4849537540267,8.484953754026705,validation
img04949,2614,images/img04949.jpg,70.0,74.31842491891611,4.318424918916108,validation
img04954,2617,images/img04954.jpg,42.0,78.0545596153078,36.054559615307795,validation
img04957,2619,images/img04957.jpg,89.0,76.02081109261795,12.979188907382053,validation
img04958,2619,images/img04958.jpg,89.0,74.9786324880135,14.021367511986496,validation
img04961,2621,images/img04961.jpg,60.0,58.12524188650965,1.8747581134903513,validation
img05037,2660,images/img05037.jpg,68.0,57.05510970957838,10.944890290421618,validation
img05038,2660,images/img05038.jpg,68.0,57.44638474268678,10.553615257313218,validation
img05041,2662,images/img05041.jpg,57.0,55.92909956182253,1.0709004381774676,validation
img05042,2662,images/img05042.jpg,57.0,58.26725381543539,1.2672538154353887,validation
img05049,2666,images/img05049.jpg,49.0,36.95042959380144,12.049570406198562,validation
img05050,2666,images/img05050.jpg,49.0,62.903644617561255,13.903644617561255,validation
img05055,2669,images/img05055.jpg,50.0,50.75473517198061,0.754735171980613,validation
img05056,2669,images/img05056.jpg,50.0,39.64579039182602,10.35420960817398,validation
img05082,2683,images/img05082.jpg,31.0,31.336433867528257,0.3364338675282567,validation
img05083,2683,images/img05083.jpg,31.0,47.3118329026289,16.3118329026289,validation
img05084,2684,images/img05084.jpg,71.0,66.13115568889648,4.868844311103516,validation
img05085,2684,images/img05085.jpg,71.0,64.7940945636674,6.2059054363326,validation
img05100,2692,images/img05100.jpg,13.0,27.538987233831048,14.538987233831048,validation
img05101,2692,images/img05101.jpg,13.0,32.31958427307325,19.319584273073247,validation
img05102,2693,images/img05102.jpg,58.0,55.81062341501336,2.18937658498664,validation
img05103,2693,images/img05103.jpg,58.0,52.80094064703277,5.199059352967232,validation
img05115,2700,images/img05115.jpg,55.0,59.44732020561431,4.447320205614311,validation
img05126,2706,images/img05126.jpg,60.0,64.37175676421485,4.371756764214851,validation
img05127,2706,images/img05127.jpg,60.0,66.83494623210544,6.8349462321054375,validation
img05132,2709,images/img05132.jpg,54.0,55.7479426252885,1.747942625288502,validation
img05133,2709,images/img05133.jpg,54.0,63.57734412832158,9.577344128321576,validation
img05135,2711,images/img05135.jpg,21.0,30.016710176347793,9.016710176347791,validation
img05136,2711,images/img05136.jpg,21.0,41.19168051209803,20.19168051209803,validation
img05143,2715,images/img05143.jpg,36.0,51.06098403453487,15.060984034534869,validation
img05144,2715,images/img05144.jpg,36.0,52.75197223860455,16.75197223860455,validation
img05153,2720,images/img05153.jpg,23.0,38.707429175531146,15.707429175531146,validation
img05154,2720,images/img05154.jpg,23.0,28.37504264787609,5.375042647876089,validation
img05175,2731,images/img05175.jpg,34.0,35.533796440792145,1.5337964407921447,validation
img05176,2731,images/img05176.jpg,34.0,25.5387182702042,8.4612817297958,validation
img05186,2737,images/img05186.jpg,28.0,34.155371733682045,6.1553717336820455,validation
img05187,2737,images/img05187.jpg,28.0,34.34534952739575,6.345349527395747,validation
img05198,2743,images/img05198.jpg,74.0,71.45926315878349,2.540736841216514,validation
img05199,2743,images/img05199.jpg,74.0,70.74129577055987,3.258704229440127,validation
img05210,2749,images/img05210.jpg,63.0,61.288138379496544,1.7118616205034556,validation
img05211,2749,images/img05211.jpg,63.0,67.23451971999624,4.234519719996243,validation
img05241,2765,images/img05241.jpg,37.0,46.91388769611412,9.913887696114116,validation
img05242,2765,images/img05242.jpg,37.0,43.12318866916402,6.123188669164023,validation
img05243,2766,images/img05243.jpg,47.0,67.79091862566754,20.790918625667544,validation
img05244,2766,images/img05244.jpg,47.0,61.56781397355286,14.56781397355286,validation
img05271,2780,images/img05271.jpg,75.0,57.17869802462768,17.82130197537232,validation
img05272,2780,images/img05272.jpg,75.0,61.2398428777053,13.7601571222947,validation
img05273,2781,images/img05273.jpg,74.0,69.86893611643113,4.131063883568871,validation
img05274,2781,images/img05274.jpg,74.0,58.9306167931672,15.069383206832804,validation
img05295,2792,images/img05295.jpg,59.0,56.88578398767089,2.114216012329109,validation
img05296,2792,images/img05296.jpg,59.0,53.17776863639181,5.822231363608196,validation
img05299,2794,images/img05299.jpg,35.0,41.97002300326547,6.970023003265467,validation
img05300,2794,images/img05300.jpg,35.0,33.338354015350205,1.6616459846497946,validation
img05304,2796,images/img05304.jpg,66.0,64.48124968921617,1.5187503107838296,validation
img05305,2797,images/img05305.jpg,27.0,53.96529243148692,26.96529243148692,validation
img05306,2797,images/img05306.jpg,27.0,40.74429466283766,13.74429466283766,validation
img05313,2801,images/img05313.jpg,64.0,60.266628205854815,3.733371794145185,validation
img05314,2801,images/img05314.jpg,64.0,54.56529939530972,9.434700604690278,validation
img05336,2813,images/img05336.jpg,69.0,61.31279053771729,7.687209462282709,validation
img05339,2814,images/img05339.jpg,75.0,63.07856435303067,11.921435646969329,validation
img05342,2816,images/img05342.jpg,73.0,70.81665367962813,2.183346320371868,validation
img05343,2816,images/img05343.jpg,73.0,75.17764707977256,2.177647079772555,validation
img05358,2824,images/img05358.jpg,24.0,26.81085426576424,2.8108542657642417,validation
img05439,2865,images/img05439.jpg,58.0,39.16001178350332,18.83998821649668,validation
img05440,2865,images/img05440.jpg,58.0,49.44748479231893,8.552515207681068,validation
img05445,2868,images/img05445.jpg,67.0,62.7013047545929,4.298695245407103,validation
img05446,2868,images/img05446.jpg,67.0,66.55084657682887,0.4491534231711256,validation
img05450,2871,images/img05450.jpg,67.0,61.71097240669597,5.289027593304027,validation
img05451,2871,images/img05451.jpg,67.0,63.75706145908444,3.24293854091556,validation
img05457,2874,images/img05457.jpg,69.0,77.09010227257929,8.090102272579287,validation
img05460,2876,images/img05460.jpg,69.0,76.598167168364,7.598167168364,validation
img05461,2876,images/img05461.jpg,69.0,65.11715736726259,3.882842632737407,validation
img05477,2885,images/img05477.jpg,69.0,72.84929632333925,3.849296323339246,validation
img05478,2885,images/img05478.jpg,69.0,61.274012247867,7.725987752133001,validation
img05489,2892,images/img05489.jpg,56.0,51.37752389713208,4.622476102867921,validation
img05504,2900,images/img05504.jpg,76.0,69.53933074085018,6.4606692591498245,validation
img05505,2900,images/img05505.jpg,76.0,67.81113636186893,8.188863638131068,validation
img05522,2909,images/img05522.jpg,68.0,63.48856189543722,4.511438104562778,validation
img05523,2909,images/img05523.jpg,68.0,65.99440404674027,2.0055959532597285,validation
img05546,2921,images/img05546.jpg,82.0,62.266972421601515,19.733027578398485,validation
img05547,2921,images/img05547.jpg,82.0,83.78921175497143,1.7892117549714328,validation
img05552,2924,images/img05552.jpg,38.0,55.35697391738539,17.356973917385396,validation
img05560,2928,images/img05560.jpg,57.0,48.81307015995488,8.186929840045117,validation
img05561,2928,images/img05561.jpg,57.0,55.8881753596196,1.111824640380398,validation
img05563,2929,images/img05563.jpg,79.0,77.77071298165163,1.2292870183483728,validation
img05603,2951,images/img05603.jpg,66.0,53.68616377856261,12.313836221437391,validation
img05650,2975,images/img05650.jpg,53.0,49.78856338965189,3.211436610348109,validation
img05651,2975,images/img05651.jpg,53.0,54.7164075605494,1.7164075605493991,validation
img05689,2996,images/img05689.jpg,48.0,53.75566238308119,5.755662383081187,validation
img05690,2996,images/img05690.jpg,48.0,43.57190506315228,4.428094936847721,validation
img05697,3000,images/img05697.jpg,89.0,78.68614956665115,10.313850433348849,validation
img05698,3000,images/img05698.jpg,89.0,86.56565725744636,2.434342742553639,validation
img05706,3004,images/img05706.jpg,46.0,55.41909536028458,9.41909536028458,validation
img05707,3005,images/img05707.jpg,35.0,37.47246990840097,2.472469908400967,validation
img05708,3005,images/img05708.jpg,35.0,35.16114139960123,0.1611413996012274,validation
img05725,3014,images/img05725.jpg,84.0,82.38086287880891,1.6191371211910877,validation
img05726,3014,images/img05726.jpg,84.0,77.15136186058403,6.848638139415968,validation
img05731,3017,images/img05731.jpg,73.0,78.12540785023684,5.12540785023684,validation
img05732,3017,images/img05732.jpg,73.0,76.9477688862285,3.947768886228502,validation
img05735,3019,images/img05735.jpg,87.0,86.42676147517946,0.5732385248205389,validation
img05736,3019,images/img05736.jpg,87.0,63.40019518512773,23.59980481487227,validation
img05743,3023,images/img05743.jpg,82.0,77.96653862850548,4.033461371494525,validation
img05744,3023,images/img05744.jpg,82.0,76.46571907497521,5.534280925024788,validation
img05747,3025,images/img05747.jpg,55.0,48.802054994584616,6.197945005415384,validation
img05748,3025,images/img05748.jpg,55.0,56.3187611049589,1.3187611049589023,validation
img05753,3028,images/img05753.jpg,73.0,42.37481397146631,30.62518602853369,validation
img05754,3028,images/img05754.jpg,73.0,60.85864726621592,12.141352733784082,validation
img05757,3030,images/img05757.jpg,31.0,33.95623935599626,2.95623935599626,validation
img05769,3036,images/img05769.jpg,65.0,52.77009872930124,12.22990127069876,validation
img05770,3036,images/img05770.jpg,65.0,65.2365759378119,0.2365759378119065,validation
img05771,3037,images/img05771.jpg,75.0,65.98527454680814,9.014725453191858,validation
img05772,3037,images/img05772.jpg,75.0,67.4718430938143,7.5281569061857,validation
img05804,3054,images/img05804.jpg,67.0,64.12046158014347,2.87953841985653,validation
img05805,3054,images/img05805.jpg,67.0,76.3669795688403,9.366979568840309,validation
img05931,3120,images/img05931.jpg,39.0,53.62713503419795,14.627135034197948,validation
img05932,3120,images/img05932.jpg,39.0,55.90813094033823,16.908130940338232,validation
img05983,3147,images/img05983.jpg,81.0,71.16213725249877,9.837862747501234,validation
img05989,3151,images/img05989.jpg,60.0,56.28516423711122,3.7148357628887823,validation
img05990,3151,images/img05990.jpg,60.0,58.49089030097568,1.5091096990243216,validation
img06001,3157,images/img06001.jpg,62.0,61.72214843710506,0.2778515628949378,validation
img06002,3157,images/img06002.jpg,62.0,57.91908938579488,4.0809106142051235,validation
img06020,3168,images/img06020.jpg,68.0,65.74922827780676,2.2507717221932353,validation
img06021,3168,images/img06021.jpg,68.0,76.4263567632382,8.426356763238203,validation
img06043,3180,images/img06043.jpg,54.0,56.73780751028871,2.737807510288711,validation
img06044,3180,images/img06044.jpg,54.0,60.00362968123013,6.00362968123013,validation
img06065,3191,images/img06065.jpg,51.0,50.808985406734394,0.1910145932656064,validation
img06066,3191,images/img06066.jpg,51.0,42.88669415927481,8.11330584072519,validation
img06166,3243,images/img06166.jpg,51.0,61.65696701398433,10.656967013984328,validation
img06182,3252,images/img06182.jpg,66.0,52.83774547730509,13.162254522694909,validation
img06183,3252,images/img06183.jpg,66.0,60.44559492398737,5.554405076012628,validation
img06198,3260,images/img06198.jpg,50.0,57.811699975665626,7.811699975665626,validation
img06199,3261,images/img06199.jpg,51.0,58.91424591261455,7.914245912614547,validation
img06200,3261,images/img06200.jpg,51.0,48.91854091368042,2.081459086319583,validation
img06201,3262,images/img06201.jpg,32.0,31.746915640966925,0.2530843590330747,validation
img06202,3262,images/img06202.jpg,32.0,36.96824580583002,4.968245805830023,validation
img06216,3271,images/img06216.jpg,67.0,74.98182579536045,7.98182579536045,validation
img06239,3283,images/img06239.jpg,38.0,54.55177309941816,16.551773099418163,validation
img06244,3286,images/img06244.jpg,51.0,54.79466949254733,3.794669492547328,validation
img06245,3286,images/img06245.jpg,51.0,53.09128704621522,2.0912870462152213,validation
img06282,3305,images/img06282.jpg,58.0,65.96781278317017,7.967812783170174,validation
img06283,3305,images/img06283.jpg,58.0,61.578192222430424,3.578192222430424,validation
img06299,3314,images/img06299.jpg,83.0,75.45070539502846,7.549294604971536,validation
img06310,3320,images/img06310.jpg,44.0,47.38884090528183,3.388840905281832,validation
img06311,3320,images/img06311.jpg,44.0,43.66426995130806,0.3357300486919428,validation
img06337,3334,images/img06337.jpg,53.0,55.93195368932491,2.9319536893249065,validation
img06338,3334,images/img06338.jpg,53.0,52.50299132987136,0.4970086701286433,validation
img06392,3362,images/img06392.jpg,40.0,52.08875022227117,12.088750222271171,validation
img06393,3362,images/img06393.jpg,40.0,37.62735403961126,2.3726459603887378,validation
img06462,3398,images/img06462.jpg,67.0,70.04331381851549,3.043313818515486,validation
img06463,3398,images/img06463.jpg,67.0,65.95570264492548,1.0442973550745194,validation
img06473,3404,images/img06473.jpg,42.0,43.404367669701806,1.4043676697018057,validation
img06474,3404,images/img06474.jpg,42.0,48.50050557238487,6.500505572384867,validation
img06499,3417,images/img06499.jpg,64.0,66.4968635416311,2.4968635416311,validation
img06558,3448,images/img06558.jpg,36.0,48.42060963330614,12.420609633306142,validation
img06559,3448,images/img06559.jpg,36.0,64.11613512855695,28.116135128556948,validation
img06572,3455,images/img06572.jpg,87.0,79.96303626125604,7.036963738743964,validation
img06573,3455,images/img06573.jpg,87.0,83.47897234884393,3.521027651156075,validation
img06587,3464,images/img06587.jpg,55.0,55.112163911925755,0.1121639119257551,validation
img06588,3464,images/img06588.jpg,55.0,58.800538596248664,3.800538596248664,validation
img06616,3481,images/img06616.jpg,57.0,49.95508106234779,7.044918937652213,validation
img06617,3481,images/img06617.jpg,57.0,59.51422342995567,2.5142234299556705,validation
img06639,3493,images/img06639.jpg,86.0,80.68438563243146,5.315614367568543,validation
img06640,3493,images/img06640.jpg,86.0,83.24332197142962,2.756678028570377,validation
img06656,3502,images/img06656.jpg,73.0,70.93430437066606,2.065695629333945,validation
img06657,3502,images/img06657.jpg,73.0,70.84974498137711,2.150255018622886,validation
img06692,3521,images/img06692.jpg,75.0,86.40799861329529,11.407998613295293,validation
img06695,3523,images/img06695.jpg,85.0,73.42583444126078,11.574165558739224,validation
img06755,3555,images/img06755.jpg,49.0,53.63441376822579,4.634413768225791,validation
img06756,3555,images/img06756.jpg,49.0,48.58237442573633,0.417625574263667,validation
img06774,3565,images/img06774.jpg,58.0,62.5165335350849,4.516533535084903,validation
img06782,3569,images/img06782.jpg,25.0,48.67566415153904,23.67566415153904,validation
img06783,3569,images/img06783.jpg,25.0,51.39777435164645,26.397774351646447,validation
img06834,3595,images/img06834.jpg,67.0,64.28491690851112,2.7150830914888786,validation
img06835,3595,images/img06835.jpg,67.0,69.13171509162864,2.131715091628635,validation
img06906,3632,images/img06906.jpg,87.0,84.46350128597584,2.5364987140241624,validation
img06907,3632,images/img06907.jpg,87.0,70.83251769898219,16.167482301017813,validation
img06908,3633,images/img06908.jpg,82.0,77.49602965685101,4.503970343148993,validation
img06909,3633,images/img06909.jpg,82.0,76.62933681453056,5.370663185469439,validation
img06910,3634,images/img06910.jpg,51.0,60.12109087870537,9.121090878705369,validation
img06911,3634,images/img06911.jpg,51.0,56.68823647143328,5.688236471433278,validation
img06924,3641,images/img06924.jpg,72.0,66.09557125169836,5.90442874830164,validation
img06925,3641,images/img06925.jpg,72.0,66.95168517282161,5.0483148271783875,validation
img06939,3649,images/img06939.jpg,70.0,71.47503992930292,1.4750399293029233,validation
img06971,3667,images/img06971.jpg,59.0,52.95329701591267,6.046702984087332,validation
img06997,3681,images/img06997.jpg,75.0,66.49432787237508,8.50567212762492,validation
img06998,3681,images/img06998.jpg,75.0,69.23229118573221,5.767708814267792,validation
img07005,3685,images/img07005.jpg,78.0,76.50309865694555,1.4969013430544464,validation
img07006,3685,images/img07006.jpg,78.0,82.56216595714092,4.56216595714092,validation
img07103,3737,images/img07103.jpg,80.0,80.57847209087025,0.5784720908702496,validation
img07104,3737,images/img07104.jpg,80.0,77.94336533803147,2.0566346619685305,validation
img07129,3750,images/img07129.jpg,53.0,39.173700035044135,13.826299964955863,validation
img07130,3750,images/img07130.jpg,53.0,49.10999975636173,3.890000243638276,validation
img07135,3753,images/img07135.jpg,34.0,30.83926383323601,3.1607361667639893,validation
img07136,3753,images/img07136.jpg,34.0,25.311605191257073,8.688394808742927,validation
img07139,3755,images/img07139.jpg,80.0,85.47658676667757,5.4765867666775705,validation
img07140,3755,images/img07140.jpg,80.0,80.95970151128304,0.9597015112830434,validation
img07151,3761,images/img07151.jpg,56.0,56.55835826520284,0.5583582652028412,validation
img07152,3761,images/img07152.jpg,56.0,45.54206881639488,10.45793118360512,validation
img07163,3768,images/img07163.jpg,37.0,29.77393375036623,7.226066249633771,validation
img07164,3768,images/img07164.jpg,37.0,34.04559743118908,2.95440256881092,validation
img07167,3770,images/img07167.jpg,44.0,54.84049094457199,10.84049094457199,validation
img07168,3770,images/img07168.jpg,44.0,50.36578968275646,6.365789682756457,validation
img07179,3776,images/img07179.jpg,28.0,29.120025547128105,1.1200255471281046,validation
img07180,3776,images/img07180.jpg,28.0,35.146961282755264,7.146961282755264,validation
img07277,3827,images/img07277.jpg,16.0,22.303972089258437,6.303972089258437,validation
img07281,3829,images/img07281.jpg,22.0,20.144598332046748,1.8554016679532523,validation
img07282,3829,images/img07282.jpg,22.0,20.828105702428346,1.1718942975716544,validation
img07303,3840,images/img07303.jpg,34.0,41.68734986643488,7.687349866434879,validation
img07319,3848,images/img07319.jpg,22.0,24.43376631031444,2.4337663103144394,validation
img07320,3848,images/img07320.jpg,22.0,23.386703952192377,1.3867039521923772,validation
img07321,3849,images/img07321.jpg,29.0,34.491373539450784,5.491373539450784,validation
img07341,3859,images/img07341.jpg,39.0,48.43400451064056,9.434004510640564,validation
img07342,3859,images/img07342.jpg,39.0,39.0992266110368,0.0992266110367978,validation
img07373,3875,images/img07373.jpg,57.0,57.16556489379711,0.1655648937971108,validation
img07374,3875,images/img07374.jpg,57.0,55.93741055862492,1.0625894413750814,validation
img07398,3888,images/img07398.jpg,41.0,60.290694978925806,19.290694978925806,validation
img07399,3888,images/img07399.jpg,41.0,45.32518021025431,4.3251802102543095,validation
img07436,3908,images/img07436.jpg,83.0,72.3275395674522,10.672460432547794,validation
img07437,3908,images/img07437.jpg,83.0,40.40192587336282,42.59807412663718,validation
img07444,3912,images/img07444.jpg,73.0,72.77983098243887,0.2201690175611332,validation
img07493,3937,images/img07493.jpg,71.0,75.35891307734985,4.358913077349854,validation
img07498,3940,images/img07498.jpg,72.0,75.79197921162887,3.7919792116288704,validation
img07499,3940,images/img07499.jpg,72.0,78.05284953814933,6.0528495381493315,validation
img07502,3942,images/img07502.jpg,35.0,30.317118820034946,4.682881179965058,validation
img07503,3942,images/img07503.jpg,35.0,36.61584121915348,1.6158412191534808,validation
img07504,3943,images/img07504.jpg,69.0,50.52760682448742,18.47239317551258,validation
img07505,3943,images/img07505.jpg,69.0,71.09631891288534,2.0963189128853372,validation
img07542,3963,images/img07542.jpg,54.0,75.32728755602243,21.327287556022423,validation
img07583,3985,images/img07583.jpg,80.0,66.93905590401096,13.060944095989043,validation
img07584,3985,images/img07584.jpg,80.0,55.46953704708107,24.530462952918924,validation
img07611,3999,images/img07611.jpg,47.0,47.633075477411914,0.6330754774119143,validation
img07612,3999,images/img07612.jpg,47.0,48.643998277625606,1.643998277625606,validation
img07647,4017,images/img07647.jpg,59.0,64.83389966324008,5.833899663240075,validation
img07648,4017,images/img07648.jpg,59.0,56.87601811655128,2.123981883448721,validation
img07655,4021,images/img07655.jpg,84.0,73.74388916174901,10.25611083825099,validation
img07673,4030,images/img07673.jpg,78.0,79.7606233273887,1.7606233273887,validation
img07674,4030,images/img07674.jpg,78.0,70.42149389215847,7.578506107841534,validation
img07692,4040,images/img07692.jpg,57.0,47.58076434800747,9.41923565199253,validation
img07715,4052,images/img07715.jpg,82.0,73.86567544754773,8.13432455245227,validation
img07716,4052,images/img07716.jpg,82.0,55.85565894589496,26.14434105410504,validation
img07721,4055,images/img07721.jpg,65.0,63.317563995083795,1.6824360049162053,validation
img07722,4055,images/img07722.jpg,65.0,54.5424524700077,10.457547529992295,validation
img07732,4062,images/img07732.jpg,59.0,64.33873417092313,5.338734170923132,validation
img07733,4062,images/img07733.jpg,59.0,61.836643992161186,2.8366439921611857,validation
img07778,4087,images/img07778.jpg,49.0,49.7401697329217,0.7401697329217001,validation
img07779,4087,images/img07779.jpg,49.0,45.854081555085955,3.145918444914045,validation
img07823,4110,images/img07823.jpg,65.0,65.65667253282527,0.6566725328252687,validation
img07824,4110,images/img07824.jpg,65.0,56.4243844078187,8.5756155921813,validation
img07828,4113,images/img07828.jpg,54.0,68.66467862359188,14.664678623591882,validation
img07829,4113,images/img07829.jpg,54.0,70.08386489562413,16.08386489562413,validation
img07832,4115,images/img07832.jpg,75.0,26.57832739662919,48.42167260337081,validation
img07833,4115,images/img07833.jpg,75.0,23.020191228958424,51.979808771041576,validation
img07861,4130,images/img07861.jpg,64.0,61.73985995053211,2.2601400494678927,validation
img07878,4138,images/img07878.jpg,45.0,42.83936602893737,2.16063397106263,validation
img07893,4146,images/img07893.jpg,27.0,23.83441480336168,3.165585196638318,validation
img07904,4152,images/img07904.jpg,77.0,78.12109121414422,1.121091214144215,validation
img07905,4152,images/img07905.jpg,77.0,76.0811676551844,0.9188323448155984,validation
img07935,4168,images/img07935.jpg,71.0,79.68421079803201,8.684210798032012,validation
img07936,4168,images/img07936.jpg,71.0,67.8473958869249,3.1526041130750997,validation
img07957,4179,images/img07957.jpg,80.0,80.82986652049101,0.8298665204910094,validation
img07969,4186,images/img07969.jpg,43.0,43.08742537185493,0.0874253718549269,validation
img07970,4186,images/img07970.jpg,43.0,46.87321119880571,3.8732111988057127,validation
img07981,4192,images/img07981.jpg,34.0,40.62127816847086,6.621278168470859,validation
img07982,4192,images/img07982.jpg,34.0,41.01635616015808,7.016356160158082,validation
img08001,4203,images/img08001.jpg,83.0,65.93155871116637,17.068441288833625,validation
img08002,4203,images/img08002.jpg,83.0,63.187133530995496,19.812866469004504,validation
img08003,4204,images/img08003.jpg,63.0,60.57111436929722,2.42888563070278,validation
img08004,4204,images/img08004.jpg,63.0,61.28871694833109,1.7112830516689073,validation
img08049,4227,images/img08049.jpg,61.0,59.728224917628275,1.271775082371725,validation
img08050,4227,images/img08050.jpg,61.0,48.85057625273543,12.14942374726457,validation
img08057,4231,images/img08057.jpg,66.0,70.56645674026248,4.566456740262481,validation
img08058,4231,images/img08058.jpg,66.0,72.14080852099666,6.140808520996657,validation
img08106,4256,images/img08106.jpg,54.0,37.974848698119786,16.025151301880214,validation
img08107,4256,images/img08107.jpg,54.0,42.36100466216746,11.63899533783254,validation
img08117,4262,images/img08117.jpg,71.0,68.69352636014723,2.3064736398527685,validation
img08118,4262,images/img08118.jpg,71.0,66.86571017119103,4.134289828808974,validation
img08125,4266,images/img08125.jpg,77.0,66.23336551742824,10.76663448257176,validation
img08126,4266,images/img08126.jpg,77.0,55.17565298030755,21.824347019692453,validation
img08135,4271,images/img08135.jpg,27.0,35.68647753892837,8.686477538928372,validation
img08136,4271,images/img08136.jpg,27.0,39.209850499056834,12.209850499056834,validation
img08141,4274,images/img08141.jpg,68.0,71.24741426345243,3.247414263452427,validation
img08142,4274,images/img08142.jpg,68.0,72.8104465985056,4.810446598505607,validation
img08161,4284,images/img08161.jpg,70.0,69.9715298398352,0.0284701601648009,validation
img08162,4284,images/img08162.jpg,70.0,69.48547203524173,0.5145279647582726,validation
img08169,4288,images/img08169.jpg,61.0,61.42577723323977,0.4257772332397707,validation
img08170,4288,images/img08170.jpg,61.0,63.763453526830496,2.763453526830496,validation
img08209,4309,images/img08209.jpg,72.0,77.78271842129479,5.782718421294788,validation
img08210,4309,images/img08210.jpg,72.0,69.11758841469387,2.88241158530613,validation
img08244,4327,images/img08244.jpg,34.0,55.16293837123053,21.162938371230524,validation
img08261,4336,images/img08261.jpg,64.0,59.189710387137595,4.810289612862405,validation
img08315,4365,images/img08315.jpg,32.0,25.32907458916806,6.670925410831941,validation
img08316,4365,images/img08316.jpg,32.0,21.60898059102051,10.391019408979489,validation
img08317,4366,images/img08317.jpg,55.0,60.612979359324655,5.612979359324655,validation
img08318,4366,images/img08318.jpg,55.0,46.84188014229511,8.15811985770489,validation
img08323,4369,images/img08323.jpg,35.0,31.77442301730048,3.2255769826995184,validation
img08377,4399,images/img08377.jpg,38.0,48.70015489941575,10.70015489941575,validation
img08378,4399,images/img08378.jpg,38.0,33.644811184497115,4.355188815502885,validation
img08381,4401,images/img08381.jpg,46.0,55.14426616633858,9.144266166338582,validation
img08382,4401,images/img08382.jpg,46.0,60.001274235348106,14.001274235348106,validation
img08399,4410,images/img08399.jpg,51.0,50.808043119320544,0.1919568806794558,validation
img08422,4422,images/img08422.jpg,33.0,31.92511484200747,1.0748851579925294,validation
img08432,4429,images/img08432.jpg,54.0,53.0364184353461,0.9635815646539,validation
img08433,4429,images/img08433.jpg,54.0,52.63488157602382,1.3651184239761776,validation
img08442,4434,images/img08442.jpg,62.0,60.31316482567072,1.686835174329282,validation
img08456,4442,images/img08456.jpg,72.0,36.965024142611824,35.034975857388176,validation
img08457,4442,images/img08457.jpg,72.0,73.63207978018863,1.6320797801886329,validation
img08493,4463,images/img08493.jpg,33.0,34.09217522154883,1.0921752215488283,validation
img08494,4463,images/img08494.jpg,33.0,40.173765808400304,7.173765808400304,validation
img08524,4479,images/img08524.jpg,78.0,70.06410957824622,7.935890421753783,validation
img08525,4479,images/img08525.jpg,78.0,71.6808228494073,6.319177150592694,validation
img08532,4483,images/img08532.jpg,54.0,46.698876030528226,7.3011239694717744,validation
img08533,4483,images/img08533.jpg,54.0,60.43809806787299,6.438098067872993,validation
img08538,4486,images/img08538.jpg,16.0,12.966183014249983,3.033816985750015,validation
img08581,4508,images/img08581.jpg,75.0,62.69156996587062,12.30843003412938,validation
img08582,4508,images/img08582.jpg,75.0,61.32842280235439,13.671577197645613,validation
img08653,4548,images/img08653.jpg,70.0,79.72011369347649,9.720113693476492,validation
img08654,4548,images/img08654.jpg,70.0,75.99677840112297,5.996778401122967,validation
img08655,4549,images/img08655.jpg,64.0,67.94738523261569,3.9473852326156873,validation
img08656,4549,images/img08656.jpg,64.0,58.838374871337706,5.161625128662294,validation
img08724,4584,images/img08724.jpg,55.0,57.633863811572866,2.6338638115728656,validation
img08725,4584,images/img08725.jpg,55.0,71.18900989356048,16.18900989356048,validation
img08728,4586,images/img08728.jpg,64.0,58.14587378202285,5.8541262179771465,validation
img08729,4586,images/img08729.jpg,64.0,54.01814450366598,9.98185549633402,validation
img08741,4593,images/img08741.jpg,36.0,41.94632840100463,5.946328401004628,validation
img08742,4593,images/img08742.jpg,36.0,44.50332018160129,8.503320181601289,validation
img08778,4612,images/img08778.jpg,78.0,55.794131204050075,22.205868795949925,validation
img08779,4612,images/img08779.jpg,78.0,75.84462733965702,2.1553726603429766,validation
img08857,4653,images/img08857.jpg,76.0,79.00570278587392,3.005702785873922,validation
img08858,4653,images/img08858.jpg,76.0,75.14115307347356,0.8588469265264393,validation
img08870,4660,images/img08870.jpg,63.0,59.985767390910766,3.014232609089234,validation
img08871,4660,images/img08871.jpg,63.0,63.118656283147146,0.1186562831471462,validation
img08886,4668,images/img08886.jpg,81.0,75.8061745970209,5.193825402979101,validation
img08887,4668,images/img08887.jpg,81.0,78.37689607235481,2.6231039276451895,validation
img08890,4670,images/img08890.jpg,33.0,50.970631322627426,17.970631322627426,validation
img08891,4670,images/img08891.jpg,33.0,51.86228387531063,18.86228387531063,validation
img08903,4676,images/img08903.jpg,64.0,60.53494863673846,3.465051363261537,validation
img08926,4689,images/img08926.jpg,79.0,83.25216900325968,4.252169003259681,validation
img08934,4693,images/img08934.jpg,81.0,83.04971898863762,2.049718988637622,validation
img08935,4693,images/img08935.jpg,81.0,83.77898401033357,2.7789840103335735,validation
img08954,4704,images/img08954.jpg,82.0,76.69534055791755,5.304659442082453,validation
img08955,4704,images/img08955.jpg,82.0,76.5394508838883,5.460549116111693,validation
img08971,4713,images/img08971.jpg,63.0,63.69267072852742,0.6926707285274176,validation
img08972,4713,images/img08972.jpg,63.0,67.41669528667441,4.416695286674411,validation
img08979,4717,images/img08979.jpg,68.0,77.76354112744619,9.763541127446189,validation
img08980,4717,images/img08980.jpg,68.0,55.26697033714272,12.733029662857284,validation
img08993,4724,images/img08993.jpg,48.0,55.4613766908447,7.461376690844702,validation
img08994,4724,images/img08994.jpg,48.0,53.10774517560249,5.1077451756024885,validation
img09017,4737,images/img09017.jpg,56.0,58.30875031546288,2.308750315462881,validation
img09018,4737,images/img09018.jpg,56.0,50.935098144119635,5.064901855880365,validation
img09019,4738,images/img09019.jpg,62.0,57.168416703752314,4.831583296247686,validation
img09020,4738,images/img09020.jpg,62.0,58.487595566858495,3.512404433141505,validation
img09021,4739,images/img09021.jpg,60.0,67.69830835016441,7.69830835016441,validation
img09022,4739,images/img09022.jpg,60.0,63.2480615734287,3.2480615734287,validation
img09066,4762,images/img09066.jpg,66.0,62.85867329636888,3.1413267036311225,validation
img09067,4762,images/img09067.jpg,66.0,63.47883365037754,2.5211663496224617,validation
img09102,4782,images/img09102.jpg,70.0,70.24385526488032,0.2438552648803238,validation
img09103,4782,images/img09103.jpg,70.0,74.42248006029999,4.422480060299989,validation
img09112,4787,images/img09112.jpg,58.0,58.53018554017107,0.5301855401710682,validation
img09161,4812,images/img09161.jpg,52.0,34.89118478041592,17.10881521958408,validation
img09162,4812,images/img09162.jpg,52.0,44.38223406770037,7.617765932299633,validation
img09163,4813,images/img09163.jpg,78.0,73.85698110117823,4.143018898821765,validation
img09164,4813,images/img09164.jpg,78.0,83.23079958244136,5.230799582441364,validation
img09168,4815,images/img09168.jpg,40.0,43.76641652443472,3.7664165244347174,validation
img09190,4827,images/img09190.jpg,69.0,75.08116513723334,6.0811651372333415,validation
img09191,4827,images/img09191.jpg,69.0,64.35468434850137,4.645315651498635,validation
img09211,4838,images/img09211.jpg,77.0,67.51871753021175,9.481282469788257,validation
img09212,4838,images/img09212.jpg,77.0,76.69630029509833,0.3036997049016747,validation
img09218,4842,images/img09218.jpg,49.0,50.605195031890545,1.6051950318905457,validation
img09219,4842,images/img09219.jpg,49.0,48.717263305273505,0.2827366947264949,validation
img09222,4844,images/img09222.jpg,58.0,61.480162703687206,3.4801627036872063,validation
img09223,4844,images/img09223.jpg,58.0,66.607449258286,8.607449258285996,validation
img09246,4856,images/img09246.jpg,58.0,61.127493098675515,3.127493098675515,validation
img09247,4856,images/img09247.jpg,58.0,57.33697565836247,0.6630243416375308,validation
img09268,4867,images/img09268.jpg,31.0,60.74287706021658,29.74287706021658,validation
img09269,4867,images/img09269.jpg,31.0,42.790507772162854,11.790507772162854,validation
img09322,4895,images/img09322.jpg,68.0,70.27788121977012,2.277881219770123,validation
img09323,4895,images/img09323.jpg,68.0,76.02682253732297,8.026822537322971,validation
img09459,4966,images/img09459.jpg,64.0,63.75898202405643,0.2410179759435706,validation
img09460,4966,images/img09460.jpg,64.0,63.07149937864765,0.928500621352356,validation
img09481,4978,images/img09481.jpg,54.0,50.73795722108396,3.26204277891604,validation
img09497,4986,images/img09497.jpg,60.0,57.97254524717474,2.027454752825257,validation
img09498,4986,images/img09498.jpg,60.0,75.70825959237311,15.70825959237311,validation
img09511,4993,images/img09511.jpg,54.0,36.80302705015947,17.19697294984053,validation
img09512,4993,images/img09512.jpg,54.0,36.24779509765116,17.752204902348844,validation
img09545,5011,images/img09545.jpg,64.0,70.4770899401862,6.477089940186204,validation
img09575,5027,images/img09575.jpg,62.0,60.71504931706842,1.28495068293158,validation
img09576,5027,images/img09576.jpg,62.0,58.10004633164081,3.899953668359189,validation
img09596,5038,images/img09596.jpg,68.0,64.03955573580407,3.960444264195928,validation
img09597,5038,images/img09597.jpg,68.0,64.08124868203575,3.918751317964251,validation
img09607,5044,images/img09607.jpg,62.0,51.066012839240045,10.933987160759957,validation
img09608,5044,images/img09608.jpg,62.0,60.26793802898449,1.7320619710155114,validation
img09626,5054,images/img09626.jpg,78.0,81.30988561511862,3.309885615118617,validation
img09636,5059,images/img09636.jpg,69.0,64.21656944330427,4.783430556695734,validation
img09637,5059,images/img09637.jpg,69.0,68.28440457791814,0.7155954220818614,validation
img09701,5093,images/img09701.jpg,46.0,53.47604268280955,7.476042682809549,validation
img09702,5093,images/img09702.jpg,46.0,52.73929825476615,6.7392982547661475,validation
img09716,5101,images/img09716.jpg,73.0,70.9892973111245,2.0107026888754973,validation
img09717,5101,images/img09717.jpg,73.0,58.02846684241664,14.97153315758336,validation
img09720,5103,images/img09720.jpg,68.0,59.49326107948136,8.506738920518643,validation
img09721,5103,images/img09721.jpg,68.0,61.540872624033874,6.459127375966126,validation
img09722,5104,images/img09722.jpg,55.0,58.394348374862666,3.394348374862666,validation
img09723,5104,images/img09723.jpg,55.0,57.88847390605443,2.888473906054436,validation
img09730,5108,images/img09730.jpg,65.0,65.49937924316914,0.4993792431691446,validation
img09731,5108,images/img09731.jpg,65.0,70.0780203143153,5.078020314315296,validation
img09767,5129,images/img09767.jpg,71.0,66.22980031192375,4.7701996880762465,validation
img09771,5131,images/img09771.jpg,32.0,38.81096082390733,6.81096082390733,validation
img09772,5131,images/img09772.jpg,32.0,43.1030734503433,11.103073450343302,validation
img09789,5140,images/img09789.jpg,80.0,74.80522979165598,5.194770208344025,validation
img09790,5140,images/img09790.jpg,80.0,80.09637647397878,0.0963764739787791,validation
img09820,5157,images/img09820.jpg,39.0,34.30193450729084,4.698065492709162,validation
img09821,5157,images/img09821.jpg,39.0,35.67164741826453,3.328352581735473,validation
img09863,5179,images/img09863.jpg,77.0,60.66459331601,16.33540668399,validation
img09864,5179,images/img09864.jpg,77.0,75.74536870295616,1.2546312970438436,validation
img09902,5199,images/img09902.jpg,54.0,42.834133280081275,11.165866719918723,validation
img09903,5199,images/img09903.jpg,54.0,52.94284269695742,1.0571573030425796,validation
img09967,5232,images/img09967.jpg,27.0,31.456126181296188,4.456126181296188,validation
img09968,5232,images/img09968.jpg,27.0,28.469044542291343,1.4690445422913463,validation
img09992,5245,images/img09992.jpg,55.0,80.46987346642373,25.469873466423735,validation
img09993,5245,images/img09993.jpg,55.0,51.98122366788,3.018776332119998,validation
img09997,5248,images/img09997.jpg,48.0,52.95478188201679,4.954781882016789,validation
img10029,5264,images/img10029.jpg,80.0,82.91955899593664,2.91955899593664,validation
img10030,5265,images/img10030.jpg,84.0,79.68369166746605,4.31630833253395,validation
img10041,5271,images/img10041.jpg,45.0,57.248453467903154,12.248453467903154,validation
img10073,5289,images/img10073.jpg,65.0,60.25158841533528,4.748411584664723,validation
img10074,5289,images/img10074.jpg,65.0,44.4541325604761,20.545867439523903,validation
img10088,5297,images/img10088.jpg,14.0,21.145451526135325,7.145451526135325,validation
img10089,5297,images/img10089.jpg,14.0,18.267265157614688,4.267265157614688,validation
img10124,5315,images/img10124.jpg,59.0,73.23331770645974,14.233317706459744,validation
img10125,5315,images/img10125.jpg,59.0,59.378539768065664,0.3785397680656643,validation
img10136,5321,images/img10136.jpg,57.0,46.20390248564743,10.796097514352567,validation
img10137,5321,images/img10137.jpg,57.0,50.94149784613872,6.0585021538612835,validation
img10188,5347,images/img10188.jpg,72.0,84.37310058720936,12.373100587209365,validation
img10189,5347,images/img10189.jpg,72.0,84.79986517440824,12.79986517440824,validation
img10196,5351,images/img10196.jpg,66.0,59.96737588187894,6.032624118121063,validation
img10197,5351,images/img10197.jpg,66.0,55.831979066874965,10.168020933125035,validation
img10200,5354,images/img10200.jpg,78.0,71.3573259828599,6.642674017140095,validation
img10201,5354,images/img10201.jpg,78.0,74.25968682223177,3.740313177768229,validation
img10208,5358,images/img10208.jpg,71.0,62.53537164908893,8.46462835091107,validation
img10209,5358,images/img10209.jpg,71.0,58.14807245265518,12.851927547344822,validation
img10214,5361,images/img10214.jpg,44.0,51.64292939898173,7.642929398981728,validation
img10215,5361,images/img10215.jpg,44.0,51.180224835583665,7.180224835583665,validation
img10234,5371,images/img10234.jpg,60.0,62.608740284727936,2.6087402847279364,validation
img10235,5371,images/img10235.jpg,60.0,66.7710190109823,6.7710190109823,validation
img10244,5376,images/img10244.jpg,60.0,58.76989871409979,1.2301012859002114,validation
img10245,5376,images/img10245.jpg,60.0,59.00017838043826,0.9998216195617432,validation
img10274,5391,images/img10274.jpg,57.0,45.751758303069195,11.248241696930805,validation
img10275,5391,images/img10275.jpg,57.0,56.83109907649652,0.1689009235034788,validation
img10293,5401,images/img10293.jpg,86.0,82.70639046198201,3.2936095380179893,validation
img10351,5431,images/img10351.jpg,59.0,56.163557902033894,2.8364420979661062,validation
img10352,5431,images/img10352.jpg,59.0,54.689753041574214,4.310246958425786,validation
img10362,5437,images/img10362.jpg,59.0,66.4790865915781,7.479086591578096,validation
img10363,5437,images/img10363.jpg,59.0,60.69577550419653,1.6957755041965328,validation
img10423,5470,images/img10423.jpg,58.0,57.425579440114774,0.5744205598852261,validation
img10424,5470,images/img10424.jpg,58.0,62.0877436843125,4.0877436843125,validation
img10440,5479,images/img10440.jpg,68.0,61.88164966758219,6.118350332417812,validation
img10441,5479,images/img10441.jpg,68.0,65.22790994731368,2.7720900526863232,validation
img10442,5480,images/img10442.jpg,59.0,54.28971495363908,4.710285046360923,validation
img10443,5480,images/img10443.jpg,59.0,59.663616337637315,0.6636163376373148,validation
img10488,5505,images/img10488.jpg,69.0,62.91850309409635,6.0814969059036486,validation
img10489,5505,images/img10489.jpg,69.0,62.99406712853639,6.005932871463607,validation
img10496,5509,images/img10496.jpg,77.0,75.71854186753261,1.2814581324673924,validation
img10497,5509,images/img10497.jpg,77.0,71.76726245108223,5.232737548917768,validation
img10522,5522,images/img10522.jpg,17.0,32.59985588573103,15.599855885731031,validation
img10523,5522,images/img10523.jpg,17.0,19.273235495853484,2.273235495853484,validation
img10543,5533,images/img10543.jpg,50.0,42.81408786032825,7.18591213967175,validation
img10544,5533,images/img10544.jpg,50.0,54.20628216492711,4.20628216492711,validation
img10604,5564,images/img10604.jpg,72.0,64.44605241872165,7.553947581278351,validation
img10605,5564,images/img10605.jpg,72.0,65.37451089228762,6.625489107712383,validation
img10615,5570,images/img10615.jpg,74.0,81.91398563989534,7.913985639895344,validation
img10616,5570,images/img10616.jpg,74.0,75.0102034788193,1.0102034788193066,validation
img10623,5574,images/img10623.jpg,35.0,33.780044696931014,1.2199553030689856,validation
img10624,5574,images/img10624.jpg,35.0,37.276098956330785,2.2760989563307845,validation
img10645,5586,images/img10645.jpg,21.0,33.00938882809325,12.00938882809325,validation
img10646,5586,images/img10646.jpg,21.0,20.611567182236676,0.3884328177633236,validation
img10672,5600,images/img10672.jpg,48.0,39.360306751910365,8.639693248089635,validation
img10673,5600,images/img10673.jpg,48.0,45.909133388507776,2.090866611492224,validation
img10694,5612,images/img10694.jpg,54.0,50.61166671419819,3.3883332858018065,validation
img10695,5612,images/img10695.jpg,54.0,53.07711401833707,0.9228859816629296,validation
img10709,5620,images/img10709.jpg,49.0,48.12072666384755,0.8792733361524441,validation
img10710,5620,images/img10710.jpg,49.0,41.79137228950578,7.20862771049422,validation
img10731,5632,images/img10731.jpg,62.0,46.23658044604242,15.763419553957585,validation
img10732,5632,images/img10732.jpg,62.0,54.38077029131779,7.619229708682212,validation
img10765,5649,images/img10765.jpg,66.0,53.63571759299808,12.364282407001925,validation
img10801,5667,images/img10801.jpg,57.0,54.226277961905446,2.7737220380945544,validation
img10802,5667,images/img10802.jpg,57.0,50.36456492724054,6.6354350727594635,validation
img10810,5672,images/img10810.jpg,58.0,52.32718274689929,5.67281725310071,validation
img10811,5672,images/img10811.jpg,58.0,52.168041963170175,5.831958036829825,validation
img10839,5687,images/img10839.jpg,54.0,56.91088629534774,2.910886295347737,validation
img10840,5687,images/img10840.jpg,54.0,47.839304457183275,6.160695542816725,validation
img10841,5688,images/img10841.jpg,55.0,45.25953309647882,9.74046690352118,validation
img10842,5688,images/img10842.jpg,55.0,46.4825458169292,8.517454183070804,validation
img10868,5703,images/img10868.jpg,82.0,73.2000039201825,8.799996079817504,validation
img10875,5707,images/img10875.jpg,75.0,65.88176362003017,9.11823637996983,validation
img10886,5713,images/img10886.jpg,77.0,82.64634581399929,5.6463458139992895,validation
img10887,5713,images/img10887.jpg,77.0,73.042271114522,3.957728885478005,validation
img10909,5725,images/img10909.jpg,53.0,60.5250344426,7.525034442600003,validation
img10910,5725,images/img10910.jpg,53.0,68.32968999491513,15.329689994915128,validation
img10926,5735,images/img10926.jpg,71.0,69.99159707179686,1.0084029282031397,validation
img10927,5735,images/img10927.jpg,71.0,62.873191502448975,8.126808497551025,validation
img10945,5745,images/img10945.jpg,66.0,68.80114452581473,2.8011445258147347,validation
img10946,5745,images/img10946.jpg,66.0,58.759676831493,7.240323168506997,validation
img10955,5750,images/img10955.jpg,53.0,47.518683530346905,5.481316469653095,validation
img10956,5750,images/img10956.jpg,53.0,50.31843864959993,2.6815613504000666,validation
img10965,5755,images/img10965.jpg,68.0,63.16511410635929,4.83488589364071,validation
img10987,5767,images/img10987.jpg,19.0,21.32212387257009,2.322123872570089,validation
img10988,5767,images/img10988.jpg,19.0,26.026530866983883,7.026530866983883,validation
img11032,5792,images/img11032.jpg,66.0,66.88107032852517,0.8810703285251691,validation
img11033,5792,images/img11033.jpg,66.0,74.83111979271783,8.831119792717828,validation
img11042,5797,images/img11042.jpg,57.0,57.56104641134443,0.561046411344428,validation
img11043,5797,images/img11043.jpg,57.0,50.78649265717039,6.213507342829608,validation
img11050,5802,images/img11050.jpg,52.0,63.599073450582694,11.599073450582694,validation
img11051,5802,images/img11051.jpg,52.0,57.09056293270883,5.090562932708828,validation
img11058,5807,images/img11058.jpg,84.0,70.93778559916723,13.062214400832772,validation
img11082,5821,images/img11082.jpg,65.0,63.609091798017474,1.3909082019825263,validation
img11089,5825,images/img11089.jpg,70.0,67.36366108255308,2.6363389174469205,validation
img11090,5825,images/img11090.jpg,70.0,74.50276643791362,4.502766437913621,validation
img11134,5849,images/img11134.jpg,74.0,72.55845233314687,1.4415476668531255,validation
img11135,5849,images/img11135.jpg,74.0,72.72802916810649,1.271970831893512,validation
img11138,5852,images/img11138.jpg,74.0,77.12147477228632,3.1214747722863194,validation
img11150,5859,images/img11150.jpg,57.0,49.42897822388645,7.571021776113547,validation
img11151,5859,images/img11151.jpg,57.0,53.60667572778572,3.3933242722142793,validation
img11177,5874,images/img11177.jpg,69.0,68.97274335251659,0.0272566474834121,validation
img11187,5880,images/img11187.jpg,80.0,60.03981804395536,19.960181956044636,validation
img11188,5880,images/img11188.jpg,80.0,62.82616328998053,17.173836710019472,validation
img11205,5888,images/img11205.jpg,63.0,55.007908370874866,7.9920916291251345,validation
img11206,5888,images/img11206.jpg,63.0,61.29785081070495,1.702149189295049,validation
img11208,5890,images/img11208.jpg,68.0,65.27396424466572,2.72603575533428,validation
img11209,5890,images/img11209.jpg,68.0,73.23099361562767,5.230993615627668,validation
img11214,5893,images/img11214.jpg,53.0,48.23563010720551,4.764369892794491,validation
img11215,5893,images/img11215.jpg,53.0,51.983631735715406,1.016368264284594,validation
img11249,5913,images/img11249.jpg,66.0,66.39679130954744,0.3967913095474387,validation
img11250,5913,images/img11250.jpg,66.0,63.30554655872588,2.694453441274121,validation
img11275,5926,images/img11275.jpg,59.0,55.924540401234935,3.0754595987650646,validation
img11276,5926,images/img11276.jpg,59.0,59.25604703935917,0.2560470393591672,validation
img11285,5932,images/img11285.jpg,60.0,61.4710839171402,1.4710839171401986,validation
img11286,5932,images/img11286.jpg,60.0,64.6048071263576,4.604807126357599,validation
img11301,5941,images/img11301.jpg,65.0,64.90481551601594,0.0951844839840561,validation
img11302,5941,images/img11302.jpg,65.0,71.55726541226589,6.557265412265892,validation
img11318,5951,images/img11318.jpg,82.0,80.04458120330901,1.955418796690992,validation
img11319,5951,images/img11319.jpg,82.0,70.85096319323043,11.149036806769573,validation
img11320,5952,images/img11320.jpg,56.0,43.37753320000523,12.622466799994768,validation
img11321,5952,images/img11321.jpg,56.0,46.11504063820149,9.884959361798508,validation
img11324,5954,images/img11324.jpg,47.0,46.1272412971121,0.8727587028879,validation
img11325,5954,images/img11325.jpg,47.0,51.3658347345144,4.365834734514401,validation
img11351,5968,images/img11351.jpg,49.0,39.68285805921262,9.31714194078738,validation
img11363,5975,images/img11363.jpg,70.0,73.67337792544367,3.673377925443674,validation
img11364,5975,images/img11364.jpg,70.0,60.63955044660174,9.36044955339826,validation
img11390,5989,images/img11390.jpg,62.0,60.104841601215966,1.8951583987840337,validation
img11391,5989,images/img11391.jpg,62.0,62.78569400865434,0.7856940086543389,validation
img11396,5992,images/img11396.jpg,66.0,66.01791542644841,0.0179154264484111,validation
img11409,6001,images/img11409.jpg,61.0,57.669076486939744,3.330923513060256,validation
img11410,6001,images/img11410.jpg,61.0,54.66695001334211,6.33304998665789,validation
img11417,6005,images/img11417.jpg,77.0,74.25477253162202,2.7452274683779763,validation
img11418,6005,images/img11418.jpg,77.0,70.11099383013755,6.889006169862455,validation
img11426,6010,images/img11426.jpg,67.0,64.97566484155541,2.024335158444586,validation
img11427,6010,images/img11427.jpg,67.0,44.730378730026786,22.269621269973214,validation
img11428,6011,images/img11428.jpg,70.0,78.74286567159328,8.742865671593279,validation
img11429,6011,images/img11429.jpg,70.0,59.93563202931956,10.064367970680443,validation
img11457,6026,images/img11457.jpg,70.0,72.68844546245165,2.6884454624516536,validation
img11458,6026,images/img11458.jpg,70.0,71.93908812475408,1.939088124754079,validation
img11459,6027,images/img11459.jpg,74.0,77.35895955644844,3.35895955644844,validation
img11460,6027,images/img11460.jpg,74.0,75.5870840484167,1.587084048416699,validation
img11466,6030,images/img11466.jpg,68.0,61.17913459327429,6.820865406725716,validation
img11475,6036,images/img11475.jpg,59.0,65.67479629699586,6.674796296995865,validation
img11476,6036,images/img11476.jpg,59.0,78.00726202206248,19.007262022062477,validation
img11509,6056,images/img11509.jpg,25.0,28.378744179684674,3.3787441796846736,validation
img11510,6056,images/img11510.jpg,25.0,35.151607283198565,10.151607283198564,validation
img11556,6080,images/img11556.jpg,83.0,76.46802898787166,6.531971012128338,validation
img11557,6080,images/img11557.jpg,83.0,71.69053691653137,11.309463083468628,validation
img11634,6121,images/img11634.jpg,49.0,62.248138670039225,13.248138670039223,validation
img11649,6131,images/img11649.jpg,60.0,76.64494126860163,16.644941268601627,validation
img11650,6131,images/img11650.jpg,60.0,68.86602057801431,8.866020578014314,validation
img11666,6141,images/img11666.jpg,72.0,70.0732914274791,1.9267085725208943,validation
img11667,6141,images/img11667.jpg,72.0,58.34035865967599,13.659641340324008,validation
img11682,6150,images/img11682.jpg,61.0,61.590892380919215,0.5908923809192146,validation
img11683,6150,images/img11683.jpg,61.0,53.229984337383385,7.770015662616615,validation
img11707,6163,images/img11707.jpg,67.0,65.72107307887619,1.278926921123812,validation
img11708,6163,images/img11708.jpg,67.0,66.00399051244369,0.9960094875563072,validation
img11740,6180,images/img11740.jpg,14.0,45.96427356137464,31.96427356137464,validation
img11741,6180,images/img11741.jpg,14.0,24.255861574090723,10.255861574090725,validation
img11788,6205,images/img11788.jpg,32.0,42.42852871649764,10.428528716497638,validation
img11789,6205,images/img11789.jpg,32.0,36.53648186040765,4.536481860407648,validation
img11821,6222,images/img11821.jpg,72.0,72.34679211342066,0.3467921134206619,validation
img11822,6222,images/img11822.jpg,72.0,79.5507680679286,7.550768067928601,validation
img11827,6225,images/img11827.jpg,88.0,79.86000847489976,8.139991525100243,validation
img11828,6225,images/img11828.jpg,88.0,78.07139864038868,9.92860135961132,validation
img11847,6235,images/img11847.jpg,39.0,44.69016683276271,5.6901668327627135,validation
img11848,6235,images/img11848.jpg,39.0,39.45472635012135,0.4547263501213479,validation
img11877,6251,images/img11877.jpg,72.0,71.89790449359447,0.1020955064055328,validation
img11878,6251,images/img11878.jpg,72.0,81.33031274852308,9.330312748523085,validation
img11901,6263,images/img11901.jpg,63.0,52.64328800123907,10.356711998760929,validation
img11902,6263,images/img11902.jpg,63.0,60.947639441608565,2.0523605583914346,validation
img11982,6305,images/img11982.jpg,83.0,75.69213600773608,7.307863992263918,validation
img11983,6305,images/img11983.jpg,83.0,74.77389437270364,8.226105627296363,validation
img11986,6307,images/img11986.jpg,83.0,69.84382917365994,13.15617082634006,validation
img11987,6307,images/img11987.jpg,83.0,50.31045756245344,32.689542437546564,validation
img12008,6318,images/img12008.jpg,36.0,44.20548210670401,8.205482106704011,validation
img12009,6318,images/img12009.jpg,36.0,43.24784544162161,7.247845441621607,validation
img12023,6327,images/img12023.jpg,24.0,36.7854115104505,12.7854115104505,validation
img12024,6327,images/img12024.jpg,24.0,39.808530189983045,15.808530189983044,validation
img12029,6330,images/img12029.jpg,11.0,17.82259710955261,6.822597109552611,validation
img12030,6330,images/img12030.jpg,11.0,19.417331308663513,8.417331308663513,validation
img12061,6346,images/img12061.jpg,75.0,69.7466590559377,5.253340944062302,validation
img12062,6346,images/img12062.jpg,75.0,68.07432247148805,6.9256775285119545,validation
img12063,6347,images/img12063.jpg,40.0,37.85177549201049,2.148224507989511,validation
img12064,6347,images/img12064.jpg,40.0,53.00632903881313,13.006329038813128,validation
img12078,6355,images/img12078.jpg,77.0,84.5262920910281,7.526292091028097,validation
img12079,6355,images/img12079.jpg,77.0,86.4481352584395,9.448135258439509,validation
img12080,6356,images/img12080.jpg,32.0,27.541353858470007,4.458646141529993,validation
img12081,6356,images/img12081.jpg,32.0,28.062198864035295,3.9378011359647047,validation
img12094,6363,images/img12094.jpg,25.0,62.10375820790627,37.10375820790627,validation
img12095,6363,images/img12095.jpg,25.0,30.2131051218475,5.2131051218475015,validation
img12104,6368,images/img12104.jpg,25.0,36.467389508275254,11.467389508275254,validation
img12105,6368,images/img12105.jpg,25.0,28.377160613336393,3.377160613336393,validation
img12116,6374,images/img12116.jpg,89.0,79.35002594924416,9.649974050755844,validation
img12118,6375,images/img12118.jpg,58.0,51.699656410028176,6.300343589971824,validation
img12119,6375,images/img12119.jpg,58.0,52.26833340795081,5.731666592049187,validation
img12166,6403,images/img12166.jpg,58.0,46.92385696607943,11.076143033920571,validation
img12167,6403,images/img12167.jpg,58.0,56.55364491956532,1.446355080434678,validation
img12176,6408,images/img12176.jpg,76.0,70.90714598967097,5.0928540103290345,validation
img12177,6408,images/img12177.jpg,76.0,68.61790125152297,7.382098748477034,validation
img12208,6426,images/img12208.jpg,71.0,69.53824013041748,1.4617598695825222,validation
img12209,6426,images/img12209.jpg,71.0,63.15848319492848,7.841516805071521,validation
img12286,6466,images/img12286.jpg,63.0,55.70588732374056,7.294112676259438,validation
img12287,6466,images/img12287.jpg,63.0,60.31458970820104,2.6854102917989593,validation
img12294,6470,images/img12294.jpg,37.0,61.190195564282725,24.190195564282725,validation
img12295,6470,images/img12295.jpg,37.0,71.33471544736918,34.33471544736918,validation
img12304,6475,images/img12304.jpg,37.0,36.99812853168599,0.0018714683140075,validation
img12335,6493,images/img12335.jpg,71.0,72.01489209348931,1.0148920934893084,validation
img12340,6496,images/img12340.jpg,82.0,73.28582732696294,8.714172673037055,validation
img12341,6496,images/img12341.jpg,82.0,75.79092568195088,6.209074318049119,validation
img12348,6500,images/img12348.jpg,85.0,81.80351552794632,3.196484472053683,validation
img12349,6500,images/img12349.jpg,85.0,80.11758012201133,4.882419877988667,validation
img12404,6530,images/img12404.jpg,62.0,69.76892386792126,7.768923867921259,validation
img12405,6530,images/img12405.jpg,62.0,75.22202619949998,13.22202619949998,validation
img12422,6539,images/img12422.jpg,43.0,55.22101133187723,12.221011331877229,validation
img12423,6539,images/img12423.jpg,43.0,56.66425299373408,13.66425299373408,validation
img12470,6563,images/img12470.jpg,88.0,84.05883246614346,3.941167533856543,validation
img12471,6563,images/img12471.jpg,88.0,73.23406368399571,14.765936316004286,validation
img12548,6603,images/img12548.jpg,8.0,12.956223559778572,4.9562235597785715,validation
img12549,6603,images/img12549.jpg,8.0,17.416401435114444,9.416401435114444,validation
img12552,6605,images/img12552.jpg,48.0,46.226237096698696,1.7737629033013036,validation
img12553,6605,images/img12553.jpg,48.0,56.134273648652865,8.134273648652865,validation
img12558,6608,images/img12558.jpg,38.0,44.65193330282356,6.651933302823558,validation
img12559,6608,images/img12559.jpg,38.0,44.27008332507455,6.270083325074552,validation
img12584,6622,images/img12584.jpg,65.0,63.178021480830296,1.821978519169704,validation
img12585,6622,images/img12585.jpg,65.0,64.06779927417969,0.9322007258203088,validation
img12620,6640,images/img12620.jpg,51.0,42.47645232013133,8.52354767986867,validation
img12621,6640,images/img12621.jpg,51.0,40.44523837608706,10.554761623912938,validation
img12625,6642,images/img12625.jpg,80.0,79.69108818742063,0.3089118125793675,validation
img12626,6643,images/img12626.jpg,77.0,81.38375265972536,4.38375265972536,validation
img12627,6643,images/img12627.jpg,77.0,79.10701831385086,2.1070183138508582,validation
img12646,6653,images/img12646.jpg,16.0,17.17642351550319,1.1764235155031884,validation
img12647,6653,images/img12647.jpg,16.0,20.395019937161543,4.395019937161543,validation
img12667,6664,images/img12667.jpg,34.0,34.91552502405291,0.9155250240529114,validation
img12668,6664,images/img12668.jpg,34.0,47.54706230441619,13.547062304416189,validation
img12719,6691,images/img12719.jpg,73.0,62.1564924941586,10.8435075058414,validation
img12720,6691,images/img12720.jpg,73.0,68.43337105692059,4.566628943079408,validation
img12727,6695,images/img12727.jpg,58.0,58.224015746873185,0.2240157468731851,validation
img12728,6695,images/img12728.jpg,58.0,55.35569081421132,2.6443091857886785,validation
img12757,6710,images/img12757.jpg,51.0,44.61945165230646,6.380548347693541,validation
img12758,6710,images/img12758.jpg,51.0,52.974593638484606,1.974593638484606,validation
img12771,6717,images/img12771.jpg,71.0,73.63690245952202,2.6369024595220196,validation
img12772,6717,images/img12772.jpg,71.0,75.00438616277128,4.004386162771283,validation
img12777,6720,images/img12777.jpg,57.0,66.03939827075173,9.039398270751732,validation
img12778,6720,images/img12778.jpg,57.0,73.10714062305898,16.10714062305898,validation
img12789,6726,images/img12789.jpg,59.0,65.10430125148193,6.104301251481928,validation
img12790,6726,images/img12790.jpg,59.0,71.58959546793284,12.589595467932838,validation
img12817,6740,images/img12817.jpg,41.0,45.75150310022795,4.75150310022795,validation
img12818,6740,images/img12818.jpg,41.0,47.35221384451005,6.352213844510047,validation
img12823,6743,images/img12823.jpg,49.0,51.44723353476938,2.4472335347693814,validation
img12824,6743,images/img12824.jpg,49.0,57.82423313443191,8.824233134431907,validation
img12843,6754,images/img12843.jpg,39.0,34.38546654155218,4.6145334584478235,validation
img12844,6754,images/img12844.jpg,39.0,32.57229179765497,6.4277082023450305,validation
img12868,6767,images/img12868.jpg,45.0,50.045332347484994,5.045332347484994,validation
img12869,6767,images/img12869.jpg,45.0,39.64204741682099,5.3579525831790065,validation
img12880,6773,images/img12880.jpg,44.0,54.60265416589273,10.60265416589273,validation
img12881,6773,images/img12881.jpg,44.0,53.82550562049649,9.825505620496491,validation
img12882,6774,images/img12882.jpg,51.0,44.236655024701875,6.763344975298125,validation
img12883,6774,images/img12883.jpg,51.0,51.819306189989234,0.8193061899892342,validation
img12938,6805,images/img12938.jpg,63.0,63.775043443898795,0.7750434438987952,validation
img12939,6805,images/img12939.jpg,63.0,69.30222876094994,6.302228760949944,validation
img12940,6806,images/img12940.jpg,48.0,54.3494662274154,6.349466227415398,validation
img12941,6806,images/img12941.jpg,48.0,45.27954797913972,2.7204520208602787,validation
img12944,6808,images/img12944.jpg,62.0,76.9782492666016,14.978249266601594,validation
img12945,6808,images/img12945.jpg,62.0,65.89494910016151,3.894949100161511,validation
img12952,6812,images/img12952.jpg,48.0,38.17844821613791,9.821551783862091,validation
img12953,6812,images/img12953.jpg,48.0,38.25888291677038,9.741117083229618,validation
img12963,6818,images/img12963.jpg,76.0,68.01092092459348,7.989079075406522,validation
img12964,6818,images/img12964.jpg,76.0,67.02243307159085,8.977566928409146,validation
img12968,6821,images/img12968.jpg,51.0,47.13914346549436,3.8608565345056434,validation
img12969,6821,images/img12969.jpg,51.0,45.898650441028664,5.101349558971336,validation
img12994,6835,images/img12994.jpg,66.0,69.05144616378193,3.0514461637819323,validation
img13033,6856,images/img13033.jpg,77.0,52.548105521030415,24.451894478969585,validation
img13034,6856,images/img13034.jpg,77.0,54.38556979517949,22.614430204820508,validation
img13044,6862,images/img13044.jpg,60.0,58.47521168539519,1.5247883146048125,validation
img13045,6862,images/img13045.jpg,60.0,60.34967709969447,0.3496770996944676,validation
img13052,6866,images/img13052.jpg,68.0,75.96859484632114,7.968594846321139,validation
img13096,6889,images/img13096.jpg,85.0,78.99224029069268,6.007759709307322,validation
img13097,6889,images/img13097.jpg,85.0,86.42101613941999,1.42101613941999,validation
img13112,6897,images/img13112.jpg,64.0,58.07892584265375,5.921074157346247,validation
img13113,6897,images/img13113.jpg,64.0,63.386268089902146,0.6137319100978544,validation
img13129,6906,images/img13129.jpg,83.0,60.386852737513905,22.613147262486095,validation
img13182,6936,images/img13182.jpg,26.0,23.775846841904844,2.224153158095156,validation
img13183,6936,images/img13183.jpg,26.0,38.32198345518553,12.321983455185531,validation
img13226,6961,images/img13226.jpg,70.0,62.79741152714327,7.202588472856732,validation
img13227,6961,images/img13227.jpg,70.0,73.07639849618204,3.076398496182037,validation
img13233,6965,images/img13233.jpg,79.0,76.04338236613309,2.9566176338669123,validation
img13234,6965,images/img13234.jpg,79.0,70.81559578750841,8.184404212491586,validation
img13276,6988,images/img13276.jpg,56.0,66.72175831895812,10.721758318958123,validation
img13323,7012,images/img13323.jpg,37.0,39.64760189575473,2.6476018957547325,validation
img13324,7012,images/img13324.jpg,37.0,39.18884097968131,2.1888409796813093,validation
img13342,7022,images/img13342.jpg,75.0,67.79347937896353,7.206520621036475,validation
img13343,7022,images/img13343.jpg,75.0,70.99512117083512,4.0048788291648805,validation
img13344,7023,images/img13344.jpg,45.0,51.88267283734996,6.882672837349958,validation
img13345,7023,images/img13345.jpg,45.0,65.55578888657968,20.555788886579677,validation
img13358,7030,images/img13358.jpg,55.0,52.82726907348857,2.172730926511427,validation
img13359,7030,images/img13359.jpg,55.0,53.6204929440102,1.379507055989798,validation
img13360,7031,images/img13360.jpg,19.0,30.2718017753354,11.2718017753354,validation
img13361,7031,images/img13361.jpg,19.0,22.035254403524675,3.035254403524675,validation
img13415,7060,images/img13415.jpg,82.0,77.33852587938136,4.661474120618635,validation
img13423,7065,images/img13423.jpg,68.0,73.07589245294128,5.075892452941275,validation
img13424,7065,images/img13424.jpg,68.0,75.98281422514268,7.9828142251426755,validation
img13437,7072,images/img13437.jpg,64.0,65.48807397542377,1.4880739754237735,validation
img13438,7072,images/img13438.jpg,64.0,67.101762983855,3.1017629838549965,validation
img13442,7075,images/img13442.jpg,53.0,54.88928349206793,1.889283492067932,validation
img13443,7075,images/img13443.jpg,53.0,54.88018071209141,1.8801807120914091,validation
img13478,7094,images/img13478.jpg,67.0,74.51129610210776,7.511296102107764,validation
img13479,7094,images/img13479.jpg,67.0,79.46416923713052,12.46416923713052,validation
img13482,7096,images/img13482.jpg,74.0,64.04547120679104,9.954528793208963,validation
img13483,7096,images/img13483.jpg,74.0,76.4283111371336,2.428311137133605,validation
img13513,7112,images/img13513.jpg,33.0,60.238293601508055,27.238293601508055,validation
img13514,7112,images/img13514.jpg,33.0,48.26047530347284,15.260475303472838,validation
img13539,7125,images/img13539.jpg,40.0,50.45358273197836,10.453582731978358,validation
img13540,7125,images/img13540.jpg,40.0,57.94160912796709,17.94160912796709,validation
img13543,7127,images/img13543.jpg,45.0,47.80031513421426,2.8003151342142587,validation
img13544,7127,images/img13544.jpg,45.0,42.44204901403182,2.5579509859681835,validation
img13585,7149,images/img13585.jpg,66.0,64.30879582393509,1.6912041760649146,validation
img13586,7149,images/img13586.jpg,66.0,64.47694286861744,1.5230571313825578,validation
img13597,7155,images/img13597.jpg,52.0,48.91558972184953,3.0844102781504716,validation
img13598,7155,images/img13598.jpg,52.0,55.70871227741386,3.7087122774138592,validation
img13611,7162,images/img13611.jpg,55.0,52.70218696296224,2.2978130370377627,validation
img13612,7162,images/img13612.jpg,55.0,58.533626961391455,3.5336269613914553,validation
img13623,7168,images/img13623.jpg,47.0,73.04536081387783,26.045360813877835,validation
img13624,7168,images/img13624.jpg,47.0,45.65901715431414,1.3409828456858577,validation
img13627,7170,images/img13627.jpg,50.0,52.45997765440568,2.4599776544056766,validation
img13628,7170,images/img13628.jpg,50.0,57.33613322996636,7.336133229966357,validation
img13657,7185,images/img13657.jpg,58.0,56.808541367448626,1.191458632551374,validation
img13658,7185,images/img13658.jpg,58.0,53.86577068501916,4.134229314980843,validation
img13690,7202,images/img13690.jpg,56.0,51.62495613905084,4.375043860949162,validation
img13691,7202,images/img13691.jpg,56.0,54.57328484489795,1.4267151551020518,validation
img13697,7206,images/img13697.jpg,38.0,40.647023118345174,2.6470231183451745,validation
img13698,7206,images/img13698.jpg,38.0,49.125006555915675,11.125006555915675,validation
img13707,7211,images/img13707.jpg,36.0,36.55668432806298,0.5566843280629783,validation
img13732,7224,images/img13732.jpg,37.0,44.15269328993005,7.152693289930049,validation
img13733,7224,images/img13733.jpg,37.0,41.23600510130381,4.23600510130381,validation
img13742,7229,images/img13742.jpg,47.0,54.48406854906138,7.484068549061376,validation
img13743,7229,images/img13743.jpg,47.0,50.28134698878382,3.2813469887838167,validation
img13752,7234,images/img13752.jpg,64.0,56.262944412808,7.737055587192003,validation
img13753,7234,images/img13753.jpg,64.0,51.55751388050312,12.442486119496884,validation
img13764,7240,images/img13764.jpg,63.0,61.03039114410531,1.9696088558946911,validation
img13765,7240,images/img13765.jpg,63.0,57.60001753475185,5.399982465248151,validation
img13766,7241,images/img13766.jpg,34.0,50.668018555255784,16.668018555255784,validation
img13767,7241,images/img13767.jpg,34.0,50.76566308851626,16.765663088516263,validation
img13805,7261,images/img13805.jpg,46.0,40.65794776304952,5.3420522369504795,validation
img13806,7261,images/img13806.jpg,46.0,37.77637504913535,8.223624950864647,validation
img13811,7264,images/img13811.jpg,68.0,59.94917741089369,8.05082258910631,validation
img13812,7264,images/img13812.jpg,68.0,58.49032754599241,9.509672454007593,validation
img13827,7272,images/img13827.jpg,26.0,28.22938944336817,2.22938944336817,validation
img13828,7272,images/img13828.jpg,26.0,32.40395825858863,6.403958258588631,validation
img13829,7273,images/img13829.jpg,57.0,52.21828965763595,4.78171034236405,validation
img13830,7273,images/img13830.jpg,57.0,49.13195047254067,7.868049527459327,validation
img13859,7288,images/img13859.jpg,63.0,67.13288573377295,4.132885733772952,validation
img13860,7288,images/img13860.jpg,63.0,66.20411534562324,3.2041153456232365,validation
img13903,7311,images/img13903.jpg,69.0,78.56322250233984,9.56322250233984,validation
img13904,7311,images/img13904.jpg,69.0,74.97243782075577,5.972437820755772,validation
img13945,7332,images/img13945.jpg,67.0,65.13179117804856,1.8682088219514412,validation
img13946,7332,images/img13946.jpg,67.0,65.96996237633303,1.0300376236669706,validation
img13953,7336,images/img13953.jpg,86.0,70.90474010305643,15.095259896943574,validation
img13954,7336,images/img13954.jpg,86.0,59.11189124297535,26.888108757024657,validation
img13983,7351,images/img13983.jpg,92.0,82.3053228377984,9.6946771622016,validation
img13984,7351,images/img13984.jpg,92.0,83.75220079932733,8.247799200672674,validation
img14005,7362,images/img14005.jpg,70.0,66.48056982176657,3.519430178233435,validation
img14006,7362,images/img14006.jpg,70.0,83.01148873052976,13.011488730529765,validation
img14007,7363,images/img14007.jpg,74.0,81.64123923922318,7.641239239223182,validation
img14045,7382,images/img14045.jpg,45.0,46.96694480305453,1.966944803054524,validation
img14046,7382,images/img14046.jpg,45.0,48.92087591061682,3.9208759106168216,validation
img14058,7389,images/img14058.jpg,60.0,58.038386898586175,1.9616131014138247,validation
img14059,7389,images/img14059.jpg,60.0,53.45278296145875,6.547217038541248,validation
img14089,7405,images/img14089.jpg,63.0,59.50044520305416,3.4995547969458443,validation
img14090,7405,images/img14090.jpg,63.0,56.31560290163526,6.684397098364741,validation
img14132,7426,images/img14132.jpg,63.0,62.264350594121304,0.7356494058786964,validation
img14133,7426,images/img14133.jpg,63.0,64.92829744924241,1.9282974492424072,validation
img14154,7438,images/img14154.jpg,47.0,55.42603014304721,8.426030143047207,validation
img14155,7438,images/img14155.jpg,47.0,41.39159812929536,5.60840187070464,validation
img14173,7448,images/img14173.jpg,57.0,49.98833486505123,7.011665134948764,validation
img14174,7448,images/img14174.jpg,57.0,42.54810106311797,14.451898936882031,validation
img14183,7453,images/img14183.jpg,31.0,69.02083272893606,38.02083272893606,validation
img14184,7453,images/img14184.jpg,31.0,55.7802775887024,24.780277588702404,validation
img14203,7463,images/img14203.jpg,34.0,49.5566854337243,15.556685433724295,validation
img14204,7463,images/img14204.jpg,34.0,37.96853406371446,3.9685340637144577,validation
img14231,7477,images/img14231.jpg,53.0,58.233693005895134,5.233693005895134,validation
img14232,7477,images/img14232.jpg,53.0,56.51450107073062,3.514501070730617,validation
img14269,7496,images/img14269.jpg,88.0,81.05797423615276,6.942025763847241,validation
img14270,7496,images/img14270.jpg,88.0,73.0609979862619,14.939002013738104,validation
img14321,7521,images/img14321.jpg,68.0,60.965105022383035,7.034894977616965,validation
img14322,7521,images/img14322.jpg,68.0,59.28554014463806,8.714459855361937,validation
img14346,7534,images/img14346.jpg,67.0,75.46752697034242,8.46752697034242,validation
img14347,7534,images/img14347.jpg,67.0,63.69530782455368,3.30469217544632,validation
img14350,7536,images/img14350.jpg,79.0,74.96375874293236,4.036241257067644,validation
img14351,7536,images/img14351.jpg,79.0,73.14997107597196,5.850028924028038,validation
img14362,7542,images/img14362.jpg,87.0,83.17298850462481,3.8270114953751886,validation
img14372,7547,images/img14372.jpg,47.0,54.14919525243788,7.1491952524378775,validation
img14373,7547,images/img14373.jpg,47.0,45.68039748123679,1.3196025187632117,validation
img14374,7548,images/img14374.jpg,53.0,50.155390208690456,2.8446097913095443,validation
img14375,7548,images/img14375.jpg,53.0,46.861373713169186,6.138626286830814,validation
img14394,7559,images/img14394.jpg,89.0,79.7059924695939,9.294007530406104,validation
img14395,7559,images/img14395.jpg,89.0,78.16805289937628,10.831947100623722,validation
img14426,7575,images/img14426.jpg,61.0,58.349276853836784,2.650723146163216,validation
img14427,7575,images/img14427.jpg,61.0,65.37494495523983,4.374944955239826,validation
img14429,7576,images/img14429.jpg,59.0,56.79804083387629,2.2019591661237072,validation
img14440,7582,images/img14440.jpg,64.0,57.4884058263324,6.5115941736676035,validation
img14441,7582,images/img14441.jpg,64.0,66.89368651001064,2.893686510010639,validation
img14456,7590,images/img14456.jpg,91.0,84.74805027275067,6.251949727249325,validation
img14457,7590,images/img14457.jpg,91.0,80.26173482778472,10.73826517221528,validation
img14504,7614,images/img14504.jpg,67.0,67.87344947955167,0.8734494795516667,validation
img14505,7614,images/img14505.jpg,67.0,70.29244850331969,3.29244850331969,validation
img14645,7685,images/img14645.jpg,63.0,56.20995246984094,6.7900475301590575,validation
img14646,7685,images/img14646.jpg,63.0,52.46580042350586,10.53419957649414,validation
img14649,7687,images/img14649.jpg,46.0,47.62538449264052,1.6253844926405208,validation
img14650,7687,images/img14650.jpg,46.0,53.588434177688384,7.588434177688384,validation
img14659,7692,images/img14659.jpg,53.0,52.15372006696796,0.8462799330320365,validation
img14660,7692,images/img14660.jpg,53.0,43.48251426964647,9.517485730353528,validation
img14675,7700,images/img14675.jpg,57.0,63.9580173374137,6.9580173374137,validation
img14676,7700,images/img14676.jpg,57.0,73.39045722004487,16.390457220044865,validation
img14679,7702,images/img14679.jpg,77.0,75.95052561267217,1.0494743873278338,validation
img14680,7702,images/img14680.jpg,77.0,80.717289349186,3.717289349186004,validation
img14681,7703,images/img14681.jpg,58.0,65.10995933840677,7.109959338406767,validation
img14682,7703,images/img14682.jpg,58.0,61.950925787572494,3.950925787572494,validation
img14689,7707,images/img14689.jpg,66.0,72.6490449793495,6.6490449793494975,validation
img14690,7707,images/img14690.jpg,66.0,72.48658110563196,6.486581105631956,validation
img14729,7728,images/img14729.jpg,87.0,74.93385638608859,12.066143613911407,validation
img14730,7728,images/img14730.jpg,87.0,70.69686975458386,16.303130245416142,validation
img14778,7753,images/img14778.jpg,60.0,53.34921368702263,6.650786312977367,validation
img14779,7753,images/img14779.jpg,60.0,59.09903785372076,0.900962146279241,validation
img14811,7770,images/img14811.jpg,79.0,71.75821692815342,7.241783071846584,validation
img14854,7793,images/img14854.jpg,66.0,57.895204063034626,8.104795936965374,validation
img14855,7793,images/img14855.jpg,66.0,63.1249316555769,2.8750683444230987,validation
img14915,7823,images/img14915.jpg,67.0,57.89694604054826,9.103053959451742,validation
img14916,7823,images/img14916.jpg,67.0,55.133319573099264,11.866680426900736,validation
img14931,7831,images/img14931.jpg,73.0,75.23685850138469,2.236858501384688,validation
img14937,7834,images/img14937.jpg,69.0,65.51527489022574,3.48472510977426,validation
img14938,7834,images/img14938.jpg,69.0,74.42072963055551,5.420729630555513,validation
img14959,7845,images/img14959.jpg,63.0,66.41517682022189,3.4151768202218875,validation
img14960,7845,images/img14960.jpg,63.0,71.31207110295503,8.31207110295503,validation
img14989,7861,images/img14989.jpg,60.0,60.97684108124932,0.9768410812493188,validation
img14990,7861,images/img14990.jpg,60.0,69.95341043810632,9.953410438106316,validation
img14999,7866,images/img14999.jpg,68.0,51.655865129323985,16.344134870676015,validation
img15000,7866,images/img15000.jpg,68.0,43.070697589038176,24.929302410961824,validation
img15005,7869,images/img15005.jpg,49.0,52.18597159868376,3.185971598683757,validation
img15006,7869,images/img15006.jpg,49.0,52.46372117471592,3.4637211747159213,validation
img15007,7870,images/img15007.jpg,61.0,61.09867535390707,0.0986753539070761,validation
img15008,7870,images/img15008.jpg,61.0,61.17307025396326,0.1730702539632602,validation
img15021,7877,images/img15021.jpg,57.0,51.221247056399235,5.7787529436007645,validation
img15022,7877,images/img15022.jpg,57.0,57.2347787808296,0.2347787808296004,validation
img15027,7880,images/img15027.jpg,59.0,55.308048997048175,3.691951002951825,validation
img15028,7880,images/img15028.jpg,59.0,56.789506807240414,2.2104931927595857,validation
img15053,7893,images/img15053.jpg,74.0,53.925215224611286,20.07478477538871,validation
img15054,7893,images/img15054.jpg,74.0,75.53695086804636,1.536950868046361,validation
img15064,7899,images/img15064.jpg,64.0,60.376485122088056,3.623514877911944,validation
img15065,7899,images/img15065.jpg,64.0,60.259640937465115,3.7403590625348855,validation
img15072,7903,images/img15072.jpg,64.0,71.53161861733052,7.531618617330523,validation
img15073,7903,images/img15073.jpg,64.0,70.20091247909276,6.200912479092764,validation
img15082,7908,images/img15082.jpg,54.0,85.21741846589254,31.217418465892536,validation
img15083,7908,images/img15083.jpg,54.0,76.61228402980487,22.61228402980487,validation
img15098,7917,images/img15098.jpg,58.0,54.0807973464985,3.9192026535015,validation
img15099,7917,images/img15099.jpg,58.0,50.60134844889442,7.39865155110558,validation
img15110,7923,images/img15110.jpg,73.0,72.49042550740722,0.5095744925927761,validation
img15111,7923,images/img15111.jpg,73.0,70.53433826301948,2.465661736980522,validation
img15140,7938,images/img15140.jpg,42.0,41.4868367759413,0.513163224058701,validation
img15141,7938,images/img15141.jpg,42.0,33.98901219949889,8.010987800501113,validation
img15174,7957,images/img15174.jpg,57.0,53.222423407906085,3.777576592093915,validation
img15175,7957,images/img15175.jpg,57.0,57.9188097805452,0.918809780545196,validation
img15188,7964,images/img15188.jpg,39.0,48.620700657562274,9.620700657562274,validation
img15189,7964,images/img15189.jpg,39.0,53.26741981313841,14.26741981313841,validation
img15190,7965,images/img15190.jpg,75.0,66.2301220420014,8.769877957998602,validation
img15191,7965,images/img15191.jpg,75.0,74.02989302284107,0.9701069771589346,validation
img15192,7966,images/img15192.jpg,71.0,60.604431972710984,10.395568027289016,validation
img15193,7966,images/img15193.jpg,71.0,58.620350939736696,12.379649060263304,validation
img15211,7977,images/img15211.jpg,58.0,58.19992511669897,0.1999251166989708,validation
img15212,7978,images/img15212.jpg,47.0,46.00258343404408,0.9974165659559162,validation
img15213,7978,images/img15213.jpg,47.0,53.12436771451248,6.124367714512481,validation
img15226,7985,images/img15226.jpg,65.0,59.185515626760825,5.814484373239175,validation
img15227,7985,images/img15227.jpg,65.0,54.29208212358325,10.70791787641675,validation
img15246,7995,images/img15246.jpg,78.0,63.59398902474544,14.40601097525456,validation
img15247,7995,images/img15247.jpg,78.0,59.41930896726085,18.580691032739153,validation
img15257,8001,images/img15257.jpg,40.0,34.48300201376938,5.516997986230621,validation
img15258,8001,images/img15258.jpg,40.0,30.14866967626273,9.851330323737267,validation
img15271,8008,images/img15271.jpg,77.0,70.55628788858799,6.443712111412012,validation
img15272,8008,images/img15272.jpg,77.0,61.66693737456007,15.33306262543993,validation
img15283,8014,images/img15283.jpg,76.0,58.541723653243814,17.458276346756186,validation
img15284,8014,images/img15284.jpg,76.0,56.41679900776982,19.583200992230186,validation
img15300,8023,images/img15300.jpg,64.0,59.65499724338769,4.34500275661231,validation
img15301,8023,images/img15301.jpg,64.0,60.3280257560793,3.671974243920701,validation
img15340,8045,images/img15340.jpg,64.0,59.838543162074544,4.161456837925456,validation
img15341,8045,images/img15341.jpg,64.0,64.44202915683542,0.4420291568354173,validation
img15375,8063,images/img15375.jpg,54.0,70.74916234361095,16.749162343610948,validation
img15376,8063,images/img15376.jpg,54.0,66.65670340664758,12.65670340664758,validation
img15381,8066,images/img15381.jpg,54.0,72.96876397135804,18.968763971358044,validation
img15388,8070,images/img15388.jpg,62.0,59.62031855815392,2.379681441846081,validation
img15389,8070,images/img15389.jpg,62.0,50.70334997083353,11.296650029166472,validation
img15404,8078,images/img15404.jpg,58.0,54.35340987474004,3.646590125259962,validation
img15405,8078,images/img15405.jpg,58.0,61.15779789076895,3.157797890768947,validation
img15410,8081,images/img15410.jpg,51.0,53.22821454930372,2.228214549303722,validation
img15411,8081,images/img15411.jpg,51.0,58.812543490586606,7.812543490586606,validation
img15412,8082,images/img15412.jpg,53.0,54.330959931635526,1.330959931635526,validation
img15413,8082,images/img15413.jpg,53.0,49.40260508240291,3.597394917597093,validation
img15422,8088,images/img15422.jpg,72.0,66.32640876527316,5.6735912347268425,validation
img15423,8088,images/img15423.jpg,72.0,59.37536363783303,12.624636362166967,validation
img15424,8089,images/img15424.jpg,68.0,69.23018739820753,1.2301873982075335,validation
img15425,8089,images/img15425.jpg,68.0,62.701077907622896,5.298922092377104,validation
img15428,8091,images/img15428.jpg,71.0,74.46769240639799,3.467692406397987,validation
img15429,8091,images/img15429.jpg,71.0,69.16909903604072,1.83090096395928,validation
img15446,8100,images/img15446.jpg,87.0,83.72413284923137,3.275867150768633,validation
img15447,8100,images/img15447.jpg,87.0,80.9114529057404,6.088547094259596,validation
img15476,8115,images/img15476.jpg,53.0,54.99714268264107,1.9971426826410763,validation
img15477,8115,images/img15477.jpg,53.0,55.93393860031242,2.9339386003124233,validation
img15505,8130,images/img15505.jpg,45.0,45.31802689642623,0.3180268964262325,validation
img15506,8130,images/img15506.jpg,45.0,41.12193379370601,3.878066206293987,validation
img15511,8133,images/img15511.jpg,71.0,73.21994900377571,2.21994900377571,validation
img15512,8133,images/img15512.jpg,71.0,57.655150550487754,13.344849449512246,validation
img15513,8134,images/img15513.jpg,57.0,60.16288361579164,3.1628836157916425,validation
img15514,8134,images/img15514.jpg,57.0,47.127601535285095,9.872398464714903,validation
img15523,8139,images/img15523.jpg,91.0,78.65816886538981,12.341831134610189,validation
img15524,8139,images/img15524.jpg,91.0,75.33948930554348,15.66051069445652,validation
img15554,8155,images/img15554.jpg,59.0,75.06249388662552,16.062493886625518,validation
img15555,8155,images/img15555.jpg,59.0,74.76447258917555,15.764472589175554,validation
img15585,8171,images/img15585.jpg,64.0,62.36355797213184,1.6364420278681564,validation
img15586,8171,images/img15586.jpg,64.0,65.29905373766998,1.2990537376699791,validation
img15587,8172,images/img15587.jpg,77.0,81.31657760073367,4.316577600733666,validation
img15588,8172,images/img15588.jpg,77.0,68.24574789113109,8.754252108868911,validation
img15598,8178,images/img15598.jpg,72.0,71.65771063311753,0.3422893668824684,validation
img15599,8178,images/img15599.jpg,72.0,73.64443639639111,1.6444363963911144,validation
img15608,8183,images/img15608.jpg,65.0,66.37910488016036,1.3791048801603552,validation
img15609,8183,images/img15609.jpg,65.0,62.12187106597254,2.8781289340274583,validation
img15612,8185,images/img15612.jpg,76.0,70.45949403146501,5.540505968534987,validation
img15617,8188,images/img15617.jpg,43.0,53.78067935049167,10.780679350491669,validation
img15618,8188,images/img15618.jpg,43.0,49.148567013093285,6.148567013093285,validation
img15621,8190,images/img15621.jpg,51.0,54.79381636253635,3.7938163625363472,validation
img15622,8190,images/img15622.jpg,51.0,51.78457242892861,0.7845724289286125,validation
img15636,8198,images/img15636.jpg,71.0,57.660656838072995,13.339343161927005,validation
img15637,8198,images/img15637.jpg,71.0,72.32294809753054,1.322948097530542,validation
img15640,8200,images/img15640.jpg,60.0,56.333345020317566,3.666654979682434,validation
img15641,8200,images/img15641.jpg,60.0,59.83733176653642,0.1626682334635774,validation
img15734,8249,images/img15734.jpg,68.0,73.38238234040115,5.382382340401151,validation
img15735,8249,images/img15735.jpg,68.0,66.22792119014821,1.7720788098517914,validation
img15751,8259,images/img15751.jpg,76.0,74.5126746336947,1.4873253663052992,validation
img15752,8259,images/img15752.jpg,76.0,64.46831504948435,11.531684950515654,validation
img15771,8270,images/img15771.jpg,45.0,40.75672107810784,4.243278921892156,validation
img15772,8270,images/img15772.jpg,45.0,34.99067680774939,10.009323192250612,validation
img15788,8279,images/img15788.jpg,74.0,82.47537517890667,8.475375178906674,validation
img15789,8279,images/img15789.jpg,74.0,80.10023287246881,6.100232872468808,validation
img15798,8284,images/img15798.jpg,58.0,58.22117975076925,0.2211797507692523,validation
img15799,8284,images/img15799.jpg,58.0,62.90181239203432,4.901812392034316,validation
img15802,8286,images/img15802.jpg,59.0,66.42600440059773,7.426004400597733,validation
img15803,8286,images/img15803.jpg,59.0,54.72281871397802,4.277181286021978,validation
img15812,8291,images/img15812.jpg,70.0,69.65706759011228,0.3429324098877231,validation
img15813,8291,images/img15813.jpg,70.0,79.62554250041536,9.625542500415364,validation
img15814,8292,images/img15814.jpg,48.0,62.2084219099116,14.2084219099116,validation
img15815,8292,images/img15815.jpg,48.0,62.13036474002241,14.130364740022408,validation
img15816,8293,images/img15816.jpg,68.0,69.3873956202499,1.3873956202499045,validation
img15817,8293,images/img15817.jpg,68.0,58.59094235676634,9.40905764323366,validation
img15818,8294,images/img15818.jpg,73.0,68.37890815313243,4.6210918468675715,validation
img15819,8294,images/img15819.jpg,73.0,71.96892722619273,1.0310727738072671,validation
img15829,8300,images/img15829.jpg,15.0,18.825801659734083,3.8258016597340823,validation
img15830,8300,images/img15830.jpg,15.0,21.23875106743192,6.23875106743192,validation
img15886,8330,images/img15886.jpg,71.0,69.16105687470998,1.8389431252900152,validation
img15887,8330,images/img15887.jpg,71.0,66.8634111643989,4.136588835601103,validation
img15917,8346,images/img15917.jpg,60.0,56.05191347530146,3.948086524698539,validation
img15918,8346,images/img15918.jpg,60.0,52.81623918487747,7.1837608151225325,validation
img15962,8369,images/img15962.jpg,73.0,67.73014435930536,5.269855640694644,validation
img15963,8369,images/img15963.jpg,73.0,77.16077382861823,4.1607738286182325,validation
img15971,8373,images/img15971.jpg,75.0,78.09324574857652,3.0932457485765212,validation
img15972,8373,images/img15972.jpg,75.0,84.3562288438155,9.3562288438155,validation
img15975,8375,images/img15975.jpg,73.0,69.23455747421136,3.765442525788643,validation
img15977,8377,images/img15977.jpg,67.0,67.50144226095777,0.5014422609577736,validation
img15978,8377,images/img15978.jpg,67.0,58.32282927819121,8.677170721808793,validation
img15985,8381,images/img15985.jpg,89.0,78.98444896976147,10.015551030238528,validation
img15986,8381,images/img15986.jpg,89.0,83.18271456846362,5.817285431536376,validation
img15991,8384,images/img15991.jpg,73.0,76.78555803413134,3.7855580341313417,validation
img15992,8384,images/img15992.jpg,73.0,72.09980811238974,0.9001918876102621,validation
img15994,8386,images/img15994.jpg,70.0,71.8425909136688,1.8425909136688008,validation
img15995,8386,images/img15995.jpg,70.0,70.43189395324468,0.4318939532446819,validation
img16010,8395,images/img16010.jpg,54.0,57.86750323967557,3.867503239675571,validation
img16011,8395,images/img16011.jpg,54.0,52.043300123098845,1.9566998769011548,validation
img16045,8413,images/img16045.jpg,59.0,62.87942870351359,3.8794287035135895,validation
img16046,8413,images/img16046.jpg,59.0,58.31334682945779,0.6866531705422076,validation
img16053,8417,images/img16053.jpg,43.0,46.36235291297265,3.3623529129726535,validation
img16054,8417,images/img16054.jpg,43.0,40.33959857774447,2.660401422255532,validation
img16069,8425,images/img16069.jpg,65.0,63.84881996783964,1.1511800321603616,validation
img16070,8425,images/img16070.jpg,65.0,61.02773987014342,3.972260129856579,validation
img16096,8439,images/img16096.jpg,80.0,82.80874206987001,2.808742069870007,validation
img16097,8439,images/img16097.jpg,80.0,79.26213147325203,0.7378685267479739,validation
img16100,8441,images/img16100.jpg,80.0,79.79542252507528,0.2045774749247186,validation
img16101,8441,images/img16101.jpg,80.0,82.77400612758852,2.774006127588521,validation
img16138,8460,images/img16138.jpg,67.0,62.63169763433627,4.36830236566373,validation
img16139,8460,images/img16139.jpg,67.0,57.44367757494021,9.55632242505979,validation
img16142,8462,images/img16142.jpg,62.0,60.45014386010216,1.549856139897841,validation
img16143,8462,images/img16143.jpg,62.0,70.98009583090382,8.98009583090382,validation
img16158,8470,images/img16158.jpg,48.0,49.56401215461117,1.56401215461117,validation
img16167,8475,images/img16167.jpg,45.0,52.18704257812867,7.187042578128668,validation
img16168,8475,images/img16168.jpg,45.0,49.91898185702543,4.918981857025429,validation
img16179,8481,images/img16179.jpg,62.0,59.63084894718685,2.3691510528131516,validation
img16180,8481,images/img16180.jpg,62.0,59.86557121512293,2.1344287848770733,validation
img16183,8483,images/img16183.jpg,79.0,73.58579427342485,5.4142057265751475,validation
img16184,8483,images/img16184.jpg,79.0,77.06000142463677,1.9399985753632336,validation
img16207,8495,images/img16207.jpg,49.0,52.89551811110388,3.8955181111038826,validation
img16208,8495,images/img16208.jpg,49.0,46.81521689843647,2.184783101563532,validation
img16211,8497,images/img16211.jpg,49.0,46.28080251786753,2.719197482132472,validation
img16233,8508,images/img16233.jpg,19.0,21.54279580630169,2.54279580630169,validation
img16234,8508,images/img16234.jpg,19.0,19.720119664314808,0.720119664314808,validation
img16241,8512,images/img16241.jpg,22.0,24.082517770696555,2.0825177706965547,validation
img16242,8512,images/img16242.jpg,22.0,25.92793532142609,3.927935321426091,validation
img00003,2,images/img00003.jpg,18.0,20.65345098529408,2.653450985294078,test
img00004,2,images/img00004.jpg,18.0,18.590648600677092,0.5906486006770919,test
img00009,5,images/img00009.jpg,23.0,22.797673982374697,0.2023260176253032,test
img00010,5,images/img00010.jpg,23.0,23.807038300280055,0.8070383002800554,test
img00051,26,images/img00051.jpg,13.0,20.37045066533368,7.370450665333678,test
img00052,26,images/img00052.jpg,13.0,17.505321084913327,4.5053210849133265,test
img00068,35,images/img00068.jpg,20.0,19.45581240717089,0.5441875928291111,test
img00069,35,images/img00069.jpg,20.0,17.787270056416595,2.2127299435834047,test
img00110,56,images/img00110.jpg,15.0,20.04755145330339,5.047551453303392,test
img00111,56,images/img00111.jpg,15.0,21.381402912029053,6.381402912029053,test
img00128,65,images/img00128.jpg,30.0,32.55032472231953,2.5503247223195302,test
img00129,65,images/img00129.jpg,30.0,32.15148194341863,2.1514819434186307,test
img00156,79,images/img00156.jpg,20.0,26.96612447306771,6.966124473067708,test
img00157,79,images/img00157.jpg,20.0,27.455535904741726,7.455535904741726,test
img00164,83,images/img00164.jpg,22.0,19.11066910475526,2.88933089524474,test
img00165,83,images/img00165.jpg,22.0,20.30359624580918,1.6964037541908183,test
img00217,110,images/img00217.jpg,22.0,33.19250886340613,11.192508863406132,test
img00218,110,images/img00218.jpg,22.0,24.943833903583787,2.943833903583787,test
img00221,112,images/img00221.jpg,26.0,36.48579464993749,10.485794649937487,test
img00222,112,images/img00222.jpg,26.0,32.162265899377175,6.162265899377175,test
img00225,114,images/img00225.jpg,13.0,21.306006831595653,8.306006831595653,test
img00226,114,images/img00226.jpg,13.0,17.651781341141444,4.651781341141444,test
img00231,117,images/img00231.jpg,19.0,21.21816470490428,2.2181647049042823,test
img00232,117,images/img00232.jpg,19.0,22.107882514679886,3.1078825146798863,test
img00273,138,images/img00273.jpg,13.0,17.636726554728455,4.636726554728455,test
img00274,138,images/img00274.jpg,13.0,17.985499408664104,4.985499408664104,test
img00287,145,images/img00287.jpg,15.0,19.390829475148905,4.390829475148905,test
img00288,145,images/img00288.jpg,15.0,16.509144428360166,1.509144428360166,test
img00291,147,images/img00291.jpg,10.0,18.83306076277413,8.833060762774132,test
img00292,147,images/img00292.jpg,10.0,18.155242016409495,8.155242016409495,test
img00293,148,images/img00293.jpg,19.0,17.10464826170635,1.895351738293648,test
img00294,148,images/img00294.jpg,19.0,22.522840153334357,3.522840153334357,test
img00299,151,images/img00299.jpg,23.0,24.777875714039865,1.777875714039865,test
img00300,151,images/img00300.jpg,23.0,22.362326291070467,0.6376737089295332,test
img00305,154,images/img00305.jpg,28.0,28.855641947253893,0.8556419472538934,test
img00306,154,images/img00306.jpg,28.0,24.748267822012934,3.2517321779870656,test
img00311,157,images/img00311.jpg,25.0,22.827814092292783,2.1721859077072168,test
img00312,157,images/img00312.jpg,25.0,24.018088868774385,0.9819111312256156,test
img00317,160,images/img00317.jpg,24.0,22.50419071493519,1.4958092850648086,test
img00318,160,images/img00318.jpg,24.0,24.63325422700128,0.6332542270012809,test
img00344,174,images/img00344.jpg,76.0,65.69123397743752,10.30876602256248,test
img00345,174,images/img00345.jpg,76.0,76.16332770152141,0.1633277015214105,test
img00394,202,images/img00394.jpg,74.0,74.4666454203826,0.4666454203826049,test
img00395,202,images/img00395.jpg,74.0,70.31141639996521,3.68858360003479,test
img00424,218,images/img00424.jpg,38.0,37.020677992992496,0.9793220070075036,test
img00425,218,images/img00425.jpg,38.0,38.38534355888365,0.3853435588836476,test
img00427,220,images/img00427.jpg,49.0,57.306705493150275,8.306705493150275,test
img00428,220,images/img00428.jpg,49.0,47.44941995237657,1.550580047623427,test
img00441,227,images/img00441.jpg,41.0,36.09306147068058,4.906938529319419,test
img00442,227,images/img00442.jpg,41.0,35.617956666662714,5.382043333337286,test
img00451,232,images/img00451.jpg,60.0,62.669753394774894,2.6697533947748937,test
img00452,232,images/img00452.jpg,60.0,63.61895091632908,3.618950916329077,test
img00463,238,images/img00463.jpg,49.0,43.24294641955792,5.757053580442083,test
img00464,238,images/img00464.jpg,49.0,44.86974783722149,4.130252162778511,test
img00478,246,images/img00478.jpg,59.0,54.95609428717512,4.0439057128248805,test
img00479,246,images/img00479.jpg,59.0,61.11073695998752,2.11073695998752,test
img00482,248,images/img00482.jpg,37.0,59.66740102849139,22.66740102849139,test
img00483,248,images/img00483.jpg,37.0,64.5448835361329,27.5448835361329,test
img00487,251,images/img00487.jpg,64.0,70.39769786312739,6.397697863127391,test
img00488,251,images/img00488.jpg,64.0,54.349580196205615,9.650419803794383,test
img00495,255,images/img00495.jpg,87.0,76.26418081067489,10.735819189325111,test
img00509,264,images/img00509.jpg,57.0,53.8547258005146,3.145274199485399,test
img00510,264,images/img00510.jpg,57.0,52.58058389971622,4.419416100283783,test
img00526,273,images/img00526.jpg,51.0,65.72923629796495,14.729236297964944,test
img00527,273,images/img00527.jpg,51.0,51.90126120156489,0.9012612015648926,test
img00530,275,images/img00530.jpg,77.0,80.35440181503034,3.354401815030343,test
img00531,275,images/img00531.jpg,77.0,77.03762209855778,0.0376220985577759,test
img00546,283,images/img00546.jpg,53.0,62.09399833514403,9.093998335144036,test
img00547,283,images/img00547.jpg,53.0,52.094323241582266,0.9056767584177337,test
img00575,298,images/img00575.jpg,75.0,71.65441153655863,3.3455884634413735,test
img00576,298,images/img00576.jpg,75.0,75.6626502640776,0.6626502640775982,test
img00593,307,images/img00593.jpg,11.0,15.274364021340958,4.274364021340958,test
img00594,307,images/img00594.jpg,11.0,13.467763477132074,2.467763477132074,test
img00609,316,images/img00609.jpg,62.0,66.50465704378317,4.504657043783169,test
img00610,316,images/img00610.jpg,62.0,69.07366844195862,7.073668441958617,test
img00611,317,images/img00611.jpg,78.0,75.9337738364259,2.0662261635741004,test
img00635,329,images/img00635.jpg,68.0,70.36104353709477,2.3610435370947727,test
img00636,329,images/img00636.jpg,68.0,71.58795628045249,3.587956280452488,test
img00645,334,images/img00645.jpg,68.0,59.843343483894074,8.156656516105926,test
img00646,334,images/img00646.jpg,68.0,80.66709945707316,12.667099457073164,test
img00651,337,images/img00651.jpg,30.0,36.0867119367414,6.086711936741402,test
img00652,337,images/img00652.jpg,30.0,41.53796023058453,11.537960230584533,test
img00655,339,images/img00655.jpg,52.0,52.79191693631261,0.7919169363126102,test
img00656,339,images/img00656.jpg,52.0,45.7928383262377,6.2071616737623,test
img00669,346,images/img00669.jpg,49.0,61.062992761770005,12.062992761770005,test
img00670,346,images/img00670.jpg,49.0,66.59983897868662,17.59983897868662,test
img00677,350,images/img00677.jpg,77.0,71.59296327294902,5.407036727050979,test
img00678,350,images/img00678.jpg,77.0,68.28630224007102,8.713697759928976,test
img00695,360,images/img00695.jpg,75.0,71.53617082527661,3.4638291747233865,test
img00707,366,images/img00707.jpg,74.0,70.70264562743543,3.2973543725645698,test
img00722,374,images/img00722.jpg,9.0,22.873850939877904,13.873850939877904,test
img00723,374,images/img00723.jpg,9.0,13.620248265390424,4.620248265390423,test
img00753,390,images/img00753.jpg,47.0,47.68760818026777,0.6876081802677732,test
img00754,390,images/img00754.jpg,47.0,50.32041047326226,3.320410473262257,test
img00784,406,images/img00784.jpg,78.0,77.72556825340045,0.2744317465995465,test
img00785,406,images/img00785.jpg,78.0,78.6780899555535,0.6780899555535029,test
img00794,411,images/img00794.jpg,68.0,62.918368949013136,5.081631050986864,test
img00808,418,images/img00808.jpg,80.0,85.17630245257976,5.176302452579762,test
img00809,418,images/img00809.jpg,80.0,78.97818014099431,1.0218198590056886,test
img00813,421,images/img00813.jpg,84.0,79.79596783029163,4.20403216970837,test
img00814,421,images/img00814.jpg,84.0,77.48704302688556,6.512956973114441,test
img00821,425,images/img00821.jpg,57.0,51.16149687323334,5.8385031267666605,test
img00822,425,images/img00822.jpg,57.0,48.70068275486518,8.299317245134823,test
img00860,446,images/img00860.jpg,69.0,60.75226367155822,8.247736328441782,test
img00861,446,images/img00861.jpg,69.0,60.47836395035348,8.521636049646517,test
img00896,464,images/img00896.jpg,77.0,73.3272127210526,3.672787278947396,test
img00897,464,images/img00897.jpg,77.0,65.01764352772047,11.982356472279534,test
img00898,465,images/img00898.jpg,84.0,77.6269007275541,6.373099272445899,test
img00899,465,images/img00899.jpg,84.0,77.4178416137099,6.582158386290104,test
img00910,471,images/img00910.jpg,54.0,51.80957249187739,2.1904275081226103,test
img00911,471,images/img00911.jpg,54.0,59.383999091239154,5.383999091239154,test
img00927,480,images/img00927.jpg,62.0,61.4511726424704,0.5488273575296034,test
img00928,480,images/img00928.jpg,62.0,55.24326700999842,6.756732990001581,test
img00929,481,images/img00929.jpg,65.0,58.255172169388246,6.744827830611754,test
img00934,484,images/img00934.jpg,59.0,52.21629384054411,6.783706159455889,test
img00935,484,images/img00935.jpg,59.0,56.02730480517172,2.972695194828283,test
img00982,509,images/img00982.jpg,73.0,46.90122461838004,26.09877538161996,test
img00983,509,images/img00983.jpg,73.0,77.79024363328043,4.790243633280426,test
img01004,520,images/img01004.jpg,43.0,47.28089555648451,4.280895556484509,test
img01009,523,images/img01009.jpg,88.0,82.02178593750511,5.978214062494885,test
img01022,531,images/img01022.jpg,46.0,46.79499589040378,0.7949958904037828,test
img01023,531,images/img01023.jpg,46.0,56.62765408434409,10.627654084344089,test
img01047,544,images/img01047.jpg,78.0,80.46802597235074,2.4680259723507447,test
img01056,549,images/img01056.jpg,78.0,72.5448589647137,5.455141035286303,test
img01057,549,images/img01057.jpg,78.0,79.83230260746745,1.8323026074674544,test
img01145,596,images/img01145.jpg,77.0,73.60608944296696,3.3939105570330383,test
img01146,596,images/img01146.jpg,77.0,80.9361966752375,3.936196675237497,test
img01194,622,images/img01194.jpg,61.0,60.989427816253105,0.0105721837468948,test
img01195,622,images/img01195.jpg,61.0,67.40077673679872,6.4007767367987185,test
img01196,623,images/img01196.jpg,68.0,62.34981737129026,5.650182628709743,test
img01267,661,images/img01267.jpg,29.0,36.39873776275767,7.398737762757669,test
img01268,661,images/img01268.jpg,29.0,34.38302357418293,5.383023574182928,test
img01308,684,images/img01308.jpg,55.0,54.12310485170901,0.8768951482909912,test
img01309,684,images/img01309.jpg,55.0,62.14633891103016,7.146338911030163,test
img01341,701,images/img01341.jpg,61.0,69.90721763322932,8.907217633229322,test
img01354,708,images/img01354.jpg,63.0,61.061659763168635,1.9383402368313656,test
img01355,708,images/img01355.jpg,63.0,60.07025234603768,2.9297476539623233,test
img01393,728,images/img01393.jpg,65.0,70.78102343679183,5.781023436791827,test
img01396,730,images/img01396.jpg,76.0,78.75453738444403,2.754537384444035,test
img01397,730,images/img01397.jpg,76.0,77.86856254967346,1.868562549673456,test
img01405,735,images/img01405.jpg,72.0,83.0170464812948,11.017046481294798,test
img01406,735,images/img01406.jpg,72.0,79.4196701502555,7.419670150255499,test
img01473,772,images/img01473.jpg,91.0,86.61440100012545,4.385598999874546,test
img01474,772,images/img01474.jpg,91.0,86.65686718915391,4.343132810846086,test
img01479,775,images/img01479.jpg,43.0,51.99002925651362,8.990029256513623,test
img01480,775,images/img01480.jpg,43.0,48.68930114438952,5.689301144389518,test
img01535,804,images/img01535.jpg,43.0,44.26215676844969,1.2621567684496924,test
img01536,804,images/img01536.jpg,43.0,40.7584507862541,2.2415492137458983,test
img01541,807,images/img01541.jpg,43.0,51.87888187548589,8.878881875485888,test
img01542,807,images/img01542.jpg,43.0,58.42986437625614,15.42986437625614,test
img01551,812,images/img01551.jpg,19.0,41.67507177418354,22.675071774183543,test
img01552,812,images/img01552.jpg,19.0,48.893553938056826,29.893553938056822,test
img01586,830,images/img01586.jpg,44.0,46.67068811328466,2.670688113284662,test
img01587,830,images/img01587.jpg,44.0,39.220670445159655,4.779329554840345,test
img01620,848,images/img01620.jpg,49.0,45.71436890560496,3.2856310943950433,test
img01621,848,images/img01621.jpg,49.0,40.9114372553115,8.088562744688502,test
img01637,857,images/img01637.jpg,60.0,50.91572126856185,9.084278731438149,test
img01643,860,images/img01643.jpg,80.0,73.38681239997878,6.61318760002122,test
img01644,860,images/img01644.jpg,80.0,66.91056479706711,13.08943520293289,test
img01700,892,images/img01700.jpg,31.0,29.036803246229653,1.9631967537703472,test
img01701,892,images/img01701.jpg,31.0,32.17896096388094,1.1789609638809395,test
img01704,894,images/img01704.jpg,28.0,50.18358357898617,22.183583578986173,test
img01720,902,images/img01720.jpg,8.0,25.592018583271106,17.592018583271102,test
img01721,902,images/img01721.jpg,8.0,21.79464829230418,13.79464829230418,test
img01728,906,images/img01728.jpg,28.0,32.266451914012976,4.2664519140129755,test
img01729,906,images/img01729.jpg,28.0,29.906085197717324,1.9060851977173243,test
img01744,915,images/img01744.jpg,58.0,44.175022447929145,13.824977552070855,test
img01745,915,images/img01745.jpg,58.0,46.204621197922584,11.795378802077416,test
img01757,923,images/img01757.jpg,35.0,31.94970810726485,3.0502918927351494,test
img01778,935,images/img01778.jpg,59.0,65.81334853697648,6.813348536976477,test
img01779,935,images/img01779.jpg,59.0,70.55912565693387,11.559125656933873,test
img01782,937,images/img01782.jpg,84.0,81.95716290692593,2.04283709307407,test
img01783,937,images/img01783.jpg,84.0,76.4665195830328,7.533480416967194,test
img01808,950,images/img01808.jpg,71.0,80.44267800467394,9.442678004673937,test
img01819,957,images/img01819.jpg,25.0,31.64678233469903,6.646782334699029,test
img01820,957,images/img01820.jpg,25.0,27.204625706153088,2.204625706153088,test
img01823,959,images/img01823.jpg,32.0,48.727248934395305,16.727248934395305,test
img01838,967,images/img01838.jpg,25.0,40.49431802677941,15.49431802677941,test
img01842,969,images/img01842.jpg,82.0,67.6811585011102,14.318841498889796,test
img01843,969,images/img01843.jpg,82.0,66.50893659912109,15.491063400878916,test
img01894,999,images/img01894.jpg,54.0,46.63226917957195,7.367730820428051,test
img01895,999,images/img01895.jpg,54.0,59.68930157659044,5.689301576590438,test
img01958,1033,images/img01958.jpg,47.0,61.19616283926524,14.19616283926524,test
img01959,1033,images/img01959.jpg,47.0,59.25456926222286,12.25456926222286,test
img01963,1036,images/img01963.jpg,34.0,62.07475887650078,28.07475887650078,test
img01964,1036,images/img01964.jpg,34.0,39.70041688717909,5.700416887179088,test
img01965,1037,images/img01965.jpg,59.0,68.65594174341553,9.655941743415523,test
img02032,1072,images/img02032.jpg,78.0,82.31977124481081,4.319771244810809,test
img02041,1077,images/img02041.jpg,60.0,61.614206905444256,1.6142069054442558,test
img02042,1077,images/img02042.jpg,60.0,67.24857550725288,7.24857550725288,test
img02050,1082,images/img02050.jpg,56.0,52.686878064318435,3.313121935681565,test
img02051,1082,images/img02051.jpg,56.0,66.96259345836948,10.962593458369485,test
img02059,1087,images/img02059.jpg,62.0,60.65038211676671,1.349617883233293,test
img02075,1096,images/img02075.jpg,64.0,74.13227843965248,10.13227843965248,test
img02091,1105,images/img02091.jpg,71.0,75.27229243434311,4.272292434343115,test
img02092,1105,images/img02092.jpg,71.0,70.57875664472246,0.4212433552775394,test
img02099,1109,images/img02099.jpg,52.0,46.659591152131945,5.340408847868055,test
img02100,1109,images/img02100.jpg,54.0,50.37471741975854,3.625282580241461,test
img02114,1117,images/img02114.jpg,42.0,45.83597415007184,3.8359741500718414,test
img02115,1117,images/img02115.jpg,42.0,39.9397731588437,2.0602268411563003,test
img02167,1144,images/img02167.jpg,40.0,61.362684329097654,21.362684329097657,test
img02217,1170,images/img02217.jpg,56.0,54.40289741373422,1.5971025862657768,test
img02218,1170,images/img02218.jpg,56.0,70.63581302011958,14.635813020119585,test
img02259,1192,images/img02259.jpg,38.0,36.548384782670134,1.4516152173298664,test
img02260,1192,images/img02260.jpg,38.0,45.97150867098517,7.971508670985173,test
img02261,1193,images/img02261.jpg,42.0,40.50211480076278,1.497885199237217,test
img02262,1193,images/img02262.jpg,42.0,49.96069879668662,7.960698796686621,test
img02275,1200,images/img02275.jpg,33.0,49.88490464344529,16.88490464344529,test
img02276,1200,images/img02276.jpg,33.0,55.446006581690355,22.446006581690355,test
img02284,1205,images/img02284.jpg,36.0,36.43839672053237,0.4383967205323671,test
img02285,1205,images/img02285.jpg,36.0,40.78623954007929,4.786239540079293,test
img02303,1215,images/img02303.jpg,47.0,57.87779873848656,10.87779873848656,test
img02311,1219,images/img02311.jpg,31.0,37.880768279753376,6.880768279753376,test
img02312,1219,images/img02312.jpg,31.0,44.91257065586144,13.912570655861444,test
img02314,1221,images/img02314.jpg,17.0,25.43520189037407,8.43520189037407,test
img02315,1221,images/img02315.jpg,17.0,24.20831314044587,7.208313140445874,test
img02321,1225,images/img02321.jpg,51.0,61.55342555011425,10.553425550114248,test
img02322,1225,images/img02322.jpg,51.0,59.576145018493065,8.576145018493065,test
img02381,1255,images/img02381.jpg,28.0,23.706798114189752,4.293201885810248,test
img02382,1255,images/img02382.jpg,28.0,26.204782417325195,1.7952175826748054,test
img02390,1260,images/img02390.jpg,63.0,61.5515829637882,1.4484170362118007,test
img02391,1260,images/img02391.jpg,63.0,76.71029937061246,13.71029937061246,test
img02414,1272,images/img02414.jpg,60.0,55.25084129945352,4.749158700546481,test
img02415,1272,images/img02415.jpg,60.0,65.25296454078409,5.252964540784092,test
img02444,1287,images/img02444.jpg,34.0,38.28182281661179,4.281822816611793,test
img02473,1302,images/img02473.jpg,78.0,78.75814730497626,0.7581473049762621,test
img02474,1302,images/img02474.jpg,78.0,82.29457814381544,4.294578143815443,test
img02525,1329,images/img02525.jpg,59.0,65.9098239358531,6.9098239358530975,test
img02526,1329,images/img02526.jpg,59.0,60.580313122991825,1.580313122991825,test
img02552,1343,images/img02552.jpg,82.0,74.4423444387212,7.557655561278807,test
img02563,1349,images/img02563.jpg,68.0,66.75134221755553,1.248657782444468,test
img02564,1349,images/img02564.jpg,68.0,68.12332359822923,0.1233235982292342,test
img02567,1351,images/img02567.jpg,79.0,83.92922868476316,4.92922868476316,test
img02568,1351,images/img02568.jpg,79.0,77.38922617717671,1.6107738228232904,test
img02584,1360,images/img02584.jpg,78.0,82.94557659841912,4.945576598419123,test
img02628,1384,images/img02628.jpg,74.0,83.16414147279475,9.164141472794752,test
img02629,1384,images/img02629.jpg,74.0,71.4916990036624,2.5083009963375957,test
img02632,1386,images/img02632.jpg,51.0,58.44340375947289,7.443403759472893,test
img02633,1386,images/img02633.jpg,51.0,60.76372789577415,9.763727895774151,test
img02691,1419,images/img02691.jpg,42.0,58.84446702121477,16.84446702121477,test
img02713,1430,images/img02713.jpg,49.0,47.65287769103844,1.3471223089615592,test
img02714,1430,images/img02714.jpg,49.0,49.10181145323301,0.1018114532330116,test
img02737,1444,images/img02737.jpg,60.0,57.09445089073825,2.9055491092617487,test
img02748,1450,images/img02748.jpg,61.0,70.79341495252817,9.793414952528169,test
img02749,1450,images/img02749.jpg,61.0,67.30173404096352,6.301734040963524,test
img02780,1468,images/img02780.jpg,75.0,70.18000547709792,4.819994522902078,test
img02781,1468,images/img02781.jpg,75.0,82.2318811312604,7.231881131260394,test
img02813,1485,images/img02813.jpg,64.0,68.83098471786384,4.830984717863842,test
img02826,1492,images/img02826.jpg,67.0,65.28379500710608,1.7162049928939211,test
img02827,1492,images/img02827.jpg,67.0,66.99764785889732,0.0023521411026763,test
img02840,1499,images/img02840.jpg,74.0,76.33046593155352,2.330465931553519,test
img02858,1510,images/img02858.jpg,58.0,61.91652575330428,3.9165257533042777,test
img02859,1510,images/img02859.jpg,58.0,65.14167319917925,7.141673199179252,test
img02866,1514,images/img02866.jpg,47.0,48.08825264760349,1.0882526476034895,test
img02867,1514,images/img02867.jpg,47.0,46.10472346350815,0.8952765364918491,test
img02888,1526,images/img02888.jpg,75.0,73.07114829755902,1.92885170244098,test
img02899,1532,images/img02899.jpg,70.0,54.09744469679584,15.90255530320416,test
img02902,1534,images/img02902.jpg,63.0,62.74617792084633,0.2538220791536716,test
img02913,1540,images/img02913.jpg,72.0,76.38398872914868,4.383988729148683,test
img02914,1540,images/img02914.jpg,72.0,71.31694504097877,0.6830549590212343,test
img02939,1554,images/img02939.jpg,74.0,72.81963390079068,1.1803660992093228,test
img02940,1554,images/img02940.jpg,74.0,71.74556802835497,2.254431971645033,test
img02951,1560,images/img02951.jpg,59.0,62.71290339654466,3.712903396544661,test
img02952,1560,images/img02952.jpg,59.0,71.60914793177028,12.60914793177028,test
img02955,1562,images/img02955.jpg,59.0,42.55554011687942,16.44445988312058,test
img02956,1562,images/img02956.jpg,59.0,42.97632706829667,16.02367293170333,test
img02974,1573,images/img02974.jpg,80.0,73.44941343881575,6.550586561184247,test
img02975,1573,images/img02975.jpg,80.0,63.64027889395095,16.35972110604905,test
img02976,1574,images/img02976.jpg,58.0,53.49026424285195,4.50973575714805,test
img02977,1574,images/img02977.jpg,58.0,57.007109831377555,0.992890168622445,test
img02978,1575,images/img02978.jpg,77.0,82.10043858069055,5.10043858069055,test
img02979,1575,images/img02979.jpg,77.0,76.25425189329559,0.7457481067044114,test
img02998,1586,images/img02998.jpg,66.0,54.965364203200465,11.034635796799536,test
img02999,1586,images/img02999.jpg,66.0,48.61278609765217,17.38721390234783,test
img03007,1591,images/img03007.jpg,49.0,63.90026951500225,14.90026951500225,test
img03008,1591,images/img03008.jpg,49.0,45.78059840535151,3.219401594648488,test
img03037,1607,images/img03037.jpg,74.0,70.44600099919165,3.5539990008083464,test
img03052,1615,images/img03052.jpg,74.0,53.33606746886687,20.663932531133128,test
img03053,1615,images/img03053.jpg,74.0,58.65277069811174,15.347229301888262,test
img03062,1622,images/img03062.jpg,43.0,39.81871758203489,3.1812824179651074,test
img03088,1637,images/img03088.jpg,61.0,59.2707162949842,1.7292837050158028,test
img03089,1637,images/img03089.jpg,61.0,59.13205799313901,1.8679420068609929,test
img03126,1658,images/img03126.jpg,53.0,74.26581387164268,21.26581387164268,test
img03127,1658,images/img03127.jpg,53.0,54.31262268047272,1.312622680472721,test
img03133,1662,images/img03133.jpg,69.0,73.1679127082003,4.167912708200305,test
img03153,1673,images/img03153.jpg,46.0,50.23182891269752,4.231828912697516,test
img03154,1673,images/img03154.jpg,46.0,51.055570244346946,5.055570244346946,test
img03159,1676,images/img03159.jpg,66.0,45.85019025706208,20.14980974293792,test
img03160,1676,images/img03160.jpg,66.0,46.63465434458826,19.365345655411737,test
img03161,1677,images/img03161.jpg,72.0,70.5930392789491,1.4069607210508934,test
img03162,1677,images/img03162.jpg,72.0,69.50102523062246,2.49897476937754,test
img03197,1697,images/img03197.jpg,78.0,73.70048613835885,4.299513861641145,test
img03198,1697,images/img03198.jpg,78.0,75.45821315724717,2.5417868427528276,test
img03205,1701,images/img03205.jpg,74.0,62.34172940432136,11.658270595678644,test
img03206,1701,images/img03206.jpg,74.0,65.04575510223373,8.954244897766273,test
img03207,1702,images/img03207.jpg,68.0,78.28244484644128,10.28244484644128,test
img03208,1702,images/img03208.jpg,68.0,77.05224282201854,9.052242822018542,test
img03223,1711,images/img03223.jpg,71.0,56.30731371704152,14.692686282958476,test
img03224,1711,images/img03224.jpg,71.0,61.662350267080136,9.337649732919864,test
img03259,1730,images/img03259.jpg,55.0,72.48548722336795,17.485487223367954,test
img03260,1730,images/img03260.jpg,55.0,76.88830880543772,21.888308805437717,test
img03275,1737,images/img03275.jpg,53.0,47.21376303129968,5.786236968700322,test
img03276,1737,images/img03276.jpg,53.0,59.47839006092627,6.478390060926273,test
img03346,1777,images/img03346.jpg,56.0,51.537934151404855,4.462065848595145,test
img03347,1777,images/img03347.jpg,56.0,57.3210845100739,1.3210845100739022,test
img03377,1793,images/img03377.jpg,68.0,76.34402876289457,8.344028762894567,test
img03378,1793,images/img03378.jpg,68.0,73.5377823303461,5.537782330346104,test
img03444,1828,images/img03444.jpg,78.0,59.89221482799378,18.107785172006217,test
img03472,1846,images/img03472.jpg,67.0,81.24717769645925,14.247177696459246,test
img03473,1846,images/img03473.jpg,67.0,73.05540424535258,6.055404245352577,test
img03479,1850,images/img03479.jpg,63.0,57.9591828155007,5.0408171844993035,test
img03480,1850,images/img03480.jpg,63.0,62.497496929982134,0.5025030700178661,test
img03491,1856,images/img03491.jpg,33.0,63.91285406878517,30.912854068785173,test
img03492,1856,images/img03492.jpg,33.0,52.37319451044446,19.373194510444463,test
img03524,1875,images/img03524.jpg,81.0,77.86838368956249,3.131616310437508,test
img03534,1880,images/img03534.jpg,61.0,58.72435236855677,2.2756476314432277,test
img03535,1880,images/img03535.jpg,61.0,69.92386034843231,8.923860348432314,test
img03554,1890,images/img03554.jpg,57.0,44.955612687198375,12.044387312801623,test
img03555,1890,images/img03555.jpg,57.0,63.291834313755544,6.291834313755544,test
img03562,1894,images/img03562.jpg,19.0,19.006786279819742,0.0067862798197424,test
img03563,1894,images/img03563.jpg,19.0,18.058596482305376,0.9414035176946244,test
img03570,1898,images/img03570.jpg,56.0,59.09884781485287,3.098847814852867,test
img03571,1898,images/img03571.jpg,56.0,52.62820976670178,3.3717902332982206,test
img03593,1910,images/img03593.jpg,8.0,11.833815289303018,3.8338152893030184,test
img03594,1910,images/img03594.jpg,8.0,18.23735625710833,10.237356257108331,test
img03614,1921,images/img03614.jpg,58.0,55.80835726286052,2.1916427371394818,test
img03615,1921,images/img03615.jpg,58.0,61.58543333039834,3.585433330398338,test
img03646,1937,images/img03646.jpg,66.0,72.50587291357598,6.505872913575985,test
img03665,1947,images/img03665.jpg,71.0,72.95390331360207,1.9539033136020691,test
img03666,1947,images/img03666.jpg,71.0,60.888172544502574,10.111827455497426,test
img03667,1948,images/img03667.jpg,72.0,62.74561298464219,9.254387015357809,test
img03668,1948,images/img03668.jpg,72.0,72.28146563911238,0.2814656391123833,test
img03673,1951,images/img03673.jpg,73.0,78.31787659817883,5.317876598178827,test
img03674,1951,images/img03674.jpg,73.0,76.73182802055395,3.731828020553948,test
img03710,1970,images/img03710.jpg,68.0,65.98498117260174,2.015018827398265,test
img03711,1970,images/img03711.jpg,68.0,70.98640501225698,2.9864050122569807,test
img03723,1977,images/img03723.jpg,68.0,42.79519412519216,25.20480587480784,test
img03724,1977,images/img03724.jpg,68.0,66.78482613906029,1.2151738609397142,test
img03727,1979,images/img03727.jpg,50.0,59.0487473527955,9.048747352795502,test
img03728,1979,images/img03728.jpg,50.0,44.14241428660185,5.8575857133981515,test
img03775,2005,images/img03775.jpg,78.0,82.15186958747582,4.151869587475815,test
img03794,2016,images/img03794.jpg,30.0,29.904021762778655,0.0959782372213453,test
img03795,2016,images/img03795.jpg,30.0,37.725116358798466,7.725116358798466,test
img03804,2021,images/img03804.jpg,15.0,14.310617756614562,0.6893822433854382,test
img03805,2021,images/img03805.jpg,15.0,20.11598507673444,5.1159850767344395,test
img03854,2046,images/img03854.jpg,32.0,34.65358221032709,2.6535822103270874,test
img03855,2046,images/img03855.jpg,32.0,33.27768553819999,1.2776855381999894,test
img03923,2081,images/img03923.jpg,21.0,23.64502157683991,2.645021576839909,test
img03924,2081,images/img03924.jpg,21.0,26.586011837737995,5.5860118377379955,test
img03943,2091,images/img03943.jpg,56.0,54.524558279333185,1.4754417206668151,test
img03944,2091,images/img03944.jpg,56.0,55.90265416739782,0.0973458326021798,test
img03956,2098,images/img03956.jpg,60.0,51.560719184564825,8.439280815435175,test
img03957,2098,images/img03957.jpg,60.0,53.50192777612446,6.498072223875539,test
img04035,2142,images/img04035.jpg,60.0,51.92960943854205,8.070390561457948,test
img04036,2142,images/img04036.jpg,60.0,59.77204755338241,0.2279524466175928,test
img04043,2146,images/img04043.jpg,48.0,48.34204642017619,0.3420464201761888,test
img04044,2146,images/img04044.jpg,48.0,55.484480591229925,7.484480591229925,test
img04048,2148,images/img04048.jpg,56.0,42.13820494748166,13.86179505251834,test
img04049,2149,images/img04049.jpg,36.0,41.06627994332534,5.066279943325341,test
img04050,2149,images/img04050.jpg,36.0,39.23375667974162,3.2337566797416173,test
img04163,2207,images/img04163.jpg,39.0,41.61784962600065,2.6178496260006483,test
img04164,2207,images/img04164.jpg,39.0,51.35580002792313,12.35580002792313,test
img04165,2208,images/img04165.jpg,71.0,68.25143978697935,2.748560213020653,test
img04166,2208,images/img04166.jpg,71.0,59.11645381172055,11.883546188279452,test
img04195,2225,images/img04195.jpg,82.0,78.2145434409014,3.7854565590986056,test
img04196,2225,images/img04196.jpg,82.0,77.56572620716311,4.4342737928368905,test
img04209,2233,images/img04209.jpg,75.0,78.5810845200066,3.5810845200065984,test
img04210,2233,images/img04210.jpg,75.0,81.67699599286968,6.676995992869678,test
img04225,2241,images/img04225.jpg,58.0,60.860117954384414,2.860117954384414,test
img04226,2241,images/img04226.jpg,58.0,56.353884145780846,1.646115854219154,test
img04233,2246,images/img04233.jpg,76.0,82.87209562990554,6.8720956299055445,test
img04234,2246,images/img04234.jpg,76.0,77.09315598179084,1.0931559817908436,test
img04253,2256,images/img04253.jpg,67.0,65.22167165563863,1.7783283443613698,test
img04254,2256,images/img04254.jpg,67.0,69.47359528762962,2.473595287629621,test
img04286,2273,images/img04286.jpg,45.0,43.29791972902858,1.7020802709714218,test
img04295,2278,images/img04295.jpg,50.0,55.42656672338009,5.426566723380091,test
img04296,2278,images/img04296.jpg,50.0,55.257118989430445,5.257118989430445,test
img04306,2284,images/img04306.jpg,79.0,75.42219465709682,3.577805342903176,test
img04307,2284,images/img04307.jpg,79.0,65.37764748789206,13.622352512107938,test
img04372,2320,images/img04372.jpg,27.0,29.09925596204777,2.0992559620477707,test
img04373,2320,images/img04373.jpg,27.0,26.998138251709175,0.0018617482908247,test
img04381,2325,images/img04381.jpg,77.0,83.7770405425425,6.777040542542494,test
img04391,2330,images/img04391.jpg,33.0,42.98950055171325,9.989500551713247,test
img04392,2330,images/img04392.jpg,33.0,33.69178159461262,0.6917815946126211,test
img04403,2336,images/img04403.jpg,78.0,66.71044214510843,11.28955785489157,test
img04473,2372,images/img04473.jpg,43.0,48.62139428579747,5.6213942857974715,test
img04474,2373,images/img04474.jpg,32.0,35.447764727419056,3.447764727419056,test
img04475,2373,images/img04475.jpg,32.0,34.97009480766348,2.9700948076634788,test
img04492,2382,images/img04492.jpg,73.0,76.85952977733963,3.859529777339631,test
img04493,2382,images/img04493.jpg,73.0,81.78460652426416,8.784606524264163,test
img04528,2400,images/img04528.jpg,74.0,72.88304853501043,1.1169514649895689,test
img04529,2400,images/img04529.jpg,74.0,64.6387098422685,9.361290157731505,test
img04540,2406,images/img04540.jpg,68.0,68.28011956952805,0.280119569528054,test
img04541,2406,images/img04541.jpg,68.0,66.33760824380656,1.6623917561934434,test
img04564,2419,images/img04564.jpg,58.0,61.8846084936861,3.884608493686102,test
img04565,2419,images/img04565.jpg,58.0,57.403288453480826,0.5967115465191739,test
img04568,2421,images/img04568.jpg,70.0,73.94654639235327,3.9465463923532695,test
img04569,2421,images/img04569.jpg,70.0,65.35327561655252,4.646724383447477,test
img04570,2422,images/img04570.jpg,32.0,37.38273884444016,5.382738844440162,test
img04571,2422,images/img04571.jpg,32.0,33.806945693863995,1.8069456938639945,test
img04580,2427,images/img04580.jpg,44.0,45.7217447039613,1.7217447039612992,test
img04581,2427,images/img04581.jpg,61.0,45.78744416703757,15.21255583296243,test
img04586,2430,images/img04586.jpg,39.0,43.98649843792223,4.986498437922229,test
img04587,2430,images/img04587.jpg,39.0,42.56482012105126,3.5648201210512624,test
img04588,2431,images/img04588.jpg,44.0,52.20824404494035,8.20824404494035,test
img04589,2431,images/img04589.jpg,44.0,41.96512398120178,2.034876018798222,test
img04609,2442,images/img04609.jpg,45.0,40.81190160356072,4.18809839643928,test
img04610,2442,images/img04610.jpg,45.0,45.49190509893242,0.4919050989324205,test
img04619,2447,images/img04619.jpg,37.0,43.68197055863077,6.681970558630773,test
img04625,2450,images/img04625.jpg,64.0,59.84692722977592,4.153072770224078,test
img04626,2450,images/img04626.jpg,64.0,62.670830917882405,1.3291690821175948,test
img04657,2466,images/img04657.jpg,67.0,59.849632488954235,7.150367511045765,test
img04658,2466,images/img04658.jpg,67.0,66.33550118445058,0.6644988155494218,test
img04705,2490,images/img04705.jpg,35.0,32.5122885928687,2.4877114071313,test
img04706,2490,images/img04706.jpg,35.0,39.7871465912291,4.787146591229103,test
img04723,2499,images/img04723.jpg,61.0,55.77219725600653,5.227802743993472,test
img04829,2552,images/img04829.jpg,58.0,51.34281849194271,6.657181508057292,test
img04830,2552,images/img04830.jpg,58.0,56.96910055820862,1.0308994417913766,test
img04837,2556,images/img04837.jpg,53.0,64.29494179960851,11.294941799608509,test
img04838,2556,images/img04838.jpg,53.0,47.72380444991864,5.276195550081361,test
img04861,2568,images/img04861.jpg,43.0,43.49983643514905,0.4998364351490494,test
img04888,2582,images/img04888.jpg,47.0,46.095627772499434,0.9043722275005665,test
img04889,2582,images/img04889.jpg,47.0,55.7333608911507,8.733360891150703,test
img04920,2599,images/img04920.jpg,60.0,66.6603427736615,6.6603427736614975,test
img04952,2616,images/img04952.jpg,52.0,44.93040977070911,7.069590229290888,test
img04953,2616,images/img04953.jpg,52.0,44.68967823928886,7.31032176071114,test
img04963,2622,images/img04963.jpg,80.0,79.44781880552348,0.5521811944765176,test
img04964,2622,images/img04964.jpg,80.0,67.52919175280739,12.470808247192608,test
img04985,2633,images/img04985.jpg,79.0,73.63158464305218,5.368415356947821,test
img04986,2633,images/img04986.jpg,79.0,79.9662033939526,0.9662033939525968,test
img04987,2634,images/img04987.jpg,60.0,61.6339262326779,1.6339262326779007,test
img04988,2634,images/img04988.jpg,60.0,65.80640462035149,5.806404620351486,test
img05014,2648,images/img05014.jpg,39.0,41.00292747390024,2.002927473900243,test
img05015,2648,images/img05015.jpg,39.0,39.32484337247027,0.3248433724702693,test
img05017,2649,images/img05017.jpg,49.0,61.958003849280715,12.958003849280717,test
img05035,2659,images/img05035.jpg,43.0,53.76376534594353,10.763765345943533,test
img05036,2659,images/img05036.jpg,43.0,42.9102273511916,0.0897726488083989,test
img05047,2665,images/img05047.jpg,30.0,36.0143608406361,6.014360840636101,test
img05051,2667,images/img05051.jpg,32.0,45.27571339285835,13.27571339285835,test
img05052,2667,images/img05052.jpg,32.0,40.83735317922864,8.837353179228636,test
img05053,2668,images/img05053.jpg,56.0,54.875318225477216,1.1246817745227844,test
img05054,2668,images/img05054.jpg,56.0,53.597139430162194,2.402860569837806,test
img05061,2672,images/img05061.jpg,69.0,59.81042368063564,9.189576319364363,test
img05062,2672,images/img05062.jpg,69.0,67.57873055049191,1.4212694495080882,test
img05069,2676,images/img05069.jpg,58.0,61.298383028596106,3.298383028596106,test
img05070,2676,images/img05070.jpg,58.0,63.59780834248076,5.597808342480761,test
img05124,2705,images/img05124.jpg,35.0,36.25978090630653,1.2597809063065242,test
img05125,2705,images/img05125.jpg,35.0,36.48615018893855,1.4861501889385522,test
img05139,2713,images/img05139.jpg,26.0,29.676834522322103,3.6768345223221033,test
img05140,2713,images/img05140.jpg,26.0,28.326558470479988,2.326558470479988,test
img05159,2723,images/img05159.jpg,33.0,40.65515470973138,7.655154709731377,test
img05160,2723,images/img05160.jpg,33.0,35.19426978210491,2.194269782104911,test
img05169,2728,images/img05169.jpg,38.0,37.98092557945079,0.0190744205492094,test
img05170,2728,images/img05170.jpg,38.0,40.604031255088145,2.6040312550881453,test
img05171,2729,images/img05171.jpg,33.0,33.05802350972906,0.0580235097290611,test
img05172,2729,images/img05172.jpg,33.0,36.89663632481896,3.8966363248189566,test
img05189,2738,images/img05189.jpg,69.0,73.03839181321288,4.038391813212883,test
img05190,2739,images/img05190.jpg,55.0,53.40305330694851,1.5969466930514926,test
img05191,2739,images/img05191.jpg,55.0,54.90186913646129,0.0981308635387065,test
img05192,2740,images/img05192.jpg,81.0,81.88380844922253,0.8838084492225278,test
img05202,2745,images/img05202.jpg,63.0,40.57535256314988,22.424647436850123,test
img05203,2745,images/img05203.jpg,63.0,51.73876788136565,11.261232118634346,test
img05218,2753,images/img05218.jpg,8.0,21.36746054825742,13.36746054825742,test
img05231,2760,images/img05231.jpg,65.0,60.78403478937841,4.21596521062159,test
img05232,2760,images/img05232.jpg,65.0,67.01548806435542,2.0154880643554236,test
img05235,2762,images/img05235.jpg,34.0,40.81924250238322,6.819242502383219,test
img05236,2762,images/img05236.jpg,34.0,40.849649811857326,6.849649811857326,test
img05238,2763,images/img05238.jpg,32.0,26.976125370735566,5.023874629264434,test
img05249,2769,images/img05249.jpg,67.0,59.44994666818886,7.550053331811142,test
img05250,2769,images/img05250.jpg,67.0,61.35355591977596,5.646444080224043,test
img05267,2778,images/img05267.jpg,84.0,75.5120914938434,8.4879085061566,test
img05268,2778,images/img05268.jpg,84.0,78.86794123845702,5.132058761542979,test
img05285,2787,images/img05285.jpg,70.0,74.00077372428798,4.000773724287981,test
img05286,2787,images/img05286.jpg,70.0,67.56948980829564,2.4305101917043572,test
img05287,2788,images/img05287.jpg,77.0,75.58979312473153,1.4102068752684715,test
img05288,2788,images/img05288.jpg,77.0,86.4016687103439,9.401668710343898,test
img05289,2789,images/img05289.jpg,61.0,55.67268886951657,5.32731113048343,test
img05290,2789,images/img05290.jpg,61.0,55.5208469961083,5.479153003891703,test
img05311,2800,images/img05311.jpg,86.0,74.70401023739711,11.295989762602886,test
img05312,2800,images/img05312.jpg,86.0,80.97609120486565,5.023908795134346,test
img05317,2803,images/img05317.jpg,64.0,72.10249428588548,8.102494285885484,test
img05318,2803,images/img05318.jpg,64.0,71.53391326168092,7.533913261680922,test
img05319,2804,images/img05319.jpg,83.0,73.74200567753174,9.257994322468264,test
img05320,2804,images/img05320.jpg,83.0,74.66801354945542,8.331986450544576,test
img05324,2807,images/img05324.jpg,75.0,73.41413001009704,1.5858699899029602,test
img05325,2807,images/img05325.jpg,75.0,69.68584770882079,5.314152291179212,test
img05344,2817,images/img05344.jpg,48.0,52.92278282661616,4.922782826616164,test
img05345,2817,images/img05345.jpg,48.0,53.067247811057655,5.067247811057655,test
img05376,2833,images/img05376.jpg,55.0,60.76439425874853,5.764394258748531,test
img05377,2833,images/img05377.jpg,55.0,59.8190640417887,4.8190640417887,test
img05394,2842,images/img05394.jpg,58.0,51.89112834003467,6.108871659965324,test
img05395,2842,images/img05395.jpg,58.0,42.179299148585784,15.820700851414216,test
img05398,2844,images/img05398.jpg,77.0,77.44087966849024,0.4408796684902398,test
img05399,2844,images/img05399.jpg,77.0,75.73794164590947,1.2620583540905272,test
img05448,2870,images/img05448.jpg,59.0,61.596944178210265,2.596944178210265,test
img05449,2870,images/img05449.jpg,59.0,61.539229619417014,2.5392296194170143,test
img05454,2873,images/img05454.jpg,61.0,66.24942039360802,5.24942039360802,test
img05455,2873,images/img05455.jpg,61.0,66.31914529979139,5.319145299791387,test
img05465,2879,images/img05465.jpg,61.0,75.72360229994032,14.723602299940325,test
img05466,2879,images/img05466.jpg,61.0,73.1500823182361,12.150082318236102,test
img05467,2880,images/img05467.jpg,58.0,56.93884027665348,1.0611597233465204,test
img05468,2880,images/img05468.jpg,58.0,56.450860816477594,1.5491391835224064,test
img05475,2884,images/img05475.jpg,60.0,59.41269168846044,0.5873083115395588,test
img05476,2884,images/img05476.jpg,60.0,73.35618151536598,13.356181515365977,test
img05481,2887,images/img05481.jpg,45.0,39.29099300586013,5.70900699413987,test
img05483,2888,images/img05483.jpg,66.0,70.31080020507073,4.310800205070734,test
img05488,2891,images/img05488.jpg,56.0,76.44012899178234,20.440128991782345,test
img05510,2903,images/img05510.jpg,59.0,48.257180569355654,10.742819430644346,test
img05511,2903,images/img05511.jpg,59.0,57.84307588353027,1.1569241164697317,test
img05521,2908,images/img05521.jpg,78.0,74.19204061953313,3.807959380466869,test
img05548,2922,images/img05548.jpg,33.0,34.99407078741595,1.99407078741595,test
img05549,2922,images/img05549.jpg,33.0,42.47149440510427,9.471494405104274,test
img05570,2933,images/img05570.jpg,58.0,49.43115617292055,8.568843827079448,test
img05571,2933,images/img05571.jpg,58.0,60.317463194038595,2.317463194038595,test
img05585,2942,images/img05585.jpg,58.0,55.10078448267097,2.899215517329033,test
img05586,2942,images/img05586.jpg,58.0,60.02688558544441,2.026885585444411,test
img05594,2946,images/img05594.jpg,71.0,76.02806801443712,5.028068014437125,test
img05624,2962,images/img05624.jpg,72.0,21.403808412758437,50.59619158724156,test
img05625,2962,images/img05625.jpg,72.0,38.16927400117804,33.83072599882196,test
img05656,2978,images/img05656.jpg,58.0,63.328940152507286,5.328940152507286,test
img05657,2978,images/img05657.jpg,58.0,60.678181504043614,2.6781815040436143,test
img05658,2979,images/img05658.jpg,49.0,53.19159348688931,4.19159348688931,test
img05659,2979,images/img05659.jpg,49.0,52.55190084533621,3.5519008453362133,test
img05664,2982,images/img05664.jpg,58.0,52.47204962128524,5.527950378714763,test
img05665,2982,images/img05665.jpg,58.0,51.2487217144198,6.751278285580199,test
img05674,2987,images/img05674.jpg,50.0,52.203861426916546,2.2038614269165464,test
img05675,2987,images/img05675.jpg,50.0,54.42794600884726,4.4279460088472575,test
img05709,3006,images/img05709.jpg,39.0,43.01371864698178,4.013718646981779,test
img05710,3006,images/img05710.jpg,39.0,38.638044539802785,0.3619554601972155,test
img05745,3024,images/img05745.jpg,83.0,75.32920266794224,7.670797332057759,test
img05746,3024,images/img05746.jpg,83.0,71.65317151249664,11.34682848750336,test
img05760,3031,images/img05760.jpg,72.0,69.01210566425358,2.987894335746418,test
img05788,3046,images/img05788.jpg,50.0,53.73280564228527,3.732805642285271,test
img05789,3046,images/img05789.jpg,50.0,44.629841897898785,5.370158102101215,test
img05793,3048,images/img05793.jpg,69.0,72.68252453841252,3.6825245384125225,test
img05816,3060,images/img05816.jpg,47.0,49.67460986798082,2.67460986798082,test
img05817,3060,images/img05817.jpg,47.0,39.241709411016856,7.758290588983144,test
img05836,3070,images/img05836.jpg,72.0,85.13760323198584,13.137603231985835,test
img05837,3070,images/img05837.jpg,72.0,76.29064120099305,4.290641200993051,test
img05853,3079,images/img05853.jpg,65.0,61.551001123122354,3.4489988768776456,test
img05854,3079,images/img05854.jpg,65.0,61.916242194591774,3.0837578054082257,test
img05863,3084,images/img05863.jpg,50.0,41.705011211782015,8.294988788217985,test
img05864,3084,images/img05864.jpg,50.0,39.44044480650514,10.55955519349486,test
img05884,3095,images/img05884.jpg,50.0,53.43240326960811,3.432403269608109,test
img05885,3095,images/img05885.jpg,50.0,64.07535829508873,14.075358295088732,test
img05910,3109,images/img05910.jpg,54.0,52.611536514406666,1.3884634855933342,test
img05911,3109,images/img05911.jpg,54.0,52.56327591214927,1.4367240878507277,test
img05924,3116,images/img05924.jpg,69.0,68.72471672791201,0.2752832720879894,test
img05925,3116,images/img05925.jpg,69.0,72.88321648901707,3.883216489017073,test
img05938,3124,images/img05938.jpg,45.0,52.80868289049451,7.808682890494509,test
img05939,3124,images/img05939.jpg,45.0,43.2440566609784,1.7559433390215986,test
img05956,3133,images/img05956.jpg,45.0,56.6226616787621,11.6226616787621,test
img05975,3143,images/img05975.jpg,68.0,61.419991544894295,6.580008455105705,test
img05976,3143,images/img05976.jpg,68.0,73.68756894839396,5.6875689483939595,test
img05995,3154,images/img05995.jpg,56.0,50.1215791040559,5.878420895944103,test
img05996,3154,images/img05996.jpg,56.0,54.88358996030403,1.116410039695971,test
img06022,3169,images/img06022.jpg,82.0,79.6423095452077,2.357690454792305,test
img06023,3169,images/img06023.jpg,82.0,76.5206662097955,5.479333790204507,test
img06034,3175,images/img06034.jpg,88.0,74.49560876164381,13.504391238356192,test
img06035,3175,images/img06035.jpg,88.0,79.90068824403946,8.099311755960542,test
img06053,3185,images/img06053.jpg,42.0,42.546236119278056,0.5462361192780563,test
img06054,3185,images/img06054.jpg,42.0,43.32158597541817,1.3215859754181665,test
img06071,3194,images/img06071.jpg,42.0,36.48170704203574,5.518292957964263,test
img06072,3194,images/img06072.jpg,42.0,43.967729032375466,1.967729032375466,test
img06125,3222,images/img06125.jpg,61.0,53.407485547747,7.592514452252999,test
img06126,3222,images/img06126.jpg,61.0,58.99742377113787,2.0025762288621323,test
img06131,3225,images/img06131.jpg,65.0,57.84514913396283,7.154850866037172,test
img06132,3225,images/img06132.jpg,65.0,65.18708403637599,0.1870840363759924,test
img06163,3242,images/img06163.jpg,23.0,24.262586278018745,1.262586278018745,test
img06164,3242,images/img06164.jpg,23.0,33.491253235572984,10.491253235572984,test
img06175,3248,images/img06175.jpg,51.0,46.55501906140296,4.444980938597041,test
img06176,3248,images/img06176.jpg,51.0,54.084056635776626,3.0840566357766264,test
img06180,3251,images/img06180.jpg,56.0,65.45583880286446,9.455838802864465,test
img06181,3251,images/img06181.jpg,56.0,55.38683264981185,0.6131673501881494,test
img06203,3263,images/img06203.jpg,52.0,47.6010835109791,4.398916489020898,test
img06204,3263,images/img06204.jpg,52.0,46.38086275323643,5.619137246763572,test
img06217,3272,images/img06217.jpg,59.0,55.765734707561265,3.234265292438735,test
img06218,3272,images/img06218.jpg,59.0,53.534452778406255,5.465547221593745,test
img06250,3289,images/img06250.jpg,60.0,49.02814835277717,10.971851647222827,test
img06251,3289,images/img06251.jpg,60.0,42.96870806381383,17.03129193618617,test
img06256,3292,images/img06256.jpg,69.0,61.851008422170274,7.148991577829726,test
img06257,3292,images/img06257.jpg,69.0,59.31719238592109,9.68280761407891,test
img06284,3306,images/img06284.jpg,54.0,57.75118023051316,3.7511802305131567,test
img06285,3306,images/img06285.jpg,54.0,47.49937209141509,6.50062790858491,test
img06287,3307,images/img06287.jpg,57.0,43.369900017586765,13.630099982413237,test
img06304,3317,images/img06304.jpg,43.0,44.19350611354254,1.19350611354254,test
img06305,3317,images/img06305.jpg,43.0,47.778528009600215,4.778528009600215,test
img06343,3337,images/img06343.jpg,35.0,43.8305825892426,8.830582589242603,test
img06350,3340,images/img06350.jpg,51.0,54.009596844399695,3.009596844399695,test
img06363,3347,images/img06363.jpg,67.0,69.873281108395,2.8732811083950054,test
img06380,3356,images/img06380.jpg,56.0,59.41688753944765,3.41688753944765,test
img06381,3356,images/img06381.jpg,56.0,50.10843070467927,5.891569295320728,test
img06440,3387,images/img06440.jpg,46.0,53.71109731427499,7.711097314274987,test
img06441,3387,images/img06441.jpg,46.0,56.61710733615466,10.61710733615466,test
img06511,3423,images/img06511.jpg,65.0,59.1264879730066,5.873512026993403,test
img06512,3423,images/img06512.jpg,65.0,54.45636050040821,10.54363949959179,test
img06547,3442,images/img06547.jpg,73.0,74.67989575011968,1.6798957501196838,test
img06548,3443,images/img06548.jpg,64.0,63.78783194183264,0.2121680581673644,test
img06549,3443,images/img06549.jpg,64.0,54.8979039495806,9.102096050419398,test
img06598,3470,images/img06598.jpg,68.0,84.76311814648885,16.76311814648885,test
img06624,3485,images/img06624.jpg,76.0,79.98495971217417,3.9849597121741738,test
img06625,3485,images/img06625.jpg,76.0,81.0347355090528,5.034735509052794,test
img06628,3487,images/img06628.jpg,79.0,79.67407248344963,0.6740724834496348,test
img06629,3487,images/img06629.jpg,79.0,76.48952491950018,2.510475080499816,test
img06706,3529,images/img06706.jpg,7.0,25.428045304714693,18.428045304714693,test
img06718,3535,images/img06718.jpg,61.0,60.9157289983056,0.0842710016944039,test
img06719,3535,images/img06719.jpg,61.0,80.36674534390764,19.36674534390764,test
img06722,3537,images/img06722.jpg,53.0,56.833213292983466,3.8332132929834657,test
img06723,3537,images/img06723.jpg,53.0,51.37537539457966,1.6246246054203368,test
img06747,3551,images/img06747.jpg,23.0,31.5620266355322,8.562026635532202,test
img06832,3594,images/img06832.jpg,50.0,48.865964765940824,1.1340352340591764,test
img06833,3594,images/img06833.jpg,50.0,48.70441809559717,1.2955819044028305,test
img06836,3596,images/img06836.jpg,77.0,67.49622696186862,9.503773038131383,test
img06837,3596,images/img06837.jpg,77.0,68.7039111526874,8.296088847312603,test
img06844,3600,images/img06844.jpg,39.0,29.95615076024084,9.043849239759162,test
img06845,3600,images/img06845.jpg,39.0,33.08321661072443,5.916783389275572,test
img06852,3604,images/img06852.jpg,76.0,72.28598512874548,3.71401487125452,test
img06916,3637,images/img06916.jpg,74.0,65.11607111927162,8.883928880728376,test
img06922,3640,images/img06922.jpg,48.0,60.32967121456963,12.329671214569627,test
img06923,3640,images/img06923.jpg,48.0,59.20371246183042,11.20371246183042,test
img06933,3646,images/img06933.jpg,73.0,75.4347279521894,2.434727952189405,test
img06934,3646,images/img06934.jpg,73.0,75.38588169212966,2.385881692129658,test
img06964,3662,images/img06964.jpg,73.0,64.72466194108,8.27533805892,test
img06993,3679,images/img06993.jpg,53.0,54.54781336558964,1.54781336558964,test
img06994,3679,images/img06994.jpg,53.0,48.903241830530504,4.096758169469496,test
img07022,3695,images/img07022.jpg,76.0,76.09191016794651,0.0919101679465086,test
img07023,3695,images/img07023.jpg,76.0,76.07740941163333,0.0774094116333259,test
img07071,3720,images/img07071.jpg,70.0,76.08977911516101,6.089779115161008,test
img07113,3742,images/img07113.jpg,63.0,68.5283850378174,5.528385037817401,test
img07114,3742,images/img07114.jpg,63.0,67.37127463398376,4.371274633983759,test
img07125,3748,images/img07125.jpg,20.0,29.592611041046432,9.592611041046432,test
img07126,3748,images/img07126.jpg,20.0,25.34788543791126,5.347885437911259,test
img07187,3780,images/img07187.jpg,45.0,44.50208124814974,0.497918751850257,test
img07188,3780,images/img07188.jpg,45.0,56.87566973468119,11.875669734681187,test
img07206,3790,images/img07206.jpg,38.0,39.01298550046063,1.01298550046063,test
img07207,3790,images/img07207.jpg,38.0,37.19003234342385,0.8099676565761484,test
img07208,3791,images/img07208.jpg,48.0,48.54963430054669,0.5496343005466926,test
img07209,3791,images/img07209.jpg,48.0,55.713898947979175,7.713898947979175,test
img07214,3794,images/img07214.jpg,29.0,42.438335485508475,13.438335485508476,test
img07244,3810,images/img07244.jpg,36.0,34.251338908097026,1.7486610919029744,test
img07245,3810,images/img07245.jpg,36.0,39.98358188931482,3.98358188931482,test
img07285,3831,images/img07285.jpg,27.0,35.88143505987779,8.881435059877788,test
img07286,3831,images/img07286.jpg,27.0,35.0548134260756,8.054813426075597,test
img07305,3841,images/img07305.jpg,74.0,68.28728051762916,5.712719482370844,test
img07306,3841,images/img07306.jpg,74.0,72.24954783418899,1.7504521658110122,test
img07317,3847,images/img07317.jpg,38.0,47.898647842657766,9.898647842657766,test
img07318,3847,images/img07318.jpg,38.0,37.50257075634349,0.4974292436565122,test
img07335,3856,images/img07335.jpg,42.0,49.83495468562763,7.834954685627636,test
img07336,3856,images/img07336.jpg,42.0,40.466204271045285,1.5337957289547148,test
img07371,3874,images/img07371.jpg,42.0,54.13767976953161,12.137679769531609,test
img07372,3874,images/img07372.jpg,42.0,49.12753350028824,7.127533500288237,test
img07408,3893,images/img07408.jpg,57.0,48.543749366651845,8.456250633348155,test
img07409,3893,images/img07409.jpg,57.0,58.576589923472014,1.5765899234720138,test
img07414,3896,images/img07414.jpg,42.0,51.57393629239871,9.573936292398711,test
img07419,3899,images/img07419.jpg,73.0,75.67548456764962,2.675484567649619,test
img07420,3899,images/img07420.jpg,73.0,79.54512743077069,6.545127430770691,test
img07454,3917,images/img07454.jpg,87.0,82.99763797803448,4.002362021965524,test
img07455,3917,images/img07455.jpg,87.0,86.14562828027984,0.854371719720163,test
img07470,3925,images/img07470.jpg,72.0,61.79369139087974,10.206308609120263,test
img07471,3925,images/img07471.jpg,72.0,62.36766084857966,9.63233915142034,test
img07494,3938,images/img07494.jpg,82.0,66.18282226753522,15.817177732464785,test
img07495,3938,images/img07495.jpg,82.0,65.71036328442707,16.289636715572925,test
img07562,3974,images/img07562.jpg,57.0,69.26186854066702,12.261868540667024,test
img07563,3974,images/img07563.jpg,57.0,68.60240149605343,11.602401496053432,test
img07593,3990,images/img07593.jpg,82.0,77.53159010061961,4.46840989938039,test
img07594,3990,images/img07594.jpg,82.0,72.66886028030123,9.331139719698768,test
img07639,4013,images/img07639.jpg,65.0,53.83014971237154,11.169850287628464,test
img07640,4013,images/img07640.jpg,71.0,70.29447049506192,0.7055295049380845,test
img07641,4013,images/img07641.jpg,71.0,73.16091644227454,2.160916442274541,test
img07649,4018,images/img07649.jpg,64.0,65.52686916973578,1.5268691697357752,test
img07650,4018,images/img07650.jpg,64.0,58.66761308814296,5.332386911857043,test
img07701,4045,images/img07701.jpg,38.0,55.12525832608597,17.12525832608597,test
img07702,4045,images/img07702.jpg,38.0,62.82098834347737,24.820988343477367,test
img07712,4050,images/img07712.jpg,44.0,49.650246721524745,5.650246721524745,test
img07727,4059,images/img07727.jpg,65.0,71.65934763937702,6.6593476393770175,test
img07762,4078,images/img07762.jpg,48.0,57.3306714529194,9.330671452919397,test
img07844,4121,images/img07844.jpg,73.0,59.44206128210783,13.55793871789217,test
img07845,4121,images/img07845.jpg,73.0,62.024245073089425,10.975754926910575,test
img07848,4123,images/img07848.jpg,12.0,15.682409371072978,3.6824093710729784,test
img07867,4133,images/img07867.jpg,58.0,57.24278645160539,0.7572135483946099,test
img07868,4133,images/img07868.jpg,58.0,66.89921590490444,8.899215904904437,test
img07869,4134,images/img07869.jpg,13.0,27.500089522138374,14.500089522138378,test
img07870,4134,images/img07870.jpg,13.0,18.40866934387681,5.408669343876809,test
img07897,4148,images/img07897.jpg,27.0,40.63120054218756,13.631200542187557,test
img07898,4148,images/img07898.jpg,27.0,34.6634282413135,7.663428241313497,test
img07937,4169,images/img07937.jpg,65.0,68.69677092618451,3.696770926184513,test
img07938,4169,images/img07938.jpg,65.0,77.56395069337867,12.563950693378672,test
img07965,4184,images/img07965.jpg,79.0,78.37512492101212,0.6248750789878841,test
img07966,4184,images/img07966.jpg,79.0,77.69174188021984,1.308258119780163,test
img08005,4205,images/img08005.jpg,58.0,60.941480491842505,2.941480491842505,test
img08013,4209,images/img08013.jpg,65.0,69.85452588078387,4.854525880783868,test
img08059,4232,images/img08059.jpg,61.0,53.52528837894028,7.474711621059718,test
img08060,4232,images/img08060.jpg,61.0,52.5491721380336,8.450827861966403,test
img08087,4246,images/img08087.jpg,60.0,58.897148958166326,1.1028510418336737,test
img08088,4246,images/img08088.jpg,60.0,68.27015466200447,8.270154662004472,test
img08089,4247,images/img08089.jpg,63.0,63.59375236228155,0.593752362281549,test
img08090,4247,images/img08090.jpg,63.0,65.08036889614675,2.0803688961467515,test
img08101,4253,images/img08101.jpg,63.0,61.47816906781623,1.521830932183768,test
img08102,4253,images/img08102.jpg,63.0,58.03730842119454,4.962691578805462,test
img08114,4260,images/img08114.jpg,71.0,63.205333637896395,7.794666362103605,test
img08115,4260,images/img08115.jpg,71.0,64.06511637251525,6.934883627484751,test
img08143,4275,images/img08143.jpg,64.0,64.6943047996858,0.6943047996857956,test
img08167,4287,images/img08167.jpg,52.0,44.22023370341671,7.77976629658329,test
img08168,4287,images/img08168.jpg,52.0,54.44668106016539,2.446681060165389,test
img08176,4291,images/img08176.jpg,72.0,80.06051720295162,8.060517202951615,test
img08201,4305,images/img08201.jpg,46.0,39.80650601701995,6.193493982980044,test
img08202,4305,images/img08202.jpg,46.0,40.65836764806611,5.341632351933889,test
img08215,4312,images/img08215.jpg,33.0,47.078690929209806,14.078690929209806,test
img08216,4312,images/img08216.jpg,33.0,48.49299999138702,15.492999991387023,test
img08232,4321,images/img08232.jpg,59.0,59.030125179657155,0.0301251796571548,test
img08233,4321,images/img08233.jpg,59.0,68.19033942809777,9.190339428097772,test
img08251,4331,images/img08251.jpg,60.0,75.9180450527655,15.918045052765509,test
img08252,4331,images/img08252.jpg,60.0,59.104677672920864,0.8953223270791355,test
img08299,4357,images/img08299.jpg,45.0,41.304122447709375,3.695877552290625,test
img08300,4357,images/img08300.jpg,45.0,47.45873158425096,2.4587315842509625,test
img08304,4359,images/img08304.jpg,63.0,49.4948772686719,13.5051227313281,test
img08365,4392,images/img08365.jpg,17.0,36.7190238721912,19.7190238721912,test
img08366,4392,images/img08366.jpg,17.0,27.076688377513943,10.076688377513946,test
img08369,4394,images/img08369.jpg,22.0,22.68041372987168,0.680413729871681,test
img08370,4394,images/img08370.jpg,22.0,24.54027750639276,2.540277506392762,test
img08375,4398,images/img08375.jpg,19.0,22.013472731962793,3.0134727319627927,test
img08376,4398,images/img08376.jpg,19.0,19.70724609876722,0.7072460987672216,test
img08391,4406,images/img08391.jpg,39.0,42.68356578496361,3.683565784963612,test
img08392,4406,images/img08392.jpg,39.0,37.96079727330488,1.039202726695116,test
img08508,4471,images/img08508.jpg,18.0,27.19802969425612,9.19802969425612,test
img08509,4471,images/img08509.jpg,18.0,20.204071500162733,2.2040715001627333,test
img08522,4478,images/img08522.jpg,69.0,61.37108312003988,7.628916879960123,test
img08523,4478,images/img08523.jpg,69.0,64.17330819927037,4.826691800729634,test
img08632,4537,images/img08632.jpg,49.0,43.82187624615836,5.178123753841639,test
img08633,4537,images/img08633.jpg,49.0,56.32565376289356,7.325653762893559,test
img08640,4541,images/img08640.jpg,73.0,77.1005023336655,4.100502333665503,test
img08659,4551,images/img08659.jpg,63.0,50.295788852133626,12.704211147866374,test
img08660,4551,images/img08660.jpg,63.0,59.77267847151772,3.2273215284822783,test
img08690,4567,images/img08690.jpg,65.0,62.85156033512681,2.1484396648731874,test
img08691,4567,images/img08691.jpg,65.0,65.5684868638476,0.5684868638475962,test
img08733,4589,images/img08733.jpg,12.0,15.786549580070613,3.786549580070613,test
img08734,4589,images/img08734.jpg,12.0,20.28632970143868,8.286329701438682,test
img08745,4595,images/img08745.jpg,14.0,21.31395520042917,7.31395520042917,test
img08746,4595,images/img08746.jpg,14.0,20.845337347265,6.845337347265001,test
img08786,4616,images/img08786.jpg,53.0,47.56499848359236,5.435001516407638,test
img08787,4616,images/img08787.jpg,53.0,50.05178439880484,2.948215601195159,test
img08832,4640,images/img08832.jpg,71.0,74.55683454072513,3.5568345407251343,test
img08833,4640,images/img08833.jpg,71.0,79.53521596315831,8.535215963158308,test
img08834,4641,images/img08834.jpg,76.0,79.57187137980135,3.571871379801351,test
img08835,4641,images/img08835.jpg,76.0,76.44918978325721,0.4491897832572107,test
img08845,4647,images/img08845.jpg,76.0,69.57372205023492,6.42627794976508,test
img08846,4647,images/img08846.jpg,76.0,57.17202737407923,18.827972625920772,test
img08896,4673,images/img08896.jpg,63.0,69.74661870335169,6.746618703351686,test
img08897,4673,images/img08897.jpg,63.0,71.30750689829418,8.307506898294179,test
img08911,4681,images/img08911.jpg,69.0,70.73168531142693,1.7316853114269293,test
img08912,4681,images/img08912.jpg,69.0,81.14937393407558,12.149373934075584,test
img08940,4696,images/img08940.jpg,89.0,82.81210551244446,6.187894487555539,test
img08983,4719,images/img08983.jpg,71.0,73.36241653520972,2.362416535209718,test
img08984,4719,images/img08984.jpg,71.0,68.5536261256718,2.446373874328202,test
img08987,4721,images/img08987.jpg,64.0,60.73499112883034,3.2650088711696625,test
img08988,4721,images/img08988.jpg,64.0,65.37736283856913,1.3773628385691268,test
img08999,4727,images/img08999.jpg,43.0,49.61066846892207,6.610668468922071,test
img09027,4742,images/img09027.jpg,71.0,70.26145335482236,0.7385466451776352,test
img09028,4742,images/img09028.jpg,71.0,61.69615373744166,9.303846262558338,test
img09083,4771,images/img09083.jpg,68.0,69.44190760150754,1.4419076015075376,test
img09108,4785,images/img09108.jpg,57.0,55.32368548780071,1.6763145121992906,test
img09109,4785,images/img09109.jpg,57.0,56.124450793138145,0.8755492068618551,test
img09114,4788,images/img09114.jpg,83.0,75.50209277739641,7.497907222603587,test
img09115,4788,images/img09115.jpg,83.0,76.31635343255438,6.683646567445621,test
img09129,4796,images/img09129.jpg,69.0,75.7085496947482,6.7085496947482,test
img09130,4796,images/img09130.jpg,69.0,69.19390387972204,0.1939038797220433,test
img09131,4797,images/img09131.jpg,78.0,61.250885853641606,16.749114146358394,test
img09132,4797,images/img09132.jpg,78.0,77.44595973188575,0.5540402681142496,test
img09155,4809,images/img09155.jpg,76.0,84.1088718540166,8.108871854016598,test
img09156,4809,images/img09156.jpg,76.0,79.9593325482266,3.959332548226598,test
img09177,4820,images/img09177.jpg,71.0,73.33805993241623,2.338059932416229,test
img09178,4820,images/img09178.jpg,71.0,78.70426024349658,7.704260243496577,test
img09180,4821,images/img09180.jpg,70.0,77.9756016012012,7.975601601201205,test
img09232,4849,images/img09232.jpg,52.0,52.10963759327824,0.1096375932782365,test
img09233,4849,images/img09233.jpg,52.0,47.08681270510212,4.913187294897881,test
img09248,4857,images/img09248.jpg,71.0,55.726879393349165,15.273120606650837,test
img09249,4857,images/img09249.jpg,71.0,70.2778234174172,0.7221765825828044,test
img09272,4869,images/img09272.jpg,47.0,40.691404419293455,6.308595580706545,test
img09273,4869,images/img09273.jpg,47.0,48.29876445454406,1.298764454544063,test
img09290,4879,images/img09290.jpg,75.0,85.1180638554736,10.118063855473594,test
img09291,4879,images/img09291.jpg,75.0,73.6240441625205,1.375955837479495,test
img09325,4897,images/img09325.jpg,51.0,58.31531701720447,7.315317017204471,test
img09326,4897,images/img09326.jpg,51.0,43.67107208857681,7.328927911423193,test
img09353,4911,images/img09353.jpg,59.0,64.56468574975943,5.564685749759434,test
img09354,4911,images/img09354.jpg,59.0,61.209779655822715,2.2097796558227145,test
img09359,4914,images/img09359.jpg,23.0,22.879314898145736,0.1206851018542636,test
img09360,4914,images/img09360.jpg,23.0,25.369150160128044,2.3691501601280436,test
img09367,4918,images/img09367.jpg,11.0,24.95186952125192,13.951869521251922,test
img09368,4918,images/img09368.jpg,11.0,20.317905054686207,9.317905054686207,test
img09385,4928,images/img09385.jpg,83.0,72.26948637411961,10.730513625880391,test
img09386,4928,images/img09386.jpg,83.0,76.44208118445687,6.5579188155431325,test
img09404,4938,images/img09404.jpg,87.0,82.13819333264976,4.861806667350237,test
img09405,4938,images/img09405.jpg,87.0,78.77680764947976,8.223192350520236,test
img09408,4940,images/img09408.jpg,59.0,65.23618222744571,6.23618222744571,test
img09409,4940,images/img09409.jpg,59.0,55.088060876057874,3.911939123942126,test
img09417,4945,images/img09417.jpg,83.0,82.86159741388038,0.1384025861196249,test
img09418,4945,images/img09418.jpg,83.0,71.58498872946512,11.415011270534876,test
img09441,4957,images/img09441.jpg,59.0,55.138775897094064,3.861224102905936,test
img09442,4957,images/img09442.jpg,59.0,52.63880286583459,6.361197134165408,test
img09530,5003,images/img09530.jpg,64.0,54.51737660963386,9.482623390366143,test
img09531,5003,images/img09531.jpg,64.0,56.893242604256976,7.106757395743024,test
img09537,5007,images/img09537.jpg,67.0,51.87913707832714,15.12086292167286,test
img09538,5007,images/img09538.jpg,67.0,50.426313108719135,16.573686891280865,test
img09543,5010,images/img09543.jpg,50.0,45.8844201561028,4.115579843897201,test
img09544,5010,images/img09544.jpg,50.0,53.918082905034034,3.9180829050340336,test
img09546,5012,images/img09546.jpg,40.0,40.580953938332215,0.5809539383322146,test
img09555,5016,images/img09555.jpg,61.0,48.64386086071109,12.356139139288912,test
img09556,5017,images/img09556.jpg,66.0,70.84709370741521,4.847093707415212,test
img09557,5017,images/img09557.jpg,66.0,66.80925799397363,0.8092579939736311,test
img09585,5032,images/img09585.jpg,66.0,53.258006209188565,12.741993790811437,test
img09586,5032,images/img09586.jpg,66.0,60.497196338652735,5.502803661347265,test
img09605,5043,images/img09605.jpg,56.0,64.93687400968516,8.936874009685155,test
img09628,5055,images/img09628.jpg,59.0,61.34647894867817,2.3464789486781683,test
img09629,5055,images/img09629.jpg,59.0,62.145573302506406,3.1455733025064063,test
img09654,5068,images/img09654.jpg,69.0,64.99817504088634,4.001824959113662,test
img09655,5068,images/img09655.jpg,69.0,65.3908962234285,3.6091037765715015,test
img09687,5085,images/img09687.jpg,53.0,54.34533444979112,1.3453344497911175,test
img09688,5085,images/img09688.jpg,53.0,53.90709664084024,0.907096640840237,test
img09737,5112,images/img09737.jpg,83.0,77.94111431809837,5.058885681901629,test
img09738,5112,images/img09738.jpg,83.0,73.8061346615849,9.193865338415094,test
img09743,5115,images/img09743.jpg,85.0,78.77750345893583,6.222496541064174,test
img09744,5115,images/img09744.jpg,85.0,83.29265246252149,1.707347537478512,test
img09746,5117,images/img09746.jpg,82.0,84.50670690887767,2.5067069088776748,test
img09747,5118,images/img09747.jpg,80.0,80.12527983166619,0.1252798316661909,test
img09769,5130,images/img09769.jpg,74.0,73.83442073376742,0.1655792662325836,test
img09770,5130,images/img09770.jpg,74.0,72.13697502532571,1.863024974674289,test
img09799,5146,images/img09799.jpg,28.0,31.096691519770463,3.096691519770463,test
img09800,5146,images/img09800.jpg,28.0,37.864963153362694,9.864963153362694,test
img09845,5170,images/img09845.jpg,60.0,53.3890084257962,6.610991574203801,test
img09846,5170,images/img09846.jpg,60.0,66.11918078634545,6.119180786345453,test
img09851,5173,images/img09851.jpg,63.0,45.76382481689659,17.236175183103413,test
img09852,5173,images/img09852.jpg,63.0,62.96378632987248,0.0362136701275161,test
img09853,5174,images/img09853.jpg,57.0,47.17218896160516,9.827811038394842,test
img09854,5174,images/img09854.jpg,57.0,48.59456635976349,8.40543364023651,test
img09855,5175,images/img09855.jpg,76.0,82.62471464667712,6.62471464667712,test
img09856,5175,images/img09856.jpg,76.0,64.83291811385064,11.16708188614936,test
img09912,5204,images/img09912.jpg,57.0,53.64856852837919,3.3514314716208133,test
img09913,5204,images/img09913.jpg,57.0,50.85828754195502,6.141712458044978,test
img09928,5212,images/img09928.jpg,67.0,74.01200483052392,7.012004830523921,test
img09929,5212,images/img09929.jpg,67.0,66.27404964900968,0.7259503509903169,test
img09938,5217,images/img09938.jpg,62.0,70.24381054985258,8.243810549852583,test
img09939,5217,images/img09939.jpg,62.0,70.57970220396761,8.579702203967614,test
img09943,5220,images/img09943.jpg,72.0,70.66204656346775,1.3379534365322456,test
img09944,5220,images/img09944.jpg,72.0,58.31815519452927,13.681844805470732,test
img10002,5251,images/img10002.jpg,79.0,68.51725426774127,10.482745732258737,test
img10003,5251,images/img10003.jpg,79.0,71.22558678625236,7.774413213747636,test
img10036,5268,images/img10036.jpg,53.0,50.19051658950685,2.8094834104931508,test
img10040,5270,images/img10040.jpg,80.0,79.2822859540483,0.7177140459516949,test
img10052,5277,images/img10052.jpg,22.0,27.04293616584275,5.042936165842754,test
img10053,5277,images/img10053.jpg,22.0,37.761374793244,15.761374793244002,test
img10062,5282,images/img10062.jpg,25.0,41.232444258241046,16.232444258241046,test
img10063,5282,images/img10063.jpg,25.0,34.68747838257539,9.687478382575392,test
img10079,5292,images/img10079.jpg,65.0,59.37869845188362,5.621301548116378,test
img10090,5298,images/img10090.jpg,15.0,24.70106402126482,9.70106402126482,test
img10091,5298,images/img10091.jpg,15.0,18.02810737704882,3.028107377048819,test
img10106,5306,images/img10106.jpg,62.0,54.56131403213603,7.438685967863968,test
img10107,5306,images/img10107.jpg,62.0,63.947128682853624,1.9471286828536236,test
img10111,5308,images/img10111.jpg,57.0,53.01171556374023,3.988284436259768,test
img10148,5327,images/img10148.jpg,87.0,68.56604163483766,18.43395836516234,test
img10149,5327,images/img10149.jpg,87.0,82.13571110330493,4.864288896695072,test
img10156,5331,images/img10156.jpg,50.0,50.99227012422262,0.9922701242226212,test
img10157,5331,images/img10157.jpg,50.0,45.07159801610556,4.928401983894439,test
img10178,5342,images/img10178.jpg,75.0,66.87250576479718,8.127494235202818,test
img10179,5342,images/img10179.jpg,75.0,65.04111019240086,9.958889807599135,test
img10186,5346,images/img10186.jpg,61.0,66.71947458071205,5.7194745807120455,test
img10187,5346,images/img10187.jpg,61.0,60.53546967587268,0.4645303241273169,test
img10327,5419,images/img10327.jpg,76.0,81.5039553791758,5.503955379175807,test
img10328,5419,images/img10328.jpg,76.0,84.9488185660855,8.948818566085507,test
img10331,5421,images/img10331.jpg,68.0,65.65085303555638,2.3491469644436194,test
img10332,5421,images/img10332.jpg,68.0,69.15649157943871,1.1564915794387076,test
img10345,5428,images/img10345.jpg,90.0,77.9404817640474,12.059518235952597,test
img10346,5428,images/img10346.jpg,90.0,75.28366095749357,14.716339042506434,test
img10349,5430,images/img10349.jpg,72.0,53.57883189813368,18.42116810186632,test
img10350,5430,images/img10350.jpg,72.0,63.8753839661489,8.124616033851098,test
img10369,5440,images/img10369.jpg,82.0,72.67338304176563,9.326616958234368,test
img10371,5442,images/img10371.jpg,75.0,82.11490225624902,7.1149022562490245,test
img10372,5442,images/img10372.jpg,75.0,81.98883423389152,6.988834233891524,test
img10382,5448,images/img10382.jpg,63.0,75.78158133176352,12.78158133176352,test
img10384,5450,images/img10384.jpg,63.0,67.22531714916512,4.225317149165122,test
img10385,5450,images/img10385.jpg,63.0,67.1452576185215,4.145257618521498,test
img10433,5475,images/img10433.jpg,61.0,65.52475120427547,4.524751204275475,test
img10434,5475,images/img10434.jpg,61.0,61.55387379100209,0.5538737910020899,test
img10449,5484,images/img10449.jpg,72.0,58.48379792500553,13.516202074994467,test
img10463,5491,images/img10463.jpg,16.0,19.96822917531227,3.968229175312274,test
img10464,5491,images/img10464.jpg,16.0,15.104241881164988,0.8957581188350119,test
img10479,5500,images/img10479.jpg,61.0,78.9363159689247,17.936315968924703,test
img10480,5500,images/img10480.jpg,61.0,77.03473852457371,16.03473852457371,test
img10526,5524,images/img10526.jpg,25.0,36.029753716283224,11.029753716283224,test
img10539,5531,images/img10539.jpg,61.0,66.00727979350872,5.007279793508715,test
img10540,5531,images/img10540.jpg,61.0,65.33747485260356,4.337474852603563,test
img10587,5555,images/img10587.jpg,13.0,32.37540607746055,19.375406077460553,test
img10588,5555,images/img10588.jpg,13.0,32.4452705817793,19.445270581779297,test
img10595,5559,images/img10595.jpg,36.0,46.54527118535549,10.545271185355489,test
img10619,5572,images/img10619.jpg,31.0,40.62927888660515,9.62927888660515,test
img10620,5572,images/img10620.jpg,31.0,41.88946833548539,10.88946833548539,test
img10625,5575,images/img10625.jpg,38.0,38.9052266460473,0.9052266460473036,test
img10640,5583,images/img10640.jpg,81.0,83.98345165425611,2.9834516542561147,test
img10641,5583,images/img10641.jpg,81.0,82.35095615952342,1.3509561595234203,test
img10644,5585,images/img10644.jpg,35.0,69.82420691075481,34.82420691075481,test
img10659,5593,images/img10659.jpg,66.0,60.328758918942675,5.671241081057325,test
img10660,5593,images/img10660.jpg,66.0,59.79810687171394,6.201893128286059,test
img10665,5596,images/img10665.jpg,85.0,69.9041486554717,15.0958513445283,test
img10666,5596,images/img10666.jpg,85.0,61.28510212005191,23.71489787994809,test
img10680,5605,images/img10680.jpg,53.0,52.25564851800808,0.7443514819919201,test
img10681,5605,images/img10681.jpg,53.0,58.9253706843333,5.925370684333302,test
img10747,5640,images/img10747.jpg,76.0,64.72306637801697,11.276933621983034,test
img10748,5640,images/img10748.jpg,76.0,68.10150920835439,7.898490791645614,test
img10753,5643,images/img10753.jpg,62.0,68.72898973958732,6.72898973958732,test
img10754,5643,images/img10754.jpg,62.0,66.23502324528594,4.235023245285944,test
img10758,5645,images/img10758.jpg,80.0,73.83230494952798,6.16769505047202,test
img10763,5648,images/img10763.jpg,78.0,71.2337423710681,6.766257628931896,test
img10764,5648,images/img10764.jpg,78.0,71.81991276033125,6.180087239668751,test
img10772,5653,images/img10772.jpg,65.0,71.08789285668229,6.087892856682288,test
img10773,5653,images/img10773.jpg,65.0,67.9199836454941,2.9199836454940993,test
img10822,5678,images/img10822.jpg,55.0,56.08522180852654,1.0852218085265406,test
img10823,5678,images/img10823.jpg,55.0,58.20197928144896,3.2019792814489634,test
img10850,5693,images/img10850.jpg,68.0,57.5723600631575,10.427639936842503,test
img10851,5693,images/img10851.jpg,68.0,57.103641533017765,10.896358466982235,test
img10852,5694,images/img10852.jpg,59.0,57.79864277858643,1.2013572214135737,test
img10853,5694,images/img10853.jpg,59.0,63.44674571022665,4.446745710226651,test
img10869,5704,images/img10869.jpg,80.0,79.92634376385828,0.0736562361417156,test
img10870,5704,images/img10870.jpg,80.0,79.13443189768721,0.8655681023127926,test
img10918,5730,images/img10918.jpg,65.0,65.32909569264913,0.3290956926491333,test
img10919,5730,images/img10919.jpg,65.0,64.16190804841736,0.8380919515826406,test
img10953,5749,images/img10953.jpg,48.0,53.74254997384883,5.742549973848831,test
img10954,5749,images/img10954.jpg,48.0,42.677536890491645,5.322463109508355,test
img10985,5766,images/img10985.jpg,59.0,52.34864268838353,6.651357311616472,test
img10986,5766,images/img10986.jpg,59.0,55.41153483978619,3.588465160213808,test
img11007,5778,images/img11007.jpg,71.0,70.92875534478448,0.0712446552155228,test
img11020,5785,images/img11020.jpg,51.0,44.715344665212015,6.284655334787985,test
img11021,5785,images/img11021.jpg,51.0,57.460731109460575,6.460731109460575,test
img11029,5790,images/img11029.jpg,81.0,75.67352801253335,5.326471987466647,test
img11030,5790,images/img11030.jpg,81.0,71.85539031770696,9.144609682293035,test
img11040,5796,images/img11040.jpg,49.0,55.701281539556966,6.701281539556966,test
img11041,5796,images/img11041.jpg,49.0,50.73384125731095,1.7338412573109494,test
img11054,5805,images/img11054.jpg,73.0,80.99323996330943,7.993239963309435,test
img11055,5805,images/img11055.jpg,73.0,82.82412622063367,9.824126220633673,test
img11059,5808,images/img11059.jpg,77.0,75.24280669068463,1.7571933093153689,test
img11091,5826,images/img11091.jpg,58.0,56.88749570074501,1.1125042992549865,test
img11092,5826,images/img11092.jpg,58.0,55.495800582216134,2.504199417783866,test
img11103,5832,images/img11103.jpg,72.0,73.58223561158295,1.582235611582945,test
img11158,5864,images/img11158.jpg,84.0,82.742657621311,1.2573423786890032,test
img11159,5864,images/img11159.jpg,84.0,78.31609890317353,5.6839010968264745,test
img11173,5872,images/img11173.jpg,61.0,55.410268777400134,5.589731222599866,test
img11174,5872,images/img11174.jpg,61.0,45.15518567149897,15.84481432850103,test
img11195,5883,images/img11195.jpg,65.0,63.19806471936245,1.8019352806375508,test
img11196,5883,images/img11196.jpg,65.0,62.49493944851745,2.5050605514825506,test
img11201,5886,images/img11201.jpg,74.0,69.42229733531715,4.577702664682846,test
img11202,5886,images/img11202.jpg,74.0,54.52852646539256,19.47147353460744,test
img11228,5902,images/img11228.jpg,59.0,75.33567653147075,16.335676531470753,test
img11229,5902,images/img11229.jpg,59.0,61.2196011480744,2.219601148074396,test
img11255,5916,images/img11255.jpg,79.0,66.1528217557525,12.847178244247502,test
img11256,5916,images/img11256.jpg,79.0,71.17359520570471,7.826404794295286,test
img11291,5935,images/img11291.jpg,77.0,76.77818768882716,0.2218123111728402,test
img11337,5961,images/img11337.jpg,54.0,66.1237853435923,12.123785343592305,test
img11338,5961,images/img11338.jpg,54.0,58.27289527055114,4.272895270551139,test
img11345,5965,images/img11345.jpg,64.0,71.43982411843105,7.439824118431048,test
img11346,5965,images/img11346.jpg,64.0,80.05006697378548,16.050066973785476,test
img11349,5967,images/img11349.jpg,30.0,39.70489929605748,9.704899296057476,test
img11350,5967,images/img11350.jpg,30.0,33.656027022187,3.656027022186997,test
img11356,5971,images/img11356.jpg,68.0,71.46694214684013,3.466942146840126,test
img11357,5971,images/img11357.jpg,68.0,67.3249095126584,0.6750904873416061,test
img11371,5979,images/img11371.jpg,74.0,71.38273502472094,2.617264975279056,test
img11372,5979,images/img11372.jpg,74.0,79.5688045832646,5.568804583264594,test
img11382,5985,images/img11382.jpg,74.0,74.46769458761887,0.4676945876188654,test
img11383,5985,images/img11383.jpg,74.0,75.99458409293237,1.9945840929323708,test
img11394,5991,images/img11394.jpg,81.0,79.97996253517154,1.0200374648284622,test
img11395,5991,images/img11395.jpg,81.0,82.0270950290915,1.0270950290914982,test
img11402,5996,images/img11402.jpg,61.0,60.92604262851503,0.0739573714849726,test
img11432,6013,images/img11432.jpg,44.0,37.72466484607933,6.275335153920672,test
img11433,6013,images/img11433.jpg,44.0,44.39309763822049,0.3930976382204889,test
img11440,6017,images/img11440.jpg,35.0,34.97892875216834,0.0210712478316565,test
img11441,6017,images/img11441.jpg,35.0,37.98317005572129,2.9831700557212883,test
img11472,6034,images/img11472.jpg,56.0,61.23079190172432,5.230791901724324,test
img11473,6034,images/img11473.jpg,56.0,62.410317894433845,6.410317894433845,test
img11489,6043,images/img11489.jpg,46.0,64.96332567511985,18.963325675119847,test
img11496,6047,images/img11496.jpg,43.0,42.92608373627262,0.0739162637273764,test
img11497,6047,images/img11497.jpg,43.0,48.63239091079038,5.632390910790377,test
img11500,6050,images/img11500.jpg,79.0,81.83703216776405,2.8370321677640504,test
img11525,6064,images/img11525.jpg,81.0,76.90672703442515,4.0932729655748545,test
img11526,6064,images/img11526.jpg,81.0,78.89008499268255,2.109915007317454,test
img11527,6065,images/img11527.jpg,71.0,62.35225815743864,8.64774184256136,test
img11528,6065,images/img11528.jpg,71.0,64.76622074222846,6.233779257771545,test
img11544,6074,images/img11544.jpg,79.0,72.98034843537417,6.019651564625832,test
img11545,6074,images/img11545.jpg,79.0,75.94117908126393,3.058820918736074,test
img11568,6086,images/img11568.jpg,77.0,72.09848083949315,4.901519160506851,test
img11569,6086,images/img11569.jpg,77.0,69.43348699835666,7.566513001643344,test
img11603,6105,images/img11603.jpg,77.0,61.24705890163326,15.75294109836674,test
img11604,6105,images/img11604.jpg,77.0,75.6926638631855,1.307336136814499,test
img11621,6114,images/img11621.jpg,62.0,63.20556266608726,1.2055626660872605,test
img11622,6114,images/img11622.jpg,62.0,62.46263992994261,0.4626399299426111,test
img11628,6118,images/img11628.jpg,31.0,28.76867885257128,2.2313211474287193,test
img11629,6118,images/img11629.jpg,31.0,27.04576739052604,3.9542326094739586,test
img11674,6145,images/img11674.jpg,36.0,53.326955964006885,17.326955964006885,test
img11675,6145,images/img11675.jpg,36.0,42.59233622226827,6.592336222268273,test
img11681,6149,images/img11681.jpg,19.0,28.928405294102756,9.928405294102756,test
img11687,6153,images/img11687.jpg,82.0,85.03203650454223,3.0320365045422335,test
img11688,6153,images/img11688.jpg,82.0,69.49413475390867,12.505865246091332,test
img11689,6154,images/img11689.jpg,50.0,67.30301659883239,17.303016598832386,test
img11690,6154,images/img11690.jpg,50.0,45.39871898112082,4.6012810188791775,test
img11717,6168,images/img11717.jpg,69.0,70.60723684556199,1.6072368455619852,test
img11718,6168,images/img11718.jpg,69.0,66.39540296246662,2.604597037533381,test
img11721,6170,images/img11721.jpg,78.0,67.88905175240187,10.110948247598133,test
img11722,6170,images/img11722.jpg,78.0,69.69291922686641,8.307080773133592,test
img11757,6189,images/img11757.jpg,75.0,59.36794067057547,15.632059329424528,test
img11758,6189,images/img11758.jpg,75.0,65.88806298588945,9.111937014110552,test
img11814,6218,images/img11814.jpg,22.0,22.83728931573208,0.8372893157320789,test
img11815,6218,images/img11815.jpg,22.0,24.10185647488919,2.101856474889189,test
img11839,6231,images/img11839.jpg,44.0,49.62486821675582,5.6248682167558215,test
img11840,6231,images/img11840.jpg,44.0,53.161896437459504,9.161896437459504,test
img11857,6240,images/img11857.jpg,76.0,73.9508695721085,2.049130427891498,test
img11879,6252,images/img11879.jpg,61.0,61.59360963681229,0.593609636812289,test
img11880,6252,images/img11880.jpg,61.0,57.940970575558744,3.059029424441256,test
img11891,6258,images/img11891.jpg,58.0,80.1482197315076,22.148219731507595,test
img11892,6258,images/img11892.jpg,58.0,70.97025525296957,12.970255252969563,test
img11893,6259,images/img11893.jpg,61.0,52.50077084703038,8.499229152969619,test
img11894,6259,images/img11894.jpg,61.0,50.44963363160155,10.55036636839845,test
img11946,6287,images/img11946.jpg,25.0,32.199028195842615,7.199028195842615,test
img11947,6287,images/img11947.jpg,25.0,34.64171200637758,9.64171200637758,test
img11962,6295,images/img11962.jpg,31.0,41.12200795521544,10.122007955215436,test
img11963,6295,images/img11963.jpg,31.0,31.81411687460902,0.8141168746090202,test
img11980,6304,images/img11980.jpg,24.0,33.52981940169411,9.529819401694112,test
img11981,6304,images/img11981.jpg,24.0,24.54474900916683,0.5447490091668286,test
img12012,6320,images/img12012.jpg,18.0,20.25274762499499,2.2527476249949885,test
img12013,6321,images/img12013.jpg,12.0,15.476807492300416,3.4768074923004164,test
img12014,6321,images/img12014.jpg,12.0,23.988668561741875,11.988668561741877,test
img12019,6324,images/img12019.jpg,57.0,35.345517818132585,21.654482181867415,test
img12148,6391,images/img12148.jpg,49.0,51.09034653921445,2.090346539214444,test
img12151,6394,images/img12151.jpg,73.0,72.4871133235231,0.5128866764768958,test
img12152,6394,images/img12152.jpg,73.0,70.53585857396266,2.464141426037344,test
img12216,6430,images/img12216.jpg,64.0,64.00229721159174,0.0022972115917383,test
img12217,6430,images/img12217.jpg,64.0,70.81611382746395,6.816113827463951,test
img12234,6439,images/img12234.jpg,48.0,45.61847480208896,2.3815251979110386,test
img12235,6439,images/img12235.jpg,48.0,54.064919149208826,6.064919149208826,test
img12278,6462,images/img12278.jpg,60.0,64.34313696523994,4.343136965239935,test
img12279,6462,images/img12279.jpg,60.0,48.45727813727437,11.542721862725628,test
img12305,6476,images/img12305.jpg,78.0,66.50072648378372,11.499273516216276,test
img12308,6478,images/img12308.jpg,80.0,71.93321409696355,8.066785903036447,test
img12309,6478,images/img12309.jpg,80.0,65.7362020267986,14.263797973201406,test
img12316,6483,images/img12316.jpg,83.0,80.0698920902311,2.930107909768907,test
img12317,6483,images/img12317.jpg,83.0,72.42599551487461,10.574004485125386,test
img12318,6484,images/img12318.jpg,66.0,72.30507517375946,6.305075173759462,test
img12319,6484,images/img12319.jpg,66.0,74.28360390902087,8.283603909020869,test
img12392,6523,images/img12392.jpg,79.0,73.09245882541398,5.907541174586015,test
img12393,6523,images/img12393.jpg,79.0,82.07888157487781,3.078881574877812,test
img12394,6524,images/img12394.jpg,64.0,71.32082652350874,7.320826523508742,test
img12395,6524,images/img12395.jpg,64.0,73.4115169075003,9.4115169075003,test
img12397,6526,images/img12397.jpg,71.0,71.47730839900294,0.4773083990029363,test
img12400,6528,images/img12400.jpg,65.0,71.9747358173573,6.974735817357299,test
img12401,6528,images/img12401.jpg,65.0,57.45538745915611,7.544612540843893,test
img12412,6534,images/img12412.jpg,67.0,67.42378861692869,0.4237886169286895,test
img12413,6534,images/img12413.jpg,67.0,71.60557945443449,4.605579454434491,test
img12449,6552,images/img12449.jpg,41.0,42.61022005214369,1.6102200521436885,test
img12458,6557,images/img12458.jpg,38.0,42.18722461460022,4.187224614600218,test
img12459,6557,images/img12459.jpg,38.0,43.90230113129694,5.902301131296937,test
img12468,6562,images/img12468.jpg,33.0,29.628843300841584,3.3711566991584156,test
img12469,6562,images/img12469.jpg,33.0,30.71830859258701,2.281691407412989,test
img12525,6591,images/img12525.jpg,66.0,57.3989017456679,8.6010982543321,test
img12526,6591,images/img12526.jpg,66.0,67.07776192006257,1.0777619200625708,test
img12527,6592,images/img12527.jpg,65.0,51.956015298338585,13.043984701661415,test
img12528,6592,images/img12528.jpg,65.0,64.95939293389954,0.0406070661004633,test
img12579,6619,images/img12579.jpg,57.0,67.79428643068373,10.794286430683728,test
img12588,6624,images/img12588.jpg,73.0,76.97198480027618,3.971984800276175,test
img12589,6624,images/img12589.jpg,73.0,71.1512289669509,1.848771033049104,test
img12604,6632,images/img12604.jpg,87.0,80.51968164488514,6.480318355114861,test
img12605,6632,images/img12605.jpg,87.0,79.82439131938865,7.175608680611347,test
img12634,6647,images/img12634.jpg,64.0,78.01966008146141,14.01966008146141,test
img12635,6647,images/img12635.jpg,64.0,69.85880107368004,5.858801073680041,test
img12665,6663,images/img12665.jpg,29.0,35.04800801697555,6.048008016975551,test
img12666,6663,images/img12666.jpg,29.0,35.89937778271656,6.899377782716563,test
img12676,6669,images/img12676.jpg,31.0,30.626623154730808,0.3733768452691919,test
img12677,6669,images/img12677.jpg,31.0,31.252792772223646,0.2527927722236462,test
img12707,6685,images/img12707.jpg,18.0,28.24614558205617,10.246145582056169,test
img12708,6685,images/img12708.jpg,18.0,32.49131615424788,14.491316154247883,test
img12731,6697,images/img12731.jpg,60.0,53.46111004476502,6.538889955234978,test
img12732,6697,images/img12732.jpg,60.0,60.83852114129088,0.838521141290876,test
img12739,6701,images/img12739.jpg,78.0,69.71102772249095,8.288972277509046,test
img12740,6701,images/img12740.jpg,78.0,70.75355095999213,7.246449040007875,test
img12759,6711,images/img12759.jpg,56.0,48.477212314763264,7.522787685236736,test
img12760,6711,images/img12760.jpg,56.0,53.54099425978159,2.4590057402184087,test
img12765,6714,images/img12765.jpg,64.0,61.756070784003754,2.2439292159962463,test
img12766,6714,images/img12766.jpg,64.0,62.61221933200825,1.3877806679917484,test
img12783,6723,images/img12783.jpg,69.0,70.09158750809809,1.0915875080980868,test
img12784,6723,images/img12784.jpg,69.0,67.3999020672317,1.600097932768307,test
img12791,6727,images/img12791.jpg,74.0,69.70471745052735,4.295282549472645,test
img12792,6727,images/img12792.jpg,74.0,73.95077141716956,0.0492285828304375,test
img12807,6735,images/img12807.jpg,42.0,51.96934582965747,9.96934582965747,test
img12828,6746,images/img12828.jpg,41.0,40.12080794700927,0.8791920529907316,test
img12829,6746,images/img12829.jpg,41.0,42.73800360471182,1.738003604711821,test
img12849,6757,images/img12849.jpg,47.0,51.81928001533885,4.8192800153388475,test
img12866,6766,images/img12866.jpg,44.0,65.9208969035763,21.920896903576303,test
img12867,6766,images/img12867.jpg,44.0,51.50639696952248,7.506396969522477,test
img12870,6768,images/img12870.jpg,40.0,42.82705085593132,2.8270508559313186,test
img12871,6768,images/img12871.jpg,40.0,51.44301069117397,11.443010691173969,test
img12878,6772,images/img12878.jpg,42.0,39.23393990229431,2.76606009770569,test
img12879,6772,images/img12879.jpg,42.0,39.307258369853415,2.6927416301465854,test
img12889,6777,images/img12889.jpg,45.0,63.86968116419632,18.86968116419632,test
img12899,6783,images/img12899.jpg,55.0,45.003491575804325,9.996508424195676,test
img12912,6790,images/img12912.jpg,46.0,48.66680512299422,2.6668051229942193,test
img12913,6790,images/img12913.jpg,46.0,48.66435997440411,2.664359974404107,test
img12931,6800,images/img12931.jpg,58.0,55.774350393653286,2.225649606346714,test
img12932,6800,images/img12932.jpg,58.0,62.0692196661131,4.069219666113099,test
img12946,6809,images/img12946.jpg,47.0,43.003163719214115,3.9968362807858857,test
img12947,6809,images/img12947.jpg,47.0,36.09121833904932,10.90878166095068,test
img12977,6826,images/img12977.jpg,58.0,51.51431480126388,6.485685198736121,test
img12978,6826,images/img12978.jpg,58.0,59.36699538398293,1.366995383982932,test
img12997,6837,images/img12997.jpg,52.0,52.718830223470455,0.7188302234704551,test
img12998,6837,images/img12998.jpg,52.0,41.98889056375117,10.01110943624883,test
img13020,6849,images/img13020.jpg,55.0,58.356618570617115,3.356618570617115,test
img13021,6849,images/img13021.jpg,55.0,56.97053484725392,1.9705348472539228,test
img13035,6857,images/img13035.jpg,63.0,58.17720143037585,4.8227985696241475,test
img13036,6857,images/img13036.jpg,63.0,57.40472076579472,5.595279234205279,test
img13048,6864,images/img13048.jpg,73.0,67.65591305081408,5.344086949185922,test
img13049,6864,images/img13049.jpg,73.0,70.23887444703418,2.7611255529658223,test
img13064,6872,images/img13064.jpg,61.0,74.7912525283505,13.791252528350498,test
img13065,6872,images/img13065.jpg,61.0,70.72384818485754,9.723848184857545,test
img13122,6902,images/img13122.jpg,77.0,72.23537971405779,4.764620285942215,test
img13130,6907,images/img13130.jpg,62.0,69.49267660776015,7.492676607760146,test
img13136,6911,images/img13136.jpg,52.0,48.3665240807277,3.6334759192723,test
img13137,6911,images/img13137.jpg,52.0,51.65423902916883,0.3457609708311722,test
img13172,6931,images/img13172.jpg,76.0,72.51790125603823,3.482098743961771,test
img13173,6931,images/img13173.jpg,76.0,83.3277090442702,7.327709044270193,test
img13174,6932,images/img13174.jpg,61.0,69.7852448530466,8.785244853046606,test
img13175,6932,images/img13175.jpg,61.0,71.0869658378145,10.086965837814503,test
img13178,6934,images/img13178.jpg,94.0,81.59139616122795,12.408603838772052,test
img13179,6934,images/img13179.jpg,94.0,77.12916793827858,16.870832061721416,test
img13184,6937,images/img13184.jpg,54.0,49.14502907284961,4.85497092715039,test
img13185,6937,images/img13185.jpg,54.0,53.38954855061299,0.610451449387007,test
img13230,6963,images/img13230.jpg,66.0,56.164169598160335,9.835830401839663,test
img13231,6963,images/img13231.jpg,66.0,62.14014097194113,3.859859028058871,test
img13243,6970,images/img13243.jpg,66.0,48.043863712382176,17.956136287617824,test
img13244,6970,images/img13244.jpg,66.0,54.35534652621591,11.64465347378409,test
img13262,6981,images/img13262.jpg,90.0,76.06680867822749,13.933191321772512,test
img13263,6981,images/img13263.jpg,90.0,83.17808601778725,6.821913982212749,test
img13270,6985,images/img13270.jpg,84.0,75.84242648780383,8.157573512196166,test
img13271,6985,images/img13271.jpg,84.0,70.82089179176961,13.179108208230389,test
img13287,6994,images/img13287.jpg,43.0,37.02911059285813,5.970889407141868,test
img13288,6994,images/img13288.jpg,43.0,47.871258252250946,4.871258252250946,test
img13303,7002,images/img13303.jpg,80.0,72.61557196394908,7.38442803605092,test
img13304,7002,images/img13304.jpg,80.0,67.02105235878305,12.978947641216948,test
img13321,7011,images/img13321.jpg,36.0,39.34949771191188,3.34949771191188,test
img13322,7011,images/img13322.jpg,36.0,32.34576328589977,3.6542367141002288,test
img13333,7017,images/img13333.jpg,55.0,61.71258160238942,6.71258160238942,test
img13334,7017,images/img13334.jpg,55.0,54.173599296785184,0.8264007032148157,test
img13350,7026,images/img13350.jpg,59.0,54.89312734853799,4.106872651462012,test
img13351,7026,images/img13351.jpg,59.0,52.96139016328112,6.0386098367188765,test
img13392,7048,images/img13392.jpg,40.0,49.7559585001559,9.7559585001559,test
img13393,7048,images/img13393.jpg,40.0,42.27698512504271,2.2769851250427067,test
img13416,7061,images/img13416.jpg,66.0,75.93406830124273,9.934068301242732,test
img13417,7061,images/img13417.jpg,66.0,58.95117071003446,7.048829289965539,test
img13448,7078,images/img13448.jpg,71.0,71.05627387901747,0.0562738790174677,test
img13449,7078,images/img13449.jpg,71.0,78.3832259753062,7.383225975306203,test
img13492,7101,images/img13492.jpg,43.0,46.83366239268472,3.8336623926847224,test
img13501,7106,images/img13501.jpg,34.0,33.54360471756344,0.45639528243656,test
img13502,7106,images/img13502.jpg,34.0,30.48348707910156,3.516512920898439,test
img13509,7110,images/img13509.jpg,42.0,51.0474408341816,9.0474408341816,test
img13510,7110,images/img13510.jpg,42.0,42.49239486343653,0.4923948634365303,test
img13511,7111,images/img13511.jpg,53.0,39.96674613606523,13.033253863934767,test
img13512,7111,images/img13512.jpg,53.0,45.68934593983709,7.310654060162911,test
img13515,7113,images/img13515.jpg,45.0,43.64814963850232,1.3518503614976822,test
img13516,7113,images/img13516.jpg,45.0,67.14804740000835,22.148047400008352,test
img13519,7115,images/img13519.jpg,37.0,50.90243654288114,13.90243654288114,test
img13520,7115,images/img13520.jpg,37.0,78.14824741391844,41.14824741391844,test
img13533,7122,images/img13533.jpg,53.0,64.42224439297581,11.422244392975813,test
img13534,7122,images/img13534.jpg,53.0,55.08827436305008,2.0882743630500755,test
img13548,7130,images/img13548.jpg,35.0,43.181019377968354,8.181019377968354,test
img13549,7130,images/img13549.jpg,35.0,41.87855677810623,6.87855677810623,test
img13554,7133,images/img13554.jpg,38.0,43.182094719855,5.182094719855002,test
img13555,7133,images/img13555.jpg,38.0,33.65889096518326,4.341109034816739,test
img13562,7137,images/img13562.jpg,47.0,35.90417646862044,11.095823531379558,test
img13563,7137,images/img13563.jpg,47.0,41.43564570345123,5.564354296548764,test
img13567,7140,images/img13567.jpg,33.0,52.55374943001963,19.553749430019636,test
img13568,7140,images/img13568.jpg,33.0,36.27749241973357,3.2774924197335693,test
img13571,7142,images/img13571.jpg,52.0,52.54353150087567,0.5435315008756731,test
img13572,7142,images/img13572.jpg,52.0,56.75691411894864,4.756914118948636,test
img13605,7159,images/img13605.jpg,55.0,68.10302951929756,13.103029519297564,test
img13606,7159,images/img13606.jpg,55.0,54.417046720835465,0.5829532791645349,test
img13609,7161,images/img13609.jpg,57.0,60.09100448135109,3.091004481351092,test
img13610,7161,images/img13610.jpg,57.0,62.988595535995536,5.988595535995536,test
img13648,7180,images/img13648.jpg,62.0,58.677403497997304,3.322596502002696,test
img13665,7189,images/img13665.jpg,56.0,54.49770581456447,1.502294185435531,test
img13666,7189,images/img13666.jpg,56.0,55.87257022391701,0.127429776082991,test
img13673,7193,images/img13673.jpg,36.0,43.86460309108024,7.864603091080241,test
img13674,7193,images/img13674.jpg,36.0,37.43711231817285,1.4371123181728436,test
img13684,7199,images/img13684.jpg,32.0,33.88595387605049,1.8859538760504932,test
img13692,7203,images/img13692.jpg,78.0,66.07682365836025,11.923176341639746,test
img13695,7205,images/img13695.jpg,40.0,73.54205643263185,33.54205643263185,test
img13696,7205,images/img13696.jpg,40.0,40.55349673007856,0.5534967300785638,test
img13704,7209,images/img13704.jpg,41.0,32.412369046245615,8.587630953754385,test
img13734,7225,images/img13734.jpg,42.0,42.86446533743552,0.8644653374355187,test
img13735,7225,images/img13735.jpg,42.0,44.58220621541933,2.5822062154193333,test
img13748,7232,images/img13748.jpg,75.0,59.24826335270099,15.751736647299012,test
img13749,7232,images/img13749.jpg,75.0,63.87755646213084,11.12244353786916,test
img13756,7236,images/img13756.jpg,42.0,44.67010614446363,2.670106144463631,test
img13757,7236,images/img13757.jpg,42.0,71.11115666782221,29.111156667822215,test
img13770,7243,images/img13770.jpg,65.0,57.15846638314328,7.841533616856722,test
img13771,7243,images/img13771.jpg,65.0,62.18579065282265,2.8142093471773535,test
img13831,7274,images/img13831.jpg,66.0,79.61144963240402,13.611449632404018,test
img13832,7274,images/img13832.jpg,66.0,80.75495903353145,14.754959033531447,test
img13839,7278,images/img13839.jpg,36.0,43.132197111338115,7.132197111338115,test
img13840,7278,images/img13840.jpg,36.0,30.401074011144168,5.598925988855832,test
img13868,7293,images/img13868.jpg,77.0,63.18871382551248,13.81128617448752,test
img13869,7293,images/img13869.jpg,77.0,71.18523201902161,5.814767980978388,test
img13893,7306,images/img13893.jpg,73.0,72.46460966785479,0.5353903321452123,test
img13894,7306,images/img13894.jpg,73.0,74.29415992739897,1.2941599273989652,test
img13895,7307,images/img13895.jpg,62.0,67.03656629218821,5.036566292188212,test
img13896,7307,images/img13896.jpg,62.0,65.24569125980841,3.2456912598084102,test
img13909,7314,images/img13909.jpg,79.0,74.63942210635176,4.360577893648241,test
img13910,7314,images/img13910.jpg,79.0,68.39349179583849,10.606508204161514,test
img13912,7315,images/img13912.jpg,82.0,85.37189252758013,3.3718925275801297,test
img13931,7325,images/img13931.jpg,63.0,67.20778776768034,4.207787767680344,test
img13932,7325,images/img13932.jpg,63.0,72.46401092272723,9.464010922727226,test
img14017,7368,images/img14017.jpg,77.0,77.13289564473756,0.1328956447375588,test
img14018,7368,images/img14018.jpg,77.0,67.5513943999963,9.448605600003702,test
img14027,7373,images/img14027.jpg,81.0,82.45152352874354,1.451523528743536,test
img14052,7386,images/img14052.jpg,70.0,72.97787056847108,2.977870568471076,test
img14053,7386,images/img14053.jpg,70.0,65.60790370610623,4.392096293893772,test
img14054,7387,images/img14054.jpg,69.0,72.36724760269638,3.3672476026963807,test
img14055,7387,images/img14055.jpg,69.0,76.40339941362988,7.403399413629884,test
img14060,7390,images/img14060.jpg,79.0,77.55283955429033,1.4471604457096705,test
img14061,7390,images/img14061.jpg,79.0,78.80271619091897,0.1972838090810285,test
img14078,7399,images/img14078.jpg,73.0,66.1151335310297,6.884866468970301,test
img14079,7399,images/img14079.jpg,73.0,63.96133388373954,9.038666116260458,test
img14088,7404,images/img14088.jpg,80.0,65.413445684735,14.586554315265005,test
img14101,7411,images/img14101.jpg,62.0,64.00153378428885,2.0015337842888528,test
img14102,7411,images/img14102.jpg,62.0,58.772894893611024,3.2271051063889757,test
img14125,7422,images/img14125.jpg,76.0,76.12922649451176,0.1292264945117551,test
img14126,7422,images/img14126.jpg,76.0,76.7038473192926,0.7038473192926062,test
img14136,7428,images/img14136.jpg,69.0,63.18404710347096,5.815952896529041,test
img14149,7435,images/img14149.jpg,56.0,50.89231022501352,5.107689774986476,test
img14150,7435,images/img14150.jpg,56.0,62.62162584699029,6.621625846990284,test
img14211,7467,images/img14211.jpg,77.0,75.92991961915675,1.070080380843251,test
img14212,7467,images/img14212.jpg,77.0,75.01650502589943,1.983494974100566,test
img14234,7478,images/img14234.jpg,66.0,68.6595265799078,2.659526579907805,test
img14235,7479,images/img14235.jpg,69.0,74.59499281854444,5.594992818544441,test
img14236,7479,images/img14236.jpg,69.0,72.75909847811323,3.7590984781132306,test
img14241,7482,images/img14241.jpg,67.0,70.067297432541,3.0672974325409967,test
img14242,7482,images/img14242.jpg,67.0,75.89308970484447,8.89308970484447,test
img14273,7498,images/img14273.jpg,56.0,52.72672351647712,3.273276483522878,test
img14274,7498,images/img14274.jpg,56.0,54.627034762115734,1.3729652378842658,test
img14285,7504,images/img14285.jpg,64.0,67.33136374519911,3.3313637451991127,test
img14286,7504,images/img14286.jpg,64.0,78.36167115071433,14.36167115071433,test
img14297,7510,images/img14297.jpg,67.0,59.771263404481296,7.228736595518704,test
img14298,7510,images/img14298.jpg,67.0,67.86481620736642,0.8648162073664167,test
img14319,7520,images/img14319.jpg,64.0,57.33646743390083,6.663532566099171,test
img14327,7524,images/img14327.jpg,51.0,52.98131970567567,1.9813197056756735,test
img14328,7524,images/img14328.jpg,51.0,56.22324101265817,5.223241012658171,test
img14331,7526,images/img14331.jpg,61.0,54.350154402598434,6.6498455974015656,test
img14332,7526,images/img14332.jpg,61.0,72.70197666609016,11.70197666609016,test
img14352,7537,images/img14352.jpg,59.0,59.73699833325413,0.7369983332541281,test
img14353,7537,images/img14353.jpg,59.0,60.94101725506121,1.9410172550612117,test
img14418,7571,images/img14418.jpg,73.0,61.93254736586585,11.067452634134147,test
img14419,7571,images/img14419.jpg,73.0,75.8747434561456,2.8747434561455947,test
img14422,7573,images/img14422.jpg,83.0,77.9026703003457,5.097329699654296,test
img14423,7573,images/img14423.jpg,83.0,78.3048547096124,4.6951452903876,test
img14454,7589,images/img14454.jpg,75.0,65.09521646657754,9.90478353342246,test
img14455,7589,images/img14455.jpg,75.0,69.73570060230992,5.264299397690081,test
img14470,7597,images/img14470.jpg,83.0,81.53244648611965,1.4675535138803468,test
img14471,7597,images/img14471.jpg,83.0,86.50867068111694,3.5086706811169392,test
img14476,7600,images/img14476.jpg,69.0,65.44179283110174,3.5582071688982637,test
img14477,7600,images/img14477.jpg,69.0,60.22233906148809,8.777660938511907,test
img14484,7604,images/img14484.jpg,42.0,46.682352191862385,4.682352191862385,test
img14485,7604,images/img14485.jpg,42.0,52.284298854075104,10.284298854075104,test
img14502,7613,images/img14502.jpg,56.0,50.271763794911685,5.728236205088315,test
img14503,7613,images/img14503.jpg,56.0,56.64863183969076,0.6486318396907578,test
img14512,7618,images/img14512.jpg,77.0,65.14707390204197,11.852926097958033,test
img14513,7618,images/img14513.jpg,77.0,69.41170750801564,7.588292491984362,test
img14518,7621,images/img14518.jpg,56.0,59.54296864913034,3.542968649130337,test
img14519,7621,images/img14519.jpg,56.0,67.89843318334395,11.898433183343954,test
img14532,7628,images/img14532.jpg,65.0,76.65477639348371,11.654776393483717,test
img14533,7628,images/img14533.jpg,65.0,67.16454288280293,2.164542882802934,test
img14548,7636,images/img14548.jpg,73.0,68.4257836801403,4.574216319859701,test
img14579,7652,images/img14579.jpg,74.0,78.50576260108261,4.505762601082608,test
img14580,7652,images/img14580.jpg,74.0,76.25045875021067,2.2504587502106688,test
img14591,7658,images/img14591.jpg,63.0,53.585691837755355,9.414308162244645,test
img14592,7658,images/img14592.jpg,63.0,75.41689429039391,12.416894290393913,test
img14595,7660,images/img14595.jpg,56.0,53.62602806460876,2.373971935391239,test
img14596,7660,images/img14596.jpg,56.0,54.12564215688069,1.8743578431193129,test
img14615,7670,images/img14615.jpg,65.0,66.38541842395524,1.3854184239552438,test
img14616,7670,images/img14616.jpg,65.0,60.382704055427915,4.617295944572085,test
img14631,7678,images/img14631.jpg,59.0,60.5741187283867,1.5741187283867006,test
img14632,7678,images/img14632.jpg,59.0,69.02541329275338,10.025413292753385,test
img14653,7689,images/img14653.jpg,58.0,57.62552111890477,0.3744788810952286,test
img14654,7689,images/img14654.jpg,58.0,59.48776903799489,1.4877690379948874,test
img14687,7706,images/img14687.jpg,72.0,56.09296596055653,15.907034039443468,test
img14688,7706,images/img14688.jpg,72.0,58.874982301121705,13.125017698878295,test
img14693,7709,images/img14693.jpg,61.0,64.4623134202732,3.4623134202732047,test
img14694,7709,images/img14694.jpg,61.0,71.34425065438226,10.344250654382265,test
img14784,7756,images/img14784.jpg,81.0,81.56628158418373,0.5662815841837272,test
img14785,7756,images/img14785.jpg,81.0,71.87218571837055,9.127814281629457,test
img14819,7774,images/img14819.jpg,67.0,81.01044761471657,14.010447614716568,test
img14820,7774,images/img14820.jpg,67.0,75.39545288928703,8.395452889287029,test
img14860,7796,images/img14860.jpg,50.0,51.18573896193139,1.185738961931392,test
img14861,7796,images/img14861.jpg,50.0,45.124923413212414,4.875076586787586,test
img14876,7804,images/img14876.jpg,60.0,42.34148055420127,17.65851944579873,test
img14877,7804,images/img14877.jpg,60.0,56.010021492665814,3.989978507334186,test
img14884,7808,images/img14884.jpg,70.0,69.43496804732426,0.5650319526757386,test
img14885,7808,images/img14885.jpg,70.0,69.61227185719956,0.3877281428004409,test
img14890,7811,images/img14890.jpg,54.0,50.22277684610611,3.777223153893893,test
img14891,7811,images/img14891.jpg,54.0,51.75303960948796,2.246960390512037,test
img14945,7838,images/img14945.jpg,52.0,56.31788575376035,4.3178857537603506,test
img14946,7838,images/img14946.jpg,52.0,48.56227556607212,3.437724433927883,test
img14988,7860,images/img14988.jpg,42.0,59.003540459749665,17.003540459749665,test
img15003,7868,images/img15003.jpg,61.0,67.54620963799924,6.54620963799924,test
img15004,7868,images/img15004.jpg,61.0,55.408034525602446,5.591965474397554,test
img15047,7890,images/img15047.jpg,52.0,54.56005110525496,2.5600511052549635,test
img15048,7890,images/img15048.jpg,52.0,60.342567682936306,8.342567682936306,test
img15097,7916,images/img15097.jpg,70.0,70.97283999969507,0.9728399996950684,test
img15114,7925,images/img15114.jpg,77.0,68.07434210247582,8.925657897524175,test
img15115,7925,images/img15115.jpg,77.0,70.99520405722801,6.004795942771992,test
img15132,7934,images/img15132.jpg,64.0,62.82963688420868,1.170363115791318,test
img15133,7934,images/img15133.jpg,64.0,58.541296951912024,5.458703048087976,test
img15138,7937,images/img15138.jpg,52.0,51.61560415459043,0.3843958454095642,test
img15139,7937,images/img15139.jpg,52.0,52.13957157782455,0.1395715778245474,test
img15147,7941,images/img15147.jpg,68.0,63.59517015584406,4.404829844155941,test
img15168,7954,images/img15168.jpg,54.0,51.29037648928634,2.709623510713662,test
img15169,7954,images/img15169.jpg,54.0,63.71581130068844,9.715811300688443,test
img15182,7961,images/img15182.jpg,83.0,77.56903730043679,5.43096269956321,test
img15183,7961,images/img15183.jpg,83.0,72.42758780610636,10.57241219389364,test
img15209,7975,images/img15209.jpg,85.0,81.17664573855568,3.8233542614443223,test
img15242,7993,images/img15242.jpg,63.0,59.49348383666224,3.506516163337764,test
img15243,7993,images/img15243.jpg,63.0,52.83472993945867,10.165270060541324,test
img15275,8010,images/img15275.jpg,61.0,59.849742640607936,1.1502573593920644,test
img15276,8010,images/img15276.jpg,61.0,63.09626823218469,2.096268232184684,test
img15295,8020,images/img15295.jpg,47.0,48.3887234560853,1.3887234560853017,test
img15296,8020,images/img15296.jpg,47.0,56.22653097535471,9.226530975354711,test
img15307,8026,images/img15307.jpg,56.0,68.64631928756782,12.64631928756782,test
img15308,8027,images/img15308.jpg,64.0,62.03245300720592,1.9675469927940767,test
img15313,8030,images/img15313.jpg,48.0,54.32991349092535,6.32991349092535,test
img15314,8030,images/img15314.jpg,48.0,61.109548739921095,13.109548739921095,test
img15319,8033,images/img15319.jpg,68.0,73.28065674290151,5.280656742901513,test
img15320,8033,images/img15320.jpg,68.0,73.81615191840926,5.816151918409261,test
img15335,8042,images/img15335.jpg,67.0,81.11906150770913,14.119061507709134,test
img15336,8042,images/img15336.jpg,67.0,54.77144576134081,12.228554238659193,test
img15339,8044,images/img15339.jpg,74.0,76.73561898241802,2.7356189824180177,test
img15342,8046,images/img15342.jpg,60.0,65.97267908692089,5.972679086920891,test
img15343,8046,images/img15343.jpg,60.0,70.05228408932444,10.052284089324443,test
img15358,8054,images/img15358.jpg,83.0,75.14098948190866,7.859010518091338,test
img15394,8073,images/img15394.jpg,69.0,72.01510367191325,3.015103671913252,test
img15400,8076,images/img15400.jpg,66.0,64.92738460831023,1.0726153916897658,test
img15401,8076,images/img15401.jpg,66.0,72.52214700245273,6.522147002452726,test
img15402,8077,images/img15402.jpg,78.0,76.0173080519081,1.9826919480918976,test
img15403,8077,images/img15403.jpg,78.0,83.653613978653,5.653613978652999,test
img15408,8080,images/img15408.jpg,55.0,47.70829269773435,7.29170730226565,test
img15409,8080,images/img15409.jpg,55.0,50.514329733079734,4.485670266920266,test
img15420,8086,images/img15420.jpg,65.0,63.57715981515845,1.4228401848415473,test
img15426,8090,images/img15426.jpg,63.0,60.74085943091608,2.259140569083918,test
img15427,8090,images/img15427.jpg,63.0,59.8469833962132,3.1530166037867957,test
img15432,8093,images/img15432.jpg,58.0,57.9169288865277,0.0830711134723003,test
img15433,8093,images/img15433.jpg,58.0,74.00552224211195,16.00552224211195,test
img15440,8097,images/img15440.jpg,59.0,61.46378609742979,2.4637860974297894,test
img15441,8097,images/img15441.jpg,59.0,61.44419164509069,2.44419164509069,test
img15442,8098,images/img15442.jpg,74.0,77.83103246346339,3.831032463463387,test
img15443,8098,images/img15443.jpg,74.0,76.93973326856037,2.9397332685603743,test
img15448,8101,images/img15448.jpg,72.0,71.9593004079033,0.0406995920967006,test
img15449,8101,images/img15449.jpg,72.0,80.48554335712076,8.485543357120761,test
img15464,8109,images/img15464.jpg,68.0,68.0210308833046,0.0210308833046042,test
img15465,8109,images/img15465.jpg,68.0,64.05816154978592,3.941838450214078,test
img15466,8110,images/img15466.jpg,70.0,67.24938910263567,2.750610897364325,test
img15467,8110,images/img15467.jpg,70.0,64.27136062083267,5.728639379167333,test
img15519,8137,images/img15519.jpg,74.0,68.70167212946906,5.29832787053094,test
img15520,8137,images/img15520.jpg,74.0,62.16151802703248,11.83848197296752,test
img15531,8143,images/img15531.jpg,63.0,48.595345055612434,14.404654944387566,test
img15532,8143,images/img15532.jpg,63.0,54.26120148918136,8.73879851081864,test
img15535,8145,images/img15535.jpg,81.0,66.67102094040807,14.32897905959193,test
img15538,8147,images/img15538.jpg,58.0,58.63888463710369,0.6388846371036934,test
img15539,8147,images/img15539.jpg,58.0,58.894572391019075,0.894572391019075,test
img15544,8150,images/img15544.jpg,63.0,62.68690869688126,0.313091303118739,test
img15545,8150,images/img15545.jpg,63.0,63.05977858832742,0.0597785883274184,test
img15558,8157,images/img15558.jpg,46.0,41.10922709155463,4.890772908445371,test
img15559,8158,images/img15559.jpg,60.0,66.2204897706598,6.220489770659796,test
img15560,8158,images/img15560.jpg,60.0,71.27589882673368,11.27589882673368,test
img15569,8163,images/img15569.jpg,54.0,57.244919685611755,3.2449196856117553,test
img15570,8163,images/img15570.jpg,54.0,58.04114041727613,4.041140417276132,test
img15579,8168,images/img15579.jpg,73.0,67.18184323609684,5.818156763903161,test
img15580,8168,images/img15580.jpg,73.0,58.40216587044426,14.597834129555745,test
img15583,8170,images/img15583.jpg,77.0,65.03778055874983,11.96221944125017,test
img15584,8170,images/img15584.jpg,77.0,67.27713096021226,9.72286903978774,test
img15596,8177,images/img15596.jpg,63.0,58.90246895585704,4.097531044142961,test
img15597,8177,images/img15597.jpg,63.0,54.20045339746955,8.799546602530448,test
img15638,8199,images/img15638.jpg,70.0,63.64732096551489,6.3526790344851065,test
img15639,8199,images/img15639.jpg,70.0,64.5709447630327,5.429055236967301,test
img15667,8214,images/img15667.jpg,59.0,64.06687225531189,5.066872255311893,test
img15668,8214,images/img15668.jpg,59.0,58.03492652800952,0.965073471990479,test
img15681,8221,images/img15681.jpg,60.0,61.72120942152251,1.721209421522509,test
img15682,8221,images/img15682.jpg,60.0,57.02142566105923,2.978574338940767,test
img15693,8227,images/img15693.jpg,58.0,51.80341054293263,6.196589457067368,test
img15694,8227,images/img15694.jpg,58.0,47.054924346660414,10.945075653339586,test
img15699,8230,images/img15699.jpg,73.0,75.67242649599632,2.6724264959963193,test
img15700,8230,images/img15700.jpg,73.0,73.17289570726732,0.1728957072673154,test
img15705,8233,images/img15705.jpg,61.0,60.54976512477191,0.4502348752280909,test
img15706,8233,images/img15706.jpg,61.0,64.03064435795848,3.0306443579584794,test
img15709,8235,images/img15709.jpg,58.0,59.2153184654026,1.2153184654026037,test
img15710,8235,images/img15710.jpg,58.0,61.92204751392504,3.922047513925037,test
img15724,8243,images/img15724.jpg,66.0,59.5555278462207,6.4444721537793015,test
img15758,8263,images/img15758.jpg,62.0,70.64482364351456,8.644823643514556,test
img15759,8263,images/img15759.jpg,62.0,65.13797712042282,3.1379771204228177,test
img15800,8285,images/img15800.jpg,63.0,68.59500933854059,5.595009338540592,test
img15801,8285,images/img15801.jpg,63.0,62.67382355290973,0.326176447090269,test
img15810,8290,images/img15810.jpg,70.0,63.46812712775973,6.531872872240271,test
img15811,8290,images/img15811.jpg,70.0,62.87312715643345,7.126872843566552,test
img15837,8304,images/img15837.jpg,59.0,59.41883127989133,0.4188312798913287,test
img15838,8304,images/img15838.jpg,59.0,53.53640278985993,5.4635972101400725,test
img15841,8306,images/img15841.jpg,71.0,68.19261444146039,2.8073855585396075,test
img15842,8306,images/img15842.jpg,71.0,80.85379669460531,9.853796694605307,test
img15845,8308,images/img15845.jpg,70.0,70.07509311591393,0.0750931159139298,test
img15846,8308,images/img15846.jpg,70.0,64.73971236505126,5.260287634948739,test
img15864,8318,images/img15864.jpg,63.0,67.89821615186784,4.898216151867842,test
img15865,8318,images/img15865.jpg,63.0,61.54491279038181,1.455087209618192,test
img15868,8320,images/img15868.jpg,62.0,65.10999641916148,3.109996419161476,test
img15869,8320,images/img15869.jpg,62.0,69.0183428653182,7.018342865318203,test
img15874,8323,images/img15874.jpg,63.0,62.04031848964655,0.9596815103534482,test
img15875,8323,images/img15875.jpg,63.0,61.607525825933536,1.3924741740664643,test
img15881,8327,images/img15881.jpg,38.0,47.58340035342331,9.583400353423308,test
img15882,8327,images/img15882.jpg,38.0,49.16100433446779,11.16100433446779,test
img15898,8336,images/img15898.jpg,63.0,67.67359293653857,4.673592936538569,test
img15899,8336,images/img15899.jpg,63.0,69.6519689863394,6.651968986339398,test
img15919,8347,images/img15919.jpg,70.0,70.9826663996937,0.9826663996936986,test
img15920,8347,images/img15920.jpg,70.0,61.84310095122798,8.156899048772019,test
img15941,8358,images/img15941.jpg,69.0,64.98468964288601,4.015310357113989,test
img15942,8358,images/img15942.jpg,69.0,80.71077840490278,11.710778404902785,test
img15954,8365,images/img15954.jpg,54.0,54.42161774181152,0.4216177418115165,test
img15955,8365,images/img15955.jpg,54.0,48.02173958914443,5.978260410855569,test
img16037,8409,images/img16037.jpg,63.0,68.05348199672959,5.053481996729587,test
img16038,8409,images/img16038.jpg,63.0,70.05739687103295,7.0573968710329495,test
img16059,8420,images/img16059.jpg,57.0,56.86158838624254,0.1384116137574622,test
img16060,8420,images/img16060.jpg,57.0,59.479776226786235,2.4797762267862353,test
img16071,8426,images/img16071.jpg,87.0,84.61978139853998,2.3802186014600153,test
img16072,8426,images/img16072.jpg,87.0,85.92894143706933,1.0710585629306737,test
img16079,8430,images/img16079.jpg,52.0,55.174967531650594,3.1749675316505943,test
img16080,8430,images/img16080.jpg,52.0,57.672173752405456,5.672173752405456,test
img16082,8432,images/img16082.jpg,50.0,53.33760277570351,3.337602775703509,test
img16083,8432,images/img16083.jpg,50.0,62.14774907031964,12.14774907031964,test
img16087,8434,images/img16087.jpg,67.0,60.39522698972139,6.604773010278613,test
img16088,8435,images/img16088.jpg,69.0,72.97698281157886,3.976982811578864,test
img16089,8435,images/img16089.jpg,69.0,72.28306011156498,3.2830601115649785,test
img16110,8446,images/img16110.jpg,61.0,70.44724211386406,9.447242113864064,test
img16111,8446,images/img16111.jpg,61.0,63.50810454378077,2.5081045437807674,test
img16118,8450,images/img16118.jpg,59.0,52.25017474424636,6.749825255753642,test
img16119,8450,images/img16119.jpg,59.0,73.24627743023152,14.246277430231515,test
img16124,8453,images/img16124.jpg,54.0,50.3017479475379,3.6982520524621023,test
img16125,8453,images/img16125.jpg,54.0,54.67031781835829,0.6703178183582921,test
img16130,8456,images/img16130.jpg,63.0,68.44394125323431,5.443941253234314,test
img16131,8456,images/img16131.jpg,63.0,59.73939413172216,3.2606058682778425,test
img16150,8466,images/img16150.jpg,72.0,74.33256686439692,2.3325668643969237,test
img16151,8466,images/img16151.jpg,72.0,79.07811931860519,7.078119318605189,test
img16154,8468,images/img16154.jpg,66.0,74.32835928934757,8.328359289347574,test
img16155,8468,images/img16155.jpg,66.0,73.64191054262898,7.6419105426289775,test
img16161,8472,images/img16161.jpg,68.0,82.82395608540617,14.823956085406166,test
img16162,8472,images/img16162.jpg,68.0,75.58856291616345,7.588562916163454,test
img16239,8511,images/img16239.jpg,34.0,42.616384182309304,8.616384182309304,test
img16240,8511,images/img16240.jpg,34.0,38.51235168743413,4.512351687434133,test
img16243,8513,images/img16243.jpg,29.0,31.68472685287352,2.6847268528735206,test
img16244,8513,images/img16244.jpg,29.0,36.449108696202345,7.449108696202344,test
img16247,8515,images/img16247.jpg,20.0,30.484270137392237,10.484270137392237,test
img16248,8515,images/img16248.jpg,20.0,23.920099702617172,3.920099702617172,test
img16261,8522,images/img16261.jpg,33.0,30.892018841086564,2.107981158913436,test
img16262,8522,images/img16262.jpg,33.0,22.54210469601756,10.45789530398244,test
img16263,8523,images/img16263.jpg,19.0,21.96566037059324,2.965660370593241,test
img16264,8523,images/img16264.jpg,19.0,20.686051512348335,1.6860515123483353,test
img16265,8524,images/img16265.jpg,20.0,26.12006816135481,6.1200681613548085,test
img16266,8524,images/img16266.jpg,20.0,23.919693995536207,3.919693995536207,test
