image_id,patient_id,image_path,age_true,age_pred,absolute_error,split
img00001,1,images/img00001.jpg,48.0,47.01309616473508,0.9869038352649184,validation
img00002,1,images/img00002.jpg,48.0,46.723430033810025,1.2765699661899743,validation
img00015,8,images/img00015.jpg,28.0,29.743970319338235,1.743970319338235,validation
img00016,8,images/img00016.jpg,28.0,31.872556144034807,3.872556144034807,validation
img00029,15,images/img00029.jpg,26.0,22.977696684058717,3.0223033159412864,validation
img00030,15,images/img00030.jpg,26.0,23.608492671007063,2.3915073289929367,validation
img00047,24,images/img00047.jpg,13.0,18.791687365399238,5.791687365399234,validation
img00048,24,images/img00048.jpg,13.0,18.10322426121145,5.103224261211452,validation
img00070,36,images/img00070.jpg,39.0,30.60203425191516,8.397965748084843,validation
img00071,36,images/img00071.jpg,39.0,31.884387086008733,7.115612913991267,validation
img00074,38,images/img00074.jpg,37.0,31.77996986196119,5.220030138038808,validation
img00075,38,images/img00075.jpg,37.0,34.165852499940286,2.8341475000597143,validation
img00094,48,images/img00094.jpg,20.0,24.728837506543957,4.728837506543954,validation
img00095,48,images/img00095.jpg,20.0,20.68837669379085,0.6883766937908504,validation
img00096,49,images/img00096.jpg,20.0,22.29432018692904,2.294320186929042,validation
img00097,49,images/img00097.jpg,20.0,20.3049573276292,0.3049573276291966,validation
img00118,60,images/img00118.jpg,20.0,25.78971789884832,5.78971789884832,validation
img00119,60,images/img00119.jpg,20.0,29.9619528077428,9.9619528077428,validation
img00130,66,images/img00130.jpg,27.0,24.83823009538547,2.1617699046145304,validation
img00131,66,images/img00131.jpg,27.0,23.884098652233757,3.115901347766247,validation
img00132,67,images/img00132.jpg,18.0,22.207047358883543,4.207047358883543,validation
img00133,67,images/img00133.jpg,18.0,22.26395541126182,4.2639554112618185,validation
img00160,81,images/img00160.jpg,28.0,29.23434987634629,1.2343498763462897,validation
img00161,81,images/img00161.jpg,28.0,29.2168870220979,1.2168870220979002,validation
img00177,90,images/img00177.jpg,25.0,20.718041297560283,4.2819587024397165,validation
img00178,90,images/img00178.jpg,25.0,18.9795428312109,6.0204571687891,validation
img00191,97,images/img00191.jpg,19.0,24.58034871491102,5.580348714911018,validation
img00192,97,images/img00192.jpg,19.0,25.619683007506964,6.619683007506964,validation
img00197,100,images/img00197.jpg,15.0,22.638468852630048,7.638468852630048,validation
img00198,100,images/img00198.jpg,15.0,20.89848497487133,5.89848497487133,validation
img00209,106,images/img00209.jpg,24.0,20.199255364491933,3.8007446355080674,validation
img00210,106,images/img00210.jpg,24.0,24.11644884247871,0.1164488424787109,validation
img00223,113,images/img00223.jpg,16.0,19.229388594017223,3.229388594017223,validation
img00224,113,images/img00224.jpg,16.0,17.940016591178797,1.9400165911787963,validation
img00227,115,images/img00227.jpg,18.0,23.671180958678647,5.671180958678647,validation
img00228,115,images/img00228.jpg,18.0,19.298319535805582,1.2983195358055823,validation
img00253,128,images/img00253.jpg,18.0,27.794002490088367,9.794002490088369,validation
img00254,128,images/img00254.jpg,18.0,20.207426217853715,2.2074262178537154,validation
img00255,129,images/img00255.jpg,47.0,47.67329282772815,0.6732928277281474,validation
img00256,129,images/img00256.jpg,47.0,52.03682462365469,5.036824623654688,validation
img00269,136,images/img00269.jpg,17.0,18.19001067700397,1.1900106770039685,validation
img00270,136,images/img00270.jpg,17.0,17.92551583486562,0.925515834865621,validation
img00271,137,images/img00271.jpg,17.0,20.88291978277584,3.882919782775837,validation
img00272,137,images/img00272.jpg,17.0,19.538973633885117,2.5389736338851137,validation
img00275,139,images/img00275.jpg,15.0,19.328023401550595,4.328023401550595,validation
img00276,139,images/img00276.jpg,15.0,19.926066175984104,4.926066175984104,validation
img00277,140,images/img00277.jpg,18.0,23.77696362698793,5.7769636269879285,validation
img00278,140,images/img00278.jpg,18.0,18.13208617570242,0.1320861757024189,validation
img00281,142,images/img00281.jpg,16.0,18.59720098815675,2.59720098815675,validation
img00282,142,images/img00282.jpg,16.0,21.737297452090232,5.737297452090232,validation
img00283,143,images/img00283.jpg,14.0,19.955233461396222,5.955233461396226,validation
img00284,143,images/img00284.jpg,14.0,20.713953689658524,6.713953689658524,validation
img00285,144,images/img00285.jpg,24.0,24.597929355086137,0.5979293550861371,validation
img00286,144,images/img00286.jpg,24.0,23.516951193727976,0.4830488062720235,validation
img00295,149,images/img00295.jpg,17.0,19.02788741047161,2.027887410471614,validation
img00296,149,images/img00296.jpg,17.0,20.04942730324764,3.04942730324764,validation
img00319,161,images/img00319.jpg,17.0,20.19438251707863,3.1943825170786297,validation
img00320,161,images/img00320.jpg,17.0,20.366184197320955,3.3661841973209548,validation
img00329,166,images/img00329.jpg,66.0,51.93809384240324,14.06190615759676,validation
img00330,166,images/img00330.jpg,66.0,55.818907282881234,10.181092717118766,validation
img00334,169,images/img00334.jpg,68.0,52.59749599569609,15.402504004303909,validation
img00335,169,images/img00335.jpg,68.0,66.52187396537899,1.4781260346210132,validation
img00342,173,images/img00342.jpg,41.0,67.88624124931681,26.88624124931681,validation
img00343,173,images/img00343.jpg,41.0,57.173187988069074,16.173187988069074,validation
img00357,181,images/img00357.jpg,28.0,34.105958356197284,6.105958356197284,validation
img00358,181,images/img00358.jpg,28.0,37.26546986705369,9.265469867053689,validation
img00366,186,images/img00366.jpg,68.0,75.13502711467308,7.135027114673079,validation
img00367,186,images/img00367.jpg,68.0,68.7356130167451,0.7356130167451056,validation
img00370,188,images/img00370.jpg,83.0,75.21019416691561,7.789805833084387,validation
img00371,188,images/img00371.jpg,83.0,86.41793189311632,3.417931893116318,validation
img00375,191,images/img00375.jpg,61.0,67.22341403396007,6.2234140339600685,validation
img00376,191,images/img00376.jpg,61.0,71.69556463062611,10.695564630626109,validation
img00388,198,images/img00388.jpg,64.0,64.27739442305158,0.2773944230515752,validation
img00389,198,images/img00389.jpg,64.0,58.47187571257101,5.528124287428987,validation
img00405,208,images/img00405.jpg,53.0,49.04549723823534,3.954502761764658,validation
img00406,208,images/img00406.jpg,53.0,48.052181798152375,4.947818201847625,validation
img00418,215,images/img00418.jpg,66.0,65.09360945210494,0.9063905478950574,validation
img00419,215,images/img00419.jpg,66.0,63.74624314889728,2.2537568511027217,validation
img00439,226,images/img00439.jpg,65.0,49.083128205910434,15.916871794089566,validation
img00440,226,images/img00440.jpg,65.0,46.92443935205048,18.07556064794952,validation
img00453,233,images/img00453.jpg,78.0,60.99641344872716,17.00358655127284,validation
img00454,233,images/img00454.jpg,78.0,71.26845322930964,6.731546770690358,validation
img00457,235,images/img00457.jpg,54.0,61.85832996265759,7.858329962657592,validation
img00458,235,images/img00458.jpg,54.0,58.37464642923279,4.37464642923279,validation
img00467,240,images/img00467.jpg,65.0,70.60452449741587,5.604524497415866,validation
img00472,243,images/img00472.jpg,77.0,69.27994431797859,7.72005568202141,validation
img00473,243,images/img00473.jpg,77.0,71.86757352685065,5.132426473149351,validation
img00474,244,images/img00474.jpg,42.0,40.24932984284034,1.7506701571596608,validation
img00475,244,images/img00475.jpg,42.0,55.44028673894976,13.44028673894976,validation
img00498,257,images/img00498.jpg,59.0,60.505394457275344,1.5053944572753435,validation
img00499,257,images/img00499.jpg,59.0,47.838609738337645,11.161390261662357,validation
img00516,268,images/img00516.jpg,84.0,77.72928069131336,6.270719308686637,validation
img00517,268,images/img00517.jpg,84.0,77.52797581764564,6.47202418235436,validation
img00542,281,images/img00542.jpg,85.0,83.33116191690013,1.668838083099871,validation
img00543,281,images/img00543.jpg,85.0,80.47078739796633,4.529212602033667,validation
img00550,285,images/img00550.jpg,63.0,55.86588205543848,7.134117944561517,validation
img00551,285,images/img00551.jpg,63.0,58.104034080524826,4.895965919475174,validation
img00560,290,images/img00560.jpg,62.0,61.016120233940825,0.9838797660591752,validation
img00561,290,images/img00561.jpg,62.0,69.19816271346173,7.198162713461727,validation
img00568,294,images/img00568.jpg,65.0,63.71296426215388,1.287035737846125,validation
img00569,294,images/img00569.jpg,65.0,56.58515763087611,8.414842369123889,validation
img00572,296,images/img00572.jpg,65.0,69.63529791526516,4.635297915265156,validation
img00573,296,images/img00573.jpg,65.0,64.42561710573894,0.5743828942610634,validation
img00577,299,images/img00577.jpg,56.0,48.04644845910767,7.953551540892327,validation
img00578,299,images/img00578.jpg,56.0,53.75913679526715,2.2408632047328467,validation
img00589,305,images/img00589.jpg,59.0,53.22949656186736,5.770503438132643,validation
img00590,305,images/img00590.jpg,59.0,58.965271484971446,0.0347285150285543,validation
img00598,310,images/img00598.jpg,78.0,74.30829969165893,3.691700308341069,validation
img00599,310,images/img00599.jpg,78.0,64.4495723638932,13.550427636106804,validation
img00600,311,images/img00600.jpg,27.0,30.39990269553945,3.399902695539449,validation
img00601,311,images/img00601.jpg,27.0,28.351797377113527,1.3517973771135274,validation
img00602,312,images/img00602.jpg,60.0,65.16958028423639,5.169580284236389,validation
img00603,312,images/img00603.jpg,60.0,69.75072048918906,9.750720489189064,validation
img00621,322,images/img00621.jpg,45.0,40.04309868184811,4.956901318151893,validation
img00622,322,images/img00622.jpg,45.0,43.28086585369245,1.719134146307546,validation
img00641,332,images/img00641.jpg,17.0,17.859389943110166,0.8593899431101661,validation
img00642,332,images/img00642.jpg,17.0,19.35936318294465,2.359363182944655,validation
img00661,342,images/img00661.jpg,70.0,62.58187909507576,7.418120904924237,validation
img00662,342,images/img00662.jpg,70.0,68.56091467519353,1.43908532480647,validation
img00667,345,images/img00667.jpg,60.0,60.60064319206778,0.6006431920677784,validation
img00668,345,images/img00668.jpg,60.0,60.4597338702895,0.4597338702894973,validation
img00686,355,images/img00686.jpg,22.0,33.12117639744498,11.121176397444977,validation
img00732,379,images/img00732.jpg,49.0,49.56517310941678,0.5651731094167829,validation
img00733,379,images/img00733.jpg,49.0,58.65944905109637,9.659449051096374,validation
img00772,400,images/img00772.jpg,90.0,80.76206981355266,9.237930186447343,validation
img00773,400,images/img00773.jpg,90.0,81.50886966978555,8.491130330214446,validation
img00776,402,images/img00776.jpg,55.0,55.278931061758136,0.2789310617581364,validation
img00777,402,images/img00777.jpg,55.0,48.93752516948242,6.06247483051758,validation
img00782,405,images/img00782.jpg,63.0,55.48568462514763,7.514315374852373,validation
img00783,405,images/img00783.jpg,63.0,56.50111553174803,6.498884468251973,validation
img00792,410,images/img00792.jpg,60.0,62.70504445776663,2.705044457766625,validation
img00793,410,images/img00793.jpg,60.0,60.89027633202725,0.8902763320272484,validation
img00800,414,images/img00800.jpg,50.0,58.16904632270219,8.169046322702187,validation
img00801,414,images/img00801.jpg,50.0,57.7855125787714,7.785512578771396,validation
img00810,419,images/img00810.jpg,55.0,64.51064981995567,9.510649819955674,validation
img00811,419,images/img00811.jpg,55.0,58.06515081942039,3.0651508194203885,validation
img00823,426,images/img00823.jpg,66.0,60.45152375495213,5.5484762450478655,validation
img00824,426,images/img00824.jpg,66.0,61.11755791028623,4.88244208971377,validation
img00825,427,images/img00825.jpg,69.0,71.21674847930578,2.216748479305778,validation
img00826,427,images/img00826.jpg,69.0,72.18585945675062,3.18585945675062,validation
img00829,429,images/img00829.jpg,60.0,74.1709045893474,14.1709045893474,validation
img00839,435,images/img00839.jpg,63.0,56.50279663956689,6.497203360433112,validation
img00840,435,images/img00840.jpg,63.0,52.96693618998401,10.033063810015989,validation
img00866,449,images/img00866.jpg,64.0,69.30374689067226,5.303746890672258,validation
img00867,449,images/img00867.jpg,64.0,69.53042590666718,5.530425906667176,validation
img00901,466,images/img00901.jpg,71.0,64.41317105948097,6.586828940519027,validation
img00912,472,images/img00912.jpg,76.0,59.03015217226536,16.96984782773464,validation
img00913,472,images/img00913.jpg,76.0,55.89670924992917,20.103290750070823,validation
img00954,494,images/img00954.jpg,45.0,48.53860004949385,3.5386000494938514,validation
img00955,494,images/img00955.jpg,45.0,45.38383869237707,0.3838386923770684,validation
img00996,516,images/img00996.jpg,38.0,32.42510519487868,5.574894805121318,validation
img00997,516,images/img00997.jpg,38.0,29.99510082123428,8.004899178765722,validation
img01052,547,images/img01052.jpg,66.0,65.40620130493579,0.5937986950642085,validation
img01053,547,images/img01053.jpg,66.0,66.78664636787246,0.7866463678724642,validation
img01058,550,images/img01058.jpg,79.0,79.976535837192,0.976535837192003,validation
img01059,550,images/img01059.jpg,79.0,76.07066289549664,2.929337104503361,validation
img01066,554,images/img01066.jpg,88.0,81.52289491995006,6.477105080049938,validation
img01067,554,images/img01067.jpg,88.0,79.09258299416365,8.90741700583635,validation
img01089,566,images/img01089.jpg,54.0,50.15954816096512,3.840451839034877,validation
img01090,566,images/img01090.jpg,54.0,45.0795572910434,8.9204427089566,validation
img01110,577,images/img01110.jpg,70.0,67.37361181214104,2.6263881878589643,validation
img01111,577,images/img01111.jpg,70.0,69.86768409565438,0.1323159043456172,validation
img01113,579,images/img01113.jpg,67.0,66.171088935195,0.8289110648049984,validation
img01114,579,images/img01114.jpg,67.0,64.78561561285838,2.214384387141621,validation
img01123,584,images/img01123.jpg,50.0,59.32558981360027,9.325589813600269,validation
img01124,584,images/img01124.jpg,50.0,49.9193946530742,0.0806053469258003,validation
img01189,619,images/img01189.jpg,87.0,80.49630768209151,6.503692317908488,validation
img01212,631,images/img01212.jpg,30.0,26.4437613377801,3.5562386622199007,validation
img01213,631,images/img01213.jpg,30.0,25.74963142178401,4.250368578215991,validation
img01229,640,images/img01229.jpg,47.0,51.92823417878642,4.928234178786418,validation
img01247,650,images/img01247.jpg,43.0,53.34507618369358,10.345076183693578,validation
img01248,650,images/img01248.jpg,43.0,42.33420836383603,0.6657916361639735,validation
img01276,666,images/img01276.jpg,79.0,78.24290149337246,0.7570985066275426,validation
img01277,666,images/img01277.jpg,79.0,82.11922325478338,3.1192232547833783,validation
img01303,681,images/img01303.jpg,59.0,65.48679959713317,6.486799597133171,validation
img01305,682,images/img01305.jpg,71.0,63.11608735027292,7.88391264972708,validation
img01335,698,images/img01335.jpg,18.0,21.72303663007225,3.723036630072251,validation
img01336,698,images/img01336.jpg,18.0,23.79116337482168,5.791163374821679,validation
img01345,703,images/img01345.jpg,41.0,48.57267508185312,7.57267508185312,validation
img01350,706,images/img01350.jpg,65.0,60.21047049345424,4.789529506545762,validation
img01424,745,images/img01424.jpg,74.0,71.35464199058504,2.645358009414963,validation
img01425,745,images/img01425.jpg,74.0,76.60265830212586,2.60265830212586,validation
img01437,753,images/img01437.jpg,86.0,81.1539435917886,4.846056408211396,validation
img01438,753,images/img01438.jpg,86.0,75.00142733666736,10.998572663332638,validation
img01439,754,images/img01439.jpg,67.0,76.14042706365558,9.14042706365558,validation
img01440,754,images/img01440.jpg,67.0,57.80910589058829,9.190894109411708,validation
img01475,773,images/img01475.jpg,65.0,68.85308157584078,3.853081575840776,validation
img01476,773,images/img01476.jpg,65.0,58.89168091010938,6.108319089890621,validation
img01490,780,images/img01490.jpg,59.0,61.703518902346296,2.703518902346296,validation
img01549,811,images/img01549.jpg,42.0,46.9362299414384,4.936229941438398,validation
img01550,811,images/img01550.jpg,42.0,49.406001788595546,7.406001788595546,validation
img01650,864,images/img01650.jpg,51.0,72.79615633000594,21.796156330005942,validation
img01678,881,images/img01678.jpg,76.0,22.03707136050555,53.96292863949445,validation
img01679,881,images/img01679.jpg,76.0,26.414155626974036,49.58584437302597,validation
img01698,891,images/img01698.jpg,21.0,28.406227562588708,7.4062275625887075,validation
img01699,891,images/img01699.jpg,21.0,28.38589422168145,7.38589422168145,validation
img01724,904,images/img01724.jpg,13.0,22.53793202050205,9.537932020502057,validation
img01725,904,images/img01725.jpg,13.0,26.22366524635696,13.223665246356958,validation
img01765,928,images/img01765.jpg,82.0,76.2399539905229,5.760046009477094,validation
img01766,928,images/img01766.jpg,82.0,76.51311700438035,5.486882995619652,validation
img01790,941,images/img01790.jpg,77.0,73.72820073067462,3.271799269325385,validation
img01791,941,images/img01791.jpg,77.0,77.5062617639306,0.5062617639305955,validation
img01794,943,images/img01794.jpg,62.0,69.46366309841903,7.463663098419033,validation
img01795,943,images/img01795.jpg,62.0,66.403373688814,4.403373688814,validation
img01827,961,images/img01827.jpg,41.0,27.561986026635815,13.438013973364182,validation
img01828,961,images/img01828.jpg,41.0,26.922881769411163,14.077118230588836,validation
img01854,975,images/img01854.jpg,53.0,52.41573267976148,0.5842673202385171,validation
img01855,975,images/img01855.jpg,53.0,55.69223942478576,2.692239424785754,validation
img01862,979,images/img01862.jpg,55.0,52.27871710988055,2.721282890119454,validation
img01883,993,images/img01883.jpg,69.0,57.66081763494867,11.339182365051329,validation
img01884,993,images/img01884.jpg,69.0,54.42849785772621,14.571502142273792,validation
img01892,998,images/img01892.jpg,71.0,75.34835924019262,4.348359240192622,validation
img01893,998,images/img01893.jpg,71.0,70.96668568502334,0.0333143149766641,validation
img01911,1008,images/img01911.jpg,81.0,61.35705105356016,19.642948946439844,validation
img01912,1008,images/img01912.jpg,81.0,86.25484637145213,5.254846371452132,validation
img01918,1012,images/img01918.jpg,58.0,55.61684961536234,2.383150384637659,validation
img01919,1012,images/img01919.jpg,58.0,53.71454882364188,4.285451176358123,validation
img01932,1019,images/img01932.jpg,59.0,47.516343080358325,11.483656919641676,validation
img01933,1019,images/img01933.jpg,59.0,53.02023295856701,5.979767041432993,validation
img01939,1023,images/img01939.jpg,32.0,42.70311497696976,10.703114976969758,validation
img01940,1023,images/img01940.jpg,32.0,34.17186394464533,2.171863944645331,validation
img01947,1027,images/img01947.jpg,59.0,59.99595505561523,0.9959550556152266,validation
img01948,1027,images/img01948.jpg,59.0,66.82207593838915,7.822075938389148,validation
img01951,1029,images/img01951.jpg,33.0,30.579609120197983,2.4203908798020137,validation
img01952,1029,images/img01952.jpg,33.0,34.46936283969804,1.4693628396980358,validation
img01979,1045,images/img01979.jpg,55.0,43.09164821545034,11.90835178454966,validation
img01980,1045,images/img01980.jpg,55.0,60.89387589176037,5.8938758917603735,validation
img02010,1061,images/img02010.jpg,76.0,77.59306999193177,1.5930699919317703,validation
img02027,1070,images/img02027.jpg,37.0,44.537907800863934,7.537907800863934,validation
img02028,1070,images/img02028.jpg,37.0,45.409092867556666,8.409092867556666,validation
img02087,1103,images/img02087.jpg,69.0,63.977527812749486,5.022472187250514,validation
img02088,1103,images/img02088.jpg,69.0,62.50565087888221,6.494349121117793,validation
img02097,1108,images/img02097.jpg,55.0,66.41696051358457,11.41696051358457,validation
img02098,1108,images/img02098.jpg,55.0,59.976059594796695,4.976059594796695,validation
img02121,1121,images/img02121.jpg,36.0,44.380936241285454,8.380936241285454,validation
img02122,1121,images/img02122.jpg,36.0,44.46186935088567,8.46186935088567,validation
img02171,1146,images/img02171.jpg,49.0,44.28318482820257,4.716815171797428,validation
img02172,1146,images/img02172.jpg,49.0,46.794435316641376,2.205564683358624,validation
img02179,1150,images/img02179.jpg,34.0,37.74354331266936,3.74354331266936,validation
img02180,1150,images/img02180.jpg,34.0,47.781899086447694,13.781899086447694,validation
img02187,1154,images/img02187.jpg,45.0,53.62886556030204,8.628865560302039,validation
img02188,1154,images/img02188.jpg,45.0,47.939521740454495,2.939521740454495,validation
img02189,1155,images/img02189.jpg,40.0,49.26080609516415,9.260806095164147,validation
img02206,1164,images/img02206.jpg,56.0,47.61298970507288,8.387010294927116,validation
img02207,1164,images/img02207.jpg,56.0,46.45950885275928,9.540491147240722,validation
img02219,1171,images/img02219.jpg,77.0,74.48652397673942,2.51347602326058,validation
img02220,1171,images/img02220.jpg,77.0,72.35617463497317,4.643825365026828,validation
img02226,1175,images/img02226.jpg,76.0,61.93942012016012,14.060579879839878,validation
img02227,1175,images/img02227.jpg,76.0,64.6820207090771,11.317979290922906,validation
img02232,1178,images/img02232.jpg,89.0,78.69371840305409,10.306281596945908,validation
img02233,1178,images/img02233.jpg,89.0,83.63873587113011,5.361264128869891,validation
img02247,1186,images/img02247.jpg,40.0,39.372741892064006,0.6272581079359938,validation
img02248,1186,images/img02248.jpg,40.0,38.986012523239104,1.0139874767608958,validation
img02257,1191,images/img02257.jpg,79.0,78.24759984311652,0.7524001568834819,validation
img02258,1191,images/img02258.jpg,79.0,67.74770645910311,11.252293540896886,validation
img02279,1202,images/img02279.jpg,35.0,30.803384931221053,4.1966150687789465,validation
img02280,1202,images/img02280.jpg,35.0,41.33047704881557,6.330477048815567,validation
img02286,1206,images/img02286.jpg,31.0,33.82093168205293,2.820931682052929,validation
img02297,1212,images/img02297.jpg,51.0,66.80664489137688,15.806644891376877,validation
img02298,1212,images/img02298.jpg,51.0,62.58230334253408,11.582303342534082,validation
img02338,1233,images/img02338.jpg,19.0,32.635313812118966,13.635313812118966,validation
img02375,1252,images/img02375.jpg,29.0,26.4656738825939,2.534326117406099,validation
img02376,1252,images/img02376.jpg,29.0,32.741469469196225,3.741469469196226,validation
img02383,1256,images/img02383.jpg,18.0,22.850008014598224,4.850008014598224,validation
img02408,1269,images/img02408.jpg,63.0,64.60422637630218,1.6042263763021791,validation
img02426,1278,images/img02426.jpg,75.0,77.53388256374915,2.5338825637491453,validation
img02445,1288,images/img02445.jpg,63.0,63.26221224379298,0.2622122437929803,validation
img02446,1288,images/img02446.jpg,63.0,63.30704014971346,0.3070401497134583,validation
img02453,1292,images/img02453.jpg,63.0,69.83805330080837,6.838053300808369,validation
img02454,1292,images/img02454.jpg,63.0,71.20373095318106,8.203730953181065,validation
img02457,1294,images/img02457.jpg,61.0,63.1915728607618,2.191572860761802,validation
img02458,1294,images/img02458.jpg,61.0,55.8520582955514,5.147941704448598,validation
img02479,1305,images/img02479.jpg,80.0,82.0522728615408,2.0522728615408,validation
img02480,1305,images/img02480.jpg,80.0,77.37711385771115,2.6228861422888485,validation
img02487,1309,images/img02487.jpg,44.0,40.11426319380264,3.885736806197365,validation
img02488,1309,images/img02488.jpg,44.0,39.68866774098761,4.311332259012389,validation
img02555,1345,images/img02555.jpg,78.0,71.64206800768133,6.357931992318669,validation
img02556,1345,images/img02556.jpg,78.0,75.34683674802858,2.6531632519714208,validation
img02569,1352,images/img02569.jpg,73.0,69.99318063814515,3.006819361854852,validation
img02570,1352,images/img02570.jpg,73.0,61.128213719518925,11.871786280481077,validation
img02571,1353,images/img02571.jpg,82.0,57.36595767632733,24.634042323672663,validation
img02572,1353,images/img02572.jpg,82.0,76.67627450633309,5.323725493666913,validation
img02614,1377,images/img02614.jpg,63.0,52.34719817486541,10.652801825134588,validation
img02615,1377,images/img02615.jpg,63.0,48.84593406942864,14.154065930571356,validation
img02634,1387,images/img02634.jpg,75.0,67.09562502833977,7.904374971660232,validation
img02635,1387,images/img02635.jpg,75.0,68.07945488418433,6.920545115815671,validation
img02636,1388,images/img02636.jpg,52.0,51.268165117213975,0.7318348827860248,validation
img02637,1388,images/img02637.jpg,52.0,51.339296365550304,0.6607036344496962,validation
img02642,1391,images/img02642.jpg,64.0,61.53863659999423,2.461363400005773,validation
img02643,1391,images/img02643.jpg,64.0,61.05934657844088,2.94065342155912,validation
img02655,1398,images/img02655.jpg,64.0,65.60890270526258,1.6089027052625795,validation
img02666,1405,images/img02666.jpg,68.0,66.95393619275471,1.0460638072452897,validation
img02669,1407,images/img02669.jpg,62.0,70.39010285207407,8.390102852074065,validation
img02670,1407,images/img02670.jpg,62.0,73.23578793908982,11.235787939089818,validation
img02759,1455,images/img02759.jpg,59.0,58.3487318894362,0.6512681105638052,validation
img02775,1465,images/img02775.jpg,67.0,71.69929015586422,4.699290155864219,validation
img02776,1465,images/img02776.jpg,67.0,71.82333073342733,4.823330733427326,validation
img02845,1502,images/img02845.jpg,68.0,62.5525771192752,5.447422880724801,validation
img02847,1502,images/img02847.jpg,68.0,67.5615534361769,0.4384465638231063,validation
img02872,1518,images/img02872.jpg,89.0,84.74672190924365,4.253278090756353,validation
img02873,1518,images/img02873.jpg,89.0,78.16606580716788,10.833934192832118,validation
img02949,1559,images/img02949.jpg,59.0,60.58083007233692,1.5808300723369229,validation
img02950,1559,images/img02950.jpg,59.0,56.938535723690144,2.061464276309856,validation
img02960,1565,images/img02960.jpg,52.0,44.72068102205922,7.2793189779407825,validation
img02961,1565,images/img02961.jpg,52.0,52.14522148517115,0.1452214851711488,validation
img02962,1566,images/img02962.jpg,44.0,37.35354756559852,6.646452434401482,validation
img02963,1566,images/img02963.jpg,44.0,40.23253771400806,3.76746228599194,validation
img03013,1594,images/img03013.jpg,64.0,61.63097858533092,2.369021414669078,validation
img03014,1594,images/img03014.jpg,64.0,65.88914977918563,1.889149779185629,validation
img03027,1601,images/img03027.jpg,56.0,55.056044370890326,0.9439556291096736,validation
img03035,1606,images/img03035.jpg,61.0,66.55171851986982,5.551718519869823,validation
img03036,1606,images/img03036.jpg,61.0,62.48005425202675,1.480054252026747,validation
img03043,1610,images/img03043.jpg,69.0,70.67384587773913,1.673845877739126,validation
img03044,1610,images/img03044.jpg,69.0,68.40060911952229,0.5993908804777135,validation
img03090,1638,images/img03090.jpg,73.0,72.6956478537492,0.3043521462508067,validation
img03091,1638,images/img03091.jpg,73.0,73.46147668081184,0.4614766808118418,validation
img03095,1640,images/img03095.jpg,54.0,62.70512952538038,8.705129525380379,validation
img03098,1642,images/img03098.jpg,68.0,63.13312486645256,4.866875133547445,validation
img03099,1642,images/img03099.jpg,68.0,63.12816967795159,4.87183032204841,validation
img03107,1647,images/img03107.jpg,88.0,49.01376592769594,38.98623407230406,validation
img03108,1647,images/img03108.jpg,88.0,56.62988056554244,31.37011943445756,validation
img03120,1655,images/img03120.jpg,72.0,74.26883377193082,2.268833771930815,validation
img03121,1655,images/img03121.jpg,72.0,77.5949392982134,5.594939298213404,validation
img03124,1657,images/img03124.jpg,47.0,61.6746526254136,14.6746526254136,validation
img03125,1657,images/img03125.jpg,47.0,54.03917719851321,7.039177198513208,validation
img03136,1664,images/img03136.jpg,76.0,76.44998374765223,0.4499837476522259,validation
img03137,1664,images/img03137.jpg,76.0,66.47245513484206,9.527544865157935,validation
img03142,1667,images/img03142.jpg,71.0,70.96921372000634,0.0307862799936629,validation
img03143,1667,images/img03143.jpg,71.0,63.02445480702271,7.975545192977293,validation
img03180,1688,images/img03180.jpg,66.0,63.71308204808061,2.286917951919392,validation
img03181,1688,images/img03181.jpg,66.0,62.95542516499019,3.0445748350098114,validation
img03214,1706,images/img03214.jpg,69.0,76.02545709306123,7.025457093061235,validation
img03215,1706,images/img03215.jpg,69.0,82.1978824416314,13.197882441631409,validation
img03237,1718,images/img03237.jpg,81.0,74.63045837920541,6.3695416207945925,validation
img03238,1718,images/img03238.jpg,81.0,64.9290979573,16.0709020427,validation
img03243,1721,images/img03243.jpg,70.0,64.22036531291528,5.779634687084723,validation
img03244,1721,images/img03244.jpg,70.0,63.39599142721488,6.604008572785119,validation
img03263,1732,images/img03263.jpg,56.0,46.60986258823213,9.390137411767869,validation
img03264,1732,images/img03264.jpg,56.0,57.4415843527041,1.4415843527040977,validation
img03290,1746,images/img03290.jpg,61.0,58.38086972501439,2.619130274985615,validation
img03291,1746,images/img03291.jpg,61.0,57.64629315785858,3.3537068421414205,validation
img03314,1758,images/img03314.jpg,47.0,54.44966551561447,7.44966551561447,validation
img03315,1758,images/img03315.jpg,47.0,53.20644732833007,6.206447328330071,validation
img03358,1783,images/img03358.jpg,60.0,49.93901091762196,10.060989082378043,validation
img03361,1784,images/img03361.jpg,62.0,70.49529768136011,8.495297681360114,validation
img03368,1788,images/img03368.jpg,77.0,76.3152170164835,0.6847829835164987,validation
img03369,1788,images/img03369.jpg,77.0,75.79418442592379,1.2058155740762118,validation
img03370,1789,images/img03370.jpg,61.0,52.89451420420058,8.105485795799417,validation
img03371,1789,images/img03371.jpg,61.0,66.99576873712178,5.995768737121779,validation
img03412,1811,images/img03412.jpg,71.0,68.14452833687223,2.855471663127773,validation
img03413,1811,images/img03413.jpg,71.0,60.57424114940777,10.425758850592231,validation
img03432,1822,images/img03432.jpg,77.0,79.43054571749039,2.4305457174903893,validation
img03433,1822,images/img03433.jpg,77.0,72.48787129777384,4.512128702226164,validation
img03437,1825,images/img03437.jpg,57.0,57.560576699063695,0.5605766990636951,validation
img03438,1825,images/img03438.jpg,57.0,64.91882058988746,7.91882058988746,validation
img03474,1847,images/img03474.jpg,31.0,33.761393077310984,2.7613930773109843,validation
img03475,1847,images/img03475.jpg,31.0,26.384761494591903,4.615238505408094,validation
img03487,1854,images/img03487.jpg,75.0,68.07831737750303,6.921682622496974,validation
img03488,1854,images/img03488.jpg,75.0,74.52542386965295,0.4745761303470459,validation
img03493,1857,images/img03493.jpg,73.0,73.99012391341266,0.9901239134126598,validation
img03494,1857,images/img03494.jpg,73.0,69.35455624951088,3.6454437504891217,validation
img03515,1870,images/img03515.jpg,65.0,59.17689516924816,5.823104830751845,validation
img03516,1870,images/img03516.jpg,65.0,64.57600192360913,0.4239980763908733,validation
img03517,1871,images/img03517.jpg,67.0,68.0858578580347,1.0858578580347,validation
img03518,1871,images/img03518.jpg,67.0,69.81982592864665,2.819825928646651,validation
img03540,1883,images/img03540.jpg,65.0,68.86365940642753,3.86365940642753,validation
img03541,1883,images/img03541.jpg,65.0,63.99646135516637,1.0035386448336323,validation
img03632,1930,images/img03632.jpg,79.0,68.42468107299284,10.57531892700716,validation
img03633,1930,images/img03633.jpg,79.0,50.568217885169865,28.43178211483013,validation
img03653,1941,images/img03653.jpg,73.0,69.82872640038792,3.1712735996120784,validation
img03701,1965,images/img03701.jpg,66.0,65.80026939136232,0.1997306086376795,validation
img03702,1965,images/img03702.jpg,66.0,60.41347726470219,5.586522735297812,validation
img03736,1984,images/img03736.jpg,69.0,63.18827594542376,5.811724054576246,validation
img03737,1984,images/img03737.jpg,69.0,64.46957961228107,4.530420387718934,validation
img03743,1988,images/img03743.jpg,60.0,62.45308018419478,2.453080184194782,validation
img03744,1988,images/img03744.jpg,60.0,67.21844630343911,7.218446303439109,validation
img03757,1995,images/img03757.jpg,70.0,82.6752557153493,12.675255715349294,validation
img03758,1995,images/img03758.jpg,70.0,73.57137531289413,3.571375312894133,validation
img03759,1996,images/img03759.jpg,84.0,84.96834703649343,0.9683470364934266,validation
img03796,2017,images/img03796.jpg,37.0,36.5250806189442,0.4749193810557983,validation
img03797,2017,images/img03797.jpg,37.0,38.01150411476283,1.011504114762829,validation
img03814,2026,images/img03814.jpg,16.0,48.08391856174394,32.08391856174394,validation
img03815,2026,images/img03815.jpg,16.0,20.068329763267197,4.068329763267194,validation
img03858,2048,images/img03858.jpg,23.0,24.96118551556804,1.96118551556804,validation
img03859,2048,images/img03859.jpg,23.0,27.33517395616812,4.335173956168116,validation
img03874,2056,images/img03874.jpg,29.0,28.748445847823834,0.2515541521761655,validation
img03875,2056,images/img03875.jpg,29.0,26.71988426835189,2.280115731648109,validation
img03894,2066,images/img03894.jpg,38.0,32.80601615704513,5.193983842954872,validation
img03895,2066,images/img03895.jpg,38.0,27.818104980651032,10.181895019348968,validation
img03933,2086,images/img03933.jpg,38.0,44.42133790476482,6.421337904764819,validation
img03934,2086,images/img03934.jpg,38.0,37.163421448865975,0.8365785511340249,validation
img03947,2093,images/img03947.jpg,63.0,61.41146869701536,1.5885313029846415,validation
img04017,2132,images/img04017.jpg,71.0,74.73018270656104,3.7301827065610382,validation
img04024,2136,images/img04024.jpg,45.0,38.92883618069439,6.07116381930561,validation
img04025,2136,images/img04025.jpg,45.0,41.44351772955446,3.5564822704455423,validation
img04033,2141,images/img04033.jpg,68.0,72.77854842457,4.778548424570005,validation
img04034,2141,images/img04034.jpg,68.0,73.64576803172945,5.645768031729446,validation
img04053,2151,images/img04053.jpg,46.0,38.28350017545728,7.716499824542716,validation
img04054,2151,images/img04054.jpg,46.0,39.70857138138438,6.291428618615619,validation
img04096,2173,images/img04096.jpg,72.0,68.854803649714,3.145196350286,validation
img04097,2173,images/img04097.jpg,72.0,72.50495898203337,0.5049589820333722,validation
img04119,2185,images/img04119.jpg,49.0,58.65394446758993,9.65394446758993,validation
img04120,2185,images/img04120.jpg,49.0,58.40741900008281,9.407419000082813,validation
img04180,2216,images/img04180.jpg,50.0,56.48791716878095,6.487917168780953,validation
img04181,2216,images/img04181.jpg,50.0,41.77200632005233,8.227993679947673,validation
img04197,2226,images/img04197.jpg,47.0,48.97223002936657,1.972230029366571,validation
img04199,2228,images/img04199.jpg,64.0,55.05106818813852,8.948931811861478,validation
img04200,2228,images/img04200.jpg,64.0,50.06256017518513,13.937439824814868,validation
img04203,2230,images/img04203.jpg,22.0,24.843944894052814,2.843944894052818,validation
img04204,2230,images/img04204.jpg,22.0,22.797735056558928,0.7977350565589276,validation
img04215,2236,images/img04215.jpg,72.0,61.00470972228871,10.995290277711293,validation
img04216,2236,images/img04216.jpg,72.0,34.82834380728376,37.17165619271624,validation
img04219,2238,images/img04219.jpg,63.0,66.47127945679561,3.471279456795614,validation
img04220,2238,images/img04220.jpg,63.0,63.438549227519694,0.4385492275196938,validation
img04278,2269,images/img04278.jpg,54.0,58.9545938635301,4.9545938635301,validation
img04279,2269,images/img04279.jpg,54.0,63.63763034651514,9.637630346515138,validation
img04284,2272,images/img04284.jpg,56.0,52.31938597291592,3.680614027084076,validation
img04285,2272,images/img04285.jpg,56.0,58.77114800835045,2.771148008350444,validation
img04304,2283,images/img04304.jpg,64.0,59.63339088745286,4.366609112547138,validation
img04305,2283,images/img04305.jpg,64.0,61.034458303061456,2.965541696938544,validation
img04319,2292,images/img04319.jpg,73.0,59.96736361251157,13.03263638748843,validation
img04320,2292,images/img04320.jpg,73.0,50.327641765736274,22.67235823426373,validation
img04340,2303,images/img04340.jpg,77.0,73.76823158660687,3.2317684133931266,validation
img04349,2308,images/img04349.jpg,77.0,79.88375106401963,2.883751064019634,validation
img04350,2308,images/img04350.jpg,77.0,81.9483638619549,4.948363861954903,validation
img04351,2309,images/img04351.jpg,84.0,86.40847411944395,2.408474119443952,validation
img04352,2309,images/img04352.jpg,84.0,76.89197107527072,7.1080289247292825,validation
img04359,2313,images/img04359.jpg,29.0,33.349630927224325,4.349630927224325,validation
img04360,2313,images/img04360.jpg,29.0,31.990638716804074,2.9906387168040744,validation
img04363,2315,images/img04363.jpg,43.0,65.0402709676729,22.040270967672896,validation
img04364,2315,images/img04364.jpg,43.0,66.18450562473808,23.18450562473808,validation
img04395,2332,images/img04395.jpg,63.0,52.34346174352299,10.656538256477011,validation
img04396,2332,images/img04396.jpg,63.0,63.603713452668615,0.6037134526686145,validation
img04425,2348,images/img04425.jpg,65.0,73.4217893671659,8.4217893671659,validation
img04426,2348,images/img04426.jpg,65.0,67.2825022165933,2.2825022165933007,validation
img04449,2360,images/img04449.jpg,52.0,55.69871219770383,3.698712197703827,validation
img04450,2360,images/img04450.jpg,52.0,73.84957803756107,21.849578037561077,validation
img04470,2371,images/img04470.jpg,33.0,50.5366310805128,17.536631080512798,validation
img04471,2371,images/img04471.jpg,33.0,32.68984215253309,0.3101578474669111,validation
img04530,2401,images/img04530.jpg,74.0,79.44030449964218,5.440304499642181,validation
img04531,2401,images/img04531.jpg,74.0,78.54414772587192,4.544147725871923,validation
img04534,2403,images/img04534.jpg,77.0,78.41778305747673,1.4177830574767256,validation
img04535,2403,images/img04535.jpg,77.0,76.95130682647218,0.0486931735278233,validation
img04562,2418,images/img04562.jpg,68.0,69.33194244218885,1.331942442188847,validation
img04563,2418,images/img04563.jpg,68.0,67.66902218821512,0.3309778117848765,validation
img04590,2432,images/img04590.jpg,40.0,54.562066008029376,14.562066008029376,validation
img04591,2432,images/img04591.jpg,40.0,51.136564973436606,11.136564973436606,validation
img04597,2436,images/img04597.jpg,29.0,25.727243370821547,3.2727566291784527,validation
img04598,2436,images/img04598.jpg,29.0,22.47464825953422,6.52535174046578,validation
img04600,2437,images/img04600.jpg,50.0,46.710300174810754,3.289699825189245,validation
img04651,2463,images/img04651.jpg,77.0,80.09894595215822,3.0989459521582177,validation
img04652,2463,images/img04652.jpg,77.0,69.682206160586,7.317793839413994,validation
img04669,2472,images/img04669.jpg,69.0,76.96370488587111,7.96370488587111,validation
img04670,2472,images/img04670.jpg,69.0,63.465620359680166,5.534379640319834,validation
img04687,2481,images/img04687.jpg,49.0,54.4656955804069,5.465695580406901,validation
img04688,2481,images/img04688.jpg,49.0,55.63316296621467,6.63316296621467,validation
img04743,2509,images/img04743.jpg,39.0,47.63154426036441,8.631544260364407,validation
img04744,2509,images/img04744.jpg,39.0,48.37632703260202,9.37632703260202,validation
img04747,2511,images/img04747.jpg,58.0,46.25184026721675,11.74815973278325,validation
img04748,2511,images/img04748.jpg,58.0,70.22005051096579,12.220050510965793,validation
img04763,2519,images/img04763.jpg,56.0,71.24998483224229,15.24998483224229,validation
img04764,2519,images/img04764.jpg,56.0,66.70119376863914,10.701193768639143,validation
img04841,2558,images/img04841.jpg,77.0,69.38278997239262,7.617210027607385,validation
img04842,2558,images/img04842.jpg,77.0,76.49118046613702,0.508819533862976,validation
img04899,2589,images/img04899.jpg,56.0,61.66019549351773,5.660195493517733,validation
img04900,2589,images/img04900.jpg,56.0,69.89190655336465,13.891906553364649,validation
img04909,2594,images/img04909.jpg,60.0,66.14895063402163,6.148950634021631,validation
img04910,2594,images/img04910.jpg,60.0,63.53648113662919,3.5364811366291846,validation
img04937,2608,images/img04937.jpg,42.0,39.191111630602194,2.808888369397806,validation
img04938,2608,images/img04938.jpg,42.0,39.09986352752949,2.900136472470507,validation
img04948,2614,images/img04948.jpg,70.0,75.93332450492763,5.933324504927626,validation
img04949,2614,images/img04949.jpg,70.0,78.61410602268788,8.614106022687878,validation
img04954,2617,images/img04954.jpg,42.0,50.02995528568914,8.029955285689141,validation
img04957,2619,images/img04957.jpg,89.0,79.46791439335641,9.53208560664359,validation
img04958,2619,images/img04958.jpg,89.0,72.42057518102409,16.57942481897591,validation
img04961,2621,images/img04961.jpg,60.0,58.3876173317615,1.612382668238503,validation
img05037,2660,images/img05037.jpg,68.0,66.48828207344141,1.511717926558589,validation
img05038,2660,images/img05038.jpg,68.0,69.07008142424547,1.0700814242454726,validation
img05041,2662,images/img05041.jpg,57.0,56.67544429268923,0.3245557073107719,validation
img05042,2662,images/img05042.jpg,57.0,58.31377591649992,1.313775916499914,validation
img05049,2666,images/img05049.jpg,49.0,53.73045592210802,4.730455922108021,validation
img05050,2666,images/img05050.jpg,49.0,52.43240047900444,3.432400479004436,validation
img05055,2669,images/img05055.jpg,50.0,43.84539307891867,6.1546069210813314,validation
img05056,2669,images/img05056.jpg,50.0,45.967294552273216,4.032705447726784,validation
img05082,2683,images/img05082.jpg,31.0,24.36651927103417,6.633480728965829,validation
img05083,2683,images/img05083.jpg,31.0,36.85466309170607,5.8546630917060725,validation
img05084,2684,images/img05084.jpg,71.0,74.31314200198011,3.313142001980111,validation
img05085,2684,images/img05085.jpg,71.0,57.381757690481614,13.618242309518386,validation
img05100,2692,images/img05100.jpg,13.0,37.865966514960775,24.86596651496077,validation
img05101,2692,images/img05101.jpg,13.0,31.312974837120883,18.312974837120883,validation
img05102,2693,images/img05102.jpg,58.0,63.752911141082805,5.752911141082805,validation
img05103,2693,images/img05103.jpg,58.0,54.1291214768136,3.8708785231863994,validation
img05115,2700,images/img05115.jpg,55.0,51.51915656627985,3.4808434337201533,validation
img05126,2706,images/img05126.jpg,60.0,72.8043097336008,12.804309733600803,validation
img05127,2706,images/img05127.jpg,60.0,70.97790806637582,10.977908066375818,validation
img05132,2709,images/img05132.jpg,54.0,55.61670592743784,1.6167059274378346,validation
img05133,2709,images/img05133.jpg,54.0,48.905554469953046,5.094445530046954,validation
img05135,2711,images/img05135.jpg,21.0,43.07161915485381,22.071619154853813,validation
img05136,2711,images/img05136.jpg,21.0,54.84098280987713,33.84098280987713,validation
img05143,2715,images/img05143.jpg,36.0,40.90587296088386,4.905872960883862,validation
img05144,2715,images/img05144.jpg,36.0,49.57469795563077,13.574697955630768,validation
img05153,2720,images/img05153.jpg,23.0,39.18215553772886,16.18215553772886,validation
img05154,2720,images/img05154.jpg,23.0,34.725396726099504,11.725396726099504,validation
img05175,2731,images/img05175.jpg,34.0,30.075238875829054,3.924761124170942,validation
img05176,2731,images/img05176.jpg,34.0,27.35920228522136,6.640797714778643,validation
img05186,2737,images/img05186.jpg,28.0,32.93226522073445,4.93226522073445,validation
img05187,2737,images/img05187.jpg,28.0,38.063510963856544,10.063510963856544,validation
img05198,2743,images/img05198.jpg,74.0,85.42895108419812,11.428951084198118,validation
img05199,2743,images/img05199.jpg,74.0,81.09137963370635,7.091379633706353,validation
img05210,2749,images/img05210.jpg,63.0,66.71232344810484,3.71232344810484,validation
img05211,2749,images/img05211.jpg,63.0,65.97890374596552,2.9789037459655248,validation
img05241,2765,images/img05241.jpg,37.0,44.18275705711785,7.182757057117847,validation
img05242,2765,images/img05242.jpg,37.0,43.85964626666362,6.859646266663617,validation
img05243,2766,images/img05243.jpg,47.0,63.38155283569637,16.381552835696368,validation
img05244,2766,images/img05244.jpg,47.0,65.40550876731102,18.40550876731102,validation
img05271,2780,images/img05271.jpg,75.0,72.56174706726405,2.438252932735949,validation
img05272,2780,images/img05272.jpg,75.0,72.42010294670673,2.5798970532932657,validation
img05273,2781,images/img05273.jpg,74.0,74.20077313726776,0.2007731372677597,validation
img05274,2781,images/img05274.jpg,74.0,72.92540893482692,1.074591065173081,validation
img05295,2792,images/img05295.jpg,59.0,51.56427402927021,7.435725970729791,validation
img05296,2792,images/img05296.jpg,59.0,68.39889795175338,9.398897951753383,validation
img05299,2794,images/img05299.jpg,35.0,38.945062282712094,3.945062282712094,validation
img05300,2794,images/img05300.jpg,35.0,43.498074008689805,8.498074008689805,validation
img05304,2796,images/img05304.jpg,66.0,74.78290717731947,8.782907177319473,validation
img05305,2797,images/img05305.jpg,27.0,50.74734137855212,23.74734137855212,validation
img05306,2797,images/img05306.jpg,27.0,35.6412128435296,8.641212843529601,validation
img05313,2801,images/img05313.jpg,64.0,58.59946956708701,5.400530432912987,validation
img05314,2801,images/img05314.jpg,64.0,55.532920326250895,8.467079673749105,validation
img05336,2813,images/img05336.jpg,69.0,67.89354724860546,1.106452751394542,validation
img05339,2814,images/img05339.jpg,75.0,67.85542496093043,7.144575039069565,validation
img05342,2816,images/img05342.jpg,73.0,72.67170895475144,0.3282910452485623,validation
img05343,2816,images/img05343.jpg,73.0,72.40479731989423,0.5952026801057713,validation
img05358,2824,images/img05358.jpg,24.0,21.58054619581916,2.41945380418084,validation
img05439,2865,images/img05439.jpg,58.0,69.86267601254742,11.862676012547425,validation
img05440,2865,images/img05440.jpg,58.0,61.27143050032019,3.271430500320193,validation
img05445,2868,images/img05445.jpg,67.0,59.38129355940824,7.618706440591765,validation
img05446,2868,images/img05446.jpg,67.0,73.701658544574,6.701658544574002,validation
img05450,2871,images/img05450.jpg,67.0,78.81410216383637,11.814102163836369,validation
img05451,2871,images/img05451.jpg,67.0,77.50627921369751,10.50627921369751,validation
img05457,2874,images/img05457.jpg,69.0,72.74413421236616,3.7441342123661623,validation
img05460,2876,images/img05460.jpg,69.0,56.23286455911632,12.767135440883685,validation
img05461,2876,images/img05461.jpg,69.0,62.93780417222906,6.062195827770943,validation
img05477,2885,images/img05477.jpg,69.0,72.89150403769516,3.8915040376951566,validation
img05478,2885,images/img05478.jpg,69.0,70.26533919979407,1.2653391997940702,validation
img05489,2892,images/img05489.jpg,56.0,59.92300848621367,3.923008486213668,validation
img05504,2900,images/img05504.jpg,76.0,63.92856158554213,12.071438414457871,validation
img05505,2900,images/img05505.jpg,76.0,71.654624205593,4.345375794407005,validation
img05522,2909,images/img05522.jpg,68.0,62.70469273590208,5.2953072640979215,validation
img05523,2909,images/img05523.jpg,68.0,68.22532075772662,0.2253207577266209,validation
img05546,2921,images/img05546.jpg,82.0,77.69196000230639,4.308039997693612,validation
img05547,2921,images/img05547.jpg,82.0,81.88273965099849,0.117260349001512,validation
img05552,2924,images/img05552.jpg,38.0,43.90108946310621,5.90108946310621,validation
img05560,2928,images/img05560.jpg,57.0,51.91530499210676,5.084695007893238,validation
img05561,2928,images/img05561.jpg,57.0,54.61121164065291,2.388788359347089,validation
img05563,2929,images/img05563.jpg,79.0,81.03819928778705,2.038199287787052,validation
img05603,2951,images/img05603.jpg,66.0,59.06927454970717,6.930725450292833,validation
img05650,2975,images/img05650.jpg,53.0,50.61398971441984,2.386010285580163,validation
img05651,2975,images/img05651.jpg,53.0,60.37378940575103,7.373789405751026,validation
img05689,2996,images/img05689.jpg,48.0,48.83839249828653,0.8383924982865238,validation
img05690,2996,images/img05690.jpg,48.0,43.83490795021869,4.165092049781308,validation
img05697,3000,images/img05697.jpg,89.0,82.43373349136533,6.566266508634669,validation
img05698,3000,images/img05698.jpg,89.0,80.45669234873412,8.543307651265877,validation
img05706,3004,images/img05706.jpg,46.0,51.74854029614786,5.748540296147858,validation
img05707,3005,images/img05707.jpg,35.0,33.90849243125267,1.091507568747332,validation
img05708,3005,images/img05708.jpg,35.0,36.27710198119866,1.277101981198662,validation
img05725,3014,images/img05725.jpg,84.0,82.01832433999172,1.9816756600082783,validation
img05726,3014,images/img05726.jpg,84.0,75.4641973366914,8.535802663308601,validation
img05731,3017,images/img05731.jpg,73.0,78.80235410825532,5.802354108255315,validation
img05732,3017,images/img05732.jpg,73.0,71.30393951156881,1.6960604884311865,validation
img05735,3019,images/img05735.jpg,87.0,75.49895509118153,11.501044908818471,validation
img05736,3019,images/img05736.jpg,87.0,66.11766211131791,20.882337888682088,validation
img05743,3023,images/img05743.jpg,82.0,81.42269399583535,0.5773060041646545,validation
img05744,3023,images/img05744.jpg,82.0,82.64352331419946,0.6435233141994559,validation
img05747,3025,images/img05747.jpg,55.0,55.90717883743048,0.9071788374304788,validation
img05748,3025,images/img05748.jpg,55.0,57.5845119854144,2.5845119854143945,validation
img05753,3028,images/img05753.jpg,73.0,53.45048095548793,19.549519044512067,validation
img05754,3028,images/img05754.jpg,73.0,64.19889664654758,8.801103353452419,validation
img05757,3030,images/img05757.jpg,31.0,39.62679086747795,8.62679086747795,validation
img05769,3036,images/img05769.jpg,65.0,52.72432690005126,12.27567309994874,validation
img05770,3036,images/img05770.jpg,65.0,66.9470053634549,1.947005363454906,validation
img05771,3037,images/img05771.jpg,75.0,77.47796914808549,2.477969148085492,validation
img05772,3037,images/img05772.jpg,75.0,62.01690799140344,12.983092008596564,validation
img05804,3054,images/img05804.jpg,67.0,61.35445376481468,5.645546235185321,validation
img05805,3054,images/img05805.jpg,67.0,79.87443725092437,12.874437250924371,validation
img05931,3120,images/img05931.jpg,39.0,48.71534328560674,9.715343285606744,validation
img05932,3120,images/img05932.jpg,39.0,54.61643184748903,15.616431847489023,validation
img05983,3147,images/img05983.jpg,81.0,73.43455278105978,7.565447218940221,validation
img05989,3151,images/img05989.jpg,60.0,50.70980583928989,9.290194160710108,validation
img05990,3151,images/img05990.jpg,60.0,61.2604878605437,1.260487860543698,validation
img06001,3157,images/img06001.jpg,62.0,51.295405839296734,10.704594160703266,validation
img06002,3157,images/img06002.jpg,62.0,58.29575576032041,3.704244239679589,validation
img06020,3168,images/img06020.jpg,68.0,74.63100477503218,6.631004775032181,validation
img06021,3168,images/img06021.jpg,68.0,65.08199281508105,2.918007184918949,validation
img06043,3180,images/img06043.jpg,54.0,59.02787279646102,5.027872796461018,validation
img06044,3180,images/img06044.jpg,54.0,66.02985379354996,12.02985379354996,validation
img06065,3191,images/img06065.jpg,51.0,45.52577836836164,5.474221631638358,validation
img06066,3191,images/img06066.jpg,51.0,42.23248385694683,8.767516143053172,validation
img06166,3243,images/img06166.jpg,51.0,56.376769242448006,5.376769242448006,validation
img06182,3252,images/img06182.jpg,66.0,60.63453200269567,5.365467997304329,validation
img06183,3252,images/img06183.jpg,66.0,64.2645748427204,1.7354251572795931,validation
img06198,3260,images/img06198.jpg,50.0,63.75012899386898,13.750128993868984,validation
img06199,3261,images/img06199.jpg,51.0,54.03745185280867,3.0374518528086725,validation
img06200,3261,images/img06200.jpg,51.0,45.63495283511662,5.365047164883379,validation
img06201,3262,images/img06201.jpg,32.0,29.61543097374024,2.384569026259758,validation
img06202,3262,images/img06202.jpg,32.0,38.97794418725799,6.9779441872579895,validation
img06216,3271,images/img06216.jpg,67.0,63.73368858690125,3.266311413098748,validation
img06239,3283,images/img06239.jpg,38.0,45.20449325977175,7.204493259771752,validation
img06244,3286,images/img06244.jpg,51.0,60.21596662472983,9.21596662472983,validation
img06245,3286,images/img06245.jpg,51.0,67.11271053137844,16.11271053137844,validation
img06282,3305,images/img06282.jpg,58.0,68.94142647394162,10.941426473941618,validation
img06283,3305,images/img06283.jpg,58.0,61.85803549784077,3.858035497840767,validation
img06299,3314,images/img06299.jpg,83.0,62.50771540443131,20.49228459556869,validation
img06310,3320,images/img06310.jpg,44.0,46.65052599821534,2.6505259982153437,validation
img06311,3320,images/img06311.jpg,44.0,46.499999946294125,2.4999999462941247,validation
img06337,3334,images/img06337.jpg,53.0,63.42163767684504,10.421637676845036,validation
img06338,3334,images/img06338.jpg,53.0,53.27982877864167,0.2798287786416722,validation
img06392,3362,images/img06392.jpg,40.0,42.5738732782531,2.573873278253103,validation
img06393,3362,images/img06393.jpg,40.0,50.68671216337748,10.68671216337748,validation
img06462,3398,images/img06462.jpg,67.0,76.48222437326369,9.48222437326369,validation
img06463,3398,images/img06463.jpg,67.0,64.73939826924664,2.260601730753365,validation
img06473,3404,images/img06473.jpg,42.0,43.94880366953683,1.9488036695368292,validation
img06474,3404,images/img06474.jpg,42.0,36.55327071740863,5.44672928259137,validation
img06499,3417,images/img06499.jpg,64.0,61.78825497052534,2.2117450294746632,validation
img06558,3448,images/img06558.jpg,36.0,48.23501064047973,12.235010640479729,validation
img06559,3448,images/img06559.jpg,36.0,60.00789587659025,24.007895876590247,validation
img06572,3455,images/img06572.jpg,87.0,83.40655799733352,3.593442002666478,validation
img06573,3455,images/img06573.jpg,87.0,84.01259494623872,2.987405053761279,validation
img06587,3464,images/img06587.jpg,55.0,51.44458389672314,3.555416103276862,validation
img06588,3464,images/img06588.jpg,55.0,57.40758334552795,2.4075833455279465,validation
img06616,3481,images/img06616.jpg,57.0,56.974201956670726,0.0257980433292743,validation
img06617,3481,images/img06617.jpg,57.0,59.930441268965126,2.930441268965126,validation
img06639,3493,images/img06639.jpg,86.0,85.80624558216974,0.193754417830263,validation
img06640,3493,images/img06640.jpg,86.0,83.2078444140539,2.792155585946105,validation
img06656,3502,images/img06656.jpg,73.0,77.71489772092693,4.714897720926928,validation
img06657,3502,images/img06657.jpg,73.0,65.78813198785681,7.211868012143185,validation
img06692,3521,images/img06692.jpg,75.0,83.18101103496775,8.181011034967753,validation
img06695,3523,images/img06695.jpg,85.0,82.20479691177474,2.7952030882252643,validation
img06755,3555,images/img06755.jpg,49.0,56.50272152377333,7.502721523773332,validation
img06756,3555,images/img06756.jpg,49.0,57.6713780157685,8.671378015768504,validation
img06774,3565,images/img06774.jpg,58.0,54.85657444927562,3.1434255507243805,validation
img06782,3569,images/img06782.jpg,25.0,31.705799627654145,6.7057996276541445,validation
img06783,3569,images/img06783.jpg,25.0,32.55002153261924,7.55002153261924,validation
img06834,3595,images/img06834.jpg,67.0,65.73096000775382,1.269039992246178,validation
img06835,3595,images/img06835.jpg,67.0,70.51563320348824,3.5156332034882354,validation
img06906,3632,images/img06906.jpg,87.0,84.82166865817877,2.1783313418212344,validation
img06907,3632,images/img06907.jpg,87.0,76.4689974499359,10.531002550064102,validation
img06908,3633,images/img06908.jpg,82.0,70.17929985214796,11.820700147852037,validation
img06909,3633,images/img06909.jpg,82.0,71.67342742006318,10.326572579936824,validation
img06910,3634,images/img06910.jpg,51.0,63.58034058048542,12.58034058048542,validation
img06911,3634,images/img06911.jpg,51.0,50.49764993712203,0.5023500628779729,validation
img06924,3641,images/img06924.jpg,72.0,45.61709081744986,26.382909182550137,validation
img06925,3641,images/img06925.jpg,72.0,65.62418270272993,6.375817297270075,validation
img06939,3649,images/img06939.jpg,70.0,74.99125848499287,4.991258484992869,validation
img06971,3667,images/img06971.jpg,59.0,59.9100523069258,0.9100523069257987,validation
img06997,3681,images/img06997.jpg,75.0,67.95492789436824,7.0450721056317605,validation
img06998,3681,images/img06998.jpg,75.0,68.58762699652165,6.412373003478351,validation
img07005,3685,images/img07005.jpg,78.0,72.85801139130695,5.141988608693055,validation
img07006,3685,images/img07006.jpg,78.0,79.92520298534569,1.925202985345692,validation
img07103,3737,images/img07103.jpg,80.0,86.22485240333202,6.224852403332022,validation
img07104,3737,images/img07104.jpg,80.0,82.68150709434953,2.681507094349527,validation
img07129,3750,images/img07129.jpg,53.0,37.07088533487226,15.929114665127742,validation
img07130,3750,images/img07130.jpg,53.0,27.02865135039525,25.97134864960475,validation
img07135,3753,images/img07135.jpg,34.0,34.63998447945218,0.6399844794521812,validation
img07136,3753,images/img07136.jpg,34.0,36.91925340397229,2.9192534039722844,validation
img07139,3755,images/img07139.jpg,80.0,79.02429769375145,0.97570230624855,validation
img07140,3755,images/img07140.jpg,80.0,83.76685860354281,3.766858603542815,validation
img07151,3761,images/img07151.jpg,56.0,54.44720755235178,1.5527924476482229,validation
img07152,3761,images/img07152.jpg,56.0,56.38317221629839,0.3831722162983908,validation
img07163,3768,images/img07163.jpg,37.0,34.01679004721975,2.98320995278025,validation
img07164,3768,images/img07164.jpg,37.0,36.34771682549511,0.6522831745048876,validation
img07167,3770,images/img07167.jpg,44.0,67.004507798519,23.004507798519,validation
img07168,3770,images/img07168.jpg,44.0,65.1633676219065,21.163367621906502,validation
img07179,3776,images/img07179.jpg,28.0,32.530109167339006,4.530109167339006,validation
img07180,3776,images/img07180.jpg,28.0,29.07139304671316,1.0713930467131585,validation
img07277,3827,images/img07277.jpg,16.0,15.892513289711722,0.1074867102882777,validation
img07281,3829,images/img07281.jpg,22.0,27.27135143364653,5.271351433646526,validation
img07282,3829,images/img07282.jpg,22.0,20.702436843489217,1.2975631565107832,validation
img07303,3840,images/img07303.jpg,34.0,35.22884867648409,1.2288486764840911,validation
img07319,3848,images/img07319.jpg,22.0,19.63923126974233,2.360768730257668,validation
img07320,3848,images/img07320.jpg,22.0,26.63546229597747,4.635462295977469,validation
img07321,3849,images/img07321.jpg,29.0,32.896144203203434,3.896144203203434,validation
img07341,3859,images/img07341.jpg,39.0,48.95644616987933,9.956446169879328,validation
img07342,3859,images/img07342.jpg,39.0,51.19056982084304,12.190569820843038,validation
img07373,3875,images/img07373.jpg,57.0,52.31964608350412,4.680353916495882,validation
img07374,3875,images/img07374.jpg,57.0,54.50652339991285,2.493476600087156,validation
img07398,3888,images/img07398.jpg,41.0,52.8865901014492,11.8865901014492,validation
img07399,3888,images/img07399.jpg,41.0,50.1513227770817,9.151322777081702,validation
img07436,3908,images/img07436.jpg,83.0,53.8730161554288,29.1269838445712,validation
img07437,3908,images/img07437.jpg,83.0,64.3031197419381,18.696880258061896,validation
img07444,3912,images/img07444.jpg,73.0,71.48429157760351,1.5157084223964858,validation
img07493,3937,images/img07493.jpg,71.0,73.7029585522098,2.702958552209793,validation
img07498,3940,images/img07498.jpg,72.0,74.73462476285343,2.7346247628534286,validation
img07499,3940,images/img07499.jpg,72.0,73.55347839569353,1.5534783956935314,validation
img07502,3942,images/img07502.jpg,35.0,31.762572444338765,3.237427555661234,validation
img07503,3942,images/img07503.jpg,35.0,32.15209486648181,2.8479051335181893,validation
img07504,3943,images/img07504.jpg,69.0,45.66944884310291,23.330551156897087,validation
img07505,3943,images/img07505.jpg,69.0,66.83768039246021,2.1623196075397857,validation
img07542,3963,images/img07542.jpg,54.0,73.12487176747382,19.12487176747382,validation
img07583,3985,images/img07583.jpg,80.0,58.77720553134627,21.22279446865373,validation
img07584,3985,images/img07584.jpg,80.0,61.76567606273715,18.23432393726285,validation
img07611,3999,images/img07611.jpg,47.0,54.85534533131797,7.85534533131797,validation
img07612,3999,images/img07612.jpg,47.0,57.85216578067106,10.852165780671058,validation
img07647,4017,images/img07647.jpg,59.0,64.50159393622775,5.501593936227749,validation
img07648,4017,images/img07648.jpg,59.0,61.3764535584631,2.3764535584630977,validation
img07655,4021,images/img07655.jpg,84.0,81.53164597806204,2.468354021937955,validation
img07673,4030,images/img07673.jpg,78.0,80.36982304654873,2.3698230465487318,validation
img07674,4030,images/img07674.jpg,78.0,67.68944823100917,10.310551768990834,validation
img07692,4040,images/img07692.jpg,57.0,55.64810487444787,1.351895125552133,validation
img07715,4052,images/img07715.jpg,82.0,73.87778013274026,8.122219867259744,validation
img07716,4052,images/img07716.jpg,82.0,64.16893866857176,17.831061331428245,validation
img07721,4055,images/img07721.jpg,65.0,59.37241517252824,5.627584827471765,validation
img07722,4055,images/img07722.jpg,65.0,68.71405819215323,3.714058192153232,validation
img07732,4062,images/img07732.jpg,59.0,70.35092812533149,11.350928125331492,validation
img07733,4062,images/img07733.jpg,59.0,58.47194360307045,0.52805639692955,validation
img07778,4087,images/img07778.jpg,49.0,60.86682057345118,11.86682057345118,validation
img07779,4087,images/img07779.jpg,49.0,49.34231613768326,0.3423161376832624,validation
img07823,4110,images/img07823.jpg,65.0,59.18508238176644,5.814917618233565,validation
img07824,4110,images/img07824.jpg,65.0,64.87112383322376,0.1288761667762372,validation
img07828,4113,images/img07828.jpg,54.0,69.46548441784164,15.465484417841637,validation
img07829,4113,images/img07829.jpg,54.0,61.86837012230103,7.86837012230103,validation
img07832,4115,images/img07832.jpg,75.0,21.217207148944368,53.78279285105563,validation
img07833,4115,images/img07833.jpg,75.0,21.850070933273123,53.14992906672688,validation
img07861,4130,images/img07861.jpg,64.0,44.00603454260318,19.99396545739682,validation
img07878,4138,images/img07878.jpg,45.0,44.53909111318341,0.4609088868165898,validation
img07893,4146,images/img07893.jpg,27.0,31.71800792083779,4.718007920837788,validation
img07904,4152,images/img07904.jpg,77.0,74.19155529789057,2.8084447021094263,validation
img07905,4152,images/img07905.jpg,77.0,78.75622128695213,1.756221286952126,validation
img07935,4168,images/img07935.jpg,71.0,60.00726441314971,10.992735586850287,validation
img07936,4168,images/img07936.jpg,71.0,71.71147118378704,0.7114711837870402,validation
img07957,4179,images/img07957.jpg,80.0,83.57648819007333,3.5764881900733343,validation
img07969,4186,images/img07969.jpg,43.0,43.44106562015172,0.4410656201517184,validation
img07970,4186,images/img07970.jpg,43.0,46.0423830805646,3.0423830805645977,validation
img07981,4192,images/img07981.jpg,34.0,40.09175953813431,6.091759538134312,validation
img07982,4192,images/img07982.jpg,34.0,45.33228008417119,11.332280084171188,validation
img08001,4203,images/img08001.jpg,83.0,64.67985366614731,18.32014633385269,validation
img08002,4203,images/img08002.jpg,83.0,69.05236882020799,13.947631179792012,validation
img08003,4204,images/img08003.jpg,63.0,57.82373602056405,5.176263979435952,validation
img08004,4204,images/img08004.jpg,63.0,67.88076311311335,4.880763113113346,validation
img08049,4227,images/img08049.jpg,61.0,60.4713439636508,0.5286560363491972,validation
img08050,4227,images/img08050.jpg,61.0,53.14082857042583,7.859171429574175,validation
img08057,4231,images/img08057.jpg,66.0,72.2708038315223,6.270803831522301,validation
img08058,4231,images/img08058.jpg,66.0,69.53201601667806,3.5320160166780568,validation
img08106,4256,images/img08106.jpg,54.0,43.104906766480674,10.895093233519326,validation
img08107,4256,images/img08107.jpg,54.0,42.59007320562043,11.409926794379572,validation
img08117,4262,images/img08117.jpg,71.0,75.55573663274961,4.555736632749614,validation
img08118,4262,images/img08118.jpg,71.0,72.78248007517989,1.7824800751798904,validation
img08125,4266,images/img08125.jpg,77.0,71.01141380008923,5.98858619991077,validation
img08126,4266,images/img08126.jpg,77.0,61.73610852329623,15.263891476703767,validation
img08135,4271,images/img08135.jpg,27.0,28.53936492177096,1.5393649217709608,validation
img08136,4271,images/img08136.jpg,27.0,31.732366897794712,4.732366897794712,validation
img08141,4274,images/img08141.jpg,68.0,75.73473307001646,7.7347330700164605,validation
img08142,4274,images/img08142.jpg,68.0,75.47879842916439,7.478798429164385,validation
img08161,4284,images/img08161.jpg,70.0,68.3666835007923,1.6333164992076945,validation
img08162,4284,images/img08162.jpg,70.0,73.99129850084869,3.9912985008486856,validation
img08169,4288,images/img08169.jpg,61.0,61.51714121367093,0.5171412136709321,validation
img08170,4288,images/img08170.jpg,61.0,63.17150290227404,2.1715029022740424,validation
img08209,4309,images/img08209.jpg,72.0,70.45521338551667,1.5447866144833284,validation
img08210,4309,images/img08210.jpg,72.0,72.36105729788038,0.3610572978803787,validation
img08244,4327,images/img08244.jpg,34.0,41.77396723761032,7.7739672376103215,validation
img08261,4336,images/img08261.jpg,64.0,59.06154812009671,4.93845187990329,validation
img08315,4365,images/img08315.jpg,32.0,41.86973155848483,9.86973155848483,validation
img08316,4365,images/img08316.jpg,32.0,44.26320266385465,12.26320266385465,validation
img08317,4366,images/img08317.jpg,55.0,55.123333126019645,0.123333126019645,validation
img08318,4366,images/img08318.jpg,55.0,47.99349386954793,7.006506130452067,validation
img08323,4369,images/img08323.jpg,35.0,28.7532139966356,6.246786003364402,validation
img08377,4399,images/img08377.jpg,38.0,35.39126456334261,2.6087354366573905,validation
img08378,4399,images/img08378.jpg,38.0,31.67470414299701,6.325295857002988,validation
img08381,4401,images/img08381.jpg,46.0,50.22696860730419,4.226968607304187,validation
img08382,4401,images/img08382.jpg,46.0,34.73186840840714,11.268131591592862,validation
img08399,4410,images/img08399.jpg,51.0,51.341912194673135,0.3419121946731351,validation
img08422,4422,images/img08422.jpg,33.0,29.181943863834203,3.818056136165797,validation
img08432,4429,images/img08432.jpg,54.0,59.425958691721625,5.425958691721625,validation
img08433,4429,images/img08433.jpg,54.0,56.99885837508848,2.9988583750884743,validation
img08442,4434,images/img08442.jpg,62.0,53.50738818990838,8.492611810091617,validation
img08456,4442,images/img08456.jpg,72.0,48.9133441549686,23.0866558450314,validation
img08457,4442,images/img08457.jpg,72.0,60.23384336563743,11.766156634362574,validation
img08493,4463,images/img08493.jpg,33.0,42.61957203660408,9.619572036604085,validation
img08494,4463,images/img08494.jpg,33.0,31.83593780814648,1.164062191853521,validation
img08524,4479,images/img08524.jpg,78.0,80.4697185997423,2.469718599742293,validation
img08525,4479,images/img08525.jpg,78.0,83.31296835366183,5.31296835366183,validation
img08532,4483,images/img08532.jpg,54.0,54.46003094981946,0.4600309498194619,validation
img08533,4483,images/img08533.jpg,54.0,57.12861746621071,3.128617466210713,validation
img08538,4486,images/img08538.jpg,16.0,24.108511379749523,8.108511379749523,validation
img08581,4508,images/img08581.jpg,75.0,69.87983349587466,5.120166504125336,validation
img08582,4508,images/img08582.jpg,75.0,74.68740896539055,0.3125910346094542,validation
img08653,4548,images/img08653.jpg,70.0,77.67532601198684,7.67532601198684,validation
img08654,4548,images/img08654.jpg,70.0,75.69358324778027,5.693583247780268,validation
img08655,4549,images/img08655.jpg,64.0,64.31613072440021,0.3161307244002103,validation
img08656,4549,images/img08656.jpg,64.0,55.23290293905647,8.767097060943527,validation
img08724,4584,images/img08724.jpg,55.0,69.91101404814555,14.911014048145546,validation
img08725,4584,images/img08725.jpg,55.0,70.50282071212489,15.502820712124889,validation
img08728,4586,images/img08728.jpg,64.0,60.49604383607798,3.50395616392202,validation
img08729,4586,images/img08729.jpg,64.0,59.17821235399825,4.821787646001752,validation
img08741,4593,images/img08741.jpg,36.0,40.27521766268133,4.275217662681328,validation
img08742,4593,images/img08742.jpg,36.0,34.11044730873827,1.889552691261727,validation
img08778,4612,images/img08778.jpg,78.0,66.03904000522459,11.960959994775408,validation
img08779,4612,images/img08779.jpg,78.0,65.97370807786413,12.026291922135869,validation
img08857,4653,images/img08857.jpg,76.0,74.10443515530565,1.8955648446943485,validation
img08858,4653,images/img08858.jpg,76.0,72.95199147351354,3.048008526486456,validation
img08870,4660,images/img08870.jpg,63.0,69.29466428698873,6.294664286988734,validation
img08871,4660,images/img08871.jpg,63.0,66.06537824717428,3.06537824717428,validation
img08886,4668,images/img08886.jpg,81.0,81.30593542413138,0.305935424131377,validation
img08887,4668,images/img08887.jpg,81.0,78.73132265077358,2.2686773492264223,validation
img08890,4670,images/img08890.jpg,33.0,47.33773053796379,14.337730537963791,validation
img08891,4670,images/img08891.jpg,33.0,40.13264216081449,7.132642160814491,validation
img08903,4676,images/img08903.jpg,64.0,70.10471736709735,6.104717367097351,validation
img08926,4689,images/img08926.jpg,79.0,81.57943870844382,2.579438708443817,validation
img08934,4693,images/img08934.jpg,81.0,72.67021699967951,8.32978300032049,validation
img08935,4693,images/img08935.jpg,81.0,74.36894199415876,6.63105800584124,validation
img08954,4704,images/img08954.jpg,82.0,79.42890762062046,2.571092379379536,validation
img08955,4704,images/img08955.jpg,82.0,78.71731703159685,3.282682968403151,validation
img08971,4713,images/img08971.jpg,63.0,60.51414387947168,2.485856120528325,validation
img08972,4713,images/img08972.jpg,63.0,69.18822834303027,6.188228343030275,validation
img08979,4717,images/img08979.jpg,68.0,71.78506121334388,3.78506121334388,validation
img08980,4717,images/img08980.jpg,68.0,66.7224214101012,1.2775785898987948,validation
img08993,4724,images/img08993.jpg,48.0,43.64617236178783,4.353827638212167,validation
img08994,4724,images/img08994.jpg,48.0,48.77637820786235,0.7763782078623507,validation
img09017,4737,images/img09017.jpg,56.0,50.78982501734751,5.2101749826524895,validation
img09018,4737,images/img09018.jpg,56.0,59.33488808549686,3.334888085496857,validation
img09019,4738,images/img09019.jpg,62.0,59.44033484579287,2.559665154207132,validation
img09020,4738,images/img09020.jpg,62.0,55.12935738539727,6.87064261460273,validation
img09021,4739,images/img09021.jpg,60.0,69.7127432527016,9.7127432527016,validation
img09022,4739,images/img09022.jpg,60.0,58.31544782229324,1.6845521777067631,validation
img09066,4762,images/img09066.jpg,66.0,65.49812449586632,0.5018755041336789,validation
img09067,4762,images/img09067.jpg,66.0,66.10435012037638,0.104350120376381,validation
img09102,4782,images/img09102.jpg,70.0,75.32277133822062,5.322771338220619,validation
img09103,4782,images/img09103.jpg,70.0,75.80010425935248,5.80010425935248,validation
img09112,4787,images/img09112.jpg,58.0,53.67011844522412,4.329881554775881,validation
img09161,4812,images/img09161.jpg,52.0,29.942849675403632,22.057150324596368,validation
img09162,4812,images/img09162.jpg,52.0,31.607073208844437,20.392926791155567,validation
img09163,4813,images/img09163.jpg,78.0,71.80124914399644,6.1987508560035565,validation
img09164,4813,images/img09164.jpg,78.0,71.68981711364579,6.310182886354212,validation
img09168,4815,images/img09168.jpg,40.0,40.762067250448936,0.7620672504489363,validation
img09190,4827,images/img09190.jpg,69.0,70.63246375548077,1.6324637554807708,validation
img09191,4827,images/img09191.jpg,69.0,68.86510337464041,0.1348966253595875,validation
img09211,4838,images/img09211.jpg,77.0,67.06126316543669,9.938736834563317,validation
img09212,4838,images/img09212.jpg,77.0,67.11544796356452,9.88455203643548,validation
img09218,4842,images/img09218.jpg,49.0,50.84586439851613,1.8458643985161345,validation
img09219,4842,images/img09219.jpg,49.0,51.96053042552996,2.96053042552996,validation
img09222,4844,images/img09222.jpg,58.0,59.27174119613832,1.271741196138322,validation
img09223,4844,images/img09223.jpg,58.0,60.77950003119925,2.779500031199248,validation
img09246,4856,images/img09246.jpg,58.0,62.461544411762965,4.461544411762965,validation
img09247,4856,images/img09247.jpg,58.0,63.90951952738719,5.909519527387189,validation
img09268,4867,images/img09268.jpg,31.0,41.86691014929544,10.866910149295435,validation
img09269,4867,images/img09269.jpg,31.0,35.19668657482378,4.196686574823779,validation
img09322,4895,images/img09322.jpg,68.0,72.9262388893662,4.926238889366204,validation
img09323,4895,images/img09323.jpg,68.0,75.55657858400366,7.55657858400366,validation
img09459,4966,images/img09459.jpg,64.0,66.6897161844454,2.689716184445402,validation
img09460,4966,images/img09460.jpg,64.0,69.30570344578852,5.305703445788524,validation
img09481,4978,images/img09481.jpg,54.0,53.379913007440095,0.6200869925599051,validation
img09497,4986,images/img09497.jpg,60.0,52.75416600148993,7.245833998510072,validation
img09498,4986,images/img09498.jpg,60.0,60.29985610656048,0.2998561065604832,validation
img09511,4993,images/img09511.jpg,54.0,44.67105715676095,9.328942843239057,validation
img09512,4993,images/img09512.jpg,54.0,42.73047184906359,11.26952815093641,validation
img09545,5011,images/img09545.jpg,64.0,69.2263506307053,5.226350630705298,validation
img09575,5027,images/img09575.jpg,62.0,57.98252590038644,4.017474099613558,validation
img09576,5027,images/img09576.jpg,62.0,67.53751747285062,5.537517472850624,validation
img09596,5038,images/img09596.jpg,68.0,66.14738997049244,1.8526100295075596,validation
img09597,5038,images/img09597.jpg,68.0,67.70992989493526,0.2900701050647427,validation
img09607,5044,images/img09607.jpg,62.0,60.74362603693123,1.2563739630687678,validation
img09608,5044,images/img09608.jpg,62.0,70.06921690690254,8.06921690690254,validation
img09626,5054,images/img09626.jpg,78.0,83.41663087528994,5.41663087528994,validation
img09636,5059,images/img09636.jpg,69.0,67.0830186623482,1.916981337651805,validation
img09637,5059,images/img09637.jpg,69.0,66.2638213590666,2.736178640933403,validation
img09701,5093,images/img09701.jpg,46.0,52.901011788506,6.901011788506004,validation
img09702,5093,images/img09702.jpg,46.0,44.802514975876846,1.1974850241231536,validation
img09716,5101,images/img09716.jpg,73.0,67.84618749056547,5.15381250943453,validation
img09717,5101,images/img09717.jpg,73.0,55.23501654207504,17.764983457924956,validation
img09720,5103,images/img09720.jpg,68.0,55.06839526138804,12.93160473861196,validation
img09721,5103,images/img09721.jpg,68.0,55.27141457465597,12.72858542534403,validation
img09722,5104,images/img09722.jpg,55.0,57.04491447876405,2.044914478764049,validation
img09723,5104,images/img09723.jpg,55.0,61.24106790587384,6.241067905873834,validation
img09730,5108,images/img09730.jpg,65.0,73.4747428661152,8.474742866115193,validation
img09731,5108,images/img09731.jpg,65.0,66.13510097213678,1.135100972136783,validation
img09767,5129,images/img09767.jpg,71.0,71.99797672567813,0.9979767256781288,validation
img09771,5131,images/img09771.jpg,32.0,46.87361908710754,14.873619087107542,validation
img09772,5131,images/img09772.jpg,32.0,44.44171596069981,12.44171596069981,validation
img09789,5140,images/img09789.jpg,80.0,63.39395634814747,16.60604365185253,validation
img09790,5140,images/img09790.jpg,80.0,72.59798805194266,7.402011948057336,validation
img09820,5157,images/img09820.jpg,39.0,39.09679673099275,0.0967967309927502,validation
img09821,5157,images/img09821.jpg,39.0,36.08753207578679,2.9124679242132103,validation
img09863,5179,images/img09863.jpg,77.0,64.38068504652215,12.619314953477854,validation
img09864,5179,images/img09864.jpg,77.0,74.06518299522236,2.934817004777642,validation
img09902,5199,images/img09902.jpg,54.0,50.7187379387337,3.281262061266297,validation
img09903,5199,images/img09903.jpg,54.0,45.39316013974536,8.606839860254645,validation
img09967,5232,images/img09967.jpg,27.0,33.6104111502289,6.610411150228899,validation
img09968,5232,images/img09968.jpg,27.0,28.587090034305906,1.5870900343059056,validation
img09992,5245,images/img09992.jpg,55.0,76.579676959088,21.579676959088005,validation
img09993,5245,images/img09993.jpg,55.0,63.08478519493879,8.084785194938789,validation
img09997,5248,images/img09997.jpg,48.0,54.00355731647601,6.003557316476012,validation
img10029,5264,images/img10029.jpg,80.0,81.20191518228134,1.20191518228134,validation
img10030,5265,images/img10030.jpg,84.0,73.71536424588174,10.284635754118256,validation
img10041,5271,images/img10041.jpg,45.0,56.83156715286161,11.83156715286161,validation
img10073,5289,images/img10073.jpg,65.0,65.25791373092768,0.2579137309276831,validation
img10074,5289,images/img10074.jpg,65.0,61.69299560228117,3.307004397718828,validation
img10088,5297,images/img10088.jpg,14.0,25.526298398596616,11.526298398596616,validation
img10089,5297,images/img10089.jpg,14.0,18.80233172322238,4.80233172322238,validation
img10124,5315,images/img10124.jpg,59.0,65.40412532797714,6.404125327977141,validation
img10125,5315,images/img10125.jpg,59.0,53.09606201134219,5.903937988657809,validation
img10136,5321,images/img10136.jpg,57.0,51.16172808264508,5.838271917354923,validation
img10137,5321,images/img10137.jpg,57.0,44.01216595445582,12.987834045544185,validation
img10188,5347,images/img10188.jpg,72.0,84.88519453466267,12.885194534662674,validation
img10189,5347,images/img10189.jpg,72.0,83.31613984880012,11.31613984880012,validation
img10196,5351,images/img10196.jpg,66.0,59.270974769656746,6.729025230343254,validation
img10197,5351,images/img10197.jpg,66.0,53.41540256153058,12.584597438469425,validation
img10200,5354,images/img10200.jpg,78.0,72.60467349389512,5.39532650610488,validation
img10201,5354,images/img10201.jpg,78.0,75.78338083897746,2.2166191610225354,validation
img10208,5358,images/img10208.jpg,71.0,71.55637220232151,0.5563722023215121,validation
img10209,5358,images/img10209.jpg,71.0,61.38066549595418,9.619334504045815,validation
img10214,5361,images/img10214.jpg,44.0,51.30246645123803,7.302466451238033,validation
img10215,5361,images/img10215.jpg,44.0,46.553869558006895,2.553869558006894,validation
img10234,5371,images/img10234.jpg,60.0,55.9530489579457,4.046951042054296,validation
img10235,5371,images/img10235.jpg,60.0,66.40398879309804,6.403988793098037,validation
img10244,5376,images/img10244.jpg,60.0,54.25007290032609,5.749927099673911,validation
img10245,5376,images/img10245.jpg,60.0,64.46960905876276,4.469609058762757,validation
img10274,5391,images/img10274.jpg,57.0,48.21207837491136,8.787921625088643,validation
img10275,5391,images/img10275.jpg,57.0,51.86930140813984,5.13069859186016,validation
img10293,5401,images/img10293.jpg,86.0,78.62466531289728,7.375334687102722,validation
img10351,5431,images/img10351.jpg,59.0,41.0807632498716,17.919236750128405,validation
img10352,5431,images/img10352.jpg,59.0,47.84241924057907,11.15758075942093,validation
img10362,5437,images/img10362.jpg,59.0,72.11549981529542,13.115499815295422,validation
img10363,5437,images/img10363.jpg,59.0,68.2411389714425,9.241138971442496,validation
img10423,5470,images/img10423.jpg,58.0,59.452683827722325,1.4526838277223248,validation
img10424,5470,images/img10424.jpg,58.0,72.36810155066519,14.368101550665187,validation
img10440,5479,images/img10440.jpg,68.0,60.19692238535403,7.8030776146459715,validation
img10441,5479,images/img10441.jpg,68.0,68.23151433437393,0.2315143343739265,validation
img10442,5480,images/img10442.jpg,59.0,65.35809338813897,6.358093388138968,validation
img10443,5480,images/img10443.jpg,59.0,62.64248867926262,3.64248867926262,validation
img10488,5505,images/img10488.jpg,69.0,58.96411053016584,10.03588946983416,validation
img10489,5505,images/img10489.jpg,69.0,74.23399858409995,5.23399858409995,validation
img10496,5509,images/img10496.jpg,77.0,70.34423941154773,6.655760588452267,validation
img10497,5509,images/img10497.jpg,77.0,72.35653126458467,4.6434687354153255,validation
img10522,5522,images/img10522.jpg,17.0,46.62722728754158,29.62722728754158,validation
img10523,5522,images/img10523.jpg,17.0,26.43359684854734,9.43359684854734,validation
img10543,5533,images/img10543.jpg,50.0,49.12842616492741,0.8715738350725957,validation
img10544,5533,images/img10544.jpg,50.0,57.01881364907292,7.018813649072918,validation
img10604,5564,images/img10604.jpg,72.0,70.11895201446495,1.881047985535048,validation
img10605,5564,images/img10605.jpg,72.0,65.23300964169698,6.766990358303019,validation
img10615,5570,images/img10615.jpg,74.0,84.96194515325348,10.96194515325348,validation
img10616,5570,images/img10616.jpg,74.0,80.50871010393217,6.508710103932174,validation
img10623,5574,images/img10623.jpg,35.0,22.470704612209573,12.529295387790429,validation
img10624,5574,images/img10624.jpg,35.0,27.18648231099469,7.813517689005305,validation
img10645,5586,images/img10645.jpg,21.0,32.929785172610494,11.929785172610494,validation
img10646,5586,images/img10646.jpg,21.0,25.81421519038762,4.814215190387621,validation
img10672,5600,images/img10672.jpg,48.0,45.02770312741026,2.9722968725897374,validation
img10673,5600,images/img10673.jpg,48.0,61.055779737020735,13.055779737020735,validation
img10694,5612,images/img10694.jpg,54.0,47.13841820955661,6.861581790443388,validation
img10695,5612,images/img10695.jpg,54.0,56.0234886229414,2.0234886229414,validation
img10709,5620,images/img10709.jpg,49.0,60.51597119725166,11.51597119725166,validation
img10710,5620,images/img10710.jpg,49.0,42.70065346922315,6.299346530776852,validation
img10731,5632,images/img10731.jpg,62.0,55.4842962780668,6.5157037219332,validation
img10732,5632,images/img10732.jpg,62.0,65.98810631679665,3.988106316796646,validation
img10765,5649,images/img10765.jpg,66.0,59.76943772261696,6.230562277383044,validation
img10801,5667,images/img10801.jpg,57.0,54.50599118202169,2.494008817978312,validation
img10802,5667,images/img10802.jpg,57.0,62.1479611940488,5.147961194048804,validation
img10810,5672,images/img10810.jpg,58.0,54.98494311434089,3.0150568856591065,validation
img10811,5672,images/img10811.jpg,58.0,63.228436583997485,5.228436583997485,validation
img10839,5687,images/img10839.jpg,54.0,54.01819221787241,0.0181922178724107,validation
img10840,5687,images/img10840.jpg,54.0,40.731729740042525,13.268270259957475,validation
img10841,5688,images/img10841.jpg,55.0,43.71967078006834,11.28032921993166,validation
img10842,5688,images/img10842.jpg,55.0,53.95300615965734,1.0469938403426582,validation
img10868,5703,images/img10868.jpg,82.0,83.20814760375418,1.2081476037541847,validation
img10875,5707,images/img10875.jpg,75.0,71.35315657917569,3.646843420824311,validation
img10886,5713,images/img10886.jpg,77.0,68.17328991520338,8.826710084796616,validation
img10887,5713,images/img10887.jpg,77.0,74.68597045022983,2.3140295497701686,validation
img10909,5725,images/img10909.jpg,53.0,66.2476388814662,13.247638881466202,validation
img10910,5725,images/img10910.jpg,53.0,69.01842138926935,16.01842138926935,validation
img10926,5735,images/img10926.jpg,71.0,66.19582179858777,4.804178201412228,validation
img10927,5735,images/img10927.jpg,71.0,71.65078961931162,0.6507896193116238,validation
img10945,5745,images/img10945.jpg,66.0,59.73696943207766,6.263030567922343,validation
img10946,5745,images/img10946.jpg,66.0,63.14458554618459,2.8554144538154134,validation
img10955,5750,images/img10955.jpg,53.0,49.08272958779728,3.9172704122027184,validation
img10956,5750,images/img10956.jpg,53.0,45.42096525272704,7.579034747272964,validation
img10965,5755,images/img10965.jpg,68.0,63.46995553615015,4.530044463849848,validation
img10987,5767,images/img10987.jpg,19.0,25.347466643505108,6.347466643505108,validation
img10988,5767,images/img10988.jpg,19.0,20.093662462397944,1.093662462397944,validation
img11032,5792,images/img11032.jpg,66.0,59.257050400957255,6.7429495990427455,validation
img11033,5792,images/img11033.jpg,66.0,71.01592020239714,5.01592020239714,validation
img11042,5797,images/img11042.jpg,57.0,50.31532822864588,6.684671771354125,validation
img11043,5797,images/img11043.jpg,57.0,55.1957660179074,1.8042339820926043,validation
img11050,5802,images/img11050.jpg,52.0,58.37944034371603,6.379440343716027,validation
img11051,5802,images/img11051.jpg,52.0,52.4695303111857,0.4695303111857001,validation
img11058,5807,images/img11058.jpg,84.0,80.55959362428021,3.440406375719789,validation
img11082,5821,images/img11082.jpg,65.0,66.22650285128049,1.226502851280486,validation
img11089,5825,images/img11089.jpg,70.0,71.12630742795328,1.1263074279532788,validation
img11090,5825,images/img11090.jpg,70.0,76.03370865159505,6.033708651595049,validation
img11134,5849,images/img11134.jpg,74.0,70.72102895688901,3.2789710431109853,validation
img11135,5849,images/img11135.jpg,74.0,67.53549329988753,6.464506700112466,validation
img11138,5852,images/img11138.jpg,74.0,79.29103264971856,5.291032649718559,validation
img11150,5859,images/img11150.jpg,57.0,53.906979945523936,3.093020054476064,validation
img11151,5859,images/img11151.jpg,57.0,47.98333483336734,9.016665166632665,validation
img11177,5874,images/img11177.jpg,69.0,75.35776466456423,6.357764664564229,validation
img11187,5880,images/img11187.jpg,80.0,66.34162659794583,13.658373402054169,validation
img11188,5880,images/img11188.jpg,80.0,53.613952825897904,26.386047174102096,validation
img11205,5888,images/img11205.jpg,63.0,54.13469340551427,8.86530659448573,validation
img11206,5888,images/img11206.jpg,63.0,57.66889728601302,5.331102713986979,validation
img11208,5890,images/img11208.jpg,68.0,66.52780252369115,1.4721974763088497,validation
img11209,5890,images/img11209.jpg,68.0,69.07164099716424,1.0716409971642378,validation
img11214,5893,images/img11214.jpg,53.0,53.76439571877364,0.7643957187736348,validation
img11215,5893,images/img11215.jpg,53.0,56.20884672718849,3.208846727188486,validation
img11249,5913,images/img11249.jpg,66.0,69.5676113599805,3.5676113599805035,validation
img11250,5913,images/img11250.jpg,66.0,59.88339806060323,6.116601939396773,validation
img11275,5926,images/img11275.jpg,59.0,55.993268080503896,3.0067319194961044,validation
img11276,5926,images/img11276.jpg,59.0,58.099889760880565,0.9001102391194351,validation
img11285,5932,images/img11285.jpg,60.0,58.70483262303231,1.29516737696769,validation
img11286,5932,images/img11286.jpg,60.0,60.876362869432086,0.8763628694320857,validation
img11301,5941,images/img11301.jpg,65.0,62.60970711087653,2.3902928891234723,validation
img11302,5941,images/img11302.jpg,65.0,61.23048843937143,3.769511560628573,validation
img11318,5951,images/img11318.jpg,82.0,77.86295244960765,4.137047550392353,validation
img11319,5951,images/img11319.jpg,82.0,73.48476775721258,8.51523224278742,validation
img11320,5952,images/img11320.jpg,56.0,55.487861483571294,0.5121385164287062,validation
img11321,5952,images/img11321.jpg,56.0,50.352021271348846,5.647978728651154,validation
img11324,5954,images/img11324.jpg,47.0,54.48226222553222,7.482262225532217,validation
img11325,5954,images/img11325.jpg,47.0,61.57423030738104,14.574230307381036,validation
img11351,5968,images/img11351.jpg,49.0,41.71665020631979,7.283349793680209,validation
img11363,5975,images/img11363.jpg,70.0,68.61809428956954,1.381905710430459,validation
img11364,5975,images/img11364.jpg,70.0,64.73844780225454,5.261552197745459,validation
img11390,5989,images/img11390.jpg,62.0,56.252216350634136,5.747783649365864,validation
img11391,5989,images/img11391.jpg,62.0,64.69861761864192,2.698617618641918,validation
img11396,5992,images/img11396.jpg,66.0,71.44379066857478,5.443790668574778,validation
img11409,6001,images/img11409.jpg,61.0,72.29675054432667,11.29675054432667,validation
img11410,6001,images/img11410.jpg,61.0,66.58043156603672,5.580431566036722,validation
img11417,6005,images/img11417.jpg,77.0,75.60181710475204,1.398182895247956,validation
img11418,6005,images/img11418.jpg,77.0,75.9886882529332,1.0113117470667987,validation
img11426,6010,images/img11426.jpg,67.0,72.54302564857633,5.543025648576332,validation
img11427,6010,images/img11427.jpg,67.0,64.59964908431614,2.400350915683859,validation
img11428,6011,images/img11428.jpg,70.0,66.2703083099203,3.729691690079704,validation
img11429,6011,images/img11429.jpg,70.0,66.42208529200784,3.5779147079921643,validation
img11457,6026,images/img11457.jpg,70.0,73.66360169352495,3.663601693524953,validation
img11458,6026,images/img11458.jpg,70.0,78.37381182605114,8.373811826051138,validation
img11459,6027,images/img11459.jpg,74.0,68.75632370886208,5.243676291137916,validation
img11460,6027,images/img11460.jpg,74.0,57.890362911487024,16.109637088512976,validation
img11466,6030,images/img11466.jpg,68.0,62.12948298148757,5.87051701851243,validation
img11475,6036,images/img11475.jpg,59.0,64.81660530830354,5.8166053083035365,validation
img11476,6036,images/img11476.jpg,59.0,76.04656040493398,17.046560404933985,validation
img11509,6056,images/img11509.jpg,25.0,29.199832056151344,4.199832056151344,validation
img11510,6056,images/img11510.jpg,25.0,31.210143360642487,6.210143360642487,validation
img11556,6080,images/img11556.jpg,83.0,80.82952843125688,2.1704715687431246,validation
img11557,6080,images/img11557.jpg,83.0,68.88952868589116,14.110471314108835,validation
img11634,6121,images/img11634.jpg,49.0,54.72504819435507,5.725048194355068,validation
img11649,6131,images/img11649.jpg,60.0,71.50426937950971,11.504269379509708,validation
img11650,6131,images/img11650.jpg,60.0,72.45038592659151,12.450385926591508,validation
img11666,6141,images/img11666.jpg,72.0,66.93390167910601,5.066098320893985,validation
img11667,6141,images/img11667.jpg,72.0,64.90806662571582,7.0919333742841815,validation
img11682,6150,images/img11682.jpg,61.0,60.17335783838729,0.8266421616127104,validation
img11683,6150,images/img11683.jpg,61.0,51.42225528402926,9.577744715970738,validation
img11707,6163,images/img11707.jpg,67.0,66.58850317384913,0.4114968261508664,validation
img11708,6163,images/img11708.jpg,67.0,67.0457950376697,0.0457950376697056,validation
img11740,6180,images/img11740.jpg,14.0,34.59975840425248,20.599758404252484,validation
img11741,6180,images/img11741.jpg,14.0,18.37624331449178,4.376243314491781,validation
img11788,6205,images/img11788.jpg,32.0,39.33718035768496,7.337180357684964,validation
img11789,6205,images/img11789.jpg,32.0,39.02546426503159,7.025464265031587,validation
img11821,6222,images/img11821.jpg,72.0,72.94883088447958,0.9488308844795768,validation
img11822,6222,images/img11822.jpg,72.0,77.95853354792945,5.958533547929449,validation
img11827,6225,images/img11827.jpg,88.0,79.40380176845972,8.596198231540285,validation
img11828,6225,images/img11828.jpg,88.0,82.85342656051859,5.146573439481415,validation
img11847,6235,images/img11847.jpg,39.0,34.6414960655119,4.358503934488098,validation
img11848,6235,images/img11848.jpg,39.0,34.04537712788168,4.954622872118321,validation
img11877,6251,images/img11877.jpg,72.0,65.09120247487998,6.908797525120022,validation
img11878,6251,images/img11878.jpg,72.0,78.45344601862601,6.4534460186260105,validation
img11901,6263,images/img11901.jpg,63.0,64.75543296913341,1.755432969133409,validation
img11902,6263,images/img11902.jpg,63.0,66.24872403884675,3.248724038846745,validation
img11982,6305,images/img11982.jpg,83.0,76.46127810929326,6.538721890706739,validation
img11983,6305,images/img11983.jpg,83.0,75.27352591474249,7.726474085257507,validation
img11986,6307,images/img11986.jpg,83.0,65.09167798102864,17.90832201897136,validation
img11987,6307,images/img11987.jpg,83.0,75.47426367098521,7.525736329014791,validation
img12008,6318,images/img12008.jpg,36.0,37.815235680073314,1.8152356800733145,validation
img12009,6318,images/img12009.jpg,36.0,29.585478448816573,6.414521551183427,validation
img12023,6327,images/img12023.jpg,24.0,29.385458314238573,5.385458314238573,validation
img12024,6327,images/img12024.jpg,24.0,36.064995701805486,12.064995701805486,validation
img12029,6330,images/img12029.jpg,11.0,20.15035239268968,9.150352392689676,validation
img12030,6330,images/img12030.jpg,11.0,19.01435947866441,8.01435947866441,validation
img12061,6346,images/img12061.jpg,75.0,72.70952696211573,2.2904730378842686,validation
img12062,6346,images/img12062.jpg,75.0,70.51319023611899,4.486809763881013,validation
img12063,6347,images/img12063.jpg,40.0,35.278231516876744,4.721768483123256,validation
img12064,6347,images/img12064.jpg,40.0,58.38196906033055,18.381969060330547,validation
img12078,6355,images/img12078.jpg,77.0,75.09307351254799,1.9069264874520115,validation
img12079,6355,images/img12079.jpg,77.0,76.30888275109038,0.6911172489096202,validation
img12080,6356,images/img12080.jpg,32.0,26.192637379546653,5.807362620453347,validation
img12081,6356,images/img12081.jpg,32.0,19.899250246664884,12.100749753335116,validation
img12094,6363,images/img12094.jpg,25.0,50.22903149693765,25.229031496937644,validation
img12095,6363,images/img12095.jpg,25.0,31.579550563964823,6.579550563964823,validation
img12104,6368,images/img12104.jpg,25.0,28.950756264310503,3.950756264310506,validation
img12105,6368,images/img12105.jpg,25.0,31.239022724900376,6.2390227249003765,validation
img12116,6374,images/img12116.jpg,89.0,80.91292741104542,8.087072588954584,validation
img12118,6375,images/img12118.jpg,58.0,52.50114547171401,5.498854528285989,validation
img12119,6375,images/img12119.jpg,58.0,55.45010236917036,2.5498976308296406,validation
img12166,6403,images/img12166.jpg,58.0,50.16041955870085,7.839580441299148,validation
img12167,6403,images/img12167.jpg,58.0,60.35812878524268,2.358128785242677,validation
img12176,6408,images/img12176.jpg,76.0,71.68307714117171,4.316922858828292,validation
img12177,6408,images/img12177.jpg,76.0,73.1077917174873,2.892208282512698,validation
img12208,6426,images/img12208.jpg,71.0,71.5527033888259,0.5527033888259041,validation
img12209,6426,images/img12209.jpg,71.0,68.77349209829364,2.226507901706356,validation
img12286,6466,images/img12286.jpg,63.0,54.80107955536552,8.198920444634481,validation
img12287,6466,images/img12287.jpg,63.0,60.89078373853106,2.109216261468937,validation
img12294,6470,images/img12294.jpg,37.0,59.86837599250322,22.868375992503218,validation
img12295,6470,images/img12295.jpg,37.0,59.37628220446998,22.37628220446998,validation
img12304,6475,images/img12304.jpg,37.0,43.76193629677719,6.761936296777186,validation
img12335,6493,images/img12335.jpg,71.0,74.25214743231051,3.252147432310508,validation
img12340,6496,images/img12340.jpg,82.0,83.09331723129523,1.0933172312952308,validation
img12341,6496,images/img12341.jpg,82.0,84.41947334280775,2.4194733428077484,validation
img12348,6500,images/img12348.jpg,85.0,75.65178451233662,9.34821548766338,validation
img12349,6500,images/img12349.jpg,85.0,74.76976204977414,10.230237950225856,validation
img12404,6530,images/img12404.jpg,62.0,65.59874039725068,3.59874039725068,validation
img12405,6530,images/img12405.jpg,62.0,70.71802650636779,8.718026506367792,validation
img12422,6539,images/img12422.jpg,43.0,34.68153019327545,8.31846980672455,validation
img12423,6539,images/img12423.jpg,43.0,61.52185810379236,18.52185810379236,validation
img12470,6563,images/img12470.jpg,88.0,74.1203122619849,13.879687738015091,validation
img12471,6563,images/img12471.jpg,88.0,76.72300716337428,11.276992836625723,validation
img12548,6603,images/img12548.jpg,8.0,16.614706793362046,8.614706793362046,validation
img12549,6603,images/img12549.jpg,8.0,15.020975955849224,7.020975955849224,validation
img12552,6605,images/img12552.jpg,48.0,45.28514062943861,2.714859370561392,validation
img12553,6605,images/img12553.jpg,48.0,41.40404853799505,6.595951462004948,validation
img12558,6608,images/img12558.jpg,38.0,44.40931283413387,6.409312834133871,validation
img12559,6608,images/img12559.jpg,38.0,45.20722851073697,7.207228510736968,validation
img12584,6622,images/img12584.jpg,65.0,61.70820907251212,3.291790927487881,validation
img12585,6622,images/img12585.jpg,65.0,64.96743127809376,0.0325687219062444,validation
img12620,6640,images/img12620.jpg,51.0,47.47417680919886,3.525823190801141,validation
img12621,6640,images/img12621.jpg,51.0,45.92259043063686,5.077409569363141,validation
img12625,6642,images/img12625.jpg,80.0,67.89995458489757,12.100045415102429,validation
img12626,6643,images/img12626.jpg,77.0,76.75177746658889,0.2482225334111092,validation
img12627,6643,images/img12627.jpg,77.0,73.61758883936935,3.382411160630653,validation
img12646,6653,images/img12646.jpg,16.0,19.807966153447914,3.8079661534479134,validation
img12647,6653,images/img12647.jpg,16.0,15.483272630945464,0.5167273690545358,validation
img12667,6664,images/img12667.jpg,34.0,33.114517130142914,0.8854828698570856,validation
img12668,6664,images/img12668.jpg,34.0,47.88466621691056,13.88466621691056,validation
img12719,6691,images/img12719.jpg,73.0,65.26967323791827,7.730326762081731,validation
img12720,6691,images/img12720.jpg,73.0,70.10139100527762,2.8986089947223803,validation
img12727,6695,images/img12727.jpg,58.0,59.974576909913445,1.974576909913445,validation
img12728,6695,images/img12728.jpg,58.0,56.75535175134064,1.2446482486593595,validation
img12757,6710,images/img12757.jpg,51.0,58.10665018230026,7.106650182300264,validation
img12758,6710,images/img12758.jpg,51.0,52.6107370969595,1.6107370969594967,validation
img12771,6717,images/img12771.jpg,71.0,71.65267419413932,0.6526741941393226,validation
img12772,6717,images/img12772.jpg,71.0,73.09653334599055,2.096533345990551,validation
img12777,6720,images/img12777.jpg,57.0,58.66176141786631,1.661761417866309,validation
img12778,6720,images/img12778.jpg,57.0,64.29143930420389,7.291439304203891,validation
img12789,6726,images/img12789.jpg,59.0,56.97684709594893,2.0231529040510665,validation
img12790,6726,images/img12790.jpg,59.0,60.3251143715292,1.325114371529203,validation
img12817,6740,images/img12817.jpg,41.0,56.963534798273216,15.963534798273216,validation
img12818,6740,images/img12818.jpg,41.0,55.82680330241399,14.826803302413984,validation
img12823,6743,images/img12823.jpg,49.0,58.62063395314398,9.62063395314398,validation
img12824,6743,images/img12824.jpg,49.0,58.64119577693689,9.64119577693689,validation
img12843,6754,images/img12843.jpg,39.0,36.89778146577329,2.102218534226708,validation
img12844,6754,images/img12844.jpg,39.0,36.67663620711389,2.3233637928861057,validation
img12868,6767,images/img12868.jpg,45.0,45.09365015905475,0.0936501590547465,validation
img12869,6767,images/img12869.jpg,45.0,45.88304707756803,0.8830470775680297,validation
img12880,6773,images/img12880.jpg,44.0,48.9935961783536,4.993596178353599,validation
img12881,6773,images/img12881.jpg,44.0,46.00116454987115,2.001164549871149,validation
img12882,6774,images/img12882.jpg,51.0,42.62154276965597,8.378457230344026,validation
img12883,6774,images/img12883.jpg,51.0,49.299602380086576,1.7003976199134243,validation
img12938,6805,images/img12938.jpg,63.0,63.51785078391259,0.5178507839125928,validation
img12939,6805,images/img12939.jpg,63.0,62.2400032615165,0.7599967384835011,validation
img12940,6806,images/img12940.jpg,48.0,49.38002017625735,1.3800201762573463,validation
img12941,6806,images/img12941.jpg,48.0,50.45422019377627,2.4542201937762727,validation
img12944,6808,images/img12944.jpg,62.0,77.83047188970099,15.830471889700988,validation
img12945,6808,images/img12945.jpg,62.0,62.12024114868088,0.1202411486808756,validation
img12952,6812,images/img12952.jpg,48.0,41.88139890889385,6.11860109110615,validation
img12953,6812,images/img12953.jpg,48.0,49.02733748392046,1.027337483920462,validation
img12963,6818,images/img12963.jpg,76.0,74.38459770692018,1.6154022930798249,validation
img12964,6818,images/img12964.jpg,76.0,73.03130611723164,2.9686938827683638,validation
img12968,6821,images/img12968.jpg,51.0,50.54599887882447,0.4540011211755299,validation
img12969,6821,images/img12969.jpg,51.0,39.33444401610932,11.665555983890677,validation
img12994,6835,images/img12994.jpg,66.0,59.18533431277639,6.814665687223609,validation
img13033,6856,images/img13033.jpg,77.0,64.95037740275762,12.049622597242376,validation
img13034,6856,images/img13034.jpg,77.0,51.267259910554834,25.73274008944517,validation
img13044,6862,images/img13044.jpg,60.0,68.67878348831799,8.67878348831799,validation
img13045,6862,images/img13045.jpg,60.0,68.98250540649968,8.982505406499683,validation
img13052,6866,images/img13052.jpg,68.0,76.67392096901932,8.67392096901932,validation
img13096,6889,images/img13096.jpg,85.0,84.08498312309874,0.9150168769012624,validation
img13097,6889,images/img13097.jpg,85.0,81.98514578940814,3.014854210591864,validation
img13112,6897,images/img13112.jpg,64.0,46.51683897137501,17.48316102862499,validation
img13113,6897,images/img13113.jpg,64.0,68.48434400732411,4.484344007324111,validation
img13129,6906,images/img13129.jpg,83.0,62.51595823808166,20.48404176191834,validation
img13182,6936,images/img13182.jpg,26.0,28.665661972319327,2.6656619723193278,validation
img13183,6936,images/img13183.jpg,26.0,37.54402704011127,11.544027040111269,validation
img13226,6961,images/img13226.jpg,70.0,68.19011476234864,1.8098852376513577,validation
img13227,6961,images/img13227.jpg,70.0,74.70510411966112,4.705104119661115,validation
img13233,6965,images/img13233.jpg,79.0,76.87025920277654,2.1297407972234623,validation
img13234,6965,images/img13234.jpg,79.0,78.0978939302407,0.9021060697592986,validation
img13276,6988,images/img13276.jpg,56.0,65.68036768039131,9.680367680391312,validation
img13323,7012,images/img13323.jpg,37.0,38.6269922936778,1.6269922936778016,validation
img13324,7012,images/img13324.jpg,37.0,40.27639115950692,3.2763911595069146,validation
img13342,7022,images/img13342.jpg,75.0,70.8809691580653,4.119030841934702,validation
img13343,7022,images/img13343.jpg,75.0,72.0677550717727,2.932244928227305,validation
img13344,7023,images/img13344.jpg,45.0,46.81129506332048,1.811295063320479,validation
img13345,7023,images/img13345.jpg,45.0,69.0581021592527,24.058102159252694,validation
img13358,7030,images/img13358.jpg,55.0,53.87970595982298,1.120294040177022,validation
img13359,7030,images/img13359.jpg,55.0,51.40648342125677,3.593516578743227,validation
img13360,7031,images/img13360.jpg,19.0,28.628432894588688,9.628432894588688,validation
img13361,7031,images/img13361.jpg,19.0,22.69816014283257,3.6981601428325694,validation
img13415,7060,images/img13415.jpg,82.0,80.03514087940356,1.964859120596444,validation
img13423,7065,images/img13423.jpg,68.0,75.75469124093487,7.754691240934875,validation
img13424,7065,images/img13424.jpg,68.0,73.34783943616625,5.347839436166254,validation
img13437,7072,images/img13437.jpg,64.0,68.18746130716588,4.187461307165876,validation
img13438,7072,images/img13438.jpg,64.0,71.90488549097418,7.904885490974181,validation
img13442,7075,images/img13442.jpg,53.0,50.94399643464003,2.0560035653599726,validation
img13443,7075,images/img13443.jpg,53.0,50.12215440105915,2.877845598940852,validation
img13478,7094,images/img13478.jpg,67.0,78.59913630388864,11.599136303888642,validation
img13479,7094,images/img13479.jpg,67.0,67.43849113617192,0.438491136171919,validation
img13482,7096,images/img13482.jpg,74.0,58.05002759720275,15.94997240279725,validation
img13483,7096,images/img13483.jpg,74.0,77.31689907450092,3.316899074500924,validation
img13513,7112,images/img13513.jpg,33.0,52.2603016074192,19.260301607419198,validation
img13514,7112,images/img13514.jpg,33.0,47.379714677181,14.379714677181,validation
img13539,7125,images/img13539.jpg,40.0,50.643547983672086,10.643547983672086,validation
img13540,7125,images/img13540.jpg,40.0,61.31438964526424,21.314389645264235,validation
img13543,7127,images/img13543.jpg,45.0,37.47890669117477,7.521093308825236,validation
img13544,7127,images/img13544.jpg,45.0,52.255558542647385,7.255558542647385,validation
img13585,7149,images/img13585.jpg,66.0,67.06846119429251,1.0684611942925102,validation
img13586,7149,images/img13586.jpg,66.0,66.53657103157005,0.5365710315700483,validation
img13597,7155,images/img13597.jpg,52.0,50.431227944634095,1.5687720553659048,validation
img13598,7155,images/img13598.jpg,52.0,49.13816640670184,2.861833593298158,validation
img13611,7162,images/img13611.jpg,55.0,54.59154602598308,0.4084539740169219,validation
img13612,7162,images/img13612.jpg,55.0,57.77219731599857,2.772197315998568,validation
img13623,7168,images/img13623.jpg,47.0,69.00180266749587,22.001802667495863,validation
img13624,7168,images/img13624.jpg,47.0,54.37031978949905,7.3703197894990495,validation
img13627,7170,images/img13627.jpg,50.0,62.700896320985855,12.700896320985857,validation
img13628,7170,images/img13628.jpg,50.0,60.920559039259416,10.920559039259416,validation
img13657,7185,images/img13657.jpg,58.0,56.67050750823931,1.3294924917606892,validation
img13658,7185,images/img13658.jpg,58.0,54.57397956374358,3.4260204362564224,validation
img13690,7202,images/img13690.jpg,56.0,58.063595336290746,2.0635953362907458,validation
img13691,7202,images/img13691.jpg,56.0,43.08078246370936,12.919217536290644,validation
img13697,7206,images/img13697.jpg,38.0,35.919818003446224,2.080181996553776,validation
img13698,7206,images/img13698.jpg,38.0,44.5640148334019,6.564014833401899,validation
img13707,7211,images/img13707.jpg,36.0,28.96722011940254,7.03277988059746,validation
img13732,7224,images/img13732.jpg,37.0,55.74930479771895,18.74930479771895,validation
img13733,7224,images/img13733.jpg,37.0,36.04786875557036,0.952131244429637,validation
img13742,7229,images/img13742.jpg,47.0,47.87200641100778,0.8720064110077814,validation
img13743,7229,images/img13743.jpg,47.0,53.8675230233319,6.8675230233318985,validation
img13752,7234,images/img13752.jpg,64.0,53.92922103673059,10.070778963269412,validation
img13753,7234,images/img13753.jpg,64.0,67.19905961238744,3.199059612387444,validation
img13764,7240,images/img13764.jpg,63.0,60.98826004513229,2.011739954867707,validation
img13765,7240,images/img13765.jpg,63.0,60.873472206480216,2.1265277935197844,validation
img13766,7241,images/img13766.jpg,34.0,38.40469753162235,4.404697531622347,validation
img13767,7241,images/img13767.jpg,34.0,51.94512664377851,17.945126643778508,validation
img13805,7261,images/img13805.jpg,46.0,38.74797152775632,7.25202847224368,validation
img13806,7261,images/img13806.jpg,46.0,40.14181528516393,5.858184714836071,validation
img13811,7264,images/img13811.jpg,68.0,57.8317822716839,10.1682177283161,validation
img13812,7264,images/img13812.jpg,68.0,63.62751493475185,4.372485065248149,validation
img13827,7272,images/img13827.jpg,26.0,26.40113155718673,0.40113155718673,validation
img13828,7272,images/img13828.jpg,26.0,28.287920324070303,2.2879203240703028,validation
img13829,7273,images/img13829.jpg,57.0,60.11131928188099,3.111319281880988,validation
img13830,7273,images/img13830.jpg,57.0,48.582139399188094,8.417860600811906,validation
img13859,7288,images/img13859.jpg,63.0,67.20718138827976,4.207181388279764,validation
img13860,7288,images/img13860.jpg,63.0,74.19063155085408,11.19063155085408,validation
img13903,7311,images/img13903.jpg,69.0,77.25094768041471,8.250947680414711,validation
img13904,7311,images/img13904.jpg,69.0,63.69548941119073,5.304510588809272,validation
img13945,7332,images/img13945.jpg,67.0,65.18933342039344,1.8106665796065613,validation
img13946,7332,images/img13946.jpg,67.0,70.65440683738669,3.654406837386688,validation
img13953,7336,images/img13953.jpg,86.0,72.75343275691536,13.24656724308464,validation
img13954,7336,images/img13954.jpg,86.0,78.42797590258074,7.572024097419259,validation
img13983,7351,images/img13983.jpg,92.0,75.69585389870115,16.304146101298855,validation
img13984,7351,images/img13984.jpg,92.0,70.84397238035683,21.15602761964317,validation
img14005,7362,images/img14005.jpg,70.0,64.893191244719,5.106808755280994,validation
img14006,7362,images/img14006.jpg,70.0,72.17169788028201,2.171697880282011,validation
img14007,7363,images/img14007.jpg,74.0,82.52266840971026,8.522668409710263,validation
img14045,7382,images/img14045.jpg,45.0,51.20635313502507,6.2063531350250685,validation
img14046,7382,images/img14046.jpg,45.0,53.88479147627066,8.884791476270664,validation
img14058,7389,images/img14058.jpg,60.0,57.5812250900597,2.4187749099403035,validation
img14059,7389,images/img14059.jpg,60.0,54.816172785796255,5.183827214203745,validation
img14089,7405,images/img14089.jpg,63.0,61.69206094914035,1.3079390508596518,validation
img14090,7405,images/img14090.jpg,63.0,53.96314965463928,9.036850345360726,validation
img14132,7426,images/img14132.jpg,63.0,65.66064071888465,2.6606407188846504,validation
img14133,7426,images/img14133.jpg,63.0,69.22041552873054,6.220415528730541,validation
img14154,7438,images/img14154.jpg,47.0,53.8526577304816,6.852657730481596,validation
img14155,7438,images/img14155.jpg,47.0,42.1484752259264,4.851524774073603,validation
img14173,7448,images/img14173.jpg,57.0,49.05109261506031,7.948907384939687,validation
img14174,7448,images/img14174.jpg,57.0,47.87051445593585,9.129485544064153,validation
img14183,7453,images/img14183.jpg,31.0,53.459735057662,22.459735057661995,validation
img14184,7453,images/img14184.jpg,31.0,58.07217366897545,27.07217366897545,validation
img14203,7463,images/img14203.jpg,34.0,55.69406319808184,21.694063198081835,validation
img14204,7463,images/img14204.jpg,34.0,39.454629285792834,5.454629285792834,validation
img14231,7477,images/img14231.jpg,53.0,56.452958605644895,3.452958605644895,validation
img14232,7477,images/img14232.jpg,53.0,60.59133346876165,7.591333468761647,validation
img14269,7496,images/img14269.jpg,88.0,81.84255283777438,6.157447162225623,validation
img14270,7496,images/img14270.jpg,88.0,82.93024915939796,5.06975084060204,validation
img14321,7521,images/img14321.jpg,68.0,69.81218947439689,1.812189474396888,validation
img14322,7521,images/img14322.jpg,68.0,65.59124735827282,2.408752641727176,validation
img14346,7534,images/img14346.jpg,67.0,60.398520087922925,6.601479912077075,validation
img14347,7534,images/img14347.jpg,67.0,67.89204220620833,0.8920422062083304,validation
img14350,7536,images/img14350.jpg,79.0,78.80158195606896,0.1984180439310421,validation
img14351,7536,images/img14351.jpg,79.0,72.37558204762307,6.62441795237693,validation
img14362,7542,images/img14362.jpg,87.0,90.76453141676996,3.7645314167699695,validation
img14372,7547,images/img14372.jpg,47.0,56.03510266976552,9.03510266976552,validation
img14373,7547,images/img14373.jpg,47.0,49.65896615193418,2.6589661519341803,validation
img14374,7548,images/img14374.jpg,53.0,55.16620065968734,2.166200659687341,validation
img14375,7548,images/img14375.jpg,53.0,59.27730112812423,6.277301128124229,validation
img14394,7559,images/img14394.jpg,89.0,81.67845959207037,7.321540407929632,validation
img14395,7559,images/img14395.jpg,89.0,83.11561803342308,5.884381966576925,validation
img14426,7575,images/img14426.jpg,61.0,61.88513934831422,0.8851393483142189,validation
img14427,7575,images/img14427.jpg,61.0,70.62139078775756,9.621390787757562,validation
img14429,7576,images/img14429.jpg,59.0,58.43889333553901,0.5611066644609934,validation
img14440,7582,images/img14440.jpg,64.0,66.78851567415411,2.7885156741541124,validation
img14441,7582,images/img14441.jpg,64.0,62.40066653740966,1.5993334625903373,validation
img14456,7590,images/img14456.jpg,91.0,84.68677977864161,6.313220221358392,validation
img14457,7590,images/img14457.jpg,91.0,81.27299680784297,9.727003192157028,validation
img14504,7614,images/img14504.jpg,67.0,75.6395740379321,8.639574037932107,validation
img14505,7614,images/img14505.jpg,67.0,66.40238559576197,0.5976144042380298,validation
img14645,7685,images/img14645.jpg,63.0,62.95859338829718,0.0414066117028184,validation
img14646,7685,images/img14646.jpg,63.0,57.88110989992339,5.118890100076612,validation
img14649,7687,images/img14649.jpg,46.0,47.83623111698393,1.836231116983932,validation
img14650,7687,images/img14650.jpg,46.0,62.34699868862694,16.34699868862694,validation
img14659,7692,images/img14659.jpg,53.0,57.35223282117387,4.352232821173871,validation
img14660,7692,images/img14660.jpg,53.0,62.66369450851603,9.66369450851603,validation
img14675,7700,images/img14675.jpg,57.0,66.40352964610588,9.40352964610588,validation
img14676,7700,images/img14676.jpg,57.0,61.44253146335951,4.442531463359508,validation
img14679,7702,images/img14679.jpg,77.0,72.40188648064935,4.598113519350648,validation
img14680,7702,images/img14680.jpg,77.0,65.92469713562905,11.075302864370954,validation
img14681,7703,images/img14681.jpg,58.0,63.83837137458916,5.838371374589158,validation
img14682,7703,images/img14682.jpg,58.0,52.55906724648949,5.440932753510516,validation
img14689,7707,images/img14689.jpg,66.0,67.4137397324018,1.413739732401794,validation
img14690,7707,images/img14690.jpg,66.0,65.80758956858661,0.1924104314133927,validation
img14729,7728,images/img14729.jpg,87.0,76.20867746453393,10.791322535466064,validation
img14730,7728,images/img14730.jpg,87.0,67.2831860293346,19.7168139706654,validation
img14778,7753,images/img14778.jpg,60.0,67.32161041609947,7.321610416099475,validation
img14779,7753,images/img14779.jpg,60.0,71.14212127922742,11.142121279227425,validation
img14811,7770,images/img14811.jpg,79.0,76.97109049972136,2.028909500278644,validation
img14854,7793,images/img14854.jpg,66.0,59.84239656138588,6.157603438614117,validation
img14855,7793,images/img14855.jpg,66.0,54.83378914346305,11.16621085653695,validation
img14915,7823,images/img14915.jpg,67.0,72.99110948851362,5.991109488513615,validation
img14916,7823,images/img14916.jpg,67.0,60.02138809090578,6.978611909094219,validation
img14931,7831,images/img14931.jpg,73.0,71.62484945016986,1.3751505498301384,validation
img14937,7834,images/img14937.jpg,69.0,61.35424327700117,7.645756722998833,validation
img14938,7834,images/img14938.jpg,69.0,69.77600192962949,0.7760019296294871,validation
img14959,7845,images/img14959.jpg,63.0,58.07698039813128,4.923019601868724,validation
img14960,7845,images/img14960.jpg,63.0,71.2531334245615,8.253133424561497,validation
img14989,7861,images/img14989.jpg,60.0,66.05058956970687,6.050589569706872,validation
img14990,7861,images/img14990.jpg,60.0,64.3702909837933,4.370290983793296,validation
img14999,7866,images/img14999.jpg,68.0,61.32540262941364,6.674597370586362,validation
img15000,7866,images/img15000.jpg,68.0,59.56121592493244,8.43878407506756,validation
img15005,7869,images/img15005.jpg,49.0,58.02973815336541,9.029738153365408,validation
img15006,7869,images/img15006.jpg,49.0,53.25077164488325,4.250771644883251,validation
img15007,7870,images/img15007.jpg,61.0,52.94132020479337,8.05867979520663,validation
img15008,7870,images/img15008.jpg,61.0,57.7306348340399,3.269365165960103,validation
img15021,7877,images/img15021.jpg,57.0,56.30472597113734,0.6952740288626629,validation
img15022,7877,images/img15022.jpg,57.0,63.78091801699453,6.780918016994534,validation
img15027,7880,images/img15027.jpg,59.0,51.12586335856575,7.874136641434255,validation
img15028,7880,images/img15028.jpg,59.0,54.28667596766836,4.713324032331641,validation
img15053,7893,images/img15053.jpg,74.0,47.48674827565659,26.51325172434341,validation
img15054,7893,images/img15054.jpg,74.0,61.85041431213706,12.149585687862938,validation
img15064,7899,images/img15064.jpg,64.0,53.13533053058198,10.864669469418018,validation
img15065,7899,images/img15065.jpg,64.0,56.83928840207251,7.160711597927488,validation
img15072,7903,images/img15072.jpg,64.0,71.53902168094768,7.539021680947684,validation
img15073,7903,images/img15073.jpg,64.0,69.15230363537714,5.152303635377137,validation
img15082,7908,images/img15082.jpg,54.0,73.8856259841931,19.885625984193094,validation
img15083,7908,images/img15083.jpg,54.0,83.24595034257243,29.245950342572428,validation
img15098,7917,images/img15098.jpg,58.0,58.0340970506123,0.0340970506123028,validation
img15099,7917,images/img15099.jpg,58.0,48.93003976477758,9.069960235222418,validation
img15110,7923,images/img15110.jpg,73.0,69.57497079918036,3.425029200819637,validation
img15111,7923,images/img15111.jpg,73.0,64.95307230113683,8.046927698863172,validation
img15140,7938,images/img15140.jpg,42.0,50.63920408231864,8.639204082318642,validation
img15141,7938,images/img15141.jpg,42.0,36.04573115912227,5.954268840877731,validation
img15174,7957,images/img15174.jpg,57.0,55.4340780300827,1.565921969917298,validation
img15175,7957,images/img15175.jpg,57.0,55.2717992874861,1.728200712513896,validation
img15188,7964,images/img15188.jpg,39.0,60.030653917142,21.030653917142,validation
img15189,7964,images/img15189.jpg,39.0,48.45865121580914,9.45865121580914,validation
img15190,7965,images/img15190.jpg,75.0,57.55751119762683,17.44248880237317,validation
img15191,7965,images/img15191.jpg,75.0,69.93270301782064,5.067296982179357,validation
img15192,7966,images/img15192.jpg,71.0,63.24987416796785,7.750125832032147,validation
img15193,7966,images/img15193.jpg,71.0,56.26177500577153,14.738224994228467,validation
img15211,7977,images/img15211.jpg,58.0,59.002166290604464,1.002166290604464,validation
img15212,7978,images/img15212.jpg,47.0,52.70875461898796,5.70875461898796,validation
img15213,7978,images/img15213.jpg,47.0,49.3131875689415,2.313187568941501,validation
img15226,7985,images/img15226.jpg,65.0,74.12671196400399,9.126711964003988,validation
img15227,7985,images/img15227.jpg,65.0,65.96474326010734,0.9647432601073404,validation
img15246,7995,images/img15246.jpg,78.0,57.79903505752644,20.20096494247356,validation
img15247,7995,images/img15247.jpg,78.0,58.46912260285997,19.53087739714003,validation
img15257,8001,images/img15257.jpg,40.0,33.79852400010268,6.201475999897319,validation
img15258,8001,images/img15258.jpg,40.0,47.77459744960077,7.774597449600769,validation
img15271,8008,images/img15271.jpg,77.0,74.99036418443805,2.00963581556195,validation
img15272,8008,images/img15272.jpg,77.0,70.04779513678345,6.952204863216551,validation
img15283,8014,images/img15283.jpg,76.0,64.27486965989988,11.725130340100122,validation
img15284,8014,images/img15284.jpg,76.0,61.27170369823358,14.72829630176642,validation
img15300,8023,images/img15300.jpg,64.0,58.642488150299634,5.357511849700366,validation
img15301,8023,images/img15301.jpg,64.0,62.232383711728446,1.7676162882715545,validation
img15340,8045,images/img15340.jpg,64.0,60.88292916219476,3.117070837805244,validation
img15341,8045,images/img15341.jpg,64.0,56.95282837790013,7.047171622099867,validation
img15375,8063,images/img15375.jpg,54.0,69.72233844328849,15.722338443288493,validation
img15376,8063,images/img15376.jpg,54.0,66.22640251512067,12.226402515120668,validation
img15381,8066,images/img15381.jpg,54.0,65.44613509653952,11.44613509653952,validation
img15388,8070,images/img15388.jpg,62.0,70.05504006188788,8.05504006188788,validation
img15389,8070,images/img15389.jpg,62.0,57.22498353139146,4.775016468608541,validation
img15404,8078,images/img15404.jpg,58.0,59.38521730309248,1.3852173030924817,validation
img15405,8078,images/img15405.jpg,58.0,56.10533389184226,1.894666108157736,validation
img15410,8081,images/img15410.jpg,51.0,56.75429467717875,5.754294677178748,validation
img15411,8081,images/img15411.jpg,51.0,59.23471715316904,8.234717153169036,validation
img15412,8082,images/img15412.jpg,53.0,44.67872087627153,8.321279123728473,validation
img15413,8082,images/img15413.jpg,53.0,50.208243916785165,2.791756083214836,validation
img15422,8088,images/img15422.jpg,72.0,65.24049395579138,6.759506044208621,validation
img15423,8088,images/img15423.jpg,72.0,64.70675957082723,7.293240429172769,validation
img15424,8089,images/img15424.jpg,68.0,70.52467327336488,2.5246732733648827,validation
img15425,8089,images/img15425.jpg,68.0,64.51563500024355,3.484364999756451,validation
img15428,8091,images/img15428.jpg,71.0,56.85725866282472,14.14274133717528,validation
img15429,8091,images/img15429.jpg,71.0,61.49990193456125,9.500098065438747,validation
img15446,8100,images/img15446.jpg,87.0,85.9121176805345,1.087882319465507,validation
img15447,8100,images/img15447.jpg,87.0,81.50008807458146,5.4999119254185445,validation
img15476,8115,images/img15476.jpg,53.0,57.34844860746186,4.348448607461862,validation
img15477,8115,images/img15477.jpg,53.0,55.75562829333404,2.755628293334041,validation
img15505,8130,images/img15505.jpg,45.0,52.90182674715184,7.901826747151837,validation
img15506,8130,images/img15506.jpg,45.0,53.23470831647262,8.23470831647262,validation
img15511,8133,images/img15511.jpg,71.0,77.3502870222876,6.350287022287603,validation
img15512,8133,images/img15512.jpg,71.0,49.572295340847525,21.427704659152475,validation
img15513,8134,images/img15513.jpg,57.0,59.32037505981632,2.320375059816314,validation
img15514,8134,images/img15514.jpg,57.0,52.805215294623736,4.194784705376264,validation
img15523,8139,images/img15523.jpg,91.0,72.59997514415105,18.400024855848955,validation
img15524,8139,images/img15524.jpg,91.0,74.16248398619653,16.837516013803466,validation
img15554,8155,images/img15554.jpg,59.0,74.24317388967026,15.24317388967026,validation
img15555,8155,images/img15555.jpg,59.0,72.79194439251486,13.791944392514864,validation
img15585,8171,images/img15585.jpg,64.0,56.89611503356567,7.103884966434329,validation
img15586,8171,images/img15586.jpg,64.0,63.64502577585928,0.3549742241407188,validation
img15587,8172,images/img15587.jpg,77.0,68.14470283454145,8.855297165458552,validation
img15588,8172,images/img15588.jpg,77.0,79.60107792718904,2.6010779271890385,validation
img15598,8178,images/img15598.jpg,72.0,75.95001520698966,3.9500152069896615,validation
img15599,8178,images/img15599.jpg,72.0,76.60645798887339,4.606457988873387,validation
img15608,8183,images/img15608.jpg,65.0,64.27430799552704,0.7256920044729611,validation
img15609,8183,images/img15609.jpg,65.0,72.23707234144933,7.237072341449334,validation
img15612,8185,images/img15612.jpg,76.0,74.35105489245205,1.648945107547945,validation
img15617,8188,images/img15617.jpg,43.0,47.88556378929667,4.885563789296668,validation
img15618,8188,images/img15618.jpg,43.0,47.92416594556208,4.9241659455620805,validation
img15621,8190,images/img15621.jpg,51.0,53.62973423151168,2.629734231511684,validation
img15622,8190,images/img15622.jpg,51.0,59.0249638657844,8.0249638657844,validation
img15636,8198,images/img15636.jpg,71.0,56.18254256681481,14.81745743318519,validation
img15637,8198,images/img15637.jpg,71.0,64.8089295920782,6.191070407921799,validation
img15640,8200,images/img15640.jpg,60.0,50.49795639865361,9.502043601346386,validation
img15641,8200,images/img15641.jpg,60.0,58.0631235109523,1.9368764890476984,validation
img15734,8249,images/img15734.jpg,68.0,61.281630434392014,6.718369565607986,validation
img15735,8249,images/img15735.jpg,68.0,71.31128695405391,3.3112869540539123,validation
img15751,8259,images/img15751.jpg,76.0,71.85490281484354,4.145097185156459,validation
img15752,8259,images/img15752.jpg,76.0,67.60587693477224,8.39412306522776,validation
img15771,8270,images/img15771.jpg,45.0,54.10540560764933,9.105405607649333,validation
img15772,8270,images/img15772.jpg,45.0,31.39610552674299,13.60389447325701,validation
img15788,8279,images/img15788.jpg,74.0,83.18200349046151,9.182003490461511,validation
img15789,8279,images/img15789.jpg,74.0,77.06077139560226,3.0607713956022597,validation
img15798,8284,images/img15798.jpg,58.0,63.09766366823333,5.097663668233324,validation
img15799,8284,images/img15799.jpg,58.0,58.137824736213766,0.1378247362137656,validation
img15802,8286,images/img15802.jpg,59.0,58.30337830928716,0.6966216907128384,validation
img15803,8286,images/img15803.jpg,59.0,48.16945840981188,10.83054159018812,validation
img15812,8291,images/img15812.jpg,70.0,73.85855158020132,3.858551580201322,validation
img15813,8291,images/img15813.jpg,70.0,81.95754025813564,11.957540258135635,validation
img15814,8292,images/img15814.jpg,48.0,65.80137308912022,17.80137308912022,validation
img15815,8292,images/img15815.jpg,48.0,58.56925420504906,10.569254205049065,validation
img15816,8293,images/img15816.jpg,68.0,78.94070894774761,10.94070894774761,validation
img15817,8293,images/img15817.jpg,68.0,74.90543835004372,6.905438350043724,validation
img15818,8294,images/img15818.jpg,73.0,71.79692814546209,1.2030718545379102,validation
img15819,8294,images/img15819.jpg,73.0,76.20294957854139,3.202949578541393,validation
img15829,8300,images/img15829.jpg,15.0,16.064480742739825,1.0644807427398248,validation
img15830,8300,images/img15830.jpg,15.0,14.400331370808445,0.5996686291915552,validation
img15886,8330,images/img15886.jpg,71.0,70.67518187551919,0.3248181244808137,validation
img15887,8330,images/img15887.jpg,71.0,69.60069938989818,1.3993006101018182,validation
img15917,8346,images/img15917.jpg,60.0,62.86308427026393,2.8630842702639328,validation
img15918,8346,images/img15918.jpg,60.0,58.6326246695463,1.3673753304536973,validation
img15962,8369,images/img15962.jpg,73.0,66.00783764074504,6.992162359254962,validation
img15963,8369,images/img15963.jpg,73.0,78.22532521563906,5.22532521563906,validation
img15971,8373,images/img15971.jpg,75.0,80.06359926803442,5.063599268034423,validation
img15972,8373,images/img15972.jpg,75.0,80.00696386826432,5.006963868264322,validation
img15975,8375,images/img15975.jpg,73.0,60.77453748107785,12.22546251892215,validation
img15977,8377,images/img15977.jpg,67.0,60.79152728305106,6.20847271694894,validation
img15978,8377,images/img15978.jpg,67.0,62.74228716812768,4.257712831872325,validation
img15985,8381,images/img15985.jpg,89.0,82.04662349949942,6.953376500500582,validation
img15986,8381,images/img15986.jpg,89.0,83.39710458610288,5.602895413897116,validation
img15991,8384,images/img15991.jpg,73.0,61.52478203036243,11.47521796963757,validation
img15992,8384,images/img15992.jpg,73.0,73.68484024109134,0.6848402410913366,validation
img15994,8386,images/img15994.jpg,70.0,65.57068062673297,4.429319373267035,validation
img15995,8386,images/img15995.jpg,70.0,62.92107039105493,7.078929608945067,validation
img16010,8395,images/img16010.jpg,54.0,54.64566184300103,0.6456618430010295,validation
img16011,8395,images/img16011.jpg,54.0,53.36818485549945,0.6318151445005498,validation
img16045,8413,images/img16045.jpg,59.0,70.61082822571687,11.610828225716872,validation
img16046,8413,images/img16046.jpg,59.0,71.18119021675803,12.181190216758026,validation
img16053,8417,images/img16053.jpg,43.0,34.86665477056364,8.133345229436358,validation
img16054,8417,images/img16054.jpg,43.0,38.269863182606805,4.730136817393195,validation
img16069,8425,images/img16069.jpg,65.0,65.85857451570489,0.8585745157048876,validation
img16070,8425,images/img16070.jpg,65.0,65.67315765482074,0.6731576548207414,validation
img16096,8439,images/img16096.jpg,80.0,88.08242371672355,8.082423716723554,validation
img16097,8439,images/img16097.jpg,80.0,81.42194365585765,1.421943655857646,validation
img16100,8441,images/img16100.jpg,80.0,80.49431404622054,0.4943140462205377,validation
img16101,8441,images/img16101.jpg,80.0,85.43626689898066,5.436266898980662,validation
img16138,8460,images/img16138.jpg,67.0,63.43351442445714,3.5664855755428637,validation
img16139,8460,images/img16139.jpg,67.0,66.24370068719372,0.7562993128062772,validation
img16142,8462,images/img16142.jpg,62.0,62.91900532020061,0.9190053202006112,validation
img16143,8462,images/img16143.jpg,62.0,65.9267867452181,3.926786745218095,validation
img16158,8470,images/img16158.jpg,48.0,76.5885348970224,28.5885348970224,validation
img16167,8475,images/img16167.jpg,45.0,61.45006485492338,16.450064854923383,validation
img16168,8475,images/img16168.jpg,45.0,47.48498475858691,2.484984758586912,validation
img16179,8481,images/img16179.jpg,62.0,63.787522753774965,1.7875227537749652,validation
img16180,8481,images/img16180.jpg,62.0,57.66466912569175,4.335330874308255,validation
img16183,8483,images/img16183.jpg,79.0,69.08839713585223,9.911602864147769,validation
img16184,8483,images/img16184.jpg,79.0,74.62887481285713,4.371125187142866,validation
img16207,8495,images/img16207.jpg,49.0,42.47534316932128,6.5246568306787225,validation
img16208,8495,images/img16208.jpg,49.0,41.38868729005048,7.611312709949516,validation
img16211,8497,images/img16211.jpg,49.0,41.69249863828765,7.307501361712347,validation
img16233,8508,images/img16233.jpg,19.0,20.90455095009801,1.904550950098006,validation
img16234,8508,images/img16234.jpg,19.0,20.081220778581702,1.0812207785817023,validation
img16241,8512,images/img16241.jpg,22.0,20.19812549208365,1.8018745079163447,validation
img16242,8512,images/img16242.jpg,22.0,25.533509514777627,3.533509514777627,validation
img00003,2,images/img00003.jpg,18.0,16.97131023020448,1.0286897697955195,test
img00004,2,images/img00004.jpg,18.0,19.64859743213836,1.6485974321383594,test
img00009,5,images/img00009.jpg,23.0,27.99108670138154,4.9910867013815405,test
img00010,5,images/img00010.jpg,23.0,23.228292786842736,0.2282927868427364,test
img00051,26,images/img00051.jpg,13.0,19.12402253889324,6.124022538893236,test
img00052,26,images/img00052.jpg,13.0,17.651746441607592,4.651746441607592,test
img00068,35,images/img00068.jpg,20.0,21.512588078536773,1.512588078536773,test
img00069,35,images/img00069.jpg,20.0,21.501363515963423,1.5013635159634262,test
img00110,56,images/img00110.jpg,15.0,20.431904381995444,5.4319043819954445,test
img00111,56,images/img00111.jpg,15.0,19.91262549301151,4.912625493011511,test
img00128,65,images/img00128.jpg,30.0,42.48903905513512,12.489039055135116,test
img00129,65,images/img00129.jpg,30.0,44.44731951710303,14.447319517103026,test
img00156,79,images/img00156.jpg,20.0,25.90589408458123,5.905894084581231,test
img00157,79,images/img00157.jpg,20.0,30.39858523813675,10.39858523813675,test
img00164,83,images/img00164.jpg,22.0,23.864061957364196,1.8640619573641928,test
img00165,83,images/img00165.jpg,22.0,21.942901512083655,0.0570984879163418,test
img00217,110,images/img00217.jpg,22.0,25.818880821818716,3.8188808218187127,test
img00218,110,images/img00218.jpg,22.0,23.35411433124244,1.3541143312424424,test
img00221,112,images/img00221.jpg,26.0,32.3775022307122,6.377502230712196,test
img00222,112,images/img00222.jpg,26.0,35.277636043580486,9.277636043580486,test
img00225,114,images/img00225.jpg,13.0,19.998299486162672,6.998299486162672,test
img00226,114,images/img00226.jpg,13.0,22.13290766166861,9.132907661668613,test
img00231,117,images/img00231.jpg,19.0,20.027026164959985,1.0270261649599846,test
img00232,117,images/img00232.jpg,19.0,24.5801480425914,5.5801480425913965,test
img00273,138,images/img00273.jpg,13.0,13.66556531008996,0.6655653100899599,test
img00274,138,images/img00274.jpg,13.0,14.617833990622628,1.6178339906226284,test
img00287,145,images/img00287.jpg,15.0,17.99197327219261,2.9919732721926096,test
img00288,145,images/img00288.jpg,15.0,19.04596536900405,4.045965369004051,test
img00291,147,images/img00291.jpg,10.0,14.512214913878246,4.512214913878246,test
img00292,147,images/img00292.jpg,10.0,16.331806809561456,6.331806809561456,test
img00293,148,images/img00293.jpg,19.0,20.745079711407776,1.7450797114077758,test
img00294,148,images/img00294.jpg,19.0,21.281766924118465,2.2817669241184646,test
img00299,151,images/img00299.jpg,23.0,27.10950484543388,4.109504845433882,test
img00300,151,images/img00300.jpg,23.0,30.46440794019191,7.464407940191911,test
img00305,154,images/img00305.jpg,28.0,33.75325276104131,5.75325276104131,test
img00306,154,images/img00306.jpg,28.0,38.12876654848671,10.128766548486707,test
img00311,157,images/img00311.jpg,25.0,26.22873658486901,1.228736584869015,test
img00312,157,images/img00312.jpg,25.0,22.04245025115963,2.9575497488403717,test
img00317,160,images/img00317.jpg,24.0,25.51513272898664,1.515132728986636,test
img00318,160,images/img00318.jpg,24.0,25.978057595692107,1.978057595692107,test
img00344,174,images/img00344.jpg,76.0,78.93617855201018,2.936178552010176,test
img00345,174,images/img00345.jpg,76.0,82.1202244351606,6.120224435160594,test
img00394,202,images/img00394.jpg,74.0,64.32910517141282,9.67089482858718,test
img00395,202,images/img00395.jpg,74.0,64.99710242552578,9.002897574474218,test
img00424,218,images/img00424.jpg,38.0,38.36507347338149,0.3650734733814929,test
img00425,218,images/img00425.jpg,38.0,39.71647176335885,1.7164717633588538,test
img00427,220,images/img00427.jpg,49.0,62.396619827399135,13.396619827399135,test
img00428,220,images/img00428.jpg,49.0,58.78998475909143,9.789984759091425,test
img00441,227,images/img00441.jpg,41.0,36.66075255677205,4.339247443227947,test
img00442,227,images/img00442.jpg,41.0,33.10038500015599,7.899614999844012,test
img00451,232,images/img00451.jpg,60.0,67.03423674830395,7.034236748303954,test
img00452,232,images/img00452.jpg,60.0,53.36763164335746,6.632368356642537,test
img00463,238,images/img00463.jpg,49.0,53.06028671731834,4.060286717318341,test
img00464,238,images/img00464.jpg,49.0,46.341493897836834,2.658506102163166,test
img00478,246,images/img00478.jpg,59.0,59.15240905646579,0.1524090564657925,test
img00479,246,images/img00479.jpg,59.0,59.407386414010574,0.407386414010574,test
img00482,248,images/img00482.jpg,37.0,63.30126427686188,26.30126427686188,test
img00483,248,images/img00483.jpg,37.0,57.33917916857859,20.33917916857859,test
img00487,251,images/img00487.jpg,64.0,69.72121402393238,5.721214023932376,test
img00488,251,images/img00488.jpg,64.0,53.83484642619996,10.16515357380004,test
img00495,255,images/img00495.jpg,87.0,79.28749689069575,7.712503109304251,test
img00509,264,images/img00509.jpg,57.0,62.99946565017825,5.999465650178252,test
img00510,264,images/img00510.jpg,57.0,64.96175574140199,7.961755741401987,test
img00526,273,images/img00526.jpg,51.0,64.97892304022311,13.978923040223108,test
img00527,273,images/img00527.jpg,51.0,63.45880949752796,12.45880949752796,test
img00530,275,images/img00530.jpg,77.0,86.17443566424917,9.174435664249174,test
img00531,275,images/img00531.jpg,77.0,84.4286802760806,7.428680276080598,test
img00546,283,images/img00546.jpg,53.0,64.05117782588013,11.051177825880131,test
img00547,283,images/img00547.jpg,53.0,50.96487835259493,2.03512164740507,test
img00575,298,images/img00575.jpg,75.0,66.56996443240888,8.43003556759112,test
img00576,298,images/img00576.jpg,75.0,81.57056550196337,6.570565501963372,test
img00593,307,images/img00593.jpg,11.0,14.31501946032094,3.31501946032094,test
img00594,307,images/img00594.jpg,11.0,16.356642190334895,5.356642190334895,test
img00609,316,images/img00609.jpg,62.0,71.10599480864424,9.10599480864424,test
img00610,316,images/img00610.jpg,62.0,71.74561492460357,9.745614924603572,test
img00611,317,images/img00611.jpg,78.0,77.79896633552116,0.2010336644788424,test
img00635,329,images/img00635.jpg,68.0,66.42011783078723,1.579882169212766,test
img00636,329,images/img00636.jpg,68.0,62.2850487442183,5.714951255781699,test
img00645,334,images/img00645.jpg,68.0,76.63789374398553,8.63789374398553,test
img00646,334,images/img00646.jpg,68.0,71.51848439588952,3.518484395889516,test
img00651,337,images/img00651.jpg,30.0,31.034389308192058,1.0343893081920577,test
img00652,337,images/img00652.jpg,30.0,39.59243882006878,9.59243882006878,test
img00655,339,images/img00655.jpg,52.0,48.489321907702745,3.5106780922972547,test
img00656,339,images/img00656.jpg,52.0,60.16498494944285,8.164984949442847,test
img00669,346,images/img00669.jpg,49.0,67.23351308656686,18.23351308656686,test
img00670,346,images/img00670.jpg,49.0,57.744263510985824,8.744263510985824,test
img00677,350,images/img00677.jpg,77.0,67.97259796459883,9.027402035401169,test
img00678,350,images/img00678.jpg,77.0,75.14040818654803,1.8595918134519709,test
img00695,360,images/img00695.jpg,75.0,78.69820953681595,3.698209536815952,test
img00707,366,images/img00707.jpg,74.0,67.96929341498776,6.03070658501224,test
img00722,374,images/img00722.jpg,9.0,20.051146105289572,11.051146105289575,test
img00723,374,images/img00723.jpg,9.0,17.57991447606826,8.57991447606826,test
img00753,390,images/img00753.jpg,47.0,49.150200202216254,2.1502002022162543,test
img00754,390,images/img00754.jpg,47.0,54.76920646546986,7.769206465469864,test
img00784,406,images/img00784.jpg,78.0,67.54239141087436,10.45760858912564,test
img00785,406,images/img00785.jpg,78.0,76.05907188781791,1.9409281121820925,test
img00794,411,images/img00794.jpg,68.0,61.30013154977234,6.699868450227662,test
img00808,418,images/img00808.jpg,80.0,82.04486107304018,2.044861073040181,test
img00809,418,images/img00809.jpg,80.0,79.11974573760047,0.8802542623995322,test
img00813,421,images/img00813.jpg,84.0,79.24312431463093,4.756875685369067,test
img00814,421,images/img00814.jpg,84.0,80.05086748184308,3.9491325181569152,test
img00821,425,images/img00821.jpg,57.0,56.20502209272731,0.7949779072726884,test
img00822,425,images/img00822.jpg,57.0,61.10199653532725,4.1019965353272525,test
img00860,446,images/img00860.jpg,69.0,59.843261960764224,9.156738039235776,test
img00861,446,images/img00861.jpg,69.0,66.92458023173774,2.0754197682622646,test
img00896,464,images/img00896.jpg,77.0,75.51524444860434,1.484755551395665,test
img00897,464,images/img00897.jpg,77.0,66.00664233171081,10.993357668289192,test
img00898,465,images/img00898.jpg,84.0,77.98108955289855,6.018910447101447,test
img00899,465,images/img00899.jpg,84.0,73.47523145958905,10.524768540410946,test
img00910,471,images/img00910.jpg,54.0,60.02193503203778,6.021935032037781,test
img00911,471,images/img00911.jpg,54.0,61.60783310542295,7.607833105422948,test
img00927,480,images/img00927.jpg,62.0,56.68297972914766,5.317020270852339,test
img00928,480,images/img00928.jpg,62.0,59.64143250347838,2.358567496521623,test
img00929,481,images/img00929.jpg,65.0,64.35136180381815,0.6486381961818495,test
img00934,484,images/img00934.jpg,59.0,63.72836422676881,4.728364226768811,test
img00935,484,images/img00935.jpg,59.0,58.03586765664979,0.964132343350208,test
img00982,509,images/img00982.jpg,73.0,46.58148381416285,26.41851618583715,test
img00983,509,images/img00983.jpg,73.0,55.29994876071191,17.700051239288094,test
img01004,520,images/img01004.jpg,43.0,47.5201209548972,4.520120954897202,test
img01009,523,images/img01009.jpg,88.0,80.56849300541104,7.431506994588958,test
img01022,531,images/img01022.jpg,46.0,44.86005449169565,1.1399455083043506,test
img01023,531,images/img01023.jpg,46.0,42.66185936552159,3.338140634478414,test
img01047,544,images/img01047.jpg,78.0,81.43724492022842,3.437244920228423,test
img01056,549,images/img01056.jpg,78.0,80.6259071010301,2.6259071010300943,test
img01057,549,images/img01057.jpg,78.0,76.65827943419355,1.3417205658064546,test
img01145,596,images/img01145.jpg,77.0,80.96666178706454,3.966661787064538,test
img01146,596,images/img01146.jpg,77.0,77.98373319258741,0.9837331925874082,test
img01194,622,images/img01194.jpg,61.0,76.704667458338,15.704667458337994,test
img01195,622,images/img01195.jpg,61.0,71.35052820803288,10.350528208032884,test
img01196,623,images/img01196.jpg,68.0,63.10412226321577,4.895877736784229,test
img01267,661,images/img01267.jpg,29.0,34.9078667575945,5.907866757594498,test
img01268,661,images/img01268.jpg,29.0,34.92778348531646,5.927783485316461,test
img01308,684,images/img01308.jpg,55.0,61.32012625614024,6.3201262561402345,test
img01309,684,images/img01309.jpg,55.0,60.34112616859689,5.341126168596887,test
img01341,701,images/img01341.jpg,61.0,69.99535204351665,8.995352043516647,test
img01354,708,images/img01354.jpg,63.0,58.253211319993405,4.746788680006596,test
img01355,708,images/img01355.jpg,63.0,67.1682673174306,4.168267317430605,test
img01393,728,images/img01393.jpg,65.0,72.62941944461308,7.629419444613077,test
img01396,730,images/img01396.jpg,76.0,79.25298561416339,3.252985614163393,test
img01397,730,images/img01397.jpg,76.0,78.99039934028228,2.9903993402822806,test
img01405,735,images/img01405.jpg,72.0,79.1692616324659,7.169261632465904,test
img01406,735,images/img01406.jpg,72.0,71.10007388460512,0.8999261153948765,test
img01473,772,images/img01473.jpg,91.0,84.70655690822818,6.29344309177182,test
img01474,772,images/img01474.jpg,91.0,83.74711637349009,7.252883626509913,test
img01479,775,images/img01479.jpg,43.0,48.828039333448906,5.828039333448906,test
img01480,775,images/img01480.jpg,43.0,55.420417316455314,12.420417316455314,test
img01535,804,images/img01535.jpg,43.0,42.03705737351135,0.9629426264886476,test
img01536,804,images/img01536.jpg,43.0,37.41363801921941,5.586361980780588,test
img01541,807,images/img01541.jpg,43.0,48.75109840333759,5.751098403337586,test
img01542,807,images/img01542.jpg,43.0,49.625812685390535,6.625812685390535,test
img01551,812,images/img01551.jpg,19.0,33.139265262081736,14.139265262081736,test
img01552,812,images/img01552.jpg,19.0,34.37827069391722,15.378270693917225,test
img01586,830,images/img01586.jpg,44.0,43.86512113103578,0.1348788689642219,test
img01587,830,images/img01587.jpg,44.0,44.33752667423271,0.3375266742327056,test
img01620,848,images/img01620.jpg,49.0,47.55673929078553,1.4432607092144707,test
img01621,848,images/img01621.jpg,49.0,44.05546864168616,4.944531358313839,test
img01637,857,images/img01637.jpg,60.0,46.8563514521266,13.143648547873395,test
img01643,860,images/img01643.jpg,80.0,72.15125220650019,7.848747793499811,test
img01644,860,images/img01644.jpg,80.0,72.83669868223113,7.16330131776887,test
img01700,892,images/img01700.jpg,31.0,29.5100998181501,1.489900181849901,test
img01701,892,images/img01701.jpg,31.0,34.65948023154712,3.659480231547121,test
img01704,894,images/img01704.jpg,28.0,49.492078216996376,21.492078216996376,test
img01720,902,images/img01720.jpg,8.0,41.38694667579989,33.38694667579989,test
img01721,902,images/img01721.jpg,8.0,32.585656137897274,24.585656137897278,test
img01728,906,images/img01728.jpg,28.0,28.604286779608717,0.6042867796087137,test
img01729,906,images/img01729.jpg,28.0,32.44260731110265,4.442607311102648,test
img01744,915,images/img01744.jpg,58.0,49.2626323223337,8.737367677666299,test
img01745,915,images/img01745.jpg,58.0,51.794988849171325,6.205011150828675,test
img01757,923,images/img01757.jpg,35.0,38.28974064835319,3.289740648353188,test
img01778,935,images/img01778.jpg,59.0,68.86771538662674,9.867715386626742,test
img01779,935,images/img01779.jpg,59.0,64.5453203256112,5.5453203256112005,test
img01782,937,images/img01782.jpg,84.0,82.34797879304216,1.6520212069578406,test
img01783,937,images/img01783.jpg,84.0,69.08387982743999,14.916120172560014,test
img01808,950,images/img01808.jpg,71.0,81.80219588932275,10.802195889322746,test
img01819,957,images/img01819.jpg,25.0,36.0318542319766,11.031854231976602,test
img01820,957,images/img01820.jpg,25.0,30.790991234263853,5.790991234263853,test
img01823,959,images/img01823.jpg,32.0,39.97109221863954,7.971092218639541,test
img01838,967,images/img01838.jpg,25.0,25.078831844164228,0.0788318441642275,test
img01842,969,images/img01842.jpg,82.0,67.3396512938772,14.660348706122804,test
img01843,969,images/img01843.jpg,82.0,63.47782210920121,18.522177890798787,test
img01894,999,images/img01894.jpg,54.0,48.085044071710485,5.914955928289515,test
img01895,999,images/img01895.jpg,54.0,52.63917258277128,1.3608274172287196,test
img01958,1033,images/img01958.jpg,47.0,60.704843111986605,13.704843111986603,test
img01959,1033,images/img01959.jpg,47.0,53.756628391271946,6.756628391271946,test
img01963,1036,images/img01963.jpg,34.0,42.36550997386495,8.365509973864945,test
img01964,1036,images/img01964.jpg,34.0,36.479250987341295,2.479250987341296,test
img01965,1037,images/img01965.jpg,59.0,55.85560373374181,3.144396266258191,test
img02032,1072,images/img02032.jpg,78.0,78.65591566423586,0.655915664235863,test
img02041,1077,images/img02041.jpg,60.0,71.83125619944175,11.831256199441754,test
img02042,1077,images/img02042.jpg,60.0,65.2930908251292,5.293090825129198,test
img02050,1082,images/img02050.jpg,56.0,57.097748283218365,1.0977482832183654,test
img02051,1082,images/img02051.jpg,56.0,64.40095731324517,8.400957313245172,test
img02059,1087,images/img02059.jpg,62.0,63.75028549646608,1.750285496466077,test
img02075,1096,images/img02075.jpg,64.0,72.93177591853302,8.93177591853302,test
img02091,1105,images/img02091.jpg,71.0,70.76018950569596,0.239810494304038,test
img02092,1105,images/img02092.jpg,71.0,66.59250680474757,4.407493195252428,test
img02099,1109,images/img02099.jpg,52.0,41.87385188469956,10.126148115300438,test
img02100,1109,images/img02100.jpg,54.0,54.84352393218533,0.8435239321853274,test
img02114,1117,images/img02114.jpg,42.0,53.87828407647135,11.878284076471346,test
img02115,1117,images/img02115.jpg,42.0,52.39866953423668,10.39866953423668,test
img02167,1144,images/img02167.jpg,40.0,54.628503269063366,14.628503269063366,test
img02217,1170,images/img02217.jpg,56.0,51.11177321708048,4.888226782919524,test
img02218,1170,images/img02218.jpg,56.0,73.56893343613531,17.56893343613531,test
img02259,1192,images/img02259.jpg,38.0,41.74334944032271,3.74334944032271,test
img02260,1192,images/img02260.jpg,38.0,40.91753485824072,2.917534858240721,test
img02261,1193,images/img02261.jpg,42.0,54.7541724006551,12.7541724006551,test
img02262,1193,images/img02262.jpg,42.0,51.65541525252049,9.655415252520491,test
img02275,1200,images/img02275.jpg,33.0,48.710732730002505,15.710732730002505,test
img02276,1200,images/img02276.jpg,33.0,51.58975614203024,18.58975614203024,test
img02284,1205,images/img02284.jpg,36.0,35.64498199318501,0.3550180068149871,test
img02285,1205,images/img02285.jpg,36.0,31.5255391728958,4.474460827104203,test
img02303,1215,images/img02303.jpg,47.0,61.03196025986536,14.031960259865356,test
img02311,1219,images/img02311.jpg,31.0,40.3097529326432,9.3097529326432,test
img02312,1219,images/img02312.jpg,31.0,38.14127803137063,7.141278031370632,test
img02314,1221,images/img02314.jpg,17.0,31.92201096471601,14.922010964716009,test
img02315,1221,images/img02315.jpg,17.0,36.95615529857311,19.95615529857311,test
img02321,1225,images/img02321.jpg,51.0,49.22324819838805,1.776751801611951,test
img02322,1225,images/img02322.jpg,51.0,70.83762502763852,19.837625027638524,test
img02381,1255,images/img02381.jpg,28.0,22.60461412357818,5.39538587642182,test
img02382,1255,images/img02382.jpg,28.0,24.96670836679923,3.0332916332007684,test
img02390,1260,images/img02390.jpg,63.0,70.3572089508134,7.357208950813401,test
img02391,1260,images/img02391.jpg,63.0,63.651084116812925,0.6510841168129247,test
img02414,1272,images/img02414.jpg,60.0,67.36891673422826,7.368916734228264,test
img02415,1272,images/img02415.jpg,60.0,60.37182494370913,0.3718249437091288,test
img02444,1287,images/img02444.jpg,34.0,37.93962416236445,3.939624162364453,test
img02473,1302,images/img02473.jpg,78.0,74.68725737054041,3.312742629459592,test
img02474,1302,images/img02474.jpg,78.0,79.81703624263052,1.8170362426305215,test
img02525,1329,images/img02525.jpg,59.0,67.31790015940744,8.317900159407444,test
img02526,1329,images/img02526.jpg,59.0,61.96605337223186,2.966053372231862,test
img02552,1343,images/img02552.jpg,82.0,61.543198078129,20.456801921871005,test
img02563,1349,images/img02563.jpg,68.0,76.27522651313727,8.27522651313727,test
img02564,1349,images/img02564.jpg,68.0,76.2969863724905,8.296986372490494,test
img02567,1351,images/img02567.jpg,79.0,80.31563715781047,1.315637157810471,test
img02568,1351,images/img02568.jpg,79.0,72.52260505883446,6.477394941165542,test
img02584,1360,images/img02584.jpg,78.0,84.7885206446873,6.788520644687296,test
img02628,1384,images/img02628.jpg,74.0,84.62758362557553,10.627583625575523,test
img02629,1384,images/img02629.jpg,74.0,77.21595871651283,3.21595871651283,test
img02632,1386,images/img02632.jpg,51.0,54.35406478630488,3.3540647863048747,test
img02633,1386,images/img02633.jpg,51.0,60.96639848635622,9.96639848635622,test
img02691,1419,images/img02691.jpg,42.0,53.42682179806616,11.426821798066156,test
img02713,1430,images/img02713.jpg,49.0,45.88659592391603,3.1134040760839667,test
img02714,1430,images/img02714.jpg,49.0,52.70616823634681,3.706168236346812,test
img02737,1444,images/img02737.jpg,60.0,70.88631423979596,10.886314239795963,test
img02748,1450,images/img02748.jpg,61.0,70.46564834613675,9.465648346136746,test
img02749,1450,images/img02749.jpg,61.0,60.17564403050684,0.8243559694931619,test
img02780,1468,images/img02780.jpg,75.0,82.54739036699871,7.547390366998712,test
img02781,1468,images/img02781.jpg,75.0,70.13673550818055,4.86326449181945,test
img02813,1485,images/img02813.jpg,64.0,57.605679643302665,6.394320356697335,test
img02826,1492,images/img02826.jpg,67.0,62.79963255528946,4.200367444710537,test
img02827,1492,images/img02827.jpg,67.0,59.49073249919314,7.509267500806857,test
img02840,1499,images/img02840.jpg,74.0,73.2367913006879,0.7632086993121021,test
img02858,1510,images/img02858.jpg,58.0,49.46223475311598,8.537765246884021,test
img02859,1510,images/img02859.jpg,58.0,62.48877804487791,4.488778044877911,test
img02866,1514,images/img02866.jpg,47.0,41.563614659792925,5.4363853402070745,test
img02867,1514,images/img02867.jpg,47.0,46.165607881524046,0.8343921184759537,test
img02888,1526,images/img02888.jpg,75.0,77.01778389478696,2.017783894786959,test
img02899,1532,images/img02899.jpg,70.0,57.995922958941726,12.004077041058274,test
img02902,1534,images/img02902.jpg,63.0,62.652008617729656,0.3479913822703437,test
img02913,1540,images/img02913.jpg,72.0,79.76803293466845,7.7680329346684545,test
img02914,1540,images/img02914.jpg,72.0,76.83001785903078,4.830017859030775,test
img02939,1554,images/img02939.jpg,74.0,69.2070664570343,4.792933542965699,test
img02940,1554,images/img02940.jpg,74.0,72.07395192025129,1.9260480797487105,test
img02951,1560,images/img02951.jpg,59.0,62.39229119459175,3.392291194591749,test
img02952,1560,images/img02952.jpg,59.0,58.62114844861561,0.3788515513843933,test
img02955,1562,images/img02955.jpg,59.0,51.18403924557203,7.8159607544279694,test
img02956,1562,images/img02956.jpg,59.0,56.20902149751033,2.790978502489672,test
img02974,1573,images/img02974.jpg,80.0,77.33228104404373,2.667718955956275,test
img02975,1573,images/img02975.jpg,80.0,67.55103995160567,12.448960048394326,test
img02976,1574,images/img02976.jpg,58.0,56.76590177136136,1.2340982286386364,test
img02977,1574,images/img02977.jpg,58.0,56.214622054734846,1.7853779452651537,test
img02978,1575,images/img02978.jpg,77.0,74.44522146904265,2.55477853095735,test
img02979,1575,images/img02979.jpg,77.0,77.19808361152089,0.1980836115208859,test
img02998,1586,images/img02998.jpg,66.0,44.358180654607175,21.641819345392825,test
img02999,1586,images/img02999.jpg,66.0,47.627818735126304,18.372181264873696,test
img03007,1591,images/img03007.jpg,49.0,45.0500802722684,3.949919727731604,test
img03008,1591,images/img03008.jpg,49.0,46.67084079874524,2.329159201254761,test
img03037,1607,images/img03037.jpg,74.0,70.7068433869909,3.293156613009103,test
img03052,1615,images/img03052.jpg,74.0,55.91952195732887,18.08047804267113,test
img03053,1615,images/img03053.jpg,74.0,67.49332157567589,6.506678424324107,test
img03062,1622,images/img03062.jpg,43.0,46.246123287328544,3.246123287328544,test
img03088,1637,images/img03088.jpg,61.0,48.97150204690275,12.02849795309725,test
img03089,1637,images/img03089.jpg,61.0,56.00987944065695,4.990120559343048,test
img03126,1658,images/img03126.jpg,53.0,63.91175527877422,10.911755278774224,test
img03127,1658,images/img03127.jpg,53.0,42.34378174221427,10.656218257785731,test
img03133,1662,images/img03133.jpg,69.0,78.11732860815141,9.11732860815141,test
img03153,1673,images/img03153.jpg,46.0,51.05728741047323,5.057287410473229,test
img03154,1673,images/img03154.jpg,46.0,50.0715173586689,4.071517358668899,test
img03159,1676,images/img03159.jpg,66.0,52.270033669615394,13.729966330384606,test
img03160,1676,images/img03160.jpg,66.0,67.12529290394049,1.1252929039404904,test
img03161,1677,images/img03161.jpg,72.0,68.50479949659983,3.49520050340017,test
img03162,1677,images/img03162.jpg,72.0,71.13195569938424,0.8680443006157645,test
img03197,1697,images/img03197.jpg,78.0,77.57649707579645,0.4235029242035466,test
img03198,1697,images/img03198.jpg,78.0,75.53830431559334,2.4616956844066635,test
img03205,1701,images/img03205.jpg,74.0,66.29439989437864,7.705600105621357,test
img03206,1701,images/img03206.jpg,74.0,63.84573408562032,10.154265914379684,test
img03207,1702,images/img03207.jpg,68.0,71.32400238108876,3.3240023810887607,test
img03208,1702,images/img03208.jpg,68.0,72.57765689225627,4.577656892256272,test
img03223,1711,images/img03223.jpg,71.0,65.06113761708174,5.938862382918259,test
img03224,1711,images/img03224.jpg,71.0,72.0239637910685,1.0239637910684962,test
img03259,1730,images/img03259.jpg,55.0,59.05999563614576,4.059995636145757,test
img03260,1730,images/img03260.jpg,55.0,48.5716171897334,6.428382810266598,test
img03275,1737,images/img03275.jpg,53.0,57.06546532828948,4.065465328289477,test
img03276,1737,images/img03276.jpg,53.0,68.06046190349886,15.060461903498862,test
img03346,1777,images/img03346.jpg,56.0,42.08230025670147,13.917699743298527,test
img03347,1777,images/img03347.jpg,56.0,39.7847385233937,16.2152614766063,test
img03377,1793,images/img03377.jpg,68.0,74.63499968104716,6.634999681047162,test
img03378,1793,images/img03378.jpg,68.0,71.91315995232708,3.913159952327078,test
img03444,1828,images/img03444.jpg,78.0,65.96583823298178,12.03416176701822,test
img03472,1846,images/img03472.jpg,67.0,77.75228166533901,10.752281665339012,test
img03473,1846,images/img03473.jpg,67.0,71.65590349163055,4.6559034916305535,test
img03479,1850,images/img03479.jpg,63.0,61.45280174180424,1.5471982581957562,test
img03480,1850,images/img03480.jpg,63.0,59.62628992292556,3.373710077074442,test
img03491,1856,images/img03491.jpg,33.0,68.24860747168563,35.24860747168563,test
img03492,1856,images/img03492.jpg,33.0,58.540327876379415,25.54032787637941,test
img03524,1875,images/img03524.jpg,81.0,87.69441069941936,6.694410699419365,test
img03534,1880,images/img03534.jpg,61.0,68.74959246127145,7.749592461271447,test
img03535,1880,images/img03535.jpg,61.0,77.49453770177907,16.494537701779066,test
img03554,1890,images/img03554.jpg,57.0,54.94435277525668,2.055647224743325,test
img03555,1890,images/img03555.jpg,57.0,63.49796295736709,6.497962957367093,test
img03562,1894,images/img03562.jpg,19.0,16.505794073110913,2.4942059268890877,test
img03563,1894,images/img03563.jpg,19.0,13.322284770293386,5.677715229706614,test
img03570,1898,images/img03570.jpg,56.0,60.28360301193457,4.283603011934567,test
img03571,1898,images/img03571.jpg,56.0,60.692608098847366,4.692608098847366,test
img03593,1910,images/img03593.jpg,8.0,16.997807701277353,8.997807701277353,test
img03594,1910,images/img03594.jpg,8.0,12.24528079335198,4.245280793351981,test
img03614,1921,images/img03614.jpg,58.0,65.58222964591005,7.582229645910047,test
img03615,1921,images/img03615.jpg,58.0,60.08435039444858,2.084350394448577,test
img03646,1937,images/img03646.jpg,66.0,65.8215635600608,0.1784364399392046,test
img03665,1947,images/img03665.jpg,71.0,71.58185104325024,0.5818510432502393,test
img03666,1947,images/img03666.jpg,71.0,63.89536449458118,7.10463550541882,test
img03667,1948,images/img03667.jpg,72.0,66.25223253260873,5.74776746739127,test
img03668,1948,images/img03668.jpg,72.0,66.41307139678156,5.586928603218439,test
img03673,1951,images/img03673.jpg,73.0,80.48531214770904,7.485312147709038,test
img03674,1951,images/img03674.jpg,73.0,74.29307149818715,1.293071498187146,test
img03710,1970,images/img03710.jpg,68.0,66.57860806539325,1.4213919346067456,test
img03711,1970,images/img03711.jpg,68.0,66.5102742328168,1.4897257671832025,test
img03723,1977,images/img03723.jpg,68.0,56.05175710903068,11.948242890969324,test
img03724,1977,images/img03724.jpg,68.0,67.25639954649706,0.7436004535029355,test
img03727,1979,images/img03727.jpg,50.0,61.55285161637404,11.552851616374042,test
img03728,1979,images/img03728.jpg,50.0,52.95995382934126,2.9599538293412597,test
img03775,2005,images/img03775.jpg,78.0,77.34733801167758,0.6526619883224214,test
img03794,2016,images/img03794.jpg,30.0,28.3330759584258,1.6669240415741982,test
img03795,2016,images/img03795.jpg,30.0,41.78153607401326,11.78153607401326,test
img03804,2021,images/img03804.jpg,15.0,18.403194479504656,3.403194479504656,test
img03805,2021,images/img03805.jpg,15.0,18.6265558585633,3.6265558585633,test
img03854,2046,images/img03854.jpg,32.0,25.30835735338849,6.6916426466115055,test
img03855,2046,images/img03855.jpg,32.0,26.854079519653865,5.145920480346135,test
img03923,2081,images/img03923.jpg,21.0,20.595522121550797,0.4044778784492067,test
img03924,2081,images/img03924.jpg,21.0,19.45205634484067,1.5479436551593295,test
img03943,2091,images/img03943.jpg,56.0,64.13000387612438,8.130003876124377,test
img03944,2091,images/img03944.jpg,56.0,56.9879147128647,0.9879147128647006,test
img03956,2098,images/img03956.jpg,60.0,48.725538311931615,11.274461688068383,test
img03957,2098,images/img03957.jpg,60.0,49.885891645886886,10.114108354113114,test
img04035,2142,images/img04035.jpg,60.0,57.58267239826704,2.417327601732957,test
img04036,2142,images/img04036.jpg,60.0,57.19791662534641,2.802083374653592,test
img04043,2146,images/img04043.jpg,48.0,58.100708536662914,10.100708536662914,test
img04044,2146,images/img04044.jpg,48.0,46.19769909350624,1.8023009064937623,test
img04048,2148,images/img04048.jpg,56.0,45.07804243315238,10.921957566847617,test
img04049,2149,images/img04049.jpg,36.0,40.0894779811091,4.089477981109098,test
img04050,2149,images/img04050.jpg,36.0,31.622145445024344,4.377854554975656,test
img04163,2207,images/img04163.jpg,39.0,35.60530558564339,3.394694414356607,test
img04164,2207,images/img04164.jpg,39.0,44.88509054478871,5.88509054478871,test
img04165,2208,images/img04165.jpg,71.0,71.1515725092372,0.151572509237198,test
img04166,2208,images/img04166.jpg,71.0,60.95637713974275,10.043622860257251,test
img04195,2225,images/img04195.jpg,82.0,78.37838148376414,3.621618516235856,test
img04196,2225,images/img04196.jpg,82.0,76.6796030493737,5.320396950626304,test
img04209,2233,images/img04209.jpg,75.0,67.7476693783484,7.252330621651595,test
img04210,2233,images/img04210.jpg,75.0,69.9104491119414,5.0895508880585965,test
img04225,2241,images/img04225.jpg,58.0,61.47025259933788,3.470252599337876,test
img04226,2241,images/img04226.jpg,58.0,55.01539323027448,2.9846067697255165,test
img04233,2246,images/img04233.jpg,76.0,80.95963825587795,4.959638255877948,test
img04234,2246,images/img04234.jpg,76.0,76.0767746763615,0.0767746763614951,test
img04253,2256,images/img04253.jpg,67.0,71.43669515709963,4.436695157099635,test
img04254,2256,images/img04254.jpg,67.0,69.09306931094592,2.0930693109459213,test
img04286,2273,images/img04286.jpg,45.0,54.178955829925386,9.178955829925386,test
img04295,2278,images/img04295.jpg,50.0,52.31994327484704,2.3199432748470343,test
img04296,2278,images/img04296.jpg,50.0,44.79487743101664,5.205122568983356,test
img04306,2284,images/img04306.jpg,79.0,74.01825620952415,4.981743790475846,test
img04307,2284,images/img04307.jpg,79.0,71.36731924625474,7.632680753745262,test
img04372,2320,images/img04372.jpg,27.0,67.95388199896328,40.95388199896328,test
img04373,2320,images/img04373.jpg,27.0,36.94657973897401,9.946579738974007,test
img04381,2325,images/img04381.jpg,77.0,79.02247419310797,2.022474193107968,test
img04391,2330,images/img04391.jpg,33.0,33.98879407741235,0.9887940774123508,test
img04392,2330,images/img04392.jpg,33.0,27.9345799936425,5.065420006357499,test
img04403,2336,images/img04403.jpg,78.0,77.52027610799078,0.4797238920092184,test
img04473,2372,images/img04473.jpg,43.0,41.3583007021746,1.6416992978253973,test
img04474,2373,images/img04474.jpg,32.0,30.473739203054087,1.5262607969459123,test
img04475,2373,images/img04475.jpg,32.0,35.20355305810806,3.2035530581080565,test
img04492,2382,images/img04492.jpg,73.0,79.44785588627819,6.447855886278191,test
img04493,2382,images/img04493.jpg,73.0,78.18394745582243,5.183947455822434,test
img04528,2400,images/img04528.jpg,74.0,64.03828462934476,9.96171537065524,test
img04529,2400,images/img04529.jpg,74.0,75.13314472106624,1.1331447210662446,test
img04540,2406,images/img04540.jpg,68.0,74.5792923907553,6.579292390755299,test
img04541,2406,images/img04541.jpg,68.0,61.37367359247015,6.626326407529852,test
img04564,2419,images/img04564.jpg,58.0,54.38079810188382,3.619201898116181,test
img04565,2419,images/img04565.jpg,58.0,69.23436661738563,11.234366617385632,test
img04568,2421,images/img04568.jpg,70.0,71.2948503642227,1.2948503642226967,test
img04569,2421,images/img04569.jpg,70.0,68.64019332876734,1.3598066712326613,test
img04570,2422,images/img04570.jpg,32.0,44.56860630332356,12.568606303323564,test
img04571,2422,images/img04571.jpg,32.0,35.00326027092188,3.003260270921878,test
img04580,2427,images/img04580.jpg,44.0,43.63445920574064,0.3655407942593598,test
img04581,2427,images/img04581.jpg,61.0,44.577980099992615,16.422019900007385,test
img04586,2430,images/img04586.jpg,39.0,40.09308790164134,1.09308790164134,test
img04587,2430,images/img04587.jpg,39.0,52.447290583242086,13.447290583242086,test
img04588,2431,images/img04588.jpg,44.0,49.09768949110263,5.097689491102628,test
img04589,2431,images/img04589.jpg,44.0,35.54750541393118,8.452494586068823,test
img04609,2442,images/img04609.jpg,45.0,48.963213952919446,3.963213952919446,test
img04610,2442,images/img04610.jpg,45.0,52.65517074720855,7.655170747208551,test
img04619,2447,images/img04619.jpg,37.0,44.60517883357372,7.605178833573717,test
img04625,2450,images/img04625.jpg,64.0,59.07430308175974,4.925696918240263,test
img04626,2450,images/img04626.jpg,64.0,62.14607171147415,1.85392828852585,test
img04657,2466,images/img04657.jpg,67.0,61.26025337930067,5.739746620699329,test
img04658,2466,images/img04658.jpg,67.0,63.74733212341432,3.252667876585676,test
img04705,2490,images/img04705.jpg,35.0,34.750914829003804,0.2490851709961958,test
img04706,2490,images/img04706.jpg,35.0,29.09186380453493,5.908136195465069,test
img04723,2499,images/img04723.jpg,61.0,56.09965753719267,4.90034246280733,test
img04829,2552,images/img04829.jpg,58.0,50.68012760289005,7.319872397109947,test
img04830,2552,images/img04830.jpg,58.0,60.982005939605976,2.982005939605976,test
img04837,2556,images/img04837.jpg,53.0,68.7123961018538,15.712396101853798,test
img04838,2556,images/img04838.jpg,53.0,59.2254638689528,6.225463868952794,test
img04861,2568,images/img04861.jpg,43.0,50.30712847410762,7.307128474107621,test
img04888,2582,images/img04888.jpg,47.0,47.69104251252034,0.6910425125203403,test
img04889,2582,images/img04889.jpg,47.0,52.123639395318456,5.123639395318456,test
img04920,2599,images/img04920.jpg,60.0,52.25470677589944,7.745293224100557,test
img04952,2616,images/img04952.jpg,52.0,53.36471371514477,1.3647137151447737,test
img04953,2616,images/img04953.jpg,52.0,48.58700024988664,3.4129997501133644,test
img04963,2622,images/img04963.jpg,80.0,87.35817550301803,7.358175503018032,test
img04964,2622,images/img04964.jpg,80.0,70.40314328101786,9.59685671898214,test
img04985,2633,images/img04985.jpg,79.0,75.66298071903871,3.337019280961286,test
img04986,2633,images/img04986.jpg,79.0,74.58679251870097,4.413207481299025,test
img04987,2634,images/img04987.jpg,60.0,72.06086677627977,12.060866776279768,test
img04988,2634,images/img04988.jpg,60.0,65.0336738651655,5.033673865165497,test
img05014,2648,images/img05014.jpg,39.0,40.363384791281646,1.3633847912816464,test
img05015,2648,images/img05015.jpg,39.0,39.108714921801294,0.1087149218012939,test
img05017,2649,images/img05017.jpg,49.0,52.30271653775732,3.30271653775732,test
img05035,2659,images/img05035.jpg,43.0,59.55354784298013,16.55354784298013,test
img05036,2659,images/img05036.jpg,43.0,47.66884313716274,4.668843137162739,test
img05047,2665,images/img05047.jpg,30.0,34.795071464202955,4.795071464202955,test
img05051,2667,images/img05051.jpg,32.0,40.721060298179424,8.721060298179424,test
img05052,2667,images/img05052.jpg,32.0,44.40833564718617,12.40833564718617,test
img05053,2668,images/img05053.jpg,56.0,61.17459683591643,5.174596835916432,test
img05054,2668,images/img05054.jpg,56.0,59.249048864865145,3.249048864865145,test
img05061,2672,images/img05061.jpg,69.0,65.46670619052111,3.5332938094788915,test
img05062,2672,images/img05062.jpg,69.0,58.26317840873784,10.736821591262157,test
img05069,2676,images/img05069.jpg,58.0,53.211329718584665,4.788670281415335,test
img05070,2676,images/img05070.jpg,58.0,62.52458224007823,4.524582240078232,test
img05124,2705,images/img05124.jpg,35.0,42.88983838915228,7.889838389152281,test
img05125,2705,images/img05125.jpg,35.0,35.2438707445841,0.2438707445841004,test
img05139,2713,images/img05139.jpg,26.0,31.2690537737752,5.269053773775198,test
img05140,2713,images/img05140.jpg,26.0,24.53110547265376,1.4688945273462437,test
img05159,2723,images/img05159.jpg,33.0,40.878522632452615,7.878522632452615,test
img05160,2723,images/img05160.jpg,33.0,36.83091832136533,3.8309183213653313,test
img05169,2728,images/img05169.jpg,38.0,40.3536609086637,2.3536609086636986,test
img05170,2728,images/img05170.jpg,38.0,35.1640053425975,2.8359946574025017,test
img05171,2729,images/img05171.jpg,33.0,32.52367892822781,0.4763210717721904,test
img05172,2729,images/img05172.jpg,33.0,34.242280297843024,1.242280297843024,test
img05189,2738,images/img05189.jpg,69.0,75.3682301622764,6.368230162276404,test
img05190,2739,images/img05190.jpg,55.0,56.2630746044284,1.2630746044284038,test
img05191,2739,images/img05191.jpg,55.0,63.61992919388721,8.61992919388721,test
img05192,2740,images/img05192.jpg,81.0,72.83427534584966,8.165724654150338,test
img05202,2745,images/img05202.jpg,63.0,56.96054219732746,6.039457802672537,test
img05203,2745,images/img05203.jpg,63.0,71.93564070517631,8.935640705176311,test
img05218,2753,images/img05218.jpg,8.0,18.452594769664223,10.452594769664223,test
img05231,2760,images/img05231.jpg,65.0,58.754853743180696,6.245146256819304,test
img05232,2760,images/img05232.jpg,65.0,63.92362548272373,1.076374517276271,test
img05235,2762,images/img05235.jpg,34.0,57.57548922897837,23.57548922897837,test
img05236,2762,images/img05236.jpg,34.0,43.48924333601623,9.48924333601623,test
img05238,2763,images/img05238.jpg,32.0,26.79481574874096,5.205184251259041,test
img05249,2769,images/img05249.jpg,67.0,64.27227836951178,2.727721630488219,test
img05250,2769,images/img05250.jpg,67.0,66.27421487649023,0.7257851235097661,test
img05267,2778,images/img05267.jpg,84.0,76.02648662930972,7.973513370690284,test
img05268,2778,images/img05268.jpg,84.0,73.80517056196241,10.194829438037589,test
img05285,2787,images/img05285.jpg,70.0,73.2530239463682,3.2530239463682022,test
img05286,2787,images/img05286.jpg,70.0,56.48371709167832,13.516282908321678,test
img05287,2788,images/img05287.jpg,77.0,81.59616212881883,4.596162128818833,test
img05288,2788,images/img05288.jpg,77.0,82.12017426708069,5.120174267080685,test
img05289,2789,images/img05289.jpg,61.0,53.85042525092586,7.149574749074141,test
img05290,2789,images/img05290.jpg,61.0,56.23937495809432,4.760625041905684,test
img05311,2800,images/img05311.jpg,86.0,78.37028261069092,7.629717389309079,test
img05312,2800,images/img05312.jpg,86.0,65.29731257811417,20.702687421885827,test
img05317,2803,images/img05317.jpg,64.0,79.44086507340458,15.44086507340458,test
img05318,2803,images/img05318.jpg,64.0,81.20706940718628,17.20706940718628,test
img05319,2804,images/img05319.jpg,83.0,70.20845841267662,12.79154158732338,test
img05320,2804,images/img05320.jpg,83.0,57.17904313466648,25.82095686533352,test
img05324,2807,images/img05324.jpg,75.0,73.63339832820176,1.366601671798236,test
img05325,2807,images/img05325.jpg,75.0,68.45073357500917,6.549266424990833,test
img05344,2817,images/img05344.jpg,48.0,48.98425073755579,0.98425073755579,test
img05345,2817,images/img05345.jpg,48.0,45.96976805673458,2.03023194326542,test
img05376,2833,images/img05376.jpg,55.0,65.71033983630277,10.710339836302763,test
img05377,2833,images/img05377.jpg,55.0,55.35505730587623,0.3550573058762296,test
img05394,2842,images/img05394.jpg,58.0,53.74605137864302,4.253948621356983,test
img05395,2842,images/img05395.jpg,58.0,65.1199493299703,7.1199493299702965,test
img05398,2844,images/img05398.jpg,77.0,78.02124364780968,1.0212436478096834,test
img05399,2844,images/img05399.jpg,77.0,71.6326484053741,5.367351594625902,test
img05448,2870,images/img05448.jpg,59.0,58.698589968915535,0.3014100310844654,test
img05449,2870,images/img05449.jpg,59.0,56.995009406382025,2.0049905936179755,test
img05454,2873,images/img05454.jpg,61.0,66.27453006290528,5.274530062905285,test
img05455,2873,images/img05455.jpg,61.0,70.98469384448808,9.984693844488078,test
img05465,2879,images/img05465.jpg,61.0,74.94983491953806,13.949834919538064,test
img05466,2879,images/img05466.jpg,61.0,70.43465865069157,9.434658650691574,test
img05467,2880,images/img05467.jpg,58.0,63.205846770104976,5.205846770104976,test
img05468,2880,images/img05468.jpg,58.0,58.973738984370925,0.9737389843709252,test
img05475,2884,images/img05475.jpg,60.0,66.60796729824153,6.607967298241533,test
img05476,2884,images/img05476.jpg,60.0,71.69364079382282,11.693640793822825,test
img05481,2887,images/img05481.jpg,45.0,43.83057277374871,1.1694272262512868,test
img05483,2888,images/img05483.jpg,66.0,64.68253275067524,1.317467249324764,test
img05488,2891,images/img05488.jpg,56.0,75.11469159254497,19.11469159254497,test
img05510,2903,images/img05510.jpg,59.0,54.50175116131196,4.498248838688042,test
img05511,2903,images/img05511.jpg,59.0,65.67448819954863,6.674488199548634,test
img05521,2908,images/img05521.jpg,78.0,72.02315455812743,5.97684544187257,test
img05548,2922,images/img05548.jpg,33.0,36.05633189252812,3.056331892528121,test
img05549,2922,images/img05549.jpg,33.0,47.81260849501165,14.812608495011652,test
img05570,2933,images/img05570.jpg,58.0,69.70271618038336,11.702716180383362,test
img05571,2933,images/img05571.jpg,58.0,58.07682225961853,0.076822259618531,test
img05585,2942,images/img05585.jpg,58.0,58.11207215206643,0.1120721520664318,test
img05586,2942,images/img05586.jpg,58.0,51.88187832764973,6.11812167235027,test
img05594,2946,images/img05594.jpg,71.0,80.7653263763047,9.7653263763047,test
img05624,2962,images/img05624.jpg,72.0,42.14334172261968,29.85665827738032,test
img05625,2962,images/img05625.jpg,72.0,35.37660675912713,36.62339324087287,test
img05656,2978,images/img05656.jpg,58.0,57.002798000787145,0.9972019992128552,test
img05657,2978,images/img05657.jpg,58.0,48.12877536884088,9.871224631159125,test
img05658,2979,images/img05658.jpg,49.0,58.06593265077433,9.065932650774329,test
img05659,2979,images/img05659.jpg,49.0,57.58007551850048,8.580075518500479,test
img05664,2982,images/img05664.jpg,58.0,53.71661771163271,4.283382288367292,test
img05665,2982,images/img05665.jpg,58.0,44.770589536680426,13.229410463319574,test
img05674,2987,images/img05674.jpg,50.0,60.08822397005292,10.088223970052924,test
img05675,2987,images/img05675.jpg,50.0,58.38918453895329,8.389184538953288,test
img05709,3006,images/img05709.jpg,39.0,38.1848217435066,0.8151782564933967,test
img05710,3006,images/img05710.jpg,39.0,42.26980672717468,3.269806727174675,test
img05745,3024,images/img05745.jpg,83.0,78.0666195854726,4.933380414527406,test
img05746,3024,images/img05746.jpg,83.0,71.78583118430937,11.214168815690629,test
img05760,3031,images/img05760.jpg,72.0,67.79093389421361,4.209066105786391,test
img05788,3046,images/img05788.jpg,50.0,58.65997554328276,8.659975543282762,test
img05789,3046,images/img05789.jpg,50.0,54.289455388356096,4.289455388356096,test
img05793,3048,images/img05793.jpg,69.0,70.37297263400765,1.3729726340076525,test
img05816,3060,images/img05816.jpg,47.0,59.30421657564544,12.304216575645434,test
img05817,3060,images/img05817.jpg,47.0,50.46578666272027,3.4657866627202694,test
img05836,3070,images/img05836.jpg,72.0,77.85409014923152,5.854090149231524,test
img05837,3070,images/img05837.jpg,72.0,75.54030013268519,3.5403001326851893,test
img05853,3079,images/img05853.jpg,65.0,59.81329662116798,5.186703378832021,test
img05854,3079,images/img05854.jpg,65.0,57.30581834972643,7.69418165027357,test
img05863,3084,images/img05863.jpg,50.0,52.99497987399785,2.994979873997849,test
img05864,3084,images/img05864.jpg,50.0,52.14518767624774,2.145187676247737,test
img05884,3095,images/img05884.jpg,50.0,52.30380442166394,2.3038044216639406,test
img05885,3095,images/img05885.jpg,50.0,70.74012990800732,20.74012990800732,test
img05910,3109,images/img05910.jpg,54.0,53.0110472921976,0.9889527078024044,test
img05911,3109,images/img05911.jpg,54.0,57.68768209643215,3.687682096432148,test
img05924,3116,images/img05924.jpg,69.0,71.35684720487995,2.356847204879955,test
img05925,3116,images/img05925.jpg,69.0,75.93348591527166,6.93348591527166,test
img05938,3124,images/img05938.jpg,45.0,58.402200156509736,13.402200156509736,test
img05939,3124,images/img05939.jpg,45.0,45.183946159219694,0.183946159219694,test
img05956,3133,images/img05956.jpg,45.0,54.88030176984944,9.88030176984944,test
img05975,3143,images/img05975.jpg,68.0,66.0288580662249,1.971141933775101,test
img05976,3143,images/img05976.jpg,68.0,68.15560566703715,0.1556056670371504,test
img05995,3154,images/img05995.jpg,56.0,58.28119461145453,2.281194611454524,test
img05996,3154,images/img05996.jpg,56.0,56.46186827941168,0.4618682794116822,test
img06022,3169,images/img06022.jpg,82.0,76.36127567627729,5.6387243237227125,test
img06023,3169,images/img06023.jpg,82.0,62.38734473097424,19.612655269025765,test
img06034,3175,images/img06034.jpg,88.0,81.19395154490176,6.806048455098235,test
img06035,3175,images/img06035.jpg,88.0,68.69401713484194,19.305982865158057,test
img06053,3185,images/img06053.jpg,42.0,39.70812204988611,2.291877950113893,test
img06054,3185,images/img06054.jpg,42.0,39.89399151409983,2.106008485900169,test
img06071,3194,images/img06071.jpg,42.0,42.28919559944721,0.2891955994472113,test
img06072,3194,images/img06072.jpg,42.0,43.36521911760961,1.3652191176096125,test
img06125,3222,images/img06125.jpg,61.0,50.66000638571196,10.33999361428804,test
img06126,3222,images/img06126.jpg,61.0,49.961606729871846,11.038393270128154,test
img06131,3225,images/img06131.jpg,65.0,64.00323131942736,0.996768680572643,test
img06132,3225,images/img06132.jpg,65.0,62.31806370323699,2.6819362967630127,test
img06163,3242,images/img06163.jpg,23.0,34.746805408893394,11.746805408893394,test
img06164,3242,images/img06164.jpg,23.0,31.281648143052017,8.281648143052017,test
img06175,3248,images/img06175.jpg,51.0,56.847484339474256,5.847484339474256,test
img06176,3248,images/img06176.jpg,51.0,65.56025602691201,14.560256026912016,test
img06180,3251,images/img06180.jpg,56.0,59.21331937647946,3.213319376479461,test
img06181,3251,images/img06181.jpg,56.0,56.17551290094454,0.1755129009445397,test
img06203,3263,images/img06203.jpg,52.0,57.65188444489443,5.651884444894428,test
img06204,3263,images/img06204.jpg,52.0,58.93986326106823,6.939863261068233,test
img06217,3272,images/img06217.jpg,59.0,55.22869209217582,3.771307907824181,test
img06218,3272,images/img06218.jpg,59.0,51.16566518630712,7.834334813692877,test
img06250,3289,images/img06250.jpg,60.0,44.12820799510551,15.871792004894496,test
img06251,3289,images/img06251.jpg,60.0,42.486914546012216,17.513085453987784,test
img06256,3292,images/img06256.jpg,69.0,55.4301623296504,13.5698376703496,test
img06257,3292,images/img06257.jpg,69.0,57.439341921328165,11.560658078671835,test
img06284,3306,images/img06284.jpg,54.0,54.43214894880227,0.432148948802272,test
img06285,3306,images/img06285.jpg,54.0,58.989075693580766,4.989075693580766,test
img06287,3307,images/img06287.jpg,57.0,39.326373498907344,17.673626501092656,test
img06304,3317,images/img06304.jpg,43.0,39.89458916861695,3.105410831383054,test
img06305,3317,images/img06305.jpg,43.0,46.22667770331351,3.2266777033135057,test
img06343,3337,images/img06343.jpg,35.0,38.13894412504466,3.1389441250446595,test
img06350,3340,images/img06350.jpg,51.0,50.85732235172208,0.1426776482779175,test
img06363,3347,images/img06363.jpg,67.0,73.8719780852383,6.871978085238297,test
img06380,3356,images/img06380.jpg,56.0,60.8719911575126,4.871991157512603,test
img06381,3356,images/img06381.jpg,56.0,51.48760956890358,4.512390431096421,test
img06440,3387,images/img06440.jpg,46.0,55.42422640971783,9.424226409717823,test
img06441,3387,images/img06441.jpg,46.0,44.505199303376834,1.494800696623166,test
img06511,3423,images/img06511.jpg,65.0,60.92389903370956,4.07610096629044,test
img06512,3423,images/img06512.jpg,65.0,62.68822833550483,2.3117716644951685,test
img06547,3442,images/img06547.jpg,73.0,73.5890377488517,0.5890377488516947,test
img06548,3443,images/img06548.jpg,64.0,64.2500364603473,0.2500364603473031,test
img06549,3443,images/img06549.jpg,64.0,53.96586009421714,10.034139905782858,test
img06598,3470,images/img06598.jpg,68.0,78.26596572280319,10.265965722803188,test
img06624,3485,images/img06624.jpg,76.0,79.08199971052473,3.0819997105247268,test
img06625,3485,images/img06625.jpg,76.0,78.10285402648861,2.102854026488614,test
img06628,3487,images/img06628.jpg,79.0,74.22647773455606,4.773522265443944,test
img06629,3487,images/img06629.jpg,79.0,74.96238784561845,4.037612154381549,test
img06706,3529,images/img06706.jpg,7.0,18.92619889372669,11.926198893726692,test
img06718,3535,images/img06718.jpg,61.0,51.152044552613134,9.847955447386866,test
img06719,3535,images/img06719.jpg,61.0,77.38493135329274,16.384931353292743,test
img06722,3537,images/img06722.jpg,53.0,49.31944821813042,3.680551781869582,test
img06723,3537,images/img06723.jpg,53.0,53.98912063352576,0.989120633525758,test
img06747,3551,images/img06747.jpg,23.0,30.85045349627551,7.850453496275509,test
img06832,3594,images/img06832.jpg,50.0,49.55993763403461,0.4400623659653959,test
img06833,3594,images/img06833.jpg,50.0,48.416947908778354,1.5830520912216457,test
img06836,3596,images/img06836.jpg,77.0,70.70824373078648,6.291756269213522,test
img06837,3596,images/img06837.jpg,77.0,69.26985726208655,7.730142737913454,test
img06844,3600,images/img06844.jpg,39.0,41.58075469335324,2.580754693353235,test
img06845,3600,images/img06845.jpg,39.0,62.46892675378192,23.468926753781915,test
img06852,3604,images/img06852.jpg,76.0,73.80062162584761,2.1993783741523885,test
img06916,3637,images/img06916.jpg,74.0,69.56234371159057,4.437656288409428,test
img06922,3640,images/img06922.jpg,48.0,52.78566174017586,4.785661740175861,test
img06923,3640,images/img06923.jpg,48.0,59.08581883731862,11.08581883731862,test
img06933,3646,images/img06933.jpg,73.0,70.98630794792848,2.01369205207152,test
img06934,3646,images/img06934.jpg,73.0,69.8628516008271,3.137148399172901,test
img06964,3662,images/img06964.jpg,73.0,65.72661283456908,7.273387165430918,test
img06993,3679,images/img06993.jpg,53.0,50.441455143966735,2.558544856033265,test
img06994,3679,images/img06994.jpg,53.0,46.44306680987589,6.556933190124106,test
img07022,3695,images/img07022.jpg,76.0,81.07785606434086,5.077856064340864,test
img07023,3695,images/img07023.jpg,76.0,73.37849431420858,2.621505685791419,test
img07071,3720,images/img07071.jpg,70.0,68.62991214421828,1.370087855781719,test
img07113,3742,images/img07113.jpg,63.0,58.77418426779508,4.2258157322049215,test
img07114,3742,images/img07114.jpg,63.0,57.60454881661026,5.3954511833897385,test
img07125,3748,images/img07125.jpg,20.0,16.294817666126015,3.705182333873985,test
img07126,3748,images/img07126.jpg,20.0,21.98066935136805,1.98066935136805,test
img07187,3780,images/img07187.jpg,45.0,49.24095971181509,4.240959711815094,test
img07188,3780,images/img07188.jpg,45.0,34.272003794575824,10.727996205424176,test
img07206,3790,images/img07206.jpg,38.0,37.89964892756427,0.1003510724357283,test
img07207,3790,images/img07207.jpg,38.0,33.13682011349162,4.863179886508377,test
img07208,3791,images/img07208.jpg,48.0,47.48331176218315,0.5166882378168509,test
img07209,3791,images/img07209.jpg,48.0,45.77518025272186,2.22481974727814,test
img07214,3794,images/img07214.jpg,29.0,34.24947832669884,5.249478326698842,test
img07244,3810,images/img07244.jpg,36.0,41.66323319793659,5.663233197936592,test
img07245,3810,images/img07245.jpg,36.0,39.8354540897351,3.8354540897351015,test
img07285,3831,images/img07285.jpg,27.0,31.283833726359145,4.283833726359145,test
img07286,3831,images/img07286.jpg,27.0,30.41161585158665,3.411615851586646,test
img07305,3841,images/img07305.jpg,74.0,69.60099712654632,4.399002873453682,test
img07306,3841,images/img07306.jpg,74.0,68.15765710526107,5.842342894738934,test
img07317,3847,images/img07317.jpg,38.0,34.95947444326985,3.0405255567301523,test
img07318,3847,images/img07318.jpg,38.0,35.1540197134757,2.845980286524302,test
img07335,3856,images/img07335.jpg,42.0,51.139533615034416,9.139533615034416,test
img07336,3856,images/img07336.jpg,42.0,42.54002509286383,0.5400250928638286,test
img07371,3874,images/img07371.jpg,42.0,56.82110138249681,14.821101382496812,test
img07372,3874,images/img07372.jpg,42.0,46.91135747991025,4.911357479910251,test
img07408,3893,images/img07408.jpg,57.0,57.80687054818017,0.8068705481801715,test
img07409,3893,images/img07409.jpg,57.0,54.60005660449465,2.3999433955053533,test
img07414,3896,images/img07414.jpg,42.0,52.92835666388508,10.928356663885085,test
img07419,3899,images/img07419.jpg,73.0,73.87234998339585,0.8723499833958499,test
img07420,3899,images/img07420.jpg,73.0,63.00859460480517,9.991405395194832,test
img07454,3917,images/img07454.jpg,87.0,85.27573776817073,1.7242622318292715,test
img07455,3917,images/img07455.jpg,87.0,81.38167831868238,5.618321681317624,test
img07470,3925,images/img07470.jpg,72.0,73.92071419364436,1.9207141936443577,test
img07471,3925,images/img07471.jpg,72.0,72.87036255445727,0.8703625544572731,test
img07494,3938,images/img07494.jpg,82.0,72.16319766256954,9.836802337430456,test
img07495,3938,images/img07495.jpg,82.0,71.74064392225132,10.259356077748675,test
img07562,3974,images/img07562.jpg,57.0,70.01997693647658,13.01997693647658,test
img07563,3974,images/img07563.jpg,57.0,71.34312296319486,14.343122963194858,test
img07593,3990,images/img07593.jpg,82.0,76.51760377570047,5.482396224299535,test
img07594,3990,images/img07594.jpg,82.0,64.48750652126857,17.51249347873143,test
img07639,4013,images/img07639.jpg,65.0,55.01910430492436,9.980895695075644,test
img07640,4013,images/img07640.jpg,71.0,68.81390139604603,2.1860986039539654,test
img07641,4013,images/img07641.jpg,71.0,72.56755783964948,1.5675578396494814,test
img07649,4018,images/img07649.jpg,64.0,69.04343563015375,5.043435630153752,test
img07650,4018,images/img07650.jpg,64.0,63.88480411376135,0.1151958862386521,test
img07701,4045,images/img07701.jpg,38.0,66.91511809562363,28.915118095623622,test
img07702,4045,images/img07702.jpg,38.0,61.21387735187098,23.213877351870977,test
img07712,4050,images/img07712.jpg,44.0,56.26880508062072,12.268805080620716,test
img07727,4059,images/img07727.jpg,65.0,57.56755456093841,7.432445439061588,test
img07762,4078,images/img07762.jpg,48.0,62.61698257307307,14.616982573073066,test
img07844,4121,images/img07844.jpg,73.0,60.14069269266489,12.859307307335108,test
img07845,4121,images/img07845.jpg,73.0,55.34749678537784,17.652503214622158,test
img07848,4123,images/img07848.jpg,12.0,18.464120340716995,6.464120340716995,test
img07867,4133,images/img07867.jpg,58.0,63.86020157831529,5.860201578315291,test
img07868,4133,images/img07868.jpg,58.0,59.94239735848621,1.942397358486204,test
img07869,4134,images/img07869.jpg,13.0,24.02058200422353,11.020582004223536,test
img07870,4134,images/img07870.jpg,13.0,15.164369415540593,2.164369415540591,test
img07897,4148,images/img07897.jpg,27.0,54.38628632623377,27.386286326233773,test
img07898,4148,images/img07898.jpg,27.0,41.79575327161393,14.795753271613933,test
img07937,4169,images/img07937.jpg,65.0,71.250435254351,6.250435254351004,test
img07938,4169,images/img07938.jpg,65.0,72.13036701671399,7.13036701671399,test
img07965,4184,images/img07965.jpg,79.0,79.67046038169654,0.6704603816965431,test
img07966,4184,images/img07966.jpg,79.0,76.34989406580164,2.650105934198365,test
img08005,4205,images/img08005.jpg,58.0,62.02755016800572,4.0275501680057175,test
img08013,4209,images/img08013.jpg,65.0,65.895099059096,0.8950990590959975,test
img08059,4232,images/img08059.jpg,61.0,58.537107985403175,2.462892014596825,test
img08060,4232,images/img08060.jpg,61.0,67.4215408688269,6.421540868826895,test
img08087,4246,images/img08087.jpg,60.0,45.29444026459824,14.705559735401764,test
img08088,4246,images/img08088.jpg,60.0,51.72909907457456,8.270900925425444,test
img08089,4247,images/img08089.jpg,63.0,69.54987585312395,6.54987585312395,test
img08090,4247,images/img08090.jpg,63.0,63.8658084065498,0.8658084065498031,test
img08101,4253,images/img08101.jpg,63.0,58.81762000949821,4.182379990501786,test
img08102,4253,images/img08102.jpg,63.0,64.47868620939411,1.4786862093941124,test
img08114,4260,images/img08114.jpg,71.0,66.18404865896677,4.815951341033227,test
img08115,4260,images/img08115.jpg,71.0,57.95549266693851,13.044507333061487,test
img08143,4275,images/img08143.jpg,64.0,78.16515405684615,14.165154056846148,test
img08167,4287,images/img08167.jpg,52.0,52.295394179312176,0.2953941793121757,test
img08168,4287,images/img08168.jpg,52.0,53.20114968815324,1.2011496881532366,test
img08176,4291,images/img08176.jpg,72.0,64.40884678911532,7.591153210884684,test
img08201,4305,images/img08201.jpg,46.0,37.652913585712014,8.347086414287986,test
img08202,4305,images/img08202.jpg,46.0,33.60531799950819,12.394682000491812,test
img08215,4312,images/img08215.jpg,33.0,51.89873807432884,18.89873807432884,test
img08216,4312,images/img08216.jpg,33.0,40.53304015019242,7.53304015019242,test
img08232,4321,images/img08232.jpg,59.0,62.26373876166856,3.263738761668563,test
img08233,4321,images/img08233.jpg,59.0,68.89253222702281,9.892532227022812,test
img08251,4331,images/img08251.jpg,60.0,62.5822204561412,2.5822204561411937,test
img08252,4331,images/img08252.jpg,60.0,67.2061420365374,7.2061420365374,test
img08299,4357,images/img08299.jpg,45.0,46.23739513203565,1.237395132035644,test
img08300,4357,images/img08300.jpg,45.0,33.55075912200195,11.44924087799805,test
img08304,4359,images/img08304.jpg,63.0,58.76238113638719,4.237618863612809,test
img08365,4392,images/img08365.jpg,17.0,47.752164683610566,30.75216468361057,test
img08366,4392,images/img08366.jpg,17.0,23.643922241523747,6.643922241523747,test
img08369,4394,images/img08369.jpg,22.0,21.94436947372607,0.05563052627393,test
img08370,4394,images/img08370.jpg,22.0,25.746381402694563,3.746381402694563,test
img08375,4398,images/img08375.jpg,19.0,26.90648553216596,7.906485532165956,test
img08376,4398,images/img08376.jpg,19.0,24.200044132145145,5.200044132145145,test
img08391,4406,images/img08391.jpg,39.0,38.005588643775866,0.994411356224134,test
img08392,4406,images/img08392.jpg,39.0,37.441189019970274,1.558810980029726,test
img08508,4471,images/img08508.jpg,18.0,25.265622874193586,7.265622874193582,test
img08509,4471,images/img08509.jpg,18.0,25.819818746790837,7.819818746790833,test
img08522,4478,images/img08522.jpg,69.0,65.35997469113538,3.6400253088646224,test
img08523,4478,images/img08523.jpg,69.0,72.45726004414882,3.457260044148825,test
img08632,4537,images/img08632.jpg,49.0,49.77774180763343,0.7777418076334257,test
img08633,4537,images/img08633.jpg,49.0,48.77957696826146,0.2204230317385409,test
img08640,4541,images/img08640.jpg,73.0,72.49745667286683,0.5025433271331678,test
img08659,4551,images/img08659.jpg,63.0,55.90315230371296,7.096847696287043,test
img08660,4551,images/img08660.jpg,63.0,58.53286510184106,4.467134898158939,test
img08690,4567,images/img08690.jpg,65.0,64.34180860173291,0.6581913982670926,test
img08691,4567,images/img08691.jpg,65.0,65.63988967418166,0.63988967418166,test
img08733,4589,images/img08733.jpg,12.0,22.772548499226158,10.772548499226154,test
img08734,4589,images/img08734.jpg,12.0,25.314757055407576,13.314757055407576,test
img08745,4595,images/img08745.jpg,14.0,14.8854916030158,0.8854916030158009,test
img08746,4595,images/img08746.jpg,14.0,16.066295518499835,2.0662955184998357,test
img08786,4616,images/img08786.jpg,53.0,48.54059150414396,4.459408495856039,test
img08787,4616,images/img08787.jpg,53.0,49.34111810212294,3.658881897877059,test
img08832,4640,images/img08832.jpg,71.0,72.88875242757345,1.8887524275734504,test
img08833,4640,images/img08833.jpg,71.0,65.57925718717573,5.4207428128242725,test
img08834,4641,images/img08834.jpg,76.0,68.35833051548825,7.641669484511752,test
img08835,4641,images/img08835.jpg,76.0,76.60691604525512,0.6069160452551188,test
img08845,4647,images/img08845.jpg,76.0,76.38963154752747,0.3896315475274718,test
img08846,4647,images/img08846.jpg,76.0,77.04010650912346,1.0401065091234614,test
img08896,4673,images/img08896.jpg,63.0,65.64094865691182,2.640948656911817,test
img08897,4673,images/img08897.jpg,63.0,72.5920093255506,9.592009325550606,test
img08911,4681,images/img08911.jpg,69.0,76.08597942841348,7.085979428413481,test
img08912,4681,images/img08912.jpg,69.0,71.18883866772255,2.1888386677225498,test
img08940,4696,images/img08940.jpg,89.0,82.5150450427857,6.484954957214299,test
img08983,4719,images/img08983.jpg,71.0,68.2251866126434,2.774813387356602,test
img08984,4719,images/img08984.jpg,71.0,67.55741347897437,3.442586521025632,test
img08987,4721,images/img08987.jpg,64.0,66.82027643117519,2.820276431175188,test
img08988,4721,images/img08988.jpg,64.0,71.25508016418387,7.255080164183866,test
img08999,4727,images/img08999.jpg,43.0,52.90356790670764,9.903567906707645,test
img09027,4742,images/img09027.jpg,71.0,61.63366639474231,9.366333605257694,test
img09028,4742,images/img09028.jpg,71.0,68.75375423068263,2.246245769317369,test
img09083,4771,images/img09083.jpg,68.0,59.58137422286525,8.41862577713475,test
img09108,4785,images/img09108.jpg,57.0,54.34205934666172,2.6579406533382794,test
img09109,4785,images/img09109.jpg,57.0,63.24179601649284,6.241796016492842,test
img09114,4788,images/img09114.jpg,83.0,76.15838287381955,6.841617126180452,test
img09115,4788,images/img09115.jpg,83.0,77.01857349674023,5.981426503259769,test
img09129,4796,images/img09129.jpg,69.0,72.61811308625727,3.6181130862572672,test
img09130,4796,images/img09130.jpg,69.0,67.7538127869158,1.2461872130841982,test
img09131,4797,images/img09131.jpg,78.0,62.71907625159374,15.28092374840626,test
img09132,4797,images/img09132.jpg,78.0,78.61602549704943,0.616025497049435,test
img09155,4809,images/img09155.jpg,76.0,74.21708321628878,1.7829167837112152,test
img09156,4809,images/img09156.jpg,76.0,74.47512709771772,1.524872902282283,test
img09177,4820,images/img09177.jpg,71.0,70.34348470912832,0.6565152908716811,test
img09178,4820,images/img09178.jpg,71.0,65.52948390824817,5.470516091751833,test
img09180,4821,images/img09180.jpg,70.0,76.122951122082,6.122951122082,test
img09232,4849,images/img09232.jpg,52.0,55.79482292371701,3.794822923717014,test
img09233,4849,images/img09233.jpg,52.0,63.684919214877,11.684919214877,test
img09248,4857,images/img09248.jpg,71.0,68.877936587602,2.122063412398006,test
img09249,4857,images/img09249.jpg,71.0,74.025388801754,3.025388801754005,test
img09272,4869,images/img09272.jpg,47.0,44.293696131552935,2.706303868447065,test
img09273,4869,images/img09273.jpg,47.0,46.99248908060922,0.007510919390782,test
img09290,4879,images/img09290.jpg,75.0,85.23061267090733,10.230612670907334,test
img09291,4879,images/img09291.jpg,75.0,80.00531268406921,5.00531268406921,test
img09325,4897,images/img09325.jpg,51.0,62.08558754748705,11.085587547487052,test
img09326,4897,images/img09326.jpg,51.0,56.21790874560009,5.217908745600091,test
img09353,4911,images/img09353.jpg,59.0,43.20723656216003,15.792763437839971,test
img09354,4911,images/img09354.jpg,59.0,65.17607050692138,6.176070506921377,test
img09359,4914,images/img09359.jpg,23.0,20.88139947183265,2.118600528167349,test
img09360,4914,images/img09360.jpg,23.0,16.523514311421422,6.4764856885785775,test
img09367,4918,images/img09367.jpg,11.0,24.406300377177324,13.406300377177324,test
img09368,4918,images/img09368.jpg,11.0,23.3689313645811,12.3689313645811,test
img09385,4928,images/img09385.jpg,83.0,76.33776647779001,6.662233522209988,test
img09386,4928,images/img09386.jpg,83.0,78.09729845694444,4.9027015430555565,test
img09404,4938,images/img09404.jpg,87.0,82.81255920638446,4.187440793615536,test
img09405,4938,images/img09405.jpg,87.0,68.30273228623965,18.697267713760358,test
img09408,4940,images/img09408.jpg,59.0,58.39268812496834,0.6073118750316624,test
img09409,4940,images/img09409.jpg,59.0,56.52552359772131,2.4744764022786896,test
img09417,4945,images/img09417.jpg,83.0,82.54784842338044,0.4521515766195563,test
img09418,4945,images/img09418.jpg,83.0,75.94763113258378,7.05236886741622,test
img09441,4957,images/img09441.jpg,59.0,59.84956623437045,0.8495662343704495,test
img09442,4957,images/img09442.jpg,59.0,60.86566888883424,1.865668888834243,test
img09530,5003,images/img09530.jpg,64.0,49.98072949319881,14.019270506801192,test
img09531,5003,images/img09531.jpg,64.0,60.29675195661641,3.7032480433835886,test
img09537,5007,images/img09537.jpg,67.0,57.72413970360795,9.275860296392048,test
img09538,5007,images/img09538.jpg,67.0,61.18722337820101,5.812776621798989,test
img09543,5010,images/img09543.jpg,50.0,51.70508056101521,1.7050805610152082,test
img09544,5010,images/img09544.jpg,50.0,52.36988123594992,2.3698812359499186,test
img09546,5012,images/img09546.jpg,40.0,44.49716586692956,4.497165866929564,test
img09555,5016,images/img09555.jpg,61.0,54.29456026313896,6.705439736861045,test
img09556,5017,images/img09556.jpg,66.0,70.94779194988725,4.947791949887247,test
img09557,5017,images/img09557.jpg,66.0,71.86827260813801,5.868272608138014,test
img09585,5032,images/img09585.jpg,66.0,65.69819152669292,0.3018084733070765,test
img09586,5032,images/img09586.jpg,66.0,59.03014372003451,6.969856279965491,test
img09605,5043,images/img09605.jpg,56.0,61.17530682330812,5.175306823308119,test
img09628,5055,images/img09628.jpg,59.0,57.75730421258223,1.242695787417773,test
img09629,5055,images/img09629.jpg,59.0,68.42351739166115,9.42351739166115,test
img09654,5068,images/img09654.jpg,69.0,60.77436925441861,8.225630745581391,test
img09655,5068,images/img09655.jpg,69.0,57.90850208052999,11.091497919470008,test
img09687,5085,images/img09687.jpg,53.0,57.23677357547416,4.23677357547416,test
img09688,5085,images/img09688.jpg,53.0,43.62115266785127,9.37884733214873,test
img09737,5112,images/img09737.jpg,83.0,73.59080671897354,9.40919328102646,test
img09738,5112,images/img09738.jpg,83.0,72.75176739478464,10.248232605215364,test
img09743,5115,images/img09743.jpg,85.0,76.5882578819725,8.411742118027504,test
img09744,5115,images/img09744.jpg,85.0,67.57189024185801,17.428109758141986,test
img09746,5117,images/img09746.jpg,82.0,79.41296071487353,2.5870392851264654,test
img09747,5118,images/img09747.jpg,80.0,63.1962319485303,16.803768051469703,test
img09769,5130,images/img09769.jpg,74.0,78.03420664341276,4.034206643412759,test
img09770,5130,images/img09770.jpg,74.0,70.97672366344591,3.0232763365540904,test
img09799,5146,images/img09799.jpg,28.0,30.913462423414305,2.9134624234143054,test
img09800,5146,images/img09800.jpg,28.0,28.81604842610516,0.8160484261051622,test
img09845,5170,images/img09845.jpg,60.0,60.54070324268661,0.5407032426866039,test
img09846,5170,images/img09846.jpg,60.0,64.3594819437948,4.359481943794805,test
img09851,5173,images/img09851.jpg,63.0,59.60131003626979,3.398689963730213,test
img09852,5173,images/img09852.jpg,63.0,60.1950369925685,2.8049630074315037,test
img09853,5174,images/img09853.jpg,57.0,39.37301018223045,17.626989817769548,test
img09854,5174,images/img09854.jpg,57.0,34.890818335310534,22.109181664689466,test
img09855,5175,images/img09855.jpg,76.0,79.18187345150965,3.181873451509645,test
img09856,5175,images/img09856.jpg,76.0,77.48500140415554,1.4850014041555395,test
img09912,5204,images/img09912.jpg,57.0,60.60624756642882,3.60624756642882,test
img09913,5204,images/img09913.jpg,57.0,56.535254978285984,0.4647450217140161,test
img09928,5212,images/img09928.jpg,67.0,68.04037722177026,1.0403772217702567,test
img09929,5212,images/img09929.jpg,67.0,66.86269681456548,0.1373031854345185,test
img09938,5217,images/img09938.jpg,62.0,68.60544429916067,6.605444299160666,test
img09939,5217,images/img09939.jpg,62.0,63.74550371502391,1.745503715023908,test
img09943,5220,images/img09943.jpg,72.0,71.99123784381447,0.0087621561855257,test
img09944,5220,images/img09944.jpg,72.0,67.5580285832584,4.441971416741595,test
img10002,5251,images/img10002.jpg,79.0,65.80977951433547,13.190220485664526,test
img10003,5251,images/img10003.jpg,79.0,69.66170268445124,9.338297315548758,test
img10036,5268,images/img10036.jpg,53.0,52.1693136149347,0.8306863850652988,test
img10040,5270,images/img10040.jpg,80.0,79.64298572367596,0.3570142763240369,test
img10052,5277,images/img10052.jpg,22.0,23.70300715232569,1.703007152325689,test
img10053,5277,images/img10053.jpg,22.0,28.064410621992813,6.064410621992813,test
img10062,5282,images/img10062.jpg,25.0,45.63364737442868,20.63364737442868,test
img10063,5282,images/img10063.jpg,25.0,33.200786596590326,8.200786596590326,test
img10079,5292,images/img10079.jpg,65.0,64.88104129919353,0.1189587008064734,test
img10090,5298,images/img10090.jpg,15.0,28.304726630838204,13.304726630838204,test
img10091,5298,images/img10091.jpg,15.0,16.42600065141287,1.4260006514128705,test
img10106,5306,images/img10106.jpg,62.0,61.0211187742065,0.9788812257935008,test
img10107,5306,images/img10107.jpg,62.0,62.59004340477495,0.5900434047749528,test
img10111,5308,images/img10111.jpg,57.0,51.54898585222462,5.451014147775382,test
img10148,5327,images/img10148.jpg,87.0,79.27141038681343,7.728589613186571,test
img10149,5327,images/img10149.jpg,87.0,84.4378086854023,2.5621913145976976,test
img10156,5331,images/img10156.jpg,50.0,44.2807440420542,5.719255957945805,test
img10157,5331,images/img10157.jpg,50.0,57.90459864946505,7.904598649465051,test
img10178,5342,images/img10178.jpg,75.0,73.1660379488665,1.833962051133497,test
img10179,5342,images/img10179.jpg,75.0,70.93353112786927,4.066468872130727,test
img10186,5346,images/img10186.jpg,61.0,67.9977714346064,6.997771434606406,test
img10187,5346,images/img10187.jpg,61.0,64.48481107758415,3.4848110775841548,test
img10327,5419,images/img10327.jpg,76.0,81.74070509190626,5.740705091906264,test
img10328,5419,images/img10328.jpg,76.0,86.22217822655104,10.222178226551035,test
img10331,5421,images/img10331.jpg,68.0,65.64688703071786,2.3531129692821366,test
img10332,5421,images/img10332.jpg,68.0,64.96765703445332,3.032342965546676,test
img10345,5428,images/img10345.jpg,90.0,80.33491478781887,9.665085212181124,test
img10346,5428,images/img10346.jpg,90.0,87.02711852495116,2.972881475048837,test
img10349,5430,images/img10349.jpg,72.0,67.81455760679631,4.185442393203687,test
img10350,5430,images/img10350.jpg,72.0,63.27298093120546,8.72701906879454,test
img10369,5440,images/img10369.jpg,82.0,61.80256814184409,20.19743185815591,test
img10371,5442,images/img10371.jpg,75.0,76.64653355983337,1.6465335598333724,test
img10372,5442,images/img10372.jpg,75.0,82.87997638089223,7.879976380892231,test
img10382,5448,images/img10382.jpg,63.0,61.97975143926657,1.0202485607334282,test
img10384,5450,images/img10384.jpg,63.0,68.26881757361399,5.268817573613987,test
img10385,5450,images/img10385.jpg,63.0,59.98518364167666,3.014816358323337,test
img10433,5475,images/img10433.jpg,61.0,68.87093050618233,7.870930506182333,test
img10434,5475,images/img10434.jpg,61.0,66.54558710801719,5.545587108017188,test
img10449,5484,images/img10449.jpg,72.0,65.48383695389273,6.516163046107266,test
img10463,5491,images/img10463.jpg,16.0,20.611789666764945,4.611789666764942,test
img10464,5491,images/img10464.jpg,16.0,18.96713604692851,2.967136046928509,test
img10479,5500,images/img10479.jpg,61.0,80.72869931553291,19.728699315532907,test
img10480,5500,images/img10480.jpg,61.0,75.22428703492696,14.22428703492696,test
img10526,5524,images/img10526.jpg,25.0,32.7206867967907,7.720686796790702,test
img10539,5531,images/img10539.jpg,61.0,67.4906135899715,6.490613589971503,test
img10540,5531,images/img10540.jpg,61.0,63.43567274250345,2.435672742503449,test
img10587,5555,images/img10587.jpg,13.0,24.46957323204084,11.469573232040837,test
img10588,5555,images/img10588.jpg,13.0,20.31829767444198,7.318297674441979,test
img10595,5559,images/img10595.jpg,36.0,41.41386730372065,5.41386730372065,test
img10619,5572,images/img10619.jpg,31.0,40.46932559810367,9.469325598103666,test
img10620,5572,images/img10620.jpg,31.0,39.46203780246216,8.462037802462163,test
img10625,5575,images/img10625.jpg,38.0,36.47124154432355,1.5287584556764529,test
img10640,5583,images/img10640.jpg,81.0,80.74744909009189,0.2525509099081091,test
img10641,5583,images/img10641.jpg,81.0,74.48714562468606,6.512854375313935,test
img10644,5585,images/img10644.jpg,35.0,51.06877317424521,16.06877317424521,test
img10659,5593,images/img10659.jpg,66.0,61.95437620632895,4.045623793671055,test
img10660,5593,images/img10660.jpg,66.0,59.52319124689115,6.476808753108848,test
img10665,5596,images/img10665.jpg,85.0,64.68837896789972,20.31162103210028,test
img10666,5596,images/img10666.jpg,85.0,61.24050678680621,23.759493213193792,test
img10680,5605,images/img10680.jpg,53.0,47.71275656623539,5.287243433764608,test
img10681,5605,images/img10681.jpg,53.0,49.240303164334605,3.7596968356653946,test
img10747,5640,images/img10747.jpg,76.0,37.41915868922974,38.58084131077026,test
img10748,5640,images/img10748.jpg,76.0,61.941948700448336,14.058051299551664,test
img10753,5643,images/img10753.jpg,62.0,62.53336328997711,0.5333632899771104,test
img10754,5643,images/img10754.jpg,62.0,56.91705465162878,5.082945348371219,test
img10758,5645,images/img10758.jpg,80.0,75.26446512326763,4.735534876732373,test
img10763,5648,images/img10763.jpg,78.0,75.9757143512258,2.024285648774196,test
img10764,5648,images/img10764.jpg,78.0,59.121282762063935,18.878717237936065,test
img10772,5653,images/img10772.jpg,65.0,65.02018846716517,0.0201884671651697,test
img10773,5653,images/img10773.jpg,65.0,61.12597524160581,3.874024758394192,test
img10822,5678,images/img10822.jpg,55.0,60.11843824148043,5.118438241480433,test
img10823,5678,images/img10823.jpg,55.0,59.64888137273372,4.648881372733719,test
img10850,5693,images/img10850.jpg,68.0,59.32380748350063,8.67619251649937,test
img10851,5693,images/img10851.jpg,68.0,60.62800197272988,7.3719980272701235,test
img10852,5694,images/img10852.jpg,59.0,70.6225293850493,11.622529385049305,test
img10853,5694,images/img10853.jpg,59.0,60.9863056712369,1.9863056712368987,test
img10869,5704,images/img10869.jpg,80.0,78.53035586633999,1.4696441336600117,test
img10870,5704,images/img10870.jpg,80.0,78.67946412469871,1.3205358753012888,test
img10918,5730,images/img10918.jpg,65.0,61.99224656299401,3.007753437005988,test
img10919,5730,images/img10919.jpg,65.0,70.03619213238996,5.0361921323899566,test
img10953,5749,images/img10953.jpg,48.0,43.11189321691255,4.888106783087451,test
img10954,5749,images/img10954.jpg,48.0,46.68807026236103,1.3119297376389696,test
img10985,5766,images/img10985.jpg,59.0,59.41436195833812,0.4143619583381195,test
img10986,5766,images/img10986.jpg,59.0,45.937837164486,13.062162835514002,test
img11007,5778,images/img11007.jpg,71.0,71.9385155542769,0.938515554276904,test
img11020,5785,images/img11020.jpg,51.0,45.88173834504879,5.118261654951212,test
img11021,5785,images/img11021.jpg,51.0,60.50744180571012,9.507441805710124,test
img11029,5790,images/img11029.jpg,81.0,71.60145149394671,9.398548506053288,test
img11030,5790,images/img11030.jpg,81.0,77.5914100828532,3.4085899171467986,test
img11040,5796,images/img11040.jpg,49.0,47.488568504468766,1.5114314955312338,test
img11041,5796,images/img11041.jpg,49.0,50.94945057741396,1.9494505774139623,test
img11054,5805,images/img11054.jpg,73.0,74.88648135950254,1.88648135950254,test
img11055,5805,images/img11055.jpg,73.0,78.77162506870357,5.771625068703571,test
img11059,5808,images/img11059.jpg,77.0,75.41712222797435,1.582877772025654,test
img11091,5826,images/img11091.jpg,58.0,60.3757931297685,2.3757931297685038,test
img11092,5826,images/img11092.jpg,58.0,60.12396327393249,2.123963273932489,test
img11103,5832,images/img11103.jpg,72.0,70.03278070295647,1.967219297043528,test
img11158,5864,images/img11158.jpg,84.0,84.0032156965175,0.0032156965175005,test
img11159,5864,images/img11159.jpg,84.0,76.26278482932103,7.737215170678965,test
img11173,5872,images/img11173.jpg,61.0,59.57644193718337,1.4235580628166318,test
img11174,5872,images/img11174.jpg,61.0,55.13769292093439,5.862307079065609,test
img11195,5883,images/img11195.jpg,65.0,66.39933515838172,1.3993351583817173,test
img11196,5883,images/img11196.jpg,65.0,63.63816692684803,1.3618330731519706,test
img11201,5886,images/img11201.jpg,74.0,70.01750561323608,3.9824943867639178,test
img11202,5886,images/img11202.jpg,74.0,61.05651644436803,12.943483555631971,test
img11228,5902,images/img11228.jpg,59.0,53.03602990537945,5.963970094620549,test
img11229,5902,images/img11229.jpg,59.0,67.50608062712806,8.506080627128057,test
img11255,5916,images/img11255.jpg,79.0,70.02126930983933,8.978730690160674,test
img11256,5916,images/img11256.jpg,79.0,77.74091750463027,1.259082495369725,test
img11291,5935,images/img11291.jpg,77.0,77.76337753588129,0.7633775358812898,test
img11337,5961,images/img11337.jpg,54.0,60.73506610829758,6.7350661082975805,test
img11338,5961,images/img11338.jpg,54.0,52.560220021716844,1.4397799782831555,test
img11345,5965,images/img11345.jpg,64.0,74.72306647348768,10.723066473487677,test
img11346,5965,images/img11346.jpg,64.0,73.43386351526631,9.43386351526631,test
img11349,5967,images/img11349.jpg,30.0,38.13272328313654,8.132723283136542,test
img11350,5967,images/img11350.jpg,30.0,30.950340324585618,0.9503403245856176,test
img11356,5971,images/img11356.jpg,68.0,70.17430049392446,2.174300493924463,test
img11357,5971,images/img11357.jpg,68.0,66.4886354312216,1.5113645687784043,test
img11371,5979,images/img11371.jpg,74.0,54.601325529733096,19.398674470266904,test
img11372,5979,images/img11372.jpg,74.0,74.5139222920297,0.5139222920297044,test
img11382,5985,images/img11382.jpg,74.0,76.52945216744132,2.5294521674413204,test
img11383,5985,images/img11383.jpg,74.0,73.96930416025242,0.0306958397475796,test
img11394,5991,images/img11394.jpg,81.0,77.9259897326177,3.074010267382306,test
img11395,5991,images/img11395.jpg,81.0,82.21594949405952,1.2159494940595152,test
img11402,5996,images/img11402.jpg,61.0,62.20765030303046,1.2076503030304622,test
img11432,6013,images/img11432.jpg,44.0,43.149095029382366,0.8509049706176341,test
img11433,6013,images/img11433.jpg,44.0,38.03590979502579,5.964090204974212,test
img11440,6017,images/img11440.jpg,35.0,36.01530749049168,1.0153074904916792,test
img11441,6017,images/img11441.jpg,35.0,32.351275231026634,2.6487247689733664,test
img11472,6034,images/img11472.jpg,56.0,64.636445189705,8.636445189705,test
img11473,6034,images/img11473.jpg,56.0,64.20742085768957,8.20742085768957,test
img11489,6043,images/img11489.jpg,46.0,65.76017964246671,19.76017964246671,test
img11496,6047,images/img11496.jpg,43.0,40.86462280248786,2.135377197512142,test
img11497,6047,images/img11497.jpg,43.0,43.44525465482372,0.4452546548237208,test
img11500,6050,images/img11500.jpg,79.0,80.45148795574929,1.451487955749286,test
img11525,6064,images/img11525.jpg,81.0,75.87612635017426,5.12387364982574,test
img11526,6064,images/img11526.jpg,81.0,80.79176931685593,0.2082306831440661,test
img11527,6065,images/img11527.jpg,71.0,71.02106570241861,0.0210657024186105,test
img11528,6065,images/img11528.jpg,71.0,67.48593923365695,3.51406076634305,test
img11544,6074,images/img11544.jpg,79.0,66.1142997593539,12.885700240646102,test
img11545,6074,images/img11545.jpg,79.0,73.70459555846926,5.295404441530735,test
img11568,6086,images/img11568.jpg,77.0,70.51671181720619,6.483288182793814,test
img11569,6086,images/img11569.jpg,77.0,72.12150689755873,4.8784931024412685,test
img11603,6105,images/img11603.jpg,77.0,68.38952088325303,8.610479116746973,test
img11604,6105,images/img11604.jpg,77.0,69.27260232854566,7.727397671454341,test
img11621,6114,images/img11621.jpg,62.0,68.34368688920839,6.343686889208385,test
img11622,6114,images/img11622.jpg,62.0,65.05437146995727,3.0543714699572746,test
img11628,6118,images/img11628.jpg,31.0,34.869331128565484,3.869331128565484,test
img11629,6118,images/img11629.jpg,31.0,30.907056177732628,0.0929438222673724,test
img11674,6145,images/img11674.jpg,36.0,36.27053214395208,0.2705321439520816,test
img11675,6145,images/img11675.jpg,36.0,46.75217634359512,10.752176343595124,test
img11681,6149,images/img11681.jpg,19.0,28.75506149070859,9.755061490708592,test
img11687,6153,images/img11687.jpg,82.0,68.58346413650003,13.416535863499972,test
img11688,6153,images/img11688.jpg,82.0,68.7132664089791,13.286733591020903,test
img11689,6154,images/img11689.jpg,50.0,56.72732947055656,6.727329470556555,test
img11690,6154,images/img11690.jpg,50.0,52.58180538340084,2.581805383400841,test
img11717,6168,images/img11717.jpg,69.0,60.58238773668743,8.41761226331257,test
img11718,6168,images/img11718.jpg,69.0,70.91876426261051,1.9187642626105088,test
img11721,6170,images/img11721.jpg,78.0,70.9603339698633,7.039666030136701,test
img11722,6170,images/img11722.jpg,78.0,70.04785075791553,7.952149242084474,test
img11757,6189,images/img11757.jpg,75.0,61.672404877311806,13.327595122688194,test
img11758,6189,images/img11758.jpg,75.0,67.77854128786683,7.22145871213317,test
img11814,6218,images/img11814.jpg,22.0,19.055632539879497,2.944367460120503,test
img11815,6218,images/img11815.jpg,22.0,19.860900021409428,2.139099978590572,test
img11839,6231,images/img11839.jpg,44.0,44.67768588697089,0.6776858869708917,test
img11840,6231,images/img11840.jpg,44.0,45.37766474671756,1.3776647467175565,test
img11857,6240,images/img11857.jpg,76.0,74.47932049483144,1.5206795051685589,test
img11879,6252,images/img11879.jpg,61.0,71.87955933550603,10.87955933550603,test
img11880,6252,images/img11880.jpg,61.0,67.308613611573,6.308613611572994,test
img11891,6258,images/img11891.jpg,58.0,67.91583932584984,9.915839325849843,test
img11892,6258,images/img11892.jpg,58.0,71.31808254766007,13.318082547660069,test
img11893,6259,images/img11893.jpg,61.0,54.96547190098069,6.034528099019312,test
img11894,6259,images/img11894.jpg,61.0,60.1699864888872,0.8300135111127958,test
img11946,6287,images/img11946.jpg,25.0,33.97625423865716,8.976254238657162,test
img11947,6287,images/img11947.jpg,25.0,32.94820122037706,7.948201220377058,test
img11962,6295,images/img11962.jpg,31.0,33.11321057884454,2.113210578844537,test
img11963,6295,images/img11963.jpg,31.0,32.18082154527912,1.180821545279123,test
img11980,6304,images/img11980.jpg,24.0,25.22704580196813,1.2270458019681314,test
img11981,6304,images/img11981.jpg,24.0,27.109611725256286,3.1096117252562863,test
img12012,6320,images/img12012.jpg,18.0,15.947270658316713,2.052729341683289,test
img12013,6321,images/img12013.jpg,12.0,16.312965423726133,4.3129654237261335,test
img12014,6321,images/img12014.jpg,12.0,15.590300776368885,3.590300776368885,test
img12019,6324,images/img12019.jpg,57.0,55.45774645769316,1.5422535423068453,test
img12148,6391,images/img12148.jpg,49.0,55.55819713159697,6.55819713159697,test
img12151,6394,images/img12151.jpg,73.0,65.52938902514052,7.470610974859483,test
img12152,6394,images/img12152.jpg,73.0,69.32738914363233,3.672610856367669,test
img12216,6430,images/img12216.jpg,64.0,69.73389782326467,5.73389782326467,test
img12217,6430,images/img12217.jpg,64.0,65.74425891137017,1.7442589113701672,test
img12234,6439,images/img12234.jpg,48.0,45.37835183129016,2.6216481687098394,test
img12235,6439,images/img12235.jpg,48.0,52.5380724503548,4.538072450354797,test
img12278,6462,images/img12278.jpg,60.0,71.06051962543197,11.060519625431963,test
img12279,6462,images/img12279.jpg,60.0,65.10796134009406,5.107961340094064,test
img12305,6476,images/img12305.jpg,78.0,64.89355823512962,13.106441764870382,test
img12308,6478,images/img12308.jpg,80.0,84.4652877058646,4.465287705864597,test
img12309,6478,images/img12309.jpg,80.0,74.95303258932674,5.046967410673261,test
img12316,6483,images/img12316.jpg,83.0,75.88730946955116,7.112690530448845,test
img12317,6483,images/img12317.jpg,83.0,72.71717214124897,10.282827858751034,test
img12318,6484,images/img12318.jpg,66.0,72.68304257836806,6.68304257836806,test
img12319,6484,images/img12319.jpg,66.0,72.61866384452578,6.618663844525784,test
img12392,6523,images/img12392.jpg,79.0,70.7038616580679,8.296138341932107,test
img12393,6523,images/img12393.jpg,79.0,73.38899253023375,5.61100746976625,test
img12394,6524,images/img12394.jpg,64.0,73.26305538112817,9.263055381128169,test
img12395,6524,images/img12395.jpg,64.0,69.37774698975181,5.377746989751813,test
img12397,6526,images/img12397.jpg,71.0,74.36498635011935,3.364986350119352,test
img12400,6528,images/img12400.jpg,65.0,58.44863425894497,6.551365741055029,test
img12401,6528,images/img12401.jpg,65.0,61.40834082629437,3.5916591737056294,test
img12412,6534,images/img12412.jpg,67.0,73.31616156553805,6.316161565538053,test
img12413,6534,images/img12413.jpg,67.0,71.99277560452458,4.9927756045245815,test
img12449,6552,images/img12449.jpg,41.0,40.77341068955945,0.226589310440552,test
img12458,6557,images/img12458.jpg,38.0,48.90599834839915,10.905998348399152,test
img12459,6557,images/img12459.jpg,38.0,43.96683582243109,5.966835822431087,test
img12468,6562,images/img12468.jpg,33.0,38.81518366750274,5.815183667502744,test
img12469,6562,images/img12469.jpg,33.0,35.891196023250444,2.891196023250444,test
img12525,6591,images/img12525.jpg,66.0,64.55955933542053,1.4404406645794694,test
img12526,6591,images/img12526.jpg,66.0,55.08026764655841,10.919732353441589,test
img12527,6592,images/img12527.jpg,65.0,65.75992007718374,0.759920077183736,test
img12528,6592,images/img12528.jpg,65.0,61.2509624690245,3.7490375309755,test
img12579,6619,images/img12579.jpg,57.0,67.25960048811704,10.259600488117044,test
img12588,6624,images/img12588.jpg,73.0,76.89669559966518,3.896695599665179,test
img12589,6624,images/img12589.jpg,73.0,72.97064309313357,0.0293569068664254,test
img12604,6632,images/img12604.jpg,87.0,85.48306281142695,1.5169371885730527,test
img12605,6632,images/img12605.jpg,87.0,79.77974172827392,7.220258271726081,test
img12634,6647,images/img12634.jpg,64.0,78.00305880945486,14.003058809454856,test
img12635,6647,images/img12635.jpg,64.0,76.82239885454794,12.82239885454794,test
img12665,6663,images/img12665.jpg,29.0,34.008335635145464,5.008335635145464,test
img12666,6663,images/img12666.jpg,29.0,27.56129021717976,1.4387097828202435,test
img12676,6669,images/img12676.jpg,31.0,29.612763340621857,1.3872366593781429,test
img12677,6669,images/img12677.jpg,31.0,35.66644302527968,4.666443025279676,test
img12707,6685,images/img12707.jpg,18.0,26.491063293467157,8.491063293467153,test
img12708,6685,images/img12708.jpg,18.0,18.421316062454395,0.4213160624543945,test
img12731,6697,images/img12731.jpg,60.0,51.41184867928044,8.588151320719561,test
img12732,6697,images/img12732.jpg,60.0,60.98732266546539,0.987322665465392,test
img12739,6701,images/img12739.jpg,78.0,75.10048530104862,2.8995146989513785,test
img12740,6701,images/img12740.jpg,78.0,74.25941089779229,3.740589102207707,test
img12759,6711,images/img12759.jpg,56.0,59.47709387042701,3.477093870427012,test
img12760,6711,images/img12760.jpg,56.0,59.552564657675056,3.552564657675056,test
img12765,6714,images/img12765.jpg,64.0,65.4296979614031,1.4296979614030931,test
img12766,6714,images/img12766.jpg,64.0,56.09119903532926,7.908800964670739,test
img12783,6723,images/img12783.jpg,69.0,68.99960835930528,0.0003916406947155,test
img12784,6723,images/img12784.jpg,69.0,70.57236675819728,1.5723667581972762,test
img12791,6727,images/img12791.jpg,74.0,78.45619871935814,4.456198719358142,test
img12792,6727,images/img12792.jpg,74.0,77.71558044305779,3.715580443057789,test
img12807,6735,images/img12807.jpg,42.0,62.75992015760357,20.759920157603567,test
img12828,6746,images/img12828.jpg,41.0,48.05341745977263,7.053417459772625,test
img12829,6746,images/img12829.jpg,41.0,41.28201468362812,0.2820146836281196,test
img12849,6757,images/img12849.jpg,47.0,45.91898923498808,1.0810107650119178,test
img12866,6766,images/img12866.jpg,44.0,60.00824187275002,16.00824187275002,test
img12867,6766,images/img12867.jpg,44.0,53.24268913096651,9.242689130966513,test
img12870,6768,images/img12870.jpg,40.0,31.80516950661915,8.194830493380849,test
img12871,6768,images/img12871.jpg,40.0,50.68608506237867,10.686085062378671,test
img12878,6772,images/img12878.jpg,42.0,37.49357322027371,4.50642677972629,test
img12879,6772,images/img12879.jpg,42.0,40.2866232665865,1.7133767334134973,test
img12889,6777,images/img12889.jpg,45.0,60.64420817110719,15.644208171107188,test
img12899,6783,images/img12899.jpg,55.0,50.91291240139243,4.087087598607567,test
img12912,6790,images/img12912.jpg,46.0,40.84343987605353,5.15656012394647,test
img12913,6790,images/img12913.jpg,46.0,45.44709955052582,0.5529004494741798,test
img12931,6800,images/img12931.jpg,58.0,57.27133665600206,0.7286633439979369,test
img12932,6800,images/img12932.jpg,58.0,61.09244060671594,3.09244060671594,test
img12946,6809,images/img12946.jpg,47.0,40.04635960704188,6.953640392958121,test
img12947,6809,images/img12947.jpg,47.0,38.638668368970286,8.361331631029714,test
img12977,6826,images/img12977.jpg,58.0,48.38458404418799,9.615415955812011,test
img12978,6826,images/img12978.jpg,58.0,50.07913581784652,7.92086418215348,test
img12997,6837,images/img12997.jpg,52.0,46.13363663668945,5.866363363310548,test
img12998,6837,images/img12998.jpg,52.0,56.37610485620504,4.376104856205039,test
img13020,6849,images/img13020.jpg,55.0,62.1953078647636,7.195307864763599,test
img13021,6849,images/img13021.jpg,55.0,52.6649709725568,2.335029027443205,test
img13035,6857,images/img13035.jpg,63.0,56.81515673768077,6.184843262319227,test
img13036,6857,images/img13036.jpg,63.0,73.22250866646127,10.222508666461266,test
img13048,6864,images/img13048.jpg,73.0,73.56986917988657,0.5698691798865667,test
img13049,6864,images/img13049.jpg,73.0,72.59986499249734,0.400135007502655,test
img13064,6872,images/img13064.jpg,61.0,76.212241579428,15.212241579427996,test
img13065,6872,images/img13065.jpg,61.0,70.92833764098876,9.928337640988758,test
img13122,6902,images/img13122.jpg,77.0,90.5766824946209,13.576682494620895,test
img13130,6907,images/img13130.jpg,62.0,63.61161328933787,1.6116132893378676,test
img13136,6911,images/img13136.jpg,52.0,62.63195665431404,10.631956654314038,test
img13137,6911,images/img13137.jpg,52.0,64.3204664461754,12.320466446175402,test
img13172,6931,images/img13172.jpg,76.0,82.46742026641056,6.4674202664105565,test
img13173,6931,images/img13173.jpg,76.0,85.47228321791015,9.472283217910146,test
img13174,6932,images/img13174.jpg,61.0,65.0504599956404,4.050459995640395,test
img13175,6932,images/img13175.jpg,61.0,60.73516917098348,0.2648308290165246,test
img13178,6934,images/img13178.jpg,94.0,77.0232151347418,16.976784865258196,test
img13179,6934,images/img13179.jpg,94.0,76.35593604759879,17.64406395240121,test
img13184,6937,images/img13184.jpg,54.0,44.31905500533407,9.680944994665929,test
img13185,6937,images/img13185.jpg,54.0,44.93264225026485,9.067357749735152,test
img13230,6963,images/img13230.jpg,66.0,64.072485627209,1.927514372790995,test
img13231,6963,images/img13231.jpg,66.0,55.673782479127965,10.326217520872037,test
img13243,6970,images/img13243.jpg,66.0,48.30314434604178,17.696855653958217,test
img13244,6970,images/img13244.jpg,66.0,52.224774427268784,13.775225572731216,test
img13262,6981,images/img13262.jpg,90.0,85.41573724819553,4.584262751804474,test
img13263,6981,images/img13263.jpg,90.0,83.97253464382479,6.027465356175213,test
img13270,6985,images/img13270.jpg,84.0,76.31824018860296,7.681759811397043,test
img13271,6985,images/img13271.jpg,84.0,73.79315748804622,10.20684251195378,test
img13287,6994,images/img13287.jpg,43.0,44.57489912552024,1.5748991255202398,test
img13288,6994,images/img13288.jpg,43.0,43.66310299814506,0.6631029981450638,test
img13303,7002,images/img13303.jpg,80.0,79.08490509671745,0.9150949032825508,test
img13304,7002,images/img13304.jpg,80.0,67.13060090491645,12.869399095083551,test
img13321,7011,images/img13321.jpg,36.0,46.74355288690377,10.743552886903773,test
img13322,7011,images/img13322.jpg,36.0,35.324340344750425,0.675659655249575,test
img13333,7017,images/img13333.jpg,55.0,61.79771601602901,6.797716016029007,test
img13334,7017,images/img13334.jpg,55.0,52.937257680931566,2.062742319068434,test
img13350,7026,images/img13350.jpg,59.0,60.45117339635063,1.451173396350633,test
img13351,7026,images/img13351.jpg,59.0,64.69917819240432,5.699178192404318,test
img13392,7048,images/img13392.jpg,40.0,42.70370826904514,2.703708269045144,test
img13393,7048,images/img13393.jpg,40.0,42.22072707648232,2.2207270764823197,test
img13416,7061,images/img13416.jpg,66.0,71.04331960829785,5.04331960829785,test
img13417,7061,images/img13417.jpg,66.0,64.27787647286283,1.722123527137171,test
img13448,7078,images/img13448.jpg,71.0,62.49957399755121,8.50042600244879,test
img13449,7078,images/img13449.jpg,71.0,70.33642955023917,0.6635704497608259,test
img13492,7101,images/img13492.jpg,43.0,49.71118130762054,6.711181307620542,test
img13501,7106,images/img13501.jpg,34.0,36.50119406924722,2.5011940692472194,test
img13502,7106,images/img13502.jpg,34.0,31.9176616103104,2.0823383896896,test
img13509,7110,images/img13509.jpg,42.0,54.439499117813455,12.439499117813456,test
img13510,7110,images/img13510.jpg,42.0,53.19600282486872,11.196002824868714,test
img13511,7111,images/img13511.jpg,53.0,48.49029691342957,4.5097030865704255,test
img13512,7111,images/img13512.jpg,53.0,50.127839753244814,2.872160246755186,test
img13515,7113,images/img13515.jpg,45.0,44.25300327508804,0.7469967249119591,test
img13516,7113,images/img13516.jpg,45.0,49.95195101040594,4.951951010405942,test
img13519,7115,images/img13519.jpg,37.0,50.51225157490023,13.512251574900226,test
img13520,7115,images/img13520.jpg,37.0,71.40373145677128,34.40373145677128,test
img13533,7122,images/img13533.jpg,53.0,73.99520070497688,20.99520070497688,test
img13534,7122,images/img13534.jpg,53.0,55.0331737248114,2.033173724811398,test
img13548,7130,images/img13548.jpg,35.0,40.59062438103896,5.590624381038964,test
img13549,7130,images/img13549.jpg,35.0,36.962790572445655,1.9627905724456556,test
img13554,7133,images/img13554.jpg,38.0,50.604638275264655,12.604638275264657,test
img13555,7133,images/img13555.jpg,38.0,47.56704337815368,9.567043378153675,test
img13562,7137,images/img13562.jpg,47.0,39.83460886664976,7.165391133350241,test
img13563,7137,images/img13563.jpg,47.0,41.76574621616864,5.234253783831363,test
img13567,7140,images/img13567.jpg,33.0,52.056172598036,19.056172598036,test
img13568,7140,images/img13568.jpg,33.0,45.09145257903286,12.09145257903286,test
img13571,7142,images/img13571.jpg,52.0,48.07269508978103,3.927304910218972,test
img13572,7142,images/img13572.jpg,52.0,56.21734953510073,4.21734953510073,test
img13605,7159,images/img13605.jpg,55.0,58.31105920591206,3.311059205912059,test
img13606,7159,images/img13606.jpg,55.0,58.51739274795865,3.5173927479586524,test
img13609,7161,images/img13609.jpg,57.0,58.89351967929891,1.893519679298912,test
img13610,7161,images/img13610.jpg,57.0,55.71405545057627,1.285944549423732,test
img13648,7180,images/img13648.jpg,62.0,59.85151733643455,2.148482663565453,test
img13665,7189,images/img13665.jpg,56.0,42.40145649372673,13.598543506273272,test
img13666,7189,images/img13666.jpg,56.0,45.00131253615979,10.998687463840213,test
img13673,7193,images/img13673.jpg,36.0,41.86261532541146,5.862615325411461,test
img13674,7193,images/img13674.jpg,36.0,34.90020849113608,1.0997915088639232,test
img13684,7199,images/img13684.jpg,32.0,37.49929674382452,5.499296743824516,test
img13692,7203,images/img13692.jpg,78.0,87.73140420529654,9.731404205296542,test
img13695,7205,images/img13695.jpg,40.0,74.2899414462453,34.289941446245294,test
img13696,7205,images/img13696.jpg,40.0,38.33595199360754,1.6640480063924556,test
img13704,7209,images/img13704.jpg,41.0,28.390926298217927,12.609073701782073,test
img13734,7225,images/img13734.jpg,42.0,41.09188529506427,0.908114704935727,test
img13735,7225,images/img13735.jpg,42.0,42.24845693734415,0.2484569373441445,test
img13748,7232,images/img13748.jpg,75.0,68.7381672263785,6.2618327736215065,test
img13749,7232,images/img13749.jpg,75.0,65.943139358046,9.056860641954003,test
img13756,7236,images/img13756.jpg,42.0,38.10521154436125,3.8947884556387455,test
img13757,7236,images/img13757.jpg,42.0,49.96623418993779,7.9662341899377935,test
img13770,7243,images/img13770.jpg,65.0,60.97018753965202,4.029812460347976,test
img13771,7243,images/img13771.jpg,65.0,67.86671277890888,2.8667127789088767,test
img13831,7274,images/img13831.jpg,66.0,76.77297893340058,10.77297893340058,test
img13832,7274,images/img13832.jpg,66.0,75.53874928464988,9.538749284649882,test
img13839,7278,images/img13839.jpg,36.0,31.335637721912384,4.664362278087616,test
img13840,7278,images/img13840.jpg,36.0,31.987936184151845,4.012063815848155,test
img13868,7293,images/img13868.jpg,77.0,57.87256510350949,19.127434896490502,test
img13869,7293,images/img13869.jpg,77.0,80.02341681725203,3.023416817252027,test
img13893,7306,images/img13893.jpg,73.0,83.95587666007575,10.955876660075743,test
img13894,7306,images/img13894.jpg,73.0,81.32111890257542,8.32111890257542,test
img13895,7307,images/img13895.jpg,62.0,74.81944589864622,12.819445898646222,test
img13896,7307,images/img13896.jpg,62.0,68.57939615958605,6.579396159586054,test
img13909,7314,images/img13909.jpg,79.0,74.96058615718363,4.039413842816373,test
img13910,7314,images/img13910.jpg,79.0,72.92848554685757,6.071514453142427,test
img13912,7315,images/img13912.jpg,82.0,86.29474744474288,4.294747444742882,test
img13931,7325,images/img13931.jpg,63.0,73.73882545750999,10.73882545750999,test
img13932,7325,images/img13932.jpg,63.0,71.35509350330418,8.355093503304175,test
img14017,7368,images/img14017.jpg,77.0,74.6068183074662,2.393181692533801,test
img14018,7368,images/img14018.jpg,77.0,78.11413093836273,1.1141309383627345,test
img14027,7373,images/img14027.jpg,81.0,72.37889750333848,8.621102496661521,test
img14052,7386,images/img14052.jpg,70.0,72.75466514670431,2.754665146704312,test
img14053,7386,images/img14053.jpg,70.0,62.01452609821842,7.985473901781582,test
img14054,7387,images/img14054.jpg,69.0,67.6838261342286,1.316173865771404,test
img14055,7387,images/img14055.jpg,69.0,67.89805692274467,1.1019430772553278,test
img14060,7390,images/img14060.jpg,79.0,77.5617869222802,1.4382130777197943,test
img14061,7390,images/img14061.jpg,79.0,76.33694851996549,2.663051480034511,test
img14078,7399,images/img14078.jpg,73.0,63.18324059705598,9.816759402944022,test
img14079,7399,images/img14079.jpg,73.0,67.63996396384627,5.36003603615373,test
img14088,7404,images/img14088.jpg,80.0,72.18890007863699,7.8110999213630095,test
img14101,7411,images/img14101.jpg,62.0,69.89557536686024,7.895575366860243,test
img14102,7411,images/img14102.jpg,62.0,65.45734875300855,3.457348753008546,test
img14125,7422,images/img14125.jpg,76.0,77.74526904025674,1.745269040256744,test
img14126,7422,images/img14126.jpg,76.0,76.1195658672989,0.1195658672989026,test
img14136,7428,images/img14136.jpg,69.0,66.87854556537347,2.1214544346265285,test
img14149,7435,images/img14149.jpg,56.0,66.4993615848272,10.4993615848272,test
img14150,7435,images/img14150.jpg,56.0,67.73140074252382,11.731400742523816,test
img14211,7467,images/img14211.jpg,77.0,79.29009254352557,2.2900925435255743,test
img14212,7467,images/img14212.jpg,77.0,66.78033609590886,10.219663904091137,test
img14234,7478,images/img14234.jpg,66.0,53.65563841050917,12.34436158949083,test
img14235,7479,images/img14235.jpg,69.0,73.1223797226351,4.122379722635102,test
img14236,7479,images/img14236.jpg,69.0,69.41776803019016,0.4177680301901603,test
img14241,7482,images/img14241.jpg,67.0,69.16366016181284,2.1636601618128424,test
img14242,7482,images/img14242.jpg,67.0,73.3825404789139,6.382540478913896,test
img14273,7498,images/img14273.jpg,56.0,64.38693860674324,8.386938606743243,test
img14274,7498,images/img14274.jpg,56.0,57.88123600175467,1.8812360017546723,test
img14285,7504,images/img14285.jpg,64.0,64.47371738826273,0.4737173882627274,test
img14286,7504,images/img14286.jpg,64.0,70.4669778002542,6.466977800254199,test
img14297,7510,images/img14297.jpg,67.0,66.35620260637887,0.6437973936211279,test
img14298,7510,images/img14298.jpg,67.0,69.28855032490303,2.288550324903028,test
img14319,7520,images/img14319.jpg,64.0,65.36609301566283,1.3660930156628268,test
img14327,7524,images/img14327.jpg,51.0,50.47638794143133,0.5236120585686734,test
img14328,7524,images/img14328.jpg,51.0,56.83587792692316,5.83587792692316,test
img14331,7526,images/img14331.jpg,61.0,52.43090416149077,8.569095838509227,test
img14332,7526,images/img14332.jpg,61.0,65.46422995953367,4.464229959533668,test
img14352,7537,images/img14352.jpg,59.0,48.40893192209801,10.591068077901989,test
img14353,7537,images/img14353.jpg,59.0,61.86231723439954,2.8623172343995407,test
img14418,7571,images/img14418.jpg,73.0,69.96302307846014,3.0369769215398605,test
img14419,7571,images/img14419.jpg,73.0,63.839108627241664,9.160891372758336,test
img14422,7573,images/img14422.jpg,83.0,73.79397217403945,9.206027825960549,test
img14423,7573,images/img14423.jpg,83.0,81.3994858058275,1.6005141941725043,test
img14454,7589,images/img14454.jpg,75.0,75.47209117500327,0.4720911750032712,test
img14455,7589,images/img14455.jpg,75.0,74.06912555193657,0.9308744480634346,test
img14470,7597,images/img14470.jpg,83.0,78.74124284326942,4.2587571567305815,test
img14471,7597,images/img14471.jpg,83.0,85.95495685833095,2.954956858330945,test
img14476,7600,images/img14476.jpg,69.0,62.49139823644247,6.508601763557529,test
img14477,7600,images/img14477.jpg,69.0,67.79048565332576,1.20951434667424,test
img14484,7604,images/img14484.jpg,42.0,45.96682449917672,3.966824499176724,test
img14485,7604,images/img14485.jpg,42.0,48.43976838677738,6.439768386777381,test
img14502,7613,images/img14502.jpg,56.0,53.83286042460201,2.1671395753979894,test
img14503,7613,images/img14503.jpg,56.0,56.52360569111225,0.5236056911122517,test
img14512,7618,images/img14512.jpg,77.0,74.73036374789287,2.2696362521071336,test
img14513,7618,images/img14513.jpg,77.0,75.81133536558843,1.188664634411566,test
img14518,7621,images/img14518.jpg,56.0,57.02525390816746,1.025253908167464,test
img14519,7621,images/img14519.jpg,56.0,57.76450019654348,1.76450019654348,test
img14532,7628,images/img14532.jpg,65.0,71.48783278967849,6.487832789678492,test
img14533,7628,images/img14533.jpg,65.0,67.27166809255486,2.2716680925548616,test
img14548,7636,images/img14548.jpg,73.0,73.73588517178342,0.7358851717834227,test
img14579,7652,images/img14579.jpg,74.0,77.34843080333115,3.348430803331155,test
img14580,7652,images/img14580.jpg,74.0,78.6710860553547,4.671086055354706,test
img14591,7658,images/img14591.jpg,63.0,63.099484987655934,0.0994849876559342,test
img14592,7658,images/img14592.jpg,63.0,63.648524454127376,0.6485244541273758,test
img14595,7660,images/img14595.jpg,56.0,41.32297255842816,14.677027441571845,test
img14596,7660,images/img14596.jpg,56.0,42.70640316742434,13.29359683257566,test
img14615,7670,images/img14615.jpg,65.0,60.78619937843471,4.213800621565291,test
img14616,7670,images/img14616.jpg,65.0,52.11769774968111,12.882302250318894,test
img14631,7678,images/img14631.jpg,59.0,67.18581851112404,8.18581851112404,test
img14632,7678,images/img14632.jpg,59.0,70.09319506787588,11.093195067875882,test
img14653,7689,images/img14653.jpg,58.0,59.54690657075021,1.5469065707502097,test
img14654,7689,images/img14654.jpg,58.0,64.3451965830421,6.345196583042096,test
img14687,7706,images/img14687.jpg,72.0,65.4021126064236,6.5978873935764,test
img14688,7706,images/img14688.jpg,72.0,74.2243314132245,2.2243314132245047,test
img14693,7709,images/img14693.jpg,61.0,56.58615956104801,4.413840438951993,test
img14694,7709,images/img14694.jpg,61.0,65.09928662471236,4.099286624712363,test
img14784,7756,images/img14784.jpg,81.0,74.63790833907117,6.362091660928826,test
img14785,7756,images/img14785.jpg,81.0,73.72492344632437,7.275076553675632,test
img14819,7774,images/img14819.jpg,67.0,69.1030309466382,2.1030309466382,test
img14820,7774,images/img14820.jpg,67.0,72.66757335999064,5.667573359990641,test
img14860,7796,images/img14860.jpg,50.0,57.90855524778858,7.908555247788584,test
img14861,7796,images/img14861.jpg,50.0,39.72669405494455,10.273305945055448,test
img14876,7804,images/img14876.jpg,60.0,56.96459759813988,3.035402401860118,test
img14877,7804,images/img14877.jpg,60.0,60.198507587617954,0.1985075876179536,test
img14884,7808,images/img14884.jpg,70.0,74.1828980322758,4.182898032275801,test
img14885,7808,images/img14885.jpg,70.0,60.23141294028815,9.768587059711848,test
img14890,7811,images/img14890.jpg,54.0,61.00633827631734,7.0063382763173365,test
img14891,7811,images/img14891.jpg,54.0,50.908413088052335,3.0915869119476653,test
img14945,7838,images/img14945.jpg,52.0,65.62166448324082,13.62166448324082,test
img14946,7838,images/img14946.jpg,52.0,58.47820575184871,6.478205751848712,test
img14988,7860,images/img14988.jpg,42.0,51.65068636568431,9.650686365684308,test
img15003,7868,images/img15003.jpg,61.0,62.99469259361955,1.994692593619547,test
img15004,7868,images/img15004.jpg,61.0,53.56138676630482,7.438613233695179,test
img15047,7890,images/img15047.jpg,52.0,54.59305461286411,2.5930546128641083,test
img15048,7890,images/img15048.jpg,52.0,53.10014907393874,1.1001490739387378,test
img15097,7916,images/img15097.jpg,70.0,67.91835318289722,2.0816468171027798,test
img15114,7925,images/img15114.jpg,77.0,54.84954737360513,22.150452626394877,test
img15115,7925,images/img15115.jpg,77.0,64.4825180691494,12.517481930850591,test
img15132,7934,images/img15132.jpg,64.0,58.60041621694259,5.399583783057409,test
img15133,7934,images/img15133.jpg,64.0,59.49270486816068,4.507295131839321,test
img15138,7937,images/img15138.jpg,52.0,56.17770652750361,4.177706527503609,test
img15139,7937,images/img15139.jpg,52.0,50.899007663680734,1.1009923363192655,test
img15147,7941,images/img15147.jpg,68.0,69.34514210025581,1.3451421002558137,test
img15168,7954,images/img15168.jpg,54.0,54.267037618259344,0.2670376182593443,test
img15169,7954,images/img15169.jpg,54.0,60.85094946512931,6.850949465129311,test
img15182,7961,images/img15182.jpg,83.0,79.56444214153379,3.435557858466211,test
img15183,7961,images/img15183.jpg,83.0,70.03554430979294,12.96445569020706,test
img15209,7975,images/img15209.jpg,85.0,80.91755814294265,4.082441857057347,test
img15242,7993,images/img15242.jpg,63.0,56.24779174410868,6.7522082558913255,test
img15243,7993,images/img15243.jpg,63.0,58.73341125146338,4.26658874853662,test
img15275,8010,images/img15275.jpg,61.0,55.43359638925036,5.566403610749639,test
img15276,8010,images/img15276.jpg,61.0,58.92987408746253,2.0701259125374705,test
img15295,8020,images/img15295.jpg,47.0,48.60268922626624,1.6026892262662358,test
img15296,8020,images/img15296.jpg,47.0,46.712048423334366,0.287951576665634,test
img15307,8026,images/img15307.jpg,56.0,67.5960799812553,11.5960799812553,test
img15308,8027,images/img15308.jpg,64.0,57.234369052122666,6.765630947877334,test
img15313,8030,images/img15313.jpg,48.0,60.56136185815541,12.561361858155408,test
img15314,8030,images/img15314.jpg,48.0,62.62617969085203,14.626179690852029,test
img15319,8033,images/img15319.jpg,68.0,76.36877689483339,8.368776894833388,test
img15320,8033,images/img15320.jpg,68.0,74.3782656227479,6.378265622747904,test
img15335,8042,images/img15335.jpg,67.0,71.9084517870891,4.908451787089106,test
img15336,8042,images/img15336.jpg,67.0,56.49105744519561,10.508942554804392,test
img15339,8044,images/img15339.jpg,74.0,78.30864785269733,4.308647852697334,test
img15342,8046,images/img15342.jpg,60.0,57.88472949962322,2.1152705003767807,test
img15343,8046,images/img15343.jpg,60.0,74.24786024269957,14.247860242699574,test
img15358,8054,images/img15358.jpg,83.0,73.19024840986201,9.809751590137992,test
img15394,8073,images/img15394.jpg,69.0,73.26514280949635,4.2651428094963535,test
img15400,8076,images/img15400.jpg,66.0,66.65833386924447,0.6583338692444727,test
img15401,8076,images/img15401.jpg,66.0,70.21410123105541,4.214101231055409,test
img15402,8077,images/img15402.jpg,78.0,78.28739839902661,0.287398399026614,test
img15403,8077,images/img15403.jpg,78.0,80.54706032918763,2.54706032918763,test
img15408,8080,images/img15408.jpg,55.0,54.49336491238971,0.5066350876102916,test
img15409,8080,images/img15409.jpg,55.0,47.06760487416142,7.932395125838582,test
img15420,8086,images/img15420.jpg,65.0,62.36822360356293,2.6317763964370684,test
img15426,8090,images/img15426.jpg,63.0,69.12416806743435,6.124168067434354,test
img15427,8090,images/img15427.jpg,63.0,68.53009184314458,5.530091843144575,test
img15432,8093,images/img15432.jpg,58.0,66.08945674430743,8.089456744307427,test
img15433,8093,images/img15433.jpg,58.0,71.89564583938835,13.89564583938835,test
img15440,8097,images/img15440.jpg,59.0,59.33375276003642,0.3337527600364183,test
img15441,8097,images/img15441.jpg,59.0,58.6214115583825,0.3785884416175022,test
img15442,8098,images/img15442.jpg,74.0,80.02745425707388,6.0274542570738845,test
img15443,8098,images/img15443.jpg,74.0,74.38407094208117,0.3840709420811663,test
img15448,8101,images/img15448.jpg,72.0,71.11376540797723,0.8862345920227739,test
img15449,8101,images/img15449.jpg,72.0,76.0009554390802,4.000955439080201,test
img15464,8109,images/img15464.jpg,68.0,73.38980394439568,5.38980394439568,test
img15465,8109,images/img15465.jpg,68.0,71.97281307116445,3.972813071164453,test
img15466,8110,images/img15466.jpg,70.0,62.52929967550487,7.470700324495127,test
img15467,8110,images/img15467.jpg,70.0,70.68721894286489,0.687218942864888,test
img15519,8137,images/img15519.jpg,74.0,60.20968416333226,13.790315836667736,test
img15520,8137,images/img15520.jpg,74.0,71.61538513283489,2.384614867165112,test
img15531,8143,images/img15531.jpg,63.0,52.57622527512193,10.423774724878072,test
img15532,8143,images/img15532.jpg,63.0,60.049583915074976,2.950416084925024,test
img15535,8145,images/img15535.jpg,81.0,71.50738198168463,9.492618018315367,test
img15538,8147,images/img15538.jpg,58.0,63.21601562177947,5.216015621779469,test
img15539,8147,images/img15539.jpg,58.0,67.47871830198204,9.478718301982042,test
img15544,8150,images/img15544.jpg,63.0,67.66676244339857,4.666762443398568,test
img15545,8150,images/img15545.jpg,63.0,69.25262997969162,6.252629979691619,test
img15558,8157,images/img15558.jpg,46.0,51.05319925726626,5.053199257266257,test
img15559,8158,images/img15559.jpg,60.0,58.059902256713016,1.940097743286984,test
img15560,8158,images/img15560.jpg,60.0,66.18835329834465,6.188353298344651,test
img15569,8163,images/img15569.jpg,54.0,62.06284559343919,8.062845593439185,test
img15570,8163,images/img15570.jpg,54.0,50.98223814415743,3.017761855842572,test
img15579,8168,images/img15579.jpg,73.0,63.558062135871445,9.441937864128557,test
img15580,8168,images/img15580.jpg,73.0,73.39313903109887,0.3931390310988689,test
img15583,8170,images/img15583.jpg,77.0,67.55559434077261,9.444405659227384,test
img15584,8170,images/img15584.jpg,77.0,72.89252048661842,4.107479513381577,test
img15596,8177,images/img15596.jpg,63.0,58.685902352446725,4.314097647553275,test
img15597,8177,images/img15597.jpg,63.0,56.39617447387703,6.603825526122968,test
img15638,8199,images/img15638.jpg,70.0,68.12760969722976,1.872390302770242,test
img15639,8199,images/img15639.jpg,70.0,60.675957749371335,9.324042250628665,test
img15667,8214,images/img15667.jpg,59.0,66.25621653251939,7.256216532519389,test
img15668,8214,images/img15668.jpg,59.0,60.86307187274138,1.8630718727413795,test
img15681,8221,images/img15681.jpg,60.0,61.13504257674328,1.135042576743274,test
img15682,8221,images/img15682.jpg,60.0,58.59864506559989,1.4013549344001106,test
img15693,8227,images/img15693.jpg,58.0,47.54372067405039,10.456279325949607,test
img15694,8227,images/img15694.jpg,58.0,49.145753783482135,8.854246216517865,test
img15699,8230,images/img15699.jpg,73.0,72.64093629078238,0.3590637092176223,test
img15700,8230,images/img15700.jpg,73.0,65.93591624515022,7.064083754849776,test
img15705,8233,images/img15705.jpg,61.0,58.04233961161004,2.957660388389961,test
img15706,8233,images/img15706.jpg,61.0,57.475876212050025,3.524123787949975,test
img15709,8235,images/img15709.jpg,58.0,52.78668527806696,5.213314721933045,test
img15710,8235,images/img15710.jpg,58.0,53.2458240906553,4.754175909344696,test
img15724,8243,images/img15724.jpg,66.0,58.35309405851439,7.646905941485613,test
img15758,8263,images/img15758.jpg,62.0,57.33657145087085,4.663428549129151,test
img15759,8263,images/img15759.jpg,62.0,57.3543949563567,4.6456050436433,test
img15800,8285,images/img15800.jpg,63.0,69.31180868299077,6.3118086829907725,test
img15801,8285,images/img15801.jpg,63.0,66.6477691259829,3.647769125982904,test
img15810,8290,images/img15810.jpg,70.0,64.70105622356942,5.298943776430576,test
img15811,8290,images/img15811.jpg,70.0,57.26577413381639,12.734225866183614,test
img15837,8304,images/img15837.jpg,59.0,70.17080835931895,11.170808359318954,test
img15838,8304,images/img15838.jpg,59.0,64.57969527583947,5.57969527583947,test
img15841,8306,images/img15841.jpg,71.0,76.47174142578459,5.471741425784586,test
img15842,8306,images/img15842.jpg,71.0,77.47690907474491,6.47690907474491,test
img15845,8308,images/img15845.jpg,70.0,71.13884726670847,1.138847266708467,test
img15846,8308,images/img15846.jpg,70.0,74.81070138419683,4.8107013841968325,test
img15864,8318,images/img15864.jpg,63.0,68.15223895263141,5.152238952631407,test
img15865,8318,images/img15865.jpg,63.0,70.3266151469553,7.326615146955305,test
img15868,8320,images/img15868.jpg,62.0,57.39820586804869,4.601794131951316,test
img15869,8320,images/img15869.jpg,62.0,56.902030027410575,5.097969972589425,test
img15874,8323,images/img15874.jpg,63.0,60.58079081036135,2.41920918963865,test
img15875,8323,images/img15875.jpg,63.0,66.14076342150335,3.140763421503351,test
img15881,8327,images/img15881.jpg,38.0,48.54032048745144,10.54032048745144,test
img15882,8327,images/img15882.jpg,38.0,51.80096375842688,13.800963758426876,test
img15898,8336,images/img15898.jpg,63.0,65.0664456180577,2.066445618057699,test
img15899,8336,images/img15899.jpg,63.0,67.67862610368547,4.678626103685474,test
img15919,8347,images/img15919.jpg,70.0,65.63198056732372,4.368019432676277,test
img15920,8347,images/img15920.jpg,70.0,55.87537854578122,14.124621454218785,test
img15941,8358,images/img15941.jpg,69.0,64.30600549714303,4.693994502856967,test
img15942,8358,images/img15942.jpg,69.0,73.16277157062056,4.162771570620564,test
img15954,8365,images/img15954.jpg,54.0,55.656180844702014,1.656180844702014,test
img15955,8365,images/img15955.jpg,54.0,46.19889440254048,7.801105597459525,test
img16037,8409,images/img16037.jpg,63.0,70.37572533473978,7.375725334739783,test
img16038,8409,images/img16038.jpg,63.0,70.65000731490117,7.650007314901174,test
img16059,8420,images/img16059.jpg,57.0,58.607059943046,1.6070599430459964,test
img16060,8420,images/img16060.jpg,57.0,69.25249692521884,12.252496925218836,test
img16071,8426,images/img16071.jpg,87.0,87.08723297200157,0.0872329720015727,test
img16072,8426,images/img16072.jpg,87.0,86.11893231810822,0.8810676818917784,test
img16079,8430,images/img16079.jpg,52.0,49.52425286067667,2.475747139323332,test
img16080,8430,images/img16080.jpg,52.0,56.351166617235165,4.351166617235165,test
img16082,8432,images/img16082.jpg,50.0,59.09096324672967,9.090963246729665,test
img16083,8432,images/img16083.jpg,50.0,61.088080891511225,11.088080891511224,test
img16087,8434,images/img16087.jpg,67.0,59.91235267698097,7.087647323019027,test
img16088,8435,images/img16088.jpg,69.0,76.84230031372384,7.84230031372384,test
img16089,8435,images/img16089.jpg,69.0,69.90367642115434,0.9036764211543442,test
img16110,8446,images/img16110.jpg,61.0,72.12783352867882,11.12783352867882,test
img16111,8446,images/img16111.jpg,61.0,60.70601742677002,0.2939825732299823,test
img16118,8450,images/img16118.jpg,59.0,63.88915237755653,4.889152377556528,test
img16119,8450,images/img16119.jpg,59.0,55.59976002253455,3.400239977465453,test
img16124,8453,images/img16124.jpg,54.0,53.69987193374382,0.3001280662561782,test
img16125,8453,images/img16125.jpg,54.0,55.02787853850803,1.027878538508027,test
img16130,8456,images/img16130.jpg,63.0,62.473146325546026,0.5268536744539745,test
img16131,8456,images/img16131.jpg,63.0,58.44639905286315,4.55360094713685,test
img16150,8466,images/img16150.jpg,72.0,75.72006545030709,3.720065450307089,test
img16151,8466,images/img16151.jpg,72.0,71.56459540498406,0.4354045950159388,test
img16154,8468,images/img16154.jpg,66.0,70.67627357656232,4.676273576562323,test
img16155,8468,images/img16155.jpg,66.0,69.11686424936656,3.1168642493665573,test
img16161,8472,images/img16161.jpg,68.0,82.04919515889972,14.04919515889972,test
img16162,8472,images/img16162.jpg,68.0,77.5394141398638,9.539414139863794,test
img16239,8511,images/img16239.jpg,34.0,28.632862954166317,5.367137045833687,test
img16240,8511,images/img16240.jpg,34.0,30.75343279218254,3.24656720781746,test
img16243,8513,images/img16243.jpg,29.0,25.12767156056139,3.8723284394386113,test
img16244,8513,images/img16244.jpg,29.0,33.2726730926513,4.272673092651303,test
img16247,8515,images/img16247.jpg,20.0,26.106880500002603,6.106880500002603,test
img16248,8515,images/img16248.jpg,20.0,30.693652071924536,10.693652071924536,test
img16261,8522,images/img16261.jpg,33.0,26.107150971389917,6.892849028610087,test
img16262,8522,images/img16262.jpg,33.0,24.699539347879902,8.300460652120094,test
img16263,8523,images/img16263.jpg,19.0,23.751319013273424,4.751319013273424,test
img16264,8523,images/img16264.jpg,19.0,24.874058829320525,5.874058829320525,test
img16265,8524,images/img16265.jpg,20.0,26.62615066410308,6.626150664103076,test
img16266,8524,images/img16266.jpg,20.0,23.30268114323632,3.3026811432363203,test
