image_id,patient_id,image_path,age_true,age_pred,absolute_error,split
img00001,1,images/img00001.jpg,48.0,43.72216609673835,4.277833903261644,validation
img00002,1,images/img00002.jpg,48.0,40.09065038732425,7.909349612675747,validation
img00015,8,images/img00015.jpg,28.0,29.330007317398387,1.3300073173983868,validation
img00016,8,images/img00016.jpg,28.0,32.107030843402654,4.107030843402654,validation
img00029,15,images/img00029.jpg,26.0,27.38709355642722,1.3870935564272209,validation
img00030,15,images/img00030.jpg,26.0,25.56317411854706,0.4368258814529397,validation
img00047,24,images/img00047.jpg,13.0,14.722475880419305,1.722475880419303,validation
img00048,24,images/img00048.jpg,13.0,18.289557234859068,5.289557234859068,validation
img00070,36,images/img00070.jpg,39.0,35.670100932670955,3.3298990673290447,validation
img00071,36,images/img00071.jpg,39.0,32.65810102649979,6.341898973500207,validation
img00074,38,images/img00074.jpg,37.0,31.145088448331947,5.854911551668053,validation
img00075,38,images/img00075.jpg,37.0,30.661895677345186,6.338104322654818,validation
img00094,48,images/img00094.jpg,20.0,18.607745009820093,1.3922549901799073,validation
img00095,48,images/img00095.jpg,20.0,19.245433654703103,0.7545663452968938,validation
img00096,49,images/img00096.jpg,20.0,19.277445252123705,0.7225547478762948,validation
img00097,49,images/img00097.jpg,20.0,20.44642695051728,0.446426950517278,validation
img00118,60,images/img00118.jpg,20.0,24.87009555100809,4.870095551008092,validation
img00119,60,images/img00119.jpg,20.0,24.225326663195993,4.225326663195993,validation
img00130,66,images/img00130.jpg,27.0,20.823629837212543,6.176370162787457,validation
img00131,66,images/img00131.jpg,27.0,24.468275405625924,2.531724594374076,validation
img00132,67,images/img00132.jpg,18.0,17.22303620539678,0.7769637946032191,validation
img00133,67,images/img00133.jpg,18.0,17.051099289460794,0.9489007105392062,validation
img00160,81,images/img00160.jpg,28.0,34.09331818128229,6.093318181282292,validation
img00161,81,images/img00161.jpg,28.0,28.62500401538828,0.6250040153882779,validation
img00177,90,images/img00177.jpg,25.0,21.468152247066858,3.531847752933146,validation
img00178,90,images/img00178.jpg,25.0,20.321128899125263,4.678871100874737,validation
img00191,97,images/img00191.jpg,19.0,24.087935923326206,5.0879359233262065,validation
img00192,97,images/img00192.jpg,19.0,26.37413894897741,7.374138948977411,validation
img00197,100,images/img00197.jpg,15.0,21.99227562759284,6.992275627592839,validation
img00198,100,images/img00198.jpg,15.0,24.5722236671874,9.5722236671874,validation
img00209,106,images/img00209.jpg,24.0,24.16225884309383,0.1622588430938307,validation
img00210,106,images/img00210.jpg,24.0,24.704623773717152,0.7046237737171523,validation
img00223,113,images/img00223.jpg,16.0,16.520526038835825,0.5205260388358255,validation
img00224,113,images/img00224.jpg,16.0,18.051629662861288,2.051629662861288,validation
img00227,115,images/img00227.jpg,18.0,17.963918409421844,0.0360815905781564,validation
img00228,115,images/img00228.jpg,18.0,19.62996980594785,1.6299698059478516,validation
img00253,128,images/img00253.jpg,18.0,19.858574839966913,1.8585748399669129,validation
img00254,128,images/img00254.jpg,18.0,20.347168313816404,2.347168313816404,validation
img00255,129,images/img00255.jpg,47.0,43.706427497584066,3.293572502415934,validation
img00256,129,images/img00256.jpg,47.0,45.95934073038754,1.040659269612462,validation
img00269,136,images/img00269.jpg,17.0,18.06045052004097,1.0604505200409662,validation
img00270,136,images/img00270.jpg,17.0,15.614254943912703,1.3857450560872948,validation
img00271,137,images/img00271.jpg,17.0,22.115429538874167,5.115429538874167,validation
img00272,137,images/img00272.jpg,17.0,20.788411845119803,3.788411845119803,validation
img00275,139,images/img00275.jpg,15.0,20.290303885855437,5.290303885855437,validation
img00276,139,images/img00276.jpg,15.0,18.752612974816465,3.752612974816465,validation
img00277,140,images/img00277.jpg,18.0,18.473647913457057,0.4736479134570572,validation
img00278,140,images/img00278.jpg,18.0,22.797150489367,4.797150489366999,validation
img00281,142,images/img00281.jpg,16.0,20.95849036087847,4.958490360878471,validation
img00282,142,images/img00282.jpg,16.0,21.545910589697485,5.545910589697485,validation
img00283,143,images/img00283.jpg,14.0,19.96569459666668,5.96569459666668,validation
img00284,143,images/img00284.jpg,14.0,16.01530729955025,2.0153072995502512,validation
img00285,144,images/img00285.jpg,24.0,26.20833562611493,2.2083356261149305,validation
img00286,144,images/img00286.jpg,24.0,27.38664858737068,3.3866485873706793,validation
img00295,149,images/img00295.jpg,17.0,17.420715889986205,0.4207158899862051,validation
img00296,149,images/img00296.jpg,17.0,22.429695478719196,5.4296954787191964,validation
img00319,161,images/img00319.jpg,17.0,22.936683188126608,5.936683188126608,validation
img00320,161,images/img00320.jpg,17.0,20.7978870685591,3.797887068559099,validation
img00329,166,images/img00329.jpg,66.0,60.91202773914962,5.087972260850378,validation
img00330,166,images/img00330.jpg,66.0,61.304213977274536,4.695786022725464,validation
img00334,169,images/img00334.jpg,68.0,60.86827108532667,7.131728914673332,validation
img00335,169,images/img00335.jpg,68.0,63.39411066952369,4.605889330476309,validation
img00342,173,images/img00342.jpg,41.0,58.26064955579702,17.260649555797023,validation
img00343,173,images/img00343.jpg,41.0,53.42931166168401,12.429311661684013,validation
img00357,181,images/img00357.jpg,28.0,35.0896366171917,7.089636617191701,validation
img00358,181,images/img00358.jpg,28.0,34.043322417826474,6.043322417826474,validation
img00366,186,images/img00366.jpg,68.0,71.43770833419161,3.437708334191612,validation
img00367,186,images/img00367.jpg,68.0,70.0993526543789,2.0993526543789045,validation
img00370,188,images/img00370.jpg,83.0,83.13840961024563,0.1384096102456311,validation
img00371,188,images/img00371.jpg,83.0,85.46442209791124,2.464422097911239,validation
img00375,191,images/img00375.jpg,61.0,66.09197005604959,5.09197005604959,validation
img00376,191,images/img00376.jpg,61.0,68.2131833542211,7.213183354221101,validation
img00388,198,images/img00388.jpg,64.0,62.16213095009566,1.8378690499043415,validation
img00389,198,images/img00389.jpg,64.0,59.34198277901418,4.658017220985819,validation
img00405,208,images/img00405.jpg,53.0,57.472568663260255,4.472568663260255,validation
img00406,208,images/img00406.jpg,53.0,57.82660868844378,4.826608688443777,validation
img00418,215,images/img00418.jpg,66.0,66.30983366791699,0.3098336679169904,validation
img00419,215,images/img00419.jpg,66.0,60.46504541574936,5.534954584250642,validation
img00439,226,images/img00439.jpg,65.0,71.19147031069666,6.191470310696658,validation
img00440,226,images/img00440.jpg,65.0,60.8845582615286,4.115441738471397,validation
img00453,233,images/img00453.jpg,78.0,67.78943539547907,10.210564604520926,validation
img00454,233,images/img00454.jpg,78.0,68.62105202506302,9.378947974936978,validation
img00457,235,images/img00457.jpg,54.0,53.03843115689965,0.961568843100352,validation
img00458,235,images/img00458.jpg,54.0,59.953549668118384,5.953549668118384,validation
img00467,240,images/img00467.jpg,65.0,76.01876074500447,11.018760745004473,validation
img00472,243,images/img00472.jpg,77.0,71.90368909132951,5.096310908670489,validation
img00473,243,images/img00473.jpg,77.0,79.32555483235524,2.3255548323552375,validation
img00474,244,images/img00474.jpg,42.0,39.84917069714717,2.150829302852827,validation
img00475,244,images/img00475.jpg,42.0,42.17919335937381,0.1791933593738122,validation
img00498,257,images/img00498.jpg,59.0,59.9190073091887,0.9190073091887,validation
img00499,257,images/img00499.jpg,59.0,57.75429739961927,1.2457026003807314,validation
img00516,268,images/img00516.jpg,84.0,78.69809829455181,5.301901705448188,validation
img00517,268,images/img00517.jpg,84.0,71.70350972762833,12.29649027237167,validation
img00542,281,images/img00542.jpg,85.0,76.52832011381219,8.471679886187815,validation
img00543,281,images/img00543.jpg,85.0,83.67596276763989,1.3240372323601122,validation
img00550,285,images/img00550.jpg,63.0,47.31702202706769,15.682977972932314,validation
img00551,285,images/img00551.jpg,63.0,51.07698928793995,11.923010712060048,validation
img00560,290,images/img00560.jpg,62.0,54.04898887527099,7.951011124729007,validation
img00561,290,images/img00561.jpg,62.0,63.12289003284689,1.1228900328468896,validation
img00568,294,images/img00568.jpg,65.0,65.45701011846919,0.457010118469185,validation
img00569,294,images/img00569.jpg,65.0,54.3808572674998,10.6191427325002,validation
img00572,296,images/img00572.jpg,65.0,67.53733861273966,2.53733861273966,validation
img00573,296,images/img00573.jpg,65.0,65.33199235395838,0.331992353958384,validation
img00577,299,images/img00577.jpg,56.0,53.450133596065115,2.5498664039348853,validation
img00578,299,images/img00578.jpg,56.0,52.71384940562432,3.286150594375684,validation
img00589,305,images/img00589.jpg,59.0,59.22367799436925,0.2236779943692468,validation
img00590,305,images/img00590.jpg,59.0,61.34500880581489,2.345008805814892,validation
img00598,310,images/img00598.jpg,78.0,73.30684557122194,4.693154428778058,validation
img00599,310,images/img00599.jpg,78.0,80.00546973197152,2.005469731971516,validation
img00600,311,images/img00600.jpg,27.0,29.44374053576205,2.44374053576205,validation
img00601,311,images/img00601.jpg,27.0,28.29857776921864,1.2985777692186424,validation
img00602,312,images/img00602.jpg,60.0,66.03386233219534,6.033862332195341,validation
img00603,312,images/img00603.jpg,60.0,70.5115030617796,10.511503061779608,validation
img00621,322,images/img00621.jpg,45.0,45.42473658360331,0.4247365836033125,validation
img00622,322,images/img00622.jpg,45.0,46.12408507051987,1.1240850705198682,validation
img00641,332,images/img00641.jpg,17.0,17.85568623008072,0.8556862300807211,validation
img00642,332,images/img00642.jpg,17.0,19.96275431094012,2.96275431094012,validation
img00661,342,images/img00661.jpg,70.0,66.00090844736089,3.999091552639115,validation
img00662,342,images/img00662.jpg,70.0,69.52071293015355,0.4792870698464497,validation
img00667,345,images/img00667.jpg,60.0,67.13175586136468,7.131755861364681,validation
img00668,345,images/img00668.jpg,60.0,62.43936194086707,2.439361940867073,validation
img00686,355,images/img00686.jpg,22.0,26.300723417089795,4.300723417089795,validation
img00732,379,images/img00732.jpg,49.0,43.97054935095443,5.029450649045572,validation
img00733,379,images/img00733.jpg,49.0,46.80883246496344,2.1911675350365556,validation
img00772,400,images/img00772.jpg,90.0,86.43626723571086,3.563732764289142,validation
img00773,400,images/img00773.jpg,90.0,87.13116494145157,2.8688350585484272,validation
img00776,402,images/img00776.jpg,55.0,47.356940550125366,7.643059449874635,validation
img00777,402,images/img00777.jpg,55.0,56.87591733733098,1.875917337330982,validation
img00782,405,images/img00782.jpg,63.0,65.28538893425348,2.2853889342534757,validation
img00783,405,images/img00783.jpg,63.0,58.928085759005505,4.071914240994495,validation
img00792,410,images/img00792.jpg,60.0,57.58958659575775,2.4104134042422487,validation
img00793,410,images/img00793.jpg,60.0,57.85617500094797,2.143824999052036,validation
img00800,414,images/img00800.jpg,50.0,54.58144315623976,4.581443156239764,validation
img00801,414,images/img00801.jpg,50.0,53.94881521641708,3.9488152164170818,validation
img00810,419,images/img00810.jpg,55.0,60.47019909534908,5.470199095349081,validation
img00811,419,images/img00811.jpg,55.0,53.70193427807205,1.298065721927948,validation
img00823,426,images/img00823.jpg,66.0,70.28830091184413,4.288300911844132,validation
img00824,426,images/img00824.jpg,66.0,63.16364614471688,2.8363538552831216,validation
img00825,427,images/img00825.jpg,69.0,62.12897748355201,6.871022516447987,validation
img00826,427,images/img00826.jpg,69.0,71.24628766287545,2.246287662875446,validation
img00829,429,images/img00829.jpg,60.0,78.75026219154785,18.750262191547847,validation
img00839,435,images/img00839.jpg,63.0,61.48414997542916,1.5158500245708382,validation
img00840,435,images/img00840.jpg,63.0,58.53170755519305,4.4682924448069485,validation
img00866,449,images/img00866.jpg,64.0,65.3089630240615,1.308963024061498,validation
img00867,449,images/img00867.jpg,64.0,64.88794813506381,0.8879481350638088,validation
img00901,466,images/img00901.jpg,71.0,69.96657955908117,1.0334204409188317,validation
img00912,472,images/img00912.jpg,76.0,66.75542546301557,9.24457453698443,validation
img00913,472,images/img00913.jpg,76.0,69.90741176188634,6.092588238113663,validation
img00954,494,images/img00954.jpg,45.0,43.980846894659976,1.019153105340024,validation
img00955,494,images/img00955.jpg,45.0,38.916817653726035,6.083182346273965,validation
img00996,516,images/img00996.jpg,38.0,34.91744013597274,3.08255986402726,validation
img00997,516,images/img00997.jpg,38.0,37.75310360372241,0.2468963962775916,validation
img01052,547,images/img01052.jpg,66.0,67.82893948657232,1.828939486572324,validation
img01053,547,images/img01053.jpg,66.0,71.20553482283675,5.2055348228367535,validation
img01058,550,images/img01058.jpg,79.0,79.27149109198544,0.2714910919854389,validation
img01059,550,images/img01059.jpg,79.0,81.24744598662568,2.247445986625678,validation
img01066,554,images/img01066.jpg,88.0,83.86647714168647,4.133522858313526,validation
img01067,554,images/img01067.jpg,88.0,79.4972976196342,8.502702380365804,validation
img01089,566,images/img01089.jpg,54.0,52.0542782077144,1.9457217922856032,validation
img01090,566,images/img01090.jpg,54.0,56.49261729076698,2.4926172907669795,validation
img01110,577,images/img01110.jpg,70.0,71.92251738983964,1.9225173898396408,validation
img01111,577,images/img01111.jpg,70.0,70.58619787970478,0.586197879704784,validation
img01113,579,images/img01113.jpg,67.0,68.3206510156489,1.320651015648906,validation
img01114,579,images/img01114.jpg,67.0,58.536466024837225,8.463533975162775,validation
img01123,584,images/img01123.jpg,50.0,55.802637420119915,5.802637420119915,validation
img01124,584,images/img01124.jpg,50.0,46.75150016512685,3.248499834873151,validation
img01189,619,images/img01189.jpg,87.0,80.04489748033448,6.955102519665516,validation
img01212,631,images/img01212.jpg,30.0,31.615699937367086,1.6156999373670864,validation
img01213,631,images/img01213.jpg,30.0,24.905762874599105,5.094237125400895,validation
img01229,640,images/img01229.jpg,47.0,52.23582394686768,5.235823946867683,validation
img01247,650,images/img01247.jpg,43.0,44.15413398631164,1.154133986311642,validation
img01248,650,images/img01248.jpg,43.0,43.474970517283495,0.474970517283495,validation
img01276,666,images/img01276.jpg,79.0,80.80856035507779,1.8085603550777876,validation
img01277,666,images/img01277.jpg,79.0,82.04582735388354,3.0458273538835385,validation
img01303,681,images/img01303.jpg,59.0,67.44852366154232,8.448523661542325,validation
img01305,682,images/img01305.jpg,71.0,74.51212823786791,3.5121282378679126,validation
img01335,698,images/img01335.jpg,18.0,18.9893016133627,0.9893016133626986,validation
img01336,698,images/img01336.jpg,18.0,19.675500610292197,1.6755006102921968,validation
img01345,703,images/img01345.jpg,41.0,42.535373639368366,1.535373639368366,validation
img01350,706,images/img01350.jpg,65.0,58.66399362476943,6.336006375230568,validation
img01424,745,images/img01424.jpg,74.0,77.19757756828011,3.19757756828011,validation
img01425,745,images/img01425.jpg,74.0,76.3706178452438,2.3706178452437996,validation
img01437,753,images/img01437.jpg,86.0,79.51531014154068,6.484689858459319,validation
img01438,753,images/img01438.jpg,86.0,81.03255865062911,4.967441349370887,validation
img01439,754,images/img01439.jpg,67.0,74.10143706722616,7.101437067226158,validation
img01440,754,images/img01440.jpg,67.0,60.91238246019286,6.087617539807141,validation
img01475,773,images/img01475.jpg,65.0,71.52543921861884,6.525439218618843,validation
img01476,773,images/img01476.jpg,65.0,70.08833530778777,5.088335307787773,validation
img01490,780,images/img01490.jpg,59.0,54.528494565037406,4.4715054349625944,validation
img01549,811,images/img01549.jpg,42.0,40.92097791537675,1.0790220846232472,validation
img01550,811,images/img01550.jpg,42.0,46.22773450482279,4.2277345048227915,validation
img01650,864,images/img01650.jpg,51.0,66.4888322864047,15.4888322864047,validation
img01678,881,images/img01678.jpg,76.0,28.97987338164272,47.02012661835728,validation
img01679,881,images/img01679.jpg,76.0,34.72465074856353,41.27534925143647,validation
img01698,891,images/img01698.jpg,21.0,24.731413528385993,3.7314135283859926,validation
img01699,891,images/img01699.jpg,21.0,24.398236403637945,3.398236403637945,validation
img01724,904,images/img01724.jpg,13.0,16.867968348043583,3.8679683480435822,validation
img01725,904,images/img01725.jpg,13.0,16.556908802870687,3.5569088028706872,validation
img01765,928,images/img01765.jpg,82.0,71.81350542403914,10.186494575960864,validation
img01766,928,images/img01766.jpg,82.0,68.68648210736242,13.313517892637575,validation
img01790,941,images/img01790.jpg,77.0,76.95277260689373,0.0472273931062687,validation
img01791,941,images/img01791.jpg,77.0,71.31982643374195,5.680173566258048,validation
img01794,943,images/img01794.jpg,62.0,63.20920912206899,1.209209122068991,validation
img01795,943,images/img01795.jpg,62.0,68.28604049356719,6.286040493567185,validation
img01827,961,images/img01827.jpg,41.0,23.22465232921838,17.77534767078162,validation
img01828,961,images/img01828.jpg,41.0,25.026528349032816,15.973471650967184,validation
img01854,975,images/img01854.jpg,53.0,49.13627910534805,3.863720894651948,validation
img01855,975,images/img01855.jpg,53.0,58.49537018781745,5.49537018781745,validation
img01862,979,images/img01862.jpg,55.0,48.42966878886536,6.570331211134636,validation
img01883,993,images/img01883.jpg,69.0,62.434104107971024,6.565895892028976,validation
img01884,993,images/img01884.jpg,69.0,58.93724525072454,10.062754749275465,validation
img01892,998,images/img01892.jpg,71.0,70.88395306820917,0.1160469317908337,validation
img01893,998,images/img01893.jpg,71.0,75.18469678560953,4.184696785609532,validation
img01911,1008,images/img01911.jpg,81.0,54.93603468948648,26.063965310513524,validation
img01912,1008,images/img01912.jpg,81.0,79.69648016539989,1.3035198346001096,validation
img01918,1012,images/img01918.jpg,58.0,57.19741794372606,0.8025820562739412,validation
img01919,1012,images/img01919.jpg,58.0,59.15073360618855,1.1507336061885525,validation
img01932,1019,images/img01932.jpg,59.0,51.54295913897352,7.457040861026478,validation
img01933,1019,images/img01933.jpg,59.0,52.49382693040538,6.506173069594617,validation
img01939,1023,images/img01939.jpg,32.0,29.05055802500686,2.949441974993139,validation
img01940,1023,images/img01940.jpg,32.0,39.262248877295896,7.262248877295896,validation
img01947,1027,images/img01947.jpg,59.0,49.56507604508827,9.434923954911731,validation
img01948,1027,images/img01948.jpg,59.0,55.99738322631908,3.00261677368092,validation
img01951,1029,images/img01951.jpg,33.0,26.835497699101527,6.164502300898473,validation
img01952,1029,images/img01952.jpg,33.0,29.5072882244546,3.492711775545402,validation
img01979,1045,images/img01979.jpg,55.0,52.39264391159601,2.6073560884039892,validation
img01980,1045,images/img01980.jpg,55.0,48.503692336069214,6.496307663930786,validation
img02010,1061,images/img02010.jpg,76.0,73.54648322037819,2.4535167796218076,validation
img02027,1070,images/img02027.jpg,37.0,41.86534185149321,4.865341851493213,validation
img02028,1070,images/img02028.jpg,37.0,48.22743089797247,11.227430897972468,validation
img02087,1103,images/img02087.jpg,69.0,58.6763393348676,10.3236606651324,validation
img02088,1103,images/img02088.jpg,69.0,58.81771870974237,10.182281290257627,validation
img02097,1108,images/img02097.jpg,55.0,63.48812565126414,8.488125651264141,validation
img02098,1108,images/img02098.jpg,55.0,60.66809472080418,5.668094720804177,validation
img02121,1121,images/img02121.jpg,36.0,36.22032262085145,0.2203226208514479,validation
img02122,1121,images/img02122.jpg,36.0,37.89775562785311,1.8977556278531085,validation
img02171,1146,images/img02171.jpg,49.0,50.36044187449972,1.3604418744997204,validation
img02172,1146,images/img02172.jpg,49.0,48.85073766307947,0.149262336920529,validation
img02179,1150,images/img02179.jpg,34.0,39.250084208529564,5.2500842085295645,validation
img02180,1150,images/img02180.jpg,34.0,42.74358643951681,8.743586439516811,validation
img02187,1154,images/img02187.jpg,45.0,48.21008364842994,3.2100836484299435,validation
img02188,1154,images/img02188.jpg,45.0,46.86132463569972,1.8613246356997168,validation
img02189,1155,images/img02189.jpg,40.0,38.63695392937008,1.3630460706299203,validation
img02206,1164,images/img02206.jpg,56.0,48.913486479630066,7.086513520369934,validation
img02207,1164,images/img02207.jpg,56.0,52.13372972304179,3.866270276958211,validation
img02219,1171,images/img02219.jpg,77.0,75.61645854981104,1.3835414501889574,validation
img02220,1171,images/img02220.jpg,77.0,64.50662928459553,12.493370715404469,validation
img02226,1175,images/img02226.jpg,76.0,73.2715381490737,2.728461850926294,validation
img02227,1175,images/img02227.jpg,76.0,71.93285855796249,4.06714144203751,validation
img02232,1178,images/img02232.jpg,89.0,75.04754161759321,13.952458382406787,validation
img02233,1178,images/img02233.jpg,89.0,81.4885799532956,7.511420046704401,validation
img02247,1186,images/img02247.jpg,40.0,46.48974820822674,6.489748208226743,validation
img02248,1186,images/img02248.jpg,40.0,48.78518106996989,8.785181069969887,validation
img02257,1191,images/img02257.jpg,79.0,66.91902575280399,12.08097424719601,validation
img02258,1191,images/img02258.jpg,79.0,68.6974580107571,10.302541989242895,validation
img02279,1202,images/img02279.jpg,35.0,36.00927641479885,1.0092764147988476,validation
img02280,1202,images/img02280.jpg,35.0,36.65155434838266,1.6515543483826605,validation
img02286,1206,images/img02286.jpg,31.0,30.16544108349679,0.8345589165032088,validation
img02297,1212,images/img02297.jpg,51.0,69.0099746114681,18.009974611468095,validation
img02298,1212,images/img02298.jpg,51.0,56.89851631916744,5.898516319167442,validation
img02338,1233,images/img02338.jpg,19.0,23.378862463181264,4.378862463181264,validation
img02375,1252,images/img02375.jpg,29.0,32.06132990383081,3.06132990383081,validation
img02376,1252,images/img02376.jpg,29.0,29.945443147012593,0.9454431470125932,validation
img02383,1256,images/img02383.jpg,18.0,19.861070156636927,1.8610701566369272,validation
img02408,1269,images/img02408.jpg,63.0,67.91598219581653,4.915982195816525,validation
img02426,1278,images/img02426.jpg,75.0,75.71790931348164,0.7179093134816412,validation
img02445,1288,images/img02445.jpg,63.0,62.488366339439565,0.5116336605604346,validation
img02446,1288,images/img02446.jpg,63.0,56.92068123805169,6.079318761948308,validation
img02453,1292,images/img02453.jpg,63.0,73.94010197530645,10.940101975306447,validation
img02454,1292,images/img02454.jpg,63.0,75.06686723446064,12.066867234460643,validation
img02457,1294,images/img02457.jpg,61.0,61.23943880653999,0.2394388065399866,validation
img02458,1294,images/img02458.jpg,61.0,66.30417449038171,5.304174490381712,validation
img02479,1305,images/img02479.jpg,80.0,75.28128124552941,4.718718754470586,validation
img02480,1305,images/img02480.jpg,80.0,70.76142516731622,9.23857483268378,validation
img02487,1309,images/img02487.jpg,44.0,46.57311774153361,2.5731177415336077,validation
img02488,1309,images/img02488.jpg,44.0,41.12475084045367,2.8752491595463283,validation
img02555,1345,images/img02555.jpg,78.0,73.29668762565177,4.703312374348229,validation
img02556,1345,images/img02556.jpg,78.0,70.7662238532201,7.233776146779903,validation
img02569,1352,images/img02569.jpg,73.0,74.10180787477329,1.1018078747732858,validation
img02570,1352,images/img02570.jpg,73.0,71.41296020225279,1.5870397977472095,validation
img02571,1353,images/img02571.jpg,82.0,54.10441860520774,27.89558139479226,validation
img02572,1353,images/img02572.jpg,82.0,77.91665192609292,4.083348073907075,validation
img02614,1377,images/img02614.jpg,63.0,53.64355908200919,9.35644091799081,validation
img02615,1377,images/img02615.jpg,63.0,58.89206044253996,4.107939557460043,validation
img02634,1387,images/img02634.jpg,75.0,72.60307138716948,2.3969286128305214,validation
img02635,1387,images/img02635.jpg,75.0,72.80007271206976,2.1999272879302367,validation
img02636,1388,images/img02636.jpg,52.0,52.3416044339561,0.3416044339560997,validation
img02637,1388,images/img02637.jpg,52.0,51.37943737313625,0.6205626268637516,validation
img02642,1391,images/img02642.jpg,64.0,66.89923662650266,2.899236626502656,validation
img02643,1391,images/img02643.jpg,64.0,62.58375112788349,1.4162488721165118,validation
img02655,1398,images/img02655.jpg,64.0,68.96381997795623,4.963819977956234,validation
img02666,1405,images/img02666.jpg,68.0,71.45927951793998,3.459279517939976,validation
img02669,1407,images/img02669.jpg,62.0,73.52848814823864,11.528488148238637,validation
img02670,1407,images/img02670.jpg,62.0,74.41739999690448,12.41739999690448,validation
img02759,1455,images/img02759.jpg,59.0,56.45938407333545,2.5406159266645503,validation
img02775,1465,images/img02775.jpg,67.0,60.97914308722014,6.020856912779863,validation
img02776,1465,images/img02776.jpg,67.0,63.6929237501478,3.3070762498522015,validation
img02845,1502,images/img02845.jpg,68.0,65.98420247675278,2.0157975232472154,validation
img02847,1502,images/img02847.jpg,68.0,63.139364794043246,4.860635205956754,validation
img02872,1518,images/img02872.jpg,89.0,85.9371820894988,3.0628179105011952,validation
img02873,1518,images/img02873.jpg,89.0,80.85170490379538,8.14829509620462,validation
img02949,1559,images/img02949.jpg,59.0,58.474610690883615,0.5253893091163846,validation
img02950,1559,images/img02950.jpg,59.0,56.84890076977372,2.1510992302262792,validation
img02960,1565,images/img02960.jpg,52.0,50.210075597006885,1.7899244029931154,validation
img02961,1565,images/img02961.jpg,52.0,49.0737151472658,2.9262848527341987,validation
img02962,1566,images/img02962.jpg,44.0,43.90178854439357,0.0982114556064317,validation
img02963,1566,images/img02963.jpg,44.0,45.57907868142855,1.5790786814285482,validation
img03013,1594,images/img03013.jpg,64.0,63.749649670583814,0.2503503294161859,validation
img03014,1594,images/img03014.jpg,64.0,57.56406413041171,6.435935869588292,validation
img03027,1601,images/img03027.jpg,56.0,56.068352519006154,0.0683525190061544,validation
img03035,1606,images/img03035.jpg,61.0,66.59840591657805,5.598405916578045,validation
img03036,1606,images/img03036.jpg,61.0,59.69569827943083,1.3043017205691712,validation
img03043,1610,images/img03043.jpg,69.0,65.36997177166671,3.630028228333288,validation
img03044,1610,images/img03044.jpg,69.0,66.29094756705393,2.7090524329460663,validation
img03090,1638,images/img03090.jpg,73.0,74.54519118374564,1.5451911837456436,validation
img03091,1638,images/img03091.jpg,73.0,72.00953937748561,0.9904606225143908,validation
img03095,1640,images/img03095.jpg,54.0,60.09386706108432,6.0938670610843175,validation
img03098,1642,images/img03098.jpg,68.0,63.62727772698274,4.37272227301726,validation
img03099,1642,images/img03099.jpg,68.0,67.56278255413454,0.4372174458654569,validation
img03107,1647,images/img03107.jpg,88.0,50.19273489112696,37.80726510887304,validation
img03108,1647,images/img03108.jpg,88.0,51.89943224786925,36.10056775213075,validation
img03120,1655,images/img03120.jpg,72.0,75.13386779578312,3.133867795783118,validation
img03121,1655,images/img03121.jpg,72.0,68.99222601728633,3.0077739827136725,validation
img03124,1657,images/img03124.jpg,47.0,65.41199953530123,18.41199953530123,validation
img03125,1657,images/img03125.jpg,47.0,55.622677155883174,8.622677155883174,validation
img03136,1664,images/img03136.jpg,76.0,79.51703766846607,3.517037668466074,validation
img03137,1664,images/img03137.jpg,76.0,71.92694308697553,4.073056913024473,validation
img03142,1667,images/img03142.jpg,71.0,71.06669575231234,0.0666957523123414,validation
img03143,1667,images/img03143.jpg,71.0,72.04631912371798,1.0463191237179783,validation
img03180,1688,images/img03180.jpg,66.0,69.45000211213903,3.450002112139032,validation
img03181,1688,images/img03181.jpg,66.0,69.12596866525874,3.125968665258739,validation
img03214,1706,images/img03214.jpg,69.0,84.67619213256094,15.676192132560942,validation
img03215,1706,images/img03215.jpg,69.0,80.81888625465459,11.818886254654586,validation
img03237,1718,images/img03237.jpg,81.0,72.06559457250552,8.934405427494482,validation
img03238,1718,images/img03238.jpg,81.0,74.48515526064638,6.51484473935362,validation
img03243,1721,images/img03243.jpg,70.0,61.86024480192481,8.139755198075193,validation
img03244,1721,images/img03244.jpg,70.0,61.54761041528709,8.452389584712911,validation
img03263,1732,images/img03263.jpg,56.0,56.32616989428084,0.326169894280838,validation
img03264,1732,images/img03264.jpg,56.0,53.92769063764091,2.0723093623590927,validation
img03290,1746,images/img03290.jpg,61.0,54.568079633955286,6.431920366044714,validation
img03291,1746,images/img03291.jpg,61.0,55.28792723456487,5.712072765435131,validation
img03314,1758,images/img03314.jpg,47.0,29.0499756390358,17.9500243609642,validation
img03315,1758,images/img03315.jpg,47.0,49.50570212252166,2.5057021225216616,validation
img03358,1783,images/img03358.jpg,60.0,63.630236007781434,3.630236007781434,validation
img03361,1784,images/img03361.jpg,62.0,68.4467157661751,6.446715766175103,validation
img03368,1788,images/img03368.jpg,77.0,75.99704887251028,1.0029511274897231,validation
img03369,1788,images/img03369.jpg,77.0,77.24987670096979,0.2498767009697928,validation
img03370,1789,images/img03370.jpg,61.0,63.13672933393263,2.136729333932628,validation
img03371,1789,images/img03371.jpg,61.0,61.90856811428208,0.9085681142820832,validation
img03412,1811,images/img03412.jpg,71.0,68.57983894742173,2.4201610525782655,validation
img03413,1811,images/img03413.jpg,71.0,69.77100475262685,1.228995247373149,validation
img03432,1822,images/img03432.jpg,77.0,75.53020653313055,1.4697934668694472,validation
img03433,1822,images/img03433.jpg,77.0,70.42217334245804,6.577826657541962,validation
img03437,1825,images/img03437.jpg,57.0,52.83476483899252,4.16523516100748,validation
img03438,1825,images/img03438.jpg,57.0,61.15349325139108,4.153493251391083,validation
img03474,1847,images/img03474.jpg,31.0,28.164565740469364,2.8354342595306363,validation
img03475,1847,images/img03475.jpg,31.0,26.112811239535624,4.887188760464376,validation
img03487,1854,images/img03487.jpg,75.0,65.65679795302502,9.34320204697498,validation
img03488,1854,images/img03488.jpg,75.0,68.88875762431525,6.111242375684753,validation
img03493,1857,images/img03493.jpg,73.0,79.07536879909392,6.075368799093923,validation
img03494,1857,images/img03494.jpg,73.0,74.97159368828086,1.971593688280862,validation
img03515,1870,images/img03515.jpg,65.0,58.58956273456897,6.410437265431028,validation
img03516,1870,images/img03516.jpg,65.0,57.69176779576565,7.308232204234351,validation
img03517,1871,images/img03517.jpg,67.0,65.47209980441602,1.5279001955839815,validation
img03518,1871,images/img03518.jpg,67.0,67.76198145905673,0.7619814590567273,validation
img03540,1883,images/img03540.jpg,65.0,61.37313728478986,3.626862715210138,validation
img03541,1883,images/img03541.jpg,65.0,56.33231016734324,8.667689832656762,validation
img03632,1930,images/img03632.jpg,79.0,74.61052420171652,4.389475798283485,validation
img03633,1930,images/img03633.jpg,79.0,56.503729520465754,22.49627047953425,validation
img03653,1941,images/img03653.jpg,73.0,65.11086672628677,7.889133273713227,validation
img03701,1965,images/img03701.jpg,66.0,68.0375034632801,2.0375034632801032,validation
img03702,1965,images/img03702.jpg,66.0,63.29428491539782,2.7057150846021827,validation
img03736,1984,images/img03736.jpg,69.0,62.49758472412197,6.502415275878036,validation
img03737,1984,images/img03737.jpg,69.0,69.61157713835394,0.6115771383539368,validation
img03743,1988,images/img03743.jpg,60.0,68.83943258627554,8.839432586275535,validation
img03744,1988,images/img03744.jpg,60.0,70.54197471726924,10.54197471726924,validation
img03757,1995,images/img03757.jpg,70.0,67.10648314580773,2.8935168541922707,validation
img03758,1995,images/img03758.jpg,70.0,67.26951740878158,2.7304825912184185,validation
img03759,1996,images/img03759.jpg,84.0,82.27586763123205,1.724132368767954,validation
img03796,2017,images/img03796.jpg,37.0,36.44446923942163,0.5555307605783639,validation
img03797,2017,images/img03797.jpg,37.0,38.03900276621292,1.039002766212917,validation
img03814,2026,images/img03814.jpg,16.0,31.96669327414372,15.96669327414372,validation
img03815,2026,images/img03815.jpg,16.0,17.36253400462254,1.362534004622539,validation
img03858,2048,images/img03858.jpg,23.0,31.507210373963847,8.507210373963847,validation
img03859,2048,images/img03859.jpg,23.0,28.778978577497696,5.778978577497696,validation
img03874,2056,images/img03874.jpg,29.0,31.04405429784664,2.0440542978466425,validation
img03875,2056,images/img03875.jpg,29.0,31.925079942473623,2.9250799424736265,validation
img03894,2066,images/img03894.jpg,38.0,35.010159472519135,2.9898405274808653,validation
img03895,2066,images/img03895.jpg,38.0,35.827733402171646,2.1722665978283544,validation
img03933,2086,images/img03933.jpg,38.0,36.818243246916495,1.181756753083505,validation
img03934,2086,images/img03934.jpg,38.0,34.772111933373765,3.2278880666262353,validation
img03947,2093,images/img03947.jpg,63.0,68.8708694319981,5.870869431998102,validation
img04017,2132,images/img04017.jpg,71.0,70.87718473986384,0.1228152601361642,validation
img04024,2136,images/img04024.jpg,45.0,45.99244730068258,0.9924473006825778,validation
img04025,2136,images/img04025.jpg,45.0,44.6207571129944,0.3792428870056028,validation
img04033,2141,images/img04033.jpg,68.0,70.12297527635118,2.122975276351184,validation
img04034,2141,images/img04034.jpg,68.0,68.81112688310525,0.8111268831052456,validation
img04053,2151,images/img04053.jpg,46.0,44.91237543659399,1.0876245634060098,validation
img04054,2151,images/img04054.jpg,46.0,46.51887186922155,0.5188718692215559,validation
img04096,2173,images/img04096.jpg,72.0,64.68030899600296,7.319691003997036,validation
img04097,2173,images/img04097.jpg,72.0,69.26155226364153,2.7384477363584665,validation
img04119,2185,images/img04119.jpg,49.0,58.20430657594919,9.20430657594919,validation
img04120,2185,images/img04120.jpg,49.0,61.304810541181226,12.304810541181226,validation
img04180,2216,images/img04180.jpg,50.0,49.65525371402127,0.3447462859787293,validation
img04181,2216,images/img04181.jpg,50.0,69.0728003160542,19.0728003160542,validation
img04197,2226,images/img04197.jpg,47.0,53.2837151689186,6.283715168918597,validation
img04199,2228,images/img04199.jpg,64.0,62.629837052938086,1.370162947061914,validation
img04200,2228,images/img04200.jpg,64.0,64.7686200851804,0.7686200851804017,validation
img04203,2230,images/img04203.jpg,22.0,23.12643413487031,1.1264341348703084,validation
img04204,2230,images/img04204.jpg,22.0,23.810430098725753,1.8104300987257531,validation
img04215,2236,images/img04215.jpg,72.0,72.5728985589384,0.5728985589384052,validation
img04216,2236,images/img04216.jpg,72.0,78.50323674732049,6.503236747320486,validation
img04219,2238,images/img04219.jpg,63.0,59.31546240512222,3.6845375948777814,validation
img04220,2238,images/img04220.jpg,63.0,64.44187210893311,1.4418721089331117,validation
img04278,2269,images/img04278.jpg,54.0,52.42731823438805,1.5726817656119465,validation
img04279,2269,images/img04279.jpg,54.0,53.56372012732558,0.4362798726744188,validation
img04284,2272,images/img04284.jpg,56.0,55.970574794946586,0.029425205053414,validation
img04285,2272,images/img04285.jpg,56.0,58.08267311193736,2.0826731119373605,validation
img04304,2283,images/img04304.jpg,64.0,63.468063872354634,0.5319361276453662,validation
img04305,2283,images/img04305.jpg,64.0,62.65997061919358,1.3400293808064203,validation
img04319,2292,images/img04319.jpg,73.0,65.56869953288196,7.431300467118035,validation
img04320,2292,images/img04320.jpg,73.0,53.88546356494981,19.11453643505019,validation
img04340,2303,images/img04340.jpg,77.0,78.67690119018187,1.6769011901818658,validation
img04349,2308,images/img04349.jpg,77.0,78.03514893082661,1.0351489308266082,validation
img04350,2308,images/img04350.jpg,77.0,75.92410448432959,1.0758955156704104,validation
img04351,2309,images/img04351.jpg,84.0,84.09794175626007,0.0979417562600701,validation
img04352,2309,images/img04352.jpg,84.0,82.79443107977212,1.2055689202278757,validation
img04359,2313,images/img04359.jpg,29.0,31.213269050142607,2.213269050142607,validation
img04360,2313,images/img04360.jpg,29.0,29.228667795991925,0.2286677959919245,validation
img04363,2315,images/img04363.jpg,43.0,47.45672922349653,4.456729223496524,validation
img04364,2315,images/img04364.jpg,43.0,68.08789620893342,25.087896208933415,validation
img04395,2332,images/img04395.jpg,63.0,57.232812410219445,5.767187589780555,validation
img04396,2332,images/img04396.jpg,63.0,62.89515094351139,0.1048490564886108,validation
img04425,2348,images/img04425.jpg,65.0,69.1861212836743,4.1861212836742965,validation
img04426,2348,images/img04426.jpg,65.0,68.50911177025073,3.509111770250726,validation
img04449,2360,images/img04449.jpg,52.0,46.49398413914735,5.506015860852649,validation
img04450,2360,images/img04450.jpg,52.0,70.74044182259107,18.740441822591063,validation
img04470,2371,images/img04470.jpg,33.0,37.95442374593618,4.954423745936182,validation
img04471,2371,images/img04471.jpg,33.0,33.562446103398756,0.5624461033987558,validation
img04530,2401,images/img04530.jpg,74.0,80.88728497855178,6.887284978551776,validation
img04531,2401,images/img04531.jpg,74.0,76.50244210946508,2.502442109465079,validation
img04534,2403,images/img04534.jpg,77.0,73.782911203031,3.2170887969689943,validation
img04535,2403,images/img04535.jpg,77.0,77.94851738171553,0.9485173817155328,validation
img04562,2418,images/img04562.jpg,68.0,63.1619993229635,4.838000677036497,validation
img04563,2418,images/img04563.jpg,68.0,70.60105308440858,2.6010530844085764,validation
img04590,2432,images/img04590.jpg,40.0,52.95565791484685,12.955657914846851,validation
img04591,2432,images/img04591.jpg,40.0,44.40615660754163,4.406156607541632,validation
img04597,2436,images/img04597.jpg,29.0,23.438907111163974,5.561092888836022,validation
img04598,2436,images/img04598.jpg,29.0,25.82075012810036,3.179249871899639,validation
img04600,2437,images/img04600.jpg,50.0,52.08895362111687,2.088953621116872,validation
img04651,2463,images/img04651.jpg,77.0,70.62877422038694,6.371225779613056,validation
img04652,2463,images/img04652.jpg,77.0,67.85701834277262,9.14298165722738,validation
img04669,2472,images/img04669.jpg,69.0,70.84210852712735,1.8421085271273512,validation
img04670,2472,images/img04670.jpg,69.0,65.53196559228778,3.4680344077122243,validation
img04687,2481,images/img04687.jpg,49.0,49.36436937124289,0.364369371242887,validation
img04688,2481,images/img04688.jpg,49.0,50.09410117420403,1.0941011742040274,validation
img04743,2509,images/img04743.jpg,39.0,43.697980719782805,4.697980719782805,validation
img04744,2509,images/img04744.jpg,39.0,38.10154273086565,0.8984572691343473,validation
img04747,2511,images/img04747.jpg,58.0,59.96550902947076,1.9655090294707591,validation
img04748,2511,images/img04748.jpg,58.0,64.71003521926184,6.71003521926184,validation
img04763,2519,images/img04763.jpg,56.0,59.715853305532335,3.7158533055323346,validation
img04764,2519,images/img04764.jpg,56.0,59.53229293625725,3.5322929362572495,validation
img04841,2558,images/img04841.jpg,77.0,62.87246951834253,14.127530481657471,validation
img04842,2558,images/img04842.jpg,77.0,68.74827827570005,8.251721724299955,validation
img04899,2589,images/img04899.jpg,56.0,46.111075178668194,9.888924821331806,validation
img04900,2589,images/img04900.jpg,56.0,52.1124846318128,3.887515368187202,validation
img04909,2594,images/img04909.jpg,60.0,63.64124081235259,3.641240812352592,validation
img04910,2594,images/img04910.jpg,60.0,63.356246856521224,3.356246856521224,validation
img04937,2608,images/img04937.jpg,42.0,49.32405822842944,7.324058228429436,validation
img04938,2608,images/img04938.jpg,42.0,39.507871796506805,2.492128203493195,validation
img04948,2614,images/img04948.jpg,70.0,75.02683746913884,5.02683746913884,validation
img04949,2614,images/img04949.jpg,70.0,73.66171602808681,3.661716028086815,validation
img04954,2617,images/img04954.jpg,42.0,53.46247712494241,11.46247712494241,validation
img04957,2619,images/img04957.jpg,89.0,82.4797049023245,6.5202950976755005,validation
img04958,2619,images/img04958.jpg,89.0,81.5454487436983,7.454551256301699,validation
img04961,2621,images/img04961.jpg,60.0,57.161649806833175,2.838350193166825,validation
img05037,2660,images/img05037.jpg,68.0,69.43346736736888,1.433467367368877,validation
img05038,2660,images/img05038.jpg,68.0,66.10810563740138,1.89189436259862,validation
img05041,2662,images/img05041.jpg,57.0,62.40126037479027,5.401260374790269,validation
img05042,2662,images/img05042.jpg,57.0,61.9382321727463,4.9382321727462966,validation
img05049,2666,images/img05049.jpg,49.0,43.31519499828254,5.684805001717457,validation
img05050,2666,images/img05050.jpg,49.0,49.391442684624224,0.3914426846242236,validation
img05055,2669,images/img05055.jpg,50.0,55.97936266116067,5.979362661160671,validation
img05056,2669,images/img05056.jpg,50.0,49.022295591890085,0.9777044081099148,validation
img05082,2683,images/img05082.jpg,31.0,36.25468557436496,5.254685574364956,validation
img05083,2683,images/img05083.jpg,31.0,37.62249864196488,6.6224986419648815,validation
img05084,2684,images/img05084.jpg,71.0,71.32411253274248,0.3241125327424754,validation
img05085,2684,images/img05085.jpg,71.0,70.17953869583272,0.8204613041672815,validation
img05100,2692,images/img05100.jpg,13.0,34.91080486210019,21.910804862100193,validation
img05101,2692,images/img05101.jpg,13.0,29.970348326853724,16.970348326853724,validation
img05102,2693,images/img05102.jpg,58.0,57.81671426161942,0.183285738380583,validation
img05103,2693,images/img05103.jpg,58.0,52.55559692409263,5.444403075907367,validation
img05115,2700,images/img05115.jpg,55.0,63.832631491881855,8.832631491881855,validation
img05126,2706,images/img05126.jpg,60.0,68.57585603812151,8.575856038121515,validation
img05127,2706,images/img05127.jpg,60.0,77.13325772740122,17.133257727401215,validation
img05132,2709,images/img05132.jpg,54.0,56.833039954087816,2.833039954087816,validation
img05133,2709,images/img05133.jpg,54.0,54.771562729309714,0.7715627293097143,validation
img05135,2711,images/img05135.jpg,21.0,41.74125219646063,20.74125219646063,validation
img05136,2711,images/img05136.jpg,21.0,34.01855465489986,13.01855465489986,validation
img05143,2715,images/img05143.jpg,36.0,41.66498580890193,5.664985808901932,validation
img05144,2715,images/img05144.jpg,36.0,39.15752410110633,3.1575241011063326,validation
img05153,2720,images/img05153.jpg,23.0,43.31822253284372,20.31822253284372,validation
img05154,2720,images/img05154.jpg,23.0,34.352591180668874,11.352591180668874,validation
img05175,2731,images/img05175.jpg,34.0,32.567274989664554,1.432725010335446,validation
img05176,2731,images/img05176.jpg,34.0,31.25705924023637,2.742940759763634,validation
img05186,2737,images/img05186.jpg,28.0,30.593008359974135,2.593008359974135,validation
img05187,2737,images/img05187.jpg,28.0,26.1867022775719,1.8132977224281,validation
img05198,2743,images/img05198.jpg,74.0,81.89623050205098,7.896230502050983,validation
img05199,2743,images/img05199.jpg,74.0,80.66625750581912,6.666257505819118,validation
img05210,2749,images/img05210.jpg,63.0,58.07845735730976,4.921542642690241,validation
img05211,2749,images/img05211.jpg,63.0,56.77046222704885,6.229537772951147,validation
img05241,2765,images/img05241.jpg,37.0,41.95431821303458,4.954318213034583,validation
img05242,2765,images/img05242.jpg,37.0,40.675769428130266,3.675769428130266,validation
img05243,2766,images/img05243.jpg,47.0,67.78138887170661,20.78138887170661,validation
img05244,2766,images/img05244.jpg,47.0,59.5115429821647,12.511542982164698,validation
img05271,2780,images/img05271.jpg,75.0,62.17824853637531,12.821751463624691,validation
img05272,2780,images/img05272.jpg,75.0,70.42236201806288,4.577637981937116,validation
img05273,2781,images/img05273.jpg,74.0,76.71629554677145,2.716295546771448,validation
img05274,2781,images/img05274.jpg,74.0,69.35146218771331,4.6485378122866905,validation
img05295,2792,images/img05295.jpg,59.0,57.69167182204757,1.3083281779524327,validation
img05296,2792,images/img05296.jpg,59.0,60.00665530722305,1.006655307223049,validation
img05299,2794,images/img05299.jpg,35.0,35.915326869684364,0.915326869684364,validation
img05300,2794,images/img05300.jpg,35.0,33.23802439920443,1.761975600795573,validation
img05304,2796,images/img05304.jpg,66.0,67.04346113134373,1.043461131343733,validation
img05305,2797,images/img05305.jpg,27.0,52.74518646049229,25.74518646049229,validation
img05306,2797,images/img05306.jpg,27.0,28.50827598077642,1.5082759807764212,validation
img05313,2801,images/img05313.jpg,64.0,53.68663546757475,10.313364532425249,validation
img05314,2801,images/img05314.jpg,64.0,55.77170948049051,8.228290519509493,validation
img05336,2813,images/img05336.jpg,69.0,64.79053481121507,4.209465188784932,validation
img05339,2814,images/img05339.jpg,75.0,61.29576011050547,13.70423988949453,validation
img05342,2816,images/img05342.jpg,73.0,68.81728556021869,4.182714439781307,validation
img05343,2816,images/img05343.jpg,73.0,69.940419086632,3.059580913367995,validation
img05358,2824,images/img05358.jpg,24.0,24.5702191252121,0.5702191252120983,validation
img05439,2865,images/img05439.jpg,58.0,55.155529036603376,2.844470963396624,validation
img05440,2865,images/img05440.jpg,58.0,57.582113187767675,0.4178868122323251,validation
img05445,2868,images/img05445.jpg,67.0,63.07791653043365,3.9220834695663527,validation
img05446,2868,images/img05446.jpg,67.0,62.688781820299425,4.311218179700575,validation
img05450,2871,images/img05450.jpg,67.0,74.05183392352612,7.051833923526118,validation
img05451,2871,images/img05451.jpg,67.0,66.26366812830081,0.7363318716991927,validation
img05457,2874,images/img05457.jpg,69.0,60.3782009249513,8.621799075048699,validation
img05460,2876,images/img05460.jpg,69.0,63.48743693077589,5.512563069224107,validation
img05461,2876,images/img05461.jpg,69.0,63.40543556825685,5.5945644317431515,validation
img05477,2885,images/img05477.jpg,69.0,71.0621751720688,2.0621751720688053,validation
img05478,2885,images/img05478.jpg,69.0,67.13229680413929,1.867703195860713,validation
img05489,2892,images/img05489.jpg,56.0,56.31334261151349,0.3133426115134838,validation
img05504,2900,images/img05504.jpg,76.0,71.26049068254049,4.7395093174595075,validation
img05505,2900,images/img05505.jpg,76.0,68.08952667153031,7.910473328469692,validation
img05522,2909,images/img05522.jpg,68.0,56.55826719923171,11.441732800768293,validation
img05523,2909,images/img05523.jpg,68.0,70.62688201128621,2.626882011286213,validation
img05546,2921,images/img05546.jpg,82.0,78.23918687423868,3.7608131257613167,validation
img05547,2921,images/img05547.jpg,82.0,83.30495018576062,1.3049501857606174,validation
img05552,2924,images/img05552.jpg,38.0,52.56656737443516,14.56656737443516,validation
img05560,2928,images/img05560.jpg,57.0,52.8554858919086,4.1445141080914,validation
img05561,2928,images/img05561.jpg,57.0,57.9940611506068,0.9940611506068038,validation
img05563,2929,images/img05563.jpg,79.0,75.0352177197037,3.964782280296305,validation
img05603,2951,images/img05603.jpg,66.0,63.44082969393447,2.559170306065532,validation
img05650,2975,images/img05650.jpg,53.0,50.94295435637159,2.0570456436284132,validation
img05651,2975,images/img05651.jpg,53.0,57.83396594642277,4.833965946422772,validation
img05689,2996,images/img05689.jpg,48.0,48.17213476781372,0.1721347678137235,validation
img05690,2996,images/img05690.jpg,48.0,46.212223843248935,1.7877761567510646,validation
img05697,3000,images/img05697.jpg,89.0,77.90972654984527,11.090273450154726,validation
img05698,3000,images/img05698.jpg,89.0,82.03898050158706,6.961019498412938,validation
img05706,3004,images/img05706.jpg,46.0,54.303806458387385,8.303806458387385,validation
img05707,3005,images/img05707.jpg,35.0,31.217299946301864,3.782700053698136,validation
img05708,3005,images/img05708.jpg,35.0,38.431605072217906,3.4316050722179057,validation
img05725,3014,images/img05725.jpg,84.0,82.04816344143039,1.9518365585696105,validation
img05726,3014,images/img05726.jpg,84.0,74.35371707251826,9.646282927481735,validation
img05731,3017,images/img05731.jpg,73.0,80.44463674101107,7.444636741011067,validation
img05732,3017,images/img05732.jpg,73.0,70.52177006839304,2.478229931606961,validation
img05735,3019,images/img05735.jpg,87.0,79.37579489254799,7.624205107452013,validation
img05736,3019,images/img05736.jpg,87.0,65.79075872308397,21.209241276916032,validation
img05743,3023,images/img05743.jpg,82.0,82.53455170098496,0.534551700984963,validation
img05744,3023,images/img05744.jpg,82.0,77.26815096938012,4.731849030619884,validation
img05747,3025,images/img05747.jpg,55.0,59.70858929474534,4.708589294745337,validation
img05748,3025,images/img05748.jpg,55.0,57.694898393012714,2.694898393012714,validation
img05753,3028,images/img05753.jpg,73.0,63.1581505587465,9.8418494412535,validation
img05754,3028,images/img05754.jpg,73.0,65.07970580500367,7.92029419499633,validation
img05757,3030,images/img05757.jpg,31.0,37.72123378565806,6.7212337856580575,validation
img05769,3036,images/img05769.jpg,65.0,52.896590726464446,12.103409273535554,validation
img05770,3036,images/img05770.jpg,65.0,67.13674213226298,2.136742132262981,validation
img05771,3037,images/img05771.jpg,75.0,72.70886714280395,2.2911328571960468,validation
img05772,3037,images/img05772.jpg,75.0,68.68889453763956,6.311105462360445,validation
img05804,3054,images/img05804.jpg,67.0,66.243530006661,0.756469993338996,validation
img05805,3054,images/img05805.jpg,67.0,67.48541792187012,0.4854179218701233,validation
img05931,3120,images/img05931.jpg,39.0,49.95156547961798,10.951565479617985,validation
img05932,3120,images/img05932.jpg,39.0,55.71126266991073,16.71126266991073,validation
img05983,3147,images/img05983.jpg,81.0,74.7320890935974,6.267910906402605,validation
img05989,3151,images/img05989.jpg,60.0,52.636956462372034,7.363043537627966,validation
img05990,3151,images/img05990.jpg,60.0,56.4968185266432,3.503181473356804,validation
img06001,3157,images/img06001.jpg,62.0,56.025164618523846,5.974835381476154,validation
img06002,3157,images/img06002.jpg,62.0,63.4741631111995,1.474163111199502,validation
img06020,3168,images/img06020.jpg,68.0,63.805770847534895,4.194229152465105,validation
img06021,3168,images/img06021.jpg,68.0,70.96822780817519,2.968227808175186,validation
img06043,3180,images/img06043.jpg,54.0,56.60005809591288,2.6000580959128783,validation
img06044,3180,images/img06044.jpg,54.0,55.68725942489744,1.6872594248974409,validation
img06065,3191,images/img06065.jpg,51.0,47.41860039215891,3.5813996078410923,validation
img06066,3191,images/img06066.jpg,51.0,43.82274764389409,7.17725235610591,validation
img06166,3243,images/img06166.jpg,51.0,53.8423454635352,2.842345463535203,validation
img06182,3252,images/img06182.jpg,66.0,62.04169702123349,3.958302978766511,validation
img06183,3252,images/img06183.jpg,66.0,62.21649351772401,3.783506482275989,validation
img06198,3260,images/img06198.jpg,50.0,60.612406243542274,10.612406243542274,validation
img06199,3261,images/img06199.jpg,51.0,46.4409357570904,4.559064242909599,validation
img06200,3261,images/img06200.jpg,51.0,45.88616949523685,5.1138305047631505,validation
img06201,3262,images/img06201.jpg,32.0,33.69890546195902,1.698905461959022,validation
img06202,3262,images/img06202.jpg,32.0,36.05362717865502,4.05362717865502,validation
img06216,3271,images/img06216.jpg,67.0,63.30247867157869,3.6975213284213098,validation
img06239,3283,images/img06239.jpg,38.0,43.37623537359032,5.376235373590319,validation
img06244,3286,images/img06244.jpg,51.0,57.14081287655862,6.14081287655862,validation
img06245,3286,images/img06245.jpg,51.0,48.76430242384628,2.2356975761537186,validation
img06282,3305,images/img06282.jpg,58.0,59.49162298261144,1.4916229826114389,validation
img06283,3305,images/img06283.jpg,58.0,63.21224210968233,5.212242109682329,validation
img06299,3314,images/img06299.jpg,83.0,74.84963072359204,8.150369276407957,validation
img06310,3320,images/img06310.jpg,44.0,51.825948007524374,7.825948007524374,validation
img06311,3320,images/img06311.jpg,44.0,54.68559890643606,10.685598906436065,validation
img06337,3334,images/img06337.jpg,53.0,57.53470612450017,4.534706124500168,validation
img06338,3334,images/img06338.jpg,53.0,59.73517019751631,6.735170197516311,validation
img06392,3362,images/img06392.jpg,40.0,40.702751130235264,0.7027511302352636,validation
img06393,3362,images/img06393.jpg,40.0,35.036181437443354,4.963818562556646,validation
img06462,3398,images/img06462.jpg,67.0,70.09424205389126,3.0942420538912643,validation
img06463,3398,images/img06463.jpg,67.0,69.82783646227483,2.8278364622748313,validation
img06473,3404,images/img06473.jpg,42.0,46.38725154915119,4.387251549151188,validation
img06474,3404,images/img06474.jpg,42.0,39.448396447169955,2.551603552830045,validation
img06499,3417,images/img06499.jpg,64.0,65.60748818353137,1.6074881835313732,validation
img06558,3448,images/img06558.jpg,36.0,41.6673524335409,5.6673524335408985,validation
img06559,3448,images/img06559.jpg,36.0,45.12381753423366,9.12381753423366,validation
img06572,3455,images/img06572.jpg,87.0,80.56199514845302,6.438004851546978,validation
img06573,3455,images/img06573.jpg,87.0,86.71418531105488,0.2858146889451234,validation
img06587,3464,images/img06587.jpg,55.0,57.26149969071487,2.261499690714871,validation
img06588,3464,images/img06588.jpg,55.0,51.56871663086781,3.4312833691321885,validation
img06616,3481,images/img06616.jpg,57.0,58.684526820038485,1.684526820038485,validation
img06617,3481,images/img06617.jpg,57.0,60.45221792849255,3.4522179284925514,validation
img06639,3493,images/img06639.jpg,86.0,86.69619896379879,0.6961989637987926,validation
img06640,3493,images/img06640.jpg,86.0,85.40806153197019,0.5919384680298094,validation
img06656,3502,images/img06656.jpg,73.0,72.82392218101205,0.1760778189879488,validation
img06657,3502,images/img06657.jpg,73.0,60.89202757972956,12.107972420270444,validation
img06692,3521,images/img06692.jpg,75.0,78.26285530184913,3.262855301849129,validation
img06695,3523,images/img06695.jpg,85.0,81.53350001579764,3.4664999842023576,validation
img06755,3555,images/img06755.jpg,49.0,62.12946171458413,13.129461714584131,validation
img06756,3555,images/img06756.jpg,49.0,58.57881613201776,9.578816132017757,validation
img06774,3565,images/img06774.jpg,58.0,51.45608329312552,6.543916706874477,validation
img06782,3569,images/img06782.jpg,25.0,31.36770603107549,6.367706031075489,validation
img06783,3569,images/img06783.jpg,25.0,32.4598454996019,7.459845499601897,validation
img06834,3595,images/img06834.jpg,67.0,71.1613345632203,4.161334563220294,validation
img06835,3595,images/img06835.jpg,67.0,69.62792102629837,2.6279210262983668,validation
img06906,3632,images/img06906.jpg,87.0,82.27896060241918,4.7210393975808245,validation
img06907,3632,images/img06907.jpg,87.0,73.10624086945201,13.893759130547991,validation
img06908,3633,images/img06908.jpg,82.0,72.80378187815138,9.196218121848617,validation
img06909,3633,images/img06909.jpg,82.0,76.11772273566764,5.882277264332359,validation
img06910,3634,images/img06910.jpg,51.0,55.08271061392766,4.082710613927659,validation
img06911,3634,images/img06911.jpg,51.0,51.74147695768048,0.7414769576804829,validation
img06924,3641,images/img06924.jpg,72.0,63.116957112093,8.883042887907003,validation
img06925,3641,images/img06925.jpg,72.0,68.71753614882311,3.2824638511768853,validation
img06939,3649,images/img06939.jpg,70.0,76.94736317914754,6.947363179147544,validation
img06971,3667,images/img06971.jpg,59.0,55.25601215616756,3.743987843832443,validation
img06997,3681,images/img06997.jpg,75.0,68.58095682311526,6.419043176884742,validation
img06998,3681,images/img06998.jpg,75.0,69.59724869848912,5.402751301510875,validation
img07005,3685,images/img07005.jpg,78.0,73.5456499940076,4.454350005992396,validation
img07006,3685,images/img07006.jpg,78.0,74.25867146391892,3.7413285360810846,validation
img07103,3737,images/img07103.jpg,80.0,78.29546891622859,1.704531083771414,validation
img07104,3737,images/img07104.jpg,80.0,78.34689774179297,1.6531022582070278,validation
img07129,3750,images/img07129.jpg,53.0,44.043897264995216,8.956102735004784,validation
img07130,3750,images/img07130.jpg,53.0,45.90695216764237,7.093047832357627,validation
img07135,3753,images/img07135.jpg,34.0,36.9077474639073,2.907747463907299,validation
img07136,3753,images/img07136.jpg,34.0,34.1447775439388,0.144777543938801,validation
img07139,3755,images/img07139.jpg,80.0,77.86092827664456,2.1390717233554426,validation
img07140,3755,images/img07140.jpg,80.0,83.00380647064182,3.0038064706418197,validation
img07151,3761,images/img07151.jpg,56.0,57.266791741513245,1.266791741513245,validation
img07152,3761,images/img07152.jpg,56.0,58.43692355677125,2.436923556771248,validation
img07163,3768,images/img07163.jpg,37.0,36.18316116096763,0.8168388390323642,validation
img07164,3768,images/img07164.jpg,37.0,34.999358066793675,2.000641933206325,validation
img07167,3770,images/img07167.jpg,44.0,62.334935991936064,18.334935991936064,validation
img07168,3770,images/img07168.jpg,44.0,54.75991201070979,10.75991201070979,validation
img07179,3776,images/img07179.jpg,28.0,27.320666656192344,0.6793333438076559,validation
img07180,3776,images/img07180.jpg,28.0,27.93936341100032,0.060636588999678,validation
img07277,3827,images/img07277.jpg,16.0,22.1512342793797,6.1512342793797,validation
img07281,3829,images/img07281.jpg,22.0,28.063219675400305,6.063219675400305,validation
img07282,3829,images/img07282.jpg,22.0,21.756040682986615,0.2439593170133847,validation
img07303,3840,images/img07303.jpg,34.0,35.735511383982555,1.735511383982555,validation
img07319,3848,images/img07319.jpg,22.0,21.495554924798867,0.5044450752011329,validation
img07320,3848,images/img07320.jpg,22.0,20.448538372314985,1.5514616276850148,validation
img07321,3849,images/img07321.jpg,29.0,38.81478886652611,9.814788866526108,validation
img07341,3859,images/img07341.jpg,39.0,34.46292823814511,4.5370717618548895,validation
img07342,3859,images/img07342.jpg,39.0,39.29390602632587,0.293906026325871,validation
img07373,3875,images/img07373.jpg,57.0,57.535730003207014,0.5357300032070142,validation
img07374,3875,images/img07374.jpg,57.0,54.307929783780814,2.692070216219186,validation
img07398,3888,images/img07398.jpg,41.0,46.52692493665661,5.526924936656613,validation
img07399,3888,images/img07399.jpg,41.0,43.81046737042189,2.8104673704218897,validation
img07436,3908,images/img07436.jpg,83.0,64.64314426428786,18.356855735712145,validation
img07437,3908,images/img07437.jpg,83.0,63.81293452216208,19.18706547783792,validation
img07444,3912,images/img07444.jpg,73.0,77.14335023634541,4.143350236345412,validation
img07493,3937,images/img07493.jpg,71.0,75.33153875548909,4.331538755489092,validation
img07498,3940,images/img07498.jpg,72.0,70.54854019207409,1.4514598079259144,validation
img07499,3940,images/img07499.jpg,72.0,78.4519148015785,6.451914801578496,validation
img07502,3942,images/img07502.jpg,35.0,35.80586448177515,0.8058644817751528,validation
img07503,3942,images/img07503.jpg,35.0,32.2545991598304,2.7454008401696015,validation
img07504,3943,images/img07504.jpg,69.0,62.86791512917558,6.132084870824421,validation
img07505,3943,images/img07505.jpg,69.0,66.42684962368308,2.5731503763169172,validation
img07542,3963,images/img07542.jpg,54.0,77.63084655609961,23.630846556099613,validation
img07583,3985,images/img07583.jpg,80.0,63.757484070627115,16.242515929372885,validation
img07584,3985,images/img07584.jpg,80.0,60.93549058669351,19.06450941330649,validation
img07611,3999,images/img07611.jpg,47.0,50.29802078638414,3.298020786384143,validation
img07612,3999,images/img07612.jpg,47.0,55.93606420004575,8.936064200045749,validation
img07647,4017,images/img07647.jpg,59.0,67.98355096517444,8.983550965174445,validation
img07648,4017,images/img07648.jpg,59.0,58.39304666314808,0.606953336851916,validation
img07655,4021,images/img07655.jpg,84.0,78.46161905320866,5.538380946791335,validation
img07673,4030,images/img07673.jpg,78.0,77.84976478825544,0.1502352117445582,validation
img07674,4030,images/img07674.jpg,78.0,69.1575451091167,8.842454890883303,validation
img07692,4040,images/img07692.jpg,57.0,51.843822567211106,5.156177432788894,validation
img07715,4052,images/img07715.jpg,82.0,67.82336428604036,14.17663571395964,validation
img07716,4052,images/img07716.jpg,82.0,66.35713889543534,15.64286110456466,validation
img07721,4055,images/img07721.jpg,65.0,58.83003606396928,6.169963936030719,validation
img07722,4055,images/img07722.jpg,65.0,57.40159827996275,7.598401720037252,validation
img07732,4062,images/img07732.jpg,59.0,62.102923345620034,3.1029233456200345,validation
img07733,4062,images/img07733.jpg,59.0,61.04294161631221,2.0429416163122127,validation
img07778,4087,images/img07778.jpg,49.0,53.411925150165914,4.411925150165914,validation
img07779,4087,images/img07779.jpg,49.0,53.15354890520762,4.1535489052076215,validation
img07823,4110,images/img07823.jpg,65.0,59.49526098636232,5.504739013637682,validation
img07824,4110,images/img07824.jpg,65.0,61.289021228641815,3.710978771358185,validation
img07828,4113,images/img07828.jpg,54.0,69.13609716434722,15.13609716434722,validation
img07829,4113,images/img07829.jpg,54.0,63.061204016162954,9.061204016162954,validation
img07832,4115,images/img07832.jpg,75.0,27.541971143974912,47.45802885602509,validation
img07833,4115,images/img07833.jpg,75.0,19.867958452129866,55.13204154787014,validation
img07861,4130,images/img07861.jpg,64.0,60.10104600425756,3.8989539957424384,validation
img07878,4138,images/img07878.jpg,45.0,44.873430828652715,0.1265691713472847,validation
img07893,4146,images/img07893.jpg,27.0,27.77403123184477,0.77403123184477,validation
img07904,4152,images/img07904.jpg,77.0,71.41097747248614,5.589022527513862,validation
img07905,4152,images/img07905.jpg,77.0,76.37395729438872,0.6260427056112832,validation
img07935,4168,images/img07935.jpg,71.0,73.66974619270277,2.6697461927027746,validation
img07936,4168,images/img07936.jpg,71.0,69.84367212575764,1.1563278742423648,validation
img07957,4179,images/img07957.jpg,80.0,87.51533464759093,7.515334647590933,validation
img07969,4186,images/img07969.jpg,43.0,44.792551158963704,1.792551158963704,validation
img07970,4186,images/img07970.jpg,43.0,46.30379258578884,3.303792585788841,validation
img07981,4192,images/img07981.jpg,34.0,36.63314048183696,2.6331404818369606,validation
img07982,4192,images/img07982.jpg,34.0,43.189554495214665,9.189554495214663,validation
img08001,4203,images/img08001.jpg,83.0,65.000992087634,17.999007912365997,validation
img08002,4203,images/img08002.jpg,83.0,65.71364711243993,17.28635288756007,validation
img08003,4204,images/img08003.jpg,63.0,63.22295354004709,0.2229535400470865,validation
img08004,4204,images/img08004.jpg,63.0,61.07038982702979,1.929610172970207,validation
img08049,4227,images/img08049.jpg,61.0,58.47141179415821,2.528588205841793,validation
img08050,4227,images/img08050.jpg,61.0,57.34283796209084,3.65716203790916,validation
img08057,4231,images/img08057.jpg,66.0,66.05847959088224,0.0584795908822428,validation
img08058,4231,images/img08058.jpg,66.0,74.27440351941061,8.274403519410612,validation
img08106,4256,images/img08106.jpg,54.0,41.58246804234301,12.41753195765699,validation
img08107,4256,images/img08107.jpg,54.0,43.06980983214597,10.930190167854036,validation
img08117,4262,images/img08117.jpg,71.0,63.90038730092898,7.099612699071017,validation
img08118,4262,images/img08118.jpg,71.0,71.56816715415115,0.5681671541511548,validation
img08125,4266,images/img08125.jpg,77.0,65.92328970286565,11.076710297134357,validation
img08126,4266,images/img08126.jpg,77.0,71.60256391658807,5.397436083411932,validation
img08135,4271,images/img08135.jpg,27.0,32.93647933944641,5.936479339446407,validation
img08136,4271,images/img08136.jpg,27.0,28.711943116641372,1.711943116641372,validation
img08141,4274,images/img08141.jpg,68.0,72.5157091290685,4.515709129068497,validation
img08142,4274,images/img08142.jpg,68.0,74.64782744095658,6.647827440956576,validation
img08161,4284,images/img08161.jpg,70.0,67.9140932585471,2.0859067414529022,validation
img08162,4284,images/img08162.jpg,70.0,72.74051120450873,2.740511204508735,validation
img08169,4288,images/img08169.jpg,61.0,58.164544419162304,2.835455580837696,validation
img08170,4288,images/img08170.jpg,61.0,59.72607232528673,1.2739276747132706,validation
img08209,4309,images/img08209.jpg,72.0,75.76776766002294,3.767767660022941,validation
img08210,4309,images/img08210.jpg,72.0,74.90608944447204,2.9060894444720446,validation
img08244,4327,images/img08244.jpg,34.0,48.013845750832544,14.013845750832544,validation
img08261,4336,images/img08261.jpg,64.0,64.8436758951588,0.8436758951587962,validation
img08315,4365,images/img08315.jpg,32.0,32.993784374022184,0.9937843740221836,validation
img08316,4365,images/img08316.jpg,32.0,35.66860897759902,3.668608977599021,validation
img08317,4366,images/img08317.jpg,55.0,63.76686659217963,8.766866592179632,validation
img08318,4366,images/img08318.jpg,55.0,45.54109053883675,9.458909461163252,validation
img08323,4369,images/img08323.jpg,35.0,32.44232157116927,2.5576784288307266,validation
img08377,4399,images/img08377.jpg,38.0,38.17511312943471,0.1751131294347132,validation
img08378,4399,images/img08378.jpg,38.0,37.59968089049194,0.4003191095080609,validation
img08381,4401,images/img08381.jpg,46.0,52.315601009409235,6.315601009409235,validation
img08382,4401,images/img08382.jpg,46.0,42.152727516003495,3.847272483996506,validation
img08399,4410,images/img08399.jpg,51.0,45.62721277287575,5.372787227124249,validation
img08422,4422,images/img08422.jpg,33.0,28.32301180535285,4.676988194647151,validation
img08432,4429,images/img08432.jpg,54.0,45.431932431238266,8.568067568761734,validation
img08433,4429,images/img08433.jpg,54.0,50.44024347577601,3.5597565242239924,validation
img08442,4434,images/img08442.jpg,62.0,63.72353500377282,1.7235350037728168,validation
img08456,4442,images/img08456.jpg,72.0,44.5710656298493,27.4289343701507,validation
img08457,4442,images/img08457.jpg,72.0,72.59785826930117,0.5978582693011703,validation
img08493,4463,images/img08493.jpg,33.0,36.24968185369973,3.2496818536997267,validation
img08494,4463,images/img08494.jpg,33.0,35.08922872888987,2.089228728889871,validation
img08524,4479,images/img08524.jpg,78.0,79.00408213877093,1.0040821387709258,validation
img08525,4479,images/img08525.jpg,78.0,83.36834518899259,5.368345188992592,validation
img08532,4483,images/img08532.jpg,54.0,58.072031207987685,4.072031207987685,validation
img08533,4483,images/img08533.jpg,54.0,53.463903643388385,0.5360963566116155,validation
img08538,4486,images/img08538.jpg,16.0,15.666359947945368,0.3336400520546334,validation
img08581,4508,images/img08581.jpg,75.0,73.80219101426027,1.1978089857397265,validation
img08582,4508,images/img08582.jpg,75.0,61.303950049549826,13.696049950450174,validation
img08653,4548,images/img08653.jpg,70.0,76.82741784375922,6.827417843759221,validation
img08654,4548,images/img08654.jpg,70.0,71.08808698533932,1.0880869853393165,validation
img08655,4549,images/img08655.jpg,64.0,61.752055156390554,2.247944843609446,validation
img08656,4549,images/img08656.jpg,64.0,62.32835852041646,1.671641479583542,validation
img08724,4584,images/img08724.jpg,55.0,56.26127605149858,1.2612760514985766,validation
img08725,4584,images/img08725.jpg,55.0,75.24756611461294,20.247566114612937,validation
img08728,4586,images/img08728.jpg,64.0,59.79763818188049,4.202361818119513,validation
img08729,4586,images/img08729.jpg,64.0,61.342225022685426,2.657774977314574,validation
img08741,4593,images/img08741.jpg,36.0,34.34920156344404,1.6507984365559594,validation
img08742,4593,images/img08742.jpg,36.0,41.56290467240124,5.562904672401238,validation
img08778,4612,images/img08778.jpg,78.0,80.26506118960445,2.2650611896044524,validation
img08779,4612,images/img08779.jpg,78.0,73.20804390029237,4.791956099707633,validation
img08857,4653,images/img08857.jpg,76.0,76.56405287402916,0.5640528740291586,validation
img08858,4653,images/img08858.jpg,76.0,79.36037584225048,3.360375842250477,validation
img08870,4660,images/img08870.jpg,63.0,60.81957260298054,2.180427397019457,validation
img08871,4660,images/img08871.jpg,63.0,67.96872084451059,4.968720844510585,validation
img08886,4668,images/img08886.jpg,81.0,79.42582337431679,1.574176625683208,validation
img08887,4668,images/img08887.jpg,81.0,72.91347547547232,8.086524524527675,validation
img08890,4670,images/img08890.jpg,33.0,39.4176237832009,6.417623783200902,validation
img08891,4670,images/img08891.jpg,33.0,40.82674044910803,7.82674044910803,validation
img08903,4676,images/img08903.jpg,64.0,57.06664826571162,6.9333517342883795,validation
img08926,4689,images/img08926.jpg,79.0,72.46966246598949,6.530337534010513,validation
img08934,4693,images/img08934.jpg,81.0,80.8979380612584,0.102061938741599,validation
img08935,4693,images/img08935.jpg,81.0,81.57964592442603,0.5796459244260319,validation
img08954,4704,images/img08954.jpg,82.0,81.88081363297434,0.1191863670256623,validation
img08955,4704,images/img08955.jpg,82.0,77.51386986230911,4.486130137690893,validation
img08971,4713,images/img08971.jpg,63.0,60.02484941576656,2.9751505842334396,validation
img08972,4713,images/img08972.jpg,63.0,65.22850542060993,2.2285054206099346,validation
img08979,4717,images/img08979.jpg,68.0,76.01331859894529,8.01331859894529,validation
img08980,4717,images/img08980.jpg,68.0,65.61720988492846,2.3827901150715434,validation
img08993,4724,images/img08993.jpg,48.0,48.54161286081418,0.5416128608141833,validation
img08994,4724,images/img08994.jpg,48.0,54.11298943994572,6.112989439945721,validation
img09017,4737,images/img09017.jpg,56.0,54.72871564458763,1.2712843554123694,validation
img09018,4737,images/img09018.jpg,56.0,57.2114606436575,1.211460643657503,validation
img09019,4738,images/img09019.jpg,62.0,61.21486844410169,0.7851315558983103,validation
img09020,4738,images/img09020.jpg,62.0,56.66087571403977,5.3391242859602315,validation
img09021,4739,images/img09021.jpg,60.0,71.68533361415696,11.68533361415696,validation
img09022,4739,images/img09022.jpg,60.0,65.85453762118826,5.854537621188257,validation
img09066,4762,images/img09066.jpg,66.0,64.28815656680146,1.7118434331985384,validation
img09067,4762,images/img09067.jpg,66.0,67.76498281896751,1.7649828189675103,validation
img09102,4782,images/img09102.jpg,70.0,73.8791717516524,3.879171751652393,validation
img09103,4782,images/img09103.jpg,70.0,68.35547529737545,1.644524702624551,validation
img09112,4787,images/img09112.jpg,58.0,56.356534056479695,1.6434659435203045,validation
img09161,4812,images/img09161.jpg,52.0,23.457375508231323,28.542624491768677,validation
img09162,4812,images/img09162.jpg,52.0,28.0736153740448,23.9263846259552,validation
img09163,4813,images/img09163.jpg,78.0,69.6021106397981,8.397889360201901,validation
img09164,4813,images/img09164.jpg,78.0,84.37141886592214,6.371418865922138,validation
img09168,4815,images/img09168.jpg,40.0,44.91205588773721,4.9120558877372105,validation
img09190,4827,images/img09190.jpg,69.0,68.20832904718516,0.7916709528148402,validation
img09191,4827,images/img09191.jpg,69.0,73.90475965362438,4.904759653624382,validation
img09211,4838,images/img09211.jpg,77.0,73.93556503590642,3.064434964093578,validation
img09212,4838,images/img09212.jpg,77.0,74.96007466089068,2.039925339109317,validation
img09218,4842,images/img09218.jpg,49.0,54.458233078521154,5.458233078521154,validation
img09219,4842,images/img09219.jpg,49.0,46.494619965029614,2.5053800349703863,validation
img09222,4844,images/img09222.jpg,58.0,54.90145906693859,3.0985409330614075,validation
img09223,4844,images/img09223.jpg,58.0,60.23678010688008,2.236780106880076,validation
img09246,4856,images/img09246.jpg,58.0,62.14322521824481,4.143225218244808,validation
img09247,4856,images/img09247.jpg,58.0,64.86626025599914,6.866260255999137,validation
img09268,4867,images/img09268.jpg,31.0,39.679749819479426,8.679749819479426,validation
img09269,4867,images/img09269.jpg,31.0,32.127222404953656,1.127222404953656,validation
img09322,4895,images/img09322.jpg,68.0,71.68259400075002,3.682594000750015,validation
img09323,4895,images/img09323.jpg,68.0,73.8222266185194,5.8222266185193945,validation
img09459,4966,images/img09459.jpg,64.0,65.42674567896177,1.4267456789617654,validation
img09460,4966,images/img09460.jpg,64.0,56.808512670761615,7.1914873292383845,validation
img09481,4978,images/img09481.jpg,54.0,47.95316745818843,6.046832541811568,validation
img09497,4986,images/img09497.jpg,60.0,60.83913979005882,0.8391397900588231,validation
img09498,4986,images/img09498.jpg,60.0,71.80076273174346,11.80076273174346,validation
img09511,4993,images/img09511.jpg,54.0,44.678791765949654,9.321208234050346,validation
img09512,4993,images/img09512.jpg,54.0,41.486276202178885,12.513723797821116,validation
img09545,5011,images/img09545.jpg,64.0,65.94274183054328,1.942741830543284,validation
img09575,5027,images/img09575.jpg,62.0,61.189275089077526,0.8107249109224739,validation
img09576,5027,images/img09576.jpg,62.0,57.94714840651792,4.052851593482082,validation
img09596,5038,images/img09596.jpg,68.0,67.77313076951022,0.2268692304897825,validation
img09597,5038,images/img09597.jpg,68.0,68.65892238172809,0.6589223817280896,validation
img09607,5044,images/img09607.jpg,62.0,59.47750775708622,2.5224922429137777,validation
img09608,5044,images/img09608.jpg,62.0,58.029254740291115,3.9707452597088846,validation
img09626,5054,images/img09626.jpg,78.0,80.68342371402981,2.6834237140298143,validation
img09636,5059,images/img09636.jpg,69.0,67.34334191958146,1.6566580804185378,validation
img09637,5059,images/img09637.jpg,69.0,62.9771446717574,6.022855328242599,validation
img09701,5093,images/img09701.jpg,46.0,39.00455726303673,6.99544273696327,validation
img09702,5093,images/img09702.jpg,46.0,39.49701476964928,6.502985230350717,validation
img09716,5101,images/img09716.jpg,73.0,72.89335916604118,0.1066408339588207,validation
img09717,5101,images/img09717.jpg,73.0,57.37433588199764,15.625664118002362,validation
img09720,5103,images/img09720.jpg,68.0,60.9681821797189,7.031817820281098,validation
img09721,5103,images/img09721.jpg,68.0,64.4727358388733,3.527264161126695,validation
img09722,5104,images/img09722.jpg,55.0,60.7322084363113,5.7322084363113035,validation
img09723,5104,images/img09723.jpg,55.0,54.65219050970378,0.3478094902962212,validation
img09730,5108,images/img09730.jpg,65.0,62.26544665760617,2.73455334239383,validation
img09731,5108,images/img09731.jpg,65.0,68.0960430688657,3.096043068865697,validation
img09767,5129,images/img09767.jpg,71.0,72.1976620428533,1.1976620428532954,validation
img09771,5131,images/img09771.jpg,32.0,50.9500891298223,18.950089129822302,validation
img09772,5131,images/img09772.jpg,32.0,46.33608774192194,14.336087741921943,validation
img09789,5140,images/img09789.jpg,80.0,76.0873143355831,3.912685664416898,validation
img09790,5140,images/img09790.jpg,80.0,80.95624209499053,0.9562420949905288,validation
img09820,5157,images/img09820.jpg,39.0,38.65384094131001,0.3461590586899916,validation
img09821,5157,images/img09821.jpg,39.0,36.6152282960903,2.384771703909699,validation
img09863,5179,images/img09863.jpg,77.0,65.41219039212696,11.58780960787304,validation
img09864,5179,images/img09864.jpg,77.0,70.75919486898135,6.2408051310186465,validation
img09902,5199,images/img09902.jpg,54.0,51.89324303366368,2.10675696633632,validation
img09903,5199,images/img09903.jpg,54.0,52.28443845221049,1.7155615477895123,validation
img09967,5232,images/img09967.jpg,27.0,28.875170417661817,1.875170417661817,validation
img09968,5232,images/img09968.jpg,27.0,26.94496663067333,0.0550333693266686,validation
img09992,5245,images/img09992.jpg,55.0,75.36266913968007,20.362669139680065,validation
img09993,5245,images/img09993.jpg,55.0,63.25384017280636,8.253840172806363,validation
img09997,5248,images/img09997.jpg,48.0,52.95495965151732,4.954959651517321,validation
img10029,5264,images/img10029.jpg,80.0,82.13148825970951,2.1314882597095135,validation
img10030,5265,images/img10030.jpg,84.0,77.7019696248577,6.298030375142304,validation
img10041,5271,images/img10041.jpg,45.0,57.229642414670494,12.229642414670494,validation
img10073,5289,images/img10073.jpg,65.0,57.26803810474836,7.7319618952516365,validation
img10074,5289,images/img10074.jpg,65.0,54.312494806399485,10.687505193600517,validation
img10088,5297,images/img10088.jpg,14.0,21.32051631279229,7.320516312792286,validation
img10089,5297,images/img10089.jpg,14.0,14.96729174791001,0.9672917479100108,validation
img10124,5315,images/img10124.jpg,59.0,60.04516012650734,1.0451601265073407,validation
img10125,5315,images/img10125.jpg,59.0,59.8998199271936,0.8998199271936045,validation
img10136,5321,images/img10136.jpg,57.0,51.7769310669319,5.223068933068099,validation
img10137,5321,images/img10137.jpg,57.0,51.185476124817114,5.814523875182886,validation
img10188,5347,images/img10188.jpg,72.0,84.40515362782641,12.405153627826408,validation
img10189,5347,images/img10189.jpg,72.0,82.25272487785016,10.252724877850156,validation
img10196,5351,images/img10196.jpg,66.0,60.0253810883525,5.974618911647497,validation
img10197,5351,images/img10197.jpg,66.0,64.69396998228297,1.3060300177170348,validation
img10200,5354,images/img10200.jpg,78.0,73.03741571687561,4.962584283124386,validation
img10201,5354,images/img10201.jpg,78.0,76.81057227501574,1.189427724984256,validation
img10208,5358,images/img10208.jpg,71.0,60.01449461501329,10.985505384986707,validation
img10209,5358,images/img10209.jpg,71.0,60.332088279941104,10.667911720058896,validation
img10214,5361,images/img10214.jpg,44.0,40.348372538675534,3.651627461324466,validation
img10215,5361,images/img10215.jpg,44.0,49.53505208518126,5.535052085181263,validation
img10234,5371,images/img10234.jpg,60.0,62.721207304379234,2.7212073043792344,validation
img10235,5371,images/img10235.jpg,60.0,65.52962459699398,5.529624596993983,validation
img10244,5376,images/img10244.jpg,60.0,59.3340322289598,0.6659677710402008,validation
img10245,5376,images/img10245.jpg,60.0,60.20163791221241,0.2016379122124121,validation
img10274,5391,images/img10274.jpg,57.0,46.19164511499432,10.808354885005675,validation
img10275,5391,images/img10275.jpg,57.0,50.143155195551216,6.856844804448784,validation
img10293,5401,images/img10293.jpg,86.0,78.4290883252221,7.570911674777904,validation
img10351,5431,images/img10351.jpg,59.0,46.06065080531232,12.93934919468768,validation
img10352,5431,images/img10352.jpg,59.0,54.43114040680464,4.568859593195363,validation
img10362,5437,images/img10362.jpg,59.0,64.9691135446862,5.969113544686195,validation
img10363,5437,images/img10363.jpg,59.0,62.067154049953565,3.067154049953565,validation
img10423,5470,images/img10423.jpg,58.0,58.50660388425317,0.5066038842531668,validation
img10424,5470,images/img10424.jpg,58.0,59.21935127013012,1.2193512701301188,validation
img10440,5479,images/img10440.jpg,68.0,58.50481487416463,9.49518512583537,validation
img10441,5479,images/img10441.jpg,68.0,60.97734494326923,7.02265505673077,validation
img10442,5480,images/img10442.jpg,59.0,56.49720876068864,2.5027912393113567,validation
img10443,5480,images/img10443.jpg,59.0,60.588516694666595,1.5885166946665947,validation
img10488,5505,images/img10488.jpg,69.0,63.07935831742567,5.9206416825743275,validation
img10489,5505,images/img10489.jpg,69.0,66.89248683853468,2.10751316146532,validation
img10496,5509,images/img10496.jpg,77.0,57.66644709334966,19.33355290665034,validation
img10497,5509,images/img10497.jpg,77.0,68.579194396656,8.420805603343993,validation
img10522,5522,images/img10522.jpg,17.0,23.83139163124224,6.831391631242241,validation
img10523,5522,images/img10523.jpg,17.0,22.235315981299117,5.235315981299117,validation
img10543,5533,images/img10543.jpg,50.0,46.16663741777252,3.83336258222748,validation
img10544,5533,images/img10544.jpg,50.0,48.98426873262793,1.0157312673720682,validation
img10604,5564,images/img10604.jpg,72.0,68.56782478289512,3.4321752171048843,validation
img10605,5564,images/img10605.jpg,72.0,63.04337144497788,8.956628555022121,validation
img10615,5570,images/img10615.jpg,74.0,83.69818068337484,9.698180683374844,validation
img10616,5570,images/img10616.jpg,74.0,72.28847826419464,1.7115217358053627,validation
img10623,5574,images/img10623.jpg,35.0,30.314054204719056,4.685945795280944,validation
img10624,5574,images/img10624.jpg,35.0,32.06019785020166,2.9398021497983393,validation
img10645,5586,images/img10645.jpg,21.0,38.101802296148634,17.101802296148634,validation
img10646,5586,images/img10646.jpg,21.0,27.644259496457824,6.644259496457824,validation
img10672,5600,images/img10672.jpg,48.0,50.17113862333864,2.171138623338642,validation
img10673,5600,images/img10673.jpg,48.0,47.85505614366276,0.1449438563372425,validation
img10694,5612,images/img10694.jpg,54.0,52.59050409221205,1.4094959077879494,validation
img10695,5612,images/img10695.jpg,54.0,55.16573878616909,1.1657387861690935,validation
img10709,5620,images/img10709.jpg,49.0,56.84918419215992,7.849184192159917,validation
img10710,5620,images/img10710.jpg,49.0,48.094824666070934,0.9051753339290656,validation
img10731,5632,images/img10731.jpg,62.0,62.38553977070812,0.3855397707081209,validation
img10732,5632,images/img10732.jpg,62.0,73.50236148471288,11.502361484712878,validation
img10765,5649,images/img10765.jpg,66.0,47.295511917503546,18.704488082496457,validation
img10801,5667,images/img10801.jpg,57.0,54.918063883429056,2.081936116570944,validation
img10802,5667,images/img10802.jpg,57.0,56.86939746367485,0.1306025363251493,validation
img10810,5672,images/img10810.jpg,58.0,55.570168489664105,2.4298315103358945,validation
img10811,5672,images/img10811.jpg,58.0,54.91138062269747,3.0886193773025283,validation
img10839,5687,images/img10839.jpg,54.0,50.43828692065974,3.561713079340258,validation
img10840,5687,images/img10840.jpg,54.0,54.11101325384166,0.1110132538416621,validation
img10841,5688,images/img10841.jpg,55.0,50.17926694289355,4.820733057106452,validation
img10842,5688,images/img10842.jpg,55.0,54.74122603686113,0.2587739631388714,validation
img10868,5703,images/img10868.jpg,82.0,79.37987377556628,2.6201262244337187,validation
img10875,5707,images/img10875.jpg,75.0,63.685965655587175,11.314034344412825,validation
img10886,5713,images/img10886.jpg,77.0,72.1569288338024,4.843071166197603,validation
img10887,5713,images/img10887.jpg,77.0,72.95851550512195,4.041484494878048,validation
img10909,5725,images/img10909.jpg,53.0,69.22975878830748,16.22975878830748,validation
img10910,5725,images/img10910.jpg,53.0,70.44235181668384,17.44235181668384,validation
img10926,5735,images/img10926.jpg,71.0,70.33536947689859,0.6646305231014082,validation
img10927,5735,images/img10927.jpg,71.0,63.317833921165885,7.682166078834115,validation
img10945,5745,images/img10945.jpg,66.0,60.33098976258277,5.669010237417233,validation
img10946,5745,images/img10946.jpg,66.0,63.73186345034213,2.268136549657868,validation
img10955,5750,images/img10955.jpg,53.0,44.86533631802122,8.134663681978779,validation
img10956,5750,images/img10956.jpg,53.0,41.10805904778121,11.891940952218787,validation
img10965,5755,images/img10965.jpg,68.0,61.68603723506794,6.313962764932057,validation
img10987,5767,images/img10987.jpg,19.0,19.39217310720199,0.3921731072019909,validation
img10988,5767,images/img10988.jpg,19.0,22.461399523997777,3.461399523997777,validation
img11032,5792,images/img11032.jpg,66.0,66.51585761292701,0.5158576129270074,validation
img11033,5792,images/img11033.jpg,66.0,71.44973994848516,5.44973994848516,validation
img11042,5797,images/img11042.jpg,57.0,57.81041803126514,0.8104180312651366,validation
img11043,5797,images/img11043.jpg,57.0,57.359203457754475,0.3592034577544751,validation
img11050,5802,images/img11050.jpg,52.0,62.66424472147933,10.664244721479328,validation
img11051,5802,images/img11051.jpg,52.0,51.93095088937427,0.0690491106257269,validation
img11058,5807,images/img11058.jpg,84.0,77.7233586766638,6.276641323336193,validation
img11082,5821,images/img11082.jpg,65.0,65.1843727788403,0.1843727788402986,validation
img11089,5825,images/img11089.jpg,70.0,76.15638705672771,6.156387056727709,validation
img11090,5825,images/img11090.jpg,70.0,75.36669131095587,5.366691310955872,validation
img11134,5849,images/img11134.jpg,74.0,72.06181233552492,1.9381876644750804,validation
img11135,5849,images/img11135.jpg,74.0,70.49064295603335,3.509357043966645,validation
img11138,5852,images/img11138.jpg,74.0,80.26911826041409,6.269118260414089,validation
img11150,5859,images/img11150.jpg,57.0,52.0062509960896,4.993749003910402,validation
img11151,5859,images/img11151.jpg,57.0,54.04178784723648,2.9582121527635223,validation
img11177,5874,images/img11177.jpg,69.0,70.85795073427275,1.857950734272748,validation
img11187,5880,images/img11187.jpg,80.0,76.957370620478,3.0426293795219976,validation
img11188,5880,images/img11188.jpg,80.0,66.95114641126787,13.048853588732127,validation
img11205,5888,images/img11205.jpg,63.0,58.83542885990638,4.164571140093621,validation
img11206,5888,images/img11206.jpg,63.0,57.22900624797247,5.770993752027529,validation
img11208,5890,images/img11208.jpg,68.0,63.8614590521442,4.138540947855802,validation
img11209,5890,images/img11209.jpg,68.0,67.61926744966493,0.3807325503350682,validation
img11214,5893,images/img11214.jpg,53.0,51.525374136356675,1.4746258636433254,validation
img11215,5893,images/img11215.jpg,53.0,49.19431812074504,3.805681879254962,validation
img11249,5913,images/img11249.jpg,66.0,66.4330606500973,0.4330606500973033,validation
img11250,5913,images/img11250.jpg,66.0,60.403554073027664,5.596445926972336,validation
img11275,5926,images/img11275.jpg,59.0,57.323627336460895,1.6763726635391052,validation
img11276,5926,images/img11276.jpg,59.0,52.79310679229469,6.206893207705313,validation
img11285,5932,images/img11285.jpg,60.0,58.74913785390291,1.2508621460970843,validation
img11286,5932,images/img11286.jpg,60.0,59.0197275724444,0.9802724275555974,validation
img11301,5941,images/img11301.jpg,65.0,62.08187510957414,2.918124890425858,validation
img11302,5941,images/img11302.jpg,65.0,58.48312985795235,6.516870142047651,validation
img11318,5951,images/img11318.jpg,82.0,71.6235701641323,10.376429835867697,validation
img11319,5951,images/img11319.jpg,82.0,80.07161525471477,1.9283847452852283,validation
img11320,5952,images/img11320.jpg,56.0,54.03861144435124,1.96138855564876,validation
img11321,5952,images/img11321.jpg,56.0,48.03884145133959,7.961158548660407,validation
img11324,5954,images/img11324.jpg,47.0,40.81557477949805,6.18442522050195,validation
img11325,5954,images/img11325.jpg,47.0,42.38523475415075,4.614765245849249,validation
img11351,5968,images/img11351.jpg,49.0,45.60204584653077,3.397954153469229,validation
img11363,5975,images/img11363.jpg,70.0,70.15360616096399,0.1536061609639887,validation
img11364,5975,images/img11364.jpg,70.0,64.26527774114429,5.734722258855712,validation
img11390,5989,images/img11390.jpg,62.0,61.63638337798277,0.3636166220172327,validation
img11391,5989,images/img11391.jpg,62.0,63.61234290771735,1.6123429077173483,validation
img11396,5992,images/img11396.jpg,66.0,68.06723786611722,2.0672378661172246,validation
img11409,6001,images/img11409.jpg,61.0,64.19373042492788,3.193730424927878,validation
img11410,6001,images/img11410.jpg,61.0,69.22910115021656,8.229101150216565,validation
img11417,6005,images/img11417.jpg,77.0,77.30648810731037,0.306488107310372,validation
img11418,6005,images/img11418.jpg,77.0,71.87494714398613,5.125052856013866,validation
img11426,6010,images/img11426.jpg,67.0,67.04999279722517,0.0499927972251725,validation
img11427,6010,images/img11427.jpg,67.0,70.54721073795663,3.5472107379566324,validation
img11428,6011,images/img11428.jpg,70.0,69.3301429349749,0.6698570650250986,validation
img11429,6011,images/img11429.jpg,70.0,58.14296505583569,11.857034944164312,validation
img11457,6026,images/img11457.jpg,70.0,68.1542729410884,1.8457270589116064,validation
img11458,6026,images/img11458.jpg,70.0,70.49034303816437,0.4903430381643687,validation
img11459,6027,images/img11459.jpg,74.0,75.57320057760843,1.573200577608432,validation
img11460,6027,images/img11460.jpg,74.0,70.92241562633919,3.0775843736608124,validation
img11466,6030,images/img11466.jpg,68.0,64.02981331280876,3.970186687191244,validation
img11475,6036,images/img11475.jpg,59.0,63.933510230380506,4.933510230380506,validation
img11476,6036,images/img11476.jpg,59.0,75.42454819441059,16.42454819441059,validation
img11509,6056,images/img11509.jpg,25.0,30.565804173340872,5.565804173340872,validation
img11510,6056,images/img11510.jpg,25.0,31.80613796868339,6.806137968683391,validation
img11556,6080,images/img11556.jpg,83.0,79.60818216354765,3.391817836452347,validation
img11557,6080,images/img11557.jpg,83.0,82.23871271501082,0.7612872849891801,validation
img11634,6121,images/img11634.jpg,49.0,54.535566083083026,5.535566083083026,validation
img11649,6131,images/img11649.jpg,60.0,70.82379608735188,10.82379608735188,validation
img11650,6131,images/img11650.jpg,60.0,67.08188224627732,7.081882246277317,validation
img11666,6141,images/img11666.jpg,72.0,65.2953554776927,6.704644522307305,validation
img11667,6141,images/img11667.jpg,72.0,58.47682490271461,13.523175097285396,validation
img11682,6150,images/img11682.jpg,61.0,54.59033572105539,6.409664278944611,validation
img11683,6150,images/img11683.jpg,61.0,62.042383015195654,1.0423830151956537,validation
img11707,6163,images/img11707.jpg,67.0,71.50854784423719,4.508547844237185,validation
img11708,6163,images/img11708.jpg,67.0,74.95285481982621,7.952854819826214,validation
img11740,6180,images/img11740.jpg,14.0,33.86642540564257,19.866425405642573,validation
img11741,6180,images/img11741.jpg,14.0,16.710728498298664,2.710728498298664,validation
img11788,6205,images/img11788.jpg,32.0,41.05370738625718,9.05370738625718,validation
img11789,6205,images/img11789.jpg,32.0,38.180638161886776,6.180638161886776,validation
img11821,6222,images/img11821.jpg,72.0,69.62905198931708,2.3709480106829233,validation
img11822,6222,images/img11822.jpg,72.0,79.92156689016306,7.921566890163064,validation
img11827,6225,images/img11827.jpg,88.0,79.06690784335703,8.93309215664297,validation
img11828,6225,images/img11828.jpg,88.0,79.59249918552543,8.407500814474574,validation
img11847,6235,images/img11847.jpg,39.0,40.98059831590115,1.9805983159011475,validation
img11848,6235,images/img11848.jpg,39.0,45.247857021186334,6.247857021186334,validation
img11877,6251,images/img11877.jpg,72.0,73.75817615841737,1.7581761584173703,validation
img11878,6251,images/img11878.jpg,72.0,75.2619796220915,3.261979622091502,validation
img11901,6263,images/img11901.jpg,63.0,65.64693938001864,2.6469393800186367,validation
img11902,6263,images/img11902.jpg,63.0,65.20084372290016,2.20084372290016,validation
img11982,6305,images/img11982.jpg,83.0,75.7279603792294,7.272039620770599,validation
img11983,6305,images/img11983.jpg,83.0,77.4349881909328,5.565011809067201,validation
img11986,6307,images/img11986.jpg,83.0,61.81043662346341,21.18956337653659,validation
img11987,6307,images/img11987.jpg,83.0,49.92557241587023,33.07442758412977,validation
img12008,6318,images/img12008.jpg,36.0,37.917696349004586,1.9176963490045864,validation
img12009,6318,images/img12009.jpg,36.0,36.099168889103694,0.0991688891036943,validation
img12023,6327,images/img12023.jpg,24.0,29.772537769012377,5.772537769012374,validation
img12024,6327,images/img12024.jpg,24.0,31.24265445764127,7.242654457641269,validation
img12029,6330,images/img12029.jpg,11.0,16.17143472665382,5.171434726653821,validation
img12030,6330,images/img12030.jpg,11.0,15.18845445633633,4.188454456336331,validation
img12061,6346,images/img12061.jpg,75.0,73.74066204547864,1.2593379545213566,validation
img12062,6346,images/img12062.jpg,75.0,72.9503359268767,2.049664073123296,validation
img12063,6347,images/img12063.jpg,40.0,45.69649052878171,5.696490528781709,validation
img12064,6347,images/img12064.jpg,40.0,46.90428923369592,6.90428923369592,validation
img12078,6355,images/img12078.jpg,77.0,80.1074767069628,3.1074767069627995,validation
img12079,6355,images/img12079.jpg,77.0,83.2364140449489,6.236414044948901,validation
img12080,6356,images/img12080.jpg,32.0,31.92492725701305,0.0750727429869506,validation
img12081,6356,images/img12081.jpg,32.0,29.401104211506084,2.598895788493916,validation
img12094,6363,images/img12094.jpg,25.0,35.05976915988178,10.059769159881782,validation
img12095,6363,images/img12095.jpg,25.0,31.723618020903594,6.723618020903594,validation
img12104,6368,images/img12104.jpg,25.0,30.39747935915799,5.397479359157991,validation
img12105,6368,images/img12105.jpg,25.0,27.748849036953732,2.7488490369537324,validation
img12116,6374,images/img12116.jpg,89.0,78.4879420266123,10.512057973387698,validation
img12118,6375,images/img12118.jpg,58.0,46.03758548527115,11.962414514728849,validation
img12119,6375,images/img12119.jpg,58.0,53.86814957902549,4.131850420974516,validation
img12166,6403,images/img12166.jpg,58.0,54.05673057342751,3.943269426572492,validation
img12167,6403,images/img12167.jpg,58.0,57.108961258055864,0.8910387419441363,validation
img12176,6408,images/img12176.jpg,76.0,73.66329959443509,2.336700405564912,validation
img12177,6408,images/img12177.jpg,76.0,70.89448618376818,5.10551381623182,validation
img12208,6426,images/img12208.jpg,71.0,65.72790139079532,5.272098609204676,validation
img12209,6426,images/img12209.jpg,71.0,60.43476461708545,10.565235382914553,validation
img12286,6466,images/img12286.jpg,63.0,49.829069206427576,13.170930793572424,validation
img12287,6466,images/img12287.jpg,63.0,53.67223368415834,9.327766315841655,validation
img12294,6470,images/img12294.jpg,37.0,64.85130962288248,27.85130962288248,validation
img12295,6470,images/img12295.jpg,37.0,66.60587768865247,29.60587768865247,validation
img12304,6475,images/img12304.jpg,37.0,41.89536635670544,4.895366356705438,validation
img12335,6493,images/img12335.jpg,71.0,75.97852376370044,4.978523763700437,validation
img12340,6496,images/img12340.jpg,82.0,84.65992458734681,2.659924587346808,validation
img12341,6496,images/img12341.jpg,82.0,81.97421132920988,0.0257886707901207,validation
img12348,6500,images/img12348.jpg,85.0,82.10398742703856,2.896012572961439,validation
img12349,6500,images/img12349.jpg,85.0,76.62724284249978,8.372757157500217,validation
img12404,6530,images/img12404.jpg,62.0,70.74736501761785,8.747365017617852,validation
img12405,6530,images/img12405.jpg,62.0,75.53578609610423,13.535786096104232,validation
img12422,6539,images/img12422.jpg,43.0,52.32204651706649,9.32204651706649,validation
img12423,6539,images/img12423.jpg,43.0,45.78179371438575,2.781793714385749,validation
img12470,6563,images/img12470.jpg,88.0,83.27476645142522,4.725233548574778,validation
img12471,6563,images/img12471.jpg,88.0,79.95700736678407,8.042992633215931,validation
img12548,6603,images/img12548.jpg,8.0,14.2671242125585,6.2671242125585,validation
img12549,6603,images/img12549.jpg,8.0,10.972123986426936,2.9721239864269364,validation
img12552,6605,images/img12552.jpg,48.0,48.79678080253208,0.7967808025320835,validation
img12553,6605,images/img12553.jpg,48.0,53.227027692500336,5.227027692500336,validation
img12558,6608,images/img12558.jpg,38.0,40.13002142394471,2.1300214239447115,validation
img12559,6608,images/img12559.jpg,38.0,43.98606655619088,5.9860665561908775,validation
img12584,6622,images/img12584.jpg,65.0,65.48258820494729,0.4825882049472909,validation
img12585,6622,images/img12585.jpg,65.0,63.46261681854851,1.537383181451489,validation
img12620,6640,images/img12620.jpg,51.0,45.91911465518784,5.08088534481216,validation
img12621,6640,images/img12621.jpg,51.0,45.07163400624984,5.9283659937501625,validation
img12625,6642,images/img12625.jpg,80.0,71.04302187164973,8.956978128350272,validation
img12626,6643,images/img12626.jpg,77.0,73.94122094161041,3.0587790583895895,validation
img12627,6643,images/img12627.jpg,77.0,79.53846161980601,2.5384616198060144,validation
img12646,6653,images/img12646.jpg,16.0,16.395699131150742,0.3956991311507423,validation
img12647,6653,images/img12647.jpg,16.0,20.58189385358378,4.581893853583779,validation
img12667,6664,images/img12667.jpg,34.0,39.564886728707485,5.564886728707485,validation
img12668,6664,images/img12668.jpg,34.0,39.64216847457902,5.642168474579023,validation
img12719,6691,images/img12719.jpg,73.0,58.02546950413182,14.97453049586818,validation
img12720,6691,images/img12720.jpg,73.0,71.91767071707672,1.082329282923283,validation
img12727,6695,images/img12727.jpg,58.0,62.41131471236933,4.411314712369332,validation
img12728,6695,images/img12728.jpg,58.0,63.346256864957695,5.346256864957695,validation
img12757,6710,images/img12757.jpg,51.0,52.375582947292074,1.3755829472920738,validation
img12758,6710,images/img12758.jpg,51.0,51.20071086195149,0.2007108619514923,validation
img12771,6717,images/img12771.jpg,71.0,69.9766262623872,1.0233737376128005,validation
img12772,6717,images/img12772.jpg,71.0,66.15233970594124,4.847660294058755,validation
img12777,6720,images/img12777.jpg,57.0,69.80273497255581,12.802734972555813,validation
img12778,6720,images/img12778.jpg,57.0,68.65739879895361,11.657398798953608,validation
img12789,6726,images/img12789.jpg,59.0,67.50375326446468,8.503753264464677,validation
img12790,6726,images/img12790.jpg,59.0,67.16764566948396,8.16764566948396,validation
img12817,6740,images/img12817.jpg,41.0,54.1178382939295,13.117838293929502,validation
img12818,6740,images/img12818.jpg,41.0,56.16278861269993,15.162788612699927,validation
img12823,6743,images/img12823.jpg,49.0,52.894244823423705,3.894244823423705,validation
img12824,6743,images/img12824.jpg,49.0,55.163107688500205,6.1631076885002045,validation
img12843,6754,images/img12843.jpg,39.0,37.77605222844728,1.223947771552723,validation
img12844,6754,images/img12844.jpg,39.0,33.10601909365131,5.893980906348688,validation
img12868,6767,images/img12868.jpg,45.0,47.28238860216688,2.2823886021668756,validation
img12869,6767,images/img12869.jpg,45.0,44.423547481501465,0.5764525184985345,validation
img12880,6773,images/img12880.jpg,44.0,43.91202501391489,0.0879749860851077,validation
img12881,6773,images/img12881.jpg,44.0,36.6083378193765,7.391662180623499,validation
img12882,6774,images/img12882.jpg,51.0,45.08578467661412,5.914215323385882,validation
img12883,6774,images/img12883.jpg,51.0,46.799024605342176,4.200975394657824,validation
img12938,6805,images/img12938.jpg,63.0,63.365955470593114,0.3659554705931143,validation
img12939,6805,images/img12939.jpg,63.0,67.59892756509508,4.598927565095082,validation
img12940,6806,images/img12940.jpg,48.0,45.14964100805912,2.8503589919408796,validation
img12941,6806,images/img12941.jpg,48.0,43.87252419465294,4.127475805347061,validation
img12944,6808,images/img12944.jpg,62.0,74.46842202477747,12.468422024777468,validation
img12945,6808,images/img12945.jpg,62.0,67.52019094490632,5.520190944906318,validation
img12952,6812,images/img12952.jpg,48.0,44.537963421996,3.462036578004003,validation
img12953,6812,images/img12953.jpg,48.0,38.16715167327601,9.83284832672399,validation
img12963,6818,images/img12963.jpg,76.0,75.41279359516696,0.5872064048330401,validation
img12964,6818,images/img12964.jpg,76.0,68.74405761332551,7.255942386674491,validation
img12968,6821,images/img12968.jpg,51.0,54.35197408610539,3.3519740861053933,validation
img12969,6821,images/img12969.jpg,51.0,50.19123802830808,0.8087619716919221,validation
img12994,6835,images/img12994.jpg,66.0,58.67920464112691,7.320795358873092,validation
img13033,6856,images/img13033.jpg,77.0,61.405698549868546,15.594301450131454,validation
img13034,6856,images/img13034.jpg,77.0,53.26348189151854,23.736518108481462,validation
img13044,6862,images/img13044.jpg,60.0,63.88761516215163,3.887615162151633,validation
img13045,6862,images/img13045.jpg,60.0,60.578045198597025,0.5780451985970245,validation
img13052,6866,images/img13052.jpg,68.0,72.39619676602196,4.3961967660219585,validation
img13096,6889,images/img13096.jpg,85.0,77.85205725138498,7.147942748615023,validation
img13097,6889,images/img13097.jpg,85.0,78.88280843987557,6.117191560124425,validation
img13112,6897,images/img13112.jpg,64.0,63.75899838321292,0.2410016167870807,validation
img13113,6897,images/img13113.jpg,64.0,66.51567657159518,2.515676571595179,validation
img13129,6906,images/img13129.jpg,83.0,61.8832708599904,21.116729140009603,validation
img13182,6936,images/img13182.jpg,26.0,24.698045211587107,1.3019547884128926,validation
img13183,6936,images/img13183.jpg,26.0,31.869186157797763,5.869186157797763,validation
img13226,6961,images/img13226.jpg,70.0,62.50384809983696,7.496151900163042,validation
img13227,6961,images/img13227.jpg,70.0,70.0713534127402,0.0713534127401942,validation
img13233,6965,images/img13233.jpg,79.0,70.8591264123192,8.140873587680801,validation
img13234,6965,images/img13234.jpg,79.0,71.655304746503,7.344695253496994,validation
img13276,6988,images/img13276.jpg,56.0,64.8821248206584,8.882124820658404,validation
img13323,7012,images/img13323.jpg,37.0,45.35894878108199,8.358948781081992,validation
img13324,7012,images/img13324.jpg,37.0,39.35733701970212,2.357337019702122,validation
img13342,7022,images/img13342.jpg,75.0,71.58096328635801,3.4190367136419866,validation
img13343,7022,images/img13343.jpg,75.0,71.68299752661011,3.3170024733898913,validation
img13344,7023,images/img13344.jpg,45.0,55.63939389626929,10.63939389626929,validation
img13345,7023,images/img13345.jpg,45.0,62.0011879326265,17.0011879326265,validation
img13358,7030,images/img13358.jpg,55.0,54.36141413735823,0.6385858626417686,validation
img13359,7030,images/img13359.jpg,55.0,53.15161579821566,1.8483842017843417,validation
img13360,7031,images/img13360.jpg,19.0,20.335302472308634,1.3353024723086335,validation
img13361,7031,images/img13361.jpg,19.0,28.33349475283196,9.33349475283196,validation
img13415,7060,images/img13415.jpg,82.0,79.1174554556918,2.882544544308203,validation
img13423,7065,images/img13423.jpg,68.0,71.54739975029169,3.5473997502916887,validation
img13424,7065,images/img13424.jpg,68.0,77.11394737907983,9.113947379079832,validation
img13437,7072,images/img13437.jpg,64.0,57.978354588133975,6.021645411866025,validation
img13438,7072,images/img13438.jpg,64.0,70.67727148510824,6.6772714851082355,validation
img13442,7075,images/img13442.jpg,53.0,58.164141847586336,5.164141847586336,validation
img13443,7075,images/img13443.jpg,53.0,52.14355830426128,0.8564416957387166,validation
img13478,7094,images/img13478.jpg,67.0,75.55693521361515,8.556935213615148,validation
img13479,7094,images/img13479.jpg,67.0,76.80920464953314,9.809204649533145,validation
img13482,7096,images/img13482.jpg,74.0,64.15332112717549,9.846678872824512,validation
img13483,7096,images/img13483.jpg,74.0,72.02474248691745,1.9752575130825536,validation
img13513,7112,images/img13513.jpg,33.0,36.34030067455275,3.3403006745527506,validation
img13514,7112,images/img13514.jpg,33.0,43.68812923574423,10.688129235744228,validation
img13539,7125,images/img13539.jpg,40.0,43.31721371819347,3.3172137181934715,validation
img13540,7125,images/img13540.jpg,40.0,45.47933472308512,5.479334723085124,validation
img13543,7127,images/img13543.jpg,45.0,49.450030277068855,4.450030277068855,validation
img13544,7127,images/img13544.jpg,45.0,46.49390997763793,1.4939099776379263,validation
img13585,7149,images/img13585.jpg,66.0,67.44594545847941,1.4459454584794145,validation
img13586,7149,images/img13586.jpg,66.0,62.58931378639547,3.410686213604528,validation
img13597,7155,images/img13597.jpg,52.0,48.81650994525962,3.183490054740382,validation
img13598,7155,images/img13598.jpg,52.0,49.27510672446292,2.7248932755370774,validation
img13611,7162,images/img13611.jpg,55.0,54.62602431154984,0.3739756884501588,validation
img13612,7162,images/img13612.jpg,55.0,57.099339892818584,2.099339892818584,validation
img13623,7168,images/img13623.jpg,47.0,71.09681623124264,24.09681623124264,validation
img13624,7168,images/img13624.jpg,47.0,49.707817865046096,2.7078178650460956,validation
img13627,7170,images/img13627.jpg,50.0,55.88145133732309,5.881451337323092,validation
img13628,7170,images/img13628.jpg,50.0,53.226257994187456,3.2262579941874563,validation
img13657,7185,images/img13657.jpg,58.0,58.109249106961386,0.1092491069613856,validation
img13658,7185,images/img13658.jpg,58.0,57.07546493085744,0.9245350691425572,validation
img13690,7202,images/img13690.jpg,56.0,56.38826264049301,0.3882626404930107,validation
img13691,7202,images/img13691.jpg,56.0,52.80107097497948,3.1989290250205187,validation
img13697,7206,images/img13697.jpg,38.0,40.24349943946712,2.243499439467122,validation
img13698,7206,images/img13698.jpg,38.0,45.271208081160864,7.271208081160864,validation
img13707,7211,images/img13707.jpg,36.0,23.49641936172197,12.50358063827803,validation
img13732,7224,images/img13732.jpg,37.0,42.084000518366054,5.084000518366054,validation
img13733,7224,images/img13733.jpg,37.0,61.69614610316864,24.696146103168637,validation
img13742,7229,images/img13742.jpg,47.0,49.2249042903301,2.2249042903301017,validation
img13743,7229,images/img13743.jpg,47.0,59.33028352825,12.33028352825,validation
img13752,7234,images/img13752.jpg,64.0,62.13176726503886,1.86823273496114,validation
img13753,7234,images/img13753.jpg,64.0,64.40789414090236,0.4078941409023571,validation
img13764,7240,images/img13764.jpg,63.0,66.61574444123711,3.615744441237112,validation
img13765,7240,images/img13765.jpg,63.0,65.14437191469496,2.1443719146949576,validation
img13766,7241,images/img13766.jpg,34.0,43.89405611642573,9.89405611642573,validation
img13767,7241,images/img13767.jpg,34.0,35.784776438448475,1.7847764384484748,validation
img13805,7261,images/img13805.jpg,46.0,40.99262229592166,5.007377704078337,validation
img13806,7261,images/img13806.jpg,46.0,41.76771913044139,4.232280869558608,validation
img13811,7264,images/img13811.jpg,68.0,59.07027082233744,8.929729177662558,validation
img13812,7264,images/img13812.jpg,68.0,59.39569316160377,8.604306838396226,validation
img13827,7272,images/img13827.jpg,26.0,24.161482328465745,1.8385176715342553,validation
img13828,7272,images/img13828.jpg,26.0,26.755944211698676,0.7559442116986759,validation
img13829,7273,images/img13829.jpg,57.0,57.35602657772717,0.3560265777271709,validation
img13830,7273,images/img13830.jpg,57.0,51.49639770777027,5.503602292229729,validation
img13859,7288,images/img13859.jpg,63.0,62.05289159201993,0.9471084079800676,validation
img13860,7288,images/img13860.jpg,63.0,61.809963298535614,1.1900367014643862,validation
img13903,7311,images/img13903.jpg,69.0,69.38660165585489,0.3866016558548892,validation
img13904,7311,images/img13904.jpg,69.0,71.4831802455726,2.4831802455725978,validation
img13945,7332,images/img13945.jpg,67.0,68.68211312196902,1.6821131219690244,validation
img13946,7332,images/img13946.jpg,67.0,62.18206294636368,4.817937053636321,validation
img13953,7336,images/img13953.jpg,86.0,77.61932752870945,8.380672471290552,validation
img13954,7336,images/img13954.jpg,86.0,78.00550395804497,7.994496041955031,validation
img13983,7351,images/img13983.jpg,92.0,81.30092297858269,10.69907702141731,validation
img13984,7351,images/img13984.jpg,92.0,83.41227497722173,8.587725022778272,validation
img14005,7362,images/img14005.jpg,70.0,71.99089430152819,1.9908943015281864,validation
img14006,7362,images/img14006.jpg,70.0,73.73459061719981,3.7345906171998138,validation
img14007,7363,images/img14007.jpg,74.0,80.68660829649329,6.68660829649329,validation
img14045,7382,images/img14045.jpg,45.0,48.75606613385853,3.756066133858532,validation
img14046,7382,images/img14046.jpg,45.0,54.27187420287576,9.271874202875756,validation
img14058,7389,images/img14058.jpg,60.0,58.265790420724166,1.7342095792758343,validation
img14059,7389,images/img14059.jpg,60.0,52.40510522640004,7.594894773599961,validation
img14089,7405,images/img14089.jpg,63.0,57.66002966891104,5.339970331088956,validation
img14090,7405,images/img14090.jpg,63.0,59.58938175731474,3.41061824268526,validation
img14132,7426,images/img14132.jpg,63.0,62.40915966615432,0.5908403338456836,validation
img14133,7426,images/img14133.jpg,63.0,63.18203874435914,0.18203874435914,validation
img14154,7438,images/img14154.jpg,47.0,49.36980333772381,2.369803337723809,validation
img14155,7438,images/img14155.jpg,47.0,39.893204093367416,7.106795906632584,validation
img14173,7448,images/img14173.jpg,57.0,56.44775366735483,0.5522463326451685,validation
img14174,7448,images/img14174.jpg,57.0,47.36124191767193,9.638758082328067,validation
img14183,7453,images/img14183.jpg,31.0,53.20236817265917,22.20236817265917,validation
img14184,7453,images/img14184.jpg,31.0,64.60223328573642,33.60223328573642,validation
img14203,7463,images/img14203.jpg,34.0,46.412279967971216,12.412279967971216,validation
img14204,7463,images/img14204.jpg,34.0,36.00379718798497,2.003797187984972,validation
img14231,7477,images/img14231.jpg,53.0,58.18756325193378,5.187563251933781,validation
img14232,7477,images/img14232.jpg,53.0,63.39881774415122,10.398817744151224,validation
img14269,7496,images/img14269.jpg,88.0,75.97329537728608,12.026704622713922,validation
img14270,7496,images/img14270.jpg,88.0,76.98833741310406,11.011662586895936,validation
img14321,7521,images/img14321.jpg,68.0,60.69709078037837,7.302909219621632,validation
img14322,7521,images/img14322.jpg,68.0,64.59315886163114,3.4068411383688613,validation
img14346,7534,images/img14346.jpg,67.0,71.77872476672991,4.778724766729908,validation
img14347,7534,images/img14347.jpg,67.0,70.29491873594976,3.2949187359497643,validation
img14350,7536,images/img14350.jpg,79.0,78.97513515666621,0.0248648433337876,validation
img14351,7536,images/img14351.jpg,79.0,70.97891251858434,8.021087481415663,validation
img14362,7542,images/img14362.jpg,87.0,79.98323872891137,7.016761271088626,validation
img14372,7547,images/img14372.jpg,47.0,53.14281130019248,6.142811300192477,validation
img14373,7547,images/img14373.jpg,47.0,50.818177071461186,3.818177071461186,validation
img14374,7548,images/img14374.jpg,53.0,57.796166888414746,4.796166888414746,validation
img14375,7548,images/img14375.jpg,53.0,55.9679370172888,2.967937017288797,validation
img14394,7559,images/img14394.jpg,89.0,79.48026228467543,9.519737715324569,validation
img14395,7559,images/img14395.jpg,89.0,81.96440456019906,7.035595439800943,validation
img14426,7575,images/img14426.jpg,61.0,61.53964459668666,0.5396445966866565,validation
img14427,7575,images/img14427.jpg,61.0,64.25256667655117,3.2525666765511687,validation
img14429,7576,images/img14429.jpg,59.0,55.65398081080665,3.346019189193349,validation
img14440,7582,images/img14440.jpg,64.0,62.609760550787726,1.3902394492122738,validation
img14441,7582,images/img14441.jpg,64.0,64.77992589823097,0.7799258982309709,validation
img14456,7590,images/img14456.jpg,91.0,83.80730716327078,7.192692836729222,validation
img14457,7590,images/img14457.jpg,91.0,80.58498521637433,10.415014783625663,validation
img14504,7614,images/img14504.jpg,67.0,68.15463066131032,1.1546306613103212,validation
img14505,7614,images/img14505.jpg,67.0,68.30164276641739,1.3016427664173875,validation
img14645,7685,images/img14645.jpg,63.0,56.555241027933576,6.444758972066424,validation
img14646,7685,images/img14646.jpg,63.0,54.76155965042099,8.238440349579008,validation
img14649,7687,images/img14649.jpg,46.0,41.15538935933951,4.844610640660491,validation
img14650,7687,images/img14650.jpg,46.0,54.01741652120216,8.017416521202158,validation
img14659,7692,images/img14659.jpg,53.0,51.64178862046913,1.3582113795308717,validation
img14660,7692,images/img14660.jpg,53.0,49.479571641859394,3.520428358140606,validation
img14675,7700,images/img14675.jpg,57.0,61.52678084663296,4.52678084663296,validation
img14676,7700,images/img14676.jpg,57.0,59.48479276212405,2.4847927621240515,validation
img14679,7702,images/img14679.jpg,77.0,70.20532290768261,6.794677092317386,validation
img14680,7702,images/img14680.jpg,77.0,69.93782779624391,7.0621722037560914,validation
img14681,7703,images/img14681.jpg,58.0,75.18186119848451,17.181861198484512,validation
img14682,7703,images/img14682.jpg,58.0,62.22747432886565,4.227474328865647,validation
img14689,7707,images/img14689.jpg,66.0,71.9167895038471,5.916789503847099,validation
img14690,7707,images/img14690.jpg,66.0,66.39044068499783,0.3904406849978272,validation
img14729,7728,images/img14729.jpg,87.0,76.02464786012018,10.975352139879815,validation
img14730,7728,images/img14730.jpg,87.0,76.27686897244892,10.723131027551076,validation
img14778,7753,images/img14778.jpg,60.0,59.52402365530391,0.4759763446960932,validation
img14779,7753,images/img14779.jpg,60.0,62.30493438954293,2.304934389542929,validation
img14811,7770,images/img14811.jpg,79.0,68.58617757525658,10.413822424743415,validation
img14854,7793,images/img14854.jpg,66.0,58.17043535141453,7.8295646485854675,validation
img14855,7793,images/img14855.jpg,66.0,60.28944513936993,5.710554860630069,validation
img14915,7823,images/img14915.jpg,67.0,59.96807905295542,7.031920947044583,validation
img14916,7823,images/img14916.jpg,67.0,51.42064881486189,15.579351185138108,validation
img14931,7831,images/img14931.jpg,73.0,71.66436226614657,1.3356377338534315,validation
img14937,7834,images/img14937.jpg,69.0,63.13163781912757,5.868362180872431,validation
img14938,7834,images/img14938.jpg,69.0,61.48306481804862,7.516935181951382,validation
img14959,7845,images/img14959.jpg,63.0,58.71750906074419,4.282490939255808,validation
img14960,7845,images/img14960.jpg,63.0,65.28101340519748,2.281013405197484,validation
img14989,7861,images/img14989.jpg,60.0,63.22681102914755,3.226811029147548,validation
img14990,7861,images/img14990.jpg,60.0,63.365022998673155,3.3650229986731546,validation
img14999,7866,images/img14999.jpg,68.0,66.55980266970221,1.4401973302977922,validation
img15000,7866,images/img15000.jpg,68.0,63.97639848564642,4.0236015143535795,validation
img15005,7869,images/img15005.jpg,49.0,57.130352082103926,8.130352082103926,validation
img15006,7869,images/img15006.jpg,49.0,53.294941640060195,4.294941640060195,validation
img15007,7870,images/img15007.jpg,61.0,62.141683095092965,1.141683095092965,validation
img15008,7870,images/img15008.jpg,61.0,55.31721884956632,5.682781150433684,validation
img15021,7877,images/img15021.jpg,57.0,49.62189412210584,7.378105877894157,validation
img15022,7877,images/img15022.jpg,57.0,57.25503223452266,0.255032234522659,validation
img15027,7880,images/img15027.jpg,59.0,57.585177325941494,1.414822674058506,validation
img15028,7880,images/img15028.jpg,59.0,57.567592664140406,1.432407335859594,validation
img15053,7893,images/img15053.jpg,74.0,70.25861122403475,3.741388775965248,validation
img15054,7893,images/img15054.jpg,74.0,80.8962672460755,6.896267246075496,validation
img15064,7899,images/img15064.jpg,64.0,59.36131984729116,4.638680152708837,validation
img15065,7899,images/img15065.jpg,64.0,60.43774961783974,3.562250382160258,validation
img15072,7903,images/img15072.jpg,64.0,68.5552707662043,4.555270766204302,validation
img15073,7903,images/img15073.jpg,64.0,66.75007274701187,2.7500727470118704,validation
img15082,7908,images/img15082.jpg,54.0,79.43658333684581,25.436583336845818,validation
img15083,7908,images/img15083.jpg,54.0,84.72936593481766,30.729365934817665,validation
img15098,7917,images/img15098.jpg,58.0,56.77723396355179,1.2227660364482134,validation
img15099,7917,images/img15099.jpg,58.0,55.75480038368932,2.2451996163106784,validation
img15110,7923,images/img15110.jpg,73.0,74.38096052112712,1.380960521127122,validation
img15111,7923,images/img15111.jpg,73.0,72.5992531600446,0.4007468399554028,validation
img15140,7938,images/img15140.jpg,42.0,48.823905919908974,6.823905919908974,validation
img15141,7938,images/img15141.jpg,42.0,45.55738316809085,3.557383168090851,validation
img15174,7957,images/img15174.jpg,57.0,55.79724775968782,1.2027522403121793,validation
img15175,7957,images/img15175.jpg,57.0,60.19907770422165,3.1990777042216507,validation
img15188,7964,images/img15188.jpg,39.0,53.4045738905443,14.4045738905443,validation
img15189,7964,images/img15189.jpg,39.0,58.520383201765114,19.520383201765114,validation
img15190,7965,images/img15190.jpg,75.0,68.0959863571232,6.904013642876805,validation
img15191,7965,images/img15191.jpg,75.0,72.29260840590327,2.707391594096734,validation
img15192,7966,images/img15192.jpg,71.0,67.02912723842677,3.970872761573233,validation
img15193,7966,images/img15193.jpg,71.0,50.5021748798073,20.4978251201927,validation
img15211,7977,images/img15211.jpg,58.0,57.78336693907136,0.2166330609286362,validation
img15212,7978,images/img15212.jpg,47.0,43.85102935363486,3.148970646365143,validation
img15213,7978,images/img15213.jpg,47.0,41.3915730452554,5.608426954744601,validation
img15226,7985,images/img15226.jpg,65.0,74.21897651599994,9.21897651599994,validation
img15227,7985,images/img15227.jpg,65.0,62.988831107849,2.011168892150998,validation
img15246,7995,images/img15246.jpg,78.0,60.14516419543896,17.85483580456104,validation
img15247,7995,images/img15247.jpg,78.0,53.883687778512765,24.116312221487235,validation
img15257,8001,images/img15257.jpg,40.0,35.13410734819547,4.865892651804529,validation
img15258,8001,images/img15258.jpg,40.0,35.05333673954972,4.946663260450279,validation
img15271,8008,images/img15271.jpg,77.0,70.56585472330363,6.43414527669637,validation
img15272,8008,images/img15272.jpg,77.0,67.50475117301059,9.49524882698941,validation
img15283,8014,images/img15283.jpg,76.0,57.916873878864,18.083126121135997,validation
img15284,8014,images/img15284.jpg,76.0,64.0030693637781,11.996930636221904,validation
img15300,8023,images/img15300.jpg,64.0,60.42190522947348,3.578094770526519,validation
img15301,8023,images/img15301.jpg,64.0,61.1496450324793,2.850354967520701,validation
img15340,8045,images/img15340.jpg,64.0,65.20768185031318,1.207681850313179,validation
img15341,8045,images/img15341.jpg,64.0,66.39142223438726,2.391422234387264,validation
img15375,8063,images/img15375.jpg,54.0,71.46288071358876,17.46288071358876,validation
img15376,8063,images/img15376.jpg,54.0,67.09156904814056,13.091569048140556,validation
img15381,8066,images/img15381.jpg,54.0,60.516689091568985,6.516689091568985,validation
img15388,8070,images/img15388.jpg,62.0,63.15380883861393,1.1538088386139265,validation
img15389,8070,images/img15389.jpg,62.0,58.4088929600826,3.5911070399173965,validation
img15404,8078,images/img15404.jpg,58.0,62.6553922365971,4.655392236597102,validation
img15405,8078,images/img15405.jpg,58.0,65.2511039593859,7.251103959385901,validation
img15410,8081,images/img15410.jpg,51.0,58.6884061213476,7.688406121347597,validation
img15411,8081,images/img15411.jpg,51.0,51.973966200755605,0.9739662007556048,validation
img15412,8082,images/img15412.jpg,53.0,50.76112614911623,2.2388738508837704,validation
img15413,8082,images/img15413.jpg,53.0,55.98894885421149,2.9889488542114933,validation
img15422,8088,images/img15422.jpg,72.0,59.93520096554603,12.06479903445397,validation
img15423,8088,images/img15423.jpg,72.0,57.204742278902614,14.795257721097386,validation
img15424,8089,images/img15424.jpg,68.0,63.834386284068074,4.165613715931926,validation
img15425,8089,images/img15425.jpg,68.0,66.4504907860327,1.5495092139672977,validation
img15428,8091,images/img15428.jpg,71.0,63.28370708481106,7.716292915188937,validation
img15429,8091,images/img15429.jpg,71.0,65.45640264845818,5.54359735154182,validation
img15446,8100,images/img15446.jpg,87.0,73.97504840540145,13.024951594598548,validation
img15447,8100,images/img15447.jpg,87.0,78.11867005898362,8.881329941016375,validation
img15476,8115,images/img15476.jpg,53.0,56.51745757928737,3.517457579287367,validation
img15477,8115,images/img15477.jpg,53.0,56.11493480813392,3.114934808133924,validation
img15505,8130,images/img15505.jpg,45.0,48.22818123795017,3.2281812379501673,validation
img15506,8130,images/img15506.jpg,45.0,55.08042087732421,10.080420877324208,validation
img15511,8133,images/img15511.jpg,71.0,66.70106725782894,4.298932742171061,validation
img15512,8133,images/img15512.jpg,71.0,49.51208492007904,21.48791507992096,validation
img15513,8134,images/img15513.jpg,57.0,62.7479512534099,5.7479512534099015,validation
img15514,8134,images/img15514.jpg,57.0,61.55072792520896,4.55072792520896,validation
img15523,8139,images/img15523.jpg,91.0,70.30485201577079,20.69514798422921,validation
img15524,8139,images/img15524.jpg,91.0,75.28579201027907,15.714207989720933,validation
img15554,8155,images/img15554.jpg,59.0,68.92620482413243,9.926204824132428,validation
img15555,8155,images/img15555.jpg,59.0,70.89011719837478,11.890117198374782,validation
img15585,8171,images/img15585.jpg,64.0,59.92749062243946,4.072509377560543,validation
img15586,8171,images/img15586.jpg,64.0,69.28193795384956,5.281937953849564,validation
img15587,8172,images/img15587.jpg,77.0,71.57835018376127,5.421649816238727,validation
img15588,8172,images/img15588.jpg,77.0,66.57176121309676,10.428238786903236,validation
img15598,8178,images/img15598.jpg,72.0,75.2066245989694,3.206624598969398,validation
img15599,8178,images/img15599.jpg,72.0,77.83786840965556,5.837868409655556,validation
img15608,8183,images/img15608.jpg,65.0,65.21660795139961,0.2166079513996095,validation
img15609,8183,images/img15609.jpg,65.0,65.34983583124779,0.3498358312477876,validation
img15612,8185,images/img15612.jpg,76.0,76.71457020106692,0.7145702010669197,validation
img15617,8188,images/img15617.jpg,43.0,44.71668829726511,1.716688297265108,validation
img15618,8188,images/img15618.jpg,43.0,47.45652309812475,4.456523098124748,validation
img15621,8190,images/img15621.jpg,51.0,56.6988982108602,5.6988982108602,validation
img15622,8190,images/img15622.jpg,51.0,55.88919657996352,4.889196579963517,validation
img15636,8198,images/img15636.jpg,71.0,67.98389777929204,3.016102220707964,validation
img15637,8198,images/img15637.jpg,71.0,73.5966851092058,2.5966851092057937,validation
img15640,8200,images/img15640.jpg,60.0,56.130491139019654,3.8695088609803463,validation
img15641,8200,images/img15641.jpg,60.0,59.28581797764579,0.7141820223542084,validation
img15734,8249,images/img15734.jpg,68.0,68.48525139520412,0.4852513952041164,validation
img15735,8249,images/img15735.jpg,68.0,66.03517106471458,1.964828935285425,validation
img15751,8259,images/img15751.jpg,76.0,69.05272435920905,6.947275640790949,validation
img15752,8259,images/img15752.jpg,76.0,68.20896923550916,7.791030764490841,validation
img15771,8270,images/img15771.jpg,45.0,48.29824968641983,3.2982496864198296,validation
img15772,8270,images/img15772.jpg,45.0,34.54550053522567,10.45449946477433,validation
img15788,8279,images/img15788.jpg,74.0,84.00804273829263,10.00804273829263,validation
img15789,8279,images/img15789.jpg,74.0,77.41715889157902,3.417158891579021,validation
img15798,8284,images/img15798.jpg,58.0,63.689104977717705,5.6891049777177045,validation
img15799,8284,images/img15799.jpg,58.0,59.09130378983727,1.0913037898372693,validation
img15802,8286,images/img15802.jpg,59.0,62.362360481876735,3.3623604818767348,validation
img15803,8286,images/img15803.jpg,59.0,53.958888912331325,5.041111087668675,validation
img15812,8291,images/img15812.jpg,70.0,71.621452198672,1.621452198672003,validation
img15813,8291,images/img15813.jpg,70.0,80.28046060891417,10.280460608914169,validation
img15814,8292,images/img15814.jpg,48.0,70.53101299181017,22.531012991810172,validation
img15815,8292,images/img15815.jpg,48.0,48.17757800448333,0.1775780044833297,validation
img15816,8293,images/img15816.jpg,68.0,75.8293915119122,7.829391511912206,validation
img15817,8293,images/img15817.jpg,68.0,70.47759162098524,2.477591620985237,validation
img15818,8294,images/img15818.jpg,73.0,66.47159409790545,6.528405902094548,validation
img15819,8294,images/img15819.jpg,73.0,76.9412383109575,3.9412383109575018,validation
img15829,8300,images/img15829.jpg,15.0,17.971482883383047,2.9714828833830467,validation
img15830,8300,images/img15830.jpg,15.0,15.821462201242198,0.8214622012421984,validation
img15886,8330,images/img15886.jpg,71.0,74.19797790272875,3.197977902728752,validation
img15887,8330,images/img15887.jpg,71.0,66.64508186187673,4.354918138123267,validation
img15917,8346,images/img15917.jpg,60.0,70.03364991947134,10.033649919471344,validation
img15918,8346,images/img15918.jpg,60.0,56.971196745541846,3.028803254458154,validation
img15962,8369,images/img15962.jpg,73.0,61.88964547796952,11.110354522030477,validation
img15963,8369,images/img15963.jpg,73.0,76.06750666890441,3.0675066689044144,validation
img15971,8373,images/img15971.jpg,75.0,67.55803621753144,7.441963782468562,validation
img15972,8373,images/img15972.jpg,75.0,78.47810908295108,3.478109082951079,validation
img15975,8375,images/img15975.jpg,73.0,65.23793811024235,7.762061889757646,validation
img15977,8377,images/img15977.jpg,67.0,65.1415150606665,1.8584849393334937,validation
img15978,8377,images/img15978.jpg,67.0,59.87183513614313,7.128164863856867,validation
img15985,8381,images/img15985.jpg,89.0,84.52679813426887,4.473201865731127,validation
img15986,8381,images/img15986.jpg,89.0,79.38527229720815,9.614727702791852,validation
img15991,8384,images/img15991.jpg,73.0,69.60935011185036,3.390649888149639,validation
img15992,8384,images/img15992.jpg,73.0,76.26124488739006,3.2612448873900632,validation
img15994,8386,images/img15994.jpg,70.0,79.11658078612477,9.116580786124771,validation
img15995,8386,images/img15995.jpg,70.0,66.74198587065341,3.2580141293465914,validation
img16010,8395,images/img16010.jpg,54.0,58.217174006813096,4.217174006813096,validation
img16011,8395,images/img16011.jpg,54.0,56.57907890914001,2.5790789091400086,validation
img16045,8413,images/img16045.jpg,59.0,61.958753643953195,2.9587536439531945,validation
img16046,8413,images/img16046.jpg,59.0,62.95994847175981,3.959948471759809,validation
img16053,8417,images/img16053.jpg,43.0,43.983052108954894,0.9830521089548938,validation
img16054,8417,images/img16054.jpg,43.0,46.50449653310814,3.5044965331081386,validation
img16069,8425,images/img16069.jpg,65.0,58.52633125473876,6.473668745261243,validation
img16070,8425,images/img16070.jpg,65.0,60.647975139541735,4.352024860458265,validation
img16096,8439,images/img16096.jpg,80.0,87.95541995061481,7.955419950614811,validation
img16097,8439,images/img16097.jpg,80.0,85.47455823127275,5.474558231272752,validation
img16100,8441,images/img16100.jpg,80.0,79.81533707157638,0.1846629284236201,validation
img16101,8441,images/img16101.jpg,80.0,81.91005944233763,1.9100594423376265,validation
img16138,8460,images/img16138.jpg,67.0,61.96581043875798,5.034189561242023,validation
img16139,8460,images/img16139.jpg,67.0,58.70231549415364,8.297684505846362,validation
img16142,8462,images/img16142.jpg,62.0,70.03881505048061,8.038815050480608,validation
img16143,8462,images/img16143.jpg,62.0,61.46888960894961,0.5311103910503903,validation
img16158,8470,images/img16158.jpg,48.0,56.46460121282972,8.46460121282972,validation
img16167,8475,images/img16167.jpg,45.0,52.94422313711261,7.944223137112608,validation
img16168,8475,images/img16168.jpg,45.0,54.69806158450313,9.69806158450313,validation
img16179,8481,images/img16179.jpg,62.0,59.27817279851256,2.721827201487436,validation
img16180,8481,images/img16180.jpg,62.0,59.61732374190572,2.3826762580942784,validation
img16183,8483,images/img16183.jpg,79.0,71.1954575824386,7.804542417561393,validation
img16184,8483,images/img16184.jpg,79.0,68.6591961249467,10.340803875053297,validation
img16207,8495,images/img16207.jpg,49.0,45.386661192176895,3.613338807823105,validation
img16208,8495,images/img16208.jpg,49.0,43.96861460804682,5.0313853919531795,validation
img16211,8497,images/img16211.jpg,49.0,51.77384027696563,2.773840276965629,validation
img16233,8508,images/img16233.jpg,19.0,19.83989922691736,0.8398992269173604,validation
img16234,8508,images/img16234.jpg,19.0,21.776980403294445,2.776980403294445,validation
img16241,8512,images/img16241.jpg,22.0,23.16784897544165,1.1678489754416503,validation
img16242,8512,images/img16242.jpg,22.0,25.00886046002308,3.0088604600230795,validation
img00003,2,images/img00003.jpg,18.0,17.12562288154804,0.8743771184519602,test
img00004,2,images/img00004.jpg,18.0,18.504014870345152,0.5040148703451521,test
img00009,5,images/img00009.jpg,23.0,19.589281311924687,3.4107186880753133,test
img00010,5,images/img00010.jpg,23.0,20.86883782086882,2.131162179131181,test
img00051,26,images/img00051.jpg,13.0,12.862474686983704,0.1375253130162974,test
img00052,26,images/img00052.jpg,13.0,14.594412040969964,1.5944120409699636,test
img00068,35,images/img00068.jpg,20.0,20.81937645652502,0.8193764565250206,test
img00069,35,images/img00069.jpg,20.0,20.693895182580313,0.693895182580313,test
img00110,56,images/img00110.jpg,15.0,16.203263101521735,1.2032631015217348,test
img00111,56,images/img00111.jpg,15.0,17.34791546238263,2.3479154623826304,test
img00128,65,images/img00128.jpg,30.0,30.68029863778656,0.6802986377865601,test
img00129,65,images/img00129.jpg,30.0,31.644295742912476,1.644295742912476,test
img00156,79,images/img00156.jpg,20.0,28.82578757726917,8.825787577269171,test
img00157,79,images/img00157.jpg,20.0,27.651765077455664,7.651765077455664,test
img00164,83,images/img00164.jpg,22.0,21.55967409335815,0.4403259066418457,test
img00165,83,images/img00165.jpg,22.0,24.16444442640096,2.164444426400962,test
img00217,110,images/img00217.jpg,22.0,26.075010681938252,4.075010681938252,test
img00218,110,images/img00218.jpg,22.0,26.70634543044035,4.706345430440354,test
img00221,112,images/img00221.jpg,26.0,34.23846534254944,8.23846534254944,test
img00222,112,images/img00222.jpg,26.0,34.323772890595215,8.323772890595215,test
img00225,114,images/img00225.jpg,13.0,22.268843527221172,9.268843527221172,test
img00226,114,images/img00226.jpg,13.0,18.808618001756464,5.808618001756464,test
img00231,117,images/img00231.jpg,19.0,22.372750345586212,3.372750345586212,test
img00232,117,images/img00232.jpg,19.0,27.89894538836447,8.89894538836447,test
img00273,138,images/img00273.jpg,13.0,13.47358733684269,0.4735873368426908,test
img00274,138,images/img00274.jpg,13.0,10.24515797152312,2.7548420284768795,test
img00287,145,images/img00287.jpg,15.0,16.878054313325194,1.878054313325194,test
img00288,145,images/img00288.jpg,15.0,18.480536208949992,3.4805362089499923,test
img00291,147,images/img00291.jpg,10.0,13.239743010304936,3.2397430103049345,test
img00292,147,images/img00292.jpg,10.0,14.00760255399326,4.007602553993259,test
img00293,148,images/img00293.jpg,19.0,16.57056324548809,2.4294367545119115,test
img00294,148,images/img00294.jpg,19.0,17.269365336577863,1.730634663422137,test
img00299,151,images/img00299.jpg,23.0,23.48526023577459,0.4852602357745894,test
img00300,151,images/img00300.jpg,23.0,26.436242669457062,3.436242669457066,test
img00305,154,images/img00305.jpg,28.0,31.689102381929512,3.689102381929512,test
img00306,154,images/img00306.jpg,28.0,30.65298320888916,2.652983208889161,test
img00311,157,images/img00311.jpg,25.0,22.5562171950167,2.4437828049833,test
img00312,157,images/img00312.jpg,25.0,23.358478954194105,1.641521045805895,test
img00317,160,images/img00317.jpg,24.0,25.2393086256734,1.2393086256734025,test
img00318,160,images/img00318.jpg,24.0,29.947268828876933,5.947268828876933,test
img00344,174,images/img00344.jpg,76.0,79.92825451333638,3.928254513336384,test
img00345,174,images/img00345.jpg,76.0,81.68707323326782,5.687073233267824,test
img00394,202,images/img00394.jpg,74.0,68.2184062875833,5.781593712416694,test
img00395,202,images/img00395.jpg,74.0,65.28408347356553,8.71591652643447,test
img00424,218,images/img00424.jpg,38.0,39.01682881162547,1.016828811625473,test
img00425,218,images/img00425.jpg,38.0,39.603520512675445,1.6035205126754448,test
img00427,220,images/img00427.jpg,49.0,52.949518050763366,3.9495180507633663,test
img00428,220,images/img00428.jpg,49.0,49.71522529110499,0.7152252911049928,test
img00441,227,images/img00441.jpg,41.0,37.21456889693873,3.7854311030612706,test
img00442,227,images/img00442.jpg,41.0,36.9786611354623,4.021338864537697,test
img00451,232,images/img00451.jpg,60.0,65.83547484143509,5.8354748414350865,test
img00452,232,images/img00452.jpg,60.0,61.918670438720184,1.9186704387201845,test
img00463,238,images/img00463.jpg,49.0,48.25987983017659,0.7401201698234132,test
img00464,238,images/img00464.jpg,49.0,44.15250025188346,4.84749974811654,test
img00478,246,images/img00478.jpg,59.0,68.63346753422888,9.633467534228885,test
img00479,246,images/img00479.jpg,59.0,57.11968782064038,1.8803121793596205,test
img00482,248,images/img00482.jpg,37.0,63.784338716616695,26.784338716616695,test
img00483,248,images/img00483.jpg,37.0,58.08129948809737,21.081299488097372,test
img00487,251,images/img00487.jpg,64.0,65.99277576536424,1.992775765364243,test
img00488,251,images/img00488.jpg,64.0,58.9203345180077,5.079665481992301,test
img00495,255,images/img00495.jpg,87.0,73.7385026368219,13.261497363178094,test
img00509,264,images/img00509.jpg,57.0,57.78462291331092,0.784622913310919,test
img00510,264,images/img00510.jpg,57.0,55.79629756534833,1.2037024346516674,test
img00526,273,images/img00526.jpg,51.0,60.81833775931812,9.81833775931812,test
img00527,273,images/img00527.jpg,51.0,62.8955413820463,11.895541382046297,test
img00530,275,images/img00530.jpg,77.0,68.9362231715672,8.063776828432793,test
img00531,275,images/img00531.jpg,77.0,75.86381990205167,1.1361800979483263,test
img00546,283,images/img00546.jpg,53.0,62.410725237430455,9.410725237430457,test
img00547,283,images/img00547.jpg,53.0,56.82643269527076,3.826432695270761,test
img00575,298,images/img00575.jpg,75.0,65.9691040659225,9.030895934077506,test
img00576,298,images/img00576.jpg,75.0,76.8460607384958,1.846060738495794,test
img00593,307,images/img00593.jpg,11.0,14.250459685146843,3.2504596851468435,test
img00594,307,images/img00594.jpg,11.0,14.96409844056307,3.9640984405630704,test
img00609,316,images/img00609.jpg,62.0,63.42096477020806,1.4209647702080588,test
img00610,316,images/img00610.jpg,62.0,63.05499626158003,1.0549962615800297,test
img00611,317,images/img00611.jpg,78.0,79.59719317282777,1.5971931728277724,test
img00635,329,images/img00635.jpg,68.0,73.50264722464625,5.502647224646253,test
img00636,329,images/img00636.jpg,68.0,66.12513770052885,1.8748622994711468,test
img00645,334,images/img00645.jpg,68.0,63.3620260012041,4.6379739987959,test
img00646,334,images/img00646.jpg,68.0,72.06444943155118,4.064449431551182,test
img00651,337,images/img00651.jpg,30.0,42.26000759243687,12.260007592436873,test
img00652,337,images/img00652.jpg,30.0,42.31546949538138,12.31546949538138,test
img00655,339,images/img00655.jpg,52.0,51.49145015354233,0.5085498464576688,test
img00656,339,images/img00656.jpg,52.0,51.42494418405108,0.5750558159489216,test
img00669,346,images/img00669.jpg,49.0,60.56563568778855,11.56563568778855,test
img00670,346,images/img00670.jpg,49.0,62.33821872933849,13.338218729338491,test
img00677,350,images/img00677.jpg,77.0,75.82567034911584,1.174329650884161,test
img00678,350,images/img00678.jpg,77.0,71.58932826837683,5.410671731623168,test
img00695,360,images/img00695.jpg,75.0,66.19152970122988,8.808470298770118,test
img00707,366,images/img00707.jpg,74.0,70.32023180409271,3.679768195907286,test
img00722,374,images/img00722.jpg,9.0,13.093304566285475,4.093304566285475,test
img00723,374,images/img00723.jpg,9.0,16.56637093898479,7.566370938984789,test
img00753,390,images/img00753.jpg,47.0,55.33330235426995,8.333302354269946,test
img00754,390,images/img00754.jpg,47.0,52.065316275903754,5.065316275903754,test
img00784,406,images/img00784.jpg,78.0,69.68190406149614,8.318095938503859,test
img00785,406,images/img00785.jpg,78.0,79.80041097719445,1.8004109771944456,test
img00794,411,images/img00794.jpg,68.0,65.37879317415161,2.6212068258483896,test
img00808,418,images/img00808.jpg,80.0,83.88217102581302,3.8821710258130224,test
img00809,418,images/img00809.jpg,80.0,72.38146589090748,7.618534109092522,test
img00813,421,images/img00813.jpg,84.0,74.78152864573255,9.21847135426745,test
img00814,421,images/img00814.jpg,84.0,78.20627443260067,5.793725567399335,test
img00821,425,images/img00821.jpg,57.0,56.54087393956156,0.459126060438443,test
img00822,425,images/img00822.jpg,57.0,57.798292215495465,0.798292215495465,test
img00860,446,images/img00860.jpg,69.0,59.67082254607138,9.329177453928622,test
img00861,446,images/img00861.jpg,69.0,61.750483586757035,7.249516413242965,test
img00896,464,images/img00896.jpg,77.0,79.32063181686203,2.320631816862033,test
img00897,464,images/img00897.jpg,77.0,71.00084469438593,5.999155305614067,test
img00898,465,images/img00898.jpg,84.0,83.84410435927006,0.1558956407299376,test
img00899,465,images/img00899.jpg,84.0,76.35811290602246,7.641887093977544,test
img00910,471,images/img00910.jpg,54.0,55.343141023635944,1.343141023635944,test
img00911,471,images/img00911.jpg,54.0,50.05376003960368,3.946239960396319,test
img00927,480,images/img00927.jpg,62.0,62.87733527678802,0.8773352767880169,test
img00928,480,images/img00928.jpg,62.0,58.305085114614336,3.694914885385664,test
img00929,481,images/img00929.jpg,65.0,55.08555438063093,9.914445619369076,test
img00934,484,images/img00934.jpg,59.0,58.900904202538726,0.099095797461274,test
img00935,484,images/img00935.jpg,59.0,58.50168236834931,0.4983176316506927,test
img00982,509,images/img00982.jpg,73.0,58.535259946024965,14.464740053975037,test
img00983,509,images/img00983.jpg,73.0,75.55725803430323,2.5572580343032314,test
img01004,520,images/img01004.jpg,43.0,50.18597037991814,7.185970379918139,test
img01009,523,images/img01009.jpg,88.0,82.4405061821524,5.559493817847596,test
img01022,531,images/img01022.jpg,46.0,49.64303233351244,3.643032333512437,test
img01023,531,images/img01023.jpg,46.0,43.19948777503569,2.800512224964308,test
img01047,544,images/img01047.jpg,78.0,76.95259374678277,1.0474062532172326,test
img01056,549,images/img01056.jpg,78.0,70.40399613837623,7.596003861623771,test
img01057,549,images/img01057.jpg,78.0,78.04801377149073,0.04801377149073,test
img01145,596,images/img01145.jpg,77.0,72.01940722068068,4.980592779319323,test
img01146,596,images/img01146.jpg,77.0,70.99392804302175,6.006071956978246,test
img01194,622,images/img01194.jpg,61.0,69.33767905306485,8.337679053064846,test
img01195,622,images/img01195.jpg,61.0,70.82756959944902,9.82756959944902,test
img01196,623,images/img01196.jpg,68.0,65.02976784390079,2.970232156099214,test
img01267,661,images/img01267.jpg,29.0,42.11960022411024,13.119600224110236,test
img01268,661,images/img01268.jpg,29.0,43.500352293883715,14.500352293883717,test
img01308,684,images/img01308.jpg,55.0,58.9215115593172,3.921511559317196,test
img01309,684,images/img01309.jpg,55.0,62.713573031350336,7.713573031350336,test
img01341,701,images/img01341.jpg,61.0,70.85433863251964,9.854338632519642,test
img01354,708,images/img01354.jpg,63.0,61.04682119027393,1.9531788097260687,test
img01355,708,images/img01355.jpg,63.0,62.16953728554412,0.8304627144558765,test
img01393,728,images/img01393.jpg,65.0,69.09982128013476,4.099821280134762,test
img01396,730,images/img01396.jpg,76.0,80.73758560933854,4.737585609338538,test
img01397,730,images/img01397.jpg,76.0,80.18951242371047,4.189512423710468,test
img01405,735,images/img01405.jpg,72.0,69.8048322164179,2.195167783582093,test
img01406,735,images/img01406.jpg,72.0,82.13398357637953,10.133983576379537,test
img01473,772,images/img01473.jpg,91.0,87.12369644120845,3.876303558791548,test
img01474,772,images/img01474.jpg,91.0,78.67699062023735,12.323009379762652,test
img01479,775,images/img01479.jpg,43.0,55.890605921295176,12.890605921295176,test
img01480,775,images/img01480.jpg,43.0,62.822868555863344,19.822868555863344,test
img01535,804,images/img01535.jpg,43.0,44.007419617852705,1.0074196178527046,test
img01536,804,images/img01536.jpg,43.0,39.43289451047957,3.5671054895204364,test
img01541,807,images/img01541.jpg,43.0,45.06879841912482,2.0687984191248177,test
img01542,807,images/img01542.jpg,43.0,51.10675749970049,8.106757499700493,test
img01551,812,images/img01551.jpg,19.0,41.42495117754818,22.42495117754818,test
img01552,812,images/img01552.jpg,19.0,38.29811217403459,19.298112174034593,test
img01586,830,images/img01586.jpg,44.0,42.08081811712343,1.919181882876572,test
img01587,830,images/img01587.jpg,44.0,38.93785116653108,5.0621488334689175,test
img01620,848,images/img01620.jpg,49.0,52.45921259118714,3.459212591187139,test
img01621,848,images/img01621.jpg,49.0,48.58973659146228,0.4102634085377232,test
img01637,857,images/img01637.jpg,60.0,57.50750807255059,2.4924919274494073,test
img01643,860,images/img01643.jpg,80.0,75.55801709916439,4.441982900835612,test
img01644,860,images/img01644.jpg,80.0,75.16674315666643,4.833256843333572,test
img01700,892,images/img01700.jpg,31.0,33.366291092194245,2.3662910921942455,test
img01701,892,images/img01701.jpg,31.0,28.099689688269784,2.900310311730216,test
img01704,894,images/img01704.jpg,28.0,43.71062198530823,15.71062198530823,test
img01720,902,images/img01720.jpg,8.0,22.943693631988,14.943693631987998,test
img01721,902,images/img01721.jpg,8.0,21.24365881437907,13.243658814379074,test
img01728,906,images/img01728.jpg,28.0,30.28768106323551,2.2876810632355102,test
img01729,906,images/img01729.jpg,28.0,28.458862603291664,0.4588626032916636,test
img01744,915,images/img01744.jpg,58.0,49.41414374078087,8.585856259219128,test
img01745,915,images/img01745.jpg,58.0,49.95553966403474,8.044460335965262,test
img01757,923,images/img01757.jpg,35.0,32.763227147328585,2.2367728526714146,test
img01778,935,images/img01778.jpg,59.0,60.34184678944029,1.3418467894402897,test
img01779,935,images/img01779.jpg,59.0,62.15877186996294,3.158771869962941,test
img01782,937,images/img01782.jpg,84.0,82.23399691549983,1.76600308450017,test
img01783,937,images/img01783.jpg,84.0,73.48953263419304,10.51046736580696,test
img01808,950,images/img01808.jpg,71.0,84.35384258818874,13.35384258818874,test
img01819,957,images/img01819.jpg,25.0,30.238970038869407,5.238970038869407,test
img01820,957,images/img01820.jpg,25.0,29.426735737895395,4.426735737895395,test
img01823,959,images/img01823.jpg,32.0,47.99908324801552,15.999083248015523,test
img01838,967,images/img01838.jpg,25.0,39.97769150236781,14.977691502367804,test
img01842,969,images/img01842.jpg,82.0,75.72385532156072,6.27614467843928,test
img01843,969,images/img01843.jpg,82.0,72.78928221244864,9.21071778755136,test
img01894,999,images/img01894.jpg,54.0,46.756679474071746,7.2433205259282545,test
img01895,999,images/img01895.jpg,54.0,57.77122012905087,3.7712201290508673,test
img01958,1033,images/img01958.jpg,47.0,53.53181568237999,6.531815682379992,test
img01959,1033,images/img01959.jpg,47.0,52.915424478026736,5.915424478026736,test
img01963,1036,images/img01963.jpg,34.0,48.01401479544961,14.014014795449611,test
img01964,1036,images/img01964.jpg,34.0,45.43076765929614,11.430767659296135,test
img01965,1037,images/img01965.jpg,59.0,55.367899516373875,3.6321004836261257,test
img02032,1072,images/img02032.jpg,78.0,80.96219246551134,2.962192465511336,test
img02041,1077,images/img02041.jpg,60.0,67.31829059794234,7.318290597942337,test
img02042,1077,images/img02042.jpg,60.0,60.042280642312406,0.0422806423124058,test
img02050,1082,images/img02050.jpg,56.0,53.849304921358865,2.150695078641135,test
img02051,1082,images/img02051.jpg,56.0,56.10991050219678,0.109910502196783,test
img02059,1087,images/img02059.jpg,62.0,61.83985802110635,0.1601419788936482,test
img02075,1096,images/img02075.jpg,64.0,72.9213791292781,8.921379129278094,test
img02091,1105,images/img02091.jpg,71.0,73.09216436059715,2.0921643605971525,test
img02092,1105,images/img02092.jpg,71.0,65.99038841912707,5.009611580872928,test
img02099,1109,images/img02099.jpg,52.0,48.95328449023493,3.046715509765072,test
img02100,1109,images/img02100.jpg,54.0,55.20653661388813,1.206536613888133,test
img02114,1117,images/img02114.jpg,42.0,48.00185012668328,6.00185012668328,test
img02115,1117,images/img02115.jpg,42.0,46.69064846542393,4.6906484654239335,test
img02167,1144,images/img02167.jpg,40.0,53.809536357235686,13.809536357235686,test
img02217,1170,images/img02217.jpg,56.0,57.0997806357597,1.0997806357597,test
img02218,1170,images/img02218.jpg,56.0,68.67097798945116,12.67097798945116,test
img02259,1192,images/img02259.jpg,38.0,41.37968102909724,3.3796810290972417,test
img02260,1192,images/img02260.jpg,38.0,34.09086212658785,3.909137873412149,test
img02261,1193,images/img02261.jpg,42.0,51.65116187183296,9.65116187183296,test
img02262,1193,images/img02262.jpg,42.0,53.833373829463206,11.833373829463206,test
img02275,1200,images/img02275.jpg,33.0,42.02405184410141,9.024051844101407,test
img02276,1200,images/img02276.jpg,33.0,40.9421913789032,7.942191378903196,test
img02284,1205,images/img02284.jpg,36.0,39.043502961588445,3.043502961588445,test
img02285,1205,images/img02285.jpg,36.0,38.57709468516092,2.5770946851609224,test
img02303,1215,images/img02303.jpg,47.0,54.17138099516507,7.171380995165073,test
img02311,1219,images/img02311.jpg,31.0,36.05941832005266,5.059418320052657,test
img02312,1219,images/img02312.jpg,31.0,36.55842930475529,5.558429304755293,test
img02314,1221,images/img02314.jpg,17.0,22.84766756460965,5.847667564609651,test
img02315,1221,images/img02315.jpg,17.0,25.12182588864212,8.121825888642121,test
img02321,1225,images/img02321.jpg,51.0,58.30121276594673,7.30121276594673,test
img02322,1225,images/img02322.jpg,51.0,60.3920554945831,9.392055494583095,test
img02381,1255,images/img02381.jpg,28.0,27.438561643967187,0.5614383560328129,test
img02382,1255,images/img02382.jpg,28.0,28.680365582172985,0.6803655821729855,test
img02390,1260,images/img02390.jpg,63.0,67.36481276717002,4.364812767170022,test
img02391,1260,images/img02391.jpg,63.0,60.7537605343771,2.246239465622899,test
img02414,1272,images/img02414.jpg,60.0,67.7269674111149,7.726967411114899,test
img02415,1272,images/img02415.jpg,60.0,56.213252111705074,3.7867478882949257,test
img02444,1287,images/img02444.jpg,34.0,33.52601753372572,0.4739824662742791,test
img02473,1302,images/img02473.jpg,78.0,76.78965436691655,1.210345633083449,test
img02474,1302,images/img02474.jpg,78.0,80.28735762929057,2.287357629290568,test
img02525,1329,images/img02525.jpg,59.0,65.98230045215817,6.982300452158171,test
img02526,1329,images/img02526.jpg,59.0,56.100078240167086,2.899921759832914,test
img02552,1343,images/img02552.jpg,82.0,76.86459675340996,5.1354032465900445,test
img02563,1349,images/img02563.jpg,68.0,75.18037142463345,7.180371424633449,test
img02564,1349,images/img02564.jpg,68.0,75.05299903219844,7.052999032198443,test
img02567,1351,images/img02567.jpg,79.0,85.88152169545553,6.8815216954555325,test
img02568,1351,images/img02568.jpg,79.0,75.10431225305696,3.895687746943039,test
img02584,1360,images/img02584.jpg,78.0,83.0548514013339,5.054851401333906,test
img02628,1384,images/img02628.jpg,74.0,78.89705835578923,4.897058355789227,test
img02629,1384,images/img02629.jpg,74.0,71.17498682461684,2.8250131753831624,test
img02632,1386,images/img02632.jpg,51.0,51.367250892161266,0.367250892161266,test
img02633,1386,images/img02633.jpg,51.0,54.77170832580248,3.7717083258024786,test
img02691,1419,images/img02691.jpg,42.0,55.85746254289804,13.85746254289804,test
img02713,1430,images/img02713.jpg,49.0,54.30375192786575,5.303751927865747,test
img02714,1430,images/img02714.jpg,49.0,50.68125256755138,1.6812525675513823,test
img02737,1444,images/img02737.jpg,60.0,69.36990659135112,9.369906591351125,test
img02748,1450,images/img02748.jpg,61.0,72.33497098694063,11.334970986940633,test
img02749,1450,images/img02749.jpg,61.0,58.180017863655145,2.819982136344855,test
img02780,1468,images/img02780.jpg,75.0,74.81647180399625,0.1835281960037491,test
img02781,1468,images/img02781.jpg,75.0,77.23126652454621,2.231266524546214,test
img02813,1485,images/img02813.jpg,64.0,61.14736183953844,2.8526381604615594,test
img02826,1492,images/img02826.jpg,67.0,61.6463766413776,5.3536233586224,test
img02827,1492,images/img02827.jpg,67.0,59.80801261362155,7.19198738637845,test
img02840,1499,images/img02840.jpg,74.0,78.77426870839244,4.774268708392441,test
img02858,1510,images/img02858.jpg,58.0,59.846603863782626,1.846603863782626,test
img02859,1510,images/img02859.jpg,58.0,62.55683704362532,4.556837043625322,test
img02866,1514,images/img02866.jpg,47.0,45.231052895639294,1.7689471043607057,test
img02867,1514,images/img02867.jpg,47.0,42.41512293305889,4.584877066941111,test
img02888,1526,images/img02888.jpg,75.0,78.96093540883246,3.960935408832455,test
img02899,1532,images/img02899.jpg,70.0,54.718784818640074,15.281215181359926,test
img02902,1534,images/img02902.jpg,63.0,65.93373120714831,2.9337312071483126,test
img02913,1540,images/img02913.jpg,72.0,78.3849098778143,6.3849098778142945,test
img02914,1540,images/img02914.jpg,72.0,67.87311793398013,4.126882066019874,test
img02939,1554,images/img02939.jpg,74.0,74.55929713908218,0.5592971390821759,test
img02940,1554,images/img02940.jpg,74.0,69.58275775766984,4.417242242330161,test
img02951,1560,images/img02951.jpg,59.0,55.842678773177575,3.1573212268224253,test
img02952,1560,images/img02952.jpg,59.0,65.91960780204485,6.919607802044851,test
img02955,1562,images/img02955.jpg,59.0,47.68058792091248,11.31941207908752,test
img02956,1562,images/img02956.jpg,59.0,48.38260731277872,10.617392687221276,test
img02974,1573,images/img02974.jpg,80.0,72.31024684843132,7.689753151568681,test
img02975,1573,images/img02975.jpg,80.0,62.82587918596281,17.174120814037188,test
img02976,1574,images/img02976.jpg,58.0,61.10482148900056,3.1048214890005568,test
img02977,1574,images/img02977.jpg,58.0,56.0096975813673,1.9903024186327016,test
img02978,1575,images/img02978.jpg,77.0,77.14492507781024,0.1449250778102424,test
img02979,1575,images/img02979.jpg,77.0,78.73472971776533,1.7347297177653331,test
img02998,1586,images/img02998.jpg,66.0,50.12739096705175,15.872609032948247,test
img02999,1586,images/img02999.jpg,66.0,51.87863103508637,14.121368964913628,test
img03007,1591,images/img03007.jpg,49.0,44.66308370388748,4.33691629611252,test
img03008,1591,images/img03008.jpg,49.0,46.46338706345796,2.536612936542042,test
img03037,1607,images/img03037.jpg,74.0,74.90496829694723,0.9049682969472316,test
img03052,1615,images/img03052.jpg,74.0,62.057991831708456,11.942008168291544,test
img03053,1615,images/img03053.jpg,74.0,65.94490778286261,8.055092217137386,test
img03062,1622,images/img03062.jpg,43.0,39.433788811034375,3.5662111889656245,test
img03088,1637,images/img03088.jpg,61.0,55.88702217541333,5.112977824586672,test
img03089,1637,images/img03089.jpg,61.0,57.141085733656254,3.8589142663437457,test
img03126,1658,images/img03126.jpg,53.0,61.128773475323506,8.128773475323506,test
img03127,1658,images/img03127.jpg,53.0,55.56352285499245,2.563522854992449,test
img03133,1662,images/img03133.jpg,69.0,72.81275214896033,3.812752148960328,test
img03153,1673,images/img03153.jpg,46.0,48.786928227883074,2.786928227883074,test
img03154,1673,images/img03154.jpg,46.0,54.663467694230505,8.663467694230505,test
img03159,1676,images/img03159.jpg,66.0,39.40625962249217,26.593740377507828,test
img03160,1676,images/img03160.jpg,66.0,53.47998960196549,12.520010398034508,test
img03161,1677,images/img03161.jpg,72.0,75.74843113705117,3.7484311370511705,test
img03162,1677,images/img03162.jpg,72.0,70.32996113976283,1.6700388602371703,test
img03197,1697,images/img03197.jpg,78.0,76.67270821021816,1.3272917897818388,test
img03198,1697,images/img03198.jpg,78.0,78.6279611376249,0.6279611376248937,test
img03205,1701,images/img03205.jpg,74.0,72.18097461262255,1.819025387377451,test
img03206,1701,images/img03206.jpg,74.0,69.18089398787036,4.819106012129637,test
img03207,1702,images/img03207.jpg,68.0,75.16684785526797,7.166847855267974,test
img03208,1702,images/img03208.jpg,68.0,84.32423469616181,16.32423469616181,test
img03223,1711,images/img03223.jpg,71.0,66.36094185401416,4.639058145985842,test
img03224,1711,images/img03224.jpg,71.0,68.62261159798179,2.3773884020182123,test
img03259,1730,images/img03259.jpg,55.0,59.5398522298189,4.539852229818898,test
img03260,1730,images/img03260.jpg,55.0,51.98809124177471,3.011908758225289,test
img03275,1737,images/img03275.jpg,53.0,57.04049205345945,4.040492053459452,test
img03276,1737,images/img03276.jpg,53.0,64.56008664556474,11.560086645564738,test
img03346,1777,images/img03346.jpg,56.0,48.43805176595631,7.56194823404369,test
img03347,1777,images/img03347.jpg,56.0,55.59031124639824,0.4096887536017561,test
img03377,1793,images/img03377.jpg,68.0,69.01421708605129,1.0142170860512891,test
img03378,1793,images/img03378.jpg,68.0,68.6246597643744,0.6246597643743996,test
img03444,1828,images/img03444.jpg,78.0,69.2146342028268,8.785365797173199,test
img03472,1846,images/img03472.jpg,67.0,80.19298928976991,13.192989289769912,test
img03473,1846,images/img03473.jpg,67.0,74.15806810455453,7.1580681045545305,test
img03479,1850,images/img03479.jpg,63.0,67.21441213544855,4.214412135448555,test
img03480,1850,images/img03480.jpg,63.0,60.034506225842904,2.965493774157096,test
img03491,1856,images/img03491.jpg,33.0,47.084869237311054,14.084869237311054,test
img03492,1856,images/img03492.jpg,33.0,41.86521861251431,8.865218612514312,test
img03524,1875,images/img03524.jpg,81.0,83.07592199489366,2.075921994893662,test
img03534,1880,images/img03534.jpg,61.0,64.44682238968714,3.446822389687142,test
img03535,1880,images/img03535.jpg,61.0,64.54301368454604,3.5430136845460396,test
img03554,1890,images/img03554.jpg,57.0,55.05504891621788,1.9449510837821224,test
img03555,1890,images/img03555.jpg,57.0,55.235991275149274,1.7640087248507257,test
img03562,1894,images/img03562.jpg,19.0,16.987124081478626,2.012875918521374,test
img03563,1894,images/img03563.jpg,19.0,14.670728596608562,4.329271403391438,test
img03570,1898,images/img03570.jpg,56.0,58.18159870347734,2.1815987034773414,test
img03571,1898,images/img03571.jpg,56.0,57.92448783927359,1.9244878392735885,test
img03593,1910,images/img03593.jpg,8.0,14.309945940588022,6.3099459405880225,test
img03594,1910,images/img03594.jpg,8.0,11.403360076399885,3.403360076399885,test
img03614,1921,images/img03614.jpg,58.0,53.59851387196,4.401486128039998,test
img03615,1921,images/img03615.jpg,58.0,55.713983606614015,2.286016393385985,test
img03646,1937,images/img03646.jpg,66.0,67.85760400057498,1.8576040005749803,test
img03665,1947,images/img03665.jpg,71.0,72.79361847952904,1.7936184795290444,test
img03666,1947,images/img03666.jpg,71.0,65.89704525341315,5.102954746586846,test
img03667,1948,images/img03667.jpg,72.0,62.82768905397588,9.17231094602412,test
img03668,1948,images/img03668.jpg,72.0,67.72721388907269,4.2727861109273135,test
img03673,1951,images/img03673.jpg,73.0,85.27082347756098,12.27082347756098,test
img03674,1951,images/img03674.jpg,73.0,73.04868172264541,0.0486817226454121,test
img03710,1970,images/img03710.jpg,68.0,68.8576686833207,0.8576686833206963,test
img03711,1970,images/img03711.jpg,68.0,68.35892926061581,0.3589292606158096,test
img03723,1977,images/img03723.jpg,68.0,65.80958265915237,2.190417340847631,test
img03724,1977,images/img03724.jpg,68.0,53.551593902577,14.448406097423003,test
img03727,1979,images/img03727.jpg,50.0,61.331946564662445,11.331946564662443,test
img03728,1979,images/img03728.jpg,50.0,54.9356884206741,4.935688420674097,test
img03775,2005,images/img03775.jpg,78.0,84.20557191864235,6.205571918642349,test
img03794,2016,images/img03794.jpg,30.0,29.004399029053275,0.9956009709467252,test
img03795,2016,images/img03795.jpg,30.0,32.440288673322726,2.4402886733227263,test
img03804,2021,images/img03804.jpg,15.0,15.241588996617466,0.241588996617466,test
img03805,2021,images/img03805.jpg,15.0,18.53490095779921,3.534900957799209,test
img03854,2046,images/img03854.jpg,32.0,31.08607769903943,0.9139223009605716,test
img03855,2046,images/img03855.jpg,32.0,31.85786562150634,0.1421343784936617,test
img03923,2081,images/img03923.jpg,21.0,23.771567286566928,2.7715672865669276,test
img03924,2081,images/img03924.jpg,21.0,20.15061413919352,0.8493858608064784,test
img03943,2091,images/img03943.jpg,56.0,58.07027450723321,2.070274507233208,test
img03944,2091,images/img03944.jpg,56.0,55.59685654491009,0.4031434550899107,test
img03956,2098,images/img03956.jpg,60.0,54.85208631469245,5.14791368530755,test
img03957,2098,images/img03957.jpg,60.0,56.697638146831515,3.3023618531684846,test
img04035,2142,images/img04035.jpg,60.0,56.31334963231815,3.6866503676818496,test
img04036,2142,images/img04036.jpg,60.0,68.60896151780612,8.608961517806122,test
img04043,2146,images/img04043.jpg,48.0,50.31658243064348,2.3165824306434786,test
img04044,2146,images/img04044.jpg,48.0,50.14646138107794,2.146461381077941,test
img04048,2148,images/img04048.jpg,56.0,50.18853113321412,5.81146886678588,test
img04049,2149,images/img04049.jpg,36.0,40.23491851658264,4.234918516582638,test
img04050,2149,images/img04050.jpg,36.0,37.40762657451437,1.4076265745143672,test
img04163,2207,images/img04163.jpg,39.0,40.00756768456118,1.007567684561181,test
img04164,2207,images/img04164.jpg,39.0,49.96701561231282,10.96701561231282,test
img04165,2208,images/img04165.jpg,71.0,74.02145387931283,3.02145387931283,test
img04166,2208,images/img04166.jpg,71.0,65.28765249620653,5.712347503793467,test
img04195,2225,images/img04195.jpg,82.0,73.25232268385997,8.747677316140027,test
img04196,2225,images/img04196.jpg,82.0,71.84609722620993,10.153902773790064,test
img04209,2233,images/img04209.jpg,75.0,73.33236694595755,1.6676330540424544,test
img04210,2233,images/img04210.jpg,75.0,81.48078426992267,6.480784269922665,test
img04225,2241,images/img04225.jpg,58.0,57.67097667112927,0.3290233288707327,test
img04226,2241,images/img04226.jpg,58.0,53.74667629842095,4.253323701579049,test
img04233,2246,images/img04233.jpg,76.0,82.99338677856781,6.99338677856781,test
img04234,2246,images/img04234.jpg,76.0,79.83924761470288,3.839247614702885,test
img04253,2256,images/img04253.jpg,67.0,71.42702907683461,4.427029076834614,test
img04254,2256,images/img04254.jpg,67.0,72.33373423470995,5.333734234709951,test
img04286,2273,images/img04286.jpg,45.0,47.36298471314339,2.3629847131433905,test
img04295,2278,images/img04295.jpg,50.0,43.53123510950647,6.4687648904935315,test
img04296,2278,images/img04296.jpg,50.0,48.127887611948665,1.8721123880513344,test
img04306,2284,images/img04306.jpg,79.0,73.7131448536512,5.286855146348799,test
img04307,2284,images/img04307.jpg,79.0,74.47364168630837,4.526358313691631,test
img04372,2320,images/img04372.jpg,27.0,38.405803410601095,11.405803410601097,test
img04373,2320,images/img04373.jpg,27.0,36.685705723472225,9.685705723472225,test
img04381,2325,images/img04381.jpg,77.0,80.75498957062356,3.754989570623565,test
img04391,2330,images/img04391.jpg,33.0,37.53333469542907,4.533334695429076,test
img04392,2330,images/img04392.jpg,33.0,30.65424395454936,2.3457560454506385,test
img04403,2336,images/img04403.jpg,78.0,76.86453567922572,1.1354643207742754,test
img04473,2372,images/img04473.jpg,43.0,47.92563936025665,4.925639360256653,test
img04474,2373,images/img04474.jpg,32.0,37.50497446173715,5.504974461737149,test
img04475,2373,images/img04475.jpg,32.0,39.018990401503075,7.018990401503075,test
img04492,2382,images/img04492.jpg,73.0,74.20605605420376,1.2060560542037564,test
img04493,2382,images/img04493.jpg,73.0,80.71901251366967,7.719012513669668,test
img04528,2400,images/img04528.jpg,74.0,76.34667894624603,2.34667894624603,test
img04529,2400,images/img04529.jpg,74.0,73.34457960158291,0.6554203984170925,test
img04540,2406,images/img04540.jpg,68.0,62.71171244995215,5.288287550047848,test
img04541,2406,images/img04541.jpg,68.0,65.69848762742541,2.3015123725745923,test
img04564,2419,images/img04564.jpg,58.0,57.2429717872158,0.7570282127841992,test
img04565,2419,images/img04565.jpg,58.0,65.90921428462121,7.909214284621214,test
img04568,2421,images/img04568.jpg,70.0,67.62347611532472,2.3765238846752794,test
img04569,2421,images/img04569.jpg,70.0,71.67042496954195,1.6704249695419549,test
img04570,2422,images/img04570.jpg,32.0,35.96445668845662,3.9644566884566217,test
img04571,2422,images/img04571.jpg,32.0,32.314888104550036,0.314888104550036,test
img04580,2427,images/img04580.jpg,44.0,52.14544942275158,8.145449422751582,test
img04581,2427,images/img04581.jpg,61.0,49.66630377892538,11.333696221074618,test
img04586,2430,images/img04586.jpg,39.0,38.19743792499208,0.8025620750079199,test
img04587,2430,images/img04587.jpg,39.0,45.148721623464354,6.148721623464354,test
img04588,2431,images/img04588.jpg,44.0,44.16027303243731,0.1602730324373098,test
img04589,2431,images/img04589.jpg,44.0,43.18032793095402,0.8196720690459784,test
img04609,2442,images/img04609.jpg,45.0,43.58244254115303,1.4175574588469717,test
img04610,2442,images/img04610.jpg,45.0,45.00373041948909,0.0037304194890879,test
img04619,2447,images/img04619.jpg,37.0,43.71664651733846,6.716646517338461,test
img04625,2450,images/img04625.jpg,64.0,51.390413821836155,12.609586178163845,test
img04626,2450,images/img04626.jpg,64.0,59.335140561812025,4.664859438187975,test
img04657,2466,images/img04657.jpg,67.0,67.5307229698549,0.5307229698549065,test
img04658,2466,images/img04658.jpg,67.0,57.75516293532392,9.244837064676076,test
img04705,2490,images/img04705.jpg,35.0,38.45829885316867,3.458298853168671,test
img04706,2490,images/img04706.jpg,35.0,33.059663787819844,1.9403362121801564,test
img04723,2499,images/img04723.jpg,61.0,58.25265988009337,2.7473401199066316,test
img04829,2552,images/img04829.jpg,58.0,55.06389703865837,2.936102961341632,test
img04830,2552,images/img04830.jpg,58.0,58.907691343914024,0.9076913439140242,test
img04837,2556,images/img04837.jpg,53.0,70.5676247840359,17.5676247840359,test
img04838,2556,images/img04838.jpg,53.0,54.33808107245584,1.338081072455836,test
img04861,2568,images/img04861.jpg,43.0,50.02455839996293,7.0245583999629275,test
img04888,2582,images/img04888.jpg,47.0,41.705966586521065,5.294033413478935,test
img04889,2582,images/img04889.jpg,47.0,46.86161037563309,0.1383896243669156,test
img04920,2599,images/img04920.jpg,60.0,69.57288882386435,9.572888823864346,test
img04952,2616,images/img04952.jpg,52.0,51.544930962635846,0.4550690373641544,test
img04953,2616,images/img04953.jpg,52.0,53.67294503481307,1.6729450348130683,test
img04963,2622,images/img04963.jpg,80.0,75.99923881825913,4.00076118174087,test
img04964,2622,images/img04964.jpg,80.0,79.89674677793568,0.1032532220643247,test
img04985,2633,images/img04985.jpg,79.0,74.26998000349559,4.73001999650441,test
img04986,2633,images/img04986.jpg,79.0,74.76332853883164,4.236671461168356,test
img04987,2634,images/img04987.jpg,60.0,67.46860179960832,7.468601799608322,test
img04988,2634,images/img04988.jpg,60.0,63.72353173194152,3.72353173194152,test
img05014,2648,images/img05014.jpg,39.0,40.62212121033534,1.6221212103353366,test
img05015,2648,images/img05015.jpg,39.0,38.453037748441325,0.546962251558675,test
img05017,2649,images/img05017.jpg,49.0,52.173596442103914,3.1735964421039142,test
img05035,2659,images/img05035.jpg,43.0,49.56043331647627,6.560433316476271,test
img05036,2659,images/img05036.jpg,43.0,45.68623660949346,2.686236609493463,test
img05047,2665,images/img05047.jpg,30.0,34.09978768236907,4.099787682369069,test
img05051,2667,images/img05051.jpg,32.0,36.21366335354938,4.213663353549379,test
img05052,2667,images/img05052.jpg,32.0,34.271491207672454,2.2714912076724545,test
img05053,2668,images/img05053.jpg,56.0,51.832066332051824,4.167933667948176,test
img05054,2668,images/img05054.jpg,56.0,51.417025807004464,4.582974192995536,test
img05061,2672,images/img05061.jpg,69.0,62.54389531492569,6.456104685074308,test
img05062,2672,images/img05062.jpg,69.0,61.73478315896789,7.265216841032107,test
img05069,2676,images/img05069.jpg,58.0,57.386223058572,0.6137769414280001,test
img05070,2676,images/img05070.jpg,58.0,51.35247421140861,6.647525788591388,test
img05124,2705,images/img05124.jpg,35.0,37.74879569251324,2.748795692513241,test
img05125,2705,images/img05125.jpg,35.0,34.98633617822725,0.0136638217727522,test
img05139,2713,images/img05139.jpg,26.0,27.52445812164662,1.5244581216466209,test
img05140,2713,images/img05140.jpg,26.0,29.28321576739383,3.283215767393834,test
img05159,2723,images/img05159.jpg,33.0,38.37581380492272,5.375813804922721,test
img05160,2723,images/img05160.jpg,33.0,37.50224793565541,4.502247935655404,test
img05169,2728,images/img05169.jpg,38.0,39.65532450822868,1.6553245082286807,test
img05170,2728,images/img05170.jpg,38.0,36.47990535360091,1.5200946463990874,test
img05171,2729,images/img05171.jpg,33.0,29.09278646096099,3.907213539039006,test
img05172,2729,images/img05172.jpg,33.0,31.553585310783102,1.446414689216894,test
img05189,2738,images/img05189.jpg,69.0,71.32950232950087,2.329502329500869,test
img05190,2739,images/img05190.jpg,55.0,51.91570142899905,3.08429857100095,test
img05191,2739,images/img05191.jpg,55.0,53.17327532140908,1.8267246785909208,test
img05192,2740,images/img05192.jpg,81.0,81.12241404417925,0.1224140441792513,test
img05202,2745,images/img05202.jpg,63.0,53.79457645393035,9.205423546069651,test
img05203,2745,images/img05203.jpg,63.0,56.17639220560591,6.823607794394093,test
img05218,2753,images/img05218.jpg,8.0,15.996971956955704,7.996971956955704,test
img05231,2760,images/img05231.jpg,65.0,62.58634023705072,2.41365976294928,test
img05232,2760,images/img05232.jpg,65.0,57.322206680046,7.677793319953999,test
img05235,2762,images/img05235.jpg,34.0,34.67579358239945,0.6757935823994501,test
img05236,2762,images/img05236.jpg,34.0,38.13777280943994,4.137772809439937,test
img05238,2763,images/img05238.jpg,32.0,31.55103110114972,0.4489688988502784,test
img05249,2769,images/img05249.jpg,67.0,62.5846285239766,4.415371476023402,test
img05250,2769,images/img05250.jpg,67.0,66.9940684754572,0.0059315245428024,test
img05267,2778,images/img05267.jpg,84.0,83.97746856542233,0.0225314345776723,test
img05268,2778,images/img05268.jpg,84.0,80.00348045854227,3.9965195414577295,test
img05285,2787,images/img05285.jpg,70.0,73.39642285911172,3.3964228591117234,test
img05286,2787,images/img05286.jpg,70.0,70.1256908963286,0.1256908963286065,test
img05287,2788,images/img05287.jpg,77.0,83.21187749143402,6.211877491434024,test
img05288,2788,images/img05288.jpg,77.0,84.47175720695138,7.471757206951381,test
img05289,2789,images/img05289.jpg,61.0,52.893666799894376,8.106333200105624,test
img05290,2789,images/img05290.jpg,61.0,46.40404585920433,14.59595414079567,test
img05311,2800,images/img05311.jpg,86.0,73.07420309738102,12.925796902618984,test
img05312,2800,images/img05312.jpg,86.0,75.13375437229813,10.866245627701872,test
img05317,2803,images/img05317.jpg,64.0,73.67927049361154,9.67927049361154,test
img05318,2803,images/img05318.jpg,64.0,78.80460730940928,14.804607309409278,test
img05319,2804,images/img05319.jpg,83.0,77.7780397025385,5.221960297461493,test
img05320,2804,images/img05320.jpg,83.0,69.56979367145634,13.430206328543662,test
img05324,2807,images/img05324.jpg,75.0,76.02826214309414,1.028262143094139,test
img05325,2807,images/img05325.jpg,75.0,71.64057823383025,3.3594217661697456,test
img05344,2817,images/img05344.jpg,48.0,54.10112577965881,6.101125779658808,test
img05345,2817,images/img05345.jpg,48.0,45.863272129202315,2.136727870797685,test
img05376,2833,images/img05376.jpg,55.0,58.68307739877342,3.683077398773421,test
img05377,2833,images/img05377.jpg,55.0,55.94849061531593,0.9484906153159328,test
img05394,2842,images/img05394.jpg,58.0,49.23993072087184,8.76006927912816,test
img05395,2842,images/img05395.jpg,58.0,49.836770551998086,8.163229448001914,test
img05398,2844,images/img05398.jpg,77.0,78.42791482839651,1.42791482839651,test
img05399,2844,images/img05399.jpg,77.0,75.75919546202192,1.2408045379780788,test
img05448,2870,images/img05448.jpg,59.0,56.11863075056405,2.8813692494359557,test
img05449,2870,images/img05449.jpg,59.0,59.24420682719656,0.2442068271965638,test
img05454,2873,images/img05454.jpg,61.0,66.1130122937381,5.113012293738095,test
img05455,2873,images/img05455.jpg,61.0,68.16402627018803,7.164026270188032,test
img05465,2879,images/img05465.jpg,61.0,67.69271569986553,6.692715699865531,test
img05466,2879,images/img05466.jpg,61.0,81.01301927411687,20.01301927411687,test
img05467,2880,images/img05467.jpg,58.0,54.81030393840529,3.1896960615947094,test
img05468,2880,images/img05468.jpg,58.0,52.13829338239742,5.861706617602579,test
img05475,2884,images/img05475.jpg,60.0,57.36993117911257,2.6300688208874305,test
img05476,2884,images/img05476.jpg,60.0,72.55670953767542,12.556709537675417,test
img05481,2887,images/img05481.jpg,45.0,48.57001562831299,3.570015628312987,test
img05483,2888,images/img05483.jpg,66.0,62.66473713208969,3.335262867910309,test
img05488,2891,images/img05488.jpg,56.0,66.1804305588563,10.1804305588563,test
img05510,2903,images/img05510.jpg,59.0,54.09217977493198,4.907820225068022,test
img05511,2903,images/img05511.jpg,59.0,47.21456790179901,11.785432098200992,test
img05521,2908,images/img05521.jpg,78.0,77.53037079815586,0.4696292018441426,test
img05548,2922,images/img05548.jpg,33.0,37.98481905869553,4.984819058695528,test
img05549,2922,images/img05549.jpg,33.0,39.248651146421,6.248651146420997,test
img05570,2933,images/img05570.jpg,58.0,59.045414719965784,1.045414719965784,test
img05571,2933,images/img05571.jpg,58.0,61.30658332843958,3.3065833284395794,test
img05585,2942,images/img05585.jpg,58.0,56.56343376166717,1.43656623833283,test
img05586,2942,images/img05586.jpg,58.0,51.46529404353489,6.53470595646511,test
img05594,2946,images/img05594.jpg,71.0,76.74311365731153,5.743113657311525,test
img05624,2962,images/img05624.jpg,72.0,39.43510626843708,32.56489373156292,test
img05625,2962,images/img05625.jpg,72.0,36.94419348334726,35.05580651665274,test
img05656,2978,images/img05656.jpg,58.0,56.13094128847575,1.8690587115242463,test
img05657,2978,images/img05657.jpg,58.0,47.65715288393463,10.342847116065371,test
img05658,2979,images/img05658.jpg,49.0,56.1177487193766,7.1177487193766,test
img05659,2979,images/img05659.jpg,49.0,56.82927823421598,7.829278234215977,test
img05664,2982,images/img05664.jpg,58.0,55.7466816069757,2.2533183930243013,test
img05665,2982,images/img05665.jpg,58.0,49.7898077761556,8.210192223844402,test
img05674,2987,images/img05674.jpg,50.0,51.454957783158974,1.4549577831589744,test
img05675,2987,images/img05675.jpg,50.0,51.51088810328434,1.510888103284337,test
img05709,3006,images/img05709.jpg,39.0,41.4003012005483,2.4003012005482987,test
img05710,3006,images/img05710.jpg,39.0,37.89482842945174,1.105171570548258,test
img05745,3024,images/img05745.jpg,83.0,76.65264315947735,6.34735684052265,test
img05746,3024,images/img05746.jpg,83.0,69.77717106401333,13.22282893598667,test
img05760,3031,images/img05760.jpg,72.0,65.67116674547584,6.328833254524156,test
img05788,3046,images/img05788.jpg,50.0,61.91866662158367,11.918666621583668,test
img05789,3046,images/img05789.jpg,50.0,55.55843093120848,5.558430931208477,test
img05793,3048,images/img05793.jpg,69.0,67.20297490384084,1.7970250961591605,test
img05816,3060,images/img05816.jpg,47.0,47.41508753595518,0.4150875359551804,test
img05817,3060,images/img05817.jpg,47.0,41.94301403589965,5.056985964100349,test
img05836,3070,images/img05836.jpg,72.0,83.03176099725279,11.031760997252787,test
img05837,3070,images/img05837.jpg,72.0,73.4798523759924,1.4798523759923938,test
img05853,3079,images/img05853.jpg,65.0,61.83218721262796,3.1678127873720427,test
img05854,3079,images/img05854.jpg,65.0,61.015781872054085,3.984218127945915,test
img05863,3084,images/img05863.jpg,50.0,49.51626195803628,0.4837380419637185,test
img05864,3084,images/img05864.jpg,50.0,51.40851032074595,1.4085103207459468,test
img05884,3095,images/img05884.jpg,50.0,46.05343859852088,3.946561401479123,test
img05885,3095,images/img05885.jpg,50.0,52.000865561772926,2.000865561772926,test
img05910,3109,images/img05910.jpg,54.0,56.31638582359963,2.3163858235996315,test
img05911,3109,images/img05911.jpg,54.0,55.700510069002135,1.700510069002135,test
img05924,3116,images/img05924.jpg,69.0,68.05809746008077,0.9419025399192263,test
img05925,3116,images/img05925.jpg,69.0,67.23967503551161,1.7603249644883905,test
img05938,3124,images/img05938.jpg,45.0,48.17288947023315,3.1728894702331516,test
img05939,3124,images/img05939.jpg,45.0,40.831266482403734,4.168733517596266,test
img05956,3133,images/img05956.jpg,45.0,53.64422462702575,8.64422462702575,test
img05975,3143,images/img05975.jpg,68.0,65.18631897315746,2.813681026842545,test
img05976,3143,images/img05976.jpg,68.0,68.51637959817424,0.5163795981742396,test
img05995,3154,images/img05995.jpg,56.0,55.364551887650705,0.6354481123492945,test
img05996,3154,images/img05996.jpg,56.0,50.56757333440414,5.432426665595862,test
img06022,3169,images/img06022.jpg,82.0,76.25749536872245,5.742504631277555,test
img06023,3169,images/img06023.jpg,82.0,69.7595664304087,12.240433569591303,test
img06034,3175,images/img06034.jpg,88.0,82.11672139445076,5.883278605549236,test
img06035,3175,images/img06035.jpg,88.0,75.16550204199402,12.834497958005985,test
img06053,3185,images/img06053.jpg,42.0,44.17605525600891,2.176055256008908,test
img06054,3185,images/img06054.jpg,42.0,41.464121541849025,0.5358784581509752,test
img06071,3194,images/img06071.jpg,42.0,42.50086563466731,0.5008656346673135,test
img06072,3194,images/img06072.jpg,42.0,37.4015540556251,4.598445944374902,test
img06125,3222,images/img06125.jpg,61.0,56.57575902281972,4.424240977180283,test
img06126,3222,images/img06126.jpg,61.0,56.17070330893633,4.829296691063668,test
img06131,3225,images/img06131.jpg,65.0,60.75954485945953,4.240455140540469,test
img06132,3225,images/img06132.jpg,65.0,71.4996899063028,6.499689906302805,test
img06163,3242,images/img06163.jpg,23.0,21.66763798253284,1.3323620174671618,test
img06164,3242,images/img06164.jpg,23.0,31.307962391572197,8.307962391572197,test
img06175,3248,images/img06175.jpg,51.0,46.01093423812727,4.98906576187273,test
img06176,3248,images/img06176.jpg,51.0,55.21516743219991,4.215167432199912,test
img06180,3251,images/img06180.jpg,56.0,60.8407465318788,4.8407465318788,test
img06181,3251,images/img06181.jpg,56.0,59.42145501593979,3.4214550159397916,test
img06203,3263,images/img06203.jpg,52.0,49.817455841234974,2.182544158765026,test
img06204,3263,images/img06204.jpg,52.0,51.24253958918205,0.7574604108179557,test
img06217,3272,images/img06217.jpg,59.0,60.910396185942304,1.910396185942304,test
img06218,3272,images/img06218.jpg,59.0,59.56057928109236,0.5605792810923589,test
img06250,3289,images/img06250.jpg,60.0,47.83893801207789,12.16106198792211,test
img06251,3289,images/img06251.jpg,60.0,52.82702423144644,7.172975768553563,test
img06256,3292,images/img06256.jpg,69.0,65.5946920513245,3.4053079486754996,test
img06257,3292,images/img06257.jpg,69.0,65.24392937865439,3.7560706213456143,test
img06284,3306,images/img06284.jpg,54.0,60.2544441787533,6.254444178753303,test
img06285,3306,images/img06285.jpg,54.0,56.48250760470846,2.4825076047084593,test
img06287,3307,images/img06287.jpg,57.0,37.71822806330553,19.28177193669447,test
img06304,3317,images/img06304.jpg,43.0,45.36412263697472,2.36412263697472,test
img06305,3317,images/img06305.jpg,43.0,41.80113107165758,1.1988689283424208,test
img06343,3337,images/img06343.jpg,35.0,34.43433025137885,0.565669748621147,test
img06350,3340,images/img06350.jpg,51.0,49.64460935619812,1.3553906438018828,test
img06363,3347,images/img06363.jpg,67.0,72.23186249541233,5.231862495412329,test
img06380,3356,images/img06380.jpg,56.0,57.882788758358224,1.882788758358224,test
img06381,3356,images/img06381.jpg,56.0,55.633027730521015,0.3669722694789854,test
img06440,3387,images/img06440.jpg,46.0,48.16098000430807,2.1609800043080725,test
img06441,3387,images/img06441.jpg,46.0,48.696708570448415,2.696708570448415,test
img06511,3423,images/img06511.jpg,65.0,64.72141901095837,0.2785809890416288,test
img06512,3423,images/img06512.jpg,65.0,64.07522415000551,0.9247758499944894,test
img06547,3442,images/img06547.jpg,73.0,70.97239175880722,2.0276082411927803,test
img06548,3443,images/img06548.jpg,64.0,61.96476345274259,2.035236547257412,test
img06549,3443,images/img06549.jpg,64.0,62.66251501333306,1.3374849866669365,test
img06598,3470,images/img06598.jpg,68.0,75.29193432823604,7.291934328236039,test
img06624,3485,images/img06624.jpg,76.0,80.43581152138965,4.4358115213896525,test
img06625,3485,images/img06625.jpg,76.0,72.21394376600307,3.7860562339969306,test
img06628,3487,images/img06628.jpg,79.0,75.2457273454234,3.754272654576596,test
img06629,3487,images/img06629.jpg,79.0,76.79771397801422,2.2022860219857847,test
img06706,3529,images/img06706.jpg,7.0,14.555795706768931,7.555795706768933,test
img06718,3535,images/img06718.jpg,61.0,58.195129498136936,2.804870501863064,test
img06719,3535,images/img06719.jpg,61.0,78.9247794917676,17.924779491767595,test
img06722,3537,images/img06722.jpg,53.0,56.46726911860071,3.4672691186007114,test
img06723,3537,images/img06723.jpg,53.0,54.88982225362169,1.889822253621688,test
img06747,3551,images/img06747.jpg,23.0,31.211951592739904,8.211951592739904,test
img06832,3594,images/img06832.jpg,50.0,47.86609639307298,2.1339036069270207,test
img06833,3594,images/img06833.jpg,50.0,50.62901396374071,0.6290139637407108,test
img06836,3596,images/img06836.jpg,77.0,73.628516755905,3.3714832440950033,test
img06837,3596,images/img06837.jpg,77.0,68.33964072450307,8.66035927549693,test
img06844,3600,images/img06844.jpg,39.0,35.615888869282315,3.3841111307176845,test
img06845,3600,images/img06845.jpg,39.0,38.55219386776152,0.4478061322384761,test
img06852,3604,images/img06852.jpg,76.0,69.81624327337524,6.183756726624765,test
img06916,3637,images/img06916.jpg,74.0,67.84972652141958,6.1502734785804165,test
img06922,3640,images/img06922.jpg,48.0,54.07773191322479,6.077731913224788,test
img06923,3640,images/img06923.jpg,48.0,52.61049225491736,4.610492254917361,test
img06933,3646,images/img06933.jpg,73.0,69.8880730576937,3.1119269423062974,test
img06934,3646,images/img06934.jpg,73.0,69.25237368623993,3.7476263137600654,test
img06964,3662,images/img06964.jpg,73.0,60.20175760670739,12.798242393292604,test
img06993,3679,images/img06993.jpg,53.0,48.27766768633391,4.722332313666087,test
img06994,3679,images/img06994.jpg,53.0,45.52852997848335,7.471470021516652,test
img07022,3695,images/img07022.jpg,76.0,78.3925179761928,2.3925179761928064,test
img07023,3695,images/img07023.jpg,76.0,78.20180947348919,2.201809473489192,test
img07071,3720,images/img07071.jpg,70.0,76.3732963844665,6.373296384466499,test
img07113,3742,images/img07113.jpg,63.0,67.31293351949692,4.312933519496923,test
img07114,3742,images/img07114.jpg,63.0,72.4651538824607,9.465153882460696,test
img07125,3748,images/img07125.jpg,20.0,28.11726160356144,8.117261603561442,test
img07126,3748,images/img07126.jpg,20.0,21.832435762576367,1.8324357625763668,test
img07187,3780,images/img07187.jpg,45.0,40.76111623815162,4.238883761848378,test
img07188,3780,images/img07188.jpg,45.0,42.22435771861278,2.775642281387221,test
img07206,3790,images/img07206.jpg,38.0,36.40419299614203,1.5958070038579706,test
img07207,3790,images/img07207.jpg,38.0,34.1140703165957,3.8859296834042993,test
img07208,3791,images/img07208.jpg,48.0,56.433282153033886,8.433282153033886,test
img07209,3791,images/img07209.jpg,48.0,54.99581404648144,6.995814046481442,test
img07214,3794,images/img07214.jpg,29.0,42.29582651087803,13.29582651087803,test
img07244,3810,images/img07244.jpg,36.0,38.52788416121665,2.5278841612166474,test
img07245,3810,images/img07245.jpg,36.0,38.80667690612768,2.8066769061276844,test
img07285,3831,images/img07285.jpg,27.0,38.49233026111064,11.492330261110638,test
img07286,3831,images/img07286.jpg,27.0,34.65101055092678,7.651010550926777,test
img07305,3841,images/img07305.jpg,74.0,70.74895294640787,3.2510470535921314,test
img07306,3841,images/img07306.jpg,74.0,68.09903570389302,5.900964296106977,test
img07317,3847,images/img07317.jpg,38.0,38.25052447841417,0.2505244784141709,test
img07318,3847,images/img07318.jpg,38.0,35.86298629379824,2.1370137062017633,test
img07335,3856,images/img07335.jpg,42.0,41.87348653020461,0.1265134697953911,test
img07336,3856,images/img07336.jpg,42.0,44.44024363661567,2.4402436366156692,test
img07371,3874,images/img07371.jpg,42.0,51.30123297083865,9.301232970838647,test
img07372,3874,images/img07372.jpg,42.0,48.8962477458256,6.8962477458255975,test
img07408,3893,images/img07408.jpg,57.0,56.916584700777015,0.0834152992229846,test
img07409,3893,images/img07409.jpg,57.0,59.82405058533961,2.824050585339613,test
img07414,3896,images/img07414.jpg,42.0,46.267301851321136,4.267301851321136,test
img07419,3899,images/img07419.jpg,73.0,82.25580912415383,9.255809124153828,test
img07420,3899,images/img07420.jpg,73.0,59.88048803931618,13.119511960683823,test
img07454,3917,images/img07454.jpg,87.0,80.48524016742047,6.514759832579529,test
img07455,3917,images/img07455.jpg,87.0,86.199637490128,0.8003625098720022,test
img07470,3925,images/img07470.jpg,72.0,66.28922222134939,5.710777778650609,test
img07471,3925,images/img07471.jpg,72.0,71.51219484552414,0.4878051544758648,test
img07494,3938,images/img07494.jpg,82.0,79.21922249638789,2.7807775036121143,test
img07495,3938,images/img07495.jpg,82.0,74.45184474620044,7.548155253799564,test
img07562,3974,images/img07562.jpg,57.0,70.35076889620831,13.350768896208308,test
img07563,3974,images/img07563.jpg,57.0,69.44563421735607,12.445634217356073,test
img07593,3990,images/img07593.jpg,82.0,70.36469381021303,11.635306189786974,test
img07594,3990,images/img07594.jpg,82.0,62.52855424327412,19.47144575672588,test
img07639,4013,images/img07639.jpg,65.0,57.07685116488056,7.9231488351194415,test
img07640,4013,images/img07640.jpg,71.0,56.89659316399568,14.103406836004318,test
img07641,4013,images/img07641.jpg,71.0,72.59703813025578,1.5970381302557826,test
img07649,4018,images/img07649.jpg,64.0,57.179056085665366,6.820943914334634,test
img07650,4018,images/img07650.jpg,64.0,60.9405431121756,3.0594568878244033,test
img07701,4045,images/img07701.jpg,38.0,67.38854445018556,29.388544450185563,test
img07702,4045,images/img07702.jpg,38.0,64.80620688313296,26.80620688313296,test
img07712,4050,images/img07712.jpg,44.0,56.955091735363744,12.955091735363744,test
img07727,4059,images/img07727.jpg,65.0,58.25824912223465,6.741750877765348,test
img07762,4078,images/img07762.jpg,48.0,53.812428383450595,5.8124283834505945,test
img07844,4121,images/img07844.jpg,73.0,66.00952536038965,6.990474639610355,test
img07845,4121,images/img07845.jpg,73.0,60.41728703959622,12.582712960403782,test
img07848,4123,images/img07848.jpg,12.0,14.994622445353473,2.994622445353471,test
img07867,4133,images/img07867.jpg,58.0,62.01981501351179,4.019815013511796,test
img07868,4133,images/img07868.jpg,58.0,62.31171853173954,4.311718531739537,test
img07869,4134,images/img07869.jpg,13.0,16.450299451853418,3.450299451853418,test
img07870,4134,images/img07870.jpg,13.0,16.405854895500042,3.405854895500042,test
img07897,4148,images/img07897.jpg,27.0,37.74170236225896,10.741702362258962,test
img07898,4148,images/img07898.jpg,27.0,33.89643900475046,6.896439004750462,test
img07937,4169,images/img07937.jpg,65.0,67.90261567435336,2.902615674353356,test
img07938,4169,images/img07938.jpg,65.0,62.24135616375826,2.7586438362417383,test
img07965,4184,images/img07965.jpg,79.0,81.235222424896,2.235222424895994,test
img07966,4184,images/img07966.jpg,79.0,81.10927655090696,2.109276550906955,test
img08005,4205,images/img08005.jpg,58.0,55.25388164868728,2.746118351312724,test
img08013,4209,images/img08013.jpg,65.0,70.30417147486078,5.30417147486078,test
img08059,4232,images/img08059.jpg,61.0,63.31942893892371,2.319428938923707,test
img08060,4232,images/img08060.jpg,61.0,58.16650097427857,2.83349902572143,test
img08087,4246,images/img08087.jpg,60.0,50.9306380927551,9.069361907244897,test
img08088,4246,images/img08088.jpg,60.0,56.2732303687777,3.7267696312222967,test
img08089,4247,images/img08089.jpg,63.0,64.89129412787133,1.891294127871333,test
img08090,4247,images/img08090.jpg,63.0,64.5347910271887,1.534791027188703,test
img08101,4253,images/img08101.jpg,63.0,53.37837497407738,9.62162502592262,test
img08102,4253,images/img08102.jpg,63.0,62.73093991188065,0.2690600881193532,test
img08114,4260,images/img08114.jpg,71.0,62.13341735862353,8.866582641376468,test
img08115,4260,images/img08115.jpg,71.0,58.09224062828452,12.907759371715478,test
img08143,4275,images/img08143.jpg,64.0,68.68206513510998,4.68206513510998,test
img08167,4287,images/img08167.jpg,52.0,56.82271412267417,4.822714122674171,test
img08168,4287,images/img08168.jpg,52.0,48.23308571306602,3.7669142869339822,test
img08176,4291,images/img08176.jpg,72.0,69.32807295637363,2.6719270436263685,test
img08201,4305,images/img08201.jpg,46.0,45.159385612275294,0.8406143877247061,test
img08202,4305,images/img08202.jpg,46.0,39.60132620448485,6.398673795515151,test
img08215,4312,images/img08215.jpg,33.0,55.03190888936207,22.03190888936207,test
img08216,4312,images/img08216.jpg,33.0,45.776425729836006,12.776425729836006,test
img08232,4321,images/img08232.jpg,59.0,49.7053498136369,9.2946501863631,test
img08233,4321,images/img08233.jpg,59.0,60.417291947343166,1.4172919473431662,test
img08251,4331,images/img08251.jpg,60.0,67.52935752559316,7.529357525593156,test
img08252,4331,images/img08252.jpg,60.0,63.68938635520934,3.689386355209343,test
img08299,4357,images/img08299.jpg,45.0,40.81743863272754,4.182561367272463,test
img08300,4357,images/img08300.jpg,45.0,36.71093372400144,8.289066275998564,test
img08304,4359,images/img08304.jpg,63.0,56.60374013305997,6.396259866940028,test
img08365,4392,images/img08365.jpg,17.0,29.974344323479137,12.974344323479135,test
img08366,4392,images/img08366.jpg,17.0,21.589353965673645,4.589353965673645,test
img08369,4394,images/img08369.jpg,22.0,21.813825586152777,0.1861744138472261,test
img08370,4394,images/img08370.jpg,22.0,21.6811244711436,0.3188755288564024,test
img08375,4398,images/img08375.jpg,19.0,24.868568696402313,5.868568696402313,test
img08376,4398,images/img08376.jpg,19.0,21.36746054825742,2.3674605482574194,test
img08391,4406,images/img08391.jpg,39.0,37.20535542000328,1.7946445799967208,test
img08392,4406,images/img08392.jpg,39.0,35.02402767478135,3.975972325218649,test
img08508,4471,images/img08508.jpg,18.0,24.859577703995136,6.859577703995136,test
img08509,4471,images/img08509.jpg,18.0,24.681114575229877,6.681114575229877,test
img08522,4478,images/img08522.jpg,69.0,66.09801421906761,2.9019857809323923,test
img08523,4478,images/img08523.jpg,69.0,60.31247065213031,8.687529347869692,test
img08632,4537,images/img08632.jpg,49.0,46.07157763123754,2.9284223687624618,test
img08633,4537,images/img08633.jpg,49.0,48.31959238728255,0.6804076127174525,test
img08640,4541,images/img08640.jpg,73.0,77.7691076030947,4.769107603094696,test
img08659,4551,images/img08659.jpg,63.0,57.33533122231941,5.664668777680589,test
img08660,4551,images/img08660.jpg,63.0,52.1612921752022,10.8387078247978,test
img08690,4567,images/img08690.jpg,65.0,59.11197249345258,5.888027506547417,test
img08691,4567,images/img08691.jpg,65.0,65.87399193008675,0.8739919300867456,test
img08733,4589,images/img08733.jpg,12.0,17.25831527167375,5.258315271673752,test
img08734,4589,images/img08734.jpg,12.0,21.561207491626533,9.561207491626533,test
img08745,4595,images/img08745.jpg,14.0,16.190062352844336,2.190062352844336,test
img08746,4595,images/img08746.jpg,14.0,16.98069384236743,2.9806938423674296,test
img08786,4616,images/img08786.jpg,53.0,55.149453791188016,2.149453791188016,test
img08787,4616,images/img08787.jpg,53.0,52.782845784038635,0.217154215961365,test
img08832,4640,images/img08832.jpg,71.0,74.15547572355601,3.155475723556009,test
img08833,4640,images/img08833.jpg,71.0,71.47482289782681,0.4748228978268116,test
img08834,4641,images/img08834.jpg,76.0,66.34359460447165,9.656405395528353,test
img08835,4641,images/img08835.jpg,76.0,78.47009527749161,2.470095277491609,test
img08845,4647,images/img08845.jpg,76.0,68.66986665742024,7.330133342579757,test
img08846,4647,images/img08846.jpg,76.0,75.38111136209703,0.6188886379029697,test
img08896,4673,images/img08896.jpg,63.0,58.82942368621132,4.170576313788679,test
img08897,4673,images/img08897.jpg,63.0,67.91739017388514,4.917390173885138,test
img08911,4681,images/img08911.jpg,69.0,73.43679071366768,4.436790713667676,test
img08912,4681,images/img08912.jpg,69.0,75.23652041215055,6.236520412150554,test
img08940,4696,images/img08940.jpg,89.0,83.35975117878291,5.640248821217085,test
img08983,4719,images/img08983.jpg,71.0,74.55930695457607,3.5593069545760727,test
img08984,4719,images/img08984.jpg,71.0,75.33280604481189,4.332806044811889,test
img08987,4721,images/img08987.jpg,64.0,64.61378612205002,0.6137861220500156,test
img08988,4721,images/img08988.jpg,64.0,66.50868466811113,2.5086846681111297,test
img08999,4727,images/img08999.jpg,43.0,47.40003820259436,4.400038202594359,test
img09027,4742,images/img09027.jpg,71.0,70.84955303394095,0.1504469660590501,test
img09028,4742,images/img09028.jpg,71.0,67.43554103495146,3.5644589650485443,test
img09083,4771,images/img09083.jpg,68.0,63.5710845697431,4.4289154302569,test
img09108,4785,images/img09108.jpg,57.0,53.83630211847501,3.163697881524996,test
img09109,4785,images/img09109.jpg,57.0,57.06133365290992,0.0613336529099228,test
img09114,4788,images/img09114.jpg,83.0,73.26291905482408,9.73708094517592,test
img09115,4788,images/img09115.jpg,83.0,78.66864745042719,4.331352549572813,test
img09129,4796,images/img09129.jpg,69.0,72.41100398386672,3.4110039838667205,test
img09130,4796,images/img09130.jpg,69.0,69.5633187173174,0.5633187173174008,test
img09131,4797,images/img09131.jpg,78.0,72.23203590247113,5.767964097528875,test
img09132,4797,images/img09132.jpg,78.0,72.77606946705647,5.223930532943527,test
img09155,4809,images/img09155.jpg,76.0,76.65034851512695,0.6503485151269501,test
img09156,4809,images/img09156.jpg,76.0,79.23113632475469,3.2311363247546865,test
img09177,4820,images/img09177.jpg,71.0,72.9129977881028,1.9129977881027995,test
img09178,4820,images/img09178.jpg,71.0,62.61984815198499,8.38015184801501,test
img09180,4821,images/img09180.jpg,70.0,67.43775715535071,2.5622428446492904,test
img09232,4849,images/img09232.jpg,52.0,51.88568673928072,0.1143132607192782,test
img09233,4849,images/img09233.jpg,52.0,57.159567558864545,5.159567558864545,test
img09248,4857,images/img09248.jpg,71.0,75.92389944956824,4.923899449568239,test
img09249,4857,images/img09249.jpg,71.0,64.269750879834,6.730249120165993,test
img09272,4869,images/img09272.jpg,47.0,45.35692242689804,1.6430775731019622,test
img09273,4869,images/img09273.jpg,47.0,42.396392789487706,4.603607210512294,test
img09290,4879,images/img09290.jpg,75.0,73.66721924833021,1.3327807516697874,test
img09291,4879,images/img09291.jpg,75.0,76.3799534705477,1.3799534705477043,test
img09325,4897,images/img09325.jpg,51.0,61.37416627573312,10.374166275733115,test
img09326,4897,images/img09326.jpg,51.0,57.28125739380312,6.281257393803116,test
img09353,4911,images/img09353.jpg,59.0,58.94644836686087,0.0535516331391292,test
img09354,4911,images/img09354.jpg,59.0,62.87759211554492,3.877592115544921,test
img09359,4914,images/img09359.jpg,23.0,19.767617929879748,3.232382070120252,test
img09360,4914,images/img09360.jpg,23.0,27.68883492606313,4.68883492606313,test
img09367,4918,images/img09367.jpg,11.0,20.546850359160267,9.546850359160269,test
img09368,4918,images/img09368.jpg,11.0,19.13775550546179,8.13775550546179,test
img09385,4928,images/img09385.jpg,83.0,80.35095330484215,2.6490466951578497,test
img09386,4928,images/img09386.jpg,83.0,82.1263580282341,0.8736419717659061,test
img09404,4938,images/img09404.jpg,87.0,84.04008269158449,2.9599173084155126,test
img09405,4938,images/img09405.jpg,87.0,76.26327124157402,10.736728758425985,test
img09408,4940,images/img09408.jpg,59.0,59.900510283597505,0.9005102835975052,test
img09409,4940,images/img09409.jpg,59.0,54.57368237240067,4.426317627599332,test
img09417,4945,images/img09417.jpg,83.0,83.74882863186942,0.7488286318694151,test
img09418,4945,images/img09418.jpg,83.0,78.70730740904554,4.292692590954459,test
img09441,4957,images/img09441.jpg,59.0,53.73464550208523,5.265354497914764,test
img09442,4957,images/img09442.jpg,59.0,56.466240127657464,2.533759872342536,test
img09530,5003,images/img09530.jpg,64.0,53.35999818828639,10.64000181171361,test
img09531,5003,images/img09531.jpg,64.0,64.03877867587077,0.0387786758707733,test
img09537,5007,images/img09537.jpg,67.0,40.77468670376571,26.22531329623429,test
img09538,5007,images/img09538.jpg,67.0,47.761879841345056,19.238120158654944,test
img09543,5010,images/img09543.jpg,50.0,50.47369249774691,0.4736924977469101,test
img09544,5010,images/img09544.jpg,50.0,51.17952793551717,1.1795279355171715,test
img09546,5012,images/img09546.jpg,40.0,33.67688603732282,6.3231139626771835,test
img09555,5016,images/img09555.jpg,61.0,54.12899005825646,6.871009941743537,test
img09556,5017,images/img09556.jpg,66.0,68.08053895095443,2.080538950954434,test
img09557,5017,images/img09557.jpg,66.0,71.03797997961937,5.037979979619365,test
img09585,5032,images/img09585.jpg,66.0,57.36544386248723,8.634556137512767,test
img09586,5032,images/img09586.jpg,66.0,59.37625984695611,6.62374015304389,test
img09605,5043,images/img09605.jpg,56.0,56.85016505991783,0.8501650599178276,test
img09628,5055,images/img09628.jpg,59.0,68.53568122161215,9.535681221612151,test
img09629,5055,images/img09629.jpg,59.0,66.14419175539855,7.144191755398552,test
img09654,5068,images/img09654.jpg,69.0,59.87291320455586,9.127086795444145,test
img09655,5068,images/img09655.jpg,69.0,61.96885378717043,7.031146212829569,test
img09687,5085,images/img09687.jpg,53.0,52.80902588747559,0.1909741125244082,test
img09688,5085,images/img09688.jpg,53.0,49.87132163581123,3.1286783641887723,test
img09737,5112,images/img09737.jpg,83.0,78.67611595067032,4.323884049329678,test
img09738,5112,images/img09738.jpg,83.0,79.64001271963643,3.359987280363569,test
img09743,5115,images/img09743.jpg,85.0,81.24785823736924,3.7521417626307567,test
img09744,5115,images/img09744.jpg,85.0,82.30742335349177,2.692576646508229,test
img09746,5117,images/img09746.jpg,82.0,81.86368232429749,0.1363176757025144,test
img09747,5118,images/img09747.jpg,80.0,77.70168170370347,2.2983182962965287,test
img09769,5130,images/img09769.jpg,74.0,73.58579100159355,0.4142089984064512,test
img09770,5130,images/img09770.jpg,74.0,70.35044607552024,3.6495539244797617,test
img09799,5146,images/img09799.jpg,28.0,29.043102612088926,1.0431026120889264,test
img09800,5146,images/img09800.jpg,28.0,34.35266970462003,6.352669704620027,test
img09845,5170,images/img09845.jpg,60.0,59.317735509916574,0.6822644900834263,test
img09846,5170,images/img09846.jpg,60.0,54.9376163472665,5.0623836527335015,test
img09851,5173,images/img09851.jpg,63.0,51.04031369500391,11.95968630499609,test
img09852,5173,images/img09852.jpg,63.0,66.65106713193138,3.651067131931384,test
img09853,5174,images/img09853.jpg,57.0,46.67532647945494,10.324673520545062,test
img09854,5174,images/img09854.jpg,57.0,52.40339351332592,4.596606486674084,test
img09855,5175,images/img09855.jpg,76.0,80.59587387093441,4.595873870934412,test
img09856,5175,images/img09856.jpg,76.0,68.06333457137859,7.93666542862141,test
img09912,5204,images/img09912.jpg,57.0,49.37485395463764,7.6251460453623565,test
img09913,5204,images/img09913.jpg,57.0,46.43429721138656,10.565702788613445,test
img09928,5212,images/img09928.jpg,67.0,68.24737508189668,1.2473750818966778,test
img09929,5212,images/img09929.jpg,67.0,64.38092279959648,2.619077200403524,test
img09938,5217,images/img09938.jpg,62.0,68.62284935105612,6.622849351056118,test
img09939,5217,images/img09939.jpg,62.0,57.73009021045507,4.269909789544933,test
img09943,5220,images/img09943.jpg,72.0,72.63644406641009,0.6364440664100925,test
img09944,5220,images/img09944.jpg,72.0,69.31577196130321,2.684228038696787,test
img10002,5251,images/img10002.jpg,79.0,75.1163373236879,3.883662676312099,test
img10003,5251,images/img10003.jpg,79.0,72.7595772560932,6.240422743906805,test
img10036,5268,images/img10036.jpg,53.0,52.22661537767918,0.773384622320819,test
img10040,5270,images/img10040.jpg,80.0,81.91555393769755,1.9155539376975528,test
img10052,5277,images/img10052.jpg,22.0,21.96480969445573,0.035190305544269,test
img10053,5277,images/img10053.jpg,22.0,31.68882318565874,9.68882318565874,test
img10062,5282,images/img10062.jpg,25.0,33.02888021774646,8.028880217746462,test
img10063,5282,images/img10063.jpg,25.0,29.560359509330635,4.560359509330635,test
img10079,5292,images/img10079.jpg,65.0,62.96382613715328,2.0361738628467236,test
img10090,5298,images/img10090.jpg,15.0,30.53013684974986,15.53013684974986,test
img10091,5298,images/img10091.jpg,15.0,13.873082300782343,1.1269176992176568,test
img10106,5306,images/img10106.jpg,62.0,56.93467908662909,5.065320913370911,test
img10107,5306,images/img10107.jpg,62.0,57.02624527305079,4.97375472694921,test
img10111,5308,images/img10111.jpg,57.0,54.753995994417615,2.2460040055823853,test
img10148,5327,images/img10148.jpg,87.0,80.6737848990256,6.3262151009743945,test
img10149,5327,images/img10149.jpg,87.0,80.90008874503168,6.099911254968319,test
img10156,5331,images/img10156.jpg,50.0,51.05142919653399,1.051429196533988,test
img10157,5331,images/img10157.jpg,50.0,53.89296560146374,3.892965601463743,test
img10178,5342,images/img10178.jpg,75.0,64.76978976486947,10.230210235130528,test
img10179,5342,images/img10179.jpg,75.0,68.02944385218245,6.970556147817547,test
img10186,5346,images/img10186.jpg,61.0,61.01580041243144,0.0158004124314388,test
img10187,5346,images/img10187.jpg,61.0,69.80171634241168,8.80171634241168,test
img10327,5419,images/img10327.jpg,76.0,84.09547915790304,8.095479157903043,test
img10328,5419,images/img10328.jpg,76.0,82.42238023676093,6.4223802367609295,test
img10331,5421,images/img10331.jpg,68.0,62.15865190281534,5.841348097184657,test
img10332,5421,images/img10332.jpg,68.0,64.04627498667993,3.953725013320067,test
img10345,5428,images/img10345.jpg,90.0,80.05090892503952,9.949091074960478,test
img10346,5428,images/img10346.jpg,90.0,79.01744429779237,10.982555702207634,test
img10349,5430,images/img10349.jpg,72.0,71.38841819568574,0.6115818043142554,test
img10350,5430,images/img10350.jpg,72.0,67.37487692024297,4.6251230797570315,test
img10369,5440,images/img10369.jpg,82.0,75.51182320367695,6.488176796323046,test
img10371,5442,images/img10371.jpg,75.0,80.41171775571046,5.411717755710455,test
img10372,5442,images/img10372.jpg,75.0,81.02331027415983,6.023310274159826,test
img10382,5448,images/img10382.jpg,63.0,67.36353675296375,4.363536752963753,test
img10384,5450,images/img10384.jpg,63.0,72.96489993859498,9.964899938594982,test
img10385,5450,images/img10385.jpg,63.0,62.99772394531723,0.0022760546827669,test
img10433,5475,images/img10433.jpg,61.0,66.90920807768883,5.909208077688831,test
img10434,5475,images/img10434.jpg,61.0,66.8464979778086,5.846497977808596,test
img10449,5484,images/img10449.jpg,72.0,63.848884859160385,8.151115140839615,test
img10463,5491,images/img10463.jpg,16.0,17.2053334168532,1.2053334168532004,test
img10464,5491,images/img10464.jpg,16.0,16.739463901979434,0.739463901979434,test
img10479,5500,images/img10479.jpg,61.0,77.44775051421625,16.447750514216253,test
img10480,5500,images/img10480.jpg,61.0,68.83141441837432,7.831414418374322,test
img10526,5524,images/img10526.jpg,25.0,29.747966315963648,4.747966315963648,test
img10539,5531,images/img10539.jpg,61.0,66.74704085000897,5.747040850008972,test
img10540,5531,images/img10540.jpg,61.0,66.38764545045882,5.38764545045882,test
img10587,5555,images/img10587.jpg,13.0,18.631433068418332,5.631433068418332,test
img10588,5555,images/img10588.jpg,13.0,21.736667079260137,8.736667079260137,test
img10595,5559,images/img10595.jpg,36.0,36.00605257035979,0.0060525703597917,test
img10619,5572,images/img10619.jpg,31.0,36.655679037039135,5.655679037039135,test
img10620,5572,images/img10620.jpg,31.0,36.49299704123504,5.492997041235043,test
img10625,5575,images/img10625.jpg,38.0,38.463067001980434,0.4630670019804341,test
img10640,5583,images/img10640.jpg,81.0,84.43259774875486,3.4325977487548585,test
img10641,5583,images/img10641.jpg,81.0,79.98998960748978,1.0100103925102246,test
img10644,5585,images/img10644.jpg,35.0,49.044611117258775,14.044611117258777,test
img10659,5593,images/img10659.jpg,66.0,58.13877329463761,7.861226705362391,test
img10660,5593,images/img10660.jpg,66.0,57.84619427957311,8.153805720426888,test
img10665,5596,images/img10665.jpg,85.0,67.82456177629547,17.175438223704532,test
img10666,5596,images/img10666.jpg,85.0,61.50044260468326,23.499557395316742,test
img10680,5605,images/img10680.jpg,53.0,43.774738972646645,9.225261027353357,test
img10681,5605,images/img10681.jpg,53.0,58.46433659530237,5.46433659530237,test
img10747,5640,images/img10747.jpg,76.0,52.537006378656834,23.462993621343166,test
img10748,5640,images/img10748.jpg,76.0,53.6578141783224,22.342185821677596,test
img10753,5643,images/img10753.jpg,62.0,67.53594045016494,5.535940450164944,test
img10754,5643,images/img10754.jpg,62.0,58.0946713262864,3.9053286737135977,test
img10758,5645,images/img10758.jpg,80.0,79.56934334481835,0.4306566551816502,test
img10763,5648,images/img10763.jpg,78.0,75.03965868538566,2.9603413146143396,test
img10764,5648,images/img10764.jpg,78.0,61.425838852729214,16.574161147270786,test
img10772,5653,images/img10772.jpg,65.0,59.44459286157473,5.555407138425267,test
img10773,5653,images/img10773.jpg,65.0,69.21436155021863,4.2143615502186265,test
img10822,5678,images/img10822.jpg,55.0,56.768126752970375,1.7681267529703746,test
img10823,5678,images/img10823.jpg,55.0,65.74812785188017,10.74812785188017,test
img10850,5693,images/img10850.jpg,68.0,55.63668427464925,12.363315725350752,test
img10851,5693,images/img10851.jpg,68.0,53.87104569502952,14.128954304970478,test
img10852,5694,images/img10852.jpg,59.0,67.2336341443249,8.233634144324895,test
img10853,5694,images/img10853.jpg,59.0,57.00130866999657,1.9986913300034317,test
img10869,5704,images/img10869.jpg,80.0,76.53208053858413,3.4679194614158746,test
img10870,5704,images/img10870.jpg,80.0,77.68142688674737,2.3185731132526257,test
img10918,5730,images/img10918.jpg,65.0,59.56786973918234,5.432130260817658,test
img10919,5730,images/img10919.jpg,65.0,58.59186228666632,6.40813771333368,test
img10953,5749,images/img10953.jpg,48.0,49.63646903992844,1.6364690399284427,test
img10954,5749,images/img10954.jpg,48.0,50.61941059357557,2.619410593575573,test
img10985,5766,images/img10985.jpg,59.0,57.927215864944685,1.072784135055315,test
img10986,5766,images/img10986.jpg,59.0,55.55582750777932,3.44417249222068,test
img11007,5778,images/img11007.jpg,71.0,63.746744284391106,7.253255715608894,test
img11020,5785,images/img11020.jpg,51.0,44.59820874229833,6.401791257701667,test
img11021,5785,images/img11021.jpg,51.0,51.66032027294156,0.6603202729415614,test
img11029,5790,images/img11029.jpg,81.0,73.65193216189506,7.348067838104939,test
img11030,5790,images/img11030.jpg,81.0,68.39494012649311,12.605059873506889,test
img11040,5796,images/img11040.jpg,49.0,52.220124609688966,3.220124609688966,test
img11041,5796,images/img11041.jpg,49.0,50.15861896087646,1.15861896087646,test
img11054,5805,images/img11054.jpg,73.0,81.01120886079859,8.01120886079859,test
img11055,5805,images/img11055.jpg,73.0,82.35949563921146,9.35949563921146,test
img11059,5808,images/img11059.jpg,77.0,75.0649106793444,1.9350893206556063,test
img11091,5826,images/img11091.jpg,58.0,58.76344148238038,0.7634414823803795,test
img11092,5826,images/img11092.jpg,58.0,60.84138508428715,2.841385084287147,test
img11103,5832,images/img11103.jpg,72.0,73.50472701874142,1.50472701874142,test
img11158,5864,images/img11158.jpg,84.0,85.86220480347156,1.862204803471556,test
img11159,5864,images/img11159.jpg,84.0,78.32567228155177,5.674327718448225,test
img11173,5872,images/img11173.jpg,61.0,52.313294913649294,8.686705086350706,test
img11174,5872,images/img11174.jpg,61.0,51.94740656488807,9.05259343511193,test
img11195,5883,images/img11195.jpg,65.0,61.17241425178799,3.827585748212009,test
img11196,5883,images/img11196.jpg,65.0,57.787749693421475,7.212250306578525,test
img11201,5886,images/img11201.jpg,74.0,67.22072786046432,6.779272139535678,test
img11202,5886,images/img11202.jpg,74.0,72.82766188418577,1.1723381158142274,test
img11228,5902,images/img11228.jpg,59.0,71.77060626266888,12.770606262668878,test
img11229,5902,images/img11229.jpg,59.0,65.3522777080066,6.352277708006596,test
img11255,5916,images/img11255.jpg,79.0,69.48788119368756,9.512118806312444,test
img11256,5916,images/img11256.jpg,79.0,73.63549775328471,5.36450224671529,test
img11291,5935,images/img11291.jpg,77.0,74.26584222751393,2.7341577724860713,test
img11337,5961,images/img11337.jpg,54.0,59.588669316049575,5.588669316049575,test
img11338,5961,images/img11338.jpg,54.0,56.15046812296802,2.1504681229680216,test
img11345,5965,images/img11345.jpg,64.0,63.27203700787596,0.7279629921240414,test
img11346,5965,images/img11346.jpg,64.0,80.4950731110817,16.495073111081695,test
img11349,5967,images/img11349.jpg,30.0,33.56740401842582,3.567404018425819,test
img11350,5967,images/img11350.jpg,30.0,25.947714632233534,4.052285367766466,test
img11356,5971,images/img11356.jpg,68.0,73.63638987261865,5.6363898726186505,test
img11357,5971,images/img11357.jpg,68.0,72.24964380790706,4.249643807907063,test
img11371,5979,images/img11371.jpg,74.0,73.84181071005939,0.1581892899406085,test
img11372,5979,images/img11372.jpg,74.0,74.82110907955608,0.8211090795560807,test
img11382,5985,images/img11382.jpg,74.0,76.27011155020791,2.2701115502079148,test
img11383,5985,images/img11383.jpg,74.0,80.29202544194251,6.2920254419425135,test
img11394,5991,images/img11394.jpg,81.0,76.90963242061787,4.090367579382132,test
img11395,5991,images/img11395.jpg,81.0,79.49107459650521,1.5089254034947857,test
img11402,5996,images/img11402.jpg,61.0,61.44674094697712,0.4467409469771226,test
img11432,6013,images/img11432.jpg,44.0,45.43265114351341,1.4326511435134108,test
img11433,6013,images/img11433.jpg,44.0,44.80831593276837,0.8083159327683731,test
img11440,6017,images/img11440.jpg,35.0,34.86212219360534,0.1378778063946626,test
img11441,6017,images/img11441.jpg,35.0,32.238185472818266,2.761814527181734,test
img11472,6034,images/img11472.jpg,56.0,61.79947871514086,5.799478715140857,test
img11473,6034,images/img11473.jpg,56.0,60.64622034735552,4.6462203473555235,test
img11489,6043,images/img11489.jpg,46.0,63.163896985116395,17.163896985116395,test
img11496,6047,images/img11496.jpg,43.0,43.12260846441382,0.1226084644138225,test
img11497,6047,images/img11497.jpg,43.0,44.29345619725774,1.29345619725774,test
img11500,6050,images/img11500.jpg,79.0,82.20534876065368,3.2053487606536777,test
img11525,6064,images/img11525.jpg,81.0,74.45589200151619,6.54410799848381,test
img11526,6064,images/img11526.jpg,81.0,76.34630813869892,4.653691861301084,test
img11527,6065,images/img11527.jpg,71.0,71.29427561252467,0.2942756125246717,test
img11528,6065,images/img11528.jpg,71.0,78.02837624003955,7.028376240039549,test
img11544,6074,images/img11544.jpg,79.0,73.7890175308437,5.210982469156306,test
img11545,6074,images/img11545.jpg,79.0,75.72746306087208,3.2725369391279173,test
img11568,6086,images/img11568.jpg,77.0,69.72890500870378,7.271094991296224,test
img11569,6086,images/img11569.jpg,77.0,70.9076607577952,6.092339242204801,test
img11603,6105,images/img11603.jpg,77.0,63.262110817022744,13.737889182977256,test
img11604,6105,images/img11604.jpg,77.0,71.76246158395749,5.237538416042511,test
img11621,6114,images/img11621.jpg,62.0,64.07313563102689,2.0731356310268865,test
img11622,6114,images/img11622.jpg,62.0,69.53038228224987,7.530382282249875,test
img11628,6118,images/img11628.jpg,31.0,30.1666887418318,0.8333112581682016,test
img11629,6118,images/img11629.jpg,31.0,31.795980023113223,0.7959800231132235,test
img11674,6145,images/img11674.jpg,36.0,39.87564199356966,3.8756419935696584,test
img11675,6145,images/img11675.jpg,36.0,42.44679753185579,6.446797531855793,test
img11681,6149,images/img11681.jpg,19.0,26.67460648562793,7.674606485627926,test
img11687,6153,images/img11687.jpg,82.0,79.76311864405871,2.236881355941293,test
img11688,6153,images/img11688.jpg,82.0,75.84637231634935,6.1536276836506545,test
img11689,6154,images/img11689.jpg,50.0,61.21654034989502,11.21654034989502,test
img11690,6154,images/img11690.jpg,50.0,52.053047453841096,2.0530474538410957,test
img11717,6168,images/img11717.jpg,69.0,63.32051409630425,5.679485903695749,test
img11718,6168,images/img11718.jpg,69.0,61.90787612196254,7.092123878037462,test
img11721,6170,images/img11721.jpg,78.0,72.41926644850486,5.580733551495143,test
img11722,6170,images/img11722.jpg,78.0,70.77651485326305,7.223485146736948,test
img11757,6189,images/img11757.jpg,75.0,67.78670559756603,7.213294402433974,test
img11758,6189,images/img11758.jpg,75.0,70.47657408145153,4.523425918548469,test
img11814,6218,images/img11814.jpg,22.0,23.356354445071204,1.3563544450712044,test
img11815,6218,images/img11815.jpg,22.0,20.003551866006553,1.9964481339934463,test
img11839,6231,images/img11839.jpg,44.0,48.0781939475827,4.078193947582697,test
img11840,6231,images/img11840.jpg,44.0,44.86660360734402,0.8666036073440182,test
img11857,6240,images/img11857.jpg,76.0,62.58904713214468,13.410952867855322,test
img11879,6252,images/img11879.jpg,61.0,58.70650071168912,2.293499288310876,test
img11880,6252,images/img11880.jpg,61.0,55.081000264116575,5.918999735883425,test
img11891,6258,images/img11891.jpg,58.0,76.47291492261016,18.47291492261016,test
img11892,6258,images/img11892.jpg,58.0,71.06614608465426,13.066146084654264,test
img11893,6259,images/img11893.jpg,61.0,56.55159211807837,4.448407881921632,test
img11894,6259,images/img11894.jpg,61.0,57.63893399131133,3.361066008688667,test
img11946,6287,images/img11946.jpg,25.0,26.869886827265415,1.8698868272654143,test
img11947,6287,images/img11947.jpg,25.0,24.96225649501295,0.0377435049870484,test
img11962,6295,images/img11962.jpg,31.0,30.547601885219112,0.4523981147808875,test
img11963,6295,images/img11963.jpg,31.0,33.293662981039034,2.2936629810390343,test
img11980,6304,images/img11980.jpg,24.0,23.919416980486304,0.0805830195136962,test
img11981,6304,images/img11981.jpg,24.0,21.921281250865817,2.0787187491341825,test
img12012,6320,images/img12012.jpg,18.0,12.492408754960016,5.507591245039983,test
img12013,6321,images/img12013.jpg,12.0,15.846986847809106,3.846986847809106,test
img12014,6321,images/img12014.jpg,12.0,15.090840460167977,3.090840460167975,test
img12019,6324,images/img12019.jpg,57.0,57.30083105638085,0.3008310563808436,test
img12148,6391,images/img12148.jpg,49.0,63.47379721139933,14.47379721139933,test
img12151,6394,images/img12151.jpg,73.0,67.53951765238419,5.460482347615809,test
img12152,6394,images/img12152.jpg,73.0,65.16250276783337,7.837497232166626,test
img12216,6430,images/img12216.jpg,64.0,61.272520292795065,2.7274797072049353,test
img12217,6430,images/img12217.jpg,64.0,61.51200689240639,2.48799310759361,test
img12234,6439,images/img12234.jpg,48.0,44.58801153475259,3.4119884652474113,test
img12235,6439,images/img12235.jpg,48.0,49.381767334170526,1.381767334170526,test
img12278,6462,images/img12278.jpg,60.0,61.947632689370955,1.9476326893709557,test
img12279,6462,images/img12279.jpg,60.0,60.71060780608125,0.7106078060812493,test
img12305,6476,images/img12305.jpg,78.0,66.65549391967772,11.344506080322276,test
img12308,6478,images/img12308.jpg,80.0,73.6459065392544,6.354093460745602,test
img12309,6478,images/img12309.jpg,80.0,69.95454903539806,10.04545096460194,test
img12316,6483,images/img12316.jpg,83.0,82.08336834619794,0.9166316538020568,test
img12317,6483,images/img12317.jpg,83.0,77.81280400069124,5.187195999308756,test
img12318,6484,images/img12318.jpg,66.0,59.08960271021487,6.910397289785131,test
img12319,6484,images/img12319.jpg,66.0,68.6498136033942,2.6498136033941933,test
img12392,6523,images/img12392.jpg,79.0,74.26360538551646,4.736394614483544,test
img12393,6523,images/img12393.jpg,79.0,80.78690083188437,1.7869008318843669,test
img12394,6524,images/img12394.jpg,64.0,64.46413364908538,0.4641336490853831,test
img12395,6524,images/img12395.jpg,64.0,67.89791405277799,3.897914052777992,test
img12397,6526,images/img12397.jpg,71.0,72.4944171415909,1.494417141590901,test
img12400,6528,images/img12400.jpg,65.0,65.88458393860913,0.8845839386091257,test
img12401,6528,images/img12401.jpg,65.0,64.74733573197582,0.2526642680241764,test
img12412,6534,images/img12412.jpg,67.0,68.83168161793033,1.8316816179303288,test
img12413,6534,images/img12413.jpg,67.0,70.86128145853421,3.861281458534208,test
img12449,6552,images/img12449.jpg,41.0,48.31058939816061,7.310589398160609,test
img12458,6557,images/img12458.jpg,38.0,39.21722847863405,1.2172284786340484,test
img12459,6557,images/img12459.jpg,38.0,40.49079862691309,2.49079862691309,test
img12468,6562,images/img12468.jpg,33.0,36.08681227290121,3.086812272901213,test
img12469,6562,images/img12469.jpg,33.0,31.71425403972843,1.2857459602715655,test
img12525,6591,images/img12525.jpg,66.0,59.99229142251917,6.007708577480827,test
img12526,6591,images/img12526.jpg,66.0,66.51649562003013,0.5164956200301276,test
img12527,6592,images/img12527.jpg,65.0,54.253261572578694,10.746738427421306,test
img12528,6592,images/img12528.jpg,65.0,56.5557470030112,8.444252996988801,test
img12579,6619,images/img12579.jpg,57.0,58.27380681638342,1.27380681638342,test
img12588,6624,images/img12588.jpg,73.0,72.95163266268119,0.0483673373188082,test
img12589,6624,images/img12589.jpg,73.0,70.47419327887695,2.525806721123047,test
img12604,6632,images/img12604.jpg,87.0,80.60542325588312,6.3945767441168755,test
img12605,6632,images/img12605.jpg,87.0,82.07579732857414,4.92420267142586,test
img12634,6647,images/img12634.jpg,64.0,72.77712517795533,8.777125177955327,test
img12635,6647,images/img12635.jpg,64.0,69.55736943740703,5.557369437407033,test
img12665,6663,images/img12665.jpg,29.0,29.873986351462104,0.8739863514621042,test
img12666,6663,images/img12666.jpg,29.0,27.910835223301763,1.0891647766982366,test
img12676,6669,images/img12676.jpg,31.0,29.604021007393335,1.3959789926066648,test
img12677,6669,images/img12677.jpg,31.0,25.485721146837587,5.514278853162413,test
img12707,6685,images/img12707.jpg,18.0,25.42044811244051,7.420448112440511,test
img12708,6685,images/img12708.jpg,18.0,23.19924328735734,5.199243287357341,test
img12731,6697,images/img12731.jpg,60.0,59.31212350128251,0.6878764987174932,test
img12732,6697,images/img12732.jpg,60.0,51.46217162586607,8.53782837413393,test
img12739,6701,images/img12739.jpg,78.0,66.70995573285545,11.290044267144552,test
img12740,6701,images/img12740.jpg,78.0,73.6413172505536,4.358682749446402,test
img12759,6711,images/img12759.jpg,56.0,53.81424534043148,2.1857546595685236,test
img12760,6711,images/img12760.jpg,56.0,52.59822943121208,3.401770568787917,test
img12765,6714,images/img12765.jpg,64.0,57.83847589321459,6.161524106785407,test
img12766,6714,images/img12766.jpg,64.0,55.773473815518,8.226526184481997,test
img12783,6723,images/img12783.jpg,69.0,69.02074657071186,0.0207465707118643,test
img12784,6723,images/img12784.jpg,69.0,68.8399615323354,0.1600384676646058,test
img12791,6727,images/img12791.jpg,74.0,75.88664419718721,1.8866441971872092,test
img12792,6727,images/img12792.jpg,74.0,76.40500915462854,2.4050091546285444,test
img12807,6735,images/img12807.jpg,42.0,46.636697057928714,4.636697057928714,test
img12828,6746,images/img12828.jpg,41.0,44.48055259820825,3.4805525982082486,test
img12829,6746,images/img12829.jpg,41.0,40.21552964431011,0.7844703556898907,test
img12849,6757,images/img12849.jpg,47.0,45.84512764343349,1.154872356566507,test
img12866,6766,images/img12866.jpg,44.0,63.27122232188273,19.271222321882732,test
img12867,6766,images/img12867.jpg,44.0,52.91277102284398,8.912771022843977,test
img12870,6768,images/img12870.jpg,40.0,38.959257668104115,1.0407423318958848,test
img12871,6768,images/img12871.jpg,40.0,43.79651410054593,3.7965141005459273,test
img12878,6772,images/img12878.jpg,42.0,42.10982508280195,0.1098250828019473,test
img12879,6772,images/img12879.jpg,42.0,43.79716192314295,1.7971619231429514,test
img12889,6777,images/img12889.jpg,45.0,62.14699982095238,17.14699982095238,test
img12899,6783,images/img12899.jpg,55.0,53.14471714192362,1.8552828580763787,test
img12912,6790,images/img12912.jpg,46.0,40.28707041686391,5.712929583136088,test
img12913,6790,images/img12913.jpg,46.0,40.63410156593854,5.365898434061457,test
img12931,6800,images/img12931.jpg,58.0,68.71613144258579,10.716131442585793,test
img12932,6800,images/img12932.jpg,58.0,64.97923550011208,6.9792355001120825,test
img12946,6809,images/img12946.jpg,47.0,37.68055401651836,9.319445983481645,test
img12947,6809,images/img12947.jpg,47.0,37.5410431299674,9.4589568700326,test
img12977,6826,images/img12977.jpg,58.0,51.23097857329021,6.7690214267097915,test
img12978,6826,images/img12978.jpg,58.0,55.482867987378874,2.5171320126211256,test
img12997,6837,images/img12997.jpg,52.0,52.41733478648712,0.4173347864871175,test
img12998,6837,images/img12998.jpg,52.0,49.35267911801478,2.647320881985223,test
img13020,6849,images/img13020.jpg,55.0,54.372309608233515,0.6276903917664853,test
img13021,6849,images/img13021.jpg,55.0,59.69626512420322,4.696265124203222,test
img13035,6857,images/img13035.jpg,63.0,56.8769900208547,6.123009979145301,test
img13036,6857,images/img13036.jpg,63.0,66.73838140317334,3.738381403173335,test
img13048,6864,images/img13048.jpg,73.0,75.48806970845276,2.488069708452755,test
img13049,6864,images/img13049.jpg,73.0,76.78903708141165,3.7890370814116494,test
img13064,6872,images/img13064.jpg,61.0,80.13952756635898,19.13952756635898,test
img13065,6872,images/img13065.jpg,61.0,77.88510274749578,16.88510274749578,test
img13122,6902,images/img13122.jpg,77.0,77.864745413159,0.8647454131589996,test
img13130,6907,images/img13130.jpg,62.0,59.335822465985075,2.664177534014925,test
img13136,6911,images/img13136.jpg,52.0,50.05967551059064,1.940324489409356,test
img13137,6911,images/img13137.jpg,52.0,44.66552121820456,7.33447878179544,test
img13172,6931,images/img13172.jpg,76.0,81.49953622570251,5.4995362257025135,test
img13173,6931,images/img13173.jpg,76.0,77.11739807048889,1.117398070488889,test
img13174,6932,images/img13174.jpg,61.0,66.68324341152733,5.683243411527329,test
img13175,6932,images/img13175.jpg,61.0,63.05843277505346,2.0584327750534612,test
img13178,6934,images/img13178.jpg,94.0,81.22139784705108,12.77860215294892,test
img13179,6934,images/img13179.jpg,94.0,80.28030356101186,13.719696438988136,test
img13184,6937,images/img13184.jpg,54.0,48.88339926431796,5.1166007356820415,test
img13185,6937,images/img13185.jpg,54.0,51.17922256459601,2.82077743540399,test
img13230,6963,images/img13230.jpg,66.0,62.551267841450745,3.448732158549255,test
img13231,6963,images/img13231.jpg,66.0,51.759747954259495,14.240252045740505,test
img13243,6970,images/img13243.jpg,66.0,57.1017217860036,8.898278213996399,test
img13244,6970,images/img13244.jpg,66.0,60.7459430387955,5.254056961204498,test
img13262,6981,images/img13262.jpg,90.0,83.85824521414045,6.141754785859547,test
img13263,6981,images/img13263.jpg,90.0,78.46736002652639,11.532639973473607,test
img13270,6985,images/img13270.jpg,84.0,79.13617469315867,4.863825306841335,test
img13271,6985,images/img13271.jpg,84.0,75.96265974434638,8.037340255653618,test
img13287,6994,images/img13287.jpg,43.0,41.93794705982933,1.0620529401706733,test
img13288,6994,images/img13288.jpg,43.0,46.06160290822007,3.061602908220067,test
img13303,7002,images/img13303.jpg,80.0,79.22770744555429,0.7722925544457127,test
img13304,7002,images/img13304.jpg,80.0,76.2054645261992,3.7945354738008064,test
img13321,7011,images/img13321.jpg,36.0,36.34066493843727,0.3406649384372713,test
img13322,7011,images/img13322.jpg,36.0,37.57106981640049,1.5710698164004882,test
img13333,7017,images/img13333.jpg,55.0,56.565165242055386,1.565165242055386,test
img13334,7017,images/img13334.jpg,55.0,46.33668103399733,8.66331896600267,test
img13350,7026,images/img13350.jpg,59.0,55.54390604513948,3.4560939548605205,test
img13351,7026,images/img13351.jpg,59.0,52.65083338951771,6.349166610482293,test
img13392,7048,images/img13392.jpg,40.0,51.70788779226898,11.707887792268975,test
img13393,7048,images/img13393.jpg,40.0,46.83946334957625,6.839463349576249,test
img13416,7061,images/img13416.jpg,66.0,63.113651471871485,2.886348528128515,test
img13417,7061,images/img13417.jpg,66.0,68.41553085146249,2.415530851462492,test
img13448,7078,images/img13448.jpg,71.0,72.01321691586467,1.0132169158646749,test
img13449,7078,images/img13449.jpg,71.0,75.88646097463452,4.886460974634517,test
img13492,7101,images/img13492.jpg,43.0,51.66342087840172,8.663420878401723,test
img13501,7106,images/img13501.jpg,34.0,31.116187271865403,2.883812728134597,test
img13502,7106,images/img13502.jpg,34.0,31.269149747493277,2.7308502525067233,test
img13509,7110,images/img13509.jpg,42.0,53.13079795362368,11.130797953623675,test
img13510,7110,images/img13510.jpg,42.0,35.74342049084049,6.256579509159508,test
img13511,7111,images/img13511.jpg,53.0,47.37022963824781,5.629770361752193,test
img13512,7111,images/img13512.jpg,53.0,48.96871662785763,4.031283372142369,test
img13515,7113,images/img13515.jpg,45.0,49.80584847439975,4.8058484743997525,test
img13516,7113,images/img13516.jpg,45.0,39.648376229161954,5.351623770838046,test
img13519,7115,images/img13519.jpg,37.0,53.08606956590519,16.08606956590519,test
img13520,7115,images/img13520.jpg,37.0,57.80890276439521,20.808902764395206,test
img13533,7122,images/img13533.jpg,53.0,68.58559409867509,15.585594098675088,test
img13534,7122,images/img13534.jpg,53.0,57.847913763246574,4.847913763246574,test
img13548,7130,images/img13548.jpg,35.0,40.89778499391496,5.897784993914961,test
img13549,7130,images/img13549.jpg,35.0,43.53934816051533,8.539348160515324,test
img13554,7133,images/img13554.jpg,38.0,50.68194455987093,12.681944559870928,test
img13555,7133,images/img13555.jpg,38.0,40.01496093268446,2.0149609326844597,test
img13562,7137,images/img13562.jpg,47.0,37.69400996803701,9.305990031962992,test
img13563,7137,images/img13563.jpg,47.0,40.89471492554691,6.105285074453093,test
img13567,7140,images/img13567.jpg,33.0,48.24214977637219,15.242149776372187,test
img13568,7140,images/img13568.jpg,33.0,43.95643576134486,10.956435761344864,test
img13571,7142,images/img13571.jpg,52.0,48.133591504511685,3.866408495488315,test
img13572,7142,images/img13572.jpg,52.0,57.22631986998728,5.226319869987279,test
img13605,7159,images/img13605.jpg,55.0,54.029203838758775,0.9707961612412248,test
img13606,7159,images/img13606.jpg,55.0,54.63509219199252,0.3649078080074801,test
img13609,7161,images/img13609.jpg,57.0,55.13402219887053,1.8659778011294677,test
img13610,7161,images/img13610.jpg,57.0,62.23620739190549,5.236207391905488,test
img13648,7180,images/img13648.jpg,62.0,48.43148029279408,13.568519707205922,test
img13665,7189,images/img13665.jpg,56.0,50.01338346016427,5.98661653983573,test
img13666,7189,images/img13666.jpg,56.0,56.52361271191691,0.5236127119169112,test
img13673,7193,images/img13673.jpg,36.0,35.898958988310405,0.1010410116895954,test
img13674,7193,images/img13674.jpg,36.0,34.96191959185996,1.03808040814004,test
img13684,7199,images/img13684.jpg,32.0,40.941677701389395,8.941677701389395,test
img13692,7203,images/img13692.jpg,78.0,82.53541546444767,4.5354154644476665,test
img13695,7205,images/img13695.jpg,40.0,70.44399754782678,30.443997547826783,test
img13696,7205,images/img13696.jpg,40.0,41.46998902597695,1.4699890259769504,test
img13704,7209,images/img13704.jpg,41.0,38.28514917843152,2.7148508215684757,test
img13734,7225,images/img13734.jpg,42.0,41.22902737575539,0.7709726242446067,test
img13735,7225,images/img13735.jpg,42.0,39.492226989849726,2.5077730101502738,test
img13748,7232,images/img13748.jpg,75.0,69.33469732414184,5.6653026758581575,test
img13749,7232,images/img13749.jpg,75.0,63.60716687060376,11.392833129396244,test
img13756,7236,images/img13756.jpg,42.0,48.45941246189117,6.459412461891169,test
img13757,7236,images/img13757.jpg,42.0,69.79489348354471,27.794893483544712,test
img13770,7243,images/img13770.jpg,65.0,63.14786228522963,1.8521377147703717,test
img13771,7243,images/img13771.jpg,65.0,70.19284414311166,5.192844143111657,test
img13831,7274,images/img13831.jpg,66.0,73.86122466637188,7.861224666371882,test
img13832,7274,images/img13832.jpg,66.0,78.95062259658084,12.950622596580844,test
img13839,7278,images/img13839.jpg,36.0,27.307452820189752,8.692547179810248,test
img13840,7278,images/img13840.jpg,36.0,34.14068339237444,1.8593166076255585,test
img13868,7293,images/img13868.jpg,77.0,71.26241451934378,5.737585480656222,test
img13869,7293,images/img13869.jpg,77.0,72.21338537346153,4.786614626538466,test
img13893,7306,images/img13893.jpg,73.0,69.49488073144462,3.505119268555376,test
img13894,7306,images/img13894.jpg,73.0,81.04093890119398,8.040938901193982,test
img13895,7307,images/img13895.jpg,62.0,62.45161385846802,0.451613858468022,test
img13896,7307,images/img13896.jpg,62.0,57.04954248413521,4.950457515864791,test
img13909,7314,images/img13909.jpg,79.0,76.04616124151562,2.9538387584843804,test
img13910,7314,images/img13910.jpg,79.0,76.36517133674289,2.6348286632571103,test
img13912,7315,images/img13912.jpg,82.0,79.86851959871655,2.1314804012834543,test
img13931,7325,images/img13931.jpg,63.0,73.48074231410548,10.480742314105484,test
img13932,7325,images/img13932.jpg,63.0,56.54424433477751,6.45575566522249,test
img14017,7368,images/img14017.jpg,77.0,75.59641094883716,1.4035890511628395,test
img14018,7368,images/img14018.jpg,77.0,76.03983570100596,0.9601642989940444,test
img14027,7373,images/img14027.jpg,81.0,76.06656438149056,4.933435618509435,test
img14052,7386,images/img14052.jpg,70.0,67.62454818538006,2.375451814619936,test
img14053,7386,images/img14053.jpg,70.0,64.39273574649826,5.607264253501739,test
img14054,7387,images/img14054.jpg,69.0,67.97947535398744,1.0205246460125608,test
img14055,7387,images/img14055.jpg,69.0,71.94097597141308,2.9409759714130814,test
img14060,7390,images/img14060.jpg,79.0,71.08379325206577,7.9162067479342255,test
img14061,7390,images/img14061.jpg,79.0,74.74630629119807,4.253693708801933,test
img14078,7399,images/img14078.jpg,73.0,62.48172561251486,10.518274387485144,test
img14079,7399,images/img14079.jpg,73.0,58.38901358576796,14.610986414232038,test
img14088,7404,images/img14088.jpg,80.0,68.91106497010568,11.088935029894316,test
img14101,7411,images/img14101.jpg,62.0,61.4183174578801,0.5816825421198999,test
img14102,7411,images/img14102.jpg,62.0,57.07255555712034,4.927444442879661,test
img14125,7422,images/img14125.jpg,76.0,75.83472241570725,0.1652775842927525,test
img14126,7422,images/img14126.jpg,76.0,74.21335332860895,1.786646671391054,test
img14136,7428,images/img14136.jpg,69.0,69.63443851424418,0.6344385142441809,test
img14149,7435,images/img14149.jpg,56.0,65.17830843952927,9.178308439529276,test
img14150,7435,images/img14150.jpg,56.0,65.05996248434052,9.059962484340517,test
img14211,7467,images/img14211.jpg,77.0,79.91042957642433,2.910429576424334,test
img14212,7467,images/img14212.jpg,77.0,80.04712886927979,3.0471288692797884,test
img14234,7478,images/img14234.jpg,66.0,65.87572927250604,0.1242707274939647,test
img14235,7479,images/img14235.jpg,69.0,73.90988334143721,4.909883341437208,test
img14236,7479,images/img14236.jpg,69.0,75.59751464659504,6.5975146465950445,test
img14241,7482,images/img14241.jpg,67.0,65.69932194440642,1.300678055593579,test
img14242,7482,images/img14242.jpg,67.0,73.35337210289134,6.353372102891342,test
img14273,7498,images/img14273.jpg,56.0,57.550861745818665,1.5508617458186649,test
img14274,7498,images/img14274.jpg,56.0,52.148253382174055,3.8517466178259454,test
img14285,7504,images/img14285.jpg,64.0,74.87091071435489,10.870910714354892,test
img14286,7504,images/img14286.jpg,64.0,76.08915092355177,12.08915092355177,test
img14297,7510,images/img14297.jpg,67.0,62.429862723998255,4.570137276001745,test
img14298,7510,images/img14298.jpg,67.0,65.04359351235613,1.956406487643875,test
img14319,7520,images/img14319.jpg,64.0,64.88157133586381,0.8815713358638106,test
img14327,7524,images/img14327.jpg,51.0,56.3915207028344,5.3915207028343985,test
img14328,7524,images/img14328.jpg,51.0,53.43664574419131,2.43664574419131,test
img14331,7526,images/img14331.jpg,61.0,53.71447411682723,7.285525883172767,test
img14332,7526,images/img14332.jpg,61.0,60.01571337217184,0.984286627828162,test
img14352,7537,images/img14352.jpg,59.0,54.945749847220966,4.0542501527790336,test
img14353,7537,images/img14353.jpg,59.0,54.2191990822394,4.780800917760601,test
img14418,7571,images/img14418.jpg,73.0,74.67187976343934,1.6718797634393354,test
img14419,7571,images/img14419.jpg,73.0,60.583375557086846,12.416624442913154,test
img14422,7573,images/img14422.jpg,83.0,84.80335730901375,1.803357309013748,test
img14423,7573,images/img14423.jpg,83.0,76.23342123403103,6.766578765968973,test
img14454,7589,images/img14454.jpg,75.0,76.529408543024,1.5294085430240043,test
img14455,7589,images/img14455.jpg,75.0,74.80011264750576,0.1998873524942439,test
img14470,7597,images/img14470.jpg,83.0,77.78227563345911,5.217724366540892,test
img14471,7597,images/img14471.jpg,83.0,86.72667934417188,3.7266793441718846,test
img14476,7600,images/img14476.jpg,69.0,67.7746543522847,1.2253456477153009,test
img14477,7600,images/img14477.jpg,69.0,58.82159828370409,10.178401716295909,test
img14484,7604,images/img14484.jpg,42.0,48.53050881069365,6.530508810693647,test
img14485,7604,images/img14485.jpg,42.0,44.20444166435122,2.204441664351222,test
img14502,7613,images/img14502.jpg,56.0,55.76222934930426,0.2377706506957366,test
img14503,7613,images/img14503.jpg,56.0,53.400905349701304,2.599094650298696,test
img14512,7618,images/img14512.jpg,77.0,70.92209716809285,6.077902831907153,test
img14513,7618,images/img14513.jpg,77.0,62.42093062455445,14.579069375445556,test
img14518,7621,images/img14518.jpg,56.0,56.80887420812006,0.8088742081200593,test
img14519,7621,images/img14519.jpg,56.0,62.1829910558419,6.182991055841903,test
img14532,7628,images/img14532.jpg,65.0,72.51345374669367,7.513453746693671,test
img14533,7628,images/img14533.jpg,65.0,65.17495862958523,0.1749586295852339,test
img14548,7636,images/img14548.jpg,73.0,71.63008110841552,1.3699188915844758,test
img14579,7652,images/img14579.jpg,74.0,77.25969437608497,3.2596943760849655,test
img14580,7652,images/img14580.jpg,74.0,80.50433239365532,6.504332393655318,test
img14591,7658,images/img14591.jpg,63.0,64.65119569580726,1.6511956958072602,test
img14592,7658,images/img14592.jpg,63.0,70.74767475098074,7.747674750980735,test
img14595,7660,images/img14595.jpg,56.0,48.87803455159951,7.121965448400488,test
img14596,7660,images/img14596.jpg,56.0,54.93402414915379,1.0659758508462076,test
img14615,7670,images/img14615.jpg,65.0,55.36112900680767,9.638870993192327,test
img14616,7670,images/img14616.jpg,65.0,57.59169154205601,7.408308457943988,test
img14631,7678,images/img14631.jpg,59.0,68.69023162603004,9.69023162603004,test
img14632,7678,images/img14632.jpg,59.0,66.48778639099974,7.487786390999744,test
img14653,7689,images/img14653.jpg,58.0,59.87309969893985,1.8730996989398536,test
img14654,7689,images/img14654.jpg,58.0,59.03122805945722,1.03122805945722,test
img14687,7706,images/img14687.jpg,72.0,50.67377643303522,21.326223566964774,test
img14688,7706,images/img14688.jpg,72.0,71.05474266196995,0.9452573380300464,test
img14693,7709,images/img14693.jpg,61.0,56.30915671234648,4.6908432876535215,test
img14694,7709,images/img14694.jpg,61.0,64.43486929934475,3.4348692993447543,test
img14784,7756,images/img14784.jpg,81.0,81.49983505296106,0.4998350529610604,test
img14785,7756,images/img14785.jpg,81.0,75.9784125214363,5.021587478563703,test
img14819,7774,images/img14819.jpg,67.0,74.50191685238654,7.501916852386543,test
img14820,7774,images/img14820.jpg,67.0,66.37973634360088,0.6202636563991177,test
img14860,7796,images/img14860.jpg,50.0,53.54364144395437,3.543641443954364,test
img14861,7796,images/img14861.jpg,50.0,42.26724488326826,7.732755116731738,test
img14876,7804,images/img14876.jpg,60.0,59.96234435064768,0.0376556493523239,test
img14877,7804,images/img14877.jpg,60.0,64.17012579802775,4.170125798027755,test
img14884,7808,images/img14884.jpg,70.0,62.95933609400185,7.0406639059981515,test
img14885,7808,images/img14885.jpg,70.0,64.13396606382636,5.866033936173636,test
img14890,7811,images/img14890.jpg,54.0,56.497849698807315,2.4978496988073147,test
img14891,7811,images/img14891.jpg,54.0,51.31698574792856,2.6830142520714375,test
img14945,7838,images/img14945.jpg,52.0,60.02208144648837,8.022081446488372,test
img14946,7838,images/img14946.jpg,52.0,57.218320174300274,5.218320174300274,test
img14988,7860,images/img14988.jpg,42.0,53.92297238425644,11.92297238425644,test
img15003,7868,images/img15003.jpg,61.0,57.47570887151176,3.524291128488244,test
img15004,7868,images/img15004.jpg,61.0,61.96512008235408,0.9651200823540832,test
img15047,7890,images/img15047.jpg,52.0,55.0748674890009,3.0748674890009013,test
img15048,7890,images/img15048.jpg,52.0,53.94526337089039,1.9452633708903877,test
img15097,7916,images/img15097.jpg,70.0,72.75040304113332,2.7504030411333247,test
img15114,7925,images/img15114.jpg,77.0,74.46930105678622,2.5306989432137783,test
img15115,7925,images/img15115.jpg,77.0,71.59594718309289,5.404052816907111,test
img15132,7934,images/img15132.jpg,64.0,68.28225607536571,4.282256075365709,test
img15133,7934,images/img15133.jpg,64.0,64.55161587433396,0.5516158743339616,test
img15138,7937,images/img15138.jpg,52.0,58.60183291989467,6.601832919894669,test
img15139,7937,images/img15139.jpg,52.0,54.883548517107585,2.8835485171075845,test
img15147,7941,images/img15147.jpg,68.0,63.5232040452215,4.476795954778503,test
img15168,7954,images/img15168.jpg,54.0,55.697005256050346,1.697005256050346,test
img15169,7954,images/img15169.jpg,54.0,57.02470908009318,3.0247090800931815,test
img15182,7961,images/img15182.jpg,83.0,69.98274785874594,13.017252141254062,test
img15183,7961,images/img15183.jpg,83.0,68.22779099035668,14.77220900964332,test
img15209,7975,images/img15209.jpg,85.0,84.89963639801248,0.1003636019875244,test
img15242,7993,images/img15242.jpg,63.0,58.41978093301116,4.580219066988839,test
img15243,7993,images/img15243.jpg,63.0,61.46072202741912,1.5392779725808836,test
img15275,8010,images/img15275.jpg,61.0,57.55042488817721,3.4495751118227886,test
img15276,8010,images/img15276.jpg,61.0,58.39717380567803,2.6028261943219704,test
img15295,8020,images/img15295.jpg,47.0,49.95263264192638,2.952632641926378,test
img15296,8020,images/img15296.jpg,47.0,51.84318728663406,4.843187286634063,test
img15307,8026,images/img15307.jpg,56.0,66.63337197766083,10.633371977660827,test
img15308,8027,images/img15308.jpg,64.0,62.76082536426271,1.2391746357372924,test
img15313,8030,images/img15313.jpg,48.0,54.47537393003929,6.475373930039289,test
img15314,8030,images/img15314.jpg,48.0,53.69348831822862,5.693488318228617,test
img15319,8033,images/img15319.jpg,68.0,72.00970733149225,4.009707331492251,test
img15320,8033,images/img15320.jpg,68.0,66.90288799023133,1.097112009768665,test
img15335,8042,images/img15335.jpg,67.0,74.64787869964692,7.647878699646924,test
img15336,8042,images/img15336.jpg,67.0,66.10739019695752,0.8926098030424754,test
img15339,8044,images/img15339.jpg,74.0,77.48162923669764,3.4816292366976427,test
img15342,8046,images/img15342.jpg,60.0,69.56678140544122,9.56678140544122,test
img15343,8046,images/img15343.jpg,60.0,69.62050705657688,9.620507056576884,test
img15358,8054,images/img15358.jpg,83.0,75.07628574615744,7.923714253842562,test
img15394,8073,images/img15394.jpg,69.0,69.52208273685703,0.5220827368570298,test
img15400,8076,images/img15400.jpg,66.0,69.43401921624782,3.434019216247819,test
img15401,8076,images/img15401.jpg,66.0,65.45437738488465,0.5456226151153487,test
img15402,8077,images/img15402.jpg,78.0,73.11048552525607,4.889514474743933,test
img15403,8077,images/img15403.jpg,78.0,80.25791987249113,2.25791987249113,test
img15408,8080,images/img15408.jpg,55.0,54.942022958719825,0.057977041280175,test
img15409,8080,images/img15409.jpg,55.0,50.34404072950756,4.655959270492438,test
img15420,8086,images/img15420.jpg,65.0,61.73444288851289,3.2655571114871123,test
img15426,8090,images/img15426.jpg,63.0,60.095056917066394,2.904943082933606,test
img15427,8090,images/img15427.jpg,63.0,65.7028195320641,2.7028195320640975,test
img15432,8093,images/img15432.jpg,58.0,58.65875869469248,0.6587586946924802,test
img15433,8093,images/img15433.jpg,58.0,70.8713499740489,12.871349974048895,test
img15440,8097,images/img15440.jpg,59.0,60.15348800691393,1.153488006913932,test
img15441,8097,images/img15441.jpg,59.0,58.493946668550166,0.5060533314498343,test
img15442,8098,images/img15442.jpg,74.0,79.10765523034355,5.107655230343553,test
img15443,8098,images/img15443.jpg,74.0,80.22930443595796,6.229304435957957,test
img15448,8101,images/img15448.jpg,72.0,79.14055458465637,7.140554584656371,test
img15449,8101,images/img15449.jpg,72.0,67.63971639527804,4.360283604721957,test
img15464,8109,images/img15464.jpg,68.0,70.42307636789631,2.4230763678963143,test
img15465,8109,images/img15465.jpg,68.0,70.13845540083292,2.1384554008329246,test
img15466,8110,images/img15466.jpg,70.0,72.9933834112658,2.993383411265796,test
img15467,8110,images/img15467.jpg,70.0,71.99215504718838,1.992155047188376,test
img15519,8137,images/img15519.jpg,74.0,41.175022528348975,32.824977471651025,test
img15520,8137,images/img15520.jpg,74.0,69.18457916052246,4.8154208394775395,test
img15531,8143,images/img15531.jpg,63.0,55.478937018400515,7.521062981599485,test
img15532,8143,images/img15532.jpg,63.0,54.35147267795896,8.64852732204104,test
img15535,8145,images/img15535.jpg,81.0,71.66284740825554,9.337152591744456,test
img15538,8147,images/img15538.jpg,58.0,52.803437599618434,5.196562400381566,test
img15539,8147,images/img15539.jpg,58.0,60.35904653392179,2.3590465339217914,test
img15544,8150,images/img15544.jpg,63.0,70.50405310191383,7.504053101913826,test
img15545,8150,images/img15545.jpg,63.0,65.10930279092628,2.1093027909262787,test
img15558,8157,images/img15558.jpg,46.0,47.39520570776707,1.3952057077670688,test
img15559,8158,images/img15559.jpg,60.0,63.27419587122749,3.274195871227491,test
img15560,8158,images/img15560.jpg,60.0,66.96983402103217,6.96983402103217,test
img15569,8163,images/img15569.jpg,54.0,56.29233806804806,2.2923380680480605,test
img15570,8163,images/img15570.jpg,54.0,51.90200936032172,2.0979906396782795,test
img15579,8168,images/img15579.jpg,73.0,72.98025900531869,0.0197409946813138,test
img15580,8168,images/img15580.jpg,73.0,72.57280040399947,0.4271995960005341,test
img15583,8170,images/img15583.jpg,77.0,75.15479660998663,1.845203390013367,test
img15584,8170,images/img15584.jpg,77.0,74.98400265378412,2.015997346215883,test
img15596,8177,images/img15596.jpg,63.0,60.6676718366089,2.3323281633910966,test
img15597,8177,images/img15597.jpg,63.0,66.76458986248154,3.764589862481543,test
img15638,8199,images/img15638.jpg,70.0,62.22492938942094,7.775070610579057,test
img15639,8199,images/img15639.jpg,70.0,64.71684008305668,5.283159916943319,test
img15667,8214,images/img15667.jpg,59.0,62.195045572954534,3.195045572954534,test
img15668,8214,images/img15668.jpg,59.0,58.7949066839742,0.2050933160258026,test
img15681,8221,images/img15681.jpg,60.0,59.63074288532227,0.3692571146777297,test
img15682,8221,images/img15682.jpg,60.0,58.68094743659836,1.319052563401641,test
img15693,8227,images/img15693.jpg,58.0,54.963575056785615,3.036424943214385,test
img15694,8227,images/img15694.jpg,58.0,56.05806124631059,1.9419387536894137,test
img15699,8230,images/img15699.jpg,73.0,76.20531402195948,3.205314021959481,test
img15700,8230,images/img15700.jpg,73.0,70.28680459433048,2.7131954056695236,test
img15705,8233,images/img15705.jpg,61.0,60.56758569924222,0.4324143007577774,test
img15706,8233,images/img15706.jpg,61.0,61.60711848293692,0.6071184829369187,test
img15709,8235,images/img15709.jpg,58.0,55.24788383661264,2.752116163387356,test
img15710,8235,images/img15710.jpg,58.0,55.35218191147042,2.647818088529583,test
img15724,8243,images/img15724.jpg,66.0,74.40437483650675,8.404374836506747,test
img15758,8263,images/img15758.jpg,62.0,60.447778598726245,1.552221401273755,test
img15759,8263,images/img15759.jpg,62.0,63.60132010807405,1.601320108074049,test
img15800,8285,images/img15800.jpg,63.0,64.16053169805129,1.1605316980512868,test
img15801,8285,images/img15801.jpg,63.0,63.21577405156863,0.2157740515686299,test
img15810,8290,images/img15810.jpg,70.0,71.25968254020987,1.259682540209866,test
img15811,8290,images/img15811.jpg,70.0,62.31625492583435,7.68374507416565,test
img15837,8304,images/img15837.jpg,59.0,65.21236547681642,6.212365476816416,test
img15838,8304,images/img15838.jpg,59.0,63.20876687953853,4.20876687953853,test
img15841,8306,images/img15841.jpg,71.0,78.86502276493911,7.865022764939113,test
img15842,8306,images/img15842.jpg,71.0,77.5043073900352,6.504307390035194,test
img15845,8308,images/img15845.jpg,70.0,74.5471444670306,4.547144467030606,test
img15846,8308,images/img15846.jpg,70.0,70.37374696741486,0.3737469674148599,test
img15864,8318,images/img15864.jpg,63.0,62.200425554219045,0.799574445780955,test
img15865,8318,images/img15865.jpg,63.0,65.38769800833461,2.3876980083346098,test
img15868,8320,images/img15868.jpg,62.0,52.72210859843115,9.277891401568851,test
img15869,8320,images/img15869.jpg,62.0,47.79537794078543,14.204622059214572,test
img15874,8323,images/img15874.jpg,63.0,57.12355260319811,5.876447396801893,test
img15875,8323,images/img15875.jpg,63.0,58.56368193553264,4.436318064467358,test
img15881,8327,images/img15881.jpg,38.0,48.11240639685649,10.112406396856493,test
img15882,8327,images/img15882.jpg,38.0,46.22096072342529,8.220960723425293,test
img15898,8336,images/img15898.jpg,63.0,62.619421178000586,0.3805788219994142,test
img15899,8336,images/img15899.jpg,63.0,68.7137637273364,5.713763727336399,test
img15919,8347,images/img15919.jpg,70.0,66.84213335485693,3.1578666451430735,test
img15920,8347,images/img15920.jpg,70.0,66.50890715263941,3.4910928473605907,test
img15941,8358,images/img15941.jpg,69.0,69.872414073101,0.8724140731009982,test
img15942,8358,images/img15942.jpg,69.0,68.76380420581997,0.2361957941800341,test
img15954,8365,images/img15954.jpg,54.0,52.364496346938466,1.6355036530615337,test
img15955,8365,images/img15955.jpg,54.0,52.05912488047731,1.940875119522687,test
img16037,8409,images/img16037.jpg,63.0,64.591666361254,1.5916663612539992,test
img16038,8409,images/img16038.jpg,63.0,74.04685092445911,11.046850924459108,test
img16059,8420,images/img16059.jpg,57.0,60.1374876612558,3.137487661255797,test
img16060,8420,images/img16060.jpg,57.0,60.17608463712165,3.1760846371216473,test
img16071,8426,images/img16071.jpg,87.0,78.0540361223001,8.945963877699896,test
img16072,8426,images/img16072.jpg,87.0,81.47866848568323,5.5213315143167705,test
img16079,8430,images/img16079.jpg,52.0,54.6372259713041,2.6372259713040975,test
img16080,8430,images/img16080.jpg,52.0,64.48708118319982,12.48708118319982,test
img16082,8432,images/img16082.jpg,50.0,51.15075763230255,1.1507576323025503,test
img16083,8432,images/img16083.jpg,50.0,54.19692281884629,4.196922818846289,test
img16087,8434,images/img16087.jpg,67.0,61.03469414756753,5.965305852432472,test
img16088,8435,images/img16088.jpg,69.0,65.38393267581571,3.616067324184286,test
img16089,8435,images/img16089.jpg,69.0,62.6356309208618,6.3643690791382,test
img16110,8446,images/img16110.jpg,61.0,76.37932091649674,15.379320916496738,test
img16111,8446,images/img16111.jpg,61.0,64.27214313381813,3.2721431338181333,test
img16118,8450,images/img16118.jpg,59.0,61.36048565846533,2.360485658465329,test
img16119,8450,images/img16119.jpg,59.0,62.58513456721737,3.5851345672173665,test
img16124,8453,images/img16124.jpg,54.0,53.94136825573,0.0586317442700021,test
img16125,8453,images/img16125.jpg,54.0,55.16443686996506,1.1644368699650585,test
img16130,8456,images/img16130.jpg,63.0,64.34567154388553,1.3456715438855298,test
img16131,8456,images/img16131.jpg,63.0,65.88246706375926,2.8824670637592646,test
img16150,8466,images/img16150.jpg,72.0,72.90455428213284,0.9045542821328354,test
img16151,8466,images/img16151.jpg,72.0,73.60889340238943,1.6088934023894268,test
img16154,8468,images/img16154.jpg,66.0,69.16272332745115,3.162723327451147,test
img16155,8468,images/img16155.jpg,66.0,68.68150347073714,2.681503470737141,test
img16161,8472,images/img16161.jpg,68.0,78.55282026003275,10.552820260032746,test
img16162,8472,images/img16162.jpg,68.0,77.07223371124994,9.072233711249936,test
img16239,8511,images/img16239.jpg,34.0,37.332086533503855,3.3320865335038548,test
img16240,8511,images/img16240.jpg,34.0,33.26263511422873,0.7373648857712709,test
img16243,8513,images/img16243.jpg,29.0,34.7675073761269,5.7675073761269005,test
img16244,8513,images/img16244.jpg,29.0,35.35784389724296,6.357843897242958,test
img16247,8515,images/img16247.jpg,20.0,29.051550480500616,9.051550480500616,test
img16248,8515,images/img16248.jpg,20.0,26.7503384740746,6.750338474074599,test
img16261,8522,images/img16261.jpg,33.0,31.949147533502444,1.050852466497556,test
img16262,8522,images/img16262.jpg,33.0,30.49994002808927,2.50005997191073,test
img16263,8523,images/img16263.jpg,19.0,19.97705439493368,0.9770543949336812,test
img16264,8523,images/img16264.jpg,19.0,18.75548346147533,0.244516538524671,test
img16265,8524,images/img16265.jpg,20.0,27.941444295705914,7.941444295705914,test
img16266,8524,images/img16266.jpg,20.0,20.07806237076861,0.0780623707686061,test
