image_id,patient_id,image_path,age_true,age_pred,absolute_error,split
img00001,1,images/img00001.jpg,48.0,39.582831632767125,8.417168367232875,validation
img00002,1,images/img00002.jpg,48.0,44.78073766675669,3.2192623332433072,validation
img00015,8,images/img00015.jpg,28.0,35.76886225101451,7.768862251014511,validation
img00016,8,images/img00016.jpg,28.0,34.299724930554184,6.299724930554184,validation
img00029,15,images/img00029.jpg,26.0,25.773976027862737,0.2260239721372663,validation
img00030,15,images/img00030.jpg,26.0,27.05225870382147,1.0522587038214688,validation
img00047,24,images/img00047.jpg,13.0,17.00031174283083,4.0003117428308315,validation
img00048,24,images/img00048.jpg,13.0,16.4153257564976,3.4153257564976016,validation
img00070,36,images/img00070.jpg,39.0,38.441198081583934,0.5588019184160657,validation
img00071,36,images/img00071.jpg,39.0,37.4185806657004,1.5814193342995964,validation
img00074,38,images/img00074.jpg,37.0,34.09592255899558,2.904077441004418,validation
img00075,38,images/img00075.jpg,37.0,36.48008203249101,0.519917967508988,validation
img00094,48,images/img00094.jpg,20.0,17.700653775851585,2.2993462241484153,validation
img00095,48,images/img00095.jpg,20.0,19.657348490250342,0.3426515097496576,validation
img00096,49,images/img00096.jpg,20.0,17.83913512615407,2.160864873845931,validation
img00097,49,images/img00097.jpg,20.0,16.59388922142267,3.406110778577329,validation
img00118,60,images/img00118.jpg,20.0,25.99153099697768,5.99153099697768,validation
img00119,60,images/img00119.jpg,20.0,22.34510991477987,2.3451099147798686,validation
img00130,66,images/img00130.jpg,27.0,22.041012826609332,4.958987173390668,validation
img00131,66,images/img00131.jpg,27.0,22.26578109312616,4.734218906873842,validation
img00132,67,images/img00132.jpg,18.0,21.06973916867644,3.069739168676442,validation
img00133,67,images/img00133.jpg,18.0,21.419676794554213,3.4196767945542135,validation
img00160,81,images/img00160.jpg,28.0,38.59551727659009,10.595517276590089,validation
img00161,81,images/img00161.jpg,28.0,35.62694329662816,7.626943296628163,validation
img00177,90,images/img00177.jpg,25.0,20.903975107789535,4.096024892210465,validation
img00178,90,images/img00178.jpg,25.0,20.125879094579897,4.8741209054201065,validation
img00191,97,images/img00191.jpg,19.0,23.44728954294971,4.4472895429497115,validation
img00192,97,images/img00192.jpg,19.0,24.15291013046473,5.152910130464726,validation
img00197,100,images/img00197.jpg,15.0,24.010585468997405,9.010585468997403,validation
img00198,100,images/img00198.jpg,15.0,22.64666151820049,7.646661518200489,validation
img00209,106,images/img00209.jpg,24.0,22.979160283259397,1.0208397167406034,validation
img00210,106,images/img00210.jpg,24.0,23.00400220769543,0.9959977923045712,validation
img00223,113,images/img00223.jpg,16.0,18.702772078042088,2.702772078042088,validation
img00224,113,images/img00224.jpg,16.0,18.779699375522995,2.779699375522995,validation
img00227,115,images/img00227.jpg,18.0,17.95629286127641,0.0437071387235903,validation
img00228,115,images/img00228.jpg,18.0,18.50651891189863,0.5065189118986311,validation
img00253,128,images/img00253.jpg,18.0,21.036366489435828,3.036366489435828,validation
img00254,128,images/img00254.jpg,18.0,19.916263769414996,1.9162637694149964,validation
img00255,129,images/img00255.jpg,47.0,46.57982608630515,0.4201739136948532,validation
img00256,129,images/img00256.jpg,47.0,39.46165717942115,7.538342820578848,validation
img00269,136,images/img00269.jpg,17.0,15.212299562836884,1.787700437163117,validation
img00270,136,images/img00270.jpg,17.0,17.763930993156826,0.7639309931568263,validation
img00271,137,images/img00271.jpg,17.0,22.01061533262912,5.010615332629122,validation
img00272,137,images/img00272.jpg,17.0,21.22835318756656,4.228353187566562,validation
img00275,139,images/img00275.jpg,15.0,18.90975248840158,3.90975248840158,validation
img00276,139,images/img00276.jpg,15.0,13.68347749583662,1.3165225041633803,validation
img00277,140,images/img00277.jpg,18.0,19.39932314919877,1.3993231491987714,validation
img00278,140,images/img00278.jpg,18.0,19.67048380230178,1.6704838023017814,validation
img00281,142,images/img00281.jpg,16.0,19.591410183489316,3.591410183489316,validation
img00282,142,images/img00282.jpg,16.0,19.05267916682775,3.052679166827751,validation
img00283,143,images/img00283.jpg,14.0,19.71617165454844,5.71617165454844,validation
img00284,143,images/img00284.jpg,14.0,18.64075996883878,4.640759968838779,validation
img00285,144,images/img00285.jpg,24.0,23.48515117473131,0.514848825268686,validation
img00286,144,images/img00286.jpg,24.0,23.34843879455067,0.651561205449326,validation
img00295,149,images/img00295.jpg,17.0,19.130679624974434,2.1306796249744338,validation
img00296,149,images/img00296.jpg,17.0,19.954526745835835,2.9545267458358353,validation
img00319,161,images/img00319.jpg,17.0,20.035637624936584,3.0356376249365837,validation
img00320,161,images/img00320.jpg,17.0,18.891936276372995,1.891936276372995,validation
img00329,166,images/img00329.jpg,66.0,58.88288104718053,7.117118952819467,validation
img00330,166,images/img00330.jpg,66.0,63.07226989491834,2.9277301050816575,validation
img00334,169,images/img00334.jpg,68.0,59.919276962618184,8.080723037381816,validation
img00335,169,images/img00335.jpg,68.0,58.65529927839995,9.344700721600049,validation
img00342,173,images/img00342.jpg,41.0,54.1375360816071,13.137536081607102,validation
img00343,173,images/img00343.jpg,41.0,49.75169966641621,8.751699666416208,validation
img00357,181,images/img00357.jpg,28.0,32.43349635154787,4.433496351547873,validation
img00358,181,images/img00358.jpg,28.0,29.422013394721805,1.4220133947218052,validation
img00366,186,images/img00366.jpg,68.0,72.33716093268949,4.3371609326894855,validation
img00367,186,images/img00367.jpg,68.0,73.36921212881587,5.3692121288158745,validation
img00370,188,images/img00370.jpg,83.0,83.89647110980658,0.8964711098065834,validation
img00371,188,images/img00371.jpg,83.0,83.82703848721918,0.827038487219184,validation
img00375,191,images/img00375.jpg,61.0,71.10627400491502,10.106274004915022,validation
img00376,191,images/img00376.jpg,61.0,66.61063384074947,5.610633840749472,validation
img00388,198,images/img00388.jpg,64.0,58.66428999815452,5.335710001845477,validation
img00389,198,images/img00389.jpg,64.0,60.97493905665469,3.0250609433453093,validation
img00405,208,images/img00405.jpg,53.0,55.43249255516617,2.4324925551661707,validation
img00406,208,images/img00406.jpg,53.0,54.57370391195671,1.5737039119567129,validation
img00418,215,images/img00418.jpg,66.0,66.53622367214724,0.5362236721472442,validation
img00419,215,images/img00419.jpg,66.0,64.69059236177289,1.309407638227114,validation
img00439,226,images/img00439.jpg,65.0,70.55961861284945,5.559618612849448,validation
img00440,226,images/img00440.jpg,65.0,62.64625673830759,2.353743261692408,validation
img00453,233,images/img00453.jpg,78.0,64.47358051665343,13.526419483346572,validation
img00454,233,images/img00454.jpg,78.0,66.8677070788933,11.132292921106696,validation
img00457,235,images/img00457.jpg,54.0,55.02421245153851,1.02421245153851,validation
img00458,235,images/img00458.jpg,54.0,53.677290026776944,0.3227099732230556,validation
img00467,240,images/img00467.jpg,65.0,74.49829711636042,9.49829711636042,validation
img00472,243,images/img00472.jpg,77.0,73.78433335903524,3.2156666409647556,validation
img00473,243,images/img00473.jpg,77.0,74.80047691139026,2.1995230886097374,validation
img00474,244,images/img00474.jpg,42.0,42.51925768900436,0.5192576890043625,validation
img00475,244,images/img00475.jpg,42.0,51.524082308299135,9.524082308299135,validation
img00498,257,images/img00498.jpg,59.0,58.6591262304083,0.3408737695917025,validation
img00499,257,images/img00499.jpg,59.0,55.89447622506822,3.1055237749317826,validation
img00516,268,images/img00516.jpg,84.0,79.46874980094785,4.5312501990521525,validation
img00517,268,images/img00517.jpg,84.0,72.23160074890848,11.768399251091523,validation
img00542,281,images/img00542.jpg,85.0,80.44735454220935,4.552645457790646,validation
img00543,281,images/img00543.jpg,85.0,80.06865751922129,4.93134248077871,validation
img00550,285,images/img00550.jpg,63.0,46.45397618603419,16.54602381396581,validation
img00551,285,images/img00551.jpg,63.0,55.933790277293575,7.066209722706425,validation
img00560,290,images/img00560.jpg,62.0,58.32717883708627,3.672821162913728,validation
img00561,290,images/img00561.jpg,62.0,63.625526206627825,1.6255262066278249,validation
img00568,294,images/img00568.jpg,65.0,69.62121268152684,4.621212681526842,validation
img00569,294,images/img00569.jpg,65.0,59.09908420466415,5.900915795335848,validation
img00572,296,images/img00572.jpg,65.0,72.00426845726437,7.004268457264374,validation
img00573,296,images/img00573.jpg,65.0,75.66749257439879,10.667492574398793,validation
img00577,299,images/img00577.jpg,56.0,50.178008923759435,5.821991076240565,validation
img00578,299,images/img00578.jpg,56.0,51.53516291029537,4.464837089704631,validation
img00589,305,images/img00589.jpg,59.0,58.60672158115925,0.393278418840751,validation
img00590,305,images/img00590.jpg,59.0,59.848958491706824,0.8489584917068242,validation
img00598,310,images/img00598.jpg,78.0,85.11367960153413,7.11367960153413,validation
img00599,310,images/img00599.jpg,78.0,73.04078461250224,4.959215387497764,validation
img00600,311,images/img00600.jpg,27.0,28.773508075567275,1.7735080755672747,validation
img00601,311,images/img00601.jpg,27.0,27.303740382276843,0.3037403822768425,validation
img00602,312,images/img00602.jpg,60.0,68.48765510059779,8.487655100597792,validation
img00603,312,images/img00603.jpg,60.0,67.66935918683883,7.669359186838832,validation
img00621,322,images/img00621.jpg,45.0,43.95199588627334,1.0480041137266625,validation
img00622,322,images/img00622.jpg,45.0,50.61461299828213,5.6146129982821265,validation
img00641,332,images/img00641.jpg,17.0,19.187696738395974,2.187696738395978,validation
img00642,332,images/img00642.jpg,17.0,18.461446163936017,1.4614461639360172,validation
img00661,342,images/img00661.jpg,70.0,70.15513301556976,0.1551330155697599,validation
img00662,342,images/img00662.jpg,70.0,65.12653334515251,4.8734666548474905,validation
img00667,345,images/img00667.jpg,60.0,64.93398825448023,4.9339882544802265,validation
img00668,345,images/img00668.jpg,60.0,71.25359802460584,11.253598024605836,validation
img00686,355,images/img00686.jpg,22.0,28.41233716223269,6.412337162232689,validation
img00732,379,images/img00732.jpg,49.0,44.60809185403946,4.391908145960542,validation
img00733,379,images/img00733.jpg,49.0,44.849830018889094,4.150169981110906,validation
img00772,400,images/img00772.jpg,90.0,80.94409705721198,9.055902942788023,validation
img00773,400,images/img00773.jpg,90.0,86.94488431710472,3.055115682895277,validation
img00776,402,images/img00776.jpg,55.0,49.67281254198773,5.3271874580122685,validation
img00777,402,images/img00777.jpg,55.0,49.248297338806296,5.751702661193704,validation
img00782,405,images/img00782.jpg,63.0,65.22974108223018,2.229741082230177,validation
img00783,405,images/img00783.jpg,63.0,65.1393769189132,2.1393769189132,validation
img00792,410,images/img00792.jpg,60.0,62.77309473163058,2.7730947316305787,validation
img00793,410,images/img00793.jpg,60.0,57.259223245926066,2.7407767540739343,validation
img00800,414,images/img00800.jpg,50.0,54.74107798649489,4.7410779864948935,validation
img00801,414,images/img00801.jpg,50.0,51.97905008128763,1.9790500812876315,validation
img00810,419,images/img00810.jpg,55.0,60.637073397656465,5.637073397656465,validation
img00811,419,images/img00811.jpg,55.0,55.93728868290906,0.9372886829090632,validation
img00823,426,images/img00823.jpg,66.0,67.26680506063545,1.2668050606354484,validation
img00824,426,images/img00824.jpg,66.0,57.34184646088121,8.658153539118793,validation
img00825,427,images/img00825.jpg,69.0,62.491980622413536,6.508019377586464,validation
img00826,427,images/img00826.jpg,69.0,62.767199982241834,6.232800017758166,validation
img00829,429,images/img00829.jpg,60.0,81.14026733696255,21.140267336962552,validation
img00839,435,images/img00839.jpg,63.0,60.28815058478632,2.7118494152136776,validation
img00840,435,images/img00840.jpg,63.0,48.77058106810733,14.229418931892669,validation
img00866,449,images/img00866.jpg,64.0,64.02125747396423,0.0212574739642263,validation
img00867,449,images/img00867.jpg,64.0,57.57464441487194,6.4253555851280595,validation
img00901,466,images/img00901.jpg,71.0,62.815470945298344,8.184529054701656,validation
img00912,472,images/img00912.jpg,76.0,78.2175622505791,2.217562250579107,validation
img00913,472,images/img00913.jpg,76.0,69.17901704731568,6.820982952684318,validation
img00954,494,images/img00954.jpg,45.0,40.16365584968918,4.836344150310822,validation
img00955,494,images/img00955.jpg,45.0,49.24632387922833,4.246323879228328,validation
img00996,516,images/img00996.jpg,38.0,43.78613803288923,5.786138032889227,validation
img00997,516,images/img00997.jpg,38.0,37.82607198533262,0.173928014667382,validation
img01052,547,images/img01052.jpg,66.0,69.2761555373354,3.2761555373353985,validation
img01053,547,images/img01053.jpg,66.0,66.61733455124798,0.6173345512479784,validation
img01058,550,images/img01058.jpg,79.0,81.4872254151382,2.487225415138198,validation
img01059,550,images/img01059.jpg,79.0,77.54427826239365,1.4557217376063534,validation
img01066,554,images/img01066.jpg,88.0,79.71729991856013,8.28270008143987,validation
img01067,554,images/img01067.jpg,88.0,75.3259395615276,12.674060438472395,validation
img01089,566,images/img01089.jpg,54.0,55.92974738441956,1.9297473844195565,validation
img01090,566,images/img01090.jpg,54.0,52.07714067421508,1.92285932578492,validation
img01110,577,images/img01110.jpg,70.0,68.8210612535367,1.1789387464633023,validation
img01111,577,images/img01111.jpg,70.0,65.05767329304227,4.942326706957729,validation
img01113,579,images/img01113.jpg,67.0,71.32212871236538,4.322128712365384,validation
img01114,579,images/img01114.jpg,67.0,58.9251672854876,8.074832714512397,validation
img01123,584,images/img01123.jpg,50.0,51.390805350981495,1.3908053509814948,validation
img01124,584,images/img01124.jpg,50.0,49.77939353713375,0.2206064628662503,validation
img01189,619,images/img01189.jpg,87.0,82.83030343812449,4.1696965618755115,validation
img01212,631,images/img01212.jpg,30.0,36.18125695515214,6.1812569551521435,validation
img01213,631,images/img01213.jpg,30.0,30.79088871688318,0.7908887168831811,validation
img01229,640,images/img01229.jpg,47.0,58.5162735090021,11.516273509002096,validation
img01247,650,images/img01247.jpg,43.0,42.86982895954354,0.1301710404564602,validation
img01248,650,images/img01248.jpg,43.0,41.11044312218709,1.8895568778129077,validation
img01276,666,images/img01276.jpg,79.0,71.74010516069757,7.259894839302433,validation
img01277,666,images/img01277.jpg,79.0,70.40659288181648,8.59340711818352,validation
img01303,681,images/img01303.jpg,59.0,55.387991287070285,3.6120087129297143,validation
img01305,682,images/img01305.jpg,71.0,69.71269090340083,1.2873090965991736,validation
img01335,698,images/img01335.jpg,18.0,22.00570540446111,4.005705404461111,validation
img01336,698,images/img01336.jpg,18.0,20.27193364372705,2.2719336437270456,validation
img01345,703,images/img01345.jpg,41.0,37.31611999676913,3.683880003230868,validation
img01350,706,images/img01350.jpg,65.0,52.657362874178276,12.342637125821724,validation
img01424,745,images/img01424.jpg,74.0,75.23873653254981,1.238736532549808,validation
img01425,745,images/img01425.jpg,74.0,69.11438638246346,4.885613617536535,validation
img01437,753,images/img01437.jpg,86.0,81.16200538410712,4.837994615892882,validation
img01438,753,images/img01438.jpg,86.0,73.95542068944415,12.044579310555848,validation
img01439,754,images/img01439.jpg,67.0,76.88140306017786,9.88140306017786,validation
img01440,754,images/img01440.jpg,67.0,67.04434125396293,0.0443412539629264,validation
img01475,773,images/img01475.jpg,65.0,72.13999165378256,7.139991653782559,validation
img01476,773,images/img01476.jpg,65.0,67.41830939011481,2.418309390114814,validation
img01490,780,images/img01490.jpg,59.0,56.176100739967765,2.823899260032235,validation
img01549,811,images/img01549.jpg,42.0,40.08782243447226,1.9121775655277415,validation
img01550,811,images/img01550.jpg,42.0,48.5348696165088,6.5348696165088,validation
img01650,864,images/img01650.jpg,51.0,53.38971077891486,2.3897107789148606,validation
img01678,881,images/img01678.jpg,76.0,29.947489132184337,46.05251086781566,validation
img01679,881,images/img01679.jpg,76.0,21.45064140595943,54.54935859404057,validation
img01698,891,images/img01698.jpg,21.0,21.654173306130723,0.6541733061307227,validation
img01699,891,images/img01699.jpg,21.0,22.53614560061329,1.5361456006132883,validation
img01724,904,images/img01724.jpg,13.0,14.788597409733022,1.788597409733022,validation
img01725,904,images/img01725.jpg,13.0,17.90139589453603,4.90139589453603,validation
img01765,928,images/img01765.jpg,82.0,76.99393224462382,5.006067755376179,validation
img01766,928,images/img01766.jpg,82.0,75.08455693567905,6.915443064320954,validation
img01790,941,images/img01790.jpg,77.0,77.05115003036498,0.0511500303649796,validation
img01791,941,images/img01791.jpg,77.0,77.23950281453396,0.2395028145339637,validation
img01794,943,images/img01794.jpg,62.0,66.93646570423329,4.936465704233285,validation
img01795,943,images/img01795.jpg,62.0,64.28109104711322,2.2810910471132217,validation
img01827,961,images/img01827.jpg,41.0,24.07030293385031,16.929697066149686,validation
img01828,961,images/img01828.jpg,41.0,27.001270484871892,13.998729515128108,validation
img01854,975,images/img01854.jpg,53.0,53.98597122324873,0.9859712232487324,validation
img01855,975,images/img01855.jpg,53.0,55.053484980857384,2.053484980857384,validation
img01862,979,images/img01862.jpg,55.0,56.828628639377,1.8286286393770013,validation
img01883,993,images/img01883.jpg,69.0,59.10382345229945,9.896176547700549,validation
img01884,993,images/img01884.jpg,69.0,63.25101494648045,5.748985053519547,validation
img01892,998,images/img01892.jpg,71.0,71.12552982271477,0.1255298227147676,validation
img01893,998,images/img01893.jpg,71.0,72.15074943509072,1.1507494350907166,validation
img01911,1008,images/img01911.jpg,81.0,72.30275217353781,8.697247826462188,validation
img01912,1008,images/img01912.jpg,81.0,80.23468550783289,0.7653144921671071,validation
img01918,1012,images/img01918.jpg,58.0,57.8889946043729,0.1110053956271031,validation
img01919,1012,images/img01919.jpg,58.0,60.41576400212695,2.4157640021269486,validation
img01932,1019,images/img01932.jpg,59.0,59.39740214815182,0.3974021481518193,validation
img01933,1019,images/img01933.jpg,59.0,62.84969866311819,3.8496986631181898,validation
img01939,1023,images/img01939.jpg,32.0,36.34545926189942,4.345459261899421,validation
img01940,1023,images/img01940.jpg,32.0,35.24309204873515,3.24309204873515,validation
img01947,1027,images/img01947.jpg,59.0,58.69883699217854,0.301163007821458,validation
img01948,1027,images/img01948.jpg,59.0,59.58327324828119,0.5832732482811878,validation
img01951,1029,images/img01951.jpg,33.0,34.82587248404326,1.8258724840432592,validation
img01952,1029,images/img01952.jpg,33.0,31.51037532543954,1.48962467456046,validation
img01979,1045,images/img01979.jpg,55.0,52.49052183548908,2.5094781645109165,validation
img01980,1045,images/img01980.jpg,55.0,43.721035133719646,11.278964866280354,validation
img02010,1061,images/img02010.jpg,76.0,76.51048863323754,0.5104886332375429,validation
img02027,1070,images/img02027.jpg,37.0,44.20541885129891,7.205418851298916,validation
img02028,1070,images/img02028.jpg,37.0,43.06507440164718,6.0650744016471805,validation
img02087,1103,images/img02087.jpg,69.0,59.34340384440799,9.656596155592013,validation
img02088,1103,images/img02088.jpg,69.0,59.817668333087454,9.182331666912546,validation
img02097,1108,images/img02097.jpg,55.0,61.49291357556112,6.4929135755611185,validation
img02098,1108,images/img02098.jpg,55.0,62.56465781103822,7.564657811038216,validation
img02121,1121,images/img02121.jpg,36.0,37.21033078479725,1.2103307847972502,validation
img02122,1121,images/img02122.jpg,36.0,40.25387659773426,4.253876597734262,validation
img02171,1146,images/img02171.jpg,49.0,50.530345347283934,1.5303453472839337,validation
img02172,1146,images/img02172.jpg,49.0,47.73973172467779,1.2602682753222112,validation
img02179,1150,images/img02179.jpg,34.0,34.17854066171432,0.1785406617143223,validation
img02180,1150,images/img02180.jpg,34.0,40.29367297242348,6.2936729724234795,validation
img02187,1154,images/img02187.jpg,45.0,50.034132868951595,5.034132868951595,validation
img02188,1154,images/img02188.jpg,45.0,52.86116333716863,7.861163337168627,validation
img02189,1155,images/img02189.jpg,40.0,41.53836702827593,1.5383670282759283,validation
img02206,1164,images/img02206.jpg,56.0,50.159473454150486,5.840526545849514,validation
img02207,1164,images/img02207.jpg,56.0,52.29159667378551,3.708403326214487,validation
img02219,1171,images/img02219.jpg,77.0,74.83971925597967,2.1602807440203264,validation
img02220,1171,images/img02220.jpg,77.0,65.62775281598137,11.372247184018631,validation
img02226,1175,images/img02226.jpg,76.0,59.0383246615428,16.961675338457198,validation
img02227,1175,images/img02227.jpg,76.0,72.69780180935378,3.302198190646223,validation
img02232,1178,images/img02232.jpg,89.0,71.24790940058887,17.752090599411133,validation
img02233,1178,images/img02233.jpg,89.0,79.62548142623113,9.374518573768867,validation
img02247,1186,images/img02247.jpg,40.0,54.48480471110345,14.48480471110345,validation
img02248,1186,images/img02248.jpg,40.0,53.371722795743125,13.371722795743125,validation
img02257,1191,images/img02257.jpg,79.0,79.57976958055497,0.5797695805549665,validation
img02258,1191,images/img02258.jpg,79.0,70.61116740556145,8.388832594438554,validation
img02279,1202,images/img02279.jpg,35.0,31.8696376705169,3.1303623294830984,validation
img02280,1202,images/img02280.jpg,35.0,37.04200815183523,2.0420081518352333,validation
img02286,1206,images/img02286.jpg,31.0,33.77565389932897,2.7756538993289723,validation
img02297,1212,images/img02297.jpg,51.0,63.91912616938363,12.919126169383633,validation
img02298,1212,images/img02298.jpg,51.0,54.71605283950616,3.716052839506162,validation
img02338,1233,images/img02338.jpg,19.0,19.607080074186342,0.6070800741863422,validation
img02375,1252,images/img02375.jpg,29.0,30.60676531997221,1.6067653199722116,validation
img02376,1252,images/img02376.jpg,29.0,36.34110118261035,7.341101182610352,validation
img02383,1256,images/img02383.jpg,18.0,20.24778316630534,2.2477831663053394,validation
img02408,1269,images/img02408.jpg,63.0,65.73176869538968,2.7317686953896754,validation
img02426,1278,images/img02426.jpg,75.0,76.64012295170996,1.6401229517099551,validation
img02445,1288,images/img02445.jpg,63.0,65.64895319218262,2.648953192182617,validation
img02446,1288,images/img02446.jpg,63.0,56.286411827283075,6.713588172716925,validation
img02453,1292,images/img02453.jpg,63.0,61.9409968701932,1.059003129806804,validation
img02454,1292,images/img02454.jpg,63.0,68.3791873494032,5.379187349403196,validation
img02457,1294,images/img02457.jpg,61.0,66.81094734953388,5.810947349533876,validation
img02458,1294,images/img02458.jpg,61.0,67.56995004589825,6.569950045898253,validation
img02479,1305,images/img02479.jpg,80.0,76.31409150651696,3.6859084934830406,validation
img02480,1305,images/img02480.jpg,80.0,75.31597138217273,4.684028617827266,validation
img02487,1309,images/img02487.jpg,44.0,46.348320028535106,2.348320028535106,validation
img02488,1309,images/img02488.jpg,44.0,42.31426873329498,1.6857312667050195,validation
img02555,1345,images/img02555.jpg,78.0,72.67046674946859,5.329533250531412,validation
img02556,1345,images/img02556.jpg,78.0,69.75172166956628,8.24827833043372,validation
img02569,1352,images/img02569.jpg,73.0,66.71562908832635,6.284370911673648,validation
img02570,1352,images/img02570.jpg,73.0,75.30166257329572,2.301662573295715,validation
img02571,1353,images/img02571.jpg,82.0,57.90809637344903,24.091903626550973,validation
img02572,1353,images/img02572.jpg,82.0,71.26030527876694,10.739694721233064,validation
img02614,1377,images/img02614.jpg,63.0,57.39098636779997,5.609013632200032,validation
img02615,1377,images/img02615.jpg,63.0,59.778840693115086,3.221159306884914,validation
img02634,1387,images/img02634.jpg,75.0,74.31976309791703,0.6802369020829673,validation
img02635,1387,images/img02635.jpg,75.0,65.16874215011885,9.831257849881156,validation
img02636,1388,images/img02636.jpg,52.0,56.686397020612226,4.686397020612226,validation
img02637,1388,images/img02637.jpg,52.0,55.11688761836239,3.116887618362391,validation
img02642,1391,images/img02642.jpg,64.0,56.27898524737845,7.721014752621549,validation
img02643,1391,images/img02643.jpg,64.0,64.24993994132402,0.2499399413240155,validation
img02655,1398,images/img02655.jpg,64.0,60.96121863210611,3.0387813678938898,validation
img02666,1405,images/img02666.jpg,68.0,69.1882196181468,1.1882196181468032,validation
img02669,1407,images/img02669.jpg,62.0,69.5609204649759,7.560920464975894,validation
img02670,1407,images/img02670.jpg,62.0,73.76374590589717,11.763745905897167,validation
img02759,1455,images/img02759.jpg,59.0,54.359083502863555,4.640916497136445,validation
img02775,1465,images/img02775.jpg,67.0,62.09036551179271,4.909634488207288,validation
img02776,1465,images/img02776.jpg,67.0,61.32921185900245,5.670788140997551,validation
img02845,1502,images/img02845.jpg,68.0,62.65652756205755,5.343472437942452,validation
img02847,1502,images/img02847.jpg,68.0,60.003712294970406,7.996287705029594,validation
img02872,1518,images/img02872.jpg,89.0,83.53956448326386,5.4604355167361405,validation
img02873,1518,images/img02873.jpg,89.0,83.87081777120862,5.129182228791379,validation
img02949,1559,images/img02949.jpg,59.0,58.19464744832568,0.8053525516743179,validation
img02950,1559,images/img02950.jpg,59.0,56.324148993149045,2.675851006850955,validation
img02960,1565,images/img02960.jpg,52.0,46.01050235639592,5.989497643604082,validation
img02961,1565,images/img02961.jpg,52.0,46.97263124585062,5.027368754149379,validation
img02962,1566,images/img02962.jpg,44.0,46.73218654497417,2.73218654497417,validation
img02963,1566,images/img02963.jpg,44.0,43.19367591203984,0.8063240879601636,validation
img03013,1594,images/img03013.jpg,64.0,64.09983050258808,0.0998305025880768,validation
img03014,1594,images/img03014.jpg,64.0,53.833547236522,10.166452763478,validation
img03027,1601,images/img03027.jpg,56.0,57.02638248547586,1.0263824854758568,validation
img03035,1606,images/img03035.jpg,61.0,62.18117300825059,1.181173008250596,validation
img03036,1606,images/img03036.jpg,61.0,65.90994499361113,4.909944993611134,validation
img03043,1610,images/img03043.jpg,69.0,66.35545826475855,2.644541735241446,validation
img03044,1610,images/img03044.jpg,69.0,62.32345349999539,6.676546500004612,validation
img03090,1638,images/img03090.jpg,73.0,76.31162018327646,3.31162018327646,validation
img03091,1638,images/img03091.jpg,73.0,74.37303614572312,1.3730361457231195,validation
img03095,1640,images/img03095.jpg,54.0,59.37829847050743,5.378298470507431,validation
img03098,1642,images/img03098.jpg,68.0,66.54229837225738,1.4577016277426225,validation
img03099,1642,images/img03099.jpg,68.0,67.42073599832756,0.579264001672442,validation
img03107,1647,images/img03107.jpg,88.0,54.1166977880695,33.8833022119305,validation
img03108,1647,images/img03108.jpg,88.0,49.326869822124934,38.673130177875066,validation
img03120,1655,images/img03120.jpg,72.0,76.7867773365951,4.786777336595094,validation
img03121,1655,images/img03121.jpg,72.0,73.94122203222084,1.9412220322208356,validation
img03124,1657,images/img03124.jpg,47.0,60.09127031764406,13.09127031764406,validation
img03125,1657,images/img03125.jpg,47.0,56.838457220596496,9.838457220596496,validation
img03136,1664,images/img03136.jpg,76.0,75.96387686558928,0.0361231344107153,validation
img03137,1664,images/img03137.jpg,76.0,70.77015768505085,5.229842314949153,validation
img03142,1667,images/img03142.jpg,71.0,73.0052470715527,2.005247071552702,validation
img03143,1667,images/img03143.jpg,71.0,71.40266702098897,0.4026670209889715,validation
img03180,1688,images/img03180.jpg,66.0,69.16804986880446,3.1680498688044594,validation
img03181,1688,images/img03181.jpg,66.0,70.72551136576742,4.725511365767417,validation
img03214,1706,images/img03214.jpg,69.0,80.09564576498887,11.095645764988872,validation
img03215,1706,images/img03215.jpg,69.0,81.20635614796329,12.206356147963293,validation
img03237,1718,images/img03237.jpg,81.0,65.61389333860262,15.386106661397378,validation
img03238,1718,images/img03238.jpg,81.0,75.28806920486255,5.711930795137448,validation
img03243,1721,images/img03243.jpg,70.0,76.74130106277238,6.741301062772379,validation
img03244,1721,images/img03244.jpg,70.0,62.56922092508863,7.430779074911371,validation
img03263,1732,images/img03263.jpg,56.0,58.55475406220425,2.5547540622042533,validation
img03264,1732,images/img03264.jpg,56.0,53.24493606111048,2.7550639388895206,validation
img03290,1746,images/img03290.jpg,61.0,57.76510330411276,3.2348966958872367,validation
img03291,1746,images/img03291.jpg,61.0,61.70586235151356,0.7058623515135594,validation
img03314,1758,images/img03314.jpg,47.0,43.35370445266117,3.6462955473388305,validation
img03315,1758,images/img03315.jpg,47.0,46.692100067909855,0.3078999320901445,validation
img03358,1783,images/img03358.jpg,60.0,59.84735747559162,0.1526425244083782,validation
img03361,1784,images/img03361.jpg,62.0,64.43293182991106,2.4329318299110554,validation
img03368,1788,images/img03368.jpg,77.0,75.64872971251462,1.3512702874853773,validation
img03369,1788,images/img03369.jpg,77.0,77.96834031694029,0.9683403169402852,validation
img03370,1789,images/img03370.jpg,61.0,63.47404587057799,2.4740458705779886,validation
img03371,1789,images/img03371.jpg,61.0,61.70189743728548,0.7018974372854814,validation
img03412,1811,images/img03412.jpg,71.0,70.5036648445998,0.4963351554002031,validation
img03413,1811,images/img03413.jpg,71.0,69.15544132159202,1.844558678407978,validation
img03432,1822,images/img03432.jpg,77.0,73.37041834395444,3.629581656045559,validation
img03433,1822,images/img03433.jpg,77.0,72.20663885732485,4.793361142675153,validation
img03437,1825,images/img03437.jpg,57.0,60.90073664933988,3.9007366493398834,validation
img03438,1825,images/img03438.jpg,57.0,65.6526612676538,8.652661267653798,validation
img03474,1847,images/img03474.jpg,31.0,20.911088069031607,10.088911930968392,validation
img03475,1847,images/img03475.jpg,31.0,29.978959786830323,1.0210402131696767,validation
img03487,1854,images/img03487.jpg,75.0,63.93767854345428,11.062321456545718,validation
img03488,1854,images/img03488.jpg,75.0,67.6172454579227,7.382754542077293,validation
img03493,1857,images/img03493.jpg,73.0,72.41186992855029,0.5881300714497115,validation
img03494,1857,images/img03494.jpg,73.0,77.85582858226125,4.855828582261253,validation
img03515,1870,images/img03515.jpg,65.0,59.59924578337329,5.400754216626709,validation
img03516,1870,images/img03516.jpg,65.0,57.47190270926478,7.528097290735218,validation
img03517,1871,images/img03517.jpg,67.0,65.92516991525162,1.0748300847483847,validation
img03518,1871,images/img03518.jpg,67.0,64.14778246209303,2.8522175379069665,validation
img03540,1883,images/img03540.jpg,65.0,66.35366093876546,1.353660938765458,validation
img03541,1883,images/img03541.jpg,65.0,57.38621106185724,7.613788938142761,validation
img03632,1930,images/img03632.jpg,79.0,73.69376579687255,5.306234203127445,validation
img03633,1930,images/img03633.jpg,79.0,68.83986992105905,10.160130078940952,validation
img03653,1941,images/img03653.jpg,73.0,65.12881653809336,7.871183461906639,validation
img03701,1965,images/img03701.jpg,66.0,64.02918184936823,1.9708181506317717,validation
img03702,1965,images/img03702.jpg,66.0,61.1184841111962,4.881515888803797,validation
img03736,1984,images/img03736.jpg,69.0,59.434661490321965,9.565338509678035,validation
img03737,1984,images/img03737.jpg,69.0,70.81380827700922,1.8138082770092152,validation
img03743,1988,images/img03743.jpg,60.0,68.10054838056317,8.100548380563168,validation
img03744,1988,images/img03744.jpg,60.0,66.89116610930067,6.89116610930067,validation
img03757,1995,images/img03757.jpg,70.0,67.16377836488961,2.836221635110391,validation
img03758,1995,images/img03758.jpg,70.0,71.27853810398081,1.2785381039808073,validation
img03759,1996,images/img03759.jpg,84.0,83.54719221263016,0.452807787369835,validation
img03796,2017,images/img03796.jpg,37.0,36.095759640891075,0.9042403591089254,validation
img03797,2017,images/img03797.jpg,37.0,40.26741652625623,3.267416526256227,validation
img03814,2026,images/img03814.jpg,16.0,30.735572955736647,14.735572955736648,validation
img03815,2026,images/img03815.jpg,16.0,14.461833074329247,1.538166925670751,validation
img03858,2048,images/img03858.jpg,23.0,31.023692601068134,8.023692601068138,validation
img03859,2048,images/img03859.jpg,23.0,26.739604686195968,3.739604686195967,validation
img03874,2056,images/img03874.jpg,29.0,26.3320413862752,2.6679586137247995,validation
img03875,2056,images/img03875.jpg,29.0,35.55620630396325,6.5562063039632505,validation
img03894,2066,images/img03894.jpg,38.0,35.31777705116643,2.68222294883357,validation
img03895,2066,images/img03895.jpg,38.0,36.70728454149362,1.292715458506379,validation
img03933,2086,images/img03933.jpg,38.0,43.604887303857986,5.604887303857986,validation
img03934,2086,images/img03934.jpg,38.0,41.44151755002089,3.4415175500208903,validation
img03947,2093,images/img03947.jpg,63.0,56.28026589667905,6.719734103320953,validation
img04017,2132,images/img04017.jpg,71.0,63.47529898196516,7.52470101803484,validation
img04024,2136,images/img04024.jpg,45.0,45.42117683115098,0.42117683115098,validation
img04025,2136,images/img04025.jpg,45.0,45.57546112662328,0.5754611266232814,validation
img04033,2141,images/img04033.jpg,68.0,60.01839736444671,7.981602635553287,validation
img04034,2141,images/img04034.jpg,68.0,70.00635739339303,2.006357393393031,validation
img04053,2151,images/img04053.jpg,46.0,44.37972457309473,1.6202754269052733,validation
img04054,2151,images/img04054.jpg,46.0,44.11754618751543,1.8824538124845704,validation
img04096,2173,images/img04096.jpg,72.0,73.02269138542374,1.022691385423741,validation
img04097,2173,images/img04097.jpg,72.0,71.4423805092853,0.5576194907146999,validation
img04119,2185,images/img04119.jpg,49.0,56.703508152996065,7.703508152996065,validation
img04120,2185,images/img04120.jpg,49.0,61.30559032764061,12.305590327640608,validation
img04180,2216,images/img04180.jpg,50.0,47.73607054545521,2.263929454544787,validation
img04181,2216,images/img04181.jpg,50.0,55.15712814415032,5.15712814415032,validation
img04197,2226,images/img04197.jpg,47.0,50.43220622219223,3.432206222192228,validation
img04199,2228,images/img04199.jpg,64.0,58.25805608418806,5.741943915811937,validation
img04200,2228,images/img04200.jpg,64.0,64.23974764152521,0.2397476415252128,validation
img04203,2230,images/img04203.jpg,22.0,25.2321476775723,3.2321476775723,validation
img04204,2230,images/img04204.jpg,22.0,26.246476454167308,4.246476454167308,validation
img04215,2236,images/img04215.jpg,72.0,70.8407627138534,1.159237286146606,validation
img04216,2236,images/img04216.jpg,72.0,81.2343390304455,9.234339030445495,validation
img04219,2238,images/img04219.jpg,63.0,61.54993341550874,1.4500665844912604,validation
img04220,2238,images/img04220.jpg,63.0,63.24312056286335,0.2431205628633534,validation
img04278,2269,images/img04278.jpg,54.0,49.14685039227221,4.8531496077277865,validation
img04279,2269,images/img04279.jpg,54.0,54.67360873533896,0.6736087353389593,validation
img04284,2272,images/img04284.jpg,56.0,58.8490339524017,2.8490339524016974,validation
img04285,2272,images/img04285.jpg,56.0,59.61606517746639,3.616065177466389,validation
img04304,2283,images/img04304.jpg,64.0,60.61025092467465,3.389749075325348,validation
img04305,2283,images/img04305.jpg,64.0,65.09429271954103,1.0942927195410306,validation
img04319,2292,images/img04319.jpg,73.0,75.34748129879429,2.347481298794293,validation
img04320,2292,images/img04320.jpg,73.0,64.66681378250874,8.33318621749126,validation
img04340,2303,images/img04340.jpg,77.0,78.43461990133675,1.434619901336745,validation
img04349,2308,images/img04349.jpg,77.0,76.09014337904553,0.9098566209544714,validation
img04350,2308,images/img04350.jpg,77.0,80.1808049900158,3.180804990015801,validation
img04351,2309,images/img04351.jpg,84.0,84.99551414237197,0.9955141423719738,validation
img04352,2309,images/img04352.jpg,84.0,84.31017890890519,0.3101789089051863,validation
img04359,2313,images/img04359.jpg,29.0,30.585474423105044,1.585474423105044,validation
img04360,2313,images/img04360.jpg,29.0,30.302814373599652,1.3028143735996522,validation
img04363,2315,images/img04363.jpg,43.0,50.211383784220914,7.211383784220914,validation
img04364,2315,images/img04364.jpg,43.0,75.17137388856366,32.171373888563664,validation
img04395,2332,images/img04395.jpg,63.0,59.5359434820281,3.4640565179718976,validation
img04396,2332,images/img04396.jpg,63.0,60.82048598921793,2.1795140107820714,validation
img04425,2348,images/img04425.jpg,65.0,65.44175356912615,0.4417535691261491,validation
img04426,2348,images/img04426.jpg,65.0,64.26694146735937,0.7330585326406265,validation
img04449,2360,images/img04449.jpg,52.0,54.977910858270846,2.977910858270846,validation
img04450,2360,images/img04450.jpg,52.0,75.288645047171,23.288645047171,validation
img04470,2371,images/img04470.jpg,33.0,39.862459785269614,6.862459785269614,validation
img04471,2371,images/img04471.jpg,33.0,34.032300708793606,1.0323007087936062,validation
img04530,2401,images/img04530.jpg,74.0,78.59578158619766,4.59578158619766,validation
img04531,2401,images/img04531.jpg,74.0,79.58305886161997,5.583058861619975,validation
img04534,2403,images/img04534.jpg,77.0,73.63575949978856,3.3642405002114373,validation
img04535,2403,images/img04535.jpg,77.0,72.77569320645719,4.224306793542809,validation
img04562,2418,images/img04562.jpg,68.0,59.37986458708879,8.62013541291121,validation
img04563,2418,images/img04563.jpg,68.0,70.64371994575666,2.643719945756658,validation
img04590,2432,images/img04590.jpg,40.0,47.27406070090278,7.27406070090278,validation
img04591,2432,images/img04591.jpg,40.0,43.12295309731056,3.122953097310557,validation
img04597,2436,images/img04597.jpg,29.0,23.66173190988974,5.338268090110262,validation
img04598,2436,images/img04598.jpg,29.0,21.992079317714953,7.007920682285047,validation
img04600,2437,images/img04600.jpg,50.0,54.27707641463974,4.277076414639737,validation
img04651,2463,images/img04651.jpg,77.0,76.50239412260603,0.4976058773939655,validation
img04652,2463,images/img04652.jpg,77.0,66.4032433608673,10.596756639132709,validation
img04669,2472,images/img04669.jpg,69.0,68.10053202140668,0.8994679785933215,validation
img04670,2472,images/img04670.jpg,69.0,61.96006619360895,7.039933806391048,validation
img04687,2481,images/img04687.jpg,49.0,54.96692895651878,5.966928956518778,validation
img04688,2481,images/img04688.jpg,49.0,51.04888589300493,2.048885893004929,validation
img04743,2509,images/img04743.jpg,39.0,39.20390667219863,0.2039066721986273,validation
img04744,2509,images/img04744.jpg,39.0,37.82482868943934,1.175171310560657,validation
img04747,2511,images/img04747.jpg,58.0,57.89979260194075,0.100207398059247,validation
img04748,2511,images/img04748.jpg,58.0,67.04868079287463,9.048680792874634,validation
img04763,2519,images/img04763.jpg,56.0,56.8183227797669,0.8183227797669019,validation
img04764,2519,images/img04764.jpg,56.0,57.72835573088816,1.7283557308881612,validation
img04841,2558,images/img04841.jpg,77.0,69.04884832973124,7.951151670268757,validation
img04842,2558,images/img04842.jpg,77.0,67.58710752922548,9.412892470774525,validation
img04899,2589,images/img04899.jpg,56.0,54.08493348656451,1.915066513435484,validation
img04900,2589,images/img04900.jpg,56.0,56.91312872672367,0.91312872672367,validation
img04909,2594,images/img04909.jpg,60.0,64.10077388061237,4.1007738806123655,validation
img04910,2594,images/img04910.jpg,60.0,60.63416310371681,0.6341631037168085,validation
img04937,2608,images/img04937.jpg,42.0,47.46501786278505,5.4650178627850465,validation
img04938,2608,images/img04938.jpg,42.0,40.894637492206186,1.1053625077938136,validation
img04948,2614,images/img04948.jpg,70.0,76.7013520026226,6.701352002622599,validation
img04949,2614,images/img04949.jpg,70.0,71.47469311518532,1.4746931151853175,validation
img04954,2617,images/img04954.jpg,42.0,49.535163872750616,7.535163872750616,validation
img04957,2619,images/img04957.jpg,89.0,88.48421114379275,0.5157888562072515,validation
img04958,2619,images/img04958.jpg,89.0,79.8194399480242,9.180560051975805,validation
img04961,2621,images/img04961.jpg,60.0,57.90273302399362,2.097266976006381,validation
img05037,2660,images/img05037.jpg,68.0,67.54154400656815,0.4584559934318548,validation
img05038,2660,images/img05038.jpg,68.0,70.58367856960524,2.58367856960524,validation
img05041,2662,images/img05041.jpg,57.0,55.59073903834047,1.4092609616595269,validation
img05042,2662,images/img05042.jpg,57.0,63.07395107090035,6.07395107090035,validation
img05049,2666,images/img05049.jpg,49.0,45.24617093745738,3.7538290625426214,validation
img05050,2666,images/img05050.jpg,49.0,51.90943750797883,2.9094375079788364,validation
img05055,2669,images/img05055.jpg,50.0,52.70847160558067,2.7084716055806695,validation
img05056,2669,images/img05056.jpg,50.0,50.186607841716054,0.1866078417160537,validation
img05082,2683,images/img05082.jpg,31.0,33.863611630726204,2.8636116307262043,validation
img05083,2683,images/img05083.jpg,31.0,40.42049678781083,9.420496787810832,validation
img05084,2684,images/img05084.jpg,71.0,70.03935817447609,0.9606418255239078,validation
img05085,2684,images/img05085.jpg,71.0,72.73729717556357,1.7372971755635689,validation
img05100,2692,images/img05100.jpg,13.0,29.314337426701357,16.314337426701357,validation
img05101,2692,images/img05101.jpg,13.0,23.640632960458724,10.640632960458724,validation
img05102,2693,images/img05102.jpg,58.0,60.98841300324548,2.988413003245483,validation
img05103,2693,images/img05103.jpg,58.0,51.460387387198175,6.539612612801825,validation
img05115,2700,images/img05115.jpg,55.0,67.81035439418869,12.810354394188693,validation
img05126,2706,images/img05126.jpg,60.0,60.572565699130536,0.5725656991305357,validation
img05127,2706,images/img05127.jpg,60.0,65.27815655116902,5.278156551169019,validation
img05132,2709,images/img05132.jpg,54.0,56.3392193207607,2.339219320760698,validation
img05133,2709,images/img05133.jpg,54.0,49.618701905369335,4.381298094630665,validation
img05135,2711,images/img05135.jpg,21.0,33.69166598990676,12.69166598990676,validation
img05136,2711,images/img05136.jpg,21.0,37.70945083054316,16.70945083054316,validation
img05143,2715,images/img05143.jpg,36.0,38.468389180892,2.468389180892004,validation
img05144,2715,images/img05144.jpg,36.0,37.98353431960581,1.983534319605809,validation
img05153,2720,images/img05153.jpg,23.0,36.02200601976932,13.02200601976932,validation
img05154,2720,images/img05154.jpg,23.0,29.8201189209702,6.820118920970199,validation
img05175,2731,images/img05175.jpg,34.0,33.58045208164263,0.4195479183573667,validation
img05176,2731,images/img05176.jpg,34.0,31.246628642058027,2.7533713579419725,validation
img05186,2737,images/img05186.jpg,28.0,31.162651638740144,3.162651638740144,validation
img05187,2737,images/img05187.jpg,28.0,33.56756542876985,5.5675654287698535,validation
img05198,2743,images/img05198.jpg,74.0,78.23918687423868,4.239186874238683,validation
img05199,2743,images/img05199.jpg,74.0,75.49828872820716,1.4982887282071573,validation
img05210,2749,images/img05210.jpg,63.0,60.70780221074313,2.2921977892568677,validation
img05211,2749,images/img05211.jpg,63.0,71.21842801937213,8.218428019372126,validation
img05241,2765,images/img05241.jpg,37.0,43.916242404458146,6.916242404458146,validation
img05242,2765,images/img05242.jpg,37.0,45.144678730590336,8.144678730590336,validation
img05243,2766,images/img05243.jpg,47.0,53.37493927856177,6.374939278561769,validation
img05244,2766,images/img05244.jpg,47.0,57.03105459240639,10.031054592406392,validation
img05271,2780,images/img05271.jpg,75.0,66.9632543682917,8.0367456317083,validation
img05272,2780,images/img05272.jpg,75.0,59.314575466187826,15.685424533812174,validation
img05273,2781,images/img05273.jpg,74.0,67.53479967165234,6.465200328347663,validation
img05274,2781,images/img05274.jpg,74.0,62.73918928919359,11.26081071080641,validation
img05295,2792,images/img05295.jpg,59.0,56.87942402476945,2.120575975230551,validation
img05296,2792,images/img05296.jpg,59.0,60.80319572407051,1.8031957240705123,validation
img05299,2794,images/img05299.jpg,35.0,30.970224333994597,4.029775666005403,validation
img05300,2794,images/img05300.jpg,35.0,36.35657040098776,1.3565704009877635,validation
img05304,2796,images/img05304.jpg,66.0,75.41211087303608,9.412110873036085,validation
img05305,2797,images/img05305.jpg,27.0,49.67498122083316,22.67498122083316,validation
img05306,2797,images/img05306.jpg,27.0,31.980666175007467,4.9806661750074674,validation
img05313,2801,images/img05313.jpg,64.0,53.12186994396899,10.878130056031011,validation
img05314,2801,images/img05314.jpg,64.0,57.50488501813364,6.495114981866358,validation
img05336,2813,images/img05336.jpg,69.0,59.53950759692216,9.460492403077836,validation
img05339,2814,images/img05339.jpg,75.0,66.03444035572467,8.96555964427533,validation
img05342,2816,images/img05342.jpg,73.0,63.95155165346344,9.04844834653656,validation
img05343,2816,images/img05343.jpg,73.0,71.49007944716985,1.5099205528301525,validation
img05358,2824,images/img05358.jpg,24.0,27.05711628268871,3.057116282688714,validation
img05439,2865,images/img05439.jpg,58.0,49.23512276477928,8.764877235220716,validation
img05440,2865,images/img05440.jpg,58.0,52.33055218783112,5.669447812168883,validation
img05445,2868,images/img05445.jpg,67.0,61.12041776349338,5.8795822365066215,validation
img05446,2868,images/img05446.jpg,67.0,63.658494269397906,3.341505730602094,validation
img05450,2871,images/img05450.jpg,67.0,75.12578419125596,8.12578419125596,validation
img05451,2871,images/img05451.jpg,67.0,68.61589889076852,1.61589889076852,validation
img05457,2874,images/img05457.jpg,69.0,65.76818199651666,3.2318180034833404,validation
img05460,2876,images/img05460.jpg,69.0,56.583912699067184,12.416087300932816,validation
img05461,2876,images/img05461.jpg,69.0,67.17328739725231,1.8267126027476903,validation
img05477,2885,images/img05477.jpg,69.0,69.467690722747,0.4676907227469939,validation
img05478,2885,images/img05478.jpg,69.0,65.54300038864584,3.456999611354163,validation
img05489,2892,images/img05489.jpg,56.0,47.79558188493634,8.20441811506366,validation
img05504,2900,images/img05504.jpg,76.0,73.31403160336299,2.6859683966370085,validation
img05505,2900,images/img05505.jpg,76.0,65.93576846743659,10.064231532563412,validation
img05522,2909,images/img05522.jpg,68.0,53.002423835506235,14.997576164493765,validation
img05523,2909,images/img05523.jpg,68.0,69.48926517832666,1.4892651783266615,validation
img05546,2921,images/img05546.jpg,82.0,79.20337374557988,2.7966262544201186,validation
img05547,2921,images/img05547.jpg,82.0,81.00926757422839,0.9907324257716112,validation
img05552,2924,images/img05552.jpg,38.0,47.73023905147157,9.730239051471573,validation
img05560,2928,images/img05560.jpg,57.0,51.13965739931853,5.86034260068147,validation
img05561,2928,images/img05561.jpg,57.0,54.233735556044245,2.7662644439557553,validation
img05563,2929,images/img05563.jpg,79.0,74.35789192925465,4.642108070745351,validation
img05603,2951,images/img05603.jpg,66.0,63.70122002370935,2.2987799762906533,validation
img05650,2975,images/img05650.jpg,53.0,62.87333164588958,9.87333164588958,validation
img05651,2975,images/img05651.jpg,53.0,68.43098152946254,15.430981529462542,validation
img05689,2996,images/img05689.jpg,48.0,47.2582490308495,0.7417509691505018,validation
img05690,2996,images/img05690.jpg,48.0,46.79080467451091,1.209195325489084,validation
img05697,3000,images/img05697.jpg,89.0,82.73521529571826,6.2647847042817375,validation
img05698,3000,images/img05698.jpg,89.0,82.42895225522838,6.571047744771619,validation
img05706,3004,images/img05706.jpg,46.0,52.82374312995966,6.823743129959659,validation
img05707,3005,images/img05707.jpg,35.0,40.7602917366645,5.760291736664499,validation
img05708,3005,images/img05708.jpg,35.0,38.92516736719878,3.9251673671987817,validation
img05725,3014,images/img05725.jpg,84.0,80.54201952776769,3.4579804722323075,validation
img05726,3014,images/img05726.jpg,84.0,74.56384062214481,9.43615937785519,validation
img05731,3017,images/img05731.jpg,73.0,80.03697528615135,7.036975286151346,validation
img05732,3017,images/img05732.jpg,73.0,72.27577919631628,0.7242208036837212,validation
img05735,3019,images/img05735.jpg,87.0,81.36216729804137,5.637832701958629,validation
img05736,3019,images/img05736.jpg,87.0,62.47885948829772,24.52114051170228,validation
img05743,3023,images/img05743.jpg,82.0,76.60017389156016,5.399826108439839,validation
img05744,3023,images/img05744.jpg,82.0,79.2477659526325,2.7522340473674944,validation
img05747,3025,images/img05747.jpg,55.0,57.44380285881367,2.443802858813669,validation
img05748,3025,images/img05748.jpg,55.0,57.2910957905165,2.2910957905165006,validation
img05753,3028,images/img05753.jpg,73.0,41.47671045807368,31.523289541926324,validation
img05754,3028,images/img05754.jpg,73.0,47.84463427036788,25.155365729632123,validation
img05757,3030,images/img05757.jpg,31.0,41.613899435013415,10.613899435013415,validation
img05769,3036,images/img05769.jpg,65.0,52.74584137205713,12.254158627942871,validation
img05770,3036,images/img05770.jpg,65.0,59.736821927016635,5.263178072983365,validation
img05771,3037,images/img05771.jpg,75.0,69.79327719888344,5.206722801116555,validation
img05772,3037,images/img05772.jpg,75.0,72.50803232223272,2.4919676777672777,validation
img05804,3054,images/img05804.jpg,67.0,66.65945174493798,0.3405482550620178,validation
img05805,3054,images/img05805.jpg,67.0,72.80600563282366,5.806005632823656,validation
img05931,3120,images/img05931.jpg,39.0,50.18737672207111,11.187376722071107,validation
img05932,3120,images/img05932.jpg,39.0,50.5468102929864,11.5468102929864,validation
img05983,3147,images/img05983.jpg,81.0,81.92340415159214,0.9234041515921376,validation
img05989,3151,images/img05989.jpg,60.0,57.84833719274707,2.151662807252933,validation
img05990,3151,images/img05990.jpg,60.0,56.39804071281684,3.6019592871831634,validation
img06001,3157,images/img06001.jpg,62.0,57.38555519600827,4.614444803991724,validation
img06002,3157,images/img06002.jpg,62.0,61.644691102953864,0.355308897046136,validation
img06020,3168,images/img06020.jpg,68.0,68.94439838737073,0.9443983873707252,validation
img06021,3168,images/img06021.jpg,68.0,66.41580501183113,1.5841949881688748,validation
img06043,3180,images/img06043.jpg,54.0,54.94271086125025,0.942710861250248,validation
img06044,3180,images/img06044.jpg,54.0,53.89786216965396,0.102137830346038,validation
img06065,3191,images/img06065.jpg,51.0,47.39083017871108,3.6091698212889223,validation
img06066,3191,images/img06066.jpg,51.0,46.27501901074292,4.724980989257077,validation
img06166,3243,images/img06166.jpg,51.0,56.10349839448403,5.103498394484028,validation
img06182,3252,images/img06182.jpg,66.0,60.62605332453926,5.3739466754607434,validation
img06183,3252,images/img06183.jpg,66.0,63.40050709971147,2.5994929002885243,validation
img06198,3260,images/img06198.jpg,50.0,56.18561890619285,6.18561890619285,validation
img06199,3261,images/img06199.jpg,51.0,49.28637654736923,1.7136234526307703,validation
img06200,3261,images/img06200.jpg,51.0,46.3412059766826,4.658794023317398,validation
img06201,3262,images/img06201.jpg,32.0,34.105633354288344,2.1056333542883436,validation
img06202,3262,images/img06202.jpg,32.0,37.65147616116171,5.65147616116171,validation
img06216,3271,images/img06216.jpg,67.0,59.28235856135326,7.717641438646737,validation
img06239,3283,images/img06239.jpg,38.0,38.72340225592846,0.7234022559284625,validation
img06244,3286,images/img06244.jpg,51.0,51.49555848304231,0.4955584830423092,validation
img06245,3286,images/img06245.jpg,51.0,49.86795055896376,1.1320494410362445,validation
img06282,3305,images/img06282.jpg,58.0,60.260722277709135,2.260722277709135,validation
img06283,3305,images/img06283.jpg,58.0,67.63157062595621,9.631570625956217,validation
img06299,3314,images/img06299.jpg,83.0,76.75093987777659,6.249060122223412,validation
img06310,3320,images/img06310.jpg,44.0,49.51649643927931,5.516496439279308,validation
img06311,3320,images/img06311.jpg,44.0,49.69276962229571,5.692769622295707,validation
img06337,3334,images/img06337.jpg,53.0,57.94894055211145,4.948940552111452,validation
img06338,3334,images/img06338.jpg,53.0,54.96168611951618,1.9616861195161803,validation
img06392,3362,images/img06392.jpg,40.0,36.240407302580046,3.7595926974199543,validation
img06393,3362,images/img06393.jpg,40.0,29.58844272797265,10.411557272027348,validation
img06462,3398,images/img06462.jpg,67.0,78.17203798989735,11.172037989897348,validation
img06463,3398,images/img06463.jpg,67.0,65.85212519091112,1.1478748090888755,validation
img06473,3404,images/img06473.jpg,42.0,42.76921033163309,0.76921033163309,validation
img06474,3404,images/img06474.jpg,42.0,48.2077541045457,6.2077541045457,validation
img06499,3417,images/img06499.jpg,64.0,68.6862345387942,4.686234538794196,validation
img06558,3448,images/img06558.jpg,36.0,43.81141074844618,7.811410748446178,validation
img06559,3448,images/img06559.jpg,36.0,43.57060287429564,7.570602874295638,validation
img06572,3455,images/img06572.jpg,87.0,84.38968222822812,2.610317771771875,validation
img06573,3455,images/img06573.jpg,87.0,88.47299748732374,1.472997487323738,validation
img06587,3464,images/img06587.jpg,55.0,56.05255748076197,1.052557480761969,validation
img06588,3464,images/img06588.jpg,55.0,56.253321139002466,1.253321139002466,validation
img06616,3481,images/img06616.jpg,57.0,53.88479829258586,3.115201707414137,validation
img06617,3481,images/img06617.jpg,57.0,53.79115030125602,3.2088496987439825,validation
img06639,3493,images/img06639.jpg,86.0,83.57433750630005,2.425662493699946,validation
img06640,3493,images/img06640.jpg,86.0,84.16319515966937,1.836804840330629,validation
img06656,3502,images/img06656.jpg,73.0,75.65326665191466,2.653266651914663,validation
img06657,3502,images/img06657.jpg,73.0,63.545915462177256,9.454084537822744,validation
img06692,3521,images/img06692.jpg,75.0,76.80424455328522,1.8042445532852156,validation
img06695,3523,images/img06695.jpg,85.0,80.80377911894082,4.196220881059176,validation
img06755,3555,images/img06755.jpg,49.0,55.60520993919305,6.6052099391930525,validation
img06756,3555,images/img06756.jpg,49.0,62.53006910116514,13.53006910116514,validation
img06774,3565,images/img06774.jpg,58.0,63.30760454061238,5.307604540612381,validation
img06782,3569,images/img06782.jpg,25.0,38.186880816003544,13.186880816003544,validation
img06783,3569,images/img06783.jpg,25.0,32.77624031101156,7.776240311011563,validation
img06834,3595,images/img06834.jpg,67.0,68.97722903322628,1.97722903322628,validation
img06835,3595,images/img06835.jpg,67.0,71.47199930741655,4.471999307416553,validation
img06906,3632,images/img06906.jpg,87.0,83.77234001157757,3.227659988422431,validation
img06907,3632,images/img06907.jpg,87.0,72.19950626509498,14.800493734905018,validation
img06908,3633,images/img06908.jpg,82.0,76.36208709043922,5.637912909560782,validation
img06909,3633,images/img06909.jpg,82.0,74.94327489778539,7.056725102214614,validation
img06910,3634,images/img06910.jpg,51.0,55.75974984648552,4.759749846485519,validation
img06911,3634,images/img06911.jpg,51.0,52.48827081555599,1.4882708155559925,validation
img06924,3641,images/img06924.jpg,72.0,66.34730158933239,5.652698410667611,validation
img06925,3641,images/img06925.jpg,72.0,61.43224673432654,10.56775326567346,validation
img06939,3649,images/img06939.jpg,70.0,77.0104571739001,7.010457173900093,validation
img06971,3667,images/img06971.jpg,59.0,53.61577578123617,5.384224218763833,validation
img06997,3681,images/img06997.jpg,75.0,69.03414035743586,5.965859642564141,validation
img06998,3681,images/img06998.jpg,75.0,75.14957040479314,0.1495704047931383,validation
img07005,3685,images/img07005.jpg,78.0,74.55620525850547,3.4437947414945285,validation
img07006,3685,images/img07006.jpg,78.0,74.67131373662477,3.328686263375232,validation
img07103,3737,images/img07103.jpg,80.0,73.93462274849257,6.065377251507428,validation
img07104,3737,images/img07104.jpg,80.0,74.7477044537728,5.252295546227202,validation
img07129,3750,images/img07129.jpg,53.0,41.69709992370321,11.302900076296789,validation
img07130,3750,images/img07130.jpg,53.0,58.8631788970612,5.8631788970612035,validation
img07135,3753,images/img07135.jpg,34.0,35.1854074817288,1.1854074817288025,validation
img07136,3753,images/img07136.jpg,34.0,35.6272115867946,1.627211586794601,validation
img07139,3755,images/img07139.jpg,80.0,80.22461262987648,0.224612629876475,validation
img07140,3755,images/img07140.jpg,80.0,83.10960876993889,3.1096087699388875,validation
img07151,3761,images/img07151.jpg,56.0,64.30787752995076,8.307877529950758,validation
img07152,3761,images/img07152.jpg,56.0,51.7984231814239,4.2015768185761,validation
img07163,3768,images/img07163.jpg,37.0,34.81928519702976,2.1807148029702432,validation
img07164,3768,images/img07164.jpg,37.0,36.15353581917378,0.8464641808262172,validation
img07167,3770,images/img07167.jpg,44.0,52.2894618038635,8.289461803863503,validation
img07168,3770,images/img07168.jpg,44.0,61.25167709151052,17.251677091510523,validation
img07179,3776,images/img07179.jpg,28.0,25.054984556442815,2.945015443557182,validation
img07180,3776,images/img07180.jpg,28.0,26.12453312046628,1.8754668795337184,validation
img07277,3827,images/img07277.jpg,16.0,12.23343676405286,3.766563235947139,validation
img07281,3829,images/img07281.jpg,22.0,30.10786775875457,8.107867758754569,validation
img07282,3829,images/img07282.jpg,22.0,25.574178377813,3.574178377813002,validation
img07303,3840,images/img07303.jpg,34.0,36.47074422596624,2.470744225966236,validation
img07319,3848,images/img07319.jpg,22.0,20.66800409090802,1.3319959090919795,validation
img07320,3848,images/img07320.jpg,22.0,20.330756808025136,1.6692431919748645,validation
img07321,3849,images/img07321.jpg,29.0,36.74616698464024,7.74616698464024,validation
img07341,3859,images/img07341.jpg,39.0,40.018674461207794,1.0186744612077945,validation
img07342,3859,images/img07342.jpg,39.0,34.068875420264625,4.931124579735375,validation
img07373,3875,images/img07373.jpg,57.0,60.306432487469664,3.306432487469664,validation
img07374,3875,images/img07374.jpg,57.0,55.916328513655614,1.083671486344386,validation
img07398,3888,images/img07398.jpg,41.0,46.854598841161256,5.8545988411612555,validation
img07399,3888,images/img07399.jpg,41.0,41.16198755245735,0.1619875524573473,validation
img07436,3908,images/img07436.jpg,83.0,77.05631734259511,5.943682657404892,validation
img07437,3908,images/img07437.jpg,83.0,41.57252167519678,41.42747832480322,validation
img07444,3912,images/img07444.jpg,73.0,75.17185375715405,2.1718537571540537,validation
img07493,3937,images/img07493.jpg,71.0,71.77822308593086,0.7782230859308612,validation
img07498,3940,images/img07498.jpg,72.0,76.52582697836303,4.525826978363028,validation
img07499,3940,images/img07499.jpg,72.0,77.5820417392363,5.582041739236303,validation
img07502,3942,images/img07502.jpg,35.0,28.894964997015315,6.105035002984685,validation
img07503,3942,images/img07503.jpg,35.0,35.37560994119164,0.3756099411916409,validation
img07504,3943,images/img07504.jpg,69.0,50.89593595939703,18.10406404060297,validation
img07505,3943,images/img07505.jpg,69.0,67.88750090436658,1.1124990956334244,validation
img07542,3963,images/img07542.jpg,54.0,75.23069000877734,21.230690008777344,validation
img07583,3985,images/img07583.jpg,80.0,61.85414392716429,18.145856072835713,validation
img07584,3985,images/img07584.jpg,80.0,69.34992224578234,10.650077754217662,validation
img07611,3999,images/img07611.jpg,47.0,57.25235028714235,10.252350287142349,validation
img07612,3999,images/img07612.jpg,47.0,55.25328699334885,8.253286993348851,validation
img07647,4017,images/img07647.jpg,59.0,59.20002483530485,0.2000248353048519,validation
img07648,4017,images/img07648.jpg,59.0,54.41137663719586,4.588623362804142,validation
img07655,4021,images/img07655.jpg,84.0,81.30074411847173,2.6992558815282734,validation
img07673,4030,images/img07673.jpg,78.0,77.44418421810133,0.5558157818986729,validation
img07674,4030,images/img07674.jpg,78.0,72.94186951808766,5.058130481912343,validation
img07692,4040,images/img07692.jpg,57.0,50.55110838870167,6.448891611298329,validation
img07715,4052,images/img07715.jpg,82.0,67.34636618231133,14.653633817688672,validation
img07716,4052,images/img07716.jpg,82.0,61.93795570300161,20.062044296998387,validation
img07721,4055,images/img07721.jpg,65.0,60.75850359914891,4.241496400851091,validation
img07722,4055,images/img07722.jpg,65.0,55.79461816160828,9.205381838391723,validation
img07732,4062,images/img07732.jpg,59.0,62.2388226757231,3.2388226757230996,validation
img07733,4062,images/img07733.jpg,59.0,62.65849284205727,3.658492842057271,validation
img07778,4087,images/img07778.jpg,49.0,54.564561052046784,5.564561052046784,validation
img07779,4087,images/img07779.jpg,49.0,48.74835660870978,0.2516433912902229,validation
img07823,4110,images/img07823.jpg,65.0,68.2173691170618,3.217369117061807,validation
img07824,4110,images/img07824.jpg,65.0,61.283581809108725,3.7164181908912752,validation
img07828,4113,images/img07828.jpg,54.0,60.29676095415248,6.296760954152482,validation
img07829,4113,images/img07829.jpg,54.0,64.52866561369345,10.528665613693448,validation
img07832,4115,images/img07832.jpg,75.0,24.74418239533204,50.25581760466796,validation
img07833,4115,images/img07833.jpg,75.0,17.696439657139628,57.30356034286037,validation
img07861,4130,images/img07861.jpg,64.0,67.81724814273379,3.817248142733789,validation
img07878,4138,images/img07878.jpg,45.0,45.50650837262627,0.5065083726262714,validation
img07893,4146,images/img07893.jpg,27.0,28.393469601746983,1.393469601746986,validation
img07904,4152,images/img07904.jpg,77.0,79.08456482626244,2.084564826262437,validation
img07905,4152,images/img07905.jpg,77.0,77.33289396710691,0.3328939671069122,validation
img07935,4168,images/img07935.jpg,71.0,78.04983509091335,7.049835090913348,validation
img07936,4168,images/img07936.jpg,71.0,70.69833771622626,0.3016622837737372,validation
img07957,4179,images/img07957.jpg,80.0,81.38828523668367,1.3882852366836715,validation
img07969,4186,images/img07969.jpg,43.0,49.48316193140384,6.483161931403842,validation
img07970,4186,images/img07970.jpg,43.0,51.921243365912815,8.921243365912815,validation
img07981,4192,images/img07981.jpg,34.0,36.551397048685246,2.5513970486852457,validation
img07982,4192,images/img07982.jpg,34.0,40.12389546514424,6.123895465144237,validation
img08001,4203,images/img08001.jpg,83.0,71.32482688257589,11.675173117424109,validation
img08002,4203,images/img08002.jpg,83.0,59.19929630753581,23.80070369246419,validation
img08003,4204,images/img08003.jpg,63.0,54.68810458390519,8.311895416094814,validation
img08004,4204,images/img08004.jpg,63.0,62.24565480477875,0.7543451952212479,validation
img08049,4227,images/img08049.jpg,61.0,55.29679471534054,5.703205284659461,validation
img08050,4227,images/img08050.jpg,61.0,55.712266985792944,5.287733014207056,validation
img08057,4231,images/img08057.jpg,66.0,70.36647150521833,4.366471505218328,validation
img08058,4231,images/img08058.jpg,66.0,73.37157002857137,7.3715700285713694,validation
img08106,4256,images/img08106.jpg,54.0,54.055527084815026,0.0555270848150257,validation
img08107,4256,images/img08107.jpg,54.0,45.34597924181633,8.65402075818367,validation
img08117,4262,images/img08117.jpg,71.0,68.89842915763242,2.101570842367579,validation
img08118,4262,images/img08118.jpg,71.0,69.85408309294819,1.145916907051813,validation
img08125,4266,images/img08125.jpg,77.0,65.89051467814215,11.109485321857846,validation
img08126,4266,images/img08126.jpg,77.0,83.74375947457823,6.743759474578226,validation
img08135,4271,images/img08135.jpg,27.0,28.78028294757521,1.7802829475752056,validation
img08136,4271,images/img08136.jpg,27.0,30.13483855475523,3.134838554755234,validation
img08141,4274,images/img08141.jpg,68.0,73.97557189840916,5.975571898409157,validation
img08142,4274,images/img08142.jpg,68.0,69.84332749286091,1.843327492860908,validation
img08161,4284,images/img08161.jpg,70.0,67.80164805110445,2.1983519488955494,validation
img08162,4284,images/img08162.jpg,70.0,73.57777610552364,3.5777761055236397,validation
img08169,4288,images/img08169.jpg,61.0,55.40843777880993,5.591562221190067,validation
img08170,4288,images/img08170.jpg,61.0,56.9429124456013,4.057087554398699,validation
img08209,4309,images/img08209.jpg,72.0,69.11029986517214,2.889700134827862,validation
img08210,4309,images/img08210.jpg,72.0,80.20737226015636,8.207372260156362,validation
img08244,4327,images/img08244.jpg,34.0,48.73602889368376,14.73602889368376,validation
img08261,4336,images/img08261.jpg,64.0,56.77246465596644,7.227535344033562,validation
img08315,4365,images/img08315.jpg,32.0,24.460861435904427,7.539138564095573,validation
img08316,4365,images/img08316.jpg,32.0,27.175089794414713,4.824910205585287,validation
img08317,4366,images/img08317.jpg,55.0,51.757475667422966,3.242524332577034,validation
img08318,4366,images/img08318.jpg,55.0,47.32691713552357,7.673082864476427,validation
img08323,4369,images/img08323.jpg,35.0,30.84126837521131,4.158731624788686,validation
img08377,4399,images/img08377.jpg,38.0,37.399257230053834,0.6007427699461658,validation
img08378,4399,images/img08378.jpg,38.0,38.06960093251274,0.069600932512742,validation
img08381,4401,images/img08381.jpg,46.0,52.39247977472589,6.392479774725892,validation
img08382,4401,images/img08382.jpg,46.0,42.356550609160315,3.643449390839685,validation
img08399,4410,images/img08399.jpg,51.0,49.34676092050173,1.6532390794982703,validation
img08422,4422,images/img08422.jpg,33.0,29.768860230633308,3.231139769366692,validation
img08432,4429,images/img08432.jpg,54.0,50.01823831250543,3.981761687494569,validation
img08433,4429,images/img08433.jpg,54.0,46.4201607189579,7.579839281042098,validation
img08442,4434,images/img08442.jpg,62.0,63.997850247552414,1.9978502475524136,validation
img08456,4442,images/img08456.jpg,72.0,36.09739991898186,35.90260008101814,validation
img08457,4442,images/img08457.jpg,72.0,70.39700641611306,1.602993583886942,validation
img08493,4463,images/img08493.jpg,33.0,32.82141121391312,0.1785887860868769,validation
img08494,4463,images/img08494.jpg,33.0,31.50421773893652,1.495782261063482,validation
img08524,4479,images/img08524.jpg,78.0,82.15615786769719,4.156157867697189,validation
img08525,4479,images/img08525.jpg,78.0,76.82491380220574,1.1750861977942575,validation
img08532,4483,images/img08532.jpg,54.0,53.086591150344624,0.9134088496553758,validation
img08533,4483,images/img08533.jpg,54.0,50.833193686509034,3.166806313490966,validation
img08538,4486,images/img08538.jpg,16.0,14.58570024483356,1.4142997551664394,validation
img08581,4508,images/img08581.jpg,75.0,71.73278825530458,3.267211744695416,validation
img08582,4508,images/img08582.jpg,75.0,58.857371941812296,16.142628058187704,validation
img08653,4548,images/img08653.jpg,70.0,76.75405466117238,6.7540546611723755,validation
img08654,4548,images/img08654.jpg,70.0,77.95072913967306,7.950729139673058,validation
img08655,4549,images/img08655.jpg,64.0,60.47923316686835,3.5207668331316526,validation
img08656,4549,images/img08656.jpg,64.0,60.05250266124549,3.947497338754509,validation
img08724,4584,images/img08724.jpg,55.0,49.811624892556544,5.188375107443456,validation
img08725,4584,images/img08725.jpg,55.0,73.87803969802324,18.878039698023244,validation
img08728,4586,images/img08728.jpg,64.0,57.4697703613794,6.530229638620597,validation
img08729,4586,images/img08729.jpg,64.0,60.12348204207906,3.876517957920939,validation
img08741,4593,images/img08741.jpg,36.0,38.27919008302725,2.2791900830272525,validation
img08742,4593,images/img08742.jpg,36.0,42.6952222292683,6.695222229268303,validation
img08778,4612,images/img08778.jpg,78.0,68.43685446664263,9.563145533357371,validation
img08779,4612,images/img08779.jpg,78.0,71.7256414851391,6.274358514860893,validation
img08857,4653,images/img08857.jpg,76.0,76.2090962589401,0.2090962589400931,validation
img08858,4653,images/img08858.jpg,76.0,71.85151210700829,4.14848789299171,validation
img08870,4660,images/img08870.jpg,63.0,60.207574104797594,2.792425895202406,validation
img08871,4660,images/img08871.jpg,63.0,63.24555207882306,0.24555207882306,validation
img08886,4668,images/img08886.jpg,81.0,76.01250064112077,4.987499358879234,validation
img08887,4668,images/img08887.jpg,81.0,78.35566188723016,2.6443381127698444,validation
img08890,4670,images/img08890.jpg,33.0,37.95384790362772,4.953847903627718,validation
img08891,4670,images/img08891.jpg,33.0,37.772560093841776,4.772560093841776,validation
img08903,4676,images/img08903.jpg,64.0,65.39490421676867,1.3949042167686656,validation
img08926,4689,images/img08926.jpg,79.0,82.20822360975427,3.2082236097542705,validation
img08934,4693,images/img08934.jpg,81.0,75.07619849732282,5.923801502677179,validation
img08935,4693,images/img08935.jpg,81.0,79.84781545026217,1.1521845497378251,validation
img08954,4704,images/img08954.jpg,82.0,80.28579587515094,1.7142041248490614,validation
img08955,4704,images/img08955.jpg,82.0,85.6926934051379,3.692693405137902,validation
img08971,4713,images/img08971.jpg,63.0,57.27910957288222,5.72089042711778,validation
img08972,4713,images/img08972.jpg,63.0,58.41203432710769,4.5879656728923095,validation
img08979,4717,images/img08979.jpg,68.0,73.20992847512007,5.209928475120066,validation
img08980,4717,images/img08980.jpg,68.0,67.36378323092156,0.6362167690784446,validation
img08993,4724,images/img08993.jpg,48.0,50.33233738895426,2.332337388954258,validation
img08994,4724,images/img08994.jpg,48.0,53.60406589702027,5.60406589702027,validation
img09017,4737,images/img09017.jpg,56.0,53.086192804884085,2.913807195115915,validation
img09018,4737,images/img09018.jpg,56.0,58.78116090273306,2.7811609027330633,validation
img09019,4738,images/img09019.jpg,62.0,60.58700183677557,1.4129981632244295,validation
img09020,4738,images/img09020.jpg,62.0,53.26729957333821,8.732700426661793,validation
img09021,4739,images/img09021.jpg,60.0,58.73487512331668,1.2651248766833234,validation
img09022,4739,images/img09022.jpg,60.0,68.98317831313666,8.983178313136662,validation
img09066,4762,images/img09066.jpg,66.0,67.23041139049626,1.2304113904962577,validation
img09067,4762,images/img09067.jpg,66.0,66.03250561281706,0.0325056128170615,validation
img09102,4782,images/img09102.jpg,70.0,78.3991314378567,8.399131437856695,validation
img09103,4782,images/img09103.jpg,70.0,75.06704173212988,5.06704173212988,validation
img09112,4787,images/img09112.jpg,58.0,62.24641550555556,4.246415505555561,validation
img09161,4812,images/img09161.jpg,52.0,28.287283407577604,23.712716592422396,validation
img09162,4812,images/img09162.jpg,52.0,24.106759859394607,27.893240140605393,validation
img09163,4813,images/img09163.jpg,78.0,63.31822163317472,14.681778366825284,validation
img09164,4813,images/img09164.jpg,78.0,84.43388903150718,6.433889031507178,validation
img09168,4815,images/img09168.jpg,40.0,48.66212476832229,8.662124768322293,validation
img09190,4827,images/img09190.jpg,69.0,68.13678609341049,0.8632139065895075,validation
img09191,4827,images/img09191.jpg,69.0,67.28586129672601,1.7141387032739883,validation
img09211,4838,images/img09211.jpg,77.0,68.01688547304991,8.98311452695009,validation
img09212,4838,images/img09212.jpg,77.0,70.03603399387723,6.963966006122774,validation
img09218,4842,images/img09218.jpg,49.0,55.61536952067887,6.615369520678868,validation
img09219,4842,images/img09219.jpg,49.0,50.35024739348006,1.3502473934800605,validation
img09222,4844,images/img09222.jpg,58.0,59.45915278350388,1.4591527835038818,validation
img09223,4844,images/img09223.jpg,58.0,60.900453908585206,2.900453908585206,validation
img09246,4856,images/img09246.jpg,58.0,59.42617545054512,1.4261754505451236,validation
img09247,4856,images/img09247.jpg,58.0,61.92709049656584,3.927090496565839,validation
img09268,4867,images/img09268.jpg,31.0,43.6036603671212,12.6036603671212,validation
img09269,4867,images/img09269.jpg,31.0,35.82282129278277,4.82282129278277,validation
img09322,4895,images/img09322.jpg,68.0,71.19305169582407,3.1930516958240673,validation
img09323,4895,images/img09323.jpg,68.0,70.05392763924652,2.053927639246524,validation
img09459,4966,images/img09459.jpg,64.0,65.36762423271033,1.3676242327103267,validation
img09460,4966,images/img09460.jpg,64.0,65.27914900666278,1.2791490066627773,validation
img09481,4978,images/img09481.jpg,54.0,48.15578106437539,5.84421893562461,validation
img09497,4986,images/img09497.jpg,60.0,62.37376063272975,2.3737606327297485,validation
img09498,4986,images/img09498.jpg,60.0,74.76712059130614,14.76712059130614,validation
img09511,4993,images/img09511.jpg,54.0,45.08399825672535,8.916001743274649,validation
img09512,4993,images/img09512.jpg,54.0,41.21349708319376,12.786502916806242,validation
img09545,5011,images/img09545.jpg,64.0,64.23488679082668,0.2348867908266783,validation
img09575,5027,images/img09575.jpg,62.0,60.248178076512225,1.7518219234877748,validation
img09576,5027,images/img09576.jpg,62.0,63.87763007833505,1.877630078335052,validation
img09596,5038,images/img09596.jpg,68.0,68.59151829454552,0.5915182945455228,validation
img09597,5038,images/img09597.jpg,68.0,65.7352815515934,2.2647184484065974,validation
img09607,5044,images/img09607.jpg,62.0,55.89718448342522,6.102815516574779,validation
img09608,5044,images/img09608.jpg,62.0,56.99064774852747,5.009352251472528,validation
img09626,5054,images/img09626.jpg,78.0,77.121123595727,0.8788764042730008,validation
img09636,5059,images/img09636.jpg,69.0,66.79850675632807,2.2014932436719334,validation
img09637,5059,images/img09637.jpg,69.0,69.9195938804196,0.9195938804195976,validation
img09701,5093,images/img09701.jpg,46.0,45.74030362169455,0.2596963783054491,validation
img09702,5093,images/img09702.jpg,46.0,40.893904601995416,5.106095398004584,validation
img09716,5101,images/img09716.jpg,73.0,74.44130072453709,1.4413007245370864,validation
img09717,5101,images/img09717.jpg,73.0,55.85801016566156,17.14198983433844,validation
img09720,5103,images/img09720.jpg,68.0,57.54420472790061,10.455795272099389,validation
img09721,5103,images/img09721.jpg,68.0,62.78293040181788,5.217069598182121,validation
img09722,5104,images/img09722.jpg,55.0,62.11628005158931,7.116280051589307,validation
img09723,5104,images/img09723.jpg,55.0,52.45925730621488,2.54074269378512,validation
img09730,5108,images/img09730.jpg,65.0,60.45967743119961,4.540322568800391,validation
img09731,5108,images/img09731.jpg,65.0,69.52389205956487,4.523892059564872,validation
img09767,5129,images/img09767.jpg,71.0,64.71014428030512,6.289855719694884,validation
img09771,5131,images/img09771.jpg,32.0,56.37180314784271,24.371803147842712,validation
img09772,5131,images/img09772.jpg,32.0,49.66513355393109,17.665133553931092,validation
img09789,5140,images/img09789.jpg,80.0,81.13838276213484,1.1383827621348388,validation
img09790,5140,images/img09790.jpg,80.0,81.16838327391756,1.1683832739175557,validation
img09820,5157,images/img09820.jpg,39.0,42.78776488692461,3.787764886924613,validation
img09821,5157,images/img09821.jpg,39.0,37.565976665679784,1.4340233343202158,validation
img09863,5179,images/img09863.jpg,77.0,74.1726015791807,2.827398420819307,validation
img09864,5179,images/img09864.jpg,77.0,73.32193525716878,3.678064742831225,validation
img09902,5199,images/img09902.jpg,54.0,49.395179115966656,4.604820884033344,validation
img09903,5199,images/img09903.jpg,54.0,53.40541093405139,0.594589065948604,validation
img09967,5232,images/img09967.jpg,27.0,32.91280654939422,5.912806549394219,validation
img09968,5232,images/img09968.jpg,27.0,27.29188326565253,0.2918832656525296,validation
img09992,5245,images/img09992.jpg,55.0,74.38943020174746,19.38943020174746,validation
img09993,5245,images/img09993.jpg,55.0,59.77104909953127,4.771049099531268,validation
img09997,5248,images/img09997.jpg,48.0,42.339857725877415,5.660142274122585,validation
img10029,5264,images/img10029.jpg,80.0,79.31853348238951,0.6814665176104882,validation
img10030,5265,images/img10030.jpg,84.0,79.8568413422032,4.143158657796803,validation
img10041,5271,images/img10041.jpg,45.0,52.034692480258755,7.034692480258755,validation
img10073,5289,images/img10073.jpg,65.0,54.07852505966197,10.92147494033803,validation
img10074,5289,images/img10074.jpg,65.0,55.40346404993161,9.596535950068391,validation
img10088,5297,images/img10088.jpg,14.0,19.65676828550015,5.656768285500149,validation
img10089,5297,images/img10089.jpg,14.0,12.822418747011504,1.177581252988496,validation
img10124,5315,images/img10124.jpg,59.0,66.63153102725043,7.631531027250432,validation
img10125,5315,images/img10125.jpg,59.0,57.74328755097486,1.2567124490251371,validation
img10136,5321,images/img10136.jpg,57.0,50.63376847992207,6.366231520077932,validation
img10137,5321,images/img10137.jpg,57.0,53.11028766117372,3.8897123388262784,validation
img10188,5347,images/img10188.jpg,72.0,83.93490858389666,11.934908583896656,validation
img10189,5347,images/img10189.jpg,72.0,75.51799387750518,3.5179938775051767,validation
img10196,5351,images/img10196.jpg,66.0,60.25303456476904,5.746965435230962,validation
img10197,5351,images/img10197.jpg,66.0,59.0218820733542,6.978117926645801,validation
img10200,5354,images/img10200.jpg,78.0,70.29481185612735,7.705188143872647,validation
img10201,5354,images/img10201.jpg,78.0,82.21969246906454,4.21969246906454,validation
img10208,5358,images/img10208.jpg,71.0,67.6967738612856,3.3032261387143933,validation
img10209,5358,images/img10209.jpg,71.0,59.89740995078995,11.10259004921005,validation
img10214,5361,images/img10214.jpg,44.0,41.694382122504926,2.3056178774950737,validation
img10215,5361,images/img10215.jpg,44.0,46.08126443310078,2.0812644331007775,validation
img10234,5371,images/img10234.jpg,60.0,67.2408550759998,7.240855075999804,validation
img10235,5371,images/img10235.jpg,60.0,68.96029076259602,8.960290762596017,validation
img10244,5376,images/img10244.jpg,60.0,61.500414794117226,1.5004147941172263,validation
img10245,5376,images/img10245.jpg,60.0,59.409765035364295,0.5902349646357052,validation
img10274,5391,images/img10274.jpg,57.0,46.76232883611313,10.237671163886873,validation
img10275,5391,images/img10275.jpg,57.0,50.33716988378155,6.662830116218444,validation
img10293,5401,images/img10293.jpg,86.0,70.46730607399445,15.53269392600555,validation
img10351,5431,images/img10351.jpg,59.0,57.64707308064427,1.3529269193557312,validation
img10352,5431,images/img10352.jpg,59.0,55.37496885319864,3.625031146801362,validation
img10362,5437,images/img10362.jpg,59.0,68.08202763419507,9.082027634195072,validation
img10363,5437,images/img10363.jpg,59.0,62.911128931655654,3.9111289316556537,validation
img10423,5470,images/img10423.jpg,58.0,64.53641058368126,6.53641058368126,validation
img10424,5470,images/img10424.jpg,58.0,68.3419091942031,10.341909194203096,validation
img10440,5479,images/img10440.jpg,68.0,68.34206187966367,0.3420618796636745,validation
img10441,5479,images/img10441.jpg,68.0,61.41927774036609,6.580722259633909,validation
img10442,5480,images/img10442.jpg,59.0,51.357877640797426,7.642122359202574,validation
img10443,5480,images/img10443.jpg,59.0,62.09303859796326,3.0930385979632575,validation
img10488,5505,images/img10488.jpg,69.0,64.37886972545691,4.621130274543091,validation
img10489,5505,images/img10489.jpg,69.0,65.32551958104031,3.674480418959689,validation
img10496,5509,images/img10496.jpg,77.0,55.24811640928742,21.75188359071258,validation
img10497,5509,images/img10497.jpg,77.0,65.89326519765342,11.10673480234658,validation
img10522,5522,images/img10522.jpg,17.0,41.197286249722104,24.197286249722104,validation
img10523,5522,images/img10523.jpg,17.0,23.7054588445784,6.705458844578402,validation
img10543,5533,images/img10543.jpg,50.0,42.17138131684439,7.828618683155611,validation
img10544,5533,images/img10544.jpg,50.0,45.34124381131755,4.658756188682453,validation
img10604,5564,images/img10604.jpg,72.0,63.66332567361477,8.336674326385236,validation
img10605,5564,images/img10605.jpg,72.0,61.137544709728495,10.862455290271503,validation
img10615,5570,images/img10615.jpg,74.0,83.373702267438,9.373702267438006,validation
img10616,5570,images/img10616.jpg,74.0,77.14169250848772,3.141692508487722,validation
img10623,5574,images/img10623.jpg,35.0,31.330127958006383,3.6698720419936137,validation
img10624,5574,images/img10624.jpg,35.0,28.16778740368756,6.832212596312441,validation
img10645,5586,images/img10645.jpg,21.0,30.763614731182223,9.763614731182226,validation
img10646,5586,images/img10646.jpg,21.0,29.853081530688115,8.853081530688115,validation
img10672,5600,images/img10672.jpg,48.0,48.34063026252933,0.3406302625293236,validation
img10673,5600,images/img10673.jpg,48.0,47.18925156182475,0.8107484381752528,validation
img10694,5612,images/img10694.jpg,54.0,53.8464611546556,0.1535388453444,validation
img10695,5612,images/img10695.jpg,54.0,59.30441997449113,5.3044199744911325,validation
img10709,5620,images/img10709.jpg,49.0,45.64488720554809,3.3551127944519124,validation
img10710,5620,images/img10710.jpg,49.0,37.80722187461383,11.19277812538617,validation
img10731,5632,images/img10731.jpg,62.0,52.94750042146287,9.05249957853713,validation
img10732,5632,images/img10732.jpg,62.0,69.69876489878568,7.698764898785683,validation
img10765,5649,images/img10765.jpg,66.0,54.902630382543315,11.097369617456684,validation
img10801,5667,images/img10801.jpg,57.0,52.72400026222667,4.275999737773333,validation
img10802,5667,images/img10802.jpg,57.0,53.767495778928584,3.232504221071416,validation
img10810,5672,images/img10810.jpg,58.0,55.868012017613545,2.1319879823864554,validation
img10811,5672,images/img10811.jpg,58.0,55.50364507040593,2.4963549295940695,validation
img10839,5687,images/img10839.jpg,54.0,49.455138696335624,4.544861303664376,validation
img10840,5687,images/img10840.jpg,54.0,45.87146043233103,8.128539567668973,validation
img10841,5688,images/img10841.jpg,55.0,53.43367437606742,1.5663256239325776,validation
img10842,5688,images/img10842.jpg,55.0,55.4030602514189,0.4030602514188999,validation
img10868,5703,images/img10868.jpg,82.0,81.69924880813849,0.300751191861508,validation
img10875,5707,images/img10875.jpg,75.0,66.45266764445638,8.547332355543617,validation
img10886,5713,images/img10886.jpg,77.0,73.67873500388909,3.321264996110912,validation
img10887,5713,images/img10887.jpg,77.0,73.39999133644753,3.6000086635524724,validation
img10909,5725,images/img10909.jpg,53.0,67.50202028448712,14.502020284487116,validation
img10910,5725,images/img10910.jpg,53.0,63.61274098052528,10.61274098052528,validation
img10926,5735,images/img10926.jpg,71.0,72.5857088690809,1.5857088690809036,validation
img10927,5735,images/img10927.jpg,71.0,63.87131707984537,7.128682920154631,validation
img10945,5745,images/img10945.jpg,66.0,56.55425007202916,9.445749927970835,validation
img10946,5745,images/img10946.jpg,66.0,55.38165293188804,10.61834706811196,validation
img10955,5750,images/img10955.jpg,53.0,40.69815747909273,12.301842520907272,validation
img10956,5750,images/img10956.jpg,53.0,42.535978928158514,10.464021071841486,validation
img10965,5755,images/img10965.jpg,68.0,62.319502763702936,5.6804972362970645,validation
img10987,5767,images/img10987.jpg,19.0,21.485743793346305,2.485743793346302,validation
img10988,5767,images/img10988.jpg,19.0,22.40492117212999,3.4049211721299883,validation
img11032,5792,images/img11032.jpg,66.0,68.13344664426556,2.133446644265561,validation
img11033,5792,images/img11033.jpg,66.0,69.29245907269382,3.2924590726938163,validation
img11042,5797,images/img11042.jpg,57.0,59.472224294845006,2.472224294845006,validation
img11043,5797,images/img11043.jpg,57.0,59.31778595064908,2.317785950649082,validation
img11050,5802,images/img11050.jpg,52.0,60.627534918812074,8.627534918812074,validation
img11051,5802,images/img11051.jpg,52.0,54.49161857243435,2.491618572434348,validation
img11058,5807,images/img11058.jpg,84.0,75.81234963329084,8.187650366709164,validation
img11082,5821,images/img11082.jpg,65.0,64.80875727562983,0.1912427243701699,validation
img11089,5825,images/img11089.jpg,70.0,69.22046024375828,0.7795397562417179,validation
img11090,5825,images/img11090.jpg,70.0,74.62275103527752,4.622751035277517,validation
img11134,5849,images/img11134.jpg,74.0,71.34698045229531,2.6530195477046874,validation
img11135,5849,images/img11135.jpg,74.0,67.85021293367257,6.149787066327434,validation
img11138,5852,images/img11138.jpg,74.0,78.66538434401255,4.665384344012551,validation
img11150,5859,images/img11150.jpg,57.0,52.03170257175751,4.9682974282424865,validation
img11151,5859,images/img11151.jpg,57.0,53.47422845235475,3.525771547645249,validation
img11177,5874,images/img11177.jpg,69.0,68.75235933993922,0.2476406600607816,validation
img11187,5880,images/img11187.jpg,80.0,71.04371986232665,8.956280137673346,validation
img11188,5880,images/img11188.jpg,80.0,70.82809200184629,9.171907998153712,validation
img11205,5888,images/img11205.jpg,63.0,59.37286286811086,3.6271371318891426,validation
img11206,5888,images/img11206.jpg,63.0,61.26402825466085,1.7359717453391497,validation
img11208,5890,images/img11208.jpg,68.0,67.18695928963663,0.8130407103633672,validation
img11209,5890,images/img11209.jpg,68.0,68.28626297809545,0.2862629780954506,validation
img11214,5893,images/img11214.jpg,53.0,53.32775810798013,0.3277581079801308,validation
img11215,5893,images/img11215.jpg,53.0,55.79894693074196,2.7989469307419625,validation
img11249,5913,images/img11249.jpg,66.0,70.94209241976596,4.942092419765956,validation
img11250,5913,images/img11250.jpg,66.0,59.568629622001325,6.431370377998675,validation
img11275,5926,images/img11275.jpg,59.0,54.30204512253857,4.697954877461427,validation
img11276,5926,images/img11276.jpg,59.0,54.77758153563518,4.2224184643648215,validation
img11285,5932,images/img11285.jpg,60.0,47.418449887919195,12.581550112080803,validation
img11286,5932,images/img11286.jpg,60.0,62.04201875131113,2.042018751311133,validation
img11301,5941,images/img11301.jpg,65.0,79.34505276567104,14.345052765671042,validation
img11302,5941,images/img11302.jpg,65.0,64.11190901313023,0.88809098686977,validation
img11318,5951,images/img11318.jpg,82.0,71.42348459292833,10.576515407071668,validation
img11319,5951,images/img11319.jpg,82.0,71.85146739198055,10.148532608019451,validation
img11320,5952,images/img11320.jpg,56.0,53.49485980256274,2.5051401974372567,validation
img11321,5952,images/img11321.jpg,56.0,49.55397090435731,6.446029095642693,validation
img11324,5954,images/img11324.jpg,47.0,41.96794866222247,5.032051337777531,validation
img11325,5954,images/img11325.jpg,47.0,43.03303444835532,3.9669655516446767,validation
img11351,5968,images/img11351.jpg,49.0,49.02333221710637,0.0233322171063719,validation
img11363,5975,images/img11363.jpg,70.0,70.03987076137946,0.0398707613794613,validation
img11364,5975,images/img11364.jpg,70.0,64.24957513213428,5.750424867865718,validation
img11390,5989,images/img11390.jpg,62.0,54.95642801396753,7.043571986032468,validation
img11391,5989,images/img11391.jpg,62.0,54.69653254867649,7.303467451323513,validation
img11396,5992,images/img11396.jpg,66.0,70.07760806357173,4.077608063571731,validation
img11409,6001,images/img11409.jpg,61.0,69.97265207797044,8.972652077970437,validation
img11410,6001,images/img11410.jpg,61.0,68.19894652563264,7.1989465256326355,validation
img11417,6005,images/img11417.jpg,77.0,76.27612081369209,0.7238791863079115,validation
img11418,6005,images/img11418.jpg,77.0,70.0290126439115,6.9709873560885,validation
img11426,6010,images/img11426.jpg,67.0,72.341293255619,5.341293255618993,validation
img11427,6010,images/img11427.jpg,67.0,65.35136868421094,1.6486313157890606,validation
img11428,6011,images/img11428.jpg,70.0,69.53403691780984,0.4659630821901572,validation
img11429,6011,images/img11429.jpg,70.0,64.1685967622011,5.831403237798895,validation
img11457,6026,images/img11457.jpg,70.0,69.41692389771525,0.5830761022847497,validation
img11458,6026,images/img11458.jpg,70.0,66.56707704128831,3.4329229587116856,validation
img11459,6027,images/img11459.jpg,74.0,70.22132434395118,3.7786756560488186,validation
img11460,6027,images/img11460.jpg,74.0,76.31442523330936,2.3144252333093647,validation
img11466,6030,images/img11466.jpg,68.0,69.87279360553158,1.8727936055315837,validation
img11475,6036,images/img11475.jpg,59.0,61.504579835359706,2.5045798353597064,validation
img11476,6036,images/img11476.jpg,59.0,68.65972725222743,9.659727252227428,validation
img11509,6056,images/img11509.jpg,25.0,28.456851517653764,3.456851517653764,validation
img11510,6056,images/img11510.jpg,25.0,30.521562470527975,5.521562470527975,validation
img11556,6080,images/img11556.jpg,83.0,79.42092217103223,3.579077828967769,validation
img11557,6080,images/img11557.jpg,83.0,77.2859104696662,5.714089530333794,validation
img11634,6121,images/img11634.jpg,49.0,55.16715548912117,6.167155489121171,validation
img11649,6131,images/img11649.jpg,60.0,75.61498186328517,15.614981863285166,validation
img11650,6131,images/img11650.jpg,60.0,67.022284748572,7.022284748572005,validation
img11666,6141,images/img11666.jpg,72.0,66.89064043507211,5.109359564927885,validation
img11667,6141,images/img11667.jpg,72.0,65.92752236195496,6.072477638045044,validation
img11682,6150,images/img11682.jpg,61.0,58.90287684415887,2.097123155841132,validation
img11683,6150,images/img11683.jpg,61.0,55.96943306214985,5.030566937850153,validation
img11707,6163,images/img11707.jpg,67.0,66.96443877122161,0.0355612287783912,validation
img11708,6163,images/img11708.jpg,67.0,70.72371840221605,3.7237184022160505,validation
img11740,6180,images/img11740.jpg,14.0,26.966567260903386,12.966567260903386,validation
img11741,6180,images/img11741.jpg,14.0,15.101148909977852,1.1011489099778515,validation
img11788,6205,images/img11788.jpg,32.0,45.98029026618927,13.980290266189272,validation
img11789,6205,images/img11789.jpg,32.0,31.984692708724996,0.015307291275004,validation
img11821,6222,images/img11821.jpg,72.0,69.0671138732581,2.9328861267419057,validation
img11822,6222,images/img11822.jpg,72.0,75.05047535965717,3.0504753596571703,validation
img11827,6225,images/img11827.jpg,88.0,81.55194660065632,6.448053399343678,validation
img11828,6225,images/img11828.jpg,88.0,84.79916936495218,3.200830635047822,validation
img11847,6235,images/img11847.jpg,39.0,40.735819529165155,1.7358195291651557,validation
img11848,6235,images/img11848.jpg,39.0,48.12421770784263,9.124217707842632,validation
img11877,6251,images/img11877.jpg,72.0,68.7236195738167,3.2763804261832945,validation
img11878,6251,images/img11878.jpg,72.0,78.08366364531483,6.083663645314829,validation
img11901,6263,images/img11901.jpg,63.0,67.99830910554974,4.998309105549737,validation
img11902,6263,images/img11902.jpg,63.0,67.91214324709343,4.912143247093425,validation
img11982,6305,images/img11982.jpg,83.0,83.25960260396896,0.2596026039689576,validation
img11983,6305,images/img11983.jpg,83.0,81.09271672209684,1.9072832779031617,validation
img11986,6307,images/img11986.jpg,83.0,65.07564873419403,17.924351265805967,validation
img11987,6307,images/img11987.jpg,83.0,62.18977519803851,20.81022480196149,validation
img12008,6318,images/img12008.jpg,36.0,40.0042794941066,4.004279494106598,validation
img12009,6318,images/img12009.jpg,36.0,37.724885149386736,1.7248851493867363,validation
img12023,6327,images/img12023.jpg,24.0,20.625548807983883,3.3744511920161173,validation
img12024,6327,images/img12024.jpg,24.0,24.24603953653383,0.2460395365338286,validation
img12029,6330,images/img12029.jpg,11.0,15.339399302663717,4.339399302663715,validation
img12030,6330,images/img12030.jpg,11.0,20.92829572043874,9.92829572043874,validation
img12061,6346,images/img12061.jpg,75.0,75.5144428499363,0.5144428499363016,validation
img12062,6346,images/img12062.jpg,75.0,68.56571445170785,6.434285548292152,validation
img12063,6347,images/img12063.jpg,40.0,43.07364005598561,3.0736400559856065,validation
img12064,6347,images/img12064.jpg,40.0,41.199586347124665,1.199586347124665,validation
img12078,6355,images/img12078.jpg,77.0,83.22831517187566,6.228315171875664,validation
img12079,6355,images/img12079.jpg,77.0,84.92764763636595,7.927647636365947,validation
img12080,6356,images/img12080.jpg,32.0,30.77238323906113,1.2276167609388686,validation
img12081,6356,images/img12081.jpg,32.0,27.66173325681054,4.338266743189461,validation
img12094,6363,images/img12094.jpg,25.0,46.43251188210823,21.43251188210823,validation
img12095,6363,images/img12095.jpg,25.0,37.43632271621957,12.436322716219564,validation
img12104,6368,images/img12104.jpg,25.0,23.419823609812603,1.5801763901873969,validation
img12105,6368,images/img12105.jpg,25.0,28.853100824945702,3.8531008249457024,validation
img12116,6374,images/img12116.jpg,89.0,81.86761070307608,7.132389296923918,validation
img12118,6375,images/img12118.jpg,58.0,50.8675222857939,7.132477714206097,validation
img12119,6375,images/img12119.jpg,58.0,50.59182523859608,7.40817476140392,validation
img12166,6403,images/img12166.jpg,58.0,55.32323111222918,2.6767688877708196,validation
img12167,6403,images/img12167.jpg,58.0,62.71859529239292,4.718595292392919,validation
img12176,6408,images/img12176.jpg,76.0,70.50746671256819,5.492533287431812,validation
img12177,6408,images/img12177.jpg,76.0,74.55154398951612,1.4484560104838806,validation
img12208,6426,images/img12208.jpg,71.0,65.55856339952047,5.441436600479534,validation
img12209,6426,images/img12209.jpg,71.0,67.15407847570117,3.8459215242988303,validation
img12286,6466,images/img12286.jpg,63.0,50.050048146995984,12.949951853004016,validation
img12287,6466,images/img12287.jpg,63.0,61.63098485634091,1.369015143659091,validation
img12294,6470,images/img12294.jpg,37.0,63.202293016010024,26.202293016010024,validation
img12295,6470,images/img12295.jpg,37.0,67.57905228056956,30.579052280569556,validation
img12304,6475,images/img12304.jpg,37.0,48.83723263409135,11.83723263409135,validation
img12335,6493,images/img12335.jpg,71.0,81.46141284741705,10.461412847417051,validation
img12340,6496,images/img12340.jpg,82.0,87.70379649280318,5.703796492803178,validation
img12341,6496,images/img12341.jpg,82.0,82.01021674203503,0.0102167420350269,validation
img12348,6500,images/img12348.jpg,85.0,77.08158024265816,7.918419757341837,validation
img12349,6500,images/img12349.jpg,85.0,80.15290499392647,4.8470950060735305,validation
img12404,6530,images/img12404.jpg,62.0,66.81370114087645,4.8137011408764465,validation
img12405,6530,images/img12405.jpg,62.0,67.69929644321644,5.69929644321644,validation
img12422,6539,images/img12422.jpg,43.0,43.86853801352142,0.8685380135214231,validation
img12423,6539,images/img12423.jpg,43.0,42.93171019549492,0.0682898045050777,validation
img12470,6563,images/img12470.jpg,88.0,85.3741697221636,2.6258302778364,validation
img12471,6563,images/img12471.jpg,88.0,81.40665766003292,6.59334233996708,validation
img12548,6603,images/img12548.jpg,8.0,13.128269536757829,5.128269536757827,validation
img12549,6603,images/img12549.jpg,8.0,13.247102449504794,5.247102449504794,validation
img12552,6605,images/img12552.jpg,48.0,53.56402577089934,5.564025770899342,validation
img12553,6605,images/img12553.jpg,48.0,47.81286151663204,0.1871384833679599,validation
img12558,6608,images/img12558.jpg,38.0,45.67550718405656,7.675507184056563,validation
img12559,6608,images/img12559.jpg,38.0,48.384940128494264,10.384940128494264,validation
img12584,6622,images/img12584.jpg,65.0,64.46469040571128,0.5353095942887194,validation
img12585,6622,images/img12585.jpg,65.0,68.52200060434437,3.5220006043443703,validation
img12620,6640,images/img12620.jpg,51.0,50.681656638716696,0.3183433612833042,validation
img12621,6640,images/img12621.jpg,51.0,43.18435119284025,7.815648807159747,validation
img12625,6642,images/img12625.jpg,80.0,78.34586602432364,1.6541339756763591,validation
img12626,6643,images/img12626.jpg,77.0,70.45817221162059,6.541827788379408,validation
img12627,6643,images/img12627.jpg,77.0,77.07049309699934,0.0704930969993427,validation
img12646,6653,images/img12646.jpg,16.0,17.611075397351357,1.6110753973513567,validation
img12647,6653,images/img12647.jpg,16.0,14.08320366918801,1.9167963308119909,validation
img12667,6664,images/img12667.jpg,34.0,42.790855676890885,8.790855676890885,validation
img12668,6664,images/img12668.jpg,34.0,39.872721338830885,5.872721338830885,validation
img12719,6691,images/img12719.jpg,73.0,62.76100804151018,10.23899195848982,validation
img12720,6691,images/img12720.jpg,73.0,66.38886148109128,6.611138518908717,validation
img12727,6695,images/img12727.jpg,58.0,61.78603748686305,3.786037486863051,validation
img12728,6695,images/img12728.jpg,58.0,59.89052547243353,1.8905254724335308,validation
img12757,6710,images/img12757.jpg,51.0,51.121548903693984,0.1215489036939843,validation
img12758,6710,images/img12758.jpg,51.0,53.691628827440866,2.6916288274408657,validation
img12771,6717,images/img12771.jpg,71.0,66.04039945112895,4.959600548871052,validation
img12772,6717,images/img12772.jpg,71.0,79.77914189253593,8.779141892535932,validation
img12777,6720,images/img12777.jpg,57.0,69.51227923967748,12.512279239677484,validation
img12778,6720,images/img12778.jpg,57.0,65.50708713240225,8.507087132402248,validation
img12789,6726,images/img12789.jpg,59.0,62.3750731823855,3.375073182385499,validation
img12790,6726,images/img12790.jpg,59.0,73.00831713992076,14.008317139920765,validation
img12817,6740,images/img12817.jpg,41.0,45.76822870182383,4.76822870182383,validation
img12818,6740,images/img12818.jpg,41.0,40.949836558036424,0.0501634419635763,validation
img12823,6743,images/img12823.jpg,49.0,58.20671246256373,9.206712462563727,validation
img12824,6743,images/img12824.jpg,49.0,61.145091733922776,12.145091733922776,validation
img12843,6754,images/img12843.jpg,39.0,36.0592329162791,2.9407670837208997,validation
img12844,6754,images/img12844.jpg,39.0,35.213619392401874,3.786380607598126,validation
img12868,6767,images/img12868.jpg,45.0,45.60014818437787,0.600148184377872,validation
img12869,6767,images/img12869.jpg,45.0,45.96319276643584,0.9631927664358386,validation
img12880,6773,images/img12880.jpg,44.0,50.27401808667607,6.274018086676072,validation
img12881,6773,images/img12881.jpg,44.0,46.91354851626954,2.913548516269543,validation
img12882,6774,images/img12882.jpg,51.0,46.972621430356725,4.027378569643275,validation
img12883,6774,images/img12883.jpg,51.0,49.328922350959274,1.6710776490407255,validation
img12938,6805,images/img12938.jpg,63.0,62.91542975389701,0.0845702461029915,validation
img12939,6805,images/img12939.jpg,63.0,73.2371915547167,10.237191554716702,validation
img12940,6806,images/img12940.jpg,48.0,44.730583764788136,3.269416235211864,validation
img12941,6806,images/img12941.jpg,48.0,48.50481348359403,0.5048134835940274,validation
img12944,6808,images/img12944.jpg,62.0,74.54451718649824,12.54451718649824,validation
img12945,6808,images/img12945.jpg,62.0,62.28553188463999,0.2855318846399868,validation
img12952,6812,images/img12952.jpg,48.0,41.55284706299088,6.447152937009122,validation
img12953,6812,images/img12953.jpg,48.0,40.50610861616733,7.493891383832668,validation
img12963,6818,images/img12963.jpg,76.0,65.6312994811085,10.3687005188915,validation
img12964,6818,images/img12964.jpg,76.0,74.7301881596132,1.2698118403867935,validation
img12968,6821,images/img12968.jpg,51.0,50.74229675999567,0.2577032400043322,validation
img12969,6821,images/img12969.jpg,51.0,45.81514785324901,5.184852146750991,validation
img12994,6835,images/img12994.jpg,66.0,63.781460050379586,2.218539949620414,validation
img13033,6856,images/img13033.jpg,77.0,60.30548501965626,16.69451498034374,validation
img13034,6856,images/img13034.jpg,77.0,56.79311270614668,20.20688729385332,validation
img13044,6862,images/img13044.jpg,60.0,61.526794479263366,1.5267944792633656,validation
img13045,6862,images/img13045.jpg,60.0,61.08525430192227,1.0852543019222691,validation
img13052,6866,images/img13052.jpg,68.0,71.90443179703418,3.904431797034178,validation
img13096,6889,images/img13096.jpg,85.0,80.70870842630153,4.291291573698473,validation
img13097,6889,images/img13097.jpg,85.0,78.15735401103149,6.842645988968513,validation
img13112,6897,images/img13112.jpg,64.0,65.83962025168978,1.83962025168978,validation
img13113,6897,images/img13113.jpg,64.0,58.26498227839353,5.735017721606468,validation
img13129,6906,images/img13129.jpg,83.0,60.88898286805407,22.11101713194593,validation
img13182,6936,images/img13182.jpg,26.0,32.70030765024527,6.700307650245271,validation
img13183,6936,images/img13183.jpg,26.0,32.92101230228985,6.921012302289853,validation
img13226,6961,images/img13226.jpg,70.0,61.549960135464346,8.450039864535654,validation
img13227,6961,images/img13227.jpg,70.0,68.3667369407035,1.633263059296496,validation
img13233,6965,images/img13233.jpg,79.0,75.12923270144415,3.870767298555847,validation
img13234,6965,images/img13234.jpg,79.0,74.2706278260926,4.729372173907393,validation
img13276,6988,images/img13276.jpg,56.0,61.01605834179877,5.016058341798768,validation
img13323,7012,images/img13323.jpg,37.0,37.742917302280986,0.7429173022809863,validation
img13324,7012,images/img13324.jpg,37.0,39.64312930237023,2.6431293023702267,validation
img13342,7022,images/img13342.jpg,75.0,68.71210054642654,6.287899453573459,validation
img13343,7022,images/img13343.jpg,75.0,73.14991763606076,1.8500823639392363,validation
img13344,7023,images/img13344.jpg,45.0,54.49615905631829,9.496159056318293,validation
img13345,7023,images/img13345.jpg,45.0,62.82234070041392,17.822340700413918,validation
img13358,7030,images/img13358.jpg,55.0,56.88923229336963,1.8892322933696304,validation
img13359,7030,images/img13359.jpg,55.0,52.79902880694425,2.20097119305575,validation
img13360,7031,images/img13360.jpg,19.0,25.714553027826653,6.714553027826653,validation
img13361,7031,images/img13361.jpg,19.0,23.417369736339023,4.417369736339026,validation
img13415,7060,images/img13415.jpg,82.0,58.08793135381232,23.912068646187684,validation
img13423,7065,images/img13423.jpg,68.0,75.26404960069277,7.264049600692772,validation
img13424,7065,images/img13424.jpg,68.0,73.6635068104173,5.663506810417303,validation
img13437,7072,images/img13437.jpg,64.0,56.46132972234739,7.538670277652613,validation
img13438,7072,images/img13438.jpg,64.0,61.65384732284159,2.3461526771584076,validation
img13442,7075,images/img13442.jpg,53.0,62.123301946860245,9.123301946860243,validation
img13443,7075,images/img13443.jpg,53.0,55.76891533656193,2.768915336561932,validation
img13478,7094,images/img13478.jpg,67.0,73.24425652909973,6.244256529099729,validation
img13479,7094,images/img13479.jpg,67.0,76.59109783153924,9.591097831539244,validation
img13482,7096,images/img13482.jpg,74.0,60.63953027030873,13.360469729691268,validation
img13483,7096,images/img13483.jpg,74.0,76.0996513207978,2.099651320797804,validation
img13513,7112,images/img13513.jpg,33.0,45.51368567988387,12.51368567988387,validation
img13514,7112,images/img13514.jpg,33.0,37.41558803067308,4.415588030673078,validation
img13539,7125,images/img13539.jpg,40.0,41.3523339724973,1.3523339724972985,validation
img13540,7125,images/img13540.jpg,40.0,46.92970590982999,6.929705909829991,validation
img13543,7127,images/img13543.jpg,45.0,48.49724682841196,3.49724682841196,validation
img13544,7127,images/img13544.jpg,45.0,45.12598130533213,0.1259813053321323,validation
img13585,7149,images/img13585.jpg,66.0,67.44685939002203,1.446859390022027,validation
img13586,7149,images/img13586.jpg,66.0,66.16393943850345,0.1639394385034478,validation
img13597,7155,images/img13597.jpg,52.0,51.403272664142904,0.5967273358570964,validation
img13598,7155,images/img13598.jpg,52.0,52.15182458603593,0.1518245860359286,validation
img13611,7162,images/img13611.jpg,55.0,56.70021035153704,1.700210351537038,validation
img13612,7162,images/img13612.jpg,55.0,58.25291753680809,3.2529175368080914,validation
img13623,7168,images/img13623.jpg,47.0,63.31387118815867,16.31387118815867,validation
img13624,7168,images/img13624.jpg,47.0,54.61205250129652,7.612052501296517,validation
img13627,7170,images/img13627.jpg,50.0,52.50124471726339,2.50124471726339,validation
img13628,7170,images/img13628.jpg,50.0,50.13882601743861,0.1388260174386104,validation
img13657,7185,images/img13657.jpg,58.0,59.30520303278181,1.3052030327818116,validation
img13658,7185,images/img13658.jpg,58.0,57.62828949716188,0.3717105028381198,validation
img13690,7202,images/img13690.jpg,56.0,58.65891546994218,2.65891546994218,validation
img13691,7202,images/img13691.jpg,56.0,65.88065992227227,9.880659922272272,validation
img13697,7206,images/img13697.jpg,38.0,40.84688838624173,2.84688838624173,validation
img13698,7206,images/img13698.jpg,38.0,42.996553529381515,4.996553529381515,validation
img13707,7211,images/img13707.jpg,36.0,30.992599297631862,5.007400702368134,validation
img13732,7224,images/img13732.jpg,37.0,43.46270878418865,6.462708784188649,validation
img13733,7224,images/img13733.jpg,37.0,62.59472048761558,25.594720487615582,validation
img13742,7229,images/img13742.jpg,47.0,53.52417322977285,6.524173229772849,validation
img13743,7229,images/img13743.jpg,47.0,52.27001894637455,5.270018946374549,validation
img13752,7234,images/img13752.jpg,64.0,63.27461466563364,0.7253853343663579,validation
img13753,7234,images/img13753.jpg,64.0,64.65029430628464,0.6502943062846356,validation
img13764,7240,images/img13764.jpg,63.0,58.28631829926735,4.71368170073265,validation
img13765,7240,images/img13765.jpg,63.0,61.31240228040325,1.6875977195967522,validation
img13766,7241,images/img13766.jpg,34.0,45.97453075249418,11.974530752494182,validation
img13767,7241,images/img13767.jpg,34.0,52.372421812952894,18.372421812952897,validation
img13805,7261,images/img13805.jpg,46.0,41.65160838133444,4.348391618665559,validation
img13806,7261,images/img13806.jpg,46.0,45.97198090530253,0.0280190946974698,validation
img13811,7264,images/img13811.jpg,68.0,63.81202604367164,4.1879739563283565,validation
img13812,7264,images/img13812.jpg,68.0,60.596353548583366,7.403646451416634,validation
img13827,7272,images/img13827.jpg,26.0,22.744751020517505,3.255248979482495,validation
img13828,7272,images/img13828.jpg,26.0,23.636490822035334,2.3635091779646658,validation
img13829,7273,images/img13829.jpg,57.0,57.61769455762396,0.6176945576239632,validation
img13830,7273,images/img13830.jpg,57.0,60.358807144931816,3.3588071449318164,validation
img13859,7288,images/img13859.jpg,63.0,63.84155104930569,0.8415510493056928,validation
img13860,7288,images/img13860.jpg,63.0,61.75478440899839,1.2452155910016105,validation
img13903,7311,images/img13903.jpg,69.0,75.72086050531252,6.720860505312515,validation
img13904,7311,images/img13904.jpg,69.0,70.1806456654219,1.1806456654219062,validation
img13945,7332,images/img13945.jpg,67.0,66.85694929758515,0.1430507024148539,validation
img13946,7332,images/img13946.jpg,67.0,61.98250604856696,5.017493951433039,validation
img13953,7336,images/img13953.jpg,86.0,65.87079098846678,20.12920901153322,validation
img13954,7336,images/img13954.jpg,86.0,66.51588160635652,19.484118393643485,validation
img13983,7351,images/img13983.jpg,92.0,77.40087389659794,14.599126103402057,validation
img13984,7351,images/img13984.jpg,92.0,85.1888880969731,6.811111903026898,validation
img14005,7362,images/img14005.jpg,70.0,72.97425083244495,2.9742508324449517,validation
img14006,7362,images/img14006.jpg,70.0,77.09876608185665,7.0987660818566525,validation
img14007,7363,images/img14007.jpg,74.0,81.6871692069859,7.6871692069858995,validation
img14045,7382,images/img14045.jpg,45.0,48.00054357538491,3.00054357538491,validation
img14046,7382,images/img14046.jpg,45.0,50.14906684940166,5.149066849401663,validation
img14058,7389,images/img14058.jpg,60.0,56.02445217725869,3.975547822741312,validation
img14059,7389,images/img14059.jpg,60.0,54.33162002359992,5.668379976400082,validation
img14089,7405,images/img14089.jpg,63.0,54.20654881917791,8.793451180822089,validation
img14090,7405,images/img14090.jpg,63.0,49.91034640361931,13.089653596380693,validation
img14132,7426,images/img14132.jpg,63.0,59.89975285465199,3.100247145348007,validation
img14133,7426,images/img14133.jpg,63.0,68.1754286022619,5.175428602261903,validation
img14154,7438,images/img14154.jpg,47.0,48.31877824659453,1.3187782465945332,validation
img14155,7438,images/img14155.jpg,47.0,38.636009460735366,8.363990539264634,validation
img14173,7448,images/img14173.jpg,57.0,51.147515792791346,5.852484207208654,validation
img14174,7448,images/img14174.jpg,57.0,47.605460130645525,9.394539869354476,validation
img14183,7453,images/img14183.jpg,31.0,59.470205029628865,28.470205029628865,validation
img14184,7453,images/img14184.jpg,31.0,57.34453406580314,26.34453406580314,validation
img14203,7463,images/img14203.jpg,34.0,32.52897711370987,1.471022886290129,validation
img14204,7463,images/img14204.jpg,34.0,29.595767267638664,4.404232732361336,validation
img14231,7477,images/img14231.jpg,53.0,64.31264513345731,11.312645133457307,validation
img14232,7477,images/img14232.jpg,53.0,51.492653096849594,1.507346903150406,validation
img14269,7496,images/img14269.jpg,88.0,85.1479683935382,2.852031606461793,validation
img14270,7496,images/img14270.jpg,88.0,82.67361107481678,5.326388925183224,validation
img14321,7521,images/img14321.jpg,68.0,62.182263073378074,5.817736926621926,validation
img14322,7521,images/img14322.jpg,68.0,60.30002815035624,7.69997184964376,validation
img14346,7534,images/img14346.jpg,67.0,72.0529336759923,5.052933675992307,validation
img14347,7534,images/img14347.jpg,67.0,67.02307435052528,0.0230743505252775,validation
img14350,7536,images/img14350.jpg,79.0,82.32631054496527,3.326310544965267,validation
img14351,7536,images/img14351.jpg,79.0,68.79442636554931,10.205573634450689,validation
img14362,7542,images/img14362.jpg,87.0,80.75968792036764,6.240312079632361,validation
img14372,7547,images/img14372.jpg,47.0,47.050633885218176,0.0506338852181755,validation
img14373,7547,images/img14373.jpg,47.0,49.142326540197374,2.1423265401973737,validation
img14374,7548,images/img14374.jpg,53.0,53.81903721002015,0.8190372100201486,validation
img14375,7548,images/img14375.jpg,53.0,53.92759111943892,0.9275911194389224,validation
img14394,7559,images/img14394.jpg,89.0,81.00626185187586,7.993738148124137,validation
img14395,7559,images/img14395.jpg,89.0,82.13023187649105,6.869768123508948,validation
img14426,7575,images/img14426.jpg,61.0,60.17331285070694,0.8266871492930576,validation
img14427,7575,images/img14427.jpg,61.0,72.51390635002325,11.513906350023248,validation
img14429,7576,images/img14429.jpg,59.0,60.13915847643869,1.1391584764386875,validation
img14440,7582,images/img14440.jpg,64.0,60.990001477340705,3.009998522659295,validation
img14441,7582,images/img14441.jpg,64.0,66.92134548119434,2.9213454811943365,validation
img14456,7590,images/img14456.jpg,91.0,82.92919562971997,8.07080437028003,validation
img14457,7590,images/img14457.jpg,91.0,87.18350551733771,3.816494482662293,validation
img14504,7614,images/img14504.jpg,67.0,68.19645775262522,1.1964577526252214,validation
img14505,7614,images/img14505.jpg,67.0,69.99247719441605,2.992477194416054,validation
img14645,7685,images/img14645.jpg,63.0,57.04596555456857,5.954034445431432,validation
img14646,7685,images/img14646.jpg,63.0,53.95431407421876,9.045685925781244,validation
img14649,7687,images/img14649.jpg,46.0,46.12614305240638,0.1261430524063769,validation
img14650,7687,images/img14650.jpg,46.0,47.04090345893763,1.0409034589376276,validation
img14659,7692,images/img14659.jpg,53.0,49.45919794836613,3.540802051633868,validation
img14660,7692,images/img14660.jpg,53.0,58.98318830581245,5.9831883058124475,validation
img14675,7700,images/img14675.jpg,57.0,57.367902030239385,0.3679020302393851,validation
img14676,7700,images/img14676.jpg,57.0,63.694400436673675,6.694400436673675,validation
img14679,7702,images/img14679.jpg,77.0,71.22740701506454,5.772592984935457,validation
img14680,7702,images/img14680.jpg,77.0,64.77056409827668,12.22943590172332,validation
img14681,7703,images/img14681.jpg,58.0,65.45787878967883,7.45787878967883,validation
img14682,7703,images/img14682.jpg,58.0,53.39873994268718,4.601260057312821,validation
img14689,7707,images/img14689.jpg,66.0,62.52134639892441,3.4786536010755924,validation
img14690,7707,images/img14690.jpg,66.0,78.83491319211313,12.834913192113136,validation
img14729,7728,images/img14729.jpg,87.0,81.21272531289026,5.787274687109743,validation
img14730,7728,images/img14730.jpg,87.0,64.78586590795268,22.214134092047317,validation
img14778,7753,images/img14778.jpg,60.0,57.52287688660504,2.47712311339496,validation
img14779,7753,images/img14779.jpg,60.0,59.276969855205294,0.7230301447947056,validation
img14811,7770,images/img14811.jpg,79.0,68.59340941303581,10.406590586964183,validation
img14854,7793,images/img14854.jpg,66.0,58.715643298946446,7.284356701053554,validation
img14855,7793,images/img14855.jpg,66.0,65.33226664248221,0.6677333575177897,validation
img14915,7823,images/img14915.jpg,67.0,59.9735817278936,7.0264182721063975,validation
img14916,7823,images/img14916.jpg,67.0,58.703700024097955,8.296299975902045,validation
img14931,7831,images/img14931.jpg,73.0,66.15127199832763,6.84872800167237,validation
img14937,7834,images/img14937.jpg,69.0,63.80041213317382,5.199587866826178,validation
img14938,7834,images/img14938.jpg,69.0,66.17841620138711,2.821583798612892,validation
img14959,7845,images/img14959.jpg,63.0,59.23794345148157,3.76205654851843,validation
img14960,7845,images/img14960.jpg,63.0,73.79440623699166,10.794406236991662,validation
img14989,7861,images/img14989.jpg,60.0,65.22195303313028,5.221953033130276,validation
img14990,7861,images/img14990.jpg,60.0,60.4187473669656,0.4187473669656043,validation
img14999,7866,images/img14999.jpg,68.0,73.40827343207344,5.408273432073443,validation
img15000,7866,images/img15000.jpg,68.0,43.48989115861326,24.51010884138674,validation
img15005,7869,images/img15005.jpg,49.0,53.96072849947868,4.960728499478677,validation
img15006,7869,images/img15006.jpg,49.0,54.78483736684393,5.784837366843931,validation
img15007,7870,images/img15007.jpg,61.0,60.660304490483405,0.339695509516595,validation
img15008,7870,images/img15008.jpg,61.0,60.49464294697718,0.50535705302282,validation
img15021,7877,images/img15021.jpg,57.0,52.30287358565963,4.697126414340367,validation
img15022,7877,images/img15022.jpg,57.0,63.72864015120829,6.728640151208289,validation
img15027,7880,images/img15027.jpg,59.0,52.82740867162397,6.172591328376036,validation
img15028,7880,images/img15028.jpg,59.0,54.2639476462509,4.736052353749102,validation
img15053,7893,images/img15053.jpg,74.0,65.28346182561889,8.716538174381114,validation
img15054,7893,images/img15054.jpg,74.0,77.7253828496269,3.7253828496268966,validation
img15064,7899,images/img15064.jpg,64.0,53.57898431094165,10.42101568905835,validation
img15065,7899,images/img15065.jpg,64.0,55.03291497748624,8.967085022513764,validation
img15072,7903,images/img15072.jpg,64.0,82.41488556186741,18.414885561867408,validation
img15073,7903,images/img15073.jpg,64.0,66.87246104976944,2.8724610497694414,validation
img15082,7908,images/img15082.jpg,54.0,77.980190889902,23.980190889902005,validation
img15083,7908,images/img15083.jpg,54.0,81.57119369357261,27.57119369357261,validation
img15098,7917,images/img15098.jpg,58.0,56.73774589079927,1.2622541092007324,validation
img15099,7917,images/img15099.jpg,58.0,59.55255893197028,1.5525589319702815,validation
img15110,7923,images/img15110.jpg,73.0,77.4589052777219,4.458905277721897,validation
img15111,7923,images/img15111.jpg,73.0,75.55700065024112,2.5570006502411218,validation
img15140,7938,images/img15140.jpg,42.0,42.51578518538665,0.5157851853866475,validation
img15141,7938,images/img15141.jpg,42.0,41.98380395669306,0.016196043306941,validation
img15174,7957,images/img15174.jpg,57.0,56.99580746056615,0.004192539433852,validation
img15175,7957,images/img15175.jpg,57.0,57.99100662343742,0.9910066234374212,validation
img15188,7964,images/img15188.jpg,39.0,49.17666168314484,10.176661683144845,validation
img15189,7964,images/img15189.jpg,39.0,54.58951040161044,15.58951040161044,validation
img15190,7965,images/img15190.jpg,75.0,55.800874584681765,19.199125415318235,validation
img15191,7965,images/img15191.jpg,75.0,78.26763217554435,3.2676321755443496,validation
img15192,7966,images/img15192.jpg,71.0,68.0005459475472,2.999454052452805,validation
img15193,7966,images/img15193.jpg,71.0,61.85963624130336,9.140363758696637,validation
img15211,7977,images/img15211.jpg,58.0,62.01398570074902,4.013985700749018,validation
img15212,7978,images/img15212.jpg,47.0,42.306674812852094,4.693325187147906,validation
img15213,7978,images/img15213.jpg,47.0,44.16549487518907,2.8345051248109243,validation
img15226,7985,images/img15226.jpg,65.0,69.83976119674597,4.839761196745968,validation
img15227,7985,images/img15227.jpg,65.0,64.2257758312719,0.7742241687280966,validation
img15246,7995,images/img15246.jpg,78.0,57.07733103347095,20.922668966529052,validation
img15247,7995,images/img15247.jpg,78.0,62.237733155900834,15.762266844099166,validation
img15257,8001,images/img15257.jpg,40.0,33.96071740243293,6.039282597567073,validation
img15258,8001,images/img15258.jpg,40.0,33.71619381853817,6.283806181461827,validation
img15271,8008,images/img15271.jpg,77.0,75.29861104530502,1.701388954694977,validation
img15272,8008,images/img15272.jpg,77.0,67.45031444387281,9.549685556127187,validation
img15283,8014,images/img15283.jpg,76.0,58.07536016000719,17.924639839992807,validation
img15284,8014,images/img15284.jpg,76.0,59.83795559570392,16.162044404296076,validation
img15300,8023,images/img15300.jpg,64.0,60.35703626624172,3.642963733758279,validation
img15301,8023,images/img15301.jpg,64.0,67.43184168436375,3.4318416843637465,validation
img15340,8045,images/img15340.jpg,64.0,63.78188102600661,0.2181189739933913,validation
img15341,8045,images/img15341.jpg,64.0,67.56712427426712,3.567124274267115,validation
img15375,8063,images/img15375.jpg,54.0,74.02864100206432,20.02864100206432,validation
img15376,8063,images/img15376.jpg,54.0,68.706599507404,14.706599507403991,validation
img15381,8066,images/img15381.jpg,54.0,54.99242006681488,0.99242006681488,validation
img15388,8070,images/img15388.jpg,62.0,63.90563586363635,1.9056358636363484,validation
img15389,8070,images/img15389.jpg,62.0,60.274736894421935,1.7252631055780654,validation
img15404,8078,images/img15404.jpg,58.0,59.09123235485393,1.091232354853929,validation
img15405,8078,images/img15405.jpg,58.0,59.37916441519099,1.379164415190992,validation
img15410,8081,images/img15410.jpg,51.0,55.867988978468155,4.867988978468155,validation
img15411,8081,images/img15411.jpg,51.0,55.162259193583566,4.162259193583566,validation
img15412,8082,images/img15412.jpg,53.0,53.937323181635115,0.9373231816351152,validation
img15413,8082,images/img15413.jpg,53.0,53.71426880941328,0.7142688094132836,validation
img15422,8088,images/img15422.jpg,72.0,61.62436921345615,10.375630786543852,validation
img15423,8088,images/img15423.jpg,72.0,60.29937569266488,11.70062430733512,validation
img15424,8089,images/img15424.jpg,68.0,64.75143206476105,3.2485679352389525,validation
img15425,8089,images/img15425.jpg,68.0,61.387030025786814,6.612969974213186,validation
img15428,8091,images/img15428.jpg,71.0,63.23592089809189,7.764079101908109,validation
img15429,8091,images/img15429.jpg,71.0,55.39631700711352,15.603682992886483,validation
img15446,8100,images/img15446.jpg,87.0,79.28907173216056,7.710928267839435,validation
img15447,8100,images/img15447.jpg,87.0,73.29530364101268,13.70469635898732,validation
img15476,8115,images/img15476.jpg,53.0,54.66289294253247,1.6628929425324728,validation
img15477,8115,images/img15477.jpg,53.0,50.3747326883046,2.625267311695403,validation
img15505,8130,images/img15505.jpg,45.0,49.40131925270275,4.4013192527027485,validation
img15506,8130,images/img15506.jpg,45.0,45.89237724981977,0.8923772498197735,validation
img15511,8133,images/img15511.jpg,71.0,72.80318967668643,1.8031896766864293,validation
img15512,8133,images/img15512.jpg,71.0,60.98621869505489,10.013781304945113,validation
img15513,8134,images/img15513.jpg,57.0,60.52926901025757,3.529269010257572,validation
img15514,8134,images/img15514.jpg,57.0,56.81718411431201,0.1828158856879866,validation
img15523,8139,images/img15523.jpg,91.0,72.92084800199737,18.07915199800263,validation
img15524,8139,images/img15524.jpg,91.0,74.11612431792334,16.883875682076663,validation
img15554,8155,images/img15554.jpg,59.0,70.38843858055377,11.388438580553768,validation
img15555,8155,images/img15555.jpg,59.0,63.63589136818021,4.635891368180204,validation
img15585,8171,images/img15585.jpg,64.0,61.13647918333575,2.8635208166642485,validation
img15586,8171,images/img15586.jpg,64.0,68.62345682106714,4.623456821067137,validation
img15587,8172,images/img15587.jpg,77.0,68.3044816253737,8.695518374626303,validation
img15588,8172,images/img15588.jpg,77.0,64.91674461292881,12.08325538707119,validation
img15598,8178,images/img15598.jpg,72.0,71.21069341018342,0.7893065898165759,validation
img15599,8178,images/img15599.jpg,72.0,74.02639979762512,2.0263997976251176,validation
img15608,8183,images/img15608.jpg,65.0,66.82116309745697,1.8211630974569744,validation
img15609,8183,images/img15609.jpg,65.0,68.19745457056071,3.1974545705607085,validation
img15612,8185,images/img15612.jpg,76.0,73.97249964882023,2.027500351179768,validation
img15617,8188,images/img15617.jpg,43.0,54.85571286703379,11.855712867033787,validation
img15618,8188,images/img15618.jpg,43.0,52.00002524643453,9.000025246434532,validation
img15621,8190,images/img15621.jpg,51.0,55.992937216563874,4.992937216563874,validation
img15622,8190,images/img15622.jpg,51.0,51.8392496376668,0.8392496376667964,validation
img15636,8198,images/img15636.jpg,71.0,68.70983425794739,2.290165742052608,validation
img15637,8198,images/img15637.jpg,71.0,71.54461651246744,0.5446165124674422,validation
img15640,8200,images/img15640.jpg,60.0,56.91549477197584,3.084505228024163,validation
img15641,8200,images/img15641.jpg,60.0,57.97567468564822,2.0243253143517776,validation
img15734,8249,images/img15734.jpg,68.0,70.31141858118608,2.311418581186075,validation
img15735,8249,images/img15735.jpg,68.0,64.49468600974703,3.505313990252972,validation
img15751,8259,images/img15751.jpg,76.0,68.43737577842947,7.56262422157053,validation
img15752,8259,images/img15752.jpg,76.0,75.87295485503597,0.127045144964029,validation
img15771,8270,images/img15771.jpg,45.0,51.65870180705943,6.65870180705943,validation
img15772,8270,images/img15772.jpg,45.0,32.869107970576806,12.130892029423194,validation
img15788,8279,images/img15788.jpg,74.0,74.96195705449753,0.9619570544975318,validation
img15789,8279,images/img15789.jpg,74.0,71.54310056396598,2.4568994360340213,validation
img15798,8284,images/img15798.jpg,58.0,54.6790729662594,3.3209270337406025,validation
img15799,8284,images/img15799.jpg,58.0,55.52249599908254,2.477504000917463,validation
img15802,8286,images/img15802.jpg,59.0,60.2014407843767,1.2014407843767003,validation
img15803,8286,images/img15803.jpg,59.0,53.45254139124791,5.547458608752088,validation
img15812,8291,images/img15812.jpg,70.0,74.64934775189977,4.649347751899768,validation
img15813,8291,images/img15813.jpg,70.0,82.5659874560971,12.565987456097105,validation
img15814,8292,images/img15814.jpg,48.0,53.29604860964939,5.2960486096493895,validation
img15815,8292,images/img15815.jpg,48.0,48.12536830184913,0.1253683018491287,validation
img15816,8293,images/img15816.jpg,68.0,73.24589462596964,5.24589462596964,validation
img15817,8293,images/img15817.jpg,68.0,67.09444498785159,0.9055550121484116,validation
img15818,8294,images/img15818.jpg,73.0,68.4689445880144,4.531055411985605,validation
img15819,8294,images/img15819.jpg,73.0,73.7816035611222,0.7816035611221963,validation
img15829,8300,images/img15829.jpg,15.0,14.289403202477686,0.7105967975223138,validation
img15830,8300,images/img15830.jpg,15.0,17.185021888154594,2.185021888154594,validation
img15886,8330,images/img15886.jpg,71.0,66.09151963394088,4.908480366059123,validation
img15887,8330,images/img15887.jpg,71.0,70.84053150444166,0.1594684955583432,validation
img15917,8346,images/img15917.jpg,60.0,64.61811530016261,4.618115300162614,validation
img15918,8346,images/img15918.jpg,60.0,56.55181194424371,3.4481880557562903,validation
img15962,8369,images/img15962.jpg,73.0,64.99769953473768,8.002300465262323,validation
img15963,8369,images/img15963.jpg,73.0,77.09271537517603,4.092715375176027,validation
img15971,8373,images/img15971.jpg,75.0,77.54932342625531,2.549323426255313,validation
img15972,8373,images/img15972.jpg,75.0,75.64558875446845,0.6455887544684487,validation
img15975,8375,images/img15975.jpg,73.0,55.19081219266947,17.80918780733053,validation
img15977,8377,images/img15977.jpg,67.0,61.654604206481885,5.345395793518115,validation
img15978,8377,images/img15978.jpg,67.0,64.1778287795139,2.822171220486098,validation
img15985,8381,images/img15985.jpg,89.0,80.89781809411079,8.10218190588921,validation
img15986,8381,images/img15986.jpg,89.0,79.66494625534881,9.33505374465119,validation
img15991,8384,images/img15991.jpg,73.0,69.29635691438028,3.703643085619717,validation
img15992,8384,images/img15992.jpg,73.0,67.18582832661792,5.814171673382077,validation
img15994,8386,images/img15994.jpg,70.0,71.52594962430135,1.5259496243013473,validation
img15995,8386,images/img15995.jpg,70.0,66.91316044989694,3.0868395501030648,validation
img16010,8395,images/img16010.jpg,54.0,53.26173855074187,0.7382614492581325,validation
img16011,8395,images/img16011.jpg,54.0,56.64064509500265,2.6406450950026468,validation
img16045,8413,images/img16045.jpg,59.0,68.31312035061111,9.313120350611117,validation
img16046,8413,images/img16046.jpg,59.0,63.89544792627928,4.895447926279282,validation
img16053,8417,images/img16053.jpg,43.0,47.37287436854711,4.372874368547109,validation
img16054,8417,images/img16054.jpg,43.0,40.18224421390411,2.817755786095887,validation
img16069,8425,images/img16069.jpg,65.0,63.32157744147613,1.67842255852387,validation
img16070,8425,images/img16070.jpg,65.0,62.55907006848628,2.440929931513722,validation
img16096,8439,images/img16096.jpg,80.0,88.13324834410824,8.133248344108239,validation
img16097,8439,images/img16097.jpg,80.0,83.05239098419773,3.0523909841977286,validation
img16100,8441,images/img16100.jpg,80.0,82.23470799350196,2.2347079935019565,validation
img16101,8441,images/img16101.jpg,80.0,86.88322992812334,6.883229928123342,validation
img16138,8460,images/img16138.jpg,67.0,58.0504627507654,8.949537249234602,validation
img16139,8460,images/img16139.jpg,67.0,57.33708233369541,9.662917666304589,validation
img16142,8462,images/img16142.jpg,62.0,51.29098995765473,10.70901004234527,validation
img16143,8462,images/img16143.jpg,62.0,67.07768121489056,5.077681214890561,validation
img16158,8470,images/img16158.jpg,48.0,51.33362737252113,3.3336273725211285,validation
img16167,8475,images/img16167.jpg,45.0,50.84750794843821,5.8475079484382135,validation
img16168,8475,images/img16168.jpg,45.0,49.89580856655142,4.895808566551423,validation
img16179,8481,images/img16179.jpg,62.0,57.877920955018176,4.122079044981824,validation
img16180,8481,images/img16180.jpg,62.0,54.104851032244305,7.895148967755695,validation
img16183,8483,images/img16183.jpg,79.0,77.73158406054722,1.2684159394527796,validation
img16184,8483,images/img16184.jpg,79.0,75.21863221983341,3.7813677801665904,validation
img16207,8495,images/img16207.jpg,49.0,44.669082061267325,4.330917938732675,validation
img16208,8495,images/img16208.jpg,49.0,48.054554966453935,0.9454450335460648,validation
img16211,8497,images/img16211.jpg,49.0,47.07377881982093,1.9262211801790696,validation
img16233,8508,images/img16233.jpg,19.0,21.938443096634785,2.938443096634785,validation
img16234,8508,images/img16234.jpg,19.0,19.170089923570472,0.1700899235704724,validation
img16241,8512,images/img16241.jpg,22.0,22.107385196322575,0.1073851963225749,validation
img16242,8512,images/img16242.jpg,22.0,23.45845957500142,1.4584595750014202,validation
img00003,2,images/img00003.jpg,18.0,18.45962702573427,0.4596270257342709,test
img00004,2,images/img00004.jpg,18.0,17.822339725490494,0.1776602745095061,test
img00009,5,images/img00009.jpg,23.0,23.15614672549878,0.1561467254987789,test
img00010,5,images/img00010.jpg,23.0,23.73336538433032,0.7333653843303196,test
img00051,26,images/img00051.jpg,13.0,19.429232049705128,6.429232049705128,test
img00052,26,images/img00052.jpg,13.0,16.89436548295665,3.894365482956651,test
img00068,35,images/img00068.jpg,20.0,24.52838112779287,4.528381127792869,test
img00069,35,images/img00069.jpg,20.0,23.93398535464631,3.9339853546463104,test
img00110,56,images/img00110.jpg,15.0,19.05147513291005,4.051475132910049,test
img00111,56,images/img00111.jpg,15.0,21.89688211426546,6.896882114265459,test
img00128,65,images/img00128.jpg,30.0,39.430010936495506,9.430010936495506,test
img00129,65,images/img00129.jpg,30.0,32.84049907770623,2.8404990777062267,test
img00156,79,images/img00156.jpg,20.0,23.792744759949095,3.792744759949094,test
img00157,79,images/img00157.jpg,20.0,27.094325729431564,7.094325729431564,test
img00164,83,images/img00164.jpg,22.0,24.124327412244533,2.124327412244533,test
img00165,83,images/img00165.jpg,22.0,22.10726741039584,0.1072674103958419,test
img00217,110,images/img00217.jpg,22.0,30.633627054929605,8.633627054929605,test
img00218,110,images/img00218.jpg,22.0,27.9052600227698,5.905260022769802,test
img00221,112,images/img00221.jpg,26.0,32.72428362999774,6.724283629997743,test
img00222,112,images/img00222.jpg,26.0,33.81526705146549,7.81526705146549,test
img00225,114,images/img00225.jpg,13.0,19.800078858798628,6.800078858798628,test
img00226,114,images/img00226.jpg,13.0,17.898407621950433,4.898407621950433,test
img00231,117,images/img00231.jpg,19.0,23.556051758961125,4.556051758961125,test
img00232,117,images/img00232.jpg,19.0,25.30471253332241,6.304712533322409,test
img00273,138,images/img00273.jpg,13.0,16.05465652396206,3.054656523962059,test
img00274,138,images/img00274.jpg,13.0,14.974332728863525,1.9743327288635228,test
img00287,145,images/img00287.jpg,15.0,18.02836912355267,3.0283691235526717,test
img00288,145,images/img00288.jpg,15.0,19.482946794736456,4.482946794736456,test
img00291,147,images/img00291.jpg,10.0,15.362402457910214,5.362402457910214,test
img00292,147,images/img00292.jpg,10.0,15.475743056518104,5.475743056518105,test
img00293,148,images/img00293.jpg,19.0,17.505543569441592,1.494456430558408,test
img00294,148,images/img00294.jpg,19.0,16.55271213392566,2.4472878660743405,test
img00299,151,images/img00299.jpg,23.0,26.938791594403387,3.938791594403387,test
img00300,151,images/img00300.jpg,23.0,27.65653758870916,4.65653758870916,test
img00305,154,images/img00305.jpg,28.0,34.54911045575791,6.549110455757912,test
img00306,154,images/img00306.jpg,28.0,31.533566065680468,3.5335660656804677,test
img00311,157,images/img00311.jpg,25.0,23.130283989697737,1.8697160103022623,test
img00312,157,images/img00312.jpg,25.0,26.523439154772277,1.5234391547722763,test
img00317,160,images/img00317.jpg,24.0,25.182385304749076,1.1823853047490758,test
img00318,160,images/img00318.jpg,24.0,28.034562795670684,4.034562795670684,test
img00344,174,images/img00344.jpg,76.0,77.23283482234844,1.2328348223484369,test
img00345,174,images/img00345.jpg,76.0,85.64327130276968,9.643271302769676,test
img00394,202,images/img00394.jpg,74.0,71.91302253541255,2.0869774645874486,test
img00395,202,images/img00395.jpg,74.0,76.50885926125108,2.508859261251075,test
img00424,218,images/img00424.jpg,38.0,38.40721684172187,0.4072168417218762,test
img00425,218,images/img00425.jpg,38.0,40.02397046546899,2.0239704654689916,test
img00427,220,images/img00427.jpg,49.0,54.815994198337904,5.815994198337904,test
img00428,220,images/img00428.jpg,49.0,46.30381657921835,2.6961834207816437,test
img00441,227,images/img00441.jpg,41.0,41.57056730130139,0.5705673013013879,test
img00442,227,images/img00442.jpg,41.0,39.45979114497081,1.540208855029192,test
img00451,232,images/img00451.jpg,60.0,73.73494397498001,13.734943974980013,test
img00452,232,images/img00452.jpg,60.0,52.30029483729151,7.69970516270849,test
img00463,238,images/img00463.jpg,49.0,50.91282733377869,1.9128273337786863,test
img00464,238,images/img00464.jpg,49.0,44.59275350891397,4.407246491086028,test
img00478,246,images/img00478.jpg,59.0,69.49064152869272,10.49064152869272,test
img00479,246,images/img00479.jpg,59.0,64.29906048990759,5.299060489907589,test
img00482,248,images/img00482.jpg,37.0,55.58928075586565,18.589280755865644,test
img00483,248,images/img00483.jpg,37.0,63.51268619820854,26.51268619820854,test
img00487,251,images/img00487.jpg,64.0,69.92618007682267,5.926180076822675,test
img00488,251,images/img00488.jpg,64.0,57.76226226393558,6.2377377360644175,test
img00495,255,images/img00495.jpg,87.0,71.91864136036182,15.081358639638182,test
img00509,264,images/img00509.jpg,57.0,55.84179101628536,1.158208983714637,test
img00510,264,images/img00510.jpg,57.0,57.96031480096669,0.9603148009666924,test
img00526,273,images/img00526.jpg,51.0,63.47534751412942,12.475347514129416,test
img00527,273,images/img00527.jpg,51.0,56.71192119003707,5.711921190037067,test
img00530,275,images/img00530.jpg,77.0,83.07215502645911,6.072155026459114,test
img00531,275,images/img00531.jpg,77.0,84.69781893744138,7.697818937441383,test
img00546,283,images/img00546.jpg,53.0,60.2705165047,7.270516504699998,test
img00547,283,images/img00547.jpg,53.0,53.38275268435424,0.3827526843542372,test
img00575,298,images/img00575.jpg,75.0,75.7398305831789,0.7398305831789003,test
img00576,298,images/img00576.jpg,75.0,70.82531530768463,4.174684692315367,test
img00593,307,images/img00593.jpg,11.0,10.615721221904115,0.3842787780958829,test
img00594,307,images/img00594.jpg,11.0,13.211221366268973,2.2112213662689726,test
img00609,316,images/img00609.jpg,62.0,66.6151402430574,4.615140243057397,test
img00610,316,images/img00610.jpg,62.0,60.92252540986957,1.0774745901304286,test
img00611,317,images/img00611.jpg,78.0,76.89382293178545,1.1061770682145493,test
img00635,329,images/img00635.jpg,68.0,70.45964889814647,2.459648898146469,test
img00636,329,images/img00636.jpg,68.0,63.118837324478974,4.881162675521026,test
img00645,334,images/img00645.jpg,68.0,56.26497622004412,11.73502377995588,test
img00646,334,images/img00646.jpg,68.0,65.28857079019087,2.7114292098091255,test
img00651,337,images/img00651.jpg,30.0,36.879919448106534,6.879919448106534,test
img00652,337,images/img00652.jpg,30.0,36.11639399027776,6.116393990277757,test
img00655,339,images/img00655.jpg,52.0,49.86451459079554,2.1354854092044633,test
img00656,339,images/img00656.jpg,52.0,49.83763758729208,2.162362412707921,test
img00669,346,images/img00669.jpg,49.0,56.27424613606946,7.274246136069458,test
img00670,346,images/img00670.jpg,49.0,62.74636114339903,13.746361143399028,test
img00677,350,images/img00677.jpg,77.0,81.77254655409936,4.772546554099364,test
img00678,350,images/img00678.jpg,77.0,72.76887143820066,4.231128561799338,test
img00695,360,images/img00695.jpg,75.0,61.2246844833012,13.775315516698797,test
img00707,366,images/img00707.jpg,74.0,70.49506756255882,3.504932437441184,test
img00722,374,images/img00722.jpg,9.0,14.394572947723796,5.394572947723795,test
img00723,374,images/img00723.jpg,9.0,18.024586886572067,9.024586886572068,test
img00753,390,images/img00753.jpg,47.0,52.362188069957654,5.362188069957654,test
img00754,390,images/img00754.jpg,47.0,49.392999531016905,2.3929995310169048,test
img00784,406,images/img00784.jpg,78.0,69.80368380363227,8.196316196367732,test
img00785,406,images/img00785.jpg,78.0,74.93906514151516,3.060934858484842,test
img00794,411,images/img00794.jpg,68.0,62.29545098652539,5.704549013474612,test
img00808,418,images/img00808.jpg,80.0,80.30286174720183,0.3028617472018311,test
img00809,418,images/img00809.jpg,80.0,82.21640318799952,2.216403187999518,test
img00813,421,images/img00813.jpg,84.0,71.79774283145532,12.202257168544676,test
img00814,421,images/img00814.jpg,84.0,74.73949215721456,9.260507842785444,test
img00821,425,images/img00821.jpg,57.0,58.31590546969606,1.3159054696960624,test
img00822,425,images/img00822.jpg,57.0,55.63250151098723,1.3674984890127675,test
img00860,446,images/img00860.jpg,69.0,66.63403943124564,2.3659605687543603,test
img00861,446,images/img00861.jpg,69.0,66.84696257785292,2.1530374221470794,test
img00896,464,images/img00896.jpg,77.0,76.51826468562268,0.4817353143773175,test
img00897,464,images/img00897.jpg,77.0,72.33408868310057,4.665911316899425,test
img00898,465,images/img00898.jpg,84.0,81.36745021497737,2.6325497850226327,test
img00899,465,images/img00899.jpg,84.0,73.03321359487843,10.966786405121567,test
img00910,471,images/img00910.jpg,54.0,57.57163412558823,3.5716341255882327,test
img00911,471,images/img00911.jpg,54.0,51.179435233630386,2.820564766369614,test
img00927,480,images/img00927.jpg,62.0,62.513803737171855,0.5138037371718553,test
img00928,480,images/img00928.jpg,62.0,57.73374920845678,4.2662507915432215,test
img00929,481,images/img00929.jpg,65.0,57.24368245623901,7.756317543760993,test
img00934,484,images/img00934.jpg,59.0,57.9514335512343,1.0485664487656976,test
img00935,484,images/img00935.jpg,59.0,61.80098484814842,2.800984848148417,test
img00982,509,images/img00982.jpg,73.0,54.07603628665455,18.92396371334545,test
img00983,509,images/img00983.jpg,73.0,59.58073185332039,13.419268146679611,test
img01004,520,images/img01004.jpg,43.0,49.446791709388954,6.446791709388954,test
img01009,523,images/img01009.jpg,88.0,79.71943751500822,8.280562484991776,test
img01022,531,images/img01022.jpg,46.0,52.70756912544761,6.707569125447613,test
img01023,531,images/img01023.jpg,46.0,51.40092076274479,5.400920762744789,test
img01047,544,images/img01047.jpg,78.0,76.8318762592081,1.1681237407918983,test
img01056,549,images/img01056.jpg,78.0,69.52138365556966,8.478616344430336,test
img01057,549,images/img01057.jpg,78.0,73.16960424498143,4.830395755018571,test
img01145,596,images/img01145.jpg,77.0,78.92631289003597,1.9263128900359732,test
img01146,596,images/img01146.jpg,77.0,81.91068763394685,4.91068763394685,test
img01194,622,images/img01194.jpg,61.0,67.52043851347455,6.520438513474545,test
img01195,622,images/img01195.jpg,61.0,74.31986670590814,13.31986670590814,test
img01196,623,images/img01196.jpg,68.0,67.30074594791151,0.6992540520884916,test
img01267,661,images/img01267.jpg,29.0,44.977503419803526,15.977503419803526,test
img01268,661,images/img01268.jpg,29.0,47.36638196464125,18.36638196464125,test
img01308,684,images/img01308.jpg,55.0,55.38644057536129,0.3864405753612914,test
img01309,684,images/img01309.jpg,55.0,59.983161104629225,4.983161104629225,test
img01341,701,images/img01341.jpg,61.0,73.69595028956925,12.695950289569254,test
img01354,708,images/img01354.jpg,63.0,63.443514231514555,0.4435142315145555,test
img01355,708,images/img01355.jpg,63.0,59.37516460142907,3.62483539857093,test
img01393,728,images/img01393.jpg,65.0,69.94421550154823,4.9442155015482285,test
img01396,730,images/img01396.jpg,76.0,82.80164219595314,6.801642195953136,test
img01397,730,images/img01397.jpg,76.0,78.01087194259472,2.0108719425947186,test
img01405,735,images/img01405.jpg,72.0,68.01482312872167,3.985176871278327,test
img01406,735,images/img01406.jpg,72.0,78.90684985625401,6.906849856254013,test
img01473,772,images/img01473.jpg,91.0,88.51003679883908,2.4899632011609185,test
img01474,772,images/img01474.jpg,91.0,84.78492599270112,6.215074007298881,test
img01479,775,images/img01479.jpg,43.0,46.61802580732089,3.6180258073208904,test
img01480,775,images/img01480.jpg,43.0,62.24417866355809,19.24417866355809,test
img01535,804,images/img01535.jpg,43.0,39.55224437257163,3.4477556274283714,test
img01536,804,images/img01536.jpg,43.0,36.56685972340007,6.433140276599929,test
img01541,807,images/img01541.jpg,43.0,41.24529601157998,1.7547039884200188,test
img01542,807,images/img01542.jpg,43.0,46.92989240421399,3.9298924042139873,test
img01551,812,images/img01551.jpg,19.0,42.609339929524495,23.609339929524495,test
img01552,812,images/img01552.jpg,19.0,49.49980028416511,30.49980028416511,test
img01586,830,images/img01586.jpg,44.0,38.49669924650403,5.503300753495971,test
img01587,830,images/img01587.jpg,44.0,35.64277459766923,8.35722540233077,test
img01620,848,images/img01620.jpg,49.0,48.235340004830405,0.7646599951695947,test
img01621,848,images/img01621.jpg,49.0,43.5541957309461,5.445804269053902,test
img01637,857,images/img01637.jpg,60.0,58.80915032887787,1.1908496711221304,test
img01643,860,images/img01643.jpg,80.0,78.39564148447207,1.6043585155279343,test
img01644,860,images/img01644.jpg,80.0,74.00500311154599,5.994996888454011,test
img01700,892,images/img01700.jpg,31.0,33.08541964379848,2.085419643798481,test
img01701,892,images/img01701.jpg,31.0,31.64617813651931,0.646178136519314,test
img01704,894,images/img01704.jpg,28.0,44.757382244340434,16.757382244340434,test
img01720,902,images/img01720.jpg,8.0,25.811711148834146,17.811711148834142,test
img01721,902,images/img01721.jpg,8.0,24.17648040313623,16.17648040313623,test
img01728,906,images/img01728.jpg,28.0,38.10960016074244,10.109600160742438,test
img01729,906,images/img01729.jpg,28.0,37.24350933538085,9.24350933538085,test
img01744,915,images/img01744.jpg,58.0,49.921797813162655,8.078202186837345,test
img01745,915,images/img01745.jpg,58.0,51.81621540002296,6.183784599977038,test
img01757,923,images/img01757.jpg,35.0,35.88500789965531,0.8850078996553066,test
img01778,935,images/img01778.jpg,59.0,62.070343540164,3.0703435401639965,test
img01779,935,images/img01779.jpg,59.0,64.9689368657961,5.9689368657960955,test
img01782,937,images/img01782.jpg,84.0,81.84488674410035,2.15511325589965,test
img01783,937,images/img01783.jpg,84.0,76.57461216423854,7.425387835761455,test
img01808,950,images/img01808.jpg,71.0,85.10881547900429,14.108815479004292,test
img01819,957,images/img01819.jpg,25.0,28.037677579066475,3.037677579066475,test
img01820,957,images/img01820.jpg,25.0,32.62150232159925,7.621502321599252,test
img01823,959,images/img01823.jpg,32.0,35.689498529826956,3.689498529826956,test
img01838,967,images/img01838.jpg,25.0,34.45203740236417,9.45203740236417,test
img01842,969,images/img01842.jpg,82.0,69.14830109508914,12.851698904910862,test
img01843,969,images/img01843.jpg,82.0,69.66941330021044,12.330586699789563,test
img01894,999,images/img01894.jpg,54.0,51.40116287826085,2.5988371217391517,test
img01895,999,images/img01895.jpg,54.0,51.5877237894889,2.412276210511102,test
img01958,1033,images/img01958.jpg,47.0,63.84015343203619,16.84015343203619,test
img01959,1033,images/img01959.jpg,47.0,52.18963441382198,5.189634413821977,test
img01963,1036,images/img01963.jpg,34.0,54.13548736990927,20.13548736990927,test
img01964,1036,images/img01964.jpg,34.0,47.87235976878797,13.872359768787971,test
img01965,1037,images/img01965.jpg,59.0,50.41242091302741,8.587579086972596,test
img02032,1072,images/img02032.jpg,78.0,81.76166226198103,3.76166226198103,test
img02041,1077,images/img02041.jpg,60.0,60.330811447777016,0.3308114477770161,test
img02042,1077,images/img02042.jpg,60.0,59.53638299803248,0.4636170019675205,test
img02050,1082,images/img02050.jpg,56.0,53.82438447297168,2.17561552702832,test
img02051,1082,images/img02051.jpg,56.0,56.97994252100955,0.9799425210095478,test
img02059,1087,images/img02059.jpg,62.0,62.90613884362084,0.9061388436208376,test
img02075,1096,images/img02075.jpg,64.0,76.14496618427648,12.144966184276484,test
img02091,1105,images/img02091.jpg,71.0,74.70342021715302,3.703420217153024,test
img02092,1105,images/img02092.jpg,71.0,68.45272066721755,2.547279332782452,test
img02099,1109,images/img02099.jpg,52.0,49.12746261061011,2.8725373893898904,test
img02100,1109,images/img02100.jpg,54.0,56.02310922683712,2.023109226837122,test
img02114,1117,images/img02114.jpg,42.0,46.76716242155085,4.76716242155085,test
img02115,1117,images/img02115.jpg,42.0,53.18829657155126,11.188296571551264,test
img02167,1144,images/img02167.jpg,40.0,44.92961907814541,4.929619078145407,test
img02217,1170,images/img02217.jpg,56.0,61.36773221948541,5.367732219485404,test
img02218,1170,images/img02218.jpg,56.0,71.03202088421509,15.032020884215086,test
img02259,1192,images/img02259.jpg,38.0,38.545815977951094,0.5458159779510936,test
img02260,1192,images/img02260.jpg,38.0,40.66308781001884,2.663087810018837,test
img02261,1193,images/img02261.jpg,42.0,48.65108942665902,6.65108942665902,test
img02262,1193,images/img02262.jpg,42.0,48.10140540942184,6.101405409421844,test
img02275,1200,images/img02275.jpg,33.0,43.042077790063274,10.042077790063274,test
img02276,1200,images/img02276.jpg,33.0,57.31696656956949,24.316966569569487,test
img02284,1205,images/img02284.jpg,36.0,42.28711798657292,6.287117986572923,test
img02285,1205,images/img02285.jpg,36.0,39.518976391932554,3.5189763919325543,test
img02303,1215,images/img02303.jpg,47.0,52.41853554857352,5.418535548573523,test
img02311,1219,images/img02311.jpg,31.0,35.68952252325647,4.689522523256471,test
img02312,1219,images/img02312.jpg,31.0,31.85036440295023,0.8503644029502304,test
img02314,1221,images/img02314.jpg,17.0,24.75168579510901,7.751685795109012,test
img02315,1221,images/img02315.jpg,17.0,25.63278123880369,8.632781238803691,test
img02321,1225,images/img02321.jpg,51.0,53.854236661735534,2.854236661735534,test
img02322,1225,images/img02322.jpg,51.0,49.422677767416744,1.5773222325832563,test
img02381,1255,images/img02381.jpg,28.0,26.89540711139059,1.1045928886094103,test
img02382,1255,images/img02382.jpg,28.0,26.121970185949436,1.8780298140505636,test
img02390,1260,images/img02390.jpg,63.0,70.95351874526936,7.953518745269363,test
img02391,1260,images/img02391.jpg,63.0,59.30609188028446,3.6939081197155375,test
img02414,1272,images/img02414.jpg,60.0,59.922173623927435,0.077826376072565,test
img02415,1272,images/img02415.jpg,60.0,62.03185698860445,2.031856988604453,test
img02444,1287,images/img02444.jpg,34.0,37.82765773290176,3.8276577329017623,test
img02473,1302,images/img02473.jpg,78.0,84.8111202740737,6.811120274073701,test
img02474,1302,images/img02474.jpg,78.0,84.20873468889718,6.208734688897181,test
img02525,1329,images/img02525.jpg,59.0,60.17452942664462,1.174529426644618,test
img02526,1329,images/img02526.jpg,59.0,64.21180892876554,5.211808928765535,test
img02552,1343,images/img02552.jpg,82.0,67.82717924133395,14.172820758666049,test
img02563,1349,images/img02563.jpg,68.0,71.74558765934275,3.745587659342746,test
img02564,1349,images/img02564.jpg,68.0,65.04781908247762,2.9521809175223837,test
img02567,1351,images/img02567.jpg,79.0,87.35943406745737,8.359434067457371,test
img02568,1351,images/img02568.jpg,79.0,74.95626843048056,4.043731569519437,test
img02584,1360,images/img02584.jpg,78.0,84.38611156967147,6.3861115696714705,test
img02628,1384,images/img02628.jpg,74.0,78.87431040338399,4.874310403383987,test
img02629,1384,images/img02629.jpg,74.0,72.229550401295,1.7704495987049995,test
img02632,1386,images/img02632.jpg,51.0,54.96232930701887,3.9623293070188694,test
img02633,1386,images/img02633.jpg,51.0,60.76981431994644,9.76981431994644,test
img02691,1419,images/img02691.jpg,42.0,54.98859774990088,12.988597749900876,test
img02713,1430,images/img02713.jpg,49.0,50.53343504663977,1.5334350466397666,test
img02714,1430,images/img02714.jpg,49.0,46.570100022466335,2.4298999775336654,test
img02737,1444,images/img02737.jpg,60.0,59.90744029493949,0.0925597050605162,test
img02748,1450,images/img02748.jpg,61.0,62.74522908976988,1.7452290897698788,test
img02749,1450,images/img02749.jpg,61.0,60.26903981817412,0.7309601818258784,test
img02780,1468,images/img02780.jpg,75.0,77.98735620044485,2.98735620044485,test
img02781,1468,images/img02781.jpg,75.0,83.65173376626703,8.651733766267029,test
img02813,1485,images/img02813.jpg,64.0,53.66831321230539,10.331686787694608,test
img02826,1492,images/img02826.jpg,67.0,61.55153061448743,5.448469385512567,test
img02827,1492,images/img02827.jpg,67.0,64.22325488525672,2.776745114743278,test
img02840,1499,images/img02840.jpg,74.0,79.05835745756467,5.058357457564668,test
img02858,1510,images/img02858.jpg,58.0,54.894441261456784,3.105558738543216,test
img02859,1510,images/img02859.jpg,58.0,63.002683496259934,5.002683496259934,test
img02866,1514,images/img02866.jpg,47.0,48.884413532020375,1.8844135320203748,test
img02867,1514,images/img02867.jpg,47.0,49.55439187998433,2.5543918799843297,test
img02888,1526,images/img02888.jpg,75.0,74.78633714713033,0.2136628528696746,test
img02899,1532,images/img02899.jpg,70.0,55.7717760077269,14.2282239922731,test
img02902,1534,images/img02902.jpg,63.0,63.97579701399279,0.9757970139927892,test
img02913,1540,images/img02913.jpg,72.0,75.24981059088344,3.249810590883442,test
img02914,1540,images/img02914.jpg,72.0,63.10548934339316,8.89451065660684,test
img02939,1554,images/img02939.jpg,74.0,73.6298211259825,0.3701788740174976,test
img02940,1554,images/img02940.jpg,74.0,72.81454947495342,1.1854505250465763,test
img02951,1560,images/img02951.jpg,59.0,58.37336032688003,0.6266396731199677,test
img02952,1560,images/img02952.jpg,59.0,64.81779898142213,5.817798981422129,test
img02955,1562,images/img02955.jpg,59.0,53.62483275557452,5.3751672444254766,test
img02956,1562,images/img02956.jpg,59.0,44.65321258886111,14.346787411138893,test
img02974,1573,images/img02974.jpg,80.0,78.54044619406334,1.4595538059366646,test
img02975,1573,images/img02975.jpg,80.0,84.19976987114039,4.19976987114039,test
img02976,1574,images/img02976.jpg,58.0,54.20536714277408,3.794632857225921,test
img02977,1574,images/img02977.jpg,58.0,61.08529029206655,3.085290292066553,test
img02978,1575,images/img02978.jpg,77.0,80.1606635965447,3.160663596544694,test
img02979,1575,images/img02979.jpg,77.0,76.85785241849413,0.142147581505867,test
img02998,1586,images/img02998.jpg,66.0,50.87429006883402,15.12570993116598,test
img02999,1586,images/img02999.jpg,66.0,51.95623342042512,14.04376657957488,test
img03007,1591,images/img03007.jpg,49.0,47.73226104321379,1.2677389567862036,test
img03008,1591,images/img03008.jpg,49.0,45.62599892346416,3.3740010765358406,test
img03037,1607,images/img03037.jpg,74.0,65.53667266691531,8.463327333084692,test
img03052,1615,images/img03052.jpg,74.0,61.35179131209585,12.648208687904152,test
img03053,1615,images/img03053.jpg,74.0,75.65889420174739,1.6588942017473869,test
img03062,1622,images/img03062.jpg,43.0,45.00103661172032,2.001036611720316,test
img03088,1637,images/img03088.jpg,61.0,54.81053024007008,6.189469759929921,test
img03089,1637,images/img03089.jpg,61.0,61.69432096660951,0.69432096660951,test
img03126,1658,images/img03126.jpg,53.0,58.932488553322315,5.932488553322315,test
img03127,1658,images/img03127.jpg,53.0,64.94504268182607,11.945042681826068,test
img03133,1662,images/img03133.jpg,69.0,76.63301435290963,7.633014352909626,test
img03153,1673,images/img03153.jpg,46.0,64.50772153094388,18.507721530943883,test
img03154,1673,images/img03154.jpg,46.0,52.20059886580713,6.20059886580713,test
img03159,1676,images/img03159.jpg,66.0,46.711807398428746,19.288192601571257,test
img03160,1676,images/img03160.jpg,66.0,47.035886650947205,18.964113349052795,test
img03161,1677,images/img03161.jpg,72.0,71.54558279331081,0.454417206689186,test
img03162,1677,images/img03162.jpg,72.0,71.44976394191467,0.550236058085332,test
img03197,1697,images/img03197.jpg,78.0,78.04199142068137,0.04199142068137,test
img03198,1697,images/img03198.jpg,78.0,79.28324787244995,1.283247872449948,test
img03205,1701,images/img03205.jpg,74.0,73.09660859811041,0.9033914018895928,test
img03206,1701,images/img03206.jpg,74.0,67.66410026333236,6.335899736667642,test
img03207,1702,images/img03207.jpg,68.0,76.72789309811277,8.727893098112773,test
img03208,1702,images/img03208.jpg,68.0,77.27846814407346,9.278468144073456,test
img03223,1711,images/img03223.jpg,71.0,65.56423620968614,5.435763790313857,test
img03224,1711,images/img03224.jpg,71.0,76.28188359921847,5.2818835992184745,test
img03259,1730,images/img03259.jpg,55.0,43.99258622535755,11.007413774642444,test
img03260,1730,images/img03260.jpg,55.0,39.08485236553382,15.91514763446618,test
img03275,1737,images/img03275.jpg,53.0,54.58587430642782,1.585874306427819,test
img03276,1737,images/img03276.jpg,53.0,62.101854002090775,9.101854002090777,test
img03346,1777,images/img03346.jpg,56.0,50.19254839674297,5.807451603257029,test
img03347,1777,images/img03347.jpg,56.0,51.2639035569482,4.7360964430518,test
img03377,1793,images/img03377.jpg,68.0,69.02490506829176,1.0249050682917584,test
img03378,1793,images/img03378.jpg,68.0,70.5743385818596,2.5743385818596067,test
img03444,1828,images/img03444.jpg,78.0,79.88712105025667,1.8871210502566669,test
img03472,1846,images/img03472.jpg,67.0,82.5013775128431,15.501377512843106,test
img03473,1846,images/img03473.jpg,67.0,74.60424882928676,7.60424882928676,test
img03479,1850,images/img03479.jpg,63.0,60.14300451412961,2.8569954858703923,test
img03480,1850,images/img03480.jpg,63.0,61.90136844951061,1.0986315504893869,test
img03491,1856,images/img03491.jpg,33.0,42.11153188812912,9.111531888129122,test
img03492,1856,images/img03492.jpg,33.0,39.84263030638227,6.842630306382269,test
img03524,1875,images/img03524.jpg,81.0,82.42452219565075,1.424522195650752,test
img03534,1880,images/img03534.jpg,61.0,65.34143976683164,4.341439766831641,test
img03535,1880,images/img03535.jpg,61.0,67.16922705461137,6.169227054611369,test
img03554,1890,images/img03554.jpg,57.0,56.38002737295255,0.6199726270474528,test
img03555,1890,images/img03555.jpg,57.0,58.084038010893885,1.0840380108938843,test
img03562,1894,images/img03562.jpg,19.0,20.045998424047234,1.0459984240472338,test
img03563,1894,images/img03563.jpg,19.0,13.77246694470319,5.22753305529681,test
img03570,1898,images/img03570.jpg,56.0,60.89321280061729,4.893212800617292,test
img03571,1898,images/img03571.jpg,56.0,61.827469231896096,5.827469231896096,test
img03593,1910,images/img03593.jpg,8.0,13.802358395442624,5.802358395442624,test
img03594,1910,images/img03594.jpg,8.0,14.18504050895178,6.185040508951779,test
img03614,1921,images/img03614.jpg,58.0,56.149701696486446,1.8502983035135545,test
img03615,1921,images/img03615.jpg,58.0,54.84138469982159,3.158615300178411,test
img03646,1937,images/img03646.jpg,66.0,64.38924306658754,1.6107569334124603,test
img03665,1947,images/img03665.jpg,71.0,73.74159233617775,2.741592336177746,test
img03666,1947,images/img03666.jpg,71.0,67.82750751507419,3.1724924849258116,test
img03667,1948,images/img03667.jpg,72.0,63.60096347846256,8.39903652153744,test
img03668,1948,images/img03668.jpg,72.0,64.63687434491027,7.363125655089732,test
img03673,1951,images/img03673.jpg,73.0,79.30174244416767,6.301742444167672,test
img03674,1951,images/img03674.jpg,73.0,73.86293256230948,0.8629325623094815,test
img03710,1970,images/img03710.jpg,68.0,59.36336719572595,8.63663280427405,test
img03711,1970,images/img03711.jpg,68.0,68.89721858005213,0.897218580052126,test
img03723,1977,images/img03723.jpg,68.0,44.72146517096033,23.27853482903967,test
img03724,1977,images/img03724.jpg,68.0,59.19092314593876,8.809076854061239,test
img03727,1979,images/img03727.jpg,50.0,60.44776196691715,10.447761966917149,test
img03728,1979,images/img03728.jpg,50.0,56.89330003171257,6.89330003171257,test
img03775,2005,images/img03775.jpg,78.0,83.95030800320637,5.9503080032063735,test
img03794,2016,images/img03794.jpg,30.0,28.36443100836592,1.6355689916340808,test
img03795,2016,images/img03795.jpg,30.0,30.86908330368689,0.8690833036868888,test
img03804,2021,images/img03804.jpg,15.0,18.155713160116427,3.155713160116427,test
img03805,2021,images/img03805.jpg,15.0,16.043715520101216,1.043715520101216,test
img03854,2046,images/img03854.jpg,32.0,30.9864569796749,1.0135430203250984,test
img03855,2046,images/img03855.jpg,32.0,31.664376062199345,0.3356239378006549,test
img03923,2081,images/img03923.jpg,21.0,19.82338738496629,1.1766126150337115,test
img03924,2081,images/img03924.jpg,21.0,20.7864138468071,0.2135861531928995,test
img03943,2091,images/img03943.jpg,56.0,54.00203673288022,1.9979632671197791,test
img03944,2091,images/img03944.jpg,56.0,56.35399388845563,0.3539938884556335,test
img03956,2098,images/img03956.jpg,60.0,57.26081949062063,2.7391805093793735,test
img03957,2098,images/img03957.jpg,60.0,54.39604565369079,5.603954346309209,test
img04035,2142,images/img04035.jpg,60.0,63.320311242763765,3.320311242763765,test
img04036,2142,images/img04036.jpg,60.0,71.3865859701588,11.386585970158803,test
img04043,2146,images/img04043.jpg,48.0,55.75296134184718,7.7529613418471826,test
img04044,2146,images/img04044.jpg,48.0,48.19606385131759,0.1960638513175894,test
img04048,2148,images/img04048.jpg,56.0,38.66314384830093,17.336856151699067,test
img04049,2149,images/img04049.jpg,36.0,37.12855463333256,1.1285546333325556,test
img04050,2149,images/img04050.jpg,36.0,38.16036589516375,2.16036589516375,test
img04163,2207,images/img04163.jpg,39.0,45.12186970400086,6.121869704000858,test
img04164,2207,images/img04164.jpg,39.0,48.78427913514204,9.784279135142045,test
img04165,2208,images/img04165.jpg,71.0,67.6663600081489,3.3336399918511006,test
img04166,2208,images/img04166.jpg,71.0,66.61680996762986,4.383190032370138,test
img04195,2225,images/img04195.jpg,82.0,74.18247923786964,7.817520762130357,test
img04196,2225,images/img04196.jpg,82.0,82.07700136249184,0.0770013624918419,test
img04209,2233,images/img04209.jpg,75.0,73.26298558206048,1.7370144179395195,test
img04210,2233,images/img04210.jpg,75.0,82.87142817632073,7.871428176320734,test
img04225,2241,images/img04225.jpg,58.0,67.49456050912744,9.49456050912744,test
img04226,2241,images/img04226.jpg,58.0,60.395089027501655,2.3950890275016548,test
img04233,2246,images/img04233.jpg,76.0,87.22515811098337,11.225158110983372,test
img04234,2246,images/img04234.jpg,76.0,80.65032586861824,4.650325868618239,test
img04253,2256,images/img04253.jpg,67.0,69.03854860480483,2.0385486048048307,test
img04254,2256,images/img04254.jpg,67.0,72.52810173541526,5.528101735415262,test
img04286,2273,images/img04286.jpg,45.0,45.05084260896085,0.0508426089608491,test
img04295,2278,images/img04295.jpg,50.0,48.97464954861152,1.0253504513884837,test
img04296,2278,images/img04296.jpg,50.0,46.19066029377359,3.8093397062264103,test
img04306,2284,images/img04306.jpg,79.0,72.87936445296877,6.1206355470312275,test
img04307,2284,images/img04307.jpg,79.0,75.53365504331875,3.4663449566812545,test
img04372,2320,images/img04372.jpg,27.0,36.12693364949936,9.126933649499364,test
img04373,2320,images/img04373.jpg,27.0,34.09444805369057,7.09444805369057,test
img04381,2325,images/img04381.jpg,77.0,82.93008120539132,5.930081205391318,test
img04391,2330,images/img04391.jpg,33.0,31.39975034680907,1.6002496531909287,test
img04392,2330,images/img04392.jpg,33.0,27.76793471952598,5.232065280474021,test
img04403,2336,images/img04403.jpg,78.0,73.83446544879516,4.165534551204843,test
img04473,2372,images/img04473.jpg,43.0,44.6927744823073,1.6927744823073,test
img04474,2373,images/img04474.jpg,32.0,34.50412931907164,2.5041293190716374,test
img04475,2373,images/img04475.jpg,32.0,40.417039552739176,8.417039552739176,test
img04492,2382,images/img04492.jpg,73.0,73.95618520735748,0.9561852073574784,test
img04493,2382,images/img04493.jpg,73.0,75.92278702692688,2.9227870269268834,test
img04528,2400,images/img04528.jpg,74.0,76.6070054753106,2.6070054753106007,test
img04529,2400,images/img04529.jpg,74.0,82.41720856208906,8.417208562089058,test
img04540,2406,images/img04540.jpg,68.0,65.2908229007344,2.7091770992656024,test
img04541,2406,images/img04541.jpg,68.0,63.8015120137952,4.198487986204796,test
img04564,2419,images/img04564.jpg,58.0,61.78621471105836,3.786214711058363,test
img04565,2419,images/img04565.jpg,58.0,59.48467988394427,1.484679883944267,test
img04568,2421,images/img04568.jpg,70.0,73.62470289122184,3.624702891221844,test
img04569,2421,images/img04569.jpg,70.0,73.1196379280073,3.1196379280072932,test
img04570,2422,images/img04570.jpg,32.0,33.49798012072188,1.497980120721877,test
img04571,2422,images/img04571.jpg,32.0,29.29911250506087,2.7008874949391313,test
img04580,2427,images/img04580.jpg,44.0,43.83505409201668,0.1649459079833235,test
img04581,2427,images/img04581.jpg,61.0,45.9869582583748,15.013041741625202,test
img04586,2430,images/img04586.jpg,39.0,42.93882533795785,3.938825337957851,test
img04587,2430,images/img04587.jpg,39.0,38.4474472793633,0.5525527206366974,test
img04588,2431,images/img04588.jpg,44.0,45.820496206810965,1.8204962068109651,test
img04589,2431,images/img04589.jpg,44.0,47.872869083860046,3.8728690838600457,test
img04609,2442,images/img04609.jpg,45.0,43.533583193768074,1.4664168062319265,test
img04610,2442,images/img04610.jpg,45.0,46.65735212891361,1.6573521289136082,test
img04619,2447,images/img04619.jpg,37.0,46.24798386872673,9.247983868726728,test
img04625,2450,images/img04625.jpg,64.0,56.22028804858533,7.779711951414669,test
img04626,2450,images/img04626.jpg,64.0,61.39447889504215,2.6055211049578517,test
img04657,2466,images/img04657.jpg,67.0,65.44805238968021,1.551947610319786,test
img04658,2466,images/img04658.jpg,67.0,59.32833215353329,7.671667846466711,test
img04705,2490,images/img04705.jpg,35.0,37.636584966313634,2.6365849663136345,test
img04706,2490,images/img04706.jpg,35.0,37.65957939667667,2.6595793966766763,test
img04723,2499,images/img04723.jpg,61.0,53.18085179208504,7.819148207914957,test
img04829,2552,images/img04829.jpg,58.0,55.322953006568845,2.677046993431155,test
img04830,2552,images/img04830.jpg,58.0,62.655510022523835,4.655510022523835,test
img04837,2556,images/img04837.jpg,53.0,68.63222860077734,15.63222860077734,test
img04838,2556,images/img04838.jpg,53.0,54.087394449005906,1.087394449005906,test
img04861,2568,images/img04861.jpg,43.0,43.92601972698729,0.9260197269872918,test
img04888,2582,images/img04888.jpg,47.0,46.59274327627004,0.407256723729958,test
img04889,2582,images/img04889.jpg,47.0,49.15004097309308,2.150040973093077,test
img04920,2599,images/img04920.jpg,60.0,54.55141619715406,5.448583802845938,test
img04952,2616,images/img04952.jpg,52.0,53.48967422260786,1.48967422260786,test
img04953,2616,images/img04953.jpg,52.0,48.83844430228208,3.1615556977179224,test
img04963,2622,images/img04963.jpg,80.0,71.14244519052593,8.857554809474067,test
img04964,2622,images/img04964.jpg,80.0,77.40339102547662,2.596608974523378,test
img04985,2633,images/img04985.jpg,79.0,82.79303073597654,3.793030735976544,test
img04986,2633,images/img04986.jpg,79.0,78.26608132750906,0.7339186724909439,test
img04987,2634,images/img04987.jpg,60.0,71.96532275871267,11.965322758712674,test
img04988,2634,images/img04988.jpg,60.0,70.07535704363865,10.075357043638649,test
img05014,2648,images/img05014.jpg,39.0,35.186847087499956,3.813152912500044,test
img05015,2648,images/img05015.jpg,39.0,39.18959022904858,0.1895902290485764,test
img05017,2649,images/img05017.jpg,49.0,58.45913901863273,9.459139018632731,test
img05035,2659,images/img05035.jpg,43.0,46.12255276286193,3.122552762861929,test
img05036,2659,images/img05036.jpg,43.0,42.49086582760989,0.5091341723901124,test
img05047,2665,images/img05047.jpg,30.0,29.449952652786703,0.5500473472132938,test
img05051,2667,images/img05051.jpg,32.0,36.90645618115499,4.9064561811549865,test
img05052,2667,images/img05052.jpg,32.0,38.5886071688885,6.588607168888501,test
img05053,2668,images/img05053.jpg,56.0,56.11205586924421,0.1120558692442088,test
img05054,2668,images/img05054.jpg,56.0,59.97651356138931,3.976513561389311,test
img05061,2672,images/img05061.jpg,69.0,65.72756221095075,3.272437789049249,test
img05062,2672,images/img05062.jpg,69.0,63.011097010442995,5.988902989557005,test
img05069,2676,images/img05069.jpg,58.0,57.751820214347696,0.2481797856523044,test
img05070,2676,images/img05070.jpg,58.0,64.66151068927974,6.661510689279737,test
img05124,2705,images/img05124.jpg,35.0,38.1983693063016,3.1983693063016005,test
img05125,2705,images/img05125.jpg,35.0,38.318281923376944,3.3182819233769436,test
img05139,2713,images/img05139.jpg,26.0,26.617506485813497,0.6175064858134967,test
img05140,2713,images/img05140.jpg,26.0,27.095189492894264,1.0951894928942636,test
img05159,2723,images/img05159.jpg,33.0,38.50670014417189,5.506700144171887,test
img05160,2723,images/img05160.jpg,33.0,35.575335610952806,2.5753356109528056,test
img05169,2728,images/img05169.jpg,38.0,33.84088112808787,4.159118871912128,test
img05170,2728,images/img05170.jpg,38.0,36.87896843580922,1.1210315641907798,test
img05171,2729,images/img05171.jpg,33.0,32.56819110242802,0.4318088975719831,test
img05172,2729,images/img05172.jpg,33.0,27.35305560482266,5.646944395177339,test
img05189,2738,images/img05189.jpg,69.0,72.93164613589153,3.9316461358915262,test
img05190,2739,images/img05190.jpg,55.0,54.43982330176458,0.5601766982354235,test
img05191,2739,images/img05191.jpg,55.0,49.91754770430643,5.082452295693571,test
img05192,2740,images/img05192.jpg,81.0,84.38537431701896,3.3853743170189574,test
img05202,2745,images/img05202.jpg,63.0,51.416415065162155,11.583584934837845,test
img05203,2745,images/img05203.jpg,63.0,51.42618148158698,11.57381851841302,test
img05218,2753,images/img05218.jpg,8.0,19.75614470812775,11.75614470812775,test
img05231,2760,images/img05231.jpg,65.0,55.62170801218741,9.378291987812588,test
img05232,2760,images/img05232.jpg,65.0,56.898451836825615,8.101548163174385,test
img05235,2762,images/img05235.jpg,34.0,35.83720862561094,1.8372086256109412,test
img05236,2762,images/img05236.jpg,34.0,40.31282736345298,6.312827363452982,test
img05238,2763,images/img05238.jpg,32.0,26.16169239912923,5.83830760087077,test
img05249,2769,images/img05249.jpg,67.0,58.65711050967606,8.342889490323941,test
img05250,2769,images/img05250.jpg,67.0,60.49562940411356,6.504370595886442,test
img05267,2778,images/img05267.jpg,84.0,73.73513701302659,10.264862986973412,test
img05268,2778,images/img05268.jpg,84.0,73.8967491199962,10.1032508800038,test
img05285,2787,images/img05285.jpg,70.0,77.6268003913943,7.626800391394298,test
img05286,2787,images/img05286.jpg,70.0,76.18168485632461,6.181684856324608,test
img05287,2788,images/img05287.jpg,77.0,75.30228858368409,1.6977114163159115,test
img05288,2788,images/img05288.jpg,77.0,78.90463591707564,1.9046359170756375,test
img05289,2789,images/img05289.jpg,61.0,50.16372792544844,10.83627207455156,test
img05290,2789,images/img05290.jpg,61.0,52.07440324202901,8.925596757970993,test
img05311,2800,images/img05311.jpg,86.0,75.93780255136429,10.062197448635716,test
img05312,2800,images/img05312.jpg,86.0,80.43100847304405,5.568991526955955,test
img05317,2803,images/img05317.jpg,64.0,74.48671265234428,10.48671265234428,test
img05318,2803,images/img05318.jpg,64.0,79.28436247631217,15.284362476312168,test
img05319,2804,images/img05319.jpg,83.0,78.62121244026736,4.378787559732643,test
img05320,2804,images/img05320.jpg,83.0,73.08316900574825,9.916830994251754,test
img05324,2807,images/img05324.jpg,75.0,75.33849466882884,0.3384946688288437,test
img05325,2807,images/img05325.jpg,75.0,76.92577563624269,1.9257756362426903,test
img05344,2817,images/img05344.jpg,48.0,52.94647252113005,4.9464725211300475,test
img05345,2817,images/img05345.jpg,48.0,51.055365209585595,3.055365209585595,test
img05376,2833,images/img05376.jpg,55.0,60.10508099020595,5.105080990205948,test
img05377,2833,images/img05377.jpg,55.0,61.24259939557395,6.242599395573947,test
img05394,2842,images/img05394.jpg,58.0,50.31253899246425,7.687461007535752,test
img05395,2842,images/img05395.jpg,58.0,53.99287887707684,4.007121122923159,test
img05398,2844,images/img05398.jpg,77.0,77.1492329890194,0.1492329890193957,test
img05399,2844,images/img05399.jpg,77.0,70.47179502653543,6.528204973464568,test
img05448,2870,images/img05448.jpg,59.0,54.46827051163851,4.531729488361492,test
img05449,2870,images/img05449.jpg,59.0,63.24036077316341,4.24036077316341,test
img05454,2873,images/img05454.jpg,61.0,67.75157594491833,6.751575944918329,test
img05455,2873,images/img05455.jpg,61.0,61.897557311353545,0.8975573113535447,test
img05465,2879,images/img05465.jpg,61.0,69.39880776781767,8.398807767817672,test
img05466,2879,images/img05466.jpg,61.0,76.81730570382723,15.81730570382723,test
img05467,2880,images/img05467.jpg,58.0,57.229687470513994,0.7703125294860058,test
img05468,2880,images/img05468.jpg,58.0,54.42495119259907,3.575048807400933,test
img05475,2884,images/img05475.jpg,60.0,63.58136793551303,3.581367935513029,test
img05476,2884,images/img05476.jpg,60.0,74.9954387947814,14.995438794781409,test
img05481,2887,images/img05481.jpg,45.0,46.99047254191916,1.990472541919161,test
img05483,2888,images/img05483.jpg,66.0,67.20914994011078,1.2091499401107768,test
img05488,2891,images/img05488.jpg,56.0,71.13066441663192,15.130664416631916,test
img05510,2903,images/img05510.jpg,59.0,47.31193105756785,11.688068942432151,test
img05511,2903,images/img05511.jpg,59.0,47.89085979355786,11.109140206442142,test
img05521,2908,images/img05521.jpg,78.0,80.6628286266187,2.6628286266187047,test
img05548,2922,images/img05548.jpg,33.0,34.35991572033488,1.3599157203348824,test
img05549,2922,images/img05549.jpg,33.0,42.75645782384353,9.756457823843531,test
img05570,2933,images/img05570.jpg,58.0,58.37696356742337,0.3769635674233669,test
img05571,2933,images/img05571.jpg,58.0,55.58125359042837,2.418746409571632,test
img05585,2942,images/img05585.jpg,58.0,54.153361929596,3.8466380704039977,test
img05586,2942,images/img05586.jpg,58.0,52.83868667410851,5.161313325891491,test
img05594,2946,images/img05594.jpg,71.0,74.81042327853649,3.81042327853649,test
img05624,2962,images/img05624.jpg,72.0,37.752538667518266,34.247461332481734,test
img05625,2962,images/img05625.jpg,72.0,43.704180840092704,28.295819159907296,test
img05656,2978,images/img05656.jpg,58.0,60.35055913088191,2.350559130881912,test
img05657,2978,images/img05657.jpg,58.0,49.83632667355198,8.16367332644802,test
img05658,2979,images/img05658.jpg,49.0,60.03677578615335,11.036775786153347,test
img05659,2979,images/img05659.jpg,49.0,60.94256428596,11.942564285959996,test
img05664,2982,images/img05664.jpg,58.0,59.30400990496844,1.3040099049684386,test
img05665,2982,images/img05665.jpg,58.0,54.84724891211821,3.1527510878817893,test
img05674,2987,images/img05674.jpg,50.0,53.78675514121224,3.78675514121224,test
img05675,2987,images/img05675.jpg,50.0,51.99590928266152,1.995909282661522,test
img05709,3006,images/img05709.jpg,39.0,43.08794777425219,4.087947774252193,test
img05710,3006,images/img05710.jpg,39.0,44.619879171596075,5.619879171596075,test
img05745,3024,images/img05745.jpg,83.0,74.88822306436356,8.111776935636442,test
img05746,3024,images/img05746.jpg,83.0,66.22079077913922,16.77920922086078,test
img05760,3031,images/img05760.jpg,72.0,64.40492440869411,7.595075591305886,test
img05788,3046,images/img05788.jpg,50.0,59.148413877798205,9.148413877798204,test
img05789,3046,images/img05789.jpg,50.0,59.23428363552203,9.234283635522033,test
img05793,3048,images/img05793.jpg,69.0,73.87251357496075,4.872513574960749,test
img05816,3060,images/img05816.jpg,47.0,49.97620291459789,2.9762029145978843,test
img05817,3060,images/img05817.jpg,47.0,44.43767088660493,2.562329113395073,test
img05836,3070,images/img05836.jpg,72.0,82.98514394491747,10.985143944917468,test
img05837,3070,images/img05837.jpg,72.0,76.6251226958186,4.625122695818604,test
img05853,3079,images/img05853.jpg,65.0,65.08570525299396,0.0857052529939608,test
img05854,3079,images/img05854.jpg,65.0,63.08444274326292,1.915557256737081,test
img05863,3084,images/img05863.jpg,50.0,49.423435196362256,0.5765648036377442,test
img05864,3084,images/img05864.jpg,50.0,48.93088989560987,1.069110104390127,test
img05884,3095,images/img05884.jpg,50.0,55.194922430737705,5.194922430737705,test
img05885,3095,images/img05885.jpg,50.0,51.86541392725248,1.865413927252483,test
img05910,3109,images/img05910.jpg,54.0,47.49046507601123,6.509534923988767,test
img05911,3109,images/img05911.jpg,54.0,53.95548293595,0.0445170640499981,test
img05924,3116,images/img05924.jpg,69.0,66.15098843961513,2.8490115603848665,test
img05925,3116,images/img05925.jpg,69.0,65.38109272624895,3.6189072737510486,test
img05938,3124,images/img05938.jpg,45.0,44.37270431373943,0.6272956862605668,test
img05939,3124,images/img05939.jpg,45.0,40.76704697768464,4.232953022315357,test
img05956,3133,images/img05956.jpg,45.0,41.983000176804154,3.016999823195846,test
img05975,3143,images/img05975.jpg,68.0,57.88232797545041,10.117672024549591,test
img05976,3143,images/img05976.jpg,68.0,75.1640144493638,7.164014449363805,test
img05995,3154,images/img05995.jpg,56.0,54.35417412000075,1.6458258799992436,test
img05996,3154,images/img05996.jpg,56.0,57.174048479700474,1.174048479700474,test
img06022,3169,images/img06022.jpg,82.0,80.33580908837368,1.6641909116263207,test
img06023,3169,images/img06023.jpg,82.0,66.76644171899626,15.233558281003738,test
img06034,3175,images/img06034.jpg,88.0,81.21284964247958,6.787150357520417,test
img06035,3175,images/img06035.jpg,88.0,68.60827443323352,19.39172556676648,test
img06053,3185,images/img06053.jpg,42.0,46.62488138450084,4.6248813845008385,test
img06054,3185,images/img06054.jpg,42.0,41.39681560960539,0.6031843903946097,test
img06071,3194,images/img06071.jpg,42.0,45.67991325020467,3.6799132502046703,test
img06072,3194,images/img06072.jpg,42.0,42.157930818377906,0.1579308183779062,test
img06125,3222,images/img06125.jpg,61.0,60.78997534440533,0.2100246555946725,test
img06126,3222,images/img06126.jpg,61.0,58.43870738646023,2.56129261353977,test
img06131,3225,images/img06131.jpg,65.0,60.63603895366105,4.36396104633895,test
img06132,3225,images/img06132.jpg,65.0,71.97366265669152,6.973662656691516,test
img06163,3242,images/img06163.jpg,23.0,24.103160844966695,1.1031608449666948,test
img06164,3242,images/img06164.jpg,23.0,27.33984176882007,4.339841768820069,test
img06175,3248,images/img06175.jpg,51.0,50.288284907051434,0.711715092948566,test
img06176,3248,images/img06176.jpg,51.0,52.59865258805997,1.59865258805997,test
img06180,3251,images/img06180.jpg,56.0,59.938808977510014,3.938808977510014,test
img06181,3251,images/img06181.jpg,56.0,62.564017077409005,6.564017077409005,test
img06203,3263,images/img06203.jpg,52.0,48.728374989667074,3.271625010332926,test
img06204,3263,images/img06204.jpg,52.0,54.88293941118092,2.882939411180921,test
img06217,3272,images/img06217.jpg,59.0,54.288789843339536,4.711210156660464,test
img06218,3272,images/img06218.jpg,59.0,57.9075919661239,1.0924080338760973,test
img06250,3289,images/img06250.jpg,60.0,47.1745883045571,12.825411695442902,test
img06251,3289,images/img06251.jpg,60.0,56.62274020271325,3.3772597972867473,test
img06256,3292,images/img06256.jpg,69.0,61.726205507914706,7.273794492085294,test
img06257,3292,images/img06257.jpg,69.0,59.16753909499864,9.832460905001362,test
img06284,3306,images/img06284.jpg,54.0,59.83416217996639,5.834162179966391,test
img06285,3306,images/img06285.jpg,54.0,46.64662270347671,7.353377296523291,test
img06287,3307,images/img06287.jpg,57.0,35.083361244761946,21.916638755238058,test
img06304,3317,images/img06304.jpg,43.0,38.46655041170247,4.533449588297529,test
img06305,3317,images/img06305.jpg,43.0,38.41187374826951,4.588126251730493,test
img06343,3337,images/img06343.jpg,35.0,48.76685663347966,13.766856633479662,test
img06350,3340,images/img06350.jpg,51.0,48.77859051112508,2.2214094888749187,test
img06363,3347,images/img06363.jpg,67.0,73.99857723487652,6.998577234876521,test
img06380,3356,images/img06380.jpg,56.0,58.68947628283468,2.6894762828346828,test
img06381,3356,images/img06381.jpg,56.0,51.85089026812022,4.149109731879783,test
img06440,3387,images/img06440.jpg,46.0,48.742045246135746,2.7420452461357456,test
img06441,3387,images/img06441.jpg,46.0,49.76392868119807,3.763928681198067,test
img06511,3423,images/img06511.jpg,65.0,61.474387921446066,3.5256120785539338,test
img06512,3423,images/img06512.jpg,65.0,61.277523468155074,3.7224765318449258,test
img06547,3442,images/img06547.jpg,73.0,77.07923543022787,4.079235430227868,test
img06548,3443,images/img06548.jpg,64.0,61.933868095099854,2.0661319049001463,test
img06549,3443,images/img06549.jpg,64.0,64.12951255612444,0.129512556124439,test
img06598,3470,images/img06598.jpg,68.0,75.80863937659879,7.808639376598791,test
img06624,3485,images/img06624.jpg,76.0,70.29139061119997,5.708609388800028,test
img06625,3485,images/img06625.jpg,76.0,66.2139297489071,9.786070251092896,test
img06628,3487,images/img06628.jpg,79.0,78.13084345263343,0.8691565473665719,test
img06629,3487,images/img06629.jpg,79.0,74.0415178394432,4.958482160556798,test
img06706,3529,images/img06706.jpg,7.0,14.246581474448163,7.246581474448163,test
img06718,3535,images/img06718.jpg,61.0,35.65279294510401,25.34720705489599,test
img06719,3535,images/img06719.jpg,61.0,46.717735956740896,14.282264043259104,test
img06722,3537,images/img06722.jpg,53.0,46.94039280146002,6.059607198539979,test
img06723,3537,images/img06723.jpg,53.0,47.35047650209076,5.649523497909243,test
img06747,3551,images/img06747.jpg,23.0,28.864218507696645,5.864218507696645,test
img06832,3594,images/img06832.jpg,50.0,48.71452969022395,1.285470309776052,test
img06833,3594,images/img06833.jpg,50.0,48.62284806950426,1.3771519304957422,test
img06836,3596,images/img06836.jpg,77.0,73.41898649835386,3.58101350164614,test
img06837,3596,images/img06837.jpg,77.0,67.5982012185469,9.401798781453095,test
img06844,3600,images/img06844.jpg,39.0,36.92013243598104,2.0798675640189614,test
img06845,3600,images/img06845.jpg,39.0,32.8284478324249,6.171552167575101,test
img06852,3604,images/img06852.jpg,76.0,74.41807072232059,1.5819292776794072,test
img06916,3637,images/img06916.jpg,74.0,65.83169805750666,8.168301942493343,test
img06922,3640,images/img06922.jpg,48.0,67.72964485972717,19.729644859727173,test
img06923,3640,images/img06923.jpg,48.0,60.315237530798065,12.315237530798065,test
img06933,3646,images/img06933.jpg,73.0,71.05868739990503,1.9413126000949743,test
img06934,3646,images/img06934.jpg,73.0,73.75277327433378,0.7527732743337765,test
img06964,3662,images/img06964.jpg,73.0,66.88374014286443,6.116259857135574,test
img06993,3679,images/img06993.jpg,53.0,45.47819176335166,7.52180823664834,test
img06994,3679,images/img06994.jpg,53.0,43.51464910604597,9.485350893954028,test
img07022,3695,images/img07022.jpg,76.0,74.95469577023661,1.0453042297633883,test
img07023,3695,images/img07023.jpg,76.0,73.94696954920117,2.053030450798829,test
img07071,3720,images/img07071.jpg,70.0,70.31658698402664,0.3165869840266424,test
img07113,3742,images/img07113.jpg,63.0,67.43627174394138,4.436271743941376,test
img07114,3742,images/img07114.jpg,63.0,71.01958574406144,8.019585744061445,test
img07125,3748,images/img07125.jpg,20.0,27.14731194669385,7.147311946693851,test
img07126,3748,images/img07126.jpg,20.0,18.512639417646945,1.4873605823530551,test
img07187,3780,images/img07187.jpg,45.0,45.745188465822615,0.7451884658226149,test
img07188,3780,images/img07188.jpg,45.0,50.07468776319675,5.074687763196756,test
img07206,3790,images/img07206.jpg,38.0,32.668671222813515,5.331328777186485,test
img07207,3790,images/img07207.jpg,38.0,34.992831853964404,3.007168146035596,test
img07208,3791,images/img07208.jpg,48.0,52.72344677743207,4.723446777432073,test
img07209,3791,images/img07209.jpg,48.0,48.35832050905293,0.3583205090529304,test
img07214,3794,images/img07214.jpg,29.0,36.68484414123039,7.684844141230393,test
img07244,3810,images/img07244.jpg,36.0,37.16862147940908,1.168621479409083,test
img07245,3810,images/img07245.jpg,36.0,40.95097406471773,4.950974064717727,test
img07285,3831,images/img07285.jpg,27.0,37.24041854541457,10.24041854541457,test
img07286,3831,images/img07286.jpg,27.0,37.828043808994934,10.828043808994934,test
img07305,3841,images/img07305.jpg,74.0,69.79322375897225,4.206776241027754,test
img07306,3841,images/img07306.jpg,74.0,71.68367370507839,2.316326294921609,test
img07317,3847,images/img07317.jpg,38.0,35.89524873161836,2.1047512683816407,test
img07318,3847,images/img07318.jpg,38.0,34.516054053542774,3.4839459464572258,test
img07335,3856,images/img07335.jpg,42.0,44.79665948846368,2.796659488463682,test
img07336,3856,images/img07336.jpg,42.0,42.98691035193559,0.9869103519355916,test
img07371,3874,images/img07371.jpg,42.0,49.75234258126629,7.752342581266284,test
img07372,3874,images/img07372.jpg,42.0,51.14157360184878,9.141573601848783,test
img07408,3893,images/img07408.jpg,57.0,51.8016050373613,5.198394962638702,test
img07409,3893,images/img07409.jpg,57.0,55.791892180831745,1.208107819168255,test
img07414,3896,images/img07414.jpg,42.0,47.56270602046283,5.5627060204628265,test
img07419,3899,images/img07419.jpg,73.0,71.15496539829333,1.845034601706672,test
img07420,3899,images/img07420.jpg,73.0,63.41100095329491,9.588999046705084,test
img07454,3917,images/img07454.jpg,87.0,83.2724979817252,3.727502018274805,test
img07455,3917,images/img07455.jpg,87.0,83.9852555239118,3.0147444760881967,test
img07470,3925,images/img07470.jpg,72.0,72.78930293404686,0.7893029340468587,test
img07471,3925,images/img07471.jpg,72.0,71.06071157286812,0.9392884271318848,test
img07494,3938,images/img07494.jpg,82.0,78.10582266808642,3.894177331913582,test
img07495,3938,images/img07495.jpg,82.0,77.88235004676365,4.117649953236352,test
img07562,3974,images/img07562.jpg,57.0,70.15799477734517,13.157994777345166,test
img07563,3974,images/img07563.jpg,57.0,71.4403628799848,14.440362879984804,test
img07593,3990,images/img07593.jpg,82.0,70.33165267654395,11.668347323456048,test
img07594,3990,images/img07594.jpg,82.0,77.37425645837747,4.625743541622526,test
img07639,4013,images/img07639.jpg,65.0,58.78309400972502,6.216905990274981,test
img07640,4013,images/img07640.jpg,71.0,62.93307364947722,8.066926350522778,test
img07641,4013,images/img07641.jpg,71.0,54.52471778110896,16.47528221889104,test
img07649,4018,images/img07649.jpg,64.0,62.351057395352235,1.6489426046477649,test
img07650,4018,images/img07650.jpg,64.0,58.87631066462873,5.123689335371267,test
img07701,4045,images/img07701.jpg,38.0,52.59461896537463,14.594618965374629,test
img07702,4045,images/img07702.jpg,38.0,59.577332420601664,21.577332420601664,test
img07712,4050,images/img07712.jpg,44.0,57.164543264474275,13.164543264474275,test
img07727,4059,images/img07727.jpg,65.0,54.10551194216652,10.894488057833478,test
img07762,4078,images/img07762.jpg,48.0,52.64599271511217,4.645992715112172,test
img07844,4121,images/img07844.jpg,73.0,61.044966879885735,11.955033120114264,test
img07845,4121,images/img07845.jpg,73.0,64.6998778189969,8.300122181003104,test
img07848,4123,images/img07848.jpg,12.0,15.94754549214575,3.94754549214575,test
img07867,4133,images/img07867.jpg,58.0,54.3893989284087,3.6106010715912977,test
img07868,4133,images/img07868.jpg,58.0,64.44709395168488,6.447093951684877,test
img07869,4134,images/img07869.jpg,13.0,14.780291320677584,1.780291320677584,test
img07870,4134,images/img07870.jpg,13.0,16.074322411284506,3.0743224112845056,test
img07897,4148,images/img07897.jpg,27.0,36.94634198589968,9.94634198589968,test
img07898,4148,images/img07898.jpg,27.0,34.17984721301269,7.1798472130126925,test
img07937,4169,images/img07937.jpg,65.0,61.959091733187336,3.0409082668126644,test
img07938,4169,images/img07938.jpg,65.0,57.765387408130486,7.234612591869514,test
img07965,4184,images/img07965.jpg,79.0,82.09301370486473,3.093013704864731,test
img07966,4184,images/img07966.jpg,79.0,81.53074949628638,2.5307494962863757,test
img08005,4205,images/img08005.jpg,58.0,69.58077939034493,11.58077939034493,test
img08013,4209,images/img08013.jpg,65.0,67.5190796128754,2.5190796128754016,test
img08059,4232,images/img08059.jpg,61.0,55.755744852324035,5.244255147675965,test
img08060,4232,images/img08060.jpg,61.0,60.94451920516062,0.0554807948393829,test
img08087,4246,images/img08087.jpg,60.0,43.998996833480966,16.001003166519034,test
img08088,4246,images/img08088.jpg,60.0,54.38520362272671,5.6147963772732865,test
img08089,4247,images/img08089.jpg,63.0,58.852632148871784,4.147367851128216,test
img08090,4247,images/img08090.jpg,63.0,66.16983636911306,3.1698363691130567,test
img08101,4253,images/img08101.jpg,63.0,53.5275903849111,9.4724096150889,test
img08102,4253,images/img08102.jpg,63.0,50.88322653071957,12.116773469280432,test
img08114,4260,images/img08114.jpg,71.0,58.226731435013754,12.773268564986246,test
img08115,4260,images/img08115.jpg,71.0,61.68675649264831,9.313243507351691,test
img08143,4275,images/img08143.jpg,64.0,71.6527101842836,7.652710184283606,test
img08167,4287,images/img08167.jpg,52.0,56.012375302632186,4.0123753026321864,test
img08168,4287,images/img08168.jpg,52.0,52.37258376860215,0.3725837686021478,test
img08176,4291,images/img08176.jpg,72.0,66.98392797965396,5.016072020346044,test
img08201,4305,images/img08201.jpg,46.0,40.13242621994881,5.867573780051188,test
img08202,4305,images/img08202.jpg,46.0,41.905558111199014,4.094441888800986,test
img08215,4312,images/img08215.jpg,33.0,46.52276643907673,13.522766439076731,test
img08216,4312,images/img08216.jpg,33.0,40.5932603864548,7.593260386454801,test
img08232,4321,images/img08232.jpg,59.0,54.730369010003606,4.269630989996394,test
img08233,4321,images/img08233.jpg,59.0,55.21994566915818,3.7800543308418217,test
img08251,4331,images/img08251.jpg,60.0,63.08453053740275,3.084530537402756,test
img08252,4331,images/img08252.jpg,60.0,60.32250644933201,0.3225064493320104,test
img08299,4357,images/img08299.jpg,45.0,37.39394159480486,7.606058405195142,test
img08300,4357,images/img08300.jpg,45.0,43.1834121772577,1.8165878227422991,test
img08304,4359,images/img08304.jpg,63.0,57.98091138796714,5.01908861203286,test
img08365,4392,images/img08365.jpg,17.0,29.298041525615957,12.298041525615956,test
img08366,4392,images/img08366.jpg,17.0,19.68998827928018,2.689988279280179,test
img08369,4394,images/img08369.jpg,22.0,18.955780611103236,3.0442193888967637,test
img08370,4394,images/img08370.jpg,22.0,19.67517778960412,2.3248222103958796,test
img08375,4398,images/img08375.jpg,19.0,23.284655534004656,4.284655534004656,test
img08376,4398,images/img08376.jpg,19.0,15.82556725891088,3.17443274108912,test
img08391,4406,images/img08391.jpg,39.0,38.14068692051612,0.8593130794838828,test
img08392,4406,images/img08392.jpg,39.0,37.030580735721415,1.969419264278585,test
img08508,4471,images/img08508.jpg,18.0,23.1786067567498,5.178606756749801,test
img08509,4471,images/img08509.jpg,18.0,19.97430605664328,1.9743060566432789,test
img08522,4478,images/img08522.jpg,69.0,63.6038699552657,5.396130044734299,test
img08523,4478,images/img08523.jpg,69.0,63.95053193270887,5.04946806729113,test
img08632,4537,images/img08632.jpg,49.0,45.90337605603355,3.096623943966449,test
img08633,4537,images/img08633.jpg,49.0,47.91641388660645,1.083586113393551,test
img08640,4541,images/img08640.jpg,73.0,77.04235098539397,4.042350985393966,test
img08659,4551,images/img08659.jpg,63.0,53.27230983766603,9.727690162333973,test
img08660,4551,images/img08660.jpg,63.0,55.903386103324465,7.096613896675535,test
img08690,4567,images/img08690.jpg,65.0,61.43659390751129,3.5634060924887123,test
img08691,4567,images/img08691.jpg,65.0,57.34748457600251,7.652515423997492,test
img08733,4589,images/img08733.jpg,12.0,16.247110003357996,4.247110003357996,test
img08734,4589,images/img08734.jpg,12.0,17.681642254788763,5.681642254788763,test
img08745,4595,images/img08745.jpg,14.0,13.55599822357921,0.4440017764207908,test
img08746,4595,images/img08746.jpg,14.0,13.740337561355858,0.2596624386441419,test
img08786,4616,images/img08786.jpg,53.0,50.6479976742375,2.3520023257624985,test
img08787,4616,images/img08787.jpg,53.0,51.10969178706967,1.8903082129303288,test
img08832,4640,images/img08832.jpg,71.0,69.91469922079764,1.085300779202356,test
img08833,4640,images/img08833.jpg,71.0,74.32376563820503,3.323765638205032,test
img08834,4641,images/img08834.jpg,76.0,79.35681608979814,3.3568160897981443,test
img08835,4641,images/img08835.jpg,76.0,78.32832464612409,2.328324646124088,test
img08845,4647,images/img08845.jpg,76.0,67.4697818400965,8.530218159903498,test
img08846,4647,images/img08846.jpg,76.0,72.57973668635144,3.4202633136485616,test
img08896,4673,images/img08896.jpg,63.0,62.46184269371631,0.5381573062836935,test
img08897,4673,images/img08897.jpg,63.0,58.07288488330388,4.927115116696122,test
img08911,4681,images/img08911.jpg,69.0,74.35704779677974,5.357047796779739,test
img08912,4681,images/img08912.jpg,69.0,79.70721395327853,10.707213953278526,test
img08940,4696,images/img08940.jpg,89.0,79.67165569073077,9.328344309269228,test
img08983,4719,images/img08983.jpg,71.0,74.59938252553606,3.5993825255360576,test
img08984,4719,images/img08984.jpg,71.0,74.45028735450254,3.450287354502535,test
img08987,4721,images/img08987.jpg,64.0,68.50607114836436,4.506071148364356,test
img08988,4721,images/img08988.jpg,64.0,65.28624833527444,1.2862483352744365,test
img08999,4727,images/img08999.jpg,43.0,43.14302905415569,0.14302905415569,test
img09027,4742,images/img09027.jpg,71.0,64.63686562002681,6.363134379973189,test
img09028,4742,images/img09028.jpg,71.0,69.37323295317086,1.6267670468291442,test
img09083,4771,images/img09083.jpg,68.0,66.64532833983452,1.3546716601654794,test
img09108,4785,images/img09108.jpg,57.0,53.1143692707181,3.8856307292819,test
img09109,4785,images/img09109.jpg,57.0,51.82275851731394,5.177241482686057,test
img09114,4788,images/img09114.jpg,83.0,72.31344669944086,10.68655330055914,test
img09115,4788,images/img09115.jpg,83.0,75.81415568416739,7.185844315832611,test
img09129,4796,images/img09129.jpg,69.0,68.34135407349285,0.6586459265071483,test
img09130,4796,images/img09130.jpg,69.0,69.72955501252166,0.7295550125216579,test
img09131,4797,images/img09131.jpg,78.0,75.3289409214384,2.6710590785615977,test
img09132,4797,images/img09132.jpg,78.0,78.92559090592952,0.9255909059295248,test
img09155,4809,images/img09155.jpg,76.0,77.75466355852402,1.7546635585240151,test
img09156,4809,images/img09156.jpg,76.0,78.59969905887192,2.59969905887192,test
img09177,4820,images/img09177.jpg,71.0,60.327788820962795,10.672211179037204,test
img09178,4820,images/img09178.jpg,71.0,64.68482630441521,6.3151736955847895,test
img09180,4821,images/img09180.jpg,70.0,70.64564378255994,0.6456437825599437,test
img09232,4849,images/img09232.jpg,52.0,62.74836023232216,10.748360232322163,test
img09233,4849,images/img09233.jpg,52.0,58.51331740942426,6.5133174094242605,test
img09248,4857,images/img09248.jpg,71.0,71.36541831227053,0.3654183122705348,test
img09249,4857,images/img09249.jpg,71.0,71.93903032240114,0.9390303224011376,test
img09272,4869,images/img09272.jpg,47.0,48.27463797055188,1.274637970551879,test
img09273,4869,images/img09273.jpg,47.0,47.15418298336129,0.154182983361288,test
img09290,4879,images/img09290.jpg,75.0,63.512832340006526,11.487167659993474,test
img09291,4879,images/img09291.jpg,75.0,77.50099193431979,2.500991934319785,test
img09325,4897,images/img09325.jpg,51.0,55.97643941622212,4.976439416222121,test
img09326,4897,images/img09326.jpg,51.0,52.02196232998307,1.021962329983069,test
img09353,4911,images/img09353.jpg,59.0,53.63143203930279,5.368567960697213,test
img09354,4911,images/img09354.jpg,59.0,59.8771136906374,0.8771136906374011,test
img09359,4914,images/img09359.jpg,23.0,18.47498282062669,4.5250171793733145,test
img09360,4914,images/img09360.jpg,23.0,25.413817201009692,2.4138172010096923,test
img09367,4918,images/img09367.jpg,11.0,18.922019674548583,7.922019674548587,test
img09368,4918,images/img09368.jpg,11.0,15.859659741037078,4.859659741037078,test
img09385,4928,images/img09385.jpg,83.0,80.38894580987568,2.611054190124321,test
img09386,4928,images/img09386.jpg,83.0,77.82771264530625,5.172287354693751,test
img09404,4938,images/img09404.jpg,87.0,81.48397975849048,5.516020241509523,test
img09405,4938,images/img09405.jpg,87.0,69.61249543233826,17.387504567661736,test
img09408,4940,images/img09408.jpg,59.0,64.15487579234731,5.154875792347312,test
img09409,4940,images/img09409.jpg,59.0,55.28488852124676,3.715111478753243,test
img09417,4945,images/img09417.jpg,83.0,85.40833636579923,2.4083363657992294,test
img09418,4945,images/img09418.jpg,83.0,80.69514777618133,2.3048522238186706,test
img09441,4957,images/img09441.jpg,59.0,58.16484719988368,0.8351528001163189,test
img09442,4957,images/img09442.jpg,59.0,50.76219385672984,8.237806143270156,test
img09530,5003,images/img09530.jpg,64.0,56.53212097288131,7.467879027118684,test
img09531,5003,images/img09531.jpg,64.0,60.14745420469502,3.8525457953049767,test
img09537,5007,images/img09537.jpg,67.0,51.32141308098011,15.678586919019892,test
img09538,5007,images/img09538.jpg,67.0,41.40781005337744,25.59218994662256,test
img09543,5010,images/img09543.jpg,50.0,46.78863872219158,3.2113612778084217,test
img09544,5010,images/img09544.jpg,50.0,50.47855552966632,0.4785555296663162,test
img09546,5012,images/img09546.jpg,40.0,44.59759363801429,4.597593638014288,test
img09555,5016,images/img09555.jpg,61.0,51.26814548622619,9.731854513773811,test
img09556,5017,images/img09556.jpg,66.0,69.21262747963063,3.2126274796306262,test
img09557,5017,images/img09557.jpg,66.0,70.42843126512086,4.428431265120864,test
img09585,5032,images/img09585.jpg,66.0,60.840610750879925,5.159389249120075,test
img09586,5032,images/img09586.jpg,66.0,61.02309386970012,4.976906130299881,test
img09605,5043,images/img09605.jpg,56.0,54.98649941542836,1.0135005845716378,test
img09628,5055,images/img09628.jpg,59.0,65.33853274472328,6.338532744723281,test
img09629,5055,images/img09629.jpg,59.0,68.21929731630682,9.219297316306822,test
img09654,5068,images/img09654.jpg,69.0,59.64637078751764,9.35362921248236,test
img09655,5068,images/img09655.jpg,69.0,61.18998998421616,7.810010015783838,test
img09687,5085,images/img09687.jpg,53.0,47.2954301217211,5.704569878278903,test
img09688,5085,images/img09688.jpg,53.0,49.358830160855206,3.641169839144794,test
img09737,5112,images/img09737.jpg,83.0,72.52233131561584,10.477668684384156,test
img09738,5112,images/img09738.jpg,83.0,77.01283906708511,5.98716093291489,test
img09743,5115,images/img09743.jpg,85.0,85.61728641860017,0.6172864186001732,test
img09744,5115,images/img09744.jpg,85.0,82.44811209931005,2.551887900689948,test
img09746,5117,images/img09746.jpg,82.0,79.00251820341043,2.997481796589568,test
img09747,5118,images/img09747.jpg,80.0,78.79948362159645,1.2005163784035489,test
img09769,5130,images/img09769.jpg,74.0,70.68680232967961,3.313197670320392,test
img09770,5130,images/img09770.jpg,74.0,73.48355608902185,0.516443910978154,test
img09799,5146,images/img09799.jpg,28.0,22.33162124494824,5.668378755051762,test
img09800,5146,images/img09800.jpg,28.0,33.1121788613752,5.112178861375199,test
img09845,5170,images/img09845.jpg,60.0,56.55829003388765,3.441709966112356,test
img09846,5170,images/img09846.jpg,60.0,59.73708967187787,0.2629103281221319,test
img09851,5173,images/img09851.jpg,63.0,51.67400634326151,11.32599365673849,test
img09852,5173,images/img09852.jpg,63.0,65.34256527679818,2.342565276798183,test
img09853,5174,images/img09853.jpg,57.0,50.41892804017411,6.581071959825891,test
img09854,5174,images/img09854.jpg,57.0,49.38443224076283,7.615567759237173,test
img09855,5175,images/img09855.jpg,76.0,79.83019554811148,3.830195548111476,test
img09856,5175,images/img09856.jpg,76.0,78.57174453226095,2.5717445322609507,test
img09912,5204,images/img09912.jpg,57.0,53.65603566535928,3.3439643346407237,test
img09913,5204,images/img09913.jpg,57.0,51.98014723538293,5.01985276461707,test
img09928,5212,images/img09928.jpg,67.0,69.08633915396572,2.0863391539657243,test
img09929,5212,images/img09929.jpg,67.0,58.430317047748865,8.569682952251135,test
img09938,5217,images/img09938.jpg,62.0,72.30206727018607,10.302067270186072,test
img09939,5217,images/img09939.jpg,62.0,66.51515635041878,4.515156350418778,test
img09943,5220,images/img09943.jpg,72.0,73.29246369144592,1.292463691445917,test
img09944,5220,images/img09944.jpg,72.0,65.44440756961413,6.555592430385872,test
img10002,5251,images/img10002.jpg,79.0,69.05929855889737,9.940701441102632,test
img10003,5251,images/img10003.jpg,79.0,74.52721792381475,4.472782076185254,test
img10036,5268,images/img10036.jpg,53.0,54.69558153637917,1.6955815363791729,test
img10040,5270,images/img10040.jpg,80.0,78.71620024651376,1.283799753486235,test
img10052,5277,images/img10052.jpg,22.0,20.582138150320706,1.4178618496792978,test
img10053,5277,images/img10053.jpg,22.0,27.386247242731447,5.3862472427314465,test
img10062,5282,images/img10062.jpg,25.0,27.8256781794957,2.8256781794957,test
img10063,5282,images/img10063.jpg,25.0,28.33727262737083,3.3372726273708295,test
img10079,5292,images/img10079.jpg,65.0,66.60517206370253,1.6051720637025255,test
img10090,5298,images/img10090.jpg,15.0,23.882438743155184,8.882438743155184,test
img10091,5298,images/img10091.jpg,15.0,11.103276434621677,3.896723565378323,test
img10106,5306,images/img10106.jpg,62.0,60.62438796240852,1.3756120375914804,test
img10107,5306,images/img10107.jpg,62.0,60.1534771008096,1.846522899190397,test
img10111,5308,images/img10111.jpg,57.0,48.310174966196186,8.689825033803814,test
img10148,5327,images/img10148.jpg,87.0,82.94012790869735,4.059872091302651,test
img10149,5327,images/img10149.jpg,87.0,85.28519772306396,1.714802276936041,test
img10156,5331,images/img10156.jpg,50.0,50.14683764167722,0.146837641677223,test
img10157,5331,images/img10157.jpg,50.0,51.9793260057271,1.9793260057271027,test
img10178,5342,images/img10178.jpg,75.0,67.41262512853957,7.587374871460426,test
img10179,5342,images/img10179.jpg,75.0,65.70778180953288,9.292218190467125,test
img10186,5346,images/img10186.jpg,61.0,61.171527040200985,0.1715270402009849,test
img10187,5346,images/img10187.jpg,61.0,64.0055243278621,3.005524327862105,test
img10327,5419,images/img10327.jpg,76.0,82.94914071331318,6.949140713313184,test
img10328,5419,images/img10328.jpg,76.0,86.34529287585679,10.345292875856783,test
img10331,5421,images/img10331.jpg,68.0,57.42181513004316,10.578184869956845,test
img10332,5421,images/img10332.jpg,68.0,67.15876373812006,0.841236261879942,test
img10345,5428,images/img10345.jpg,90.0,82.33664080698381,7.663359193016191,test
img10346,5428,images/img10346.jpg,90.0,84.51947577582372,5.480524224176278,test
img10349,5430,images/img10349.jpg,72.0,70.6224192333956,1.377580766604396,test
img10350,5430,images/img10350.jpg,72.0,63.926862414487985,8.073137585512015,test
img10369,5440,images/img10369.jpg,82.0,68.47007009798094,13.529929902019065,test
img10371,5442,images/img10371.jpg,75.0,80.14073160027668,5.1407316002766805,test
img10372,5442,images/img10372.jpg,75.0,82.18618891657201,7.186188916572007,test
img10382,5448,images/img10382.jpg,63.0,58.4456303088344,4.554369691165597,test
img10384,5450,images/img10384.jpg,63.0,68.82289347906364,5.822893479063637,test
img10385,5450,images/img10385.jpg,63.0,64.39689097224685,1.396890972246851,test
img10433,5475,images/img10433.jpg,61.0,56.31183034382224,4.688169656177756,test
img10434,5475,images/img10434.jpg,61.0,60.091686930829354,0.9083130691706458,test
img10449,5484,images/img10449.jpg,72.0,55.296857152787815,16.703142847212185,test
img10463,5491,images/img10463.jpg,16.0,13.805774187317844,2.1942258126821557,test
img10464,5491,images/img10464.jpg,16.0,15.000995972722166,0.9990040272778344,test
img10479,5500,images/img10479.jpg,61.0,75.00658265218274,14.006582652182743,test
img10480,5500,images/img10480.jpg,61.0,72.73902688370983,11.739026883709826,test
img10526,5524,images/img10526.jpg,25.0,29.058593642674992,4.0585936426749925,test
img10539,5531,images/img10539.jpg,61.0,71.02119984750183,10.021199847501832,test
img10540,5531,images/img10540.jpg,61.0,70.74906855111372,9.749068551113725,test
img10587,5555,images/img10587.jpg,13.0,23.591189045881848,10.591189045881848,test
img10588,5555,images/img10588.jpg,13.0,24.97229665465639,11.97229665465639,test
img10595,5559,images/img10595.jpg,36.0,41.151327926088136,5.151327926088136,test
img10619,5572,images/img10619.jpg,31.0,34.805338470816395,3.805338470816394,test
img10620,5572,images/img10620.jpg,31.0,37.30399677119924,6.3039967711992375,test
img10625,5575,images/img10625.jpg,38.0,44.09982594920493,6.099825949204927,test
img10640,5583,images/img10640.jpg,81.0,83.47793408771199,2.4779340877119864,test
img10641,5583,images/img10641.jpg,81.0,76.31444704551802,4.685552954481977,test
img10644,5585,images/img10644.jpg,35.0,40.18254304116267,5.182543041162667,test
img10659,5593,images/img10659.jpg,66.0,57.20634179542847,8.793658204571528,test
img10660,5593,images/img10660.jpg,66.0,60.21208814137854,5.787911858621463,test
img10665,5596,images/img10665.jpg,85.0,71.37790143928322,13.62209856071678,test
img10666,5596,images/img10666.jpg,85.0,57.528546220449975,27.471453779550025,test
img10680,5605,images/img10680.jpg,53.0,54.6275405327039,1.6275405327038968,test
img10681,5605,images/img10681.jpg,53.0,56.97192878371322,3.971928783713217,test
img10747,5640,images/img10747.jpg,76.0,70.95833706216102,5.041662937838979,test
img10748,5640,images/img10748.jpg,76.0,77.53673778186196,1.5367377818619588,test
img10753,5643,images/img10753.jpg,62.0,63.740266058420865,1.740266058420865,test
img10754,5643,images/img10754.jpg,62.0,64.38281937113894,2.382819371138936,test
img10758,5645,images/img10758.jpg,80.0,79.93078254831937,0.0692174516806289,test
img10763,5648,images/img10763.jpg,78.0,78.88443999308289,0.8844399930828928,test
img10764,5648,images/img10764.jpg,78.0,71.60235888182673,6.397641118173269,test
img10772,5653,images/img10772.jpg,65.0,62.69621596631392,2.303784033686078,test
img10773,5653,images/img10773.jpg,65.0,72.97873760376507,7.978737603765069,test
img10822,5678,images/img10822.jpg,55.0,62.535457262007895,7.535457262007896,test
img10823,5678,images/img10823.jpg,55.0,58.749848931905035,3.749848931905035,test
img10850,5693,images/img10850.jpg,68.0,47.7567016230106,20.2432983769894,test
img10851,5693,images/img10851.jpg,68.0,56.40496963354839,11.59503036645161,test
img10852,5694,images/img10852.jpg,59.0,65.59054445984894,6.590544459848942,test
img10853,5694,images/img10853.jpg,59.0,63.524963199849445,4.524963199849445,test
img10869,5704,images/img10869.jpg,80.0,79.21750369434594,0.7824963056540639,test
img10870,5704,images/img10870.jpg,80.0,72.37602810729004,7.62397189270996,test
img10918,5730,images/img10918.jpg,65.0,68.32729392379449,3.3272939237944854,test
img10919,5730,images/img10919.jpg,65.0,63.68340435698598,1.3165956430140184,test
img10953,5749,images/img10953.jpg,48.0,45.38631219683843,2.613687803161568,test
img10954,5749,images/img10954.jpg,48.0,46.65946027888002,1.3405397211199812,test
img10985,5766,images/img10985.jpg,59.0,54.22574519870907,4.77425480129093,test
img10986,5766,images/img10986.jpg,59.0,52.78919640858824,6.210803591411761,test
img11007,5778,images/img11007.jpg,71.0,64.02992128324159,6.970078716758408,test
img11020,5785,images/img11020.jpg,51.0,47.55313264208459,3.4468673579154085,test
img11021,5785,images/img11021.jpg,51.0,47.113611184654424,3.886388815345576,test
img11029,5790,images/img11029.jpg,81.0,63.7712546632556,17.228745336744403,test
img11030,5790,images/img11030.jpg,81.0,64.70086591204893,16.299134087951074,test
img11040,5796,images/img11040.jpg,49.0,49.81869913712825,0.8186991371282488,test
img11041,5796,images/img11041.jpg,49.0,53.74665394090708,4.7466539409070805,test
img11054,5805,images/img11054.jpg,73.0,84.37027154374694,11.370271543746938,test
img11055,5805,images/img11055.jpg,73.0,77.57499639584105,4.574996395841055,test
img11059,5808,images/img11059.jpg,77.0,67.20700143755836,9.79299856244164,test
img11091,5826,images/img11091.jpg,58.0,60.45817402471813,2.458174024718133,test
img11092,5826,images/img11092.jpg,58.0,58.34270054109076,0.3427005410907568,test
img11103,5832,images/img11103.jpg,72.0,74.39242610860609,2.392426108606088,test
img11158,5864,images/img11158.jpg,84.0,86.51985161927297,2.51985161927297,test
img11159,5864,images/img11159.jpg,84.0,81.84971814831721,2.1502818516827915,test
img11173,5872,images/img11173.jpg,61.0,54.922259189111045,6.077740810888955,test
img11174,5872,images/img11174.jpg,61.0,56.25293247270951,4.74706752729049,test
img11195,5883,images/img11195.jpg,65.0,63.86259001516291,1.1374099848370918,test
img11196,5883,images/img11196.jpg,65.0,64.88793395712818,0.1120660428718167,test
img11201,5886,images/img11201.jpg,74.0,69.4378941551152,4.5621058448847975,test
img11202,5886,images/img11202.jpg,74.0,70.73664649828528,3.263353501714718,test
img11228,5902,images/img11228.jpg,59.0,69.26291552668242,10.26291552668242,test
img11229,5902,images/img11229.jpg,59.0,65.38060958582727,6.380609585827273,test
img11255,5916,images/img11255.jpg,79.0,72.34887408873668,6.651125911263321,test
img11256,5916,images/img11256.jpg,79.0,74.95338703771738,4.046612962282623,test
img11291,5935,images/img11291.jpg,77.0,75.27752082075747,1.7224791792425265,test
img11337,5961,images/img11337.jpg,54.0,61.892250946293245,7.892250946293245,test
img11338,5961,images/img11338.jpg,54.0,57.35619323663392,3.3561932366339207,test
img11345,5965,images/img11345.jpg,64.0,72.28807691955541,8.288076919555408,test
img11346,5965,images/img11346.jpg,64.0,75.72527747756496,11.725277477564958,test
img11349,5967,images/img11349.jpg,30.0,31.274550450356006,1.2745504503560063,test
img11350,5967,images/img11350.jpg,30.0,27.0418237432014,2.958176256798602,test
img11356,5971,images/img11356.jpg,68.0,70.00196332395969,2.0019633239596857,test
img11357,5971,images/img11357.jpg,68.0,70.267430990604,2.267430990603998,test
img11371,5979,images/img11371.jpg,74.0,63.076988420955416,10.923011579044584,test
img11372,5979,images/img11372.jpg,74.0,69.35118953510514,4.648810464894865,test
img11382,5985,images/img11382.jpg,74.0,75.81877114751858,1.818771147518575,test
img11383,5985,images/img11383.jpg,74.0,80.7373434938225,6.737343493822493,test
img11394,5991,images/img11394.jpg,81.0,83.68716115556285,2.6871611555628476,test
img11395,5991,images/img11395.jpg,81.0,80.37120812179825,0.6287918782017528,test
img11402,5996,images/img11402.jpg,61.0,70.62935878757887,9.629358787578866,test
img11432,6013,images/img11432.jpg,44.0,44.43162236114517,0.4316223611451732,test
img11433,6013,images/img11433.jpg,44.0,41.74208106038948,2.2579189396105193,test
img11440,6017,images/img11440.jpg,35.0,34.239887498553685,0.760112501446315,test
img11441,6017,images/img11441.jpg,35.0,32.538190590645314,2.461809409354686,test
img11472,6034,images/img11472.jpg,56.0,59.41884218599565,3.4188421859956506,test
img11473,6034,images/img11473.jpg,56.0,65.43028252859501,9.430282528595017,test
img11489,6043,images/img11489.jpg,46.0,63.94735334860276,17.94735334860276,test
img11496,6047,images/img11496.jpg,43.0,42.84713771888079,0.1528622811192121,test
img11497,6047,images/img11497.jpg,43.0,44.41955802853865,1.4195580285386526,test
img11500,6050,images/img11500.jpg,79.0,82.41060818775037,3.41060818775037,test
img11525,6064,images/img11525.jpg,81.0,77.02501900439749,3.974980995602507,test
img11526,6064,images/img11526.jpg,81.0,83.57779910381345,2.5777991038134473,test
img11527,6065,images/img11527.jpg,71.0,72.0272792467839,1.0272792467839054,test
img11528,6065,images/img11528.jpg,71.0,75.48263846849791,4.48263846849791,test
img11544,6074,images/img11544.jpg,79.0,65.41802188611061,13.581978113889392,test
img11545,6074,images/img11545.jpg,79.0,71.92570524413442,7.07429475586558,test
img11568,6086,images/img11568.jpg,77.0,75.01440451020606,1.985595489793937,test
img11569,6086,images/img11569.jpg,77.0,73.76458131348862,3.2354186865113803,test
img11603,6105,images/img11603.jpg,77.0,64.71382836234677,12.286171637653226,test
img11604,6105,images/img11604.jpg,77.0,80.43486050909235,3.4348605090923456,test
img11621,6114,images/img11621.jpg,62.0,59.80196299755136,2.198037002448636,test
img11622,6114,images/img11622.jpg,62.0,58.15851675162707,3.841483248372924,test
img11628,6118,images/img11628.jpg,31.0,27.85122245705039,3.148777542949606,test
img11629,6118,images/img11629.jpg,31.0,27.412186321262777,3.5878136787372235,test
img11674,6145,images/img11674.jpg,36.0,43.45505924261369,7.455059242613693,test
img11675,6145,images/img11675.jpg,36.0,38.88834835899084,2.8883483589908394,test
img11681,6149,images/img11681.jpg,19.0,22.034405908608036,3.0344059086080364,test
img11687,6153,images/img11687.jpg,82.0,79.08695980677265,2.9130401932273458,test
img11688,6153,images/img11688.jpg,82.0,73.713804672963,8.286195327037007,test
img11689,6154,images/img11689.jpg,50.0,62.48202116794212,12.482021167942122,test
img11690,6154,images/img11690.jpg,50.0,50.50851787008388,0.5085178700838782,test
img11717,6168,images/img11717.jpg,69.0,65.43706612548641,3.5629338745135897,test
img11718,6168,images/img11718.jpg,69.0,62.26944538075766,6.730554619242341,test
img11721,6170,images/img11721.jpg,78.0,71.37155408656491,6.628445913435087,test
img11722,6170,images/img11722.jpg,78.0,70.33607401123811,7.663925988761889,test
img11757,6189,images/img11757.jpg,75.0,61.36834132541207,13.631658674587932,test
img11758,6189,images/img11758.jpg,75.0,71.79753670608355,3.202463293916452,test
img11814,6218,images/img11814.jpg,22.0,27.592198116842468,5.592198116842468,test
img11815,6218,images/img11815.jpg,22.0,29.56553990888596,7.56553990888596,test
img11839,6231,images/img11839.jpg,44.0,46.10129022186601,2.101290221866009,test
img11840,6231,images/img11840.jpg,44.0,51.13921570209329,7.1392157020932885,test
img11857,6240,images/img11857.jpg,76.0,70.69177442264228,5.308225577357717,test
img11879,6252,images/img11879.jpg,61.0,55.95291113205227,5.047088867947728,test
img11880,6252,images/img11880.jpg,61.0,57.23804454560717,3.761955454392833,test
img11891,6258,images/img11891.jpg,58.0,81.78730033203294,23.78730033203294,test
img11892,6258,images/img11892.jpg,58.0,75.93571730421698,17.93571730421698,test
img11893,6259,images/img11893.jpg,61.0,56.387824078772766,4.612175921227234,test
img11894,6259,images/img11894.jpg,61.0,57.27395807450336,3.726041925496638,test
img11946,6287,images/img11946.jpg,25.0,32.54266645586112,7.5426664558611165,test
img11947,6287,images/img11947.jpg,25.0,26.421224963798792,1.4212249637987924,test
img11962,6295,images/img11962.jpg,31.0,28.548964474799583,2.451035525200414,test
img11963,6295,images/img11963.jpg,31.0,35.49501433380534,4.4950143338053365,test
img11980,6304,images/img11980.jpg,24.0,27.76690082083578,3.766900820835779,test
img11981,6304,images/img11981.jpg,24.0,22.17882236088527,1.8211776391147296,test
img12012,6320,images/img12012.jpg,18.0,15.700177596242526,2.2998224037574744,test
img12013,6321,images/img12013.jpg,12.0,11.77532803301819,0.2246719669818091,test
img12014,6321,images/img12014.jpg,12.0,15.87552594161199,3.87552594161199,test
img12019,6324,images/img12019.jpg,57.0,54.10297600025788,2.8970239997421174,test
img12148,6391,images/img12148.jpg,49.0,63.20534236277985,14.205342362779852,test
img12151,6394,images/img12151.jpg,73.0,67.29782529317274,5.702174706827265,test
img12152,6394,images/img12152.jpg,73.0,71.8419169164214,1.1580830835786031,test
img12216,6430,images/img12216.jpg,64.0,58.596887546887594,5.403112453112406,test
img12217,6430,images/img12217.jpg,64.0,63.048859941980446,0.951140058019554,test
img12234,6439,images/img12234.jpg,48.0,41.66290928663808,6.337090713361924,test
img12235,6439,images/img12235.jpg,48.0,48.529786281281986,0.5297862812819858,test
img12278,6462,images/img12278.jpg,60.0,58.74467507601231,1.2553249239876934,test
img12279,6462,images/img12279.jpg,60.0,56.693622860034075,3.3063771399659245,test
img12305,6476,images/img12305.jpg,78.0,74.16133775463177,3.8386622453682264,test
img12308,6478,images/img12308.jpg,80.0,80.9429104730612,0.942910473061204,test
img12309,6478,images/img12309.jpg,80.0,76.4227010370678,3.577298962932204,test
img12316,6483,images/img12316.jpg,83.0,85.08231364548969,2.082313645489691,test
img12317,6483,images/img12317.jpg,83.0,75.44467213811477,7.555327861885232,test
img12318,6484,images/img12318.jpg,66.0,59.285869781641345,6.714130218358655,test
img12319,6484,images/img12319.jpg,66.0,70.87158554590235,4.871585545902349,test
img12392,6523,images/img12392.jpg,79.0,73.35888622923906,5.6411137707609385,test
img12393,6523,images/img12393.jpg,79.0,81.36403006066043,2.3640300606604256,test
img12394,6524,images/img12394.jpg,64.0,64.0122381256858,0.0122381256857977,test
img12395,6524,images/img12395.jpg,64.0,67.18376161984796,3.1837616198479566,test
img12397,6526,images/img12397.jpg,71.0,67.45163408249638,3.5483659175036166,test
img12400,6528,images/img12400.jpg,65.0,67.5906498319109,2.590649831910895,test
img12401,6528,images/img12401.jpg,65.0,64.9076756418757,0.0923243581243014,test
img12412,6534,images/img12412.jpg,67.0,61.11036124469345,5.8896387553065495,test
img12413,6534,images/img12413.jpg,67.0,72.30125367480328,5.301253674803277,test
img12449,6552,images/img12449.jpg,41.0,46.61223684714412,5.612236847144118,test
img12458,6557,images/img12458.jpg,38.0,42.68892722585076,4.688927225850762,test
img12459,6557,images/img12459.jpg,38.0,42.87959428535793,4.879594285357932,test
img12468,6562,images/img12468.jpg,33.0,35.997899166764924,2.997899166764924,test
img12469,6562,images/img12469.jpg,33.0,34.21079437465098,1.2107943746509804,test
img12525,6591,images/img12525.jpg,66.0,57.38429581361112,8.615704186388882,test
img12526,6591,images/img12526.jpg,66.0,65.30976734925561,0.6902326507443917,test
img12527,6592,images/img12527.jpg,65.0,49.740029589481104,15.259970410518896,test
img12528,6592,images/img12528.jpg,65.0,51.83771733000886,13.162282669991145,test
img12579,6619,images/img12579.jpg,57.0,64.42846905202045,7.428469052020446,test
img12588,6624,images/img12588.jpg,73.0,73.98235331407967,0.982353314079674,test
img12589,6624,images/img12589.jpg,73.0,67.50767400897023,5.492325991029773,test
img12604,6632,images/img12604.jpg,87.0,86.46689157666108,0.5331084233389163,test
img12605,6632,images/img12605.jpg,87.0,79.33938159142102,7.660618408578984,test
img12634,6647,images/img12634.jpg,64.0,76.78253049957016,12.782530499570155,test
img12635,6647,images/img12635.jpg,64.0,66.85982087485445,2.85982087485445,test
img12665,6663,images/img12665.jpg,29.0,31.735117417305982,2.7351174173059825,test
img12666,6663,images/img12666.jpg,29.0,29.55530125814377,0.5553012581437713,test
img12676,6669,images/img12676.jpg,31.0,31.36796559635847,0.36796559635847,test
img12677,6669,images/img12677.jpg,31.0,29.345131902879068,1.6548680971209322,test
img12707,6685,images/img12707.jpg,18.0,28.66763597720251,10.667635977202512,test
img12708,6685,images/img12708.jpg,18.0,22.85883977788223,4.858839777882231,test
img12731,6697,images/img12731.jpg,60.0,53.945901377993515,6.054098622006485,test
img12732,6697,images/img12732.jpg,60.0,51.07667464683012,8.92332535316988,test
img12739,6701,images/img12739.jpg,78.0,69.50046465686005,8.499535343139954,test
img12740,6701,images/img12740.jpg,78.0,75.1804564922472,2.8195435077527975,test
img12759,6711,images/img12759.jpg,56.0,52.60087088968008,3.399129110319919,test
img12760,6711,images/img12760.jpg,56.0,52.28971428017867,3.7102857198213286,test
img12765,6714,images/img12765.jpg,64.0,58.57677723581383,5.423222764186171,test
img12766,6714,images/img12766.jpg,64.0,55.18555626834168,8.814443731658322,test
img12783,6723,images/img12783.jpg,69.0,65.68394215608448,3.316057843915516,test
img12784,6723,images/img12784.jpg,69.0,67.99344934546163,1.006550654538373,test
img12791,6727,images/img12791.jpg,74.0,63.99522242171482,10.00477757828518,test
img12792,6727,images/img12792.jpg,74.0,74.75212251663567,0.7521225166356658,test
img12807,6735,images/img12807.jpg,42.0,38.66067034383957,3.33932965616043,test
img12828,6746,images/img12828.jpg,41.0,43.24992632632719,2.2499263263271914,test
img12829,6746,images/img12829.jpg,41.0,46.3044414989963,5.304441498996297,test
img12849,6757,images/img12849.jpg,47.0,50.10560384243771,3.1056038424377093,test
img12866,6766,images/img12866.jpg,44.0,55.78712144182021,11.787121441820204,test
img12867,6766,images/img12867.jpg,44.0,54.226959320773275,10.226959320773275,test
img12870,6768,images/img12870.jpg,40.0,41.84288291085262,1.842882910852623,test
img12871,6768,images/img12871.jpg,40.0,43.86816938719517,3.8681693871951666,test
img12878,6772,images/img12878.jpg,42.0,41.94313073121595,0.0568692687840481,test
img12879,6772,images/img12879.jpg,42.0,42.97749620268053,0.977496202680527,test
img12889,6777,images/img12889.jpg,45.0,64.50232519052288,19.50232519052288,test
img12899,6783,images/img12899.jpg,55.0,57.98671643464779,2.9867164346477892,test
img12912,6790,images/img12912.jpg,46.0,37.62046138167659,8.379538618323409,test
img12913,6790,images/img12913.jpg,46.0,40.60816030618635,5.391839693813651,test
img12931,6800,images/img12931.jpg,58.0,62.98697052645081,4.986970526450811,test
img12932,6800,images/img12932.jpg,58.0,62.05697429217474,4.056974292174743,test
img12946,6809,images/img12946.jpg,47.0,45.60391515281242,1.3960848471875806,test
img12947,6809,images/img12947.jpg,47.0,43.99058822704485,3.009411772955147,test
img12977,6826,images/img12977.jpg,58.0,58.52908272853416,0.5290827285341564,test
img12978,6826,images/img12978.jpg,58.0,56.21766962926272,1.7823303707372773,test
img12997,6837,images/img12997.jpg,52.0,50.81422469925308,1.1857753007469185,test
img12998,6837,images/img12998.jpg,52.0,47.84647849260958,4.153521507390423,test
img13020,6849,images/img13020.jpg,55.0,56.77458889243673,1.774588892436732,test
img13021,6849,images/img13021.jpg,55.0,57.1853472719464,2.185347271946398,test
img13035,6857,images/img13035.jpg,63.0,52.87411788054085,10.125882119459156,test
img13036,6857,images/img13036.jpg,63.0,64.88274974043634,1.8827497404363385,test
img13048,6864,images/img13048.jpg,73.0,77.1048909500467,4.104890950046695,test
img13049,6864,images/img13049.jpg,73.0,77.74694639910224,4.746946399102242,test
img13064,6872,images/img13064.jpg,61.0,74.68618202865377,13.686182028653777,test
img13065,6872,images/img13065.jpg,61.0,74.38257462456751,13.38257462456751,test
img13122,6902,images/img13122.jpg,77.0,79.1317337274767,2.1317337274767,test
img13130,6907,images/img13130.jpg,62.0,62.033660858260134,0.0336608582601343,test
img13136,6911,images/img13136.jpg,52.0,46.35458231363967,5.645417686360332,test
img13137,6911,images/img13137.jpg,52.0,48.71677743832574,3.2832225616742576,test
img13172,6931,images/img13172.jpg,76.0,85.62388897415974,9.62388897415974,test
img13173,6931,images/img13173.jpg,76.0,84.81652533937816,8.81652533937816,test
img13174,6932,images/img13174.jpg,61.0,59.924174076113616,1.0758259238863843,test
img13175,6932,images/img13175.jpg,61.0,62.09991816857273,1.099918168572728,test
img13178,6934,images/img13178.jpg,94.0,85.09934461800673,8.900655381993275,test
img13179,6934,images/img13179.jpg,94.0,80.7072600956469,13.292739904353098,test
img13184,6937,images/img13184.jpg,54.0,54.37633341542496,0.3763334154249591,test
img13185,6937,images/img13185.jpg,54.0,51.67431716723483,2.3256828327651675,test
img13230,6963,images/img13230.jpg,66.0,57.98511037445933,8.014889625540668,test
img13231,6963,images/img13231.jpg,66.0,59.39075324164886,6.609246758351141,test
img13243,6970,images/img13243.jpg,66.0,56.79045427505382,9.209545724946182,test
img13244,6970,images/img13244.jpg,66.0,63.46115267404261,2.5388473259573914,test
img13262,6981,images/img13262.jpg,90.0,80.35710871012431,9.642891289875692,test
img13263,6981,images/img13263.jpg,90.0,83.6942937477927,6.305706252207301,test
img13270,6985,images/img13270.jpg,84.0,78.22535357151031,5.774646428489689,test
img13271,6985,images/img13271.jpg,84.0,76.40737141682577,7.592628583174232,test
img13287,6994,images/img13287.jpg,43.0,42.034737645121,0.9652623548790018,test
img13288,6994,images/img13288.jpg,43.0,45.891160128576885,2.8911601285768853,test
img13303,7002,images/img13303.jpg,80.0,83.7416742274309,3.741674227430906,test
img13304,7002,images/img13304.jpg,80.0,74.2710880636952,5.728911936304797,test
img13321,7011,images/img13321.jpg,36.0,37.71832839946534,1.7183283994653422,test
img13322,7011,images/img13322.jpg,36.0,40.19695436742036,4.196954367420361,test
img13333,7017,images/img13333.jpg,55.0,51.24401027735054,3.75598972264946,test
img13334,7017,images/img13334.jpg,55.0,53.85795564331104,1.142044356688956,test
img13350,7026,images/img13350.jpg,59.0,52.97442704774101,6.02557295225899,test
img13351,7026,images/img13351.jpg,59.0,59.246890546818825,0.2468905468188253,test
img13392,7048,images/img13392.jpg,40.0,49.10961040843725,9.109610408437248,test
img13393,7048,images/img13393.jpg,40.0,47.051006873986154,7.051006873986154,test
img13416,7061,images/img13416.jpg,66.0,63.650621152684245,2.349378847315755,test
img13417,7061,images/img13417.jpg,66.0,58.30155030987565,7.698449690124349,test
img13448,7078,images/img13448.jpg,71.0,74.69856591011707,3.698565910117068,test
img13449,7078,images/img13449.jpg,71.0,72.24434125998327,1.2443412599832726,test
img13492,7101,images/img13492.jpg,43.0,44.65825993394365,1.658259933943647,test
img13501,7106,images/img13501.jpg,34.0,34.96335047274766,0.9633504727476634,test
img13502,7106,images/img13502.jpg,34.0,29.99123569786079,4.008764302139209,test
img13509,7110,images/img13509.jpg,42.0,63.77315995968152,21.77315995968152,test
img13510,7110,images/img13510.jpg,42.0,32.46587003163213,9.534129968367871,test
img13511,7111,images/img13511.jpg,53.0,44.17606725272367,8.82393274727633,test
img13512,7111,images/img13512.jpg,53.0,51.18829644339608,1.8117035566039237,test
img13515,7113,images/img13515.jpg,45.0,49.42709146783788,4.427091467837883,test
img13516,7113,images/img13516.jpg,45.0,48.653910290543195,3.6539102905431946,test
img13519,7115,images/img13519.jpg,37.0,44.48308608624341,7.483086086243411,test
img13520,7115,images/img13520.jpg,37.0,55.91079366570967,18.91079366570967,test
img13533,7122,images/img13533.jpg,53.0,59.007475654843454,6.007475654843454,test
img13534,7122,images/img13534.jpg,53.0,25.251966250355316,27.748033749644684,test
img13548,7130,images/img13548.jpg,35.0,44.7912904133035,9.7912904133035,test
img13549,7130,images/img13549.jpg,35.0,44.834500398647066,9.834500398647066,test
img13554,7133,images/img13554.jpg,38.0,51.86163278088231,13.86163278088231,test
img13555,7133,images/img13555.jpg,38.0,43.77782976261292,5.777829762612917,test
img13562,7137,images/img13562.jpg,47.0,42.949642012229376,4.050357987770624,test
img13563,7137,images/img13563.jpg,47.0,48.03626433888712,1.036264338887122,test
img13567,7140,images/img13567.jpg,33.0,46.53924665332526,13.539246653325256,test
img13568,7140,images/img13568.jpg,33.0,40.13822063317775,7.1382206331777525,test
img13571,7142,images/img13571.jpg,52.0,52.51314491299979,0.5131449129997918,test
img13572,7142,images/img13572.jpg,52.0,55.28280954510942,3.282809545109423,test
img13605,7159,images/img13605.jpg,55.0,52.2345970101309,2.765402989869102,test
img13606,7159,images/img13606.jpg,55.0,46.24032560226831,8.759674397731693,test
img13609,7161,images/img13609.jpg,57.0,59.34146910150038,2.3414691015003797,test
img13610,7161,images/img13610.jpg,57.0,62.16148639932993,5.161486399329931,test
img13648,7180,images/img13648.jpg,62.0,44.63944799459001,17.360552005409993,test
img13665,7189,images/img13665.jpg,56.0,50.38140177110056,5.618598228899444,test
img13666,7189,images/img13666.jpg,56.0,52.15410832428201,3.8458916757179935,test
img13673,7193,images/img13673.jpg,36.0,37.61892143974562,1.6189214397456198,test
img13674,7193,images/img13674.jpg,36.0,39.92446316958946,3.9244631695894583,test
img13684,7199,images/img13684.jpg,32.0,38.7202918349744,6.720291834974404,test
img13692,7203,images/img13692.jpg,78.0,81.60671051292391,3.606710512923911,test
img13695,7205,images/img13695.jpg,40.0,54.11297253548401,14.112972535484012,test
img13696,7205,images/img13696.jpg,40.0,44.41069572816253,4.41069572816253,test
img13704,7209,images/img13704.jpg,41.0,41.179005437649195,0.1790054376491952,test
img13734,7225,images/img13734.jpg,42.0,43.003700299547,1.003700299546999,test
img13735,7225,images/img13735.jpg,42.0,40.0535543640664,1.9464456359336,test
img13748,7232,images/img13748.jpg,75.0,69.0055390988383,5.994460901161702,test
img13749,7232,images/img13749.jpg,75.0,72.35617027253144,2.6438297274685567,test
img13756,7236,images/img13756.jpg,42.0,44.04155463378578,2.041554633785779,test
img13757,7236,images/img13757.jpg,42.0,69.47349277024895,27.473492770248953,test
img13770,7243,images/img13770.jpg,65.0,66.07161381232325,1.0716138123232497,test
img13771,7243,images/img13771.jpg,65.0,66.89679256852297,1.8967925685229687,test
img13831,7274,images/img13831.jpg,66.0,66.81778111450518,0.8177811145051805,test
img13832,7274,images/img13832.jpg,66.0,75.20195678631744,9.20195678631744,test
img13839,7278,images/img13839.jpg,36.0,40.6636134842474,4.663613484247399,test
img13840,7278,images/img13840.jpg,36.0,37.07749007165269,1.07749007165269,test
img13868,7293,images/img13868.jpg,77.0,78.06354188283152,1.0635418828315153,test
img13869,7293,images/img13869.jpg,77.0,65.56570798846508,11.434292011534922,test
img13893,7306,images/img13893.jpg,73.0,66.23690127645105,6.76309872354895,test
img13894,7306,images/img13894.jpg,73.0,78.89010244244948,5.890102442449475,test
img13895,7307,images/img13895.jpg,62.0,57.53512771359556,4.464872286404443,test
img13896,7307,images/img13896.jpg,62.0,62.325796131204825,0.3257961312048252,test
img13909,7314,images/img13909.jpg,79.0,80.2621645282952,1.2621645282952016,test
img13910,7314,images/img13910.jpg,79.0,72.5682427430012,6.431757256998793,test
img13912,7315,images/img13912.jpg,82.0,85.72004591479,3.7200459147900062,test
img13931,7325,images/img13931.jpg,63.0,61.83825100663377,1.1617489933662313,test
img13932,7325,images/img13932.jpg,63.0,61.20891098461307,1.7910890153869303,test
img14017,7368,images/img14017.jpg,77.0,72.69460959261727,4.305390407382731,test
img14018,7368,images/img14018.jpg,77.0,73.16479465297323,3.835205347026772,test
img14027,7373,images/img14027.jpg,81.0,82.46566438361391,1.4656643836139125,test
img14052,7386,images/img14052.jpg,70.0,71.74223730409349,1.7422373040934929,test
img14053,7386,images/img14053.jpg,70.0,73.13323020583003,3.133230205830031,test
img14054,7387,images/img14054.jpg,69.0,67.70943912024055,1.290560879759454,test
img14055,7387,images/img14055.jpg,69.0,72.6528435754866,3.652843575486599,test
img14060,7390,images/img14060.jpg,79.0,70.86189220037652,8.138107799623484,test
img14061,7390,images/img14061.jpg,79.0,76.41688153979891,2.583118460201092,test
img14078,7399,images/img14078.jpg,73.0,68.99101543970603,4.0089845602939675,test
img14079,7399,images/img14079.jpg,73.0,62.49923318179099,10.500766818209009,test
img14088,7404,images/img14088.jpg,80.0,76.64376340933431,3.356236590665688,test
img14101,7411,images/img14101.jpg,62.0,61.38690078845054,0.6130992115494607,test
img14102,7411,images/img14102.jpg,62.0,64.57572381794878,2.575723817948784,test
img14125,7422,images/img14125.jpg,76.0,75.66127173249068,0.3387282675093246,test
img14126,7422,images/img14126.jpg,76.0,76.12652614308038,0.1265261430803832,test
img14136,7428,images/img14136.jpg,69.0,63.82725205592256,5.172747944077436,test
img14149,7435,images/img14149.jpg,56.0,72.01008141087067,16.01008141087067,test
img14150,7435,images/img14150.jpg,56.0,65.31222776639179,9.312227766391786,test
img14211,7467,images/img14211.jpg,77.0,75.05021797559505,1.9497820244049535,test
img14212,7467,images/img14212.jpg,77.0,75.02788445515424,1.9721155448457637,test
img14234,7478,images/img14234.jpg,66.0,66.43097867478127,0.4309786747812723,test
img14235,7479,images/img14235.jpg,69.0,76.13801899582018,7.138018995820175,test
img14236,7479,images/img14236.jpg,69.0,69.25723998999065,0.2572399899906514,test
img14241,7482,images/img14241.jpg,67.0,69.10833240395155,2.1083324039515503,test
img14242,7482,images/img14242.jpg,67.0,72.7179268436684,5.717926843668394,test
img14273,7498,images/img14273.jpg,56.0,52.298857958046426,3.701142041953574,test
img14274,7498,images/img14274.jpg,56.0,46.95766370827225,9.04233629172775,test
img14285,7504,images/img14285.jpg,64.0,65.24049504640182,1.2404950464018183,test
img14286,7504,images/img14286.jpg,64.0,81.39424215086707,17.394242150867072,test
img14297,7510,images/img14297.jpg,67.0,63.900470732627085,3.0995292673729153,test
img14298,7510,images/img14298.jpg,67.0,63.30750911219952,3.6924908878004814,test
img14319,7520,images/img14319.jpg,64.0,66.31609377180068,2.3160937718006807,test
img14327,7524,images/img14327.jpg,51.0,55.98930234831799,4.989302348317992,test
img14328,7524,images/img14328.jpg,51.0,60.62728953146472,9.62728953146472,test
img14331,7526,images/img14331.jpg,61.0,54.019898205241766,6.980101794758234,test
img14332,7526,images/img14332.jpg,61.0,61.74042870387276,0.7404287038727588,test
img14352,7537,images/img14352.jpg,59.0,56.4649355530905,2.5350644469095016,test
img14353,7537,images/img14353.jpg,59.0,58.8928756738384,0.1071243261615961,test
img14418,7571,images/img14418.jpg,73.0,77.30652736928596,4.306527369285959,test
img14419,7571,images/img14419.jpg,73.0,67.11380441364244,5.886195586357559,test
img14422,7573,images/img14422.jpg,83.0,84.3513363654144,1.3513363654143973,test
img14423,7573,images/img14423.jpg,83.0,75.74627172839442,7.253728271605581,test
img14454,7589,images/img14454.jpg,75.0,71.180088700221,3.819911299778994,test
img14455,7589,images/img14455.jpg,75.0,66.92904628145963,8.070953718540366,test
img14470,7597,images/img14470.jpg,83.0,81.43147777226031,1.5685222277396915,test
img14471,7597,images/img14471.jpg,83.0,90.24322617360208,7.243226173602082,test
img14476,7600,images/img14476.jpg,69.0,55.67042585286872,13.329574147131282,test
img14477,7600,images/img14477.jpg,69.0,54.61336832278357,14.386631677216428,test
img14484,7604,images/img14484.jpg,42.0,51.31504773318966,9.315047733189658,test
img14485,7604,images/img14485.jpg,42.0,48.57707296842298,6.577072968422982,test
img14502,7613,images/img14502.jpg,56.0,48.52970557610997,7.470294423890032,test
img14503,7613,images/img14503.jpg,56.0,51.15562720788455,4.8443727921154505,test
img14512,7618,images/img14512.jpg,77.0,66.82541102509234,10.174588974907664,test
img14513,7618,images/img14513.jpg,77.0,65.79754122936492,11.202458770635076,test
img14518,7621,images/img14518.jpg,56.0,59.437555152452525,3.437555152452525,test
img14519,7621,images/img14519.jpg,56.0,63.240276796160096,7.240276796160096,test
img14532,7628,images/img14532.jpg,65.0,68.92933160424298,3.929331604242975,test
img14533,7628,images/img14533.jpg,65.0,60.72204503768897,4.2779549623110285,test
img14548,7636,images/img14548.jpg,73.0,61.65064529061119,11.349354709388813,test
img14579,7652,images/img14579.jpg,74.0,73.4707872220758,0.5292127779242009,test
img14580,7652,images/img14580.jpg,74.0,76.98455735734433,2.984557357344329,test
img14591,7658,images/img14591.jpg,63.0,65.09294527035144,2.0929452703514357,test
img14592,7658,images/img14592.jpg,63.0,63.348854699008385,0.3488546990083847,test
img14595,7660,images/img14595.jpg,56.0,53.48859697215296,2.511403027847038,test
img14596,7660,images/img14596.jpg,56.0,49.318850563613296,6.681149436386704,test
img14615,7670,images/img14615.jpg,65.0,61.19407322967619,3.805926770323808,test
img14616,7670,images/img14616.jpg,65.0,61.17080505609454,3.8291949439054633,test
img14631,7678,images/img14631.jpg,59.0,61.375980506187915,2.375980506187915,test
img14632,7678,images/img14632.jpg,59.0,58.51345673490704,0.486543265092962,test
img14653,7689,images/img14653.jpg,58.0,58.129921218734296,0.1299212187342959,test
img14654,7689,images/img14654.jpg,58.0,55.48020812485982,2.5197918751401787,test
img14687,7706,images/img14687.jpg,72.0,71.70817535905942,0.2918246409405753,test
img14688,7706,images/img14688.jpg,72.0,82.39330020018342,10.393300200183418,test
img14693,7709,images/img14693.jpg,61.0,57.73037513243061,3.269624867569391,test
img14694,7709,images/img14694.jpg,61.0,62.53480235044306,1.5348023504430586,test
img14784,7756,images/img14784.jpg,81.0,76.47588356420798,4.524116435792024,test
img14785,7756,images/img14785.jpg,81.0,74.53107323169434,6.468926768305664,test
img14819,7774,images/img14819.jpg,67.0,77.41281389961514,10.412813899615143,test
img14820,7774,images/img14820.jpg,67.0,74.31968021152414,7.319680211524144,test
img14860,7796,images/img14860.jpg,50.0,46.60365919609094,3.3963408039090623,test
img14861,7796,images/img14861.jpg,50.0,48.27538013095133,1.7246198690486665,test
img14876,7804,images/img14876.jpg,60.0,66.7937920474275,6.793792047427502,test
img14877,7804,images/img14877.jpg,60.0,62.97322392725185,2.9732239272518513,test
img14884,7808,images/img14884.jpg,70.0,65.44527842204464,4.5547215779553625,test
img14885,7808,images/img14885.jpg,70.0,62.38695047530282,7.613049524697182,test
img14890,7811,images/img14890.jpg,54.0,53.968483557613,0.0315164423870015,test
img14891,7811,images/img14891.jpg,54.0,55.79582478572576,1.795824785725756,test
img14945,7838,images/img14945.jpg,52.0,60.749138527363314,8.749138527363314,test
img14946,7838,images/img14946.jpg,52.0,65.52231041812709,13.522310418127091,test
img14988,7860,images/img14988.jpg,42.0,53.73134095247416,11.731340952474156,test
img15003,7868,images/img15003.jpg,61.0,60.494241602337944,0.5057583976620563,test
img15004,7868,images/img15004.jpg,61.0,59.57945011340936,1.420549886590642,test
img15047,7890,images/img15047.jpg,52.0,52.32744721992922,0.3274472199292191,test
img15048,7890,images/img15048.jpg,52.0,58.701501080813024,6.701501080813024,test
img15097,7916,images/img15097.jpg,70.0,64.98794838685892,5.012051613141082,test
img15114,7925,images/img15114.jpg,77.0,73.39218038452853,3.6078196154714703,test
img15115,7925,images/img15115.jpg,77.0,76.86359121059101,0.1364087894089891,test
img15132,7934,images/img15132.jpg,64.0,67.41558504525392,3.41558504525392,test
img15133,7934,images/img15133.jpg,64.0,66.30189511457736,2.3018951145773627,test
img15138,7937,images/img15138.jpg,52.0,58.238645536033175,6.238645536033175,test
img15139,7937,images/img15139.jpg,52.0,58.91952637567707,6.919526375677073,test
img15147,7941,images/img15147.jpg,68.0,64.56508709439866,3.4349129056013368,test
img15168,7954,images/img15168.jpg,54.0,54.45274867130772,0.4527486713077167,test
img15169,7954,images/img15169.jpg,54.0,49.0715671900186,4.928432809981402,test
img15182,7961,images/img15182.jpg,83.0,73.20607643907178,9.79392356092822,test
img15183,7961,images/img15183.jpg,83.0,70.15189499319507,12.848105006804929,test
img15209,7975,images/img15209.jpg,85.0,85.68326616855765,0.6832661685576511,test
img15242,7993,images/img15242.jpg,63.0,61.05914672407909,1.940853275920908,test
img15243,7993,images/img15243.jpg,63.0,54.66562383105595,8.334376168944047,test
img15275,8010,images/img15275.jpg,61.0,53.29678204516538,7.703217954834621,test
img15276,8010,images/img15276.jpg,61.0,57.23813138546287,3.761868614537129,test
img15295,8020,images/img15295.jpg,47.0,51.0942372919331,4.094237291933098,test
img15296,8020,images/img15296.jpg,47.0,51.48484487145668,4.48484487145668,test
img15307,8026,images/img15307.jpg,56.0,63.19452950564485,7.1945295056448515,test
img15308,8027,images/img15308.jpg,64.0,63.28642052356762,0.7135794764323791,test
img15313,8030,images/img15313.jpg,48.0,49.78911905566735,1.7891190556673493,test
img15314,8030,images/img15314.jpg,48.0,61.374231167053864,13.374231167053864,test
img15319,8033,images/img15319.jpg,68.0,63.33434194598045,4.665658054019552,test
img15320,8033,images/img15320.jpg,68.0,67.84717994605923,0.152820053940772,test
img15335,8042,images/img15335.jpg,67.0,65.54962312049841,1.45037687950159,test
img15336,8042,images/img15336.jpg,67.0,61.66411542006546,5.335884579934543,test
img15339,8044,images/img15339.jpg,74.0,79.24104124870448,5.241041248704477,test
img15342,8046,images/img15342.jpg,60.0,67.38290054119635,7.382900541196349,test
img15343,8046,images/img15343.jpg,60.0,66.46893300844967,6.4689330084496675,test
img15358,8054,images/img15358.jpg,83.0,76.91888079708716,6.081119202912845,test
img15394,8073,images/img15394.jpg,69.0,71.34509805868848,2.345098058688478,test
img15400,8076,images/img15400.jpg,66.0,68.64083351709134,2.6408335170913375,test
img15401,8076,images/img15401.jpg,66.0,61.57719485918973,4.422805140810276,test
img15402,8077,images/img15402.jpg,78.0,75.04084963197816,2.959150368021838,test
img15403,8077,images/img15403.jpg,78.0,79.55262646810593,1.5526264681059274,test
img15408,8080,images/img15408.jpg,55.0,57.79301420630642,2.7930142063064167,test
img15409,8080,images/img15409.jpg,55.0,59.159132942436,4.1591329424359955,test
img15420,8086,images/img15420.jpg,65.0,63.623618183675816,1.3763818163241837,test
img15426,8090,images/img15426.jpg,63.0,57.368849634379096,5.631150365620904,test
img15427,8090,images/img15427.jpg,63.0,60.19651395174698,2.8034860482530206,test
img15432,8093,images/img15432.jpg,58.0,57.666060880930175,0.3339391190698251,test
img15433,8093,images/img15433.jpg,58.0,72.36130704766946,14.361307047669456,test
img15440,8097,images/img15440.jpg,59.0,58.31344355297055,0.686556447029453,test
img15441,8097,images/img15441.jpg,59.0,62.21438100531587,3.2143810053158717,test
img15442,8098,images/img15442.jpg,74.0,80.34805228109117,6.348052281091171,test
img15443,8098,images/img15443.jpg,74.0,75.8583777559925,1.8583777559925068,test
img15448,8101,images/img15448.jpg,72.0,67.24835738516634,4.751642614833656,test
img15449,8101,images/img15449.jpg,72.0,64.72203247932676,7.2779675206732435,test
img15464,8109,images/img15464.jpg,68.0,77.84547214559234,9.84547214559234,test
img15465,8109,images/img15465.jpg,68.0,73.25071294286131,5.250712942861313,test
img15466,8110,images/img15466.jpg,70.0,69.68242864511427,0.3175713548857288,test
img15467,8110,images/img15467.jpg,70.0,74.08231321328877,4.082313213288771,test
img15519,8137,images/img15519.jpg,74.0,52.237561834592185,21.762438165407815,test
img15520,8137,images/img15520.jpg,74.0,73.5876635797065,0.4123364202934994,test
img15531,8143,images/img15531.jpg,63.0,52.87725420349268,10.122745796507315,test
img15532,8143,images/img15532.jpg,63.0,56.46593128041555,6.534068719584447,test
img15535,8145,images/img15535.jpg,81.0,74.39350690354489,6.606493096455111,test
img15538,8147,images/img15538.jpg,58.0,60.45274060354242,2.4527406035424235,test
img15539,8147,images/img15539.jpg,58.0,61.46725914635272,3.467259146352717,test
img15544,8150,images/img15544.jpg,63.0,67.96758770027101,4.967587700271011,test
img15545,8150,images/img15545.jpg,63.0,67.200338898425,4.200338898425002,test
img15558,8157,images/img15558.jpg,46.0,48.06111716942748,2.061117169427483,test
img15559,8158,images/img15559.jpg,60.0,65.22204191788055,5.222041917880546,test
img15560,8158,images/img15560.jpg,60.0,65.38103492389602,5.381034923896024,test
img15569,8163,images/img15569.jpg,54.0,50.643094835037296,3.356905164962704,test
img15570,8163,images/img15570.jpg,54.0,59.79556275022706,5.795562750227063,test
img15579,8168,images/img15579.jpg,73.0,70.19600255092476,2.80399744907524,test
img15580,8168,images/img15580.jpg,73.0,64.88071847850544,8.119281521494557,test
img15583,8170,images/img15583.jpg,77.0,75.19950945650646,1.800490543493538,test
img15584,8170,images/img15584.jpg,77.0,80.34457323381086,3.3445732338108627,test
img15596,8177,images/img15596.jpg,63.0,63.28939789004889,0.2893978900488889,test
img15597,8177,images/img15597.jpg,63.0,62.64064991007309,0.3593500899269131,test
img15638,8199,images/img15638.jpg,70.0,59.74801213536135,10.25198786463865,test
img15639,8199,images/img15639.jpg,70.0,67.54029198579141,2.459708014208587,test
img15667,8214,images/img15667.jpg,59.0,65.72874334204937,6.72874334204937,test
img15668,8214,images/img15668.jpg,59.0,60.01782588457998,1.0178258845799777,test
img15681,8221,images/img15681.jpg,60.0,56.94509076953273,3.054909230467267,test
img15682,8221,images/img15682.jpg,60.0,64.09117650880461,4.091176508804608,test
img15693,8227,images/img15693.jpg,58.0,52.13137509511759,5.8686249048824095,test
img15694,8227,images/img15694.jpg,58.0,53.020916226003095,4.979083773996905,test
img15699,8230,images/img15699.jpg,73.0,78.79737438101961,5.797374381019608,test
img15700,8230,images/img15700.jpg,73.0,68.43617174451177,4.563828255488232,test
img15705,8233,images/img15705.jpg,61.0,60.32722688393734,0.6727731160626576,test
img15706,8233,images/img15706.jpg,61.0,63.97482800662333,2.9748280066233335,test
img15709,8235,images/img15709.jpg,58.0,52.92573429109966,5.074265708900342,test
img15710,8235,images/img15710.jpg,58.0,55.67756335284552,2.3224366471544755,test
img15724,8243,images/img15724.jpg,66.0,58.91388137607742,7.08611862392258,test
img15758,8263,images/img15758.jpg,62.0,60.78353965224196,1.2164603477580371,test
img15759,8263,images/img15759.jpg,62.0,62.6673622314012,0.6673622314011993,test
img15800,8285,images/img15800.jpg,63.0,65.6158673434858,2.615867343485803,test
img15801,8285,images/img15801.jpg,63.0,60.548054774960825,2.451945225039175,test
img15810,8290,images/img15810.jpg,70.0,65.25096763308181,4.749032366918186,test
img15811,8290,images/img15811.jpg,70.0,68.40619086371684,1.5938091362831557,test
img15837,8304,images/img15837.jpg,59.0,66.14760863788419,7.14760863788419,test
img15838,8304,images/img15838.jpg,59.0,60.974798367908875,1.9747983679088748,test
img15841,8306,images/img15841.jpg,71.0,73.05490038333267,2.054900383332665,test
img15842,8306,images/img15842.jpg,71.0,75.09768134162614,4.097681341626142,test
img15845,8308,images/img15845.jpg,70.0,77.95428452968366,7.954284529683662,test
img15846,8308,images/img15846.jpg,70.0,70.9433978804539,0.9433978804539008,test
img15864,8318,images/img15864.jpg,63.0,68.78169785118928,5.7816978511892785,test
img15865,8318,images/img15865.jpg,63.0,65.24352203565778,2.243522035657776,test
img15868,8320,images/img15868.jpg,62.0,54.110117317371206,7.889882682628794,test
img15869,8320,images/img15869.jpg,62.0,58.43872906234258,3.5612709376574188,test
img15874,8323,images/img15874.jpg,63.0,59.3020140878766,3.6979859121234,test
img15875,8323,images/img15875.jpg,63.0,60.75089059302345,2.249109406976551,test
img15881,8327,images/img15881.jpg,38.0,48.97000245755778,10.970002457557785,test
img15882,8327,images/img15882.jpg,38.0,47.991133788571574,9.991133788571574,test
img15898,8336,images/img15898.jpg,63.0,56.799811780729534,6.200188219270466,test
img15899,8336,images/img15899.jpg,63.0,67.76451712831275,4.764517128312747,test
img15919,8347,images/img15919.jpg,70.0,70.32551253980785,0.3255125398078462,test
img15920,8347,images/img15920.jpg,70.0,62.12799048111042,7.872009518889577,test
img15941,8358,images/img15941.jpg,69.0,71.62910392146782,2.6291039214678165,test
img15942,8358,images/img15942.jpg,69.0,81.21715101002616,12.217151010026155,test
img15954,8365,images/img15954.jpg,54.0,54.96010855152528,0.9601085515252804,test
img15955,8365,images/img15955.jpg,54.0,50.09894239391478,3.901057606085218,test
img16037,8409,images/img16037.jpg,63.0,67.61221447199667,4.612214471996666,test
img16038,8409,images/img16038.jpg,63.0,75.11708548244474,12.117085482444736,test
img16059,8420,images/img16059.jpg,57.0,62.45768528674686,5.457685286746859,test
img16060,8420,images/img16060.jpg,57.0,54.572457889537354,2.427542110462646,test
img16071,8426,images/img16071.jpg,87.0,79.2443806978494,7.755619302150606,test
img16072,8426,images/img16072.jpg,87.0,79.58920772323954,7.410792276760461,test
img16079,8430,images/img16079.jpg,52.0,57.04827062788123,5.04827062788123,test
img16080,8430,images/img16080.jpg,52.0,57.82566135695668,5.8256613569566795,test
img16082,8432,images/img16082.jpg,50.0,50.18094539234948,0.1809453923494786,test
img16083,8432,images/img16083.jpg,50.0,54.99640924712509,4.9964092471250865,test
img16087,8434,images/img16087.jpg,67.0,62.64160692072778,4.3583930792722185,test
img16088,8435,images/img16088.jpg,69.0,72.9143555980915,3.914355598091504,test
img16089,8435,images/img16089.jpg,69.0,68.82798008612176,0.1720199138782447,test
img16110,8446,images/img16110.jpg,61.0,68.13572602006991,7.13572602006991,test
img16111,8446,images/img16111.jpg,61.0,69.45208626867591,8.452086268675913,test
img16118,8450,images/img16118.jpg,59.0,64.19273142577153,5.192731425771527,test
img16119,8450,images/img16119.jpg,59.0,64.7997548318131,5.799754831813104,test
img16124,8453,images/img16124.jpg,54.0,58.275099735051384,4.275099735051384,test
img16125,8453,images/img16125.jpg,54.0,58.66582966743289,4.665829667432888,test
img16130,8456,images/img16130.jpg,63.0,63.978871990107784,0.978871990107784,test
img16131,8456,images/img16131.jpg,63.0,66.22924082877178,3.229240828771779,test
img16150,8466,images/img16150.jpg,72.0,73.03163548158231,1.0316354815823132,test
img16151,8466,images/img16151.jpg,72.0,74.19214968057639,2.1921496805763923,test
img16154,8468,images/img16154.jpg,66.0,73.20687476590851,7.206874765908509,test
img16155,8468,images/img16155.jpg,66.0,65.08956437801007,0.910435621989933,test
img16161,8472,images/img16161.jpg,68.0,78.85280356565114,10.852803565651143,test
img16162,8472,images/img16162.jpg,68.0,76.9836259760348,8.983625976034801,test
img16239,8511,images/img16239.jpg,34.0,41.36019618310663,7.3601961831066305,test
img16240,8511,images/img16240.jpg,34.0,35.77927976186766,1.779279761867663,test
img16243,8513,images/img16243.jpg,29.0,40.094986654404664,11.094986654404664,test
img16244,8513,images/img16244.jpg,29.0,31.49117840060316,2.491178400603161,test
img16247,8515,images/img16247.jpg,20.0,30.678976817942125,10.678976817942123,test
img16248,8515,images/img16248.jpg,20.0,25.981538824193287,5.9815388241932865,test
img16261,8522,images/img16261.jpg,33.0,33.021531684650924,0.0215316846509239,test
img16262,8522,images/img16262.jpg,33.0,29.156940529054125,3.8430594709458745,test
img16263,8523,images/img16263.jpg,19.0,21.756764848313928,2.756764848313928,test
img16264,8523,images/img16264.jpg,19.0,22.431957404756616,3.4319574047566164,test
img16265,8524,images/img16265.jpg,20.0,27.31528776553827,7.315287765538269,test
img16266,8524,images/img16266.jpg,20.0,23.12473060137443,3.1247306013744307,test
