image_id,patient_id,image_path,age_true,age_pred,absolute_error,split
img00001,1,images/img00001.jpg,48.0,37.63735275605825,10.362647243941751,validation
img00002,1,images/img00002.jpg,48.0,42.58608375265761,5.413916247342392,validation
img00015,8,images/img00015.jpg,28.0,31.38906018334775,3.3890601833477483,validation
img00016,8,images/img00016.jpg,28.0,30.9764211824732,2.976421182473199,validation
img00029,15,images/img00029.jpg,26.0,25.619166058161863,0.3808339418381337,validation
img00030,15,images/img00030.jpg,26.0,24.550871696136007,1.4491283038639935,validation
img00047,24,images/img00047.jpg,13.0,17.53492461449853,4.534924614498529,validation
img00048,24,images/img00048.jpg,13.0,16.789195737710543,3.7891957377105423,validation
img00070,36,images/img00070.jpg,39.0,38.116423019609414,0.8835769803905862,validation
img00071,36,images/img00071.jpg,39.0,35.01341385405031,3.986586145949687,validation
img00074,38,images/img00074.jpg,37.0,30.526478942358583,6.473521057641417,validation
img00075,38,images/img00075.jpg,37.0,28.202532070852502,8.797467929147494,validation
img00094,48,images/img00094.jpg,20.0,21.069481784614325,1.0694817846143252,validation
img00095,48,images/img00095.jpg,20.0,20.203172837166193,0.2031728371661927,validation
img00096,49,images/img00096.jpg,20.0,19.879894092705328,0.1201059072946719,validation
img00097,49,images/img00097.jpg,20.0,22.051227483922,2.0512274839219984,validation
img00118,60,images/img00118.jpg,20.0,25.78766973245571,5.787669732455711,validation
img00119,60,images/img00119.jpg,20.0,24.985571564843205,4.985571564843205,validation
img00130,66,images/img00130.jpg,27.0,23.89194232246573,3.108057677534269,validation
img00131,66,images/img00131.jpg,27.0,23.51037699403966,3.4896230059603397,validation
img00132,67,images/img00132.jpg,18.0,22.82902030743135,4.82902030743135,validation
img00133,67,images/img00133.jpg,18.0,22.984140010495103,4.9841400104951035,validation
img00160,81,images/img00160.jpg,28.0,29.667765005963773,1.6677650059637728,validation
img00161,81,images/img00161.jpg,28.0,27.34590120038415,0.6540987996158485,validation
img00177,90,images/img00177.jpg,25.0,23.647955318903875,1.3520446810961246,validation
img00178,90,images/img00178.jpg,25.0,21.551466159241656,3.448533840758344,validation
img00191,97,images/img00191.jpg,19.0,20.88029141163303,1.8802914116330312,validation
img00192,97,images/img00192.jpg,19.0,23.065512636099697,4.065512636099697,validation
img00197,100,images/img00197.jpg,15.0,22.931694736007437,7.931694736007437,validation
img00198,100,images/img00198.jpg,15.0,22.577900711639636,7.577900711639636,validation
img00209,106,images/img00209.jpg,24.0,22.944574845217623,1.0554251547823768,validation
img00210,106,images/img00210.jpg,24.0,23.60251176339414,0.3974882366058594,validation
img00223,113,images/img00223.jpg,16.0,17.029684063004304,1.0296840630043036,validation
img00224,113,images/img00224.jpg,16.0,16.92227202270857,0.9222720227085688,validation
img00227,115,images/img00227.jpg,18.0,21.826642439957865,3.826642439957866,validation
img00228,115,images/img00228.jpg,18.0,23.19055548465046,5.19055548465046,validation
img00253,128,images/img00253.jpg,18.0,22.929995564953288,4.929995564953288,validation
img00254,128,images/img00254.jpg,18.0,21.059138435270597,3.0591384352705973,validation
img00255,129,images/img00255.jpg,47.0,36.82227850551749,10.177721494482512,validation
img00256,129,images/img00256.jpg,47.0,40.86452682876978,6.135473171230217,validation
img00269,136,images/img00269.jpg,17.0,19.065312798080143,2.065312798080143,validation
img00270,136,images/img00270.jpg,17.0,19.323944518532297,2.3239445185322936,validation
img00271,137,images/img00271.jpg,17.0,22.5205236967753,5.5205236967752995,validation
img00272,137,images/img00272.jpg,17.0,22.455161232322737,5.455161232322737,validation
img00275,139,images/img00275.jpg,15.0,19.121330912345336,4.121330912345336,validation
img00276,139,images/img00276.jpg,15.0,18.81579858084536,3.81579858084536,validation
img00277,140,images/img00277.jpg,18.0,17.674409326399093,0.3255906736009066,validation
img00278,140,images/img00278.jpg,18.0,17.140673305519293,0.859326694480707,validation
img00281,142,images/img00281.jpg,16.0,19.18569001519981,3.1856900151998104,validation
img00282,142,images/img00282.jpg,16.0,17.602367963656683,1.6023679636566823,validation
img00283,143,images/img00283.jpg,14.0,19.103798259029254,5.103798259029254,validation
img00284,143,images/img00284.jpg,14.0,18.29709989661162,4.29709989661162,validation
img00285,144,images/img00285.jpg,24.0,23.641291689160077,0.3587083108399227,validation
img00286,144,images/img00286.jpg,24.0,24.422877655754363,0.4228776557543625,validation
img00295,149,images/img00295.jpg,17.0,25.080914910090684,8.080914910090684,validation
img00296,149,images/img00296.jpg,17.0,23.239737652723484,6.239737652723484,validation
img00319,161,images/img00319.jpg,17.0,20.10190747726915,3.101907477269151,validation
img00320,161,images/img00320.jpg,17.0,23.87616337072543,6.876163370725429,validation
img00329,166,images/img00329.jpg,66.0,60.68560065416466,5.314399345835341,validation
img00330,166,images/img00330.jpg,66.0,57.73865204765698,8.261347952343023,validation
img00334,169,images/img00334.jpg,68.0,58.35733503350824,9.642664966491758,validation
img00335,169,images/img00335.jpg,68.0,58.708371653886424,9.291628346113576,validation
img00342,173,images/img00342.jpg,41.0,58.3802964729057,17.380296472905698,validation
img00343,173,images/img00343.jpg,41.0,67.89483744074734,26.894837440747335,validation
img00357,181,images/img00357.jpg,28.0,37.21995651247626,9.21995651247626,validation
img00358,181,images/img00358.jpg,28.0,39.797612088941285,11.797612088941284,validation
img00366,186,images/img00366.jpg,68.0,78.28238377225705,10.282383772257049,validation
img00367,186,images/img00367.jpg,68.0,77.79815055891748,9.798150558917484,validation
img00370,188,images/img00370.jpg,83.0,83.83333349063673,0.8333334906367327,validation
img00371,188,images/img00371.jpg,83.0,85.79755996068371,2.7975599606837136,validation
img00375,191,images/img00375.jpg,61.0,67.70016784095216,6.700167840952162,validation
img00376,191,images/img00376.jpg,61.0,66.22419511960489,5.224195119604886,validation
img00388,198,images/img00388.jpg,64.0,60.91425422034798,3.0857457796520222,validation
img00389,198,images/img00389.jpg,64.0,55.56649258720069,8.433507412799308,validation
img00405,208,images/img00405.jpg,53.0,57.57704334884497,4.577043348844967,validation
img00406,208,images/img00406.jpg,53.0,54.4002584091397,1.4002584091397026,validation
img00418,215,images/img00418.jpg,66.0,61.06339137988316,4.936608620116843,validation
img00419,215,images/img00419.jpg,66.0,66.86379614988164,0.8637961498816367,validation
img00439,226,images/img00439.jpg,65.0,69.3729373977436,4.372937397743598,validation
img00440,226,images/img00440.jpg,65.0,74.1792553934306,9.179255393430594,validation
img00453,233,images/img00453.jpg,78.0,60.73533085398012,17.264669146019877,validation
img00454,233,images/img00454.jpg,78.0,66.40541858337531,11.594581416624692,validation
img00457,235,images/img00457.jpg,54.0,60.29657882221022,6.296578822210222,validation
img00458,235,images/img00458.jpg,54.0,61.5892744603423,7.589274460342303,validation
img00467,240,images/img00467.jpg,65.0,78.39354096877868,13.39354096877868,validation
img00472,243,images/img00472.jpg,77.0,77.17055006053695,0.1705500605369536,validation
img00473,243,images/img00473.jpg,77.0,71.3815964274292,5.618403572570799,validation
img00474,244,images/img00474.jpg,42.0,46.56528061496423,4.56528061496423,validation
img00475,244,images/img00475.jpg,42.0,51.10118338977897,9.101183389778967,validation
img00498,257,images/img00498.jpg,59.0,58.93619935531958,0.0638006446804198,validation
img00499,257,images/img00499.jpg,59.0,55.95683242186305,3.043167578136952,validation
img00516,268,images/img00516.jpg,84.0,62.83486636123347,21.165133638766527,validation
img00517,268,images/img00517.jpg,84.0,78.69982364025634,5.300176359743659,validation
img00542,281,images/img00542.jpg,85.0,82.00538533781818,2.9946146621818173,validation
img00543,281,images/img00543.jpg,85.0,77.78229744566777,7.217702554332234,validation
img00550,285,images/img00550.jpg,63.0,50.884520539997965,12.115479460002035,validation
img00551,285,images/img00551.jpg,63.0,56.70907735517065,6.290922644829351,validation
img00560,290,images/img00560.jpg,62.0,57.17935320884513,4.820646791154871,validation
img00561,290,images/img00561.jpg,62.0,62.423442300380955,0.4234423003809553,validation
img00568,294,images/img00568.jpg,65.0,62.13429530002186,2.8657046999781386,validation
img00569,294,images/img00569.jpg,65.0,49.72746139485467,15.272538605145328,validation
img00572,296,images/img00572.jpg,65.0,69.96943368658354,4.9694336865835425,validation
img00573,296,images/img00573.jpg,65.0,61.738412710487914,3.261587289512086,validation
img00577,299,images/img00577.jpg,56.0,50.596328914377914,5.403671085622086,validation
img00578,299,images/img00578.jpg,56.0,52.62918586303905,3.370814136960952,validation
img00589,305,images/img00589.jpg,59.0,64.33293375933681,5.332933759336811,validation
img00590,305,images/img00590.jpg,59.0,54.992205489212246,4.007794510787754,validation
img00598,310,images/img00598.jpg,78.0,82.52549309073096,4.525493090730961,validation
img00599,310,images/img00599.jpg,78.0,75.81880822827328,2.1811917717267164,validation
img00600,311,images/img00600.jpg,27.0,29.38293246047644,2.3829324604764395,validation
img00601,311,images/img00601.jpg,27.0,31.68638676195209,4.68638676195209,validation
img00602,312,images/img00602.jpg,60.0,64.84850784468087,4.848507844680867,validation
img00603,312,images/img00603.jpg,60.0,68.18664007751006,8.186640077510063,validation
img00621,322,images/img00621.jpg,45.0,50.78993516900121,5.789935169001211,validation
img00622,322,images/img00622.jpg,45.0,48.028262530142406,3.028262530142406,validation
img00641,332,images/img00641.jpg,17.0,22.374235756995553,5.374235756995553,validation
img00642,332,images/img00642.jpg,17.0,16.834438620900663,0.1655613790993371,validation
img00661,342,images/img00661.jpg,70.0,65.25466534775389,4.745334652246115,validation
img00662,342,images/img00662.jpg,70.0,70.0482237466835,0.0482237466835044,validation
img00667,345,images/img00667.jpg,60.0,63.4368249724256,3.4368249724255975,validation
img00668,345,images/img00668.jpg,60.0,59.91319626415067,0.0868037358493296,validation
img00686,355,images/img00686.jpg,22.0,32.14476378315321,10.14476378315321,validation
img00732,379,images/img00732.jpg,49.0,47.073018664349334,1.926981335650666,validation
img00733,379,images/img00733.jpg,49.0,57.571899348412835,8.571899348412835,validation
img00772,400,images/img00772.jpg,90.0,81.02339097933185,8.97660902066815,validation
img00773,400,images/img00773.jpg,90.0,87.46394726522298,2.536052734777016,validation
img00776,402,images/img00776.jpg,55.0,43.60131337347003,11.398686626529972,validation
img00777,402,images/img00777.jpg,55.0,60.0772205287448,5.077220528744803,validation
img00782,405,images/img00782.jpg,63.0,68.65182250781122,5.651822507811218,validation
img00783,405,images/img00783.jpg,63.0,56.695392102808526,6.304607897191474,validation
img00792,410,images/img00792.jpg,60.0,60.771628277748626,0.7716282777486256,validation
img00793,410,images/img00793.jpg,60.0,59.435563697802415,0.5644363021975849,validation
img00800,414,images/img00800.jpg,50.0,51.965051005773496,1.965051005773496,validation
img00801,414,images/img00801.jpg,50.0,56.87226014565281,6.87226014565281,validation
img00810,419,images/img00810.jpg,55.0,57.00976669471791,2.0097666947179107,validation
img00811,419,images/img00811.jpg,55.0,61.3156424839988,6.315642483998801,validation
img00823,426,images/img00823.jpg,66.0,64.36068924954381,1.6393107504561897,validation
img00824,426,images/img00824.jpg,66.0,61.5310080526701,4.468991947329897,validation
img00825,427,images/img00825.jpg,69.0,63.5545618216877,5.445438178312301,validation
img00826,427,images/img00826.jpg,69.0,65.6706487055203,3.329351294479693,validation
img00829,429,images/img00829.jpg,60.0,86.23276151018996,26.23276151018996,validation
img00839,435,images/img00839.jpg,63.0,59.91740029471612,3.082599705283883,validation
img00840,435,images/img00840.jpg,63.0,55.275592157918425,7.724407842081575,validation
img00866,449,images/img00866.jpg,64.0,62.94199865995322,1.0580013400467791,validation
img00867,449,images/img00867.jpg,64.0,61.88831602385206,2.111683976147937,validation
img00901,466,images/img00901.jpg,71.0,59.998598967956696,11.001401032043304,validation
img00912,472,images/img00912.jpg,76.0,70.80484782169415,5.195152178305847,validation
img00913,472,images/img00913.jpg,76.0,84.89506674029947,8.89506674029947,validation
img00954,494,images/img00954.jpg,45.0,47.473401385181205,2.473401385181205,validation
img00955,494,images/img00955.jpg,45.0,41.22352742734329,3.776472572656708,validation
img00996,516,images/img00996.jpg,38.0,35.39608942389687,2.6039105761031323,validation
img00997,516,images/img00997.jpg,38.0,50.17878271186143,12.17878271186143,validation
img01052,547,images/img01052.jpg,66.0,61.38889006187978,4.611109938120222,validation
img01053,547,images/img01053.jpg,66.0,65.73425147003971,0.2657485299602911,validation
img01058,550,images/img01058.jpg,79.0,75.80991975324679,3.1900802467532117,validation
img01059,550,images/img01059.jpg,79.0,83.64695253013006,4.646952530130065,validation
img01066,554,images/img01066.jpg,88.0,77.97849390006873,10.021506099931273,validation
img01067,554,images/img01067.jpg,88.0,73.10935783406866,14.89064216593134,validation
img01089,566,images/img01089.jpg,54.0,47.88718661762053,6.112813382379471,validation
img01090,566,images/img01090.jpg,54.0,55.288719017739005,1.288719017739005,validation
img01110,577,images/img01110.jpg,70.0,68.60482483243489,1.3951751675651138,validation
img01111,577,images/img01111.jpg,70.0,62.812487580459695,7.187512419540305,validation
img01113,579,images/img01113.jpg,67.0,63.5497424141856,3.4502575858143985,validation
img01114,579,images/img01114.jpg,67.0,58.135631245981,8.864368754018997,validation
img01123,584,images/img01123.jpg,50.0,49.41733759343303,0.5826624065669677,validation
img01124,584,images/img01124.jpg,50.0,57.264617814105115,7.264617814105115,validation
img01189,619,images/img01189.jpg,87.0,80.8224154700148,6.177584529985197,validation
img01212,631,images/img01212.jpg,30.0,34.29315945574933,4.293159455749333,validation
img01213,631,images/img01213.jpg,30.0,29.063970352108203,0.9360296478917968,validation
img01229,640,images/img01229.jpg,47.0,50.485130819965065,3.485130819965065,validation
img01247,650,images/img01247.jpg,43.0,43.840662010861614,0.8406620108616139,validation
img01248,650,images/img01248.jpg,43.0,48.540412644033,5.5404126440329975,validation
img01276,666,images/img01276.jpg,79.0,81.39486379881372,2.3948637988137165,validation
img01277,666,images/img01277.jpg,79.0,85.15794747899741,6.157947478997414,validation
img01303,681,images/img01303.jpg,59.0,47.85809349371783,11.141906506282169,validation
img01305,682,images/img01305.jpg,71.0,65.67206922560891,5.327930774391092,validation
img01335,698,images/img01335.jpg,18.0,16.452332349699972,1.5476676503000275,validation
img01336,698,images/img01336.jpg,18.0,21.208224881420655,3.208224881420655,validation
img01345,703,images/img01345.jpg,41.0,48.520351955733915,7.520351955733915,validation
img01350,706,images/img01350.jpg,65.0,48.42706877359381,16.57293122640619,validation
img01424,745,images/img01424.jpg,74.0,67.8370165474369,6.162983452563097,validation
img01425,745,images/img01425.jpg,74.0,70.94401189412751,3.055988105872487,validation
img01437,753,images/img01437.jpg,86.0,65.6650184291615,20.334981570838497,validation
img01438,753,images/img01438.jpg,86.0,70.06621445638132,15.933785543618685,validation
img01439,754,images/img01439.jpg,67.0,75.25998053316836,8.25998053316836,validation
img01440,754,images/img01440.jpg,67.0,49.73346847711798,17.26653152288202,validation
img01475,773,images/img01475.jpg,65.0,72.0371045561721,7.037104556172096,validation
img01476,773,images/img01476.jpg,65.0,65.87363475517004,0.8736347551700447,validation
img01490,780,images/img01490.jpg,59.0,63.97650700138448,4.976507001384476,validation
img01549,811,images/img01549.jpg,42.0,38.53769965511094,3.4623003448890586,validation
img01550,811,images/img01550.jpg,42.0,42.54766809077619,0.5476680907761917,validation
img01650,864,images/img01650.jpg,51.0,61.98866199915434,10.988661999154338,validation
img01678,881,images/img01678.jpg,76.0,32.04425966933819,43.95574033066181,validation
img01679,881,images/img01679.jpg,76.0,53.44151859160461,22.558481408395387,validation
img01698,891,images/img01698.jpg,21.0,35.76929413274587,14.76929413274587,validation
img01699,891,images/img01699.jpg,21.0,27.51326409616539,6.51326409616539,validation
img01724,904,images/img01724.jpg,13.0,20.222459192058057,7.222459192058054,validation
img01725,904,images/img01725.jpg,13.0,21.32497690946203,8.32497690946203,validation
img01765,928,images/img01765.jpg,82.0,80.83985433083367,1.160145669166326,validation
img01766,928,images/img01766.jpg,82.0,64.2711746717539,17.728825328246103,validation
img01790,941,images/img01790.jpg,77.0,78.3624236719129,1.362423671912893,validation
img01791,941,images/img01791.jpg,77.0,73.9190150225902,3.0809849774097984,validation
img01794,943,images/img01794.jpg,62.0,62.861133168199835,0.8611331681998351,validation
img01795,943,images/img01795.jpg,62.0,64.67736325722424,2.6773632572242434,validation
img01827,961,images/img01827.jpg,41.0,25.744989783782437,15.255010216217563,validation
img01828,961,images/img01828.jpg,41.0,25.1022908745716,15.8977091254284,validation
img01854,975,images/img01854.jpg,53.0,56.148200471225834,3.1482004712258345,validation
img01855,975,images/img01855.jpg,53.0,60.6456859482435,7.645685948243496,validation
img01862,979,images/img01862.jpg,55.0,57.26310207009312,2.263102070093119,validation
img01883,993,images/img01883.jpg,69.0,61.15068165769558,7.849318342304421,validation
img01884,993,images/img01884.jpg,69.0,56.07057491041539,12.929425089584612,validation
img01892,998,images/img01892.jpg,71.0,74.02099364171023,3.020993641710234,validation
img01893,998,images/img01893.jpg,71.0,76.94309016747222,5.943090167472221,validation
img01911,1008,images/img01911.jpg,81.0,71.15571682888147,9.844283171118532,validation
img01912,1008,images/img01912.jpg,81.0,71.21921216827324,9.780787831726755,validation
img01918,1012,images/img01918.jpg,58.0,56.686516169802,1.3134838301980023,validation
img01919,1012,images/img01919.jpg,58.0,60.55310757309552,2.5531075730955237,validation
img01932,1019,images/img01932.jpg,59.0,56.510540996086334,2.489459003913666,validation
img01933,1019,images/img01933.jpg,59.0,57.28658938820859,1.71341061179141,validation
img01939,1023,images/img01939.jpg,32.0,24.634796350153117,7.365203649846883,validation
img01940,1023,images/img01940.jpg,32.0,30.926165853734393,1.0738341462656074,validation
img01947,1027,images/img01947.jpg,59.0,46.88572595352094,12.11427404647906,validation
img01948,1027,images/img01948.jpg,59.0,51.718936766562656,7.281063233437344,validation
img01951,1029,images/img01951.jpg,33.0,22.55802106467238,10.44197893532762,validation
img01952,1029,images/img01952.jpg,33.0,34.37514282319624,1.375142823196242,validation
img01979,1045,images/img01979.jpg,55.0,50.18602109330326,4.81397890669674,validation
img01980,1045,images/img01980.jpg,55.0,54.95108511345774,0.0489148865422635,validation
img02010,1061,images/img02010.jpg,76.0,70.21855964650429,5.781440353495711,validation
img02027,1070,images/img02027.jpg,37.0,44.3691009368698,7.369100936869799,validation
img02028,1070,images/img02028.jpg,37.0,41.47046998517777,4.470469985177772,validation
img02087,1103,images/img02087.jpg,69.0,59.24955627136895,9.750443728631048,validation
img02088,1103,images/img02088.jpg,69.0,58.68892497926095,10.311075020739048,validation
img02097,1108,images/img02097.jpg,55.0,59.87680068544322,4.8768006854432215,validation
img02098,1108,images/img02098.jpg,55.0,63.9768778089316,8.976877808931597,validation
img02121,1121,images/img02121.jpg,36.0,32.434698204244704,3.565301795755296,validation
img02122,1121,images/img02122.jpg,36.0,39.00163660829796,3.0016366082979573,validation
img02171,1146,images/img02171.jpg,49.0,51.27938259081951,2.279382590819509,validation
img02172,1146,images/img02172.jpg,49.0,46.99277591115302,2.007224088846982,validation
img02179,1150,images/img02179.jpg,34.0,34.420789232246456,0.4207892322464559,validation
img02180,1150,images/img02180.jpg,34.0,39.35746353051232,5.3574635305123195,validation
img02187,1154,images/img02187.jpg,45.0,50.93217639877043,5.93217639877043,validation
img02188,1154,images/img02188.jpg,45.0,44.70682372590134,0.2931762740986627,validation
img02189,1155,images/img02189.jpg,40.0,42.127957571856015,2.1279575718560153,validation
img02206,1164,images/img02206.jpg,56.0,56.199155153904606,0.1991551539046057,validation
img02207,1164,images/img02207.jpg,56.0,51.95752524848265,4.0424747515173465,validation
img02219,1171,images/img02219.jpg,77.0,82.21537365175105,5.215373651751051,validation
img02220,1171,images/img02220.jpg,77.0,78.0063655402868,1.0063655402867937,validation
img02226,1175,images/img02226.jpg,76.0,65.4579207781805,10.542079221819506,validation
img02227,1175,images/img02227.jpg,76.0,68.28782255101422,7.712177448985784,validation
img02232,1178,images/img02232.jpg,89.0,84.12235616140649,4.877643838593514,validation
img02233,1178,images/img02233.jpg,89.0,82.71480997452244,6.2851900254775614,validation
img02247,1186,images/img02247.jpg,40.0,53.7073254380935,13.707325438093498,validation
img02248,1186,images/img02248.jpg,40.0,55.49187247609016,15.491872476090158,validation
img02257,1191,images/img02257.jpg,79.0,76.99024380014043,2.0097561998595666,validation
img02258,1191,images/img02258.jpg,79.0,72.40878786346748,6.591212136532519,validation
img02279,1202,images/img02279.jpg,35.0,31.32308043339028,3.676919566609719,validation
img02280,1202,images/img02280.jpg,35.0,33.72325224925861,1.276747750741393,validation
img02286,1206,images/img02286.jpg,31.0,39.129041719045944,8.129041719045944,validation
img02297,1212,images/img02297.jpg,51.0,63.326748570842774,12.326748570842774,validation
img02298,1212,images/img02298.jpg,51.0,57.70314027237893,6.703140272378931,validation
img02338,1233,images/img02338.jpg,19.0,21.83520809429629,2.8352080942962914,validation
img02375,1252,images/img02375.jpg,29.0,37.12800496567448,8.128004965674478,validation
img02376,1252,images/img02376.jpg,29.0,31.70021570223872,2.7002157022387223,validation
img02383,1256,images/img02383.jpg,18.0,18.277961864738607,0.2779618647386073,validation
img02408,1269,images/img02408.jpg,63.0,74.88541038005764,11.885410380057635,validation
img02426,1278,images/img02426.jpg,75.0,70.46541713672501,4.534582863274991,validation
img02445,1288,images/img02445.jpg,63.0,70.38664234517111,7.386642345171111,validation
img02446,1288,images/img02446.jpg,63.0,57.40349505599467,5.596504944005332,validation
img02453,1292,images/img02453.jpg,63.0,69.03580681017702,6.0358068101770215,validation
img02454,1292,images/img02454.jpg,63.0,67.19836053110008,4.198360531100079,validation
img02457,1294,images/img02457.jpg,61.0,64.51009688046629,3.5100968804662926,validation
img02458,1294,images/img02458.jpg,61.0,55.543232865849895,5.456767134150105,validation
img02479,1305,images/img02479.jpg,80.0,81.32748370506066,1.3274837050606578,validation
img02480,1305,images/img02480.jpg,80.0,78.75033199061554,1.2496680093844643,validation
img02487,1309,images/img02487.jpg,44.0,42.61520850426285,1.3847914957371472,validation
img02488,1309,images/img02488.jpg,44.0,42.817247358751786,1.1827526412482143,validation
img02555,1345,images/img02555.jpg,78.0,63.86753975061171,14.132460249388288,validation
img02556,1345,images/img02556.jpg,78.0,65.96617850343678,12.03382149656322,validation
img02569,1352,images/img02569.jpg,73.0,63.32662969430561,9.673370305694393,validation
img02570,1352,images/img02570.jpg,73.0,66.14949593923798,6.85050406076202,validation
img02571,1353,images/img02571.jpg,82.0,71.1532367807575,10.846763219242504,validation
img02572,1353,images/img02572.jpg,82.0,68.3515218345569,13.648478165443096,validation
img02614,1377,images/img02614.jpg,63.0,58.102972780247505,4.897027219752495,validation
img02615,1377,images/img02615.jpg,63.0,57.75068488888726,5.249315111112743,validation
img02634,1387,images/img02634.jpg,75.0,75.52949872695973,0.52949872695973,validation
img02635,1387,images/img02635.jpg,75.0,62.83121336158915,12.16878663841085,validation
img02636,1388,images/img02636.jpg,52.0,50.33760776387028,1.662392236129719,validation
img02637,1388,images/img02637.jpg,52.0,55.58952464362366,3.589524643623662,validation
img02642,1391,images/img02642.jpg,64.0,59.556522210282715,4.443477789717285,validation
img02643,1391,images/img02643.jpg,64.0,52.21281424795858,11.787185752041417,validation
img02655,1398,images/img02655.jpg,64.0,64.1428387250016,0.1428387250015959,validation
img02666,1405,images/img02666.jpg,68.0,64.87838729870555,3.121612701294453,validation
img02669,1407,images/img02669.jpg,62.0,76.13333809584303,14.13333809584303,validation
img02670,1407,images/img02670.jpg,62.0,65.68497114702774,3.6849711470277384,validation
img02759,1455,images/img02759.jpg,59.0,55.85140611051265,3.1485938894873513,validation
img02775,1465,images/img02775.jpg,67.0,56.11412162173005,10.88587837826995,validation
img02776,1465,images/img02776.jpg,67.0,59.85348616091818,7.14651383908182,validation
img02845,1502,images/img02845.jpg,68.0,59.15110959413523,8.848890405864772,validation
img02847,1502,images/img02847.jpg,68.0,61.36773658192713,6.632263418072867,validation
img02872,1518,images/img02872.jpg,89.0,85.0292270920676,3.9707729079324,validation
img02873,1518,images/img02873.jpg,89.0,79.62671599724095,9.37328400275905,validation
img02949,1559,images/img02949.jpg,59.0,58.78160778035786,0.2183922196421406,validation
img02950,1559,images/img02950.jpg,59.0,62.13945497797896,3.139454977978964,validation
img02960,1565,images/img02960.jpg,52.0,51.59076113954397,0.4092388604560284,validation
img02961,1565,images/img02961.jpg,52.0,52.28319242979113,0.2831924297911286,validation
img02962,1566,images/img02962.jpg,44.0,44.74880023084552,0.748800230845518,validation
img02963,1566,images/img02963.jpg,44.0,42.91854543696181,1.0814545630381929,validation
img03013,1594,images/img03013.jpg,64.0,63.45669589450939,0.5433041054906127,validation
img03014,1594,images/img03014.jpg,64.0,56.68198495610674,7.318015043893261,validation
img03027,1601,images/img03027.jpg,56.0,63.34486470074035,7.344864700740352,validation
img03035,1606,images/img03035.jpg,61.0,55.44233667758432,5.557663322415678,validation
img03036,1606,images/img03036.jpg,61.0,66.36469737103917,5.3646973710391705,validation
img03043,1610,images/img03043.jpg,69.0,64.53479484432522,4.465205155674781,validation
img03044,1610,images/img03044.jpg,69.0,75.86326805317273,6.863268053172732,validation
img03090,1638,images/img03090.jpg,73.0,68.94168167678286,4.0583183232171365,validation
img03091,1638,images/img03091.jpg,73.0,76.5755675389776,3.5755675389775945,validation
img03095,1640,images/img03095.jpg,54.0,59.239647802935266,5.239647802935266,validation
img03098,1642,images/img03098.jpg,68.0,59.80053402523192,8.199465974768081,validation
img03099,1642,images/img03099.jpg,68.0,63.58705437830912,4.412945621690881,validation
img03107,1647,images/img03107.jpg,88.0,56.43775610968142,31.562243890318577,validation
img03108,1647,images/img03108.jpg,88.0,56.712591574637415,31.287408425362585,validation
img03120,1655,images/img03120.jpg,72.0,77.03638970876882,5.036389708768823,validation
img03121,1655,images/img03121.jpg,72.0,78.83455329067034,6.834553290670343,validation
img03124,1657,images/img03124.jpg,47.0,53.55908694155487,6.559086941554867,validation
img03125,1657,images/img03125.jpg,47.0,55.105123203624856,8.105123203624856,validation
img03136,1664,images/img03136.jpg,76.0,79.52024624435907,3.520246244359072,validation
img03137,1664,images/img03137.jpg,76.0,64.3539083791785,11.646091620821494,validation
img03142,1667,images/img03142.jpg,71.0,82.15351640922918,11.153516409229184,validation
img03143,1667,images/img03143.jpg,71.0,69.40201525310025,1.5979847468997548,validation
img03180,1688,images/img03180.jpg,66.0,63.8859699763139,2.114030023686098,validation
img03181,1688,images/img03181.jpg,66.0,62.52594495781389,3.4740550421861087,validation
img03214,1706,images/img03214.jpg,69.0,71.95130405221074,2.9513040522107445,validation
img03215,1706,images/img03215.jpg,69.0,83.62702489630378,14.62702489630378,validation
img03237,1718,images/img03237.jpg,81.0,70.08275247298278,10.917247527017224,validation
img03238,1718,images/img03238.jpg,81.0,69.74252455178733,11.257475448212674,validation
img03243,1721,images/img03243.jpg,70.0,76.37617341478796,6.3761734147879565,validation
img03244,1721,images/img03244.jpg,70.0,77.03075125283176,7.030751252831763,validation
img03263,1732,images/img03263.jpg,56.0,51.23368274185809,4.76631725814191,validation
img03264,1732,images/img03264.jpg,56.0,50.76801171808308,5.2319882819169194,validation
img03290,1746,images/img03290.jpg,61.0,60.37383084894747,0.6261691510525296,validation
img03291,1746,images/img03291.jpg,61.0,54.54428033309291,6.455719666907093,validation
img03314,1758,images/img03314.jpg,47.0,21.174302534521964,25.825697465478036,validation
img03315,1758,images/img03315.jpg,47.0,55.64732345207284,8.64732345207284,validation
img03358,1783,images/img03358.jpg,60.0,58.41022145991594,1.5897785400840618,validation
img03361,1784,images/img03361.jpg,62.0,65.18943702838455,3.189437028384546,validation
img03368,1788,images/img03368.jpg,77.0,73.20551913714067,3.7944808628593303,validation
img03369,1788,images/img03369.jpg,77.0,80.01993776997172,3.019937769971719,validation
img03370,1789,images/img03370.jpg,61.0,63.3718649432227,2.371864943222697,validation
img03371,1789,images/img03371.jpg,61.0,66.05785630701996,5.057856307019961,validation
img03412,1811,images/img03412.jpg,71.0,63.81990406813225,7.180095931867747,validation
img03413,1811,images/img03413.jpg,71.0,61.13981754187024,9.860182458129756,validation
img03432,1822,images/img03432.jpg,77.0,76.69460548648591,0.3053945135140878,validation
img03433,1822,images/img03433.jpg,77.0,81.93773259145695,4.93773259145695,validation
img03437,1825,images/img03437.jpg,57.0,52.573764312680545,4.426235687319455,validation
img03438,1825,images/img03438.jpg,57.0,61.924953990728184,4.924953990728184,validation
img03474,1847,images/img03474.jpg,31.0,37.32333329417101,6.323333294171007,validation
img03475,1847,images/img03475.jpg,31.0,25.33550264705839,5.664497352941609,validation
img03487,1854,images/img03487.jpg,75.0,67.14880646486951,7.851193535130491,validation
img03488,1854,images/img03488.jpg,75.0,68.96446016628023,6.035539833719767,validation
img03493,1857,images/img03493.jpg,73.0,84.40390815071225,11.403908150712256,validation
img03494,1857,images/img03494.jpg,73.0,78.32245934321703,5.322459343217034,validation
img03515,1870,images/img03515.jpg,65.0,64.24557259184627,0.754427408153731,validation
img03516,1870,images/img03516.jpg,65.0,61.896647196947455,3.103352803052545,validation
img03517,1871,images/img03517.jpg,67.0,68.19854627160385,1.1985462716038455,validation
img03518,1871,images/img03518.jpg,67.0,67.02288567492042,0.0228856749204169,validation
img03540,1883,images/img03540.jpg,65.0,74.26767009059913,9.267670090599124,validation
img03541,1883,images/img03541.jpg,65.0,55.193980143323856,9.806019856676144,validation
img03632,1930,images/img03632.jpg,79.0,78.02186529575633,0.978134704243672,validation
img03633,1930,images/img03633.jpg,79.0,70.59613334074668,8.403866659253325,validation
img03653,1941,images/img03653.jpg,73.0,55.53286934021316,17.46713065978684,validation
img03701,1965,images/img03701.jpg,66.0,70.2573722905832,4.257372290583206,validation
img03702,1965,images/img03702.jpg,66.0,56.23630679829452,9.76369320170548,validation
img03736,1984,images/img03736.jpg,69.0,62.13203937234182,6.867960627658178,validation
img03737,1984,images/img03737.jpg,69.0,77.73149026805001,8.73149026805001,validation
img03743,1988,images/img03743.jpg,60.0,62.46759402783315,2.467594027833151,validation
img03744,1988,images/img03744.jpg,60.0,69.47230291426688,9.472302914266876,validation
img03757,1995,images/img03757.jpg,70.0,75.63316561102957,5.633165611029568,validation
img03758,1995,images/img03758.jpg,70.0,74.13186837012978,4.13186837012978,validation
img03759,1996,images/img03759.jpg,84.0,80.76826229958952,3.231737700410477,validation
img03796,2017,images/img03796.jpg,37.0,40.78105150625095,3.781051506250946,validation
img03797,2017,images/img03797.jpg,37.0,39.39510813081782,2.3951081308178175,validation
img03814,2026,images/img03814.jpg,16.0,30.632547350601232,14.632547350601232,validation
img03815,2026,images/img03815.jpg,16.0,10.93859425928401,5.0614057407159905,validation
img03858,2048,images/img03858.jpg,23.0,32.71844450174107,9.718444501741068,validation
img03859,2048,images/img03859.jpg,23.0,29.24670649254878,6.246706492548778,validation
img03874,2056,images/img03874.jpg,29.0,30.63112955703872,1.6311295570387223,validation
img03875,2056,images/img03875.jpg,29.0,36.87506186923929,7.875061869239289,validation
img03894,2066,images/img03894.jpg,38.0,39.590405922222224,1.5904059222222244,validation
img03895,2066,images/img03895.jpg,38.0,45.22636654260998,7.226366542609981,validation
img03933,2086,images/img03933.jpg,38.0,42.10806047512184,4.108060475121839,validation
img03934,2086,images/img03934.jpg,38.0,37.346524034411935,0.6534759655880649,validation
img03947,2093,images/img03947.jpg,63.0,56.986339837318305,6.0136601626816955,validation
img04017,2132,images/img04017.jpg,71.0,63.65703448733373,7.342965512666268,validation
img04024,2136,images/img04024.jpg,45.0,45.758329230926215,0.7583292309262148,validation
img04025,2136,images/img04025.jpg,45.0,52.81119783815231,7.81119783815231,validation
img04033,2141,images/img04033.jpg,68.0,58.72573144544892,9.274268554551078,validation
img04034,2141,images/img04034.jpg,68.0,74.46495170238062,6.464951702380617,validation
img04053,2151,images/img04053.jpg,46.0,45.47011361187665,0.5298863881233515,validation
img04054,2151,images/img04054.jpg,46.0,46.43242245205275,0.432422452052748,validation
img04096,2173,images/img04096.jpg,72.0,68.95239147123198,3.0476085287680235,validation
img04097,2173,images/img04097.jpg,72.0,81.19053139058482,9.190531390584823,validation
img04119,2185,images/img04119.jpg,49.0,55.94913707464992,6.949137074649919,validation
img04120,2185,images/img04120.jpg,49.0,57.88873735663709,8.888737356637087,validation
img04180,2216,images/img04180.jpg,50.0,59.82490644187667,9.82490644187667,validation
img04181,2216,images/img04181.jpg,50.0,52.94557822057523,2.9455782205752357,validation
img04197,2226,images/img04197.jpg,47.0,49.41293207259014,2.412932072590138,validation
img04199,2228,images/img04199.jpg,64.0,47.33151187727654,16.66848812272346,validation
img04200,2228,images/img04200.jpg,64.0,58.51810014515056,5.481899854849438,validation
img04203,2230,images/img04203.jpg,22.0,30.28656209693156,8.286562096931561,validation
img04204,2230,images/img04204.jpg,22.0,26.561852635432828,4.561852635432828,validation
img04215,2236,images/img04215.jpg,72.0,67.93417575905482,4.065824240945176,validation
img04216,2236,images/img04216.jpg,72.0,75.22873236305065,3.2287323630506535,validation
img04219,2238,images/img04219.jpg,63.0,64.04944757242865,1.0494475724286474,validation
img04220,2238,images/img04220.jpg,63.0,74.91482850586928,11.91482850586928,validation
img04278,2269,images/img04278.jpg,54.0,62.10441202886067,8.104412028860672,validation
img04279,2269,images/img04279.jpg,54.0,59.08252710238012,5.082527102380119,validation
img04284,2272,images/img04284.jpg,56.0,73.13818157719449,17.138181577194487,validation
img04285,2272,images/img04285.jpg,56.0,46.09191206275523,9.908087937244773,validation
img04304,2283,images/img04304.jpg,64.0,58.052127158611995,5.947872841388005,validation
img04305,2283,images/img04305.jpg,64.0,62.69944853563644,1.3005514643635578,validation
img04319,2292,images/img04319.jpg,73.0,68.23614179443987,4.763858205560126,validation
img04320,2292,images/img04320.jpg,73.0,64.5903489038513,8.409651096148707,validation
img04340,2303,images/img04340.jpg,77.0,83.82602421951677,6.826024219516768,validation
img04349,2308,images/img04349.jpg,77.0,80.57833903639747,3.578339036397466,validation
img04350,2308,images/img04350.jpg,77.0,69.43454379986595,7.565456200134051,validation
img04351,2309,images/img04351.jpg,84.0,86.80542796107541,2.80542796107541,validation
img04352,2309,images/img04352.jpg,84.0,85.68514856216449,1.6851485621644855,validation
img04359,2313,images/img04359.jpg,29.0,33.46012721382374,4.460127213823739,validation
img04360,2313,images/img04360.jpg,29.0,29.166452833248133,0.1664528332481332,validation
img04363,2315,images/img04363.jpg,43.0,51.1702735606905,8.170273560690497,validation
img04364,2315,images/img04364.jpg,43.0,51.95436465944869,8.954364659448693,validation
img04395,2332,images/img04395.jpg,63.0,62.25193453965024,0.7480654603497641,validation
img04396,2332,images/img04396.jpg,63.0,58.950225968747134,4.049774031252866,validation
img04425,2348,images/img04425.jpg,65.0,73.16219027525993,8.162190275259931,validation
img04426,2348,images/img04426.jpg,65.0,70.27815496298874,5.2781549629887365,validation
img04449,2360,images/img04449.jpg,52.0,56.12014424519202,4.120144245192023,validation
img04450,2360,images/img04450.jpg,52.0,73.51593522215826,21.515935222158262,validation
img04470,2371,images/img04470.jpg,33.0,38.78532929751802,5.785329297518018,validation
img04471,2371,images/img04471.jpg,33.0,32.52594739792783,0.4740526020721702,validation
img04530,2401,images/img04530.jpg,74.0,78.41744714946346,4.417447149463456,validation
img04531,2401,images/img04531.jpg,74.0,76.75814445029499,2.758144450294992,validation
img04534,2403,images/img04534.jpg,77.0,77.86483048077275,0.8648304807727527,validation
img04535,2403,images/img04535.jpg,77.0,75.21983298191982,1.780167018080178,validation
img04562,2418,images/img04562.jpg,68.0,73.18945880790872,5.189458807908721,validation
img04563,2418,images/img04563.jpg,68.0,70.19329238399949,2.1932923839994913,validation
img04590,2432,images/img04590.jpg,40.0,50.60693619144635,10.606936191446351,validation
img04591,2432,images/img04591.jpg,40.0,44.51109405276557,4.511094052765571,validation
img04597,2436,images/img04597.jpg,29.0,26.900561336295528,2.099438663704472,validation
img04598,2436,images/img04598.jpg,29.0,25.61604036866175,3.38395963133825,validation
img04600,2437,images/img04600.jpg,50.0,51.48776934333197,1.4877693433319692,validation
img04651,2463,images/img04651.jpg,77.0,72.07425620056202,4.925743799437981,validation
img04652,2463,images/img04652.jpg,77.0,62.33330825586526,14.666691744134738,validation
img04669,2472,images/img04669.jpg,69.0,72.5616619996503,3.5616619996502976,validation
img04670,2472,images/img04670.jpg,69.0,69.4249900524755,0.4249900524754935,validation
img04687,2481,images/img04687.jpg,49.0,57.79975186123333,8.799751861233332,validation
img04688,2481,images/img04688.jpg,49.0,52.52451343615026,3.524513436150258,validation
img04743,2509,images/img04743.jpg,39.0,44.437553100678194,5.437553100678194,validation
img04744,2509,images/img04744.jpg,39.0,45.58028271534625,6.58028271534625,validation
img04747,2511,images/img04747.jpg,58.0,59.47698071959462,1.4769807195946214,validation
img04748,2511,images/img04748.jpg,58.0,57.76871186138196,0.2312881386180407,validation
img04763,2519,images/img04763.jpg,56.0,74.77251693172715,18.772516931727154,validation
img04764,2519,images/img04764.jpg,56.0,58.24935832966098,2.2493583296609785,validation
img04841,2558,images/img04841.jpg,77.0,77.96979082881577,0.9697908288157748,validation
img04842,2558,images/img04842.jpg,77.0,76.67636611760943,0.3236338823905669,validation
img04899,2589,images/img04899.jpg,56.0,54.351891199712504,1.6481088002874955,validation
img04900,2589,images/img04900.jpg,56.0,51.45105666964121,4.548943330358789,validation
img04909,2594,images/img04909.jpg,60.0,69.16322609886063,9.163226098860632,validation
img04910,2594,images/img04910.jpg,60.0,64.00765701656324,4.007657016563243,validation
img04937,2608,images/img04937.jpg,42.0,43.73347572692545,1.7334757269254482,validation
img04938,2608,images/img04938.jpg,42.0,36.740563428237024,5.259436571762976,validation
img04948,2614,images/img04948.jpg,70.0,71.35537924323754,1.355379243237536,validation
img04949,2614,images/img04949.jpg,70.0,74.60934088939703,4.609340889397032,validation
img04954,2617,images/img04954.jpg,42.0,51.00780859636251,9.007808596362509,validation
img04957,2619,images/img04957.jpg,89.0,84.45791081689782,4.542089183102178,validation
img04958,2619,images/img04958.jpg,89.0,85.73403844664155,3.2659615533584514,validation
img04961,2621,images/img04961.jpg,60.0,55.70280853048905,4.297191469510949,validation
img05037,2660,images/img05037.jpg,68.0,75.9714151649001,7.971415164900094,validation
img05038,2660,images/img05038.jpg,68.0,66.06527354857275,1.9347264514272524,validation
img05041,2662,images/img05041.jpg,57.0,57.20674348088347,0.2067434808834676,validation
img05042,2662,images/img05042.jpg,57.0,57.66535389271718,0.665353892717178,validation
img05049,2666,images/img05049.jpg,49.0,44.21814082199636,4.781859178003643,validation
img05050,2666,images/img05050.jpg,49.0,54.539466651295584,5.539466651295584,validation
img05055,2669,images/img05055.jpg,50.0,51.18994326514945,1.189943265149452,validation
img05056,2669,images/img05056.jpg,50.0,50.41010227524748,0.4101022752474819,validation
img05082,2683,images/img05082.jpg,31.0,34.08830355451274,3.0883035545127413,validation
img05083,2683,images/img05083.jpg,31.0,38.791148794786906,7.791148794786906,validation
img05084,2684,images/img05084.jpg,71.0,67.45038969599267,3.549610304007331,validation
img05085,2684,images/img05085.jpg,71.0,62.25991290027065,8.740087099729351,validation
img05100,2692,images/img05100.jpg,13.0,38.56039089577369,25.560390895773693,validation
img05101,2692,images/img05101.jpg,13.0,31.335655171679303,18.335655171679303,validation
img05102,2693,images/img05102.jpg,58.0,55.42447206971779,2.575527930282213,validation
img05103,2693,images/img05103.jpg,58.0,54.38478210179447,3.615217898205529,validation
img05115,2700,images/img05115.jpg,55.0,61.601704692749,6.601704692749003,validation
img05126,2706,images/img05126.jpg,60.0,67.96482627465542,7.964826274655422,validation
img05127,2706,images/img05127.jpg,60.0,61.8634964569299,1.8634964569299015,validation
img05132,2709,images/img05132.jpg,54.0,53.56129624563891,0.438703754361093,validation
img05133,2709,images/img05133.jpg,54.0,51.13333458533495,2.86666541466505,validation
img05135,2711,images/img05135.jpg,21.0,48.7671614590956,27.767161459095604,validation
img05136,2711,images/img05136.jpg,21.0,60.186612572281106,39.186612572281106,validation
img05143,2715,images/img05143.jpg,36.0,43.45615094365682,7.456150943656823,validation
img05144,2715,images/img05144.jpg,36.0,54.09034127839506,18.09034127839506,validation
img05153,2720,images/img05153.jpg,23.0,32.153381786792394,9.153381786792394,validation
img05154,2720,images/img05154.jpg,23.0,36.90030295709369,13.900302957093691,validation
img05175,2731,images/img05175.jpg,34.0,35.50406421917588,1.5040642191758806,validation
img05176,2731,images/img05176.jpg,34.0,29.563535366910656,4.436464633089344,validation
img05186,2737,images/img05186.jpg,28.0,25.220968920637127,2.7790310793628734,validation
img05187,2737,images/img05187.jpg,28.0,22.329005961130623,5.670994038869374,validation
img05198,2743,images/img05198.jpg,74.0,88.37244320542881,14.372443205428809,validation
img05199,2743,images/img05199.jpg,74.0,79.01770168185448,5.017701681854476,validation
img05210,2749,images/img05210.jpg,63.0,64.05693297713348,1.056932977133485,validation
img05211,2749,images/img05211.jpg,63.0,68.44077084870646,5.440770848706464,validation
img05241,2765,images/img05241.jpg,37.0,51.117588351907635,14.117588351907637,validation
img05242,2765,images/img05242.jpg,37.0,46.1418729266772,9.141872926677202,validation
img05243,2766,images/img05243.jpg,47.0,61.5632961198354,14.5632961198354,validation
img05244,2766,images/img05244.jpg,47.0,72.82806541004587,25.828065410045863,validation
img05271,2780,images/img05271.jpg,75.0,73.20314378761825,1.7968562123817549,validation
img05272,2780,images/img05272.jpg,75.0,66.47978949000198,8.520210509998023,validation
img05273,2781,images/img05273.jpg,74.0,69.5975115356034,4.402488464396598,validation
img05274,2781,images/img05274.jpg,74.0,65.44822361551815,8.551776384481855,validation
img05295,2792,images/img05295.jpg,59.0,53.794407681965886,5.205592318034114,validation
img05296,2792,images/img05296.jpg,59.0,54.48150861372322,4.518491386276779,validation
img05299,2794,images/img05299.jpg,35.0,36.197360908801386,1.197360908801386,validation
img05300,2794,images/img05300.jpg,35.0,38.390523958438976,3.390523958438976,validation
img05304,2796,images/img05304.jpg,66.0,71.66082105407159,5.66082105407159,validation
img05305,2797,images/img05305.jpg,27.0,49.12315033695921,22.123150336959213,validation
img05306,2797,images/img05306.jpg,27.0,27.15504001221996,0.1550400122199597,validation
img05313,2801,images/img05313.jpg,64.0,56.95074735686824,7.049252643131759,validation
img05314,2801,images/img05314.jpg,64.0,58.91924281696457,5.080757183035431,validation
img05336,2813,images/img05336.jpg,69.0,69.5984352826399,0.5984352826398975,validation
img05339,2814,images/img05339.jpg,75.0,73.26674273500113,1.7332572649988691,validation
img05342,2816,images/img05342.jpg,73.0,74.00403355887131,1.0040335588713134,validation
img05343,2816,images/img05343.jpg,73.0,75.1526775539159,2.1526775539158933,validation
img05358,2824,images/img05358.jpg,24.0,24.948907423316705,0.9489074233167044,validation
img05439,2865,images/img05439.jpg,58.0,52.50471067721851,5.495289322781488,validation
img05440,2865,images/img05440.jpg,58.0,53.51794393563387,4.482056064366127,validation
img05445,2868,images/img05445.jpg,67.0,63.01306719818967,3.986932801810333,validation
img05446,2868,images/img05446.jpg,67.0,61.61013838322507,5.38986161677493,validation
img05450,2871,images/img05450.jpg,67.0,65.64277324816572,1.3572267518342755,validation
img05451,2871,images/img05451.jpg,67.0,67.04208478097766,0.0420847809776603,validation
img05457,2874,images/img05457.jpg,69.0,71.63237248093462,2.6323724809346203,validation
img05460,2876,images/img05460.jpg,69.0,61.69276739204813,7.3072326079518675,validation
img05461,2876,images/img05461.jpg,69.0,64.11605115155362,4.88394884844638,validation
img05477,2885,images/img05477.jpg,69.0,67.3876752336707,1.6123247663292943,validation
img05478,2885,images/img05478.jpg,69.0,58.15063041126192,10.849369588738078,validation
img05489,2892,images/img05489.jpg,56.0,54.98085059869219,1.019149401307807,validation
img05504,2900,images/img05504.jpg,76.0,75.65113887096047,0.348861129039534,validation
img05505,2900,images/img05505.jpg,76.0,81.05278293049311,5.052782930493109,validation
img05522,2909,images/img05522.jpg,68.0,56.954133225119705,11.045866774880295,validation
img05523,2909,images/img05523.jpg,68.0,63.036065990994445,4.9639340090055555,validation
img05546,2921,images/img05546.jpg,82.0,76.4695645673609,5.530435432639095,validation
img05547,2921,images/img05547.jpg,82.0,76.98040649403748,5.0195935059625185,validation
img05552,2924,images/img05552.jpg,38.0,52.83357389240001,14.833573892400011,validation
img05560,2928,images/img05560.jpg,57.0,58.783320584042414,1.7833205840424142,validation
img05561,2928,images/img05561.jpg,57.0,51.79706319021432,5.202936809785676,validation
img05563,2929,images/img05563.jpg,79.0,83.53075889463024,4.530758894630239,validation
img05603,2951,images/img05603.jpg,66.0,61.27445449039746,4.72554550960254,validation
img05650,2975,images/img05650.jpg,53.0,55.64097037364976,2.6409703736497576,validation
img05651,2975,images/img05651.jpg,53.0,60.4889804976106,7.488980497610598,validation
img05689,2996,images/img05689.jpg,48.0,50.243550793628174,2.243550793628174,validation
img05690,2996,images/img05690.jpg,48.0,46.96649765277712,1.0335023472228784,validation
img05697,3000,images/img05697.jpg,89.0,85.70930558324878,3.290694416751222,validation
img05698,3000,images/img05698.jpg,89.0,84.10512233534897,4.894877664651034,validation
img05706,3004,images/img05706.jpg,46.0,54.10591928516313,8.105919285163132,validation
img05707,3005,images/img05707.jpg,35.0,36.955452945454454,1.9554529454544536,validation
img05708,3005,images/img05708.jpg,35.0,36.828510253529934,1.8285102535299345,validation
img05725,3014,images/img05725.jpg,84.0,78.38804429219788,5.6119557078021245,validation
img05726,3014,images/img05726.jpg,84.0,75.11564914850487,8.884350851495128,validation
img05731,3017,images/img05731.jpg,73.0,80.30059763994353,7.300597639943533,validation
img05732,3017,images/img05732.jpg,73.0,77.38323436345947,4.383234363459465,validation
img05735,3019,images/img05735.jpg,87.0,79.54277171223606,7.4572282877639395,validation
img05736,3019,images/img05736.jpg,87.0,74.41746979597217,12.582530204027831,validation
img05743,3023,images/img05743.jpg,82.0,82.12312109646984,0.1231210964698448,validation
img05744,3023,images/img05744.jpg,82.0,80.57942964683016,1.4205703531698362,validation
img05747,3025,images/img05747.jpg,55.0,53.42739954894288,1.57260045105712,validation
img05748,3025,images/img05748.jpg,55.0,52.54870917390492,2.4512908260950823,validation
img05753,3028,images/img05753.jpg,73.0,38.95194839698416,34.048051603015836,validation
img05754,3028,images/img05754.jpg,73.0,51.773362589596104,21.226637410403896,validation
img05757,3030,images/img05757.jpg,31.0,54.5774188037431,23.5774188037431,validation
img05769,3036,images/img05769.jpg,65.0,49.863210220718024,15.136789779281976,validation
img05770,3036,images/img05770.jpg,65.0,51.83541723260629,13.16458276739371,validation
img05771,3037,images/img05771.jpg,75.0,59.40596234943808,15.594037650561924,validation
img05772,3037,images/img05772.jpg,75.0,62.99265206149996,12.00734793850004,validation
img05804,3054,images/img05804.jpg,67.0,54.18876941525143,12.811230584748571,validation
img05805,3054,images/img05805.jpg,67.0,55.607907973077246,11.392092026922754,validation
img05931,3120,images/img05931.jpg,39.0,56.35867240272246,17.358672402722462,validation
img05932,3120,images/img05932.jpg,39.0,54.8724360147562,15.872436014756197,validation
img05983,3147,images/img05983.jpg,81.0,75.7808004546937,5.219199545306296,validation
img05989,3151,images/img05989.jpg,60.0,59.570954530791234,0.4290454692087664,validation
img05990,3151,images/img05990.jpg,60.0,62.761126918047346,2.7611269180473457,validation
img06001,3157,images/img06001.jpg,62.0,55.86193649954558,6.138063500454422,validation
img06002,3157,images/img06002.jpg,62.0,60.19789657312303,1.802103426876968,validation
img06020,3168,images/img06020.jpg,68.0,81.84767216314546,13.84767216314546,validation
img06021,3168,images/img06021.jpg,68.0,77.67695974641504,9.676959746415037,validation
img06043,3180,images/img06043.jpg,54.0,51.22708891118199,2.772911088818013,validation
img06044,3180,images/img06044.jpg,54.0,62.718652549440634,8.718652549440634,validation
img06065,3191,images/img06065.jpg,51.0,48.75559117301509,2.244408826984909,validation
img06066,3191,images/img06066.jpg,51.0,31.71483424447863,19.28516575552137,validation
img06166,3243,images/img06166.jpg,51.0,55.03911209861744,4.039112098617444,validation
img06182,3252,images/img06182.jpg,66.0,73.09948562843186,7.099485628431864,validation
img06183,3252,images/img06183.jpg,66.0,71.06587016021479,5.065870160214786,validation
img06198,3260,images/img06198.jpg,50.0,51.59427944879986,1.5942794487998595,validation
img06199,3261,images/img06199.jpg,51.0,53.04174715792027,2.0417471579202697,validation
img06200,3261,images/img06200.jpg,51.0,53.76195684119351,2.761956841193509,validation
img06201,3262,images/img06201.jpg,32.0,34.255768967674655,2.255768967674655,validation
img06202,3262,images/img06202.jpg,32.0,44.80816106608693,12.808161066086932,validation
img06216,3271,images/img06216.jpg,67.0,72.14557012614583,5.145570126145827,validation
img06239,3283,images/img06239.jpg,38.0,47.94655399652454,9.946553996524544,validation
img06244,3286,images/img06244.jpg,51.0,51.43179594409452,0.4317959440945174,validation
img06245,3286,images/img06245.jpg,51.0,49.92549225600342,1.074507743996577,validation
img06282,3305,images/img06282.jpg,58.0,60.559856543105674,2.559856543105674,validation
img06283,3305,images/img06283.jpg,58.0,67.37828180601386,9.37828180601386,validation
img06299,3314,images/img06299.jpg,83.0,82.66411403916882,0.3358859608311775,validation
img06310,3320,images/img06310.jpg,44.0,49.670972136882554,5.670972136882554,validation
img06311,3320,images/img06311.jpg,44.0,52.68978563173201,8.689785631732008,validation
img06337,3334,images/img06337.jpg,53.0,57.411010316160095,4.411010316160095,validation
img06338,3334,images/img06338.jpg,53.0,51.61901831055,1.380981689449996,validation
img06392,3362,images/img06392.jpg,40.0,38.28656042833144,1.7134395716685589,validation
img06393,3362,images/img06393.jpg,40.0,34.98241434311126,5.017585656888741,validation
img06462,3398,images/img06462.jpg,67.0,76.41595233971026,9.41595233971026,validation
img06463,3398,images/img06463.jpg,67.0,72.28143837385156,5.281438373851557,validation
img06473,3404,images/img06473.jpg,42.0,42.35774482758413,0.3577448275841277,validation
img06474,3404,images/img06474.jpg,42.0,43.676868683026605,1.6768686830266049,validation
img06499,3417,images/img06499.jpg,64.0,73.81733632133917,9.81733632133917,validation
img06558,3448,images/img06558.jpg,36.0,52.46589312539264,16.46589312539264,validation
img06559,3448,images/img06559.jpg,36.0,53.10940508468106,17.109405084681057,validation
img06572,3455,images/img06572.jpg,87.0,87.3899122666096,0.3899122666095991,validation
img06573,3455,images/img06573.jpg,87.0,87.47415537887306,0.4741553788730641,validation
img06587,3464,images/img06587.jpg,55.0,56.44919661312045,1.4491966131204492,validation
img06588,3464,images/img06588.jpg,55.0,57.17685898278554,2.1768589827855394,validation
img06616,3481,images/img06616.jpg,57.0,51.82014159758068,5.17985840241932,validation
img06617,3481,images/img06617.jpg,57.0,57.47603128322092,0.4760312832209195,validation
img06639,3493,images/img06639.jpg,86.0,92.378434184846,6.378434184846014,validation
img06640,3493,images/img06640.jpg,86.0,85.66723419519695,0.3327658048030457,validation
img06656,3502,images/img06656.jpg,73.0,72.87401064635465,0.1259893536453518,validation
img06657,3502,images/img06657.jpg,73.0,68.39819559863473,4.601804401365271,validation
img06692,3521,images/img06692.jpg,75.0,82.84009057614753,7.8400905761475315,validation
img06695,3523,images/img06695.jpg,85.0,86.39696381693723,1.3969638169372305,validation
img06755,3555,images/img06755.jpg,49.0,55.868781170621205,6.8687811706212045,validation
img06756,3555,images/img06756.jpg,49.0,49.99794150704767,0.9979415070476704,validation
img06774,3565,images/img06774.jpg,58.0,64.2918199272449,6.291819927244902,validation
img06782,3569,images/img06782.jpg,25.0,33.76646005338131,8.766460053381309,validation
img06783,3569,images/img06783.jpg,25.0,23.949847192779497,1.0501528072205062,validation
img06834,3595,images/img06834.jpg,67.0,70.767367903564,3.7673679035639935,validation
img06835,3595,images/img06835.jpg,67.0,64.17280869969218,2.827191300307817,validation
img06906,3632,images/img06906.jpg,87.0,88.1723489093414,1.1723489093413946,validation
img06907,3632,images/img06907.jpg,87.0,75.47646016039667,11.52353983960333,validation
img06908,3633,images/img06908.jpg,82.0,67.97391542200154,14.02608457799846,validation
img06909,3633,images/img06909.jpg,82.0,72.84667013341729,9.153329866582707,validation
img06910,3634,images/img06910.jpg,51.0,47.838692624730534,3.161307375269466,validation
img06911,3634,images/img06911.jpg,51.0,52.90597870106912,1.905978701069124,validation
img06924,3641,images/img06924.jpg,72.0,57.10745294382744,14.89254705617256,validation
img06925,3641,images/img06925.jpg,72.0,60.41267648399198,11.58732351600802,validation
img06939,3649,images/img06939.jpg,70.0,78.68245239728431,8.682452397284308,validation
img06971,3667,images/img06971.jpg,59.0,50.09215661580252,8.907843384197477,validation
img06997,3681,images/img06997.jpg,75.0,68.04088108379017,6.959118916209832,validation
img06998,3681,images/img06998.jpg,75.0,77.55031151930734,2.5503115193073427,validation
img07005,3685,images/img07005.jpg,78.0,75.82192519288995,2.1780748071100504,validation
img07006,3685,images/img07006.jpg,78.0,75.22747379861131,2.772526201388686,validation
img07103,3737,images/img07103.jpg,80.0,80.16238894224924,0.1623889422492368,validation
img07104,3737,images/img07104.jpg,80.0,74.93243095825305,5.06756904174695,validation
img07129,3750,images/img07129.jpg,53.0,50.82903300770828,2.170966992291717,validation
img07130,3750,images/img07130.jpg,53.0,42.24931633836511,10.750683661634888,validation
img07135,3753,images/img07135.jpg,34.0,37.69877375440704,3.698773754407035,validation
img07136,3753,images/img07136.jpg,34.0,33.76292647557936,0.2370735244206372,validation
img07139,3755,images/img07139.jpg,80.0,85.8101063431015,5.810106343101495,validation
img07140,3755,images/img07140.jpg,80.0,80.55169760474746,0.55169760474746,validation
img07151,3761,images/img07151.jpg,56.0,53.18887568569102,2.8111243143089766,validation
img07152,3761,images/img07152.jpg,56.0,55.10034605727702,0.8996539427229777,validation
img07163,3768,images/img07163.jpg,37.0,37.291236629136655,0.2912366291366552,validation
img07164,3768,images/img07164.jpg,37.0,37.858740130233706,0.8587401302337057,validation
img07167,3770,images/img07167.jpg,44.0,62.57254237916142,18.57254237916142,validation
img07168,3770,images/img07168.jpg,44.0,56.7812667682793,12.781266768279302,validation
img07179,3776,images/img07179.jpg,28.0,28.47969326255623,0.4796932625562284,validation
img07180,3776,images/img07180.jpg,28.0,26.257101181002668,1.7428988189973325,validation
img07277,3827,images/img07277.jpg,16.0,12.727042683451046,3.272957316548954,validation
img07281,3829,images/img07281.jpg,22.0,21.713744629185648,0.2862553708143522,validation
img07282,3829,images/img07282.jpg,22.0,21.416764864698905,0.5832351353010949,validation
img07303,3840,images/img07303.jpg,34.0,39.43262622031312,5.432626220313118,validation
img07319,3848,images/img07319.jpg,22.0,15.43469684227302,6.56530315772698,validation
img07320,3848,images/img07320.jpg,22.0,18.61328531081821,3.386714689181794,validation
img07321,3849,images/img07321.jpg,29.0,38.60842356045066,9.60842356045066,validation
img07341,3859,images/img07341.jpg,39.0,44.22641637395969,5.226416373959687,validation
img07342,3859,images/img07342.jpg,39.0,34.93743538764585,4.0625646123541514,validation
img07373,3875,images/img07373.jpg,57.0,56.6501658514275,0.3498341485724978,validation
img07374,3875,images/img07374.jpg,57.0,58.61766040379923,1.6176604037992277,validation
img07398,3888,images/img07398.jpg,41.0,50.00548798593674,9.005487985936739,validation
img07399,3888,images/img07399.jpg,41.0,41.331297187860955,0.3312971878609545,validation
img07436,3908,images/img07436.jpg,83.0,66.33539157810209,16.66460842189791,validation
img07437,3908,images/img07437.jpg,83.0,32.21672880316533,50.78327119683467,validation
img07444,3912,images/img07444.jpg,73.0,72.68958624096425,0.3104137590357538,validation
img07493,3937,images/img07493.jpg,71.0,84.38756426276782,13.387564262767825,validation
img07498,3940,images/img07498.jpg,72.0,75.11304913323332,3.113049133233318,validation
img07499,3940,images/img07499.jpg,72.0,76.07598071196648,4.07598071196648,validation
img07502,3942,images/img07502.jpg,35.0,39.21629600671409,4.216296006714089,validation
img07503,3942,images/img07503.jpg,35.0,38.13164576002903,3.1316457600290306,validation
img07504,3943,images/img07504.jpg,69.0,57.312506927183875,11.687493072816125,validation
img07505,3943,images/img07505.jpg,69.0,80.22167670659165,11.221676706591651,validation
img07542,3963,images/img07542.jpg,54.0,78.89507562602259,24.89507562602259,validation
img07583,3985,images/img07583.jpg,80.0,77.51463110839113,2.485368891608871,validation
img07584,3985,images/img07584.jpg,80.0,56.09229278126695,23.90770721873305,validation
img07611,3999,images/img07611.jpg,47.0,56.63499777785582,9.634997777855824,validation
img07612,3999,images/img07612.jpg,47.0,55.200723660281845,8.200723660281845,validation
img07647,4017,images/img07647.jpg,59.0,56.86509449429421,2.134905505705788,validation
img07648,4017,images/img07648.jpg,59.0,66.5745608100775,7.5745608100775,validation
img07655,4021,images/img07655.jpg,84.0,71.26346913963219,12.736530860367807,validation
img07673,4030,images/img07673.jpg,78.0,85.84840421905618,7.848404219056178,validation
img07674,4030,images/img07674.jpg,78.0,64.42607516212067,13.573924837879332,validation
img07692,4040,images/img07692.jpg,57.0,57.81617290986589,0.8161729098658839,validation
img07715,4052,images/img07715.jpg,82.0,55.02471876743189,26.975281232568108,validation
img07716,4052,images/img07716.jpg,82.0,64.94548656027219,17.054513439727813,validation
img07721,4055,images/img07721.jpg,65.0,56.74694805265147,8.253051947348524,validation
img07722,4055,images/img07722.jpg,65.0,60.07207202954464,4.9279279704553645,validation
img07732,4062,images/img07732.jpg,59.0,65.5728825691966,6.572882569196594,validation
img07733,4062,images/img07733.jpg,59.0,70.76110125601771,11.76110125601771,validation
img07778,4087,images/img07778.jpg,49.0,48.964669917847104,0.0353300821528961,validation
img07779,4087,images/img07779.jpg,49.0,52.02052381482234,3.02052381482234,validation
img07823,4110,images/img07823.jpg,65.0,59.48773850090277,5.512261499097228,validation
img07824,4110,images/img07824.jpg,65.0,67.63952990089406,2.639529900894061,validation
img07828,4113,images/img07828.jpg,54.0,55.27473930056005,1.27473930056005,validation
img07829,4113,images/img07829.jpg,54.0,59.69718641736625,5.697186417366247,validation
img07832,4115,images/img07832.jpg,75.0,27.721640487878737,47.27835951212126,validation
img07833,4115,images/img07833.jpg,75.0,21.00346059146041,53.99653940853959,validation
img07861,4130,images/img07861.jpg,64.0,68.08082578149823,4.080825781498234,validation
img07878,4138,images/img07878.jpg,45.0,56.890782323447105,11.890782323447104,validation
img07893,4146,images/img07893.jpg,27.0,22.74605102815328,4.253948971846718,validation
img07904,4152,images/img07904.jpg,77.0,77.5693143154867,0.5693143154866931,validation
img07905,4152,images/img07905.jpg,77.0,78.91450157904984,1.9145015790498403,validation
img07935,4168,images/img07935.jpg,71.0,70.19707898342183,0.8029210165781677,validation
img07936,4168,images/img07936.jpg,71.0,76.61609680387758,5.616096803877582,validation
img07957,4179,images/img07957.jpg,80.0,84.54171332254647,4.541713322546471,validation
img07969,4186,images/img07969.jpg,43.0,46.66046036864681,3.6604603686468096,validation
img07970,4186,images/img07970.jpg,43.0,50.029951468552625,7.029951468552625,validation
img07981,4192,images/img07981.jpg,34.0,31.54325722998544,2.4567427700145608,validation
img07982,4192,images/img07982.jpg,34.0,41.81907270388592,7.819072703885922,validation
img08001,4203,images/img08001.jpg,83.0,75.10875867179108,7.89124132820892,validation
img08002,4203,images/img08002.jpg,83.0,60.90997820949397,22.09002179050603,validation
img08003,4204,images/img08003.jpg,63.0,61.13002222426895,1.8699777757310512,validation
img08004,4204,images/img08004.jpg,63.0,62.89259455265714,0.1074054473428631,validation
img08049,4227,images/img08049.jpg,61.0,56.981000753945025,4.018999246054975,validation
img08050,4227,images/img08050.jpg,61.0,54.49443616448723,6.505563835512767,validation
img08057,4231,images/img08057.jpg,66.0,70.1437077806768,4.143707780676806,validation
img08058,4231,images/img08058.jpg,66.0,68.30962385356388,2.3096238535638776,validation
img08106,4256,images/img08106.jpg,54.0,41.5551657007708,12.4448342992292,validation
img08107,4256,images/img08107.jpg,54.0,39.65541284767373,14.34458715232627,validation
img08117,4262,images/img08117.jpg,71.0,78.35601306378948,7.356013063789476,validation
img08118,4262,images/img08118.jpg,71.0,77.82732875043394,6.827328750433935,validation
img08125,4266,images/img08125.jpg,77.0,61.322485519158775,15.677514480841223,validation
img08126,4266,images/img08126.jpg,77.0,67.74867055872562,9.25132944127438,validation
img08135,4271,images/img08135.jpg,27.0,39.633828576600166,12.633828576600166,validation
img08136,4271,images/img08136.jpg,27.0,37.90624057701951,10.90624057701951,validation
img08141,4274,images/img08141.jpg,68.0,74.21130843404764,6.211308434047638,validation
img08142,4274,images/img08142.jpg,68.0,70.7784506867811,2.778450686781099,validation
img08161,4284,images/img08161.jpg,70.0,72.2552048305034,2.255204830503402,validation
img08162,4284,images/img08162.jpg,70.0,80.38131808050937,10.381318080509374,validation
img08169,4288,images/img08169.jpg,61.0,62.41453910211361,1.4145391021136078,validation
img08170,4288,images/img08170.jpg,61.0,56.4715360637555,4.528463936244499,validation
img08209,4309,images/img08209.jpg,72.0,79.37009318120583,7.370093181205832,validation
img08210,4309,images/img08210.jpg,72.0,79.1237090159129,7.123709015912894,validation
img08244,4327,images/img08244.jpg,34.0,66.93166047466681,32.93166047466681,validation
img08261,4336,images/img08261.jpg,64.0,63.75904800598761,0.2409519940123914,validation
img08315,4365,images/img08315.jpg,32.0,51.10309850169878,19.10309850169878,validation
img08316,4365,images/img08316.jpg,32.0,37.39493186907775,5.394931869077752,validation
img08317,4366,images/img08317.jpg,55.0,54.18518703263262,0.8148129673673807,validation
img08318,4366,images/img08318.jpg,55.0,48.79206282180022,6.207937178199778,validation
img08323,4369,images/img08323.jpg,35.0,42.07369861221877,7.07369861221877,validation
img08377,4399,images/img08377.jpg,38.0,43.49243337153188,5.492433371531881,validation
img08378,4399,images/img08378.jpg,38.0,36.7276418758304,1.2723581241695996,validation
img08381,4401,images/img08381.jpg,46.0,64.97021506122321,18.970215061223215,validation
img08382,4401,images/img08382.jpg,46.0,54.06636693455823,8.066366934558232,validation
img08399,4410,images/img08399.jpg,51.0,51.04848345775526,0.0484834577552604,validation
img08422,4422,images/img08422.jpg,33.0,41.7526610721971,8.7526610721971,validation
img08432,4429,images/img08432.jpg,54.0,52.796652366811394,1.2033476331886064,validation
img08433,4429,images/img08433.jpg,54.0,50.64129151068683,3.358708489313173,validation
img08442,4434,images/img08442.jpg,62.0,64.65297339081256,2.652973390812562,validation
img08456,4442,images/img08456.jpg,72.0,41.92402214582462,30.075977854175378,validation
img08457,4442,images/img08457.jpg,72.0,56.50928025042613,15.49071974957387,validation
img08493,4463,images/img08493.jpg,33.0,42.161089226191,9.161089226191002,validation
img08494,4463,images/img08494.jpg,33.0,54.304272421694755,21.304272421694755,validation
img08524,4479,images/img08524.jpg,78.0,74.9710080304785,3.028991969521499,validation
img08525,4479,images/img08525.jpg,78.0,80.9828464458858,2.982846445885798,validation
img08532,4483,images/img08532.jpg,54.0,56.72591201780981,2.7259120178098044,validation
img08533,4483,images/img08533.jpg,54.0,65.29707264381898,11.29707264381898,validation
img08538,4486,images/img08538.jpg,16.0,15.490527371543784,0.5094726284562157,validation
img08581,4508,images/img08581.jpg,75.0,71.19274523429249,3.807254765707512,validation
img08582,4508,images/img08582.jpg,75.0,59.87876023973817,15.12123976026183,validation
img08653,4548,images/img08653.jpg,70.0,85.95903137890751,15.959031378907513,validation
img08654,4548,images/img08654.jpg,70.0,81.89025177565892,11.890251775658925,validation
img08655,4549,images/img08655.jpg,64.0,70.4033417721166,6.403341772116605,validation
img08656,4549,images/img08656.jpg,64.0,60.76005499248942,3.2399450075105776,validation
img08724,4584,images/img08724.jpg,55.0,51.23845961555332,3.7615403844466826,validation
img08725,4584,images/img08725.jpg,55.0,77.12270934329615,22.12270934329615,validation
img08728,4586,images/img08728.jpg,64.0,55.239549391685955,8.760450608314045,validation
img08729,4586,images/img08729.jpg,64.0,57.98541969884331,6.014580301156691,validation
img08741,4593,images/img08741.jpg,36.0,40.55919516958943,4.5591951695894295,validation
img08742,4593,images/img08742.jpg,36.0,44.19167825045733,8.19167825045733,validation
img08778,4612,images/img08778.jpg,78.0,78.30412181940162,0.3041218194016153,validation
img08779,4612,images/img08779.jpg,78.0,75.36665095836986,2.63334904163014,validation
img08857,4653,images/img08857.jpg,76.0,79.06755130351232,3.0675513035123174,validation
img08858,4653,images/img08858.jpg,76.0,79.36124833059664,3.361248330596638,validation
img08870,4660,images/img08870.jpg,63.0,54.221771014292315,8.778228985707685,validation
img08871,4660,images/img08871.jpg,63.0,63.683609937052545,0.6836099370525446,validation
img08886,4668,images/img08886.jpg,81.0,78.8345816465416,2.1654183534584064,validation
img08887,4668,images/img08887.jpg,81.0,73.51958549527652,7.480414504723484,validation
img08890,4670,images/img08890.jpg,33.0,40.00965838476067,7.0096583847606695,validation
img08891,4670,images/img08891.jpg,33.0,41.4091994910687,8.409199491068698,validation
img08903,4676,images/img08903.jpg,64.0,62.29286187735816,1.7071381226418367,validation
img08926,4689,images/img08926.jpg,79.0,78.89815332866367,0.1018466713363324,validation
img08934,4693,images/img08934.jpg,81.0,73.44245643486556,7.557543565134438,validation
img08935,4693,images/img08935.jpg,81.0,86.95171153841343,5.951711538413434,validation
img08954,4704,images/img08954.jpg,82.0,75.82281513100303,6.177184868996974,validation
img08955,4704,images/img08955.jpg,82.0,74.79611446965947,7.2038855303405285,validation
img08971,4713,images/img08971.jpg,63.0,59.24772759032592,3.7522724096740774,validation
img08972,4713,images/img08972.jpg,63.0,67.79624516702086,4.796245167020857,validation
img08979,4717,images/img08979.jpg,68.0,80.35733773831518,12.35733773831518,validation
img08980,4717,images/img08980.jpg,68.0,65.45081436060102,2.549185639398985,validation
img08993,4724,images/img08993.jpg,48.0,52.91950417900286,4.919504179002857,validation
img08994,4724,images/img08994.jpg,48.0,54.95220626098255,6.95220626098255,validation
img09017,4737,images/img09017.jpg,56.0,64.01651768102371,8.016517681023714,validation
img09018,4737,images/img09018.jpg,56.0,58.96394666594833,2.9639466659483276,validation
img09019,4738,images/img09019.jpg,62.0,54.41742379939257,7.582576200607427,validation
img09020,4738,images/img09020.jpg,62.0,53.62120047752841,8.378799522471589,validation
img09021,4739,images/img09021.jpg,60.0,59.38140943676671,0.6185905632332904,validation
img09022,4739,images/img09022.jpg,60.0,64.1466542256004,4.1466542256004,validation
img09066,4762,images/img09066.jpg,66.0,63.31845447850209,2.6815455214979096,validation
img09067,4762,images/img09067.jpg,66.0,63.1097094604625,2.890290539537503,validation
img09102,4782,images/img09102.jpg,70.0,75.72404726899687,5.72404726899687,validation
img09103,4782,images/img09103.jpg,70.0,75.79303492252772,5.793034922527724,validation
img09112,4787,images/img09112.jpg,58.0,47.65855868078238,10.341441319217624,validation
img09161,4812,images/img09161.jpg,52.0,54.212228990964014,2.2122289909640145,validation
img09162,4812,images/img09162.jpg,52.0,57.90334144828876,5.9033414482887565,validation
img09163,4813,images/img09163.jpg,78.0,67.93136634658019,10.068633653419807,validation
img09164,4813,images/img09164.jpg,78.0,81.07628776653866,3.076287766538655,validation
img09168,4815,images/img09168.jpg,40.0,55.21155342187855,15.211553421878548,validation
img09190,4827,images/img09190.jpg,69.0,77.29203533785625,8.292035337856248,validation
img09191,4827,images/img09191.jpg,69.0,69.37742416906373,0.3774241690637296,validation
img09211,4838,images/img09211.jpg,77.0,73.10349034994074,3.896509650059258,validation
img09212,4838,images/img09212.jpg,77.0,76.37676016320076,0.6232398367992431,validation
img09218,4842,images/img09218.jpg,49.0,55.24346113865544,6.243461138655441,validation
img09219,4842,images/img09219.jpg,49.0,56.259906244795104,7.259906244795104,validation
img09222,4844,images/img09222.jpg,58.0,53.76138972376851,4.238610276231491,validation
img09223,4844,images/img09223.jpg,58.0,58.37111844080931,0.3711184408093118,validation
img09246,4856,images/img09246.jpg,58.0,57.5884842612629,0.4115157387371013,validation
img09247,4856,images/img09247.jpg,58.0,65.59962433700639,7.599624337006389,validation
img09268,4867,images/img09268.jpg,31.0,61.78394569605313,30.78394569605313,validation
img09269,4867,images/img09269.jpg,31.0,46.48598342101306,15.48598342101306,validation
img09322,4895,images/img09322.jpg,68.0,79.60499976230503,11.604999762305027,validation
img09323,4895,images/img09323.jpg,68.0,80.33917689338986,12.339176893389862,validation
img09459,4966,images/img09459.jpg,64.0,71.381883257973,7.381883257973001,validation
img09460,4966,images/img09460.jpg,64.0,66.84606173363551,2.8460617336355085,validation
img09481,4978,images/img09481.jpg,54.0,46.22922755050516,7.770772449494842,validation
img09497,4986,images/img09497.jpg,60.0,64.48512026564183,4.485120265641825,validation
img09498,4986,images/img09498.jpg,60.0,69.90613792890095,9.906137928900948,validation
img09511,4993,images/img09511.jpg,54.0,47.036870381557506,6.963129618442494,validation
img09512,4993,images/img09512.jpg,54.0,50.12397081273481,3.876029187265189,validation
img09545,5011,images/img09545.jpg,64.0,68.67637105804086,4.676371058040857,validation
img09575,5027,images/img09575.jpg,62.0,58.25114529485496,3.7488547051450425,validation
img09576,5027,images/img09576.jpg,62.0,58.17122345377846,3.828776546221541,validation
img09596,5038,images/img09596.jpg,68.0,72.47727492680973,4.477274926809727,validation
img09597,5038,images/img09597.jpg,68.0,71.55848907717137,3.558489077171373,validation
img09607,5044,images/img09607.jpg,62.0,59.47983566505482,2.5201643349451786,validation
img09608,5044,images/img09608.jpg,62.0,62.84639138698103,0.8463913869810327,validation
img09626,5054,images/img09626.jpg,78.0,85.95437447235989,7.954374472359888,validation
img09636,5059,images/img09636.jpg,69.0,64.29115083774444,4.708849162255561,validation
img09637,5059,images/img09637.jpg,69.0,69.22509206626596,0.2250920662659581,validation
img09701,5093,images/img09701.jpg,46.0,55.46142808586134,9.461428085861344,validation
img09702,5093,images/img09702.jpg,46.0,54.66375479742691,8.663754797426911,validation
img09716,5101,images/img09716.jpg,73.0,76.8521114451764,3.852111445176405,validation
img09717,5101,images/img09717.jpg,73.0,76.499931524249,3.499931524249007,validation
img09720,5103,images/img09720.jpg,68.0,73.65891534049564,5.658915340495639,validation
img09721,5103,images/img09721.jpg,68.0,67.83384941474034,0.1661505852596576,validation
img09722,5104,images/img09722.jpg,55.0,61.03862934266132,6.0386293426613165,validation
img09723,5104,images/img09723.jpg,55.0,56.68999617136644,1.6899961713664382,validation
img09730,5108,images/img09730.jpg,65.0,66.24009185727192,1.2400918572719206,validation
img09731,5108,images/img09731.jpg,65.0,64.24423223162448,0.7557677683755202,validation
img09767,5129,images/img09767.jpg,71.0,70.21902424654861,0.7809757534513864,validation
img09771,5131,images/img09771.jpg,32.0,46.98570330249696,14.985703302496958,validation
img09772,5131,images/img09772.jpg,32.0,53.65530904615849,21.655309046158493,validation
img09789,5140,images/img09789.jpg,80.0,70.04618430517436,9.953815694825636,validation
img09790,5140,images/img09790.jpg,80.0,81.78136304883732,1.7813630488373209,validation
img09820,5157,images/img09820.jpg,39.0,31.60479383304009,7.395206166959909,validation
img09821,5157,images/img09821.jpg,39.0,35.19909246143831,3.800907538561688,validation
img09863,5179,images/img09863.jpg,77.0,60.73952316048342,16.260476839516578,validation
img09864,5179,images/img09864.jpg,77.0,66.19040800839986,10.809591991600144,validation
img09902,5199,images/img09902.jpg,54.0,48.94891059709459,5.051089402905411,validation
img09903,5199,images/img09903.jpg,54.0,54.9723059386046,0.9723059386045988,validation
img09967,5232,images/img09967.jpg,27.0,30.30512428649611,3.3051242864961097,validation
img09968,5232,images/img09968.jpg,27.0,28.10171604245374,1.1017160424537416,validation
img09992,5245,images/img09992.jpg,55.0,74.25281052345359,19.25281052345359,validation
img09993,5245,images/img09993.jpg,55.0,60.76898436540716,5.768984365407157,validation
img09997,5248,images/img09997.jpg,48.0,49.12251505638217,1.12251505638217,validation
img10029,5264,images/img10029.jpg,80.0,80.93132164660334,0.9313216466033368,validation
img10030,5265,images/img10030.jpg,84.0,73.3615156909923,10.638484309007694,validation
img10041,5271,images/img10041.jpg,45.0,49.714630908419174,4.714630908419174,validation
img10073,5289,images/img10073.jpg,65.0,73.12563955721843,8.125639557218435,validation
img10074,5289,images/img10074.jpg,65.0,51.72117906161229,13.27882093838771,validation
img10088,5297,images/img10088.jpg,14.0,16.75153914069029,2.7515391406902907,validation
img10089,5297,images/img10089.jpg,14.0,14.570287738198644,0.570287738198644,validation
img10124,5315,images/img10124.jpg,59.0,73.6746932016255,14.674693201625502,validation
img10125,5315,images/img10125.jpg,59.0,38.638611657227784,20.361388342772216,validation
img10136,5321,images/img10136.jpg,57.0,50.2338361811989,6.766163818801097,validation
img10137,5321,images/img10137.jpg,57.0,54.326714457873635,2.673285542126365,validation
img10188,5347,images/img10188.jpg,72.0,81.71246482536193,9.712464825361934,validation
img10189,5347,images/img10189.jpg,72.0,90.03328148408652,18.033281484086515,validation
img10196,5351,images/img10196.jpg,66.0,53.61035926452216,12.38964073547784,validation
img10197,5351,images/img10197.jpg,66.0,69.89800960934603,3.8980096093460337,validation
img10200,5354,images/img10200.jpg,78.0,77.39302368270337,0.6069763172966276,validation
img10201,5354,images/img10201.jpg,78.0,81.11662072156075,3.11662072156075,validation
img10208,5358,images/img10208.jpg,71.0,67.56078455582184,3.43921544417816,validation
img10209,5358,images/img10209.jpg,71.0,75.130248059757,4.130248059756994,validation
img10214,5361,images/img10214.jpg,44.0,42.78920122086448,1.2107987791355228,validation
img10215,5361,images/img10215.jpg,44.0,54.83324547416235,10.833245474162348,validation
img10234,5371,images/img10234.jpg,60.0,64.16490995363336,4.164909953633355,validation
img10235,5371,images/img10235.jpg,60.0,62.695031018078794,2.6950310180787937,validation
img10244,5376,images/img10244.jpg,60.0,57.488362610894,2.5116373891059993,validation
img10245,5376,images/img10245.jpg,60.0,59.239184293501374,0.7608157064986258,validation
img10274,5391,images/img10274.jpg,57.0,44.318642754590506,12.681357245409494,validation
img10275,5391,images/img10275.jpg,57.0,54.578973196262304,2.4210268037376963,validation
img10293,5401,images/img10293.jpg,86.0,88.0580245801232,2.0580245801232024,validation
img10351,5431,images/img10351.jpg,59.0,64.03148958104381,5.0314895810438145,validation
img10352,5431,images/img10352.jpg,59.0,60.37015740035753,1.3701574003575274,validation
img10362,5437,images/img10362.jpg,59.0,67.03946513471833,8.039465134718327,validation
img10363,5437,images/img10363.jpg,59.0,62.29486314750216,3.294863147502163,validation
img10423,5470,images/img10423.jpg,58.0,60.8103092306178,2.810309230617797,validation
img10424,5470,images/img10424.jpg,58.0,65.27838939649641,7.278389396496408,validation
img10440,5479,images/img10440.jpg,68.0,64.56385579522015,3.4361442047798505,validation
img10441,5479,images/img10441.jpg,68.0,59.911309780754706,8.088690219245294,validation
img10442,5480,images/img10442.jpg,59.0,61.6636764493663,2.663676449366299,validation
img10443,5480,images/img10443.jpg,59.0,63.523781523445614,4.523781523445614,validation
img10488,5505,images/img10488.jpg,69.0,62.45937027986538,6.540629720134618,validation
img10489,5505,images/img10489.jpg,69.0,67.48468394104891,1.515316058951086,validation
img10496,5509,images/img10496.jpg,77.0,77.18058585773866,0.1805858577386629,validation
img10497,5509,images/img10497.jpg,77.0,71.03249093731158,5.967509062688421,validation
img10522,5522,images/img10522.jpg,17.0,35.071218388204265,18.071218388204265,validation
img10523,5522,images/img10523.jpg,17.0,23.112832041553673,6.112832041553673,validation
img10543,5533,images/img10543.jpg,50.0,51.62624196875099,1.626241968750989,validation
img10544,5533,images/img10544.jpg,50.0,56.91967218483041,6.919672184830411,validation
img10604,5564,images/img10604.jpg,72.0,63.48577320456081,8.514226795439193,validation
img10605,5564,images/img10605.jpg,72.0,62.56049386040617,9.439506139593831,validation
img10615,5570,images/img10615.jpg,74.0,83.25569385617817,9.25569385617817,validation
img10616,5570,images/img10616.jpg,74.0,77.96971012364376,3.9697101236437646,validation
img10623,5574,images/img10623.jpg,35.0,28.2841315434271,6.715868456572899,validation
img10624,5574,images/img10624.jpg,35.0,31.78487542768747,3.2151245723125257,validation
img10645,5586,images/img10645.jpg,21.0,37.098069890517735,16.098069890517735,validation
img10646,5586,images/img10646.jpg,21.0,24.3111424357034,3.3111424357034025,validation
img10672,5600,images/img10672.jpg,48.0,44.30732003707822,3.69267996292178,validation
img10673,5600,images/img10673.jpg,48.0,52.70424821668004,4.704248216680043,validation
img10694,5612,images/img10694.jpg,54.0,49.57209466852791,4.42790533147209,validation
img10695,5612,images/img10695.jpg,54.0,57.333720799689225,3.3337207996892246,validation
img10709,5620,images/img10709.jpg,49.0,53.93636317180173,4.93636317180173,validation
img10710,5620,images/img10710.jpg,49.0,50.69195745425355,1.6919574542535472,validation
img10731,5632,images/img10731.jpg,62.0,51.002018545575304,10.997981454424696,validation
img10732,5632,images/img10732.jpg,62.0,61.40286132682788,0.5971386731721182,validation
img10765,5649,images/img10765.jpg,66.0,57.20748032455706,8.79251967544294,validation
img10801,5667,images/img10801.jpg,57.0,57.4317455470118,0.4317455470118005,validation
img10802,5667,images/img10802.jpg,57.0,58.49321991302307,1.4932199130230757,validation
img10810,5672,images/img10810.jpg,58.0,50.05901460066843,7.940985399331573,validation
img10811,5672,images/img10811.jpg,58.0,50.32295541270696,7.67704458729304,validation
img10839,5687,images/img10839.jpg,54.0,53.0532879975191,0.9467120024809006,validation
img10840,5687,images/img10840.jpg,54.0,47.89151634103835,6.108483658961653,validation
img10841,5688,images/img10841.jpg,55.0,46.82018462895742,8.17981537104258,validation
img10842,5688,images/img10842.jpg,55.0,39.39052538577961,15.609474614220389,validation
img10868,5703,images/img10868.jpg,82.0,82.89048332180086,0.8904833218008577,validation
img10875,5707,images/img10875.jpg,75.0,61.86943155890465,13.130568441095347,validation
img10886,5713,images/img10886.jpg,77.0,82.88987039873768,5.889870398737685,validation
img10887,5713,images/img10887.jpg,77.0,74.78871904031533,2.2112809596846716,validation
img10909,5725,images/img10909.jpg,53.0,51.867296320859325,1.1327036791406755,validation
img10910,5725,images/img10910.jpg,53.0,60.60041416387691,7.600414163876913,validation
img10926,5735,images/img10926.jpg,71.0,71.66444733376032,0.6644473337603216,validation
img10927,5735,images/img10927.jpg,71.0,68.2096748604591,2.7903251395408972,validation
img10945,5745,images/img10945.jpg,66.0,60.5373779714773,5.462622028522702,validation
img10946,5745,images/img10946.jpg,66.0,71.64140927897998,5.641409278979978,validation
img10955,5750,images/img10955.jpg,53.0,50.78615020549453,2.213849794505471,validation
img10956,5750,images/img10956.jpg,53.0,54.480419639206175,1.4804196392061757,validation
img10965,5755,images/img10965.jpg,68.0,65.99972568034663,2.000274319653371,validation
img10987,5767,images/img10987.jpg,19.0,17.98102354344831,1.018976456551691,validation
img10988,5767,images/img10988.jpg,19.0,19.997649482344784,0.9976494823447836,validation
img11032,5792,images/img11032.jpg,66.0,71.90161038784478,5.901610387844784,validation
img11033,5792,images/img11033.jpg,66.0,70.98257260719647,4.982572607196474,validation
img11042,5797,images/img11042.jpg,57.0,61.49830773476125,4.498307734761248,validation
img11043,5797,images/img11043.jpg,57.0,55.548401813995675,1.4515981860043254,validation
img11050,5802,images/img11050.jpg,52.0,58.12490700094366,6.124907000943658,validation
img11051,5802,images/img11051.jpg,52.0,52.87471471710014,0.8747147171001401,validation
img11058,5807,images/img11058.jpg,84.0,74.70804440538767,9.291955594612332,validation
img11082,5821,images/img11082.jpg,65.0,62.51417618063462,2.485823819365379,validation
img11089,5825,images/img11089.jpg,70.0,70.09587469770902,0.0958746977090214,validation
img11090,5825,images/img11090.jpg,70.0,73.48226153443824,3.482261534438237,validation
img11134,5849,images/img11134.jpg,74.0,76.73376058224069,2.7337605822406914,validation
img11135,5849,images/img11135.jpg,74.0,77.46905231718775,3.469052317187746,validation
img11138,5852,images/img11138.jpg,74.0,74.71109593337836,0.7110959333783597,validation
img11150,5859,images/img11150.jpg,57.0,53.65011010622581,3.34988989377419,validation
img11151,5859,images/img11151.jpg,57.0,55.11684590251334,1.88315409748666,validation
img11177,5874,images/img11177.jpg,69.0,79.00159772820524,10.00159772820524,validation
img11187,5880,images/img11187.jpg,80.0,74.23470420904991,5.765295790950091,validation
img11188,5880,images/img11188.jpg,80.0,82.10442367121163,2.1044236712116344,validation
img11205,5888,images/img11205.jpg,63.0,52.80117076583407,10.198829234165927,validation
img11206,5888,images/img11206.jpg,63.0,54.67879077080993,8.321209229190067,validation
img11208,5890,images/img11208.jpg,68.0,67.23459933455783,0.7654006654421721,validation
img11209,5890,images/img11209.jpg,68.0,70.16273566089612,2.162735660896118,validation
img11214,5893,images/img11214.jpg,53.0,45.04943244967137,7.950567550328628,validation
img11215,5893,images/img11215.jpg,53.0,49.67643609515038,3.323563904849621,validation
img11249,5913,images/img11249.jpg,66.0,68.37227396987032,2.372273969870321,validation
img11250,5913,images/img11250.jpg,66.0,58.93191707345558,7.06808292654442,validation
img11275,5926,images/img11275.jpg,59.0,55.64105271473743,3.3589472852625732,validation
img11276,5926,images/img11276.jpg,59.0,57.93680437554268,1.0631956244573215,validation
img11285,5932,images/img11285.jpg,60.0,45.72639179501503,14.273608204984969,validation
img11286,5932,images/img11286.jpg,60.0,57.580379662484894,2.4196203375151057,validation
img11301,5941,images/img11301.jpg,65.0,65.57982757643202,0.5798275764320238,validation
img11302,5941,images/img11302.jpg,65.0,78.71520342857828,13.715203428578278,validation
img11318,5951,images/img11318.jpg,82.0,82.52933640189579,0.5293364018957902,validation
img11319,5951,images/img11319.jpg,82.0,81.17889021482618,0.8211097851738174,validation
img11320,5952,images/img11320.jpg,56.0,52.87208989044124,3.127910109558762,validation
img11321,5952,images/img11321.jpg,56.0,54.06973201304833,1.9302679869516697,validation
img11324,5954,images/img11324.jpg,47.0,46.25090452346549,0.7490954765345066,validation
img11325,5954,images/img11325.jpg,47.0,50.589516961615274,3.5895169616152742,validation
img11351,5968,images/img11351.jpg,49.0,43.00387806904753,5.996121930952469,validation
img11363,5975,images/img11363.jpg,70.0,76.00670295606054,6.006702956060536,validation
img11364,5975,images/img11364.jpg,70.0,63.04080142149323,6.959198578506772,validation
img11390,5989,images/img11390.jpg,62.0,60.23901504030929,1.7609849596907097,validation
img11391,5989,images/img11391.jpg,62.0,62.07159610624595,0.0715961062459484,validation
img11396,5992,images/img11396.jpg,66.0,72.05772799945446,6.057727999454457,validation
img11409,6001,images/img11409.jpg,61.0,70.08640601793232,9.08640601793232,validation
img11410,6001,images/img11410.jpg,61.0,67.96066232402337,6.9606623240233745,validation
img11417,6005,images/img11417.jpg,77.0,69.1398652233922,7.860134776607794,validation
img11418,6005,images/img11418.jpg,77.0,67.4284618826328,9.571538117367195,validation
img11426,6010,images/img11426.jpg,67.0,66.67870538151686,0.3212946184831367,validation
img11427,6010,images/img11427.jpg,67.0,49.867856766466545,17.132143233533455,validation
img11428,6011,images/img11428.jpg,70.0,71.06590178791734,1.0659017879173405,validation
img11429,6011,images/img11429.jpg,70.0,57.586649172883575,12.413350827116425,validation
img11457,6026,images/img11457.jpg,70.0,71.5663578314433,1.5663578314432982,validation
img11458,6026,images/img11458.jpg,70.0,71.41412279297404,1.414122792974041,validation
img11459,6027,images/img11459.jpg,74.0,59.79581686245788,14.204183137542117,validation
img11460,6027,images/img11460.jpg,74.0,69.35615944684695,4.643840553153055,validation
img11466,6030,images/img11466.jpg,68.0,63.09511818348341,4.904881816516593,validation
img11475,6036,images/img11475.jpg,59.0,63.43367365358031,4.433673653580307,validation
img11476,6036,images/img11476.jpg,59.0,79.90862570676865,20.90862570676865,validation
img11509,6056,images/img11509.jpg,25.0,38.53739864663152,13.537398646631516,validation
img11510,6056,images/img11510.jpg,25.0,43.937888840326366,18.93788884032637,validation
img11556,6080,images/img11556.jpg,83.0,85.46936038195051,2.469360381950509,validation
img11557,6080,images/img11557.jpg,83.0,79.98216774946646,3.0178322505335444,validation
img11634,6121,images/img11634.jpg,49.0,57.47215007334355,8.472150073343549,validation
img11649,6131,images/img11649.jpg,60.0,62.887625186220546,2.8876251862205464,validation
img11650,6131,images/img11650.jpg,60.0,67.99558148885755,7.995581488857553,validation
img11666,6141,images/img11666.jpg,72.0,63.8396735634458,8.1603264365542,validation
img11667,6141,images/img11667.jpg,72.0,63.67545271632117,8.324547283678832,validation
img11682,6150,images/img11682.jpg,61.0,58.81312233207376,2.1868776679262396,validation
img11683,6150,images/img11683.jpg,61.0,56.824361285243306,4.175638714756694,validation
img11707,6163,images/img11707.jpg,67.0,67.59930055386306,0.5993005538630598,validation
img11708,6163,images/img11708.jpg,67.0,71.15261295159,4.152612951590001,validation
img11740,6180,images/img11740.jpg,14.0,33.603828225657125,19.603828225657125,validation
img11741,6180,images/img11741.jpg,14.0,16.871510650728993,2.871510650728993,validation
img11788,6205,images/img11788.jpg,32.0,44.01558828999363,12.01558828999363,validation
img11789,6205,images/img11789.jpg,32.0,30.589821596289788,1.410178403710212,validation
img11821,6222,images/img11821.jpg,72.0,67.33754205330035,4.6624579466996465,validation
img11822,6222,images/img11822.jpg,72.0,79.01199124562886,7.011991245628863,validation
img11827,6225,images/img11827.jpg,88.0,81.1815491230611,6.818450876938897,validation
img11828,6225,images/img11828.jpg,88.0,88.97641453817448,0.9764145381744812,validation
img11847,6235,images/img11847.jpg,39.0,46.40174903363307,7.401749033633067,validation
img11848,6235,images/img11848.jpg,39.0,49.401511200138906,10.401511200138906,validation
img11877,6251,images/img11877.jpg,72.0,73.63686646937775,1.6368664693777504,validation
img11878,6251,images/img11878.jpg,72.0,80.0636188990222,8.063618899022202,validation
img11901,6263,images/img11901.jpg,63.0,62.72327237523355,0.2767276247664441,validation
img11902,6263,images/img11902.jpg,63.0,64.99925529051993,1.999255290519926,validation
img11982,6305,images/img11982.jpg,83.0,85.51667542496276,2.516675424962756,validation
img11983,6305,images/img11983.jpg,83.0,79.22767908968304,3.772320910316964,validation
img11986,6307,images/img11986.jpg,83.0,70.85063601010063,12.14936398989937,validation
img11987,6307,images/img11987.jpg,83.0,74.91194493188522,8.088055068114784,validation
img12008,6318,images/img12008.jpg,36.0,47.30670812420564,11.306708124205642,validation
img12009,6318,images/img12009.jpg,36.0,44.25877587610832,8.258775876108317,validation
img12023,6327,images/img12023.jpg,24.0,30.56391305485057,6.56391305485057,validation
img12024,6327,images/img12024.jpg,24.0,28.9615489451525,4.961548945152501,validation
img12029,6330,images/img12029.jpg,11.0,21.837494013763227,10.837494013763228,validation
img12030,6330,images/img12030.jpg,11.0,22.06850057195509,11.068500571955092,validation
img12061,6346,images/img12061.jpg,75.0,73.12022903886181,1.879770961138192,validation
img12062,6346,images/img12062.jpg,75.0,72.35136722418584,2.648632775814164,validation
img12063,6347,images/img12063.jpg,40.0,44.05182818406181,4.0518281840618116,validation
img12064,6347,images/img12064.jpg,40.0,45.69704346827108,5.697043468271083,validation
img12078,6355,images/img12078.jpg,77.0,85.88579688835172,8.88579688835172,validation
img12079,6355,images/img12079.jpg,77.0,78.81923239531179,1.8192323953117864,validation
img12080,6356,images/img12080.jpg,32.0,30.21417610129241,1.7858238987075907,validation
img12081,6356,images/img12081.jpg,32.0,33.84283332076241,1.8428333207624092,validation
img12094,6363,images/img12094.jpg,25.0,44.13196078560443,19.131960785604427,validation
img12095,6363,images/img12095.jpg,25.0,38.59264460871036,13.59264460871036,validation
img12104,6368,images/img12104.jpg,25.0,37.700675779001664,12.700675779001664,validation
img12105,6368,images/img12105.jpg,25.0,30.718670675250667,5.718670675250667,validation
img12116,6374,images/img12116.jpg,89.0,82.96401445839435,6.035985541605655,validation
img12118,6375,images/img12118.jpg,58.0,58.28913043826807,0.2891304382680673,validation
img12119,6375,images/img12119.jpg,58.0,58.732262293372536,0.7322622933725356,validation
img12166,6403,images/img12166.jpg,58.0,50.46701905250922,7.532980947490778,validation
img12167,6403,images/img12167.jpg,58.0,61.86631841142451,3.866318411424509,validation
img12176,6408,images/img12176.jpg,76.0,68.15256395454035,7.847436045459645,validation
img12177,6408,images/img12177.jpg,76.0,74.78005741225883,1.2199425877411727,validation
img12208,6426,images/img12208.jpg,71.0,75.56267945876418,4.56267945876418,validation
img12209,6426,images/img12209.jpg,71.0,76.76455723963927,5.764557239639274,validation
img12286,6466,images/img12286.jpg,63.0,58.55626701152702,4.443732988472981,validation
img12287,6466,images/img12287.jpg,63.0,69.2992055888305,6.299205588830503,validation
img12294,6470,images/img12294.jpg,37.0,57.9292009122585,20.9292009122585,validation
img12295,6470,images/img12295.jpg,37.0,63.35373572599993,26.353735725999933,validation
img12304,6475,images/img12304.jpg,37.0,48.54575336332193,11.545753363321928,validation
img12335,6493,images/img12335.jpg,71.0,72.13864147806689,1.1386414780668872,validation
img12340,6496,images/img12340.jpg,82.0,82.52140548282921,0.5214054828292092,validation
img12341,6496,images/img12341.jpg,82.0,84.65945344363988,2.659453443639876,validation
img12348,6500,images/img12348.jpg,85.0,82.58902332965658,2.410976670343416,validation
img12349,6500,images/img12349.jpg,85.0,83.78287967079918,1.2171203292008244,validation
img12404,6530,images/img12404.jpg,62.0,73.07780865547153,11.077808655471529,validation
img12405,6530,images/img12405.jpg,62.0,55.17197653253892,6.82802346746108,validation
img12422,6539,images/img12422.jpg,43.0,47.21413383884679,4.2141338388467915,validation
img12423,6539,images/img12423.jpg,43.0,53.112986921994654,10.112986921994654,validation
img12470,6563,images/img12470.jpg,88.0,81.82611515733272,6.173884842667277,validation
img12471,6563,images/img12471.jpg,88.0,72.54267665323786,15.457323346762138,validation
img12548,6603,images/img12548.jpg,8.0,12.848584672512835,4.848584672512835,validation
img12549,6603,images/img12549.jpg,8.0,12.753086460583916,4.753086460583916,validation
img12552,6605,images/img12552.jpg,48.0,46.317238721813595,1.6827612781864048,validation
img12553,6605,images/img12553.jpg,48.0,54.84993508561395,6.84993508561395,validation
img12558,6608,images/img12558.jpg,38.0,44.674439139712746,6.674439139712746,validation
img12559,6608,images/img12559.jpg,38.0,46.42836429063267,8.428364290632672,validation
img12584,6622,images/img12584.jpg,65.0,63.362541859938766,1.6374581400612342,validation
img12585,6622,images/img12585.jpg,65.0,58.4748135444241,6.5251864555758985,validation
img12620,6640,images/img12620.jpg,51.0,48.76131851370242,2.2386814862975797,validation
img12621,6640,images/img12621.jpg,51.0,53.85285813014861,2.852858130148604,validation
img12625,6642,images/img12625.jpg,80.0,79.2636954086125,0.7363045913874942,validation
img12626,6643,images/img12626.jpg,77.0,80.67024695878193,3.670246958781931,validation
img12627,6643,images/img12627.jpg,77.0,74.34258848366301,2.6574115163369925,validation
img12646,6653,images/img12646.jpg,16.0,15.114092274593132,0.8859077254068666,validation
img12647,6653,images/img12647.jpg,16.0,18.58721099659322,2.587210996593221,validation
img12667,6664,images/img12667.jpg,34.0,46.28029211218502,12.280292112185023,validation
img12668,6664,images/img12668.jpg,34.0,49.53796183381571,15.537961833815707,validation
img12719,6691,images/img12719.jpg,73.0,84.34293430264088,11.342934302640884,validation
img12720,6691,images/img12720.jpg,73.0,79.4671705970413,6.467170597041303,validation
img12727,6695,images/img12727.jpg,58.0,56.99421043199534,1.0057895680046585,validation
img12728,6695,images/img12728.jpg,58.0,57.234766579625386,0.7652334203746136,validation
img12757,6710,images/img12757.jpg,51.0,50.551319421820395,0.448680578179605,validation
img12758,6710,images/img12758.jpg,51.0,52.8126783418147,1.8126783418147028,validation
img12771,6717,images/img12771.jpg,71.0,71.3344198919419,0.3344198919419057,validation
img12772,6717,images/img12772.jpg,71.0,72.42313593432007,1.4231359343200722,validation
img12777,6720,images/img12777.jpg,57.0,69.5003828610776,12.500382861077597,validation
img12778,6720,images/img12778.jpg,57.0,71.01228846965626,14.012288469656257,validation
img12789,6726,images/img12789.jpg,59.0,65.05429076478526,6.054290764785264,validation
img12790,6726,images/img12790.jpg,59.0,70.75673663306604,11.75673663306604,validation
img12817,6740,images/img12817.jpg,41.0,43.74762748790016,2.7476274879001608,validation
img12818,6740,images/img12818.jpg,41.0,36.332513716063275,4.667486283936725,validation
img12823,6743,images/img12823.jpg,49.0,49.14893073167259,0.1489307316725927,validation
img12824,6743,images/img12824.jpg,49.0,50.95356326935567,1.9535632693556693,validation
img12843,6754,images/img12843.jpg,39.0,38.24130227659526,0.7586977234047367,validation
img12844,6754,images/img12844.jpg,39.0,37.80878144753259,1.1912185524674044,validation
img12868,6767,images/img12868.jpg,45.0,38.50662816388333,6.493371836116673,validation
img12869,6767,images/img12869.jpg,45.0,38.83318746452575,6.16681253547425,validation
img12880,6773,images/img12880.jpg,44.0,41.527761932428355,2.472238067571645,validation
img12881,6773,images/img12881.jpg,44.0,49.49181974232383,5.491819742323827,validation
img12882,6774,images/img12882.jpg,51.0,45.07459719479549,5.925402805204513,validation
img12883,6774,images/img12883.jpg,51.0,52.69816315577079,1.6981631557707928,validation
img12938,6805,images/img12938.jpg,63.0,61.22432567246885,1.7756743275311493,validation
img12939,6805,images/img12939.jpg,63.0,62.53299575426129,0.4670042457387069,validation
img12940,6806,images/img12940.jpg,48.0,50.86502915034475,2.865029150344754,validation
img12941,6806,images/img12941.jpg,48.0,46.82846345275204,1.1715365472479604,validation
img12944,6808,images/img12944.jpg,62.0,66.22454302433292,4.224543024332917,validation
img12945,6808,images/img12945.jpg,62.0,59.19569947432877,2.8043005256712306,validation
img12952,6812,images/img12952.jpg,48.0,45.55436435841314,2.445635641586861,validation
img12953,6812,images/img12953.jpg,48.0,40.17599174429344,7.824008255706559,validation
img12963,6818,images/img12963.jpg,76.0,77.77272842973126,1.772728429731259,validation
img12964,6818,images/img12964.jpg,76.0,79.58625435018779,3.5862543501877866,validation
img12968,6821,images/img12968.jpg,51.0,56.74989072408835,5.749890724088353,validation
img12969,6821,images/img12969.jpg,51.0,52.57126572417923,1.5712657241792272,validation
img12994,6835,images/img12994.jpg,66.0,51.51678776042002,14.483212239579975,validation
img13033,6856,images/img13033.jpg,77.0,53.6051775017038,23.3948224982962,validation
img13034,6856,images/img13034.jpg,77.0,50.82222269086129,26.177777309138712,validation
img13044,6862,images/img13044.jpg,60.0,68.15922867489458,8.159228674894578,validation
img13045,6862,images/img13045.jpg,60.0,62.31982940152753,2.319829401527528,validation
img13052,6866,images/img13052.jpg,68.0,65.98613231191345,2.013867688086549,validation
img13096,6889,images/img13096.jpg,85.0,75.42841877083625,9.571581229163757,validation
img13097,6889,images/img13097.jpg,85.0,78.29466404572925,6.705335954270751,validation
img13112,6897,images/img13112.jpg,64.0,56.09878191334152,7.901218086658481,validation
img13113,6897,images/img13113.jpg,64.0,61.434009160785784,2.5659908392142157,validation
img13129,6906,images/img13129.jpg,83.0,68.38568193452993,14.614318065470073,validation
img13182,6936,images/img13182.jpg,26.0,30.850067420182334,4.850067420182334,validation
img13183,6936,images/img13183.jpg,26.0,24.66388729283495,1.33611270716505,validation
img13226,6961,images/img13226.jpg,70.0,60.18595684275844,9.814043157241557,validation
img13227,6961,images/img13227.jpg,70.0,62.0404968044523,7.959503195547697,validation
img13233,6965,images/img13233.jpg,79.0,72.18640476196697,6.813595238033031,validation
img13234,6965,images/img13234.jpg,79.0,76.34418362957601,2.6558163704239917,validation
img13276,6988,images/img13276.jpg,56.0,62.93693386510377,6.936933865103768,validation
img13323,7012,images/img13323.jpg,37.0,45.61261713345493,8.612617133454933,validation
img13324,7012,images/img13324.jpg,37.0,35.48363926699228,1.516360733007723,validation
img13342,7022,images/img13342.jpg,75.0,71.08188032136682,3.9181196786331753,validation
img13343,7022,images/img13343.jpg,75.0,70.1715870551679,4.828412944832095,validation
img13344,7023,images/img13344.jpg,45.0,59.294891038488025,14.294891038488023,validation
img13345,7023,images/img13345.jpg,45.0,59.96168180480981,14.961681804809809,validation
img13358,7030,images/img13358.jpg,55.0,52.70807407807795,2.2919259219220436,validation
img13359,7030,images/img13359.jpg,55.0,52.37600174169823,2.623998258301768,validation
img13360,7031,images/img13360.jpg,19.0,28.91890171479221,9.91890171479221,validation
img13361,7031,images/img13361.jpg,19.0,24.612883805339315,5.612883805339315,validation
img13415,7060,images/img13415.jpg,82.0,84.11314486569191,2.1131448656919076,validation
img13423,7065,images/img13423.jpg,68.0,72.90972050375254,4.909720503752538,validation
img13424,7065,images/img13424.jpg,68.0,73.45651222212219,5.456512222122186,validation
img13437,7072,images/img13437.jpg,64.0,62.671128109225315,1.3288718907746857,validation
img13438,7072,images/img13438.jpg,64.0,65.85905656551614,1.8590565655161413,validation
img13442,7075,images/img13442.jpg,53.0,59.643974171091784,6.643974171091784,validation
img13443,7075,images/img13443.jpg,53.0,55.874246492152075,2.874246492152075,validation
img13478,7094,images/img13478.jpg,67.0,71.25147460609337,4.2514746060933675,validation
img13479,7094,images/img13479.jpg,67.0,73.7534908959985,6.753490895998496,validation
img13482,7096,images/img13482.jpg,74.0,55.28718152968151,18.71281847031849,validation
img13483,7096,images/img13483.jpg,74.0,65.08917939252733,8.910820607472672,validation
img13513,7112,images/img13513.jpg,33.0,38.238793872600056,5.238793872600056,validation
img13514,7112,images/img13514.jpg,33.0,48.30754659505338,15.30754659505338,validation
img13539,7125,images/img13539.jpg,40.0,57.498696894538504,17.498696894538504,validation
img13540,7125,images/img13540.jpg,40.0,53.00306047934633,13.003060479346331,validation
img13543,7127,images/img13543.jpg,45.0,48.47081424865983,3.4708142486598277,validation
img13544,7127,images/img13544.jpg,45.0,44.94914536733246,0.0508546326675372,validation
img13585,7149,images/img13585.jpg,66.0,71.852983340482,5.852983340481998,validation
img13586,7149,images/img13586.jpg,66.0,69.34409620485086,3.3440962048508567,validation
img13597,7155,images/img13597.jpg,52.0,46.283819146324376,5.716180853675624,validation
img13598,7155,images/img13598.jpg,52.0,52.012439664989955,0.0124396649899551,validation
img13611,7162,images/img13611.jpg,55.0,53.76293102896252,1.2370689710374805,validation
img13612,7162,images/img13612.jpg,55.0,61.97631192661444,6.976311926614443,validation
img13623,7168,images/img13623.jpg,47.0,66.34768712012036,19.347687120120355,validation
img13624,7168,images/img13624.jpg,47.0,54.735685735863015,7.735685735863015,validation
img13627,7170,images/img13627.jpg,50.0,56.638236890840936,6.638236890840936,validation
img13628,7170,images/img13628.jpg,50.0,60.07702094703562,10.07702094703562,validation
img13657,7185,images/img13657.jpg,58.0,57.721142978791505,0.2788570212084948,validation
img13658,7185,images/img13658.jpg,58.0,60.18004000850844,2.180040008508442,validation
img13690,7202,images/img13690.jpg,56.0,58.24387392244754,2.2438739224475412,validation
img13691,7202,images/img13691.jpg,56.0,59.14198854643395,3.14198854643395,validation
img13697,7206,images/img13697.jpg,38.0,37.76759999759385,0.2324000024061518,validation
img13698,7206,images/img13698.jpg,38.0,42.97247066980664,4.97247066980664,validation
img13707,7211,images/img13707.jpg,36.0,33.33308636696027,2.6669136330397265,validation
img13732,7224,images/img13732.jpg,37.0,55.201327585808954,18.20132758580895,validation
img13733,7224,images/img13733.jpg,37.0,62.937399555758525,25.937399555758525,validation
img13742,7229,images/img13742.jpg,47.0,54.71490497202575,7.714904972025749,validation
img13743,7229,images/img13743.jpg,47.0,54.4156272913573,7.415627291357303,validation
img13752,7234,images/img13752.jpg,64.0,64.09833254915877,0.0983325491587692,validation
img13753,7234,images/img13753.jpg,64.0,64.13723189676709,0.1372318967670907,validation
img13764,7240,images/img13764.jpg,63.0,58.925333058273374,4.074666941726626,validation
img13765,7240,images/img13765.jpg,63.0,49.99228614664891,13.007713853351092,validation
img13766,7241,images/img13766.jpg,34.0,41.5926903339287,7.592690333928701,validation
img13767,7241,images/img13767.jpg,34.0,45.6274210794684,11.627421079468398,validation
img13805,7261,images/img13805.jpg,46.0,37.89771636587753,8.102283634122472,validation
img13806,7261,images/img13806.jpg,46.0,41.02608113338646,4.973918866613538,validation
img13811,7264,images/img13811.jpg,68.0,59.07473905328021,8.925260946719789,validation
img13812,7264,images/img13812.jpg,68.0,59.77058286357129,8.229417136428708,validation
img13827,7272,images/img13827.jpg,26.0,43.401729483065104,17.401729483065104,validation
img13828,7272,images/img13828.jpg,26.0,32.96979748816538,6.9697974881653835,validation
img13829,7273,images/img13829.jpg,57.0,56.03751169188505,0.9624883081149492,validation
img13830,7273,images/img13830.jpg,57.0,63.179267503249655,6.179267503249655,validation
img13859,7288,images/img13859.jpg,63.0,53.571652409655215,9.428347590344783,validation
img13860,7288,images/img13860.jpg,63.0,60.92346142627344,2.076538573726559,validation
img13903,7311,images/img13903.jpg,69.0,66.85083969794117,2.1491603020588315,validation
img13904,7311,images/img13904.jpg,69.0,64.80415489960383,4.19584510039617,validation
img13945,7332,images/img13945.jpg,67.0,66.41438885418427,0.5856111458157329,validation
img13946,7332,images/img13946.jpg,67.0,69.3125001300051,2.3125001300051053,validation
img13953,7336,images/img13953.jpg,86.0,74.246613674975,11.753386325025003,validation
img13954,7336,images/img13954.jpg,86.0,81.39914335415162,4.600856645848381,validation
img13983,7351,images/img13983.jpg,92.0,84.44138588762155,7.55861411237845,validation
img13984,7351,images/img13984.jpg,92.0,83.90985726225753,8.090142737742468,validation
img14005,7362,images/img14005.jpg,70.0,68.60491535310081,1.3950846468991926,validation
img14006,7362,images/img14006.jpg,70.0,77.45760308886526,7.457603088865255,validation
img14007,7363,images/img14007.jpg,74.0,70.85600181342951,3.143998186570485,validation
img14045,7382,images/img14045.jpg,45.0,52.51741301692817,7.517413016928167,validation
img14046,7382,images/img14046.jpg,45.0,52.46517495842271,7.465174958422708,validation
img14058,7389,images/img14058.jpg,60.0,61.33239589616072,1.332395896160719,validation
img14059,7389,images/img14059.jpg,60.0,56.320702800508016,3.679297199491984,validation
img14089,7405,images/img14089.jpg,63.0,61.607079220961346,1.3929207790386542,validation
img14090,7405,images/img14090.jpg,63.0,64.68629481136284,1.686294811362842,validation
img14132,7426,images/img14132.jpg,63.0,63.145576911067906,0.1455769110679057,validation
img14133,7426,images/img14133.jpg,63.0,62.93184125968827,0.0681587403117305,validation
img14154,7438,images/img14154.jpg,47.0,45.592327416964984,1.4076725830350156,validation
img14155,7438,images/img14155.jpg,47.0,40.55144747307553,6.448552526924473,validation
img14173,7448,images/img14173.jpg,57.0,54.95823079301278,2.041769206987219,validation
img14174,7448,images/img14174.jpg,57.0,46.75271510514888,10.24728489485112,validation
img14183,7453,images/img14183.jpg,31.0,48.42386401483732,17.42386401483732,validation
img14184,7453,images/img14184.jpg,31.0,54.00280697649832,23.00280697649832,validation
img14203,7463,images/img14203.jpg,34.0,56.610825624551765,22.610825624551765,validation
img14204,7463,images/img14204.jpg,34.0,36.790186202924865,2.7901862029248647,validation
img14231,7477,images/img14231.jpg,53.0,55.27936539736296,2.279365397362959,validation
img14232,7477,images/img14232.jpg,53.0,59.53650678231659,6.536506782316593,validation
img14269,7496,images/img14269.jpg,88.0,89.68238412102795,1.682384121027951,validation
img14270,7496,images/img14270.jpg,88.0,78.00489321620266,9.99510678379734,validation
img14321,7521,images/img14321.jpg,68.0,61.69292062281393,6.307079377186071,validation
img14322,7521,images/img14322.jpg,68.0,63.45763163826064,4.542368361739356,validation
img14346,7534,images/img14346.jpg,67.0,66.77886595304558,0.2211340469544183,validation
img14347,7534,images/img14347.jpg,67.0,64.02254439427482,2.977455605725183,validation
img14350,7536,images/img14350.jpg,79.0,74.06345110585524,4.936548894144764,validation
img14351,7536,images/img14351.jpg,79.0,64.0439558035948,14.956044196405202,validation
img14362,7542,images/img14362.jpg,87.0,85.68117874018945,1.318821259810548,validation
img14372,7547,images/img14372.jpg,47.0,50.51241952890686,3.512419528906861,validation
img14373,7547,images/img14373.jpg,47.0,45.577604176123536,1.4223958238764638,validation
img14374,7548,images/img14374.jpg,53.0,51.92760707778762,1.07239292221238,validation
img14375,7548,images/img14375.jpg,53.0,52.20282098456376,0.7971790154362424,validation
img14394,7559,images/img14394.jpg,89.0,85.21790487814552,3.782095121854482,validation
img14395,7559,images/img14395.jpg,89.0,80.13113422846892,8.868865771531077,validation
img14426,7575,images/img14426.jpg,61.0,60.22115765773687,0.7788423422631325,validation
img14427,7575,images/img14427.jpg,61.0,65.88379379135064,4.883793791350641,validation
img14429,7576,images/img14429.jpg,59.0,51.124169095258544,7.875830904741456,validation
img14440,7582,images/img14440.jpg,64.0,56.66423418070411,7.335765819295887,validation
img14441,7582,images/img14441.jpg,64.0,59.72663508027001,4.2733649197299926,validation
img14456,7590,images/img14456.jpg,91.0,81.81723758841053,9.182762411589463,validation
img14457,7590,images/img14457.jpg,91.0,67.94876485481305,23.05123514518695,validation
img14504,7614,images/img14504.jpg,67.0,64.93177158877576,2.06822841122424,validation
img14505,7614,images/img14505.jpg,67.0,71.07116725508641,4.071167255086408,validation
img14645,7685,images/img14645.jpg,63.0,56.141779502303315,6.858220497696685,validation
img14646,7685,images/img14646.jpg,63.0,50.912096624788774,12.087903375211226,validation
img14649,7687,images/img14649.jpg,46.0,47.83005062766182,1.8300506276618191,validation
img14650,7687,images/img14650.jpg,46.0,52.258150378340694,6.258150378340694,validation
img14659,7692,images/img14659.jpg,53.0,55.05957031441925,2.059570314419247,validation
img14660,7692,images/img14660.jpg,53.0,56.636103793160885,3.636103793160885,validation
img14675,7700,images/img14675.jpg,57.0,63.37337434806155,6.373374348061553,validation
img14676,7700,images/img14676.jpg,57.0,67.44747340369562,10.447473403695623,validation
img14679,7702,images/img14679.jpg,77.0,80.16780709487888,3.1678070948788815,validation
img14680,7702,images/img14680.jpg,77.0,78.5526283125966,1.552628312596596,validation
img14681,7703,images/img14681.jpg,58.0,56.01271802696066,1.9872819730393376,validation
img14682,7703,images/img14682.jpg,58.0,55.11812273467742,2.8818772653225793,validation
img14689,7707,images/img14689.jpg,66.0,66.9525522081156,0.9525522081156056,validation
img14690,7707,images/img14690.jpg,66.0,75.4253454306369,9.425345430636895,validation
img14729,7728,images/img14729.jpg,87.0,81.05478311002668,5.945216889973324,validation
img14730,7728,images/img14730.jpg,87.0,68.14322069496342,18.856779305036586,validation
img14778,7753,images/img14778.jpg,60.0,58.416563359582085,1.583436640417915,validation
img14779,7753,images/img14779.jpg,60.0,55.374307125318595,4.625692874681405,validation
img14811,7770,images/img14811.jpg,79.0,82.52336421916633,3.523364219166325,validation
img14854,7793,images/img14854.jpg,66.0,63.32500741128697,2.6749925887130317,validation
img14855,7793,images/img14855.jpg,66.0,59.92459177990934,6.075408220090658,validation
img14915,7823,images/img14915.jpg,67.0,65.82835915366694,1.1716408463330623,validation
img14916,7823,images/img14916.jpg,67.0,62.42185109975964,4.5781489002403575,validation
img14931,7831,images/img14931.jpg,73.0,68.95092023775827,4.049079762241732,validation
img14937,7834,images/img14937.jpg,69.0,59.4425103409535,9.557489659046505,validation
img14938,7834,images/img14938.jpg,69.0,55.55689003499337,13.443109965006627,validation
img14959,7845,images/img14959.jpg,63.0,55.8779330280672,7.122066971932796,validation
img14960,7845,images/img14960.jpg,63.0,59.97854264209935,3.021457357900651,validation
img14989,7861,images/img14989.jpg,60.0,60.8370111911468,0.8370111911468001,validation
img14990,7861,images/img14990.jpg,60.0,60.41014817635637,0.4101481763563726,validation
img14999,7866,images/img14999.jpg,68.0,51.83367334652441,16.166326653475593,validation
img15000,7866,images/img15000.jpg,68.0,66.9597524181923,1.040247581807705,validation
img15005,7869,images/img15005.jpg,49.0,55.310795426770326,6.310795426770326,validation
img15006,7869,images/img15006.jpg,49.0,51.35911766485941,2.3591176648594043,validation
img15007,7870,images/img15007.jpg,61.0,62.39685430864216,1.396854308642162,validation
img15008,7870,images/img15008.jpg,61.0,65.03130560461089,4.031305604610893,validation
img15021,7877,images/img15021.jpg,57.0,55.20562622682944,1.7943737731705625,validation
img15022,7877,images/img15022.jpg,57.0,60.63393325756812,3.633933257568117,validation
img15027,7880,images/img15027.jpg,59.0,47.03396608597522,11.966033914024775,validation
img15028,7880,images/img15028.jpg,59.0,56.251867627948286,2.748132372051714,validation
img15053,7893,images/img15053.jpg,74.0,76.85480089050344,2.8548008905034408,validation
img15054,7893,images/img15054.jpg,74.0,77.0091898845773,3.009189884577296,validation
img15064,7899,images/img15064.jpg,64.0,54.65229657156836,9.347703428431643,validation
img15065,7899,images/img15065.jpg,64.0,62.54270436833318,1.4572956316668169,validation
img15072,7903,images/img15072.jpg,64.0,68.1618908549608,4.161890854960802,validation
img15073,7903,images/img15073.jpg,64.0,66.52720486917403,2.527204869174028,validation
img15082,7908,images/img15082.jpg,54.0,87.8588245845906,33.85882458459059,validation
img15083,7908,images/img15083.jpg,54.0,85.9637908028358,31.963790802835803,validation
img15098,7917,images/img15098.jpg,58.0,55.99446079933835,2.0055392006616444,validation
img15099,7917,images/img15099.jpg,58.0,58.82010469271651,0.8201046927165123,validation
img15110,7923,images/img15110.jpg,73.0,71.14202094306762,1.857979056932379,validation
img15111,7923,images/img15111.jpg,73.0,65.90374978104818,7.096250218951823,validation
img15140,7938,images/img15140.jpg,42.0,43.561575891744184,1.5615758917441838,validation
img15141,7938,images/img15141.jpg,42.0,39.93806853473739,2.06193146526261,validation
img15174,7957,images/img15174.jpg,57.0,59.11045654495113,2.110456544951127,validation
img15175,7957,images/img15175.jpg,57.0,57.166115924718234,0.166115924718234,validation
img15188,7964,images/img15188.jpg,39.0,53.158414391000505,14.158414391000504,validation
img15189,7964,images/img15189.jpg,39.0,50.740728462193445,11.740728462193443,validation
img15190,7965,images/img15190.jpg,75.0,74.87780228167912,0.1221977183208764,validation
img15191,7965,images/img15191.jpg,75.0,73.07303614421802,1.9269638557819777,validation
img15192,7966,images/img15192.jpg,71.0,76.16761598174278,5.1676159817427845,validation
img15193,7966,images/img15193.jpg,71.0,55.47466359774628,15.52533640225372,validation
img15211,7977,images/img15211.jpg,58.0,62.26923162111285,4.269231621112851,validation
img15212,7978,images/img15212.jpg,47.0,49.7115766539024,2.711576653902398,validation
img15213,7978,images/img15213.jpg,47.0,55.63615423797896,8.636154237978957,validation
img15226,7985,images/img15226.jpg,65.0,73.28513369872775,8.285133698727748,validation
img15227,7985,images/img15227.jpg,65.0,66.66207248180777,1.662072481807769,validation
img15246,7995,images/img15246.jpg,78.0,60.88601504441409,17.113984955585913,validation
img15247,7995,images/img15247.jpg,78.0,55.61567257405285,22.38432742594715,validation
img15257,8001,images/img15257.jpg,40.0,42.31536152494854,2.315361524948542,validation
img15258,8001,images/img15258.jpg,40.0,39.18742427672923,0.8125757232707684,validation
img15271,8008,images/img15271.jpg,77.0,70.9873091283057,6.0126908716943035,validation
img15272,8008,images/img15272.jpg,77.0,62.733283088395304,14.266716911604696,validation
img15283,8014,images/img15283.jpg,76.0,57.14514989343371,18.85485010656629,validation
img15284,8014,images/img15284.jpg,76.0,61.55317580032516,14.446824199674843,validation
img15300,8023,images/img15300.jpg,64.0,54.585596746072696,9.414403253927304,validation
img15301,8023,images/img15301.jpg,64.0,61.25752221812458,2.7424777818754222,validation
img15340,8045,images/img15340.jpg,64.0,56.93121615993424,7.0687838400657625,validation
img15341,8045,images/img15341.jpg,64.0,61.95045464386557,2.0495453561344306,validation
img15375,8063,images/img15375.jpg,54.0,72.72399500011593,18.723995000115934,validation
img15376,8063,images/img15376.jpg,54.0,64.82845697187568,10.82845697187568,validation
img15381,8066,images/img15381.jpg,54.0,60.50737118868461,6.507371188684608,validation
img15388,8070,images/img15388.jpg,62.0,68.82752966401304,6.827529664013042,validation
img15389,8070,images/img15389.jpg,62.0,61.9001938620746,0.0998061379253982,validation
img15404,8078,images/img15404.jpg,58.0,62.940197516823616,4.940197516823616,validation
img15405,8078,images/img15405.jpg,58.0,63.95217002957878,5.952170029578781,validation
img15410,8081,images/img15410.jpg,51.0,50.58065084410264,0.4193491558973576,validation
img15411,8081,images/img15411.jpg,51.0,56.55474854916006,5.55474854916006,validation
img15412,8082,images/img15412.jpg,53.0,49.01522625506533,3.984773744934671,validation
img15413,8082,images/img15413.jpg,53.0,56.099626454795334,3.0996264547953345,validation
img15422,8088,images/img15422.jpg,72.0,81.3949532288692,9.394953228869198,validation
img15423,8088,images/img15423.jpg,72.0,71.5065203994428,0.493479600557194,validation
img15424,8089,images/img15424.jpg,68.0,72.76603694168608,4.766036941686082,validation
img15425,8089,images/img15425.jpg,68.0,65.85759514753633,2.1424048524636703,validation
img15428,8091,images/img15428.jpg,71.0,64.4754836318585,6.524516368141505,validation
img15429,8091,images/img15429.jpg,71.0,71.12089472837579,0.1208947283757879,validation
img15446,8100,images/img15446.jpg,87.0,85.04102749694941,1.958972503050589,validation
img15447,8100,images/img15447.jpg,87.0,78.84312766989223,8.156872330107774,validation
img15476,8115,images/img15476.jpg,53.0,52.49132179824147,0.5086782017585278,validation
img15477,8115,images/img15477.jpg,53.0,54.08569773182523,1.0856977318252277,validation
img15505,8130,images/img15505.jpg,45.0,40.93318511794996,4.066814882050039,validation
img15506,8130,images/img15506.jpg,45.0,46.02159931754864,1.0215993175486415,validation
img15511,8133,images/img15511.jpg,71.0,63.98234176719942,7.017658232800578,validation
img15512,8133,images/img15512.jpg,71.0,45.63900554348454,25.360994456515463,validation
img15513,8134,images/img15513.jpg,57.0,55.352235351381616,1.6477646486183843,validation
img15514,8134,images/img15514.jpg,57.0,51.33498681842549,5.665013181574508,validation
img15523,8139,images/img15523.jpg,91.0,77.4665962624933,13.533403737506704,validation
img15524,8139,images/img15524.jpg,91.0,77.68730091453789,13.312699085462114,validation
img15554,8155,images/img15554.jpg,59.0,63.43605936390184,4.43605936390184,validation
img15555,8155,images/img15555.jpg,59.0,77.467119755501,18.467119755501,validation
img15585,8171,images/img15585.jpg,64.0,59.86616777902961,4.13383222097039,validation
img15586,8171,images/img15586.jpg,64.0,64.48215544118052,0.4821554411805238,validation
img15587,8172,images/img15587.jpg,77.0,85.76270187003377,8.762701870033766,validation
img15588,8172,images/img15588.jpg,77.0,68.74855747197083,8.251442528029173,validation
img15598,8178,images/img15598.jpg,72.0,74.17637945371956,2.176379453719562,validation
img15599,8178,images/img15599.jpg,72.0,64.99878360150778,7.001216398492218,validation
img15608,8183,images/img15608.jpg,65.0,70.05663889678222,5.056638896782218,validation
img15609,8183,images/img15609.jpg,65.0,63.529176773256175,1.4708232267438248,validation
img15612,8185,images/img15612.jpg,76.0,74.2403699302478,1.7596300697522054,validation
img15617,8188,images/img15617.jpg,43.0,52.731651439717275,9.731651439717275,validation
img15618,8188,images/img15618.jpg,43.0,50.05720745918144,7.057207459181441,validation
img15621,8190,images/img15621.jpg,51.0,60.46293726578295,9.462937265782948,validation
img15622,8190,images/img15622.jpg,51.0,52.36967674649379,1.3696767464937878,validation
img15636,8198,images/img15636.jpg,71.0,66.06378268411125,4.936217315888754,validation
img15637,8198,images/img15637.jpg,71.0,75.42949847516462,4.429498475164621,validation
img15640,8200,images/img15640.jpg,60.0,61.672104686790206,1.672104686790206,validation
img15641,8200,images/img15641.jpg,60.0,73.45137762820504,13.451377628205035,validation
img15734,8249,images/img15734.jpg,68.0,73.82214155090566,5.8221415509056555,validation
img15735,8249,images/img15735.jpg,68.0,67.20529026978946,0.7947097302105419,validation
img15751,8259,images/img15751.jpg,76.0,60.325411290219506,15.674588709780494,validation
img15752,8259,images/img15752.jpg,76.0,81.49549878588064,5.495498785880642,validation
img15771,8270,images/img15771.jpg,45.0,49.410575808750295,4.410575808750295,validation
img15772,8270,images/img15772.jpg,45.0,45.39684858422874,0.3968485842287421,validation
img15788,8279,images/img15788.jpg,74.0,66.67305711008592,7.326942889914079,validation
img15789,8279,images/img15789.jpg,74.0,84.02040807937858,10.020408079378583,validation
img15798,8284,images/img15798.jpg,58.0,63.79932370396199,5.7993237039619885,validation
img15799,8284,images/img15799.jpg,58.0,55.91979420095813,2.0802057990418703,validation
img15802,8286,images/img15802.jpg,59.0,61.74663536784526,2.7466353678452577,validation
img15803,8286,images/img15803.jpg,59.0,50.885679313582706,8.114320686417294,validation
img15812,8291,images/img15812.jpg,70.0,78.48092067664658,8.480920676646576,validation
img15813,8291,images/img15813.jpg,70.0,72.0909850739892,2.090985073989202,validation
img15814,8292,images/img15814.jpg,48.0,52.868548951018866,4.868548951018866,validation
img15815,8292,images/img15815.jpg,48.0,58.03667075490717,10.03667075490717,validation
img15816,8293,images/img15816.jpg,68.0,63.850325010236766,4.149674989763234,validation
img15817,8293,images/img15817.jpg,68.0,65.90888546557576,2.0911145344242357,validation
img15818,8294,images/img15818.jpg,73.0,65.37129740864766,7.628702591352336,validation
img15819,8294,images/img15819.jpg,73.0,75.81546005424491,2.815460054244909,validation
img15829,8300,images/img15829.jpg,15.0,17.255867941862775,2.2558679418627747,validation
img15830,8300,images/img15830.jpg,15.0,16.341648478106137,1.341648478106137,validation
img15886,8330,images/img15886.jpg,71.0,73.13301317435392,2.13301317435392,validation
img15887,8330,images/img15887.jpg,71.0,69.98497815708082,1.0150218429191824,validation
img15917,8346,images/img15917.jpg,60.0,59.6236132922711,0.3763867077288978,validation
img15918,8346,images/img15918.jpg,60.0,57.58602684330542,2.4139731566945812,validation
img15962,8369,images/img15962.jpg,73.0,67.72638611575427,5.273613884245734,validation
img15963,8369,images/img15963.jpg,73.0,74.44601216160635,1.4460121616063475,validation
img15971,8373,images/img15971.jpg,75.0,75.54493086458243,0.544930864582426,validation
img15972,8373,images/img15972.jpg,75.0,75.8593614866028,0.8593614866027934,validation
img15975,8375,images/img15975.jpg,73.0,67.80090970784151,5.199090292158488,validation
img15977,8377,images/img15977.jpg,67.0,66.75434684929762,0.2456531507023811,validation
img15978,8377,images/img15978.jpg,67.0,61.7976524879713,5.202347512028702,validation
img15985,8381,images/img15985.jpg,89.0,84.74422659257363,4.255773407426375,validation
img15986,8381,images/img15986.jpg,89.0,77.3209735950775,11.679026404922496,validation
img15991,8384,images/img15991.jpg,73.0,66.26753270636908,6.7324672936309184,validation
img15992,8384,images/img15992.jpg,73.0,69.47742987391099,3.5225701260890077,validation
img15994,8386,images/img15994.jpg,70.0,79.65368461202075,9.653684612020754,validation
img15995,8386,images/img15995.jpg,70.0,66.12132874359264,3.878671256407358,validation
img16010,8395,images/img16010.jpg,54.0,56.195030737900744,2.195030737900744,validation
img16011,8395,images/img16011.jpg,54.0,56.74813893108083,2.748138931080831,validation
img16045,8413,images/img16045.jpg,59.0,68.96714306794468,9.967143067944676,validation
img16046,8413,images/img16046.jpg,59.0,75.86901557015305,16.869015570153053,validation
img16053,8417,images/img16053.jpg,43.0,42.2428555621618,0.7571444378381997,validation
img16054,8417,images/img16054.jpg,43.0,37.66712860209182,5.332871397908178,validation
img16069,8425,images/img16069.jpg,65.0,60.91171118947153,4.088288810528468,validation
img16070,8425,images/img16070.jpg,65.0,59.082322885576595,5.917677114423405,validation
img16096,8439,images/img16096.jpg,80.0,83.61203990895848,3.6120399089584794,validation
img16097,8439,images/img16097.jpg,80.0,85.66610650400955,5.666106504009548,validation
img16100,8441,images/img16100.jpg,80.0,71.83723819766512,8.162761802334884,validation
img16101,8441,images/img16101.jpg,80.0,83.34051062952922,3.34051062952922,validation
img16138,8460,images/img16138.jpg,67.0,69.61138846274908,2.611388462749076,validation
img16139,8460,images/img16139.jpg,67.0,57.0378020628272,9.962197937172805,validation
img16142,8462,images/img16142.jpg,62.0,62.588376952033784,0.5883769520337836,validation
img16143,8462,images/img16143.jpg,62.0,64.70087409162717,2.7008740916271705,validation
img16158,8470,images/img16158.jpg,48.0,48.89029573938914,0.8902957393891384,validation
img16167,8475,images/img16167.jpg,45.0,55.45046281591837,10.450462815918373,validation
img16168,8475,images/img16168.jpg,45.0,58.20650920004434,13.206509200044335,validation
img16179,8481,images/img16179.jpg,62.0,55.23908969938857,6.760910300611428,validation
img16180,8481,images/img16180.jpg,62.0,58.67665806576655,3.323341934233447,validation
img16183,8483,images/img16183.jpg,79.0,76.12659812336895,2.87340187663105,validation
img16184,8483,images/img16184.jpg,79.0,65.9348180004445,13.065181999555506,validation
img16207,8495,images/img16207.jpg,49.0,41.272677967713776,7.727322032286224,validation
img16208,8495,images/img16208.jpg,49.0,41.27651909765774,7.72348090234226,validation
img16211,8497,images/img16211.jpg,49.0,36.900667220978214,12.099332779021786,validation
img16233,8508,images/img16233.jpg,19.0,17.540936059203567,1.4590639407964332,validation
img16234,8508,images/img16234.jpg,19.0,20.653027828446184,1.6530278284461843,validation
img16241,8512,images/img16241.jpg,22.0,26.593707184951125,4.593707184951125,validation
img16242,8512,images/img16242.jpg,22.0,27.974036097876713,5.974036097876713,validation
img00003,2,images/img00003.jpg,18.0,19.52778833328734,1.52778833328734,test
img00004,2,images/img00004.jpg,18.0,21.084021802903074,3.0840218029030737,test
img00009,5,images/img00009.jpg,23.0,24.60897505754852,1.6089750575485198,test
img00010,5,images/img00010.jpg,23.0,24.654329183002773,1.6543291830027729,test
img00051,26,images/img00051.jpg,13.0,16.866219008909532,3.866219008909532,test
img00052,26,images/img00052.jpg,13.0,15.736665058878929,2.736665058878927,test
img00068,35,images/img00068.jpg,20.0,20.19388083627959,0.1938808362795896,test
img00069,35,images/img00069.jpg,20.0,19.87883838180647,0.1211616181935255,test
img00110,56,images/img00110.jpg,15.0,18.973321989302782,3.9733219893027822,test
img00111,56,images/img00111.jpg,15.0,19.103837521004827,4.103837521004827,test
img00128,65,images/img00128.jpg,30.0,32.77917841551725,2.7791784155172508,test
img00129,65,images/img00129.jpg,30.0,33.812710660611245,3.812710660611245,test
img00156,79,images/img00156.jpg,20.0,28.724070704652995,8.724070704652995,test
img00157,79,images/img00157.jpg,20.0,25.397146129935443,5.397146129935443,test
img00164,83,images/img00164.jpg,22.0,20.387743384354565,1.6122566156454354,test
img00165,83,images/img00165.jpg,22.0,21.518008412387296,0.4819915876127041,test
img00217,110,images/img00217.jpg,22.0,25.53730047664169,3.53730047664169,test
img00218,110,images/img00218.jpg,22.0,23.311410389139645,1.3114103891396454,test
img00221,112,images/img00221.jpg,26.0,32.30486757589439,6.3048675758943915,test
img00222,112,images/img00222.jpg,26.0,28.452227329419117,2.4522273294191166,test
img00225,114,images/img00225.jpg,13.0,22.314583728768604,9.314583728768604,test
img00226,114,images/img00226.jpg,13.0,20.72373428401898,7.723734284018981,test
img00231,117,images/img00231.jpg,19.0,22.024577327388545,3.024577327388542,test
img00232,117,images/img00232.jpg,19.0,25.713510404252993,6.713510404252993,test
img00273,138,images/img00273.jpg,13.0,17.13283399772905,4.132833997729051,test
img00274,138,images/img00274.jpg,13.0,16.573137086109263,3.573137086109263,test
img00287,145,images/img00287.jpg,15.0,19.583304766753493,4.583304766753493,test
img00288,145,images/img00288.jpg,15.0,19.278261028727364,4.278261028727364,test
img00291,147,images/img00291.jpg,10.0,15.686401005256664,5.686401005256663,test
img00292,147,images/img00292.jpg,10.0,16.758287838047835,6.758287838047835,test
img00293,148,images/img00293.jpg,19.0,21.967400984843827,2.9674009848438274,test
img00294,148,images/img00294.jpg,19.0,22.01697359145176,3.016973591451759,test
img00299,151,images/img00299.jpg,23.0,28.61339773916349,5.613397739163489,test
img00300,151,images/img00300.jpg,23.0,30.145947512622715,7.145947512622715,test
img00305,154,images/img00305.jpg,28.0,28.23127619941674,0.2312761994167402,test
img00306,154,images/img00306.jpg,28.0,26.87927698309096,1.1207230169090394,test
img00311,157,images/img00311.jpg,25.0,27.950631597990977,2.950631597990977,test
img00312,157,images/img00312.jpg,25.0,23.924516674869608,1.075483325130392,test
img00317,160,images/img00317.jpg,24.0,22.095800732306436,1.9041992676935635,test
img00318,160,images/img00318.jpg,24.0,24.903959004943417,0.9039590049434169,test
img00344,174,images/img00344.jpg,76.0,81.69702614407664,5.697026144076645,test
img00345,174,images/img00345.jpg,76.0,79.2891895180873,3.289189518087298,test
img00394,202,images/img00394.jpg,74.0,79.30661529158098,5.306615291580982,test
img00395,202,images/img00395.jpg,74.0,67.29555246103098,6.704447538969021,test
img00424,218,images/img00424.jpg,38.0,42.632493589010714,4.632493589010714,test
img00425,218,images/img00425.jpg,38.0,40.258566222594865,2.2585662225948653,test
img00427,220,images/img00427.jpg,49.0,56.076347511435664,7.076347511435664,test
img00428,220,images/img00428.jpg,49.0,52.616352650077474,3.6163526500774736,test
img00441,227,images/img00441.jpg,41.0,43.453917373490654,2.453917373490654,test
img00442,227,images/img00442.jpg,41.0,41.58108405770391,0.5810840577039116,test
img00451,232,images/img00451.jpg,60.0,72.5974122096342,12.5974122096342,test
img00452,232,images/img00452.jpg,60.0,70.80466459914146,10.80466459914146,test
img00463,238,images/img00463.jpg,49.0,46.27668110104236,2.7233188989576433,test
img00464,238,images/img00464.jpg,49.0,53.553294436894184,4.553294436894184,test
img00478,246,images/img00478.jpg,59.0,58.59744021372437,0.4025597862756314,test
img00479,246,images/img00479.jpg,59.0,60.18297920362457,1.1829792036245692,test
img00482,248,images/img00482.jpg,37.0,59.56190519072591,22.56190519072591,test
img00483,248,images/img00483.jpg,37.0,59.54886803361342,22.548868033613417,test
img00487,251,images/img00487.jpg,64.0,70.19244388908285,6.192443889082853,test
img00488,251,images/img00488.jpg,64.0,54.00264393023863,9.997356069761372,test
img00495,255,images/img00495.jpg,87.0,74.36760708698914,12.63239291301086,test
img00509,264,images/img00509.jpg,57.0,58.348408114463986,1.348408114463986,test
img00510,264,images/img00510.jpg,57.0,61.74969725663506,4.749697256635059,test
img00526,273,images/img00526.jpg,51.0,66.8157242232291,15.815724223229097,test
img00527,273,images/img00527.jpg,51.0,59.233097324023866,8.233097324023866,test
img00530,275,images/img00530.jpg,77.0,81.64402247704743,4.644022477047429,test
img00531,275,images/img00531.jpg,77.0,80.5836699401925,3.583669940192493,test
img00546,283,images/img00546.jpg,53.0,68.48759511702399,15.487595117023986,test
img00547,283,images/img00547.jpg,53.0,53.631280989757855,0.6312809897578546,test
img00575,298,images/img00575.jpg,75.0,78.73969635767585,3.7396963576758537,test
img00576,298,images/img00576.jpg,75.0,84.53225773009497,9.532257730094967,test
img00593,307,images/img00593.jpg,11.0,12.89396715383834,1.8939671538383391,test
img00594,307,images/img00594.jpg,11.0,10.485166428226492,0.514833571773508,test
img00609,316,images/img00609.jpg,62.0,65.47953395043052,3.479533950430522,test
img00610,316,images/img00610.jpg,62.0,63.51919005352394,1.5191900535239429,test
img00611,317,images/img00611.jpg,78.0,74.53815456523387,3.4618454347661327,test
img00635,329,images/img00635.jpg,68.0,74.71757852179033,6.71757852179033,test
img00636,329,images/img00636.jpg,68.0,61.00083641933697,6.99916358066303,test
img00645,334,images/img00645.jpg,68.0,82.47526829908426,14.475268299084265,test
img00646,334,images/img00646.jpg,68.0,59.58293788557313,8.41706211442687,test
img00651,337,images/img00651.jpg,30.0,31.361965057757757,1.3619650577577571,test
img00652,337,images/img00652.jpg,30.0,35.55943887328578,5.559438873285778,test
img00655,339,images/img00655.jpg,52.0,50.567115278022406,1.4328847219775938,test
img00656,339,images/img00656.jpg,52.0,52.40869551594449,0.4086955159444869,test
img00669,346,images/img00669.jpg,49.0,64.23944499713015,15.23944499713015,test
img00670,346,images/img00670.jpg,49.0,64.04802105398268,15.04802105398268,test
img00677,350,images/img00677.jpg,77.0,74.06345437768653,2.9365456223134743,test
img00678,350,images/img00678.jpg,77.0,80.37408515211972,3.3740851521197186,test
img00695,360,images/img00695.jpg,75.0,65.8717621770571,9.128237822942909,test
img00707,366,images/img00707.jpg,74.0,71.30430486606377,2.6956951339362263,test
img00722,374,images/img00722.jpg,9.0,5.993256151740788,3.0067438482592124,test
img00723,374,images/img00723.jpg,9.0,13.67528483026618,4.675284830266179,test
img00753,390,images/img00753.jpg,47.0,46.607282203948365,0.3927177960516346,test
img00754,390,images/img00754.jpg,47.0,48.43330651996364,1.4333065199636366,test
img00784,406,images/img00784.jpg,78.0,76.37691066744047,1.6230893325595304,test
img00785,406,images/img00785.jpg,78.0,84.08561131470798,6.085611314707975,test
img00794,411,images/img00794.jpg,68.0,61.370735215311846,6.629264784688154,test
img00808,418,images/img00808.jpg,80.0,81.62676902000213,1.6267690200021292,test
img00809,418,images/img00809.jpg,80.0,73.67300166484439,6.326998335155608,test
img00813,421,images/img00813.jpg,84.0,78.5294288474722,5.470571152527796,test
img00814,421,images/img00814.jpg,84.0,81.01238890128677,2.9876110987132307,test
img00821,425,images/img00821.jpg,57.0,55.50569964413483,1.494300355865164,test
img00822,425,images/img00822.jpg,57.0,56.439394751856554,0.560605248143446,test
img00860,446,images/img00860.jpg,69.0,59.78579578849702,9.21420421150298,test
img00861,446,images/img00861.jpg,69.0,65.13438792148881,3.865612078511191,test
img00896,464,images/img00896.jpg,77.0,76.54500427221161,0.4549957277883862,test
img00897,464,images/img00897.jpg,77.0,62.72183276946239,14.278167230537612,test
img00898,465,images/img00898.jpg,84.0,87.39186227806326,3.3918622780632575,test
img00899,465,images/img00899.jpg,84.0,78.5027699660553,5.497230033944703,test
img00910,471,images/img00910.jpg,54.0,55.95688177198512,1.956881771985124,test
img00911,471,images/img00911.jpg,54.0,63.89457707384877,9.894577073848772,test
img00927,480,images/img00927.jpg,62.0,69.66276057657097,7.6627605765709745,test
img00928,480,images/img00928.jpg,62.0,72.19194070052335,10.191940700523348,test
img00929,481,images/img00929.jpg,65.0,66.21047087791979,1.2104708779197892,test
img00934,484,images/img00934.jpg,59.0,57.50602497868842,1.4939750213115772,test
img00935,484,images/img00935.jpg,59.0,61.68896116163801,2.688961161638012,test
img00982,509,images/img00982.jpg,73.0,58.97498146230638,14.02501853769362,test
img00983,509,images/img00983.jpg,73.0,68.9863410833915,4.013658916608506,test
img01004,520,images/img01004.jpg,43.0,52.38231364957748,9.382313649577483,test
img01009,523,images/img01009.jpg,88.0,86.83398450464522,1.1660154953547843,test
img01022,531,images/img01022.jpg,46.0,55.70664393472825,9.706643934728248,test
img01023,531,images/img01023.jpg,46.0,49.86367863789887,3.863678637898872,test
img01047,544,images/img01047.jpg,78.0,80.74644136605207,2.7464413660520677,test
img01056,549,images/img01056.jpg,78.0,81.58115314804402,3.5811531480440237,test
img01057,549,images/img01057.jpg,78.0,78.26413131605538,0.2641313160553835,test
img01145,596,images/img01145.jpg,77.0,75.73834517176957,1.2616548282304336,test
img01146,596,images/img01146.jpg,77.0,74.98586214457187,2.0141378554281317,test
img01194,622,images/img01194.jpg,61.0,62.687761008934416,1.687761008934416,test
img01195,622,images/img01195.jpg,61.0,63.79518974511684,2.7951897451168435,test
img01196,623,images/img01196.jpg,68.0,65.50732434017135,2.492675659828649,test
img01267,661,images/img01267.jpg,29.0,31.232849869851297,2.2328498698512966,test
img01268,661,images/img01268.jpg,29.0,36.919694010587094,7.919694010587094,test
img01308,684,images/img01308.jpg,55.0,58.87851206178714,3.878512061787142,test
img01309,684,images/img01309.jpg,55.0,61.130929612148954,6.130929612148954,test
img01341,701,images/img01341.jpg,61.0,69.846899242028,8.846899242028002,test
img01354,708,images/img01354.jpg,63.0,66.14938796880514,3.1493879688051436,test
img01355,708,images/img01355.jpg,63.0,62.92341793001132,0.0765820699886816,test
img01393,728,images/img01393.jpg,65.0,65.26301124409012,0.2630112440901229,test
img01396,730,images/img01396.jpg,76.0,85.26180194806169,9.261801948061688,test
img01397,730,images/img01397.jpg,76.0,79.76936566061721,3.7693656606172112,test
img01405,735,images/img01405.jpg,72.0,72.76050318435055,0.7605031843505543,test
img01406,735,images/img01406.jpg,72.0,72.94566920483518,0.945669204835184,test
img01473,772,images/img01473.jpg,91.0,82.82771869139899,8.172281308601015,test
img01474,772,images/img01474.jpg,91.0,84.70113875559852,6.298861244401479,test
img01479,775,images/img01479.jpg,43.0,51.28864732644529,8.288647326445293,test
img01480,775,images/img01480.jpg,43.0,52.05926665983357,9.059266659833568,test
img01535,804,images/img01535.jpg,43.0,53.28369281140473,10.283692811404729,test
img01536,804,images/img01536.jpg,43.0,51.132329042516005,8.132329042516005,test
img01541,807,images/img01541.jpg,43.0,46.8105283641863,3.810528364186297,test
img01542,807,images/img01542.jpg,43.0,52.35706874458656,9.357068744586565,test
img01551,812,images/img01551.jpg,19.0,43.1112911999537,24.111291199953698,test
img01552,812,images/img01552.jpg,19.0,50.70700515169872,31.707005151698723,test
img01586,830,images/img01586.jpg,44.0,53.82714126349293,9.827141263492932,test
img01587,830,images/img01587.jpg,44.0,43.18252769219678,0.8174723078032216,test
img01620,848,images/img01620.jpg,49.0,46.00267177348913,2.9973282265108665,test
img01621,848,images/img01621.jpg,49.0,39.26163813545358,9.73836186454642,test
img01637,857,images/img01637.jpg,60.0,53.95375595432982,6.0462440456701785,test
img01643,860,images/img01643.jpg,80.0,62.534998115015725,17.465001884984275,test
img01644,860,images/img01644.jpg,80.0,75.99228290491938,4.007717095080622,test
img01700,892,images/img01700.jpg,31.0,36.91157768774694,5.9115776877469415,test
img01701,892,images/img01701.jpg,31.0,28.007877739603387,2.992122260396613,test
img01704,894,images/img01704.jpg,28.0,55.98695208283552,27.98695208283552,test
img01720,902,images/img01720.jpg,8.0,25.88500889479503,17.88500889479503,test
img01721,902,images/img01721.jpg,8.0,33.13008014101754,25.130080141017537,test
img01728,906,images/img01728.jpg,28.0,31.934310869175995,3.934310869175995,test
img01729,906,images/img01729.jpg,28.0,30.065634960358704,2.065634960358704,test
img01744,915,images/img01744.jpg,58.0,52.1271162613779,5.8728837386221,test
img01745,915,images/img01745.jpg,58.0,60.55106758628116,2.5510675862811567,test
img01757,923,images/img01757.jpg,35.0,41.02650429023435,6.0265042902343495,test
img01778,935,images/img01778.jpg,59.0,72.34391072065746,13.343910720657462,test
img01779,935,images/img01779.jpg,59.0,69.6779636860028,10.677963686002798,test
img01782,937,images/img01782.jpg,84.0,88.08484050944243,4.084840509442429,test
img01783,937,images/img01783.jpg,84.0,83.42246782232574,0.5775321776742572,test
img01808,950,images/img01808.jpg,71.0,86.89113249131869,15.891132491318686,test
img01819,957,images/img01819.jpg,25.0,37.29565796383082,12.29565796383082,test
img01820,957,images/img01820.jpg,25.0,34.58130527573121,9.58130527573121,test
img01823,959,images/img01823.jpg,32.0,50.31596132800206,18.31596132800206,test
img01838,967,images/img01838.jpg,25.0,25.474285005840297,0.4742850058402972,test
img01842,969,images/img01842.jpg,82.0,77.97734657789353,4.0226534221064725,test
img01843,969,images/img01843.jpg,82.0,68.83251375369048,13.167486246309522,test
img01894,999,images/img01894.jpg,54.0,51.68378802823239,2.3162119717676077,test
img01895,999,images/img01895.jpg,54.0,62.03990351237691,8.03990351237691,test
img01958,1033,images/img01958.jpg,47.0,71.71881644505127,24.71881644505127,test
img01959,1033,images/img01959.jpg,47.0,41.54875836447869,5.451241635521313,test
img01963,1036,images/img01963.jpg,34.0,45.75275512100469,11.75275512100469,test
img01964,1036,images/img01964.jpg,34.0,46.43629411908883,12.436294119088828,test
img01965,1037,images/img01965.jpg,59.0,55.89088539021856,3.109114609781443,test
img02032,1072,images/img02032.jpg,78.0,75.83346385126791,2.166536148732092,test
img02041,1077,images/img02041.jpg,60.0,63.57552880725635,3.5755288072563474,test
img02042,1077,images/img02042.jpg,60.0,62.32518757058338,2.325187570583381,test
img02050,1082,images/img02050.jpg,56.0,57.36050694171101,1.3605069417110087,test
img02051,1082,images/img02051.jpg,56.0,57.373108808934546,1.3731088089345462,test
img02059,1087,images/img02059.jpg,62.0,61.7505991914629,0.2494008085370964,test
img02075,1096,images/img02075.jpg,64.0,68.36463424378925,4.364634243789254,test
img02091,1105,images/img02091.jpg,71.0,83.34951907170333,12.349519071703329,test
img02092,1105,images/img02092.jpg,71.0,71.75589392793177,0.7558939279317656,test
img02099,1109,images/img02099.jpg,52.0,35.06662037462,16.93337962538,test
img02100,1109,images/img02100.jpg,54.0,41.43822499712457,12.561775002875429,test
img02114,1117,images/img02114.jpg,42.0,41.07000219673215,0.9299978032678524,test
img02115,1117,images/img02115.jpg,42.0,52.94679179733423,10.946791797334228,test
img02167,1144,images/img02167.jpg,40.0,62.781102538732675,22.781102538732675,test
img02217,1170,images/img02217.jpg,56.0,59.41258644455369,3.412586444553689,test
img02218,1170,images/img02218.jpg,56.0,62.35978718656078,6.35978718656078,test
img02259,1192,images/img02259.jpg,38.0,41.8922635700244,3.892263570024405,test
img02260,1192,images/img02260.jpg,38.0,45.25832688134025,7.258326881340253,test
img02261,1193,images/img02261.jpg,42.0,47.11622210603031,5.116222106030307,test
img02262,1193,images/img02262.jpg,42.0,45.59026834446804,3.590268344468043,test
img02275,1200,images/img02275.jpg,33.0,36.41872647076819,3.418726470768192,test
img02276,1200,images/img02276.jpg,33.0,60.14847310749177,27.148473107491768,test
img02284,1205,images/img02284.jpg,36.0,46.76829774701129,10.768297747011289,test
img02285,1205,images/img02285.jpg,36.0,39.88028035973993,3.880280359739928,test
img02303,1215,images/img02303.jpg,47.0,58.26750663256632,11.267506632566317,test
img02311,1219,images/img02311.jpg,31.0,36.79336206050489,5.79336206050489,test
img02312,1219,images/img02312.jpg,31.0,42.0156966775765,11.0156966775765,test
img02314,1221,images/img02314.jpg,17.0,23.309898803079925,6.309898803079925,test
img02315,1221,images/img02315.jpg,17.0,22.310430684240885,5.310430684240885,test
img02321,1225,images/img02321.jpg,51.0,60.44462482600749,9.444624826007484,test
img02322,1225,images/img02322.jpg,51.0,68.26284211905322,17.262842119053218,test
img02381,1255,images/img02381.jpg,28.0,28.45897820799753,0.4589782079975286,test
img02382,1255,images/img02382.jpg,28.0,22.410513822428875,5.589486177571125,test
img02390,1260,images/img02390.jpg,63.0,74.48549007804922,11.485490078049224,test
img02391,1260,images/img02391.jpg,63.0,67.11446641417508,4.114466414175084,test
img02414,1272,images/img02414.jpg,60.0,57.91641050575641,2.08358949424359,test
img02415,1272,images/img02415.jpg,60.0,59.81339886589604,0.1866011341039595,test
img02444,1287,images/img02444.jpg,34.0,39.03312035026914,5.033120350269137,test
img02473,1302,images/img02473.jpg,78.0,78.58611877776394,0.5861187777639429,test
img02474,1302,images/img02474.jpg,78.0,74.14086917803085,3.8591308219691456,test
img02525,1329,images/img02525.jpg,59.0,59.07385974861885,0.073859748618851,test
img02526,1329,images/img02526.jpg,59.0,58.8275786460118,0.1724213539881987,test
img02552,1343,images/img02552.jpg,82.0,73.76412543832775,8.235874561672247,test
img02563,1349,images/img02563.jpg,68.0,74.05282201657815,6.052822016578148,test
img02564,1349,images/img02564.jpg,68.0,68.94349209010115,0.9434920901011452,test
img02567,1351,images/img02567.jpg,79.0,82.0496815711527,3.049681571152703,test
img02568,1351,images/img02568.jpg,79.0,76.53018942009382,2.4698105799061807,test
img02584,1360,images/img02584.jpg,78.0,79.7094475234447,1.7094475234446946,test
img02628,1384,images/img02628.jpg,74.0,85.66352830094664,11.663528300946638,test
img02629,1384,images/img02629.jpg,74.0,86.77463784733943,12.774637847339434,test
img02632,1386,images/img02632.jpg,51.0,56.48004153003067,5.480041530030668,test
img02633,1386,images/img02633.jpg,51.0,63.33699540116321,12.336995401163207,test
img02691,1419,images/img02691.jpg,42.0,55.0656624642963,13.065662464296302,test
img02713,1430,images/img02713.jpg,49.0,45.36667248416637,3.633327515833628,test
img02714,1430,images/img02714.jpg,49.0,53.32605402917904,4.326054029179041,test
img02737,1444,images/img02737.jpg,60.0,66.76754977919589,6.767549779195889,test
img02748,1450,images/img02748.jpg,61.0,64.84519893262807,3.845198932628066,test
img02749,1450,images/img02749.jpg,61.0,53.174061106225835,7.825938893774165,test
img02780,1468,images/img02780.jpg,75.0,80.41321625444499,5.41321625444499,test
img02781,1468,images/img02781.jpg,75.0,76.06198599889409,1.0619859988940874,test
img02813,1485,images/img02813.jpg,64.0,60.43167246385613,3.568327536143869,test
img02826,1492,images/img02826.jpg,67.0,63.824229974413555,3.175770025586445,test
img02827,1492,images/img02827.jpg,67.0,68.07706862855758,1.0770686285575837,test
img02840,1499,images/img02840.jpg,74.0,82.07926983219186,8.079269832191855,test
img02858,1510,images/img02858.jpg,58.0,59.31844358874,1.3184435887400028,test
img02859,1510,images/img02859.jpg,58.0,67.43307189293184,9.433071892931835,test
img02866,1514,images/img02866.jpg,47.0,47.69965615371781,0.6996561537178039,test
img02867,1514,images/img02867.jpg,47.0,49.93667264885425,2.9366726488542483,test
img02888,1526,images/img02888.jpg,75.0,75.32833563264825,0.3283356326482476,test
img02899,1532,images/img02899.jpg,70.0,58.36716334207512,11.632836657924877,test
img02902,1534,images/img02902.jpg,63.0,69.568494754431,6.568494754431001,test
img02913,1540,images/img02913.jpg,72.0,73.01564822324937,1.0156482232493715,test
img02914,1540,images/img02914.jpg,72.0,69.56391637183452,2.436083628165477,test
img02939,1554,images/img02939.jpg,74.0,72.05852632629119,1.9414736737088136,test
img02940,1554,images/img02940.jpg,74.0,65.88250687104005,8.11749312895995,test
img02951,1560,images/img02951.jpg,59.0,63.0054138394782,4.0054138394782015,test
img02952,1560,images/img02952.jpg,59.0,66.88869696728105,7.888696967281049,test
img02955,1562,images/img02955.jpg,59.0,51.520530735425055,7.479469264574945,test
img02956,1562,images/img02956.jpg,59.0,46.01316126463084,12.986838735369162,test
img02974,1573,images/img02974.jpg,80.0,76.61178671144755,3.38821328855245,test
img02975,1573,images/img02975.jpg,80.0,68.50158110521294,11.498418894787063,test
img02976,1574,images/img02976.jpg,58.0,52.746561720247925,5.253438279752075,test
img02977,1574,images/img02977.jpg,58.0,56.387001349527594,1.612998650472406,test
img02978,1575,images/img02978.jpg,77.0,81.44742031556551,4.447420315565509,test
img02979,1575,images/img02979.jpg,77.0,82.45605610570183,5.456056105701833,test
img02998,1586,images/img02998.jpg,66.0,53.67327821630026,12.32672178369974,test
img02999,1586,images/img02999.jpg,66.0,50.54738013693749,15.452619863062516,test
img03007,1591,images/img03007.jpg,49.0,50.15444301352966,1.154443013529658,test
img03008,1591,images/img03008.jpg,49.0,37.61302996218818,11.38697003781182,test
img03037,1607,images/img03037.jpg,74.0,71.41970235594773,2.5802976440522656,test
img03052,1615,images/img03052.jpg,74.0,61.47198530666282,12.528014693337177,test
img03053,1615,images/img03053.jpg,74.0,64.18368971997923,9.816310280020772,test
img03062,1622,images/img03062.jpg,43.0,36.400063945043826,6.599936054956174,test
img03088,1637,images/img03088.jpg,61.0,58.872260410134295,2.1277395898657048,test
img03089,1637,images/img03089.jpg,61.0,53.63659117195467,7.36340882804533,test
img03126,1658,images/img03126.jpg,53.0,58.78101367032465,5.781013670324647,test
img03127,1658,images/img03127.jpg,53.0,56.39995691534709,3.39995691534709,test
img03133,1662,images/img03133.jpg,69.0,70.08230968514711,1.0823096851471092,test
img03153,1673,images/img03153.jpg,46.0,51.70921124802906,5.709211248029057,test
img03154,1673,images/img03154.jpg,46.0,51.75591064145205,5.755910641452047,test
img03159,1676,images/img03159.jpg,66.0,45.78842135398527,20.21157864601473,test
img03160,1676,images/img03160.jpg,66.0,67.32294096082738,1.3229409608273812,test
img03161,1677,images/img03161.jpg,72.0,71.36899660510022,0.6310033948997784,test
img03162,1677,images/img03162.jpg,72.0,67.01942843984877,4.980571560151233,test
img03197,1697,images/img03197.jpg,78.0,72.75493343687076,5.245066563129242,test
img03198,1697,images/img03198.jpg,78.0,68.93357407882617,9.066425921173831,test
img03205,1701,images/img03205.jpg,74.0,77.68070054019918,3.680700540199183,test
img03206,1701,images/img03206.jpg,74.0,72.30378716283845,1.6962128371615537,test
img03207,1702,images/img03207.jpg,68.0,77.41853960438682,9.418539604386822,test
img03208,1702,images/img03208.jpg,68.0,67.08183971247044,0.9181602875295596,test
img03223,1711,images/img03223.jpg,71.0,60.38126526761457,10.618734732385429,test
img03224,1711,images/img03224.jpg,71.0,64.14496050759841,6.855039492401588,test
img03259,1730,images/img03259.jpg,55.0,72.10462642928141,17.10462642928141,test
img03260,1730,images/img03260.jpg,55.0,54.68633315990988,0.3136668400901214,test
img03275,1737,images/img03275.jpg,53.0,67.15984453305886,14.15984453305886,test
img03276,1737,images/img03276.jpg,53.0,64.94058808351372,11.940588083513717,test
img03346,1777,images/img03346.jpg,56.0,49.142465047722325,6.857534952277675,test
img03347,1777,images/img03347.jpg,56.0,57.37251797073263,1.3725179707326305,test
img03377,1793,images/img03377.jpg,68.0,68.40593457026516,0.4059345702651598,test
img03378,1793,images/img03378.jpg,68.0,73.27083470534463,5.270834705344626,test
img03444,1828,images/img03444.jpg,78.0,68.85848664114523,9.141513358854766,test
img03472,1846,images/img03472.jpg,67.0,80.65876283092561,13.65876283092561,test
img03473,1846,images/img03473.jpg,67.0,73.16556353332828,6.165563533328282,test
img03479,1850,images/img03479.jpg,63.0,63.54662544956894,0.5466254495689427,test
img03480,1850,images/img03480.jpg,63.0,57.14037261075957,5.85962738924043,test
img03491,1856,images/img03491.jpg,33.0,69.57885010048948,36.578850100489475,test
img03492,1856,images/img03492.jpg,33.0,56.92059920369821,23.92059920369821,test
img03524,1875,images/img03524.jpg,81.0,84.61372414819678,3.613724148196781,test
img03534,1880,images/img03534.jpg,61.0,63.511905866443946,2.5119058664439464,test
img03535,1880,images/img03535.jpg,61.0,58.39483212875272,2.605167871247282,test
img03554,1890,images/img03554.jpg,57.0,56.21365481960735,0.7863451803926509,test
img03555,1890,images/img03555.jpg,57.0,52.278396470413334,4.721603529586666,test
img03562,1894,images/img03562.jpg,19.0,16.990169065806725,2.0098309341932747,test
img03563,1894,images/img03563.jpg,19.0,22.53373098911529,3.5337309891152913,test
img03570,1898,images/img03570.jpg,56.0,56.01344846329796,0.0134484632979621,test
img03571,1898,images/img03571.jpg,56.0,55.490653991584225,0.5093460084157755,test
img03593,1910,images/img03593.jpg,8.0,9.694373528359357,1.6943735283593568,test
img03594,1910,images/img03594.jpg,8.0,7.491754886270257,0.5082451137297426,test
img03614,1921,images/img03614.jpg,58.0,57.29338770834082,0.7066122916591766,test
img03615,1921,images/img03615.jpg,58.0,55.26647792653235,2.733522073467647,test
img03646,1937,images/img03646.jpg,66.0,63.570359313805355,2.429640686194645,test
img03665,1947,images/img03665.jpg,71.0,70.73565949584369,0.2643405041563085,test
img03666,1947,images/img03666.jpg,71.0,62.61790850133043,8.382091498669567,test
img03667,1948,images/img03667.jpg,72.0,64.1779585621554,7.822041437844604,test
img03668,1948,images/img03668.jpg,72.0,61.27072460271763,10.729275397282372,test
img03673,1951,images/img03673.jpg,73.0,78.13627905503,5.136279055030002,test
img03674,1951,images/img03674.jpg,73.0,71.48358486204313,1.516415137956869,test
img03710,1970,images/img03710.jpg,68.0,62.09586600551003,5.904133994489968,test
img03711,1970,images/img03711.jpg,68.0,67.40990623673085,0.5900937632691523,test
img03723,1977,images/img03723.jpg,68.0,65.0160501458783,2.983949854121704,test
img03724,1977,images/img03724.jpg,68.0,73.35988413778499,5.359884137784988,test
img03727,1979,images/img03727.jpg,50.0,60.677960110125774,10.677960110125774,test
img03728,1979,images/img03728.jpg,50.0,53.95659099614962,3.9565909961496217,test
img03775,2005,images/img03775.jpg,78.0,84.14029015936181,6.140290159361811,test
img03794,2016,images/img03794.jpg,30.0,27.721093001441524,2.278906998558476,test
img03795,2016,images/img03795.jpg,30.0,28.316727708039632,1.6832722919603675,test
img03804,2021,images/img03804.jpg,15.0,14.620010849046295,0.3799891509537048,test
img03805,2021,images/img03805.jpg,15.0,15.487464937448763,0.4874649374487632,test
img03854,2046,images/img03854.jpg,32.0,33.12673196698915,1.1267319669891478,test
img03855,2046,images/img03855.jpg,32.0,31.267581449691058,0.732418550308946,test
img03923,2081,images/img03923.jpg,21.0,34.12513783126674,13.12513783126674,test
img03924,2081,images/img03924.jpg,21.0,30.93828689808342,9.93828689808342,test
img03943,2091,images/img03943.jpg,56.0,53.32118281768139,2.6788171823186104,test
img03944,2091,images/img03944.jpg,56.0,54.74620521879162,1.2537947812083772,test
img03956,2098,images/img03956.jpg,60.0,56.405111003925725,3.5948889960742747,test
img03957,2098,images/img03957.jpg,60.0,54.33508707416547,5.664912925834528,test
img04035,2142,images/img04035.jpg,60.0,58.50652754152288,1.4934724584771215,test
img04036,2142,images/img04036.jpg,60.0,64.60695944604653,4.606959446046531,test
img04043,2146,images/img04043.jpg,48.0,54.18862599997953,6.188625999979529,test
img04044,2146,images/img04044.jpg,48.0,54.57404718159041,6.574047181590409,test
img04048,2148,images/img04048.jpg,56.0,52.59799494996905,3.402005050030951,test
img04049,2149,images/img04049.jpg,36.0,41.85322735080678,5.853227350806783,test
img04050,2149,images/img04050.jpg,36.0,41.17929008697213,5.179290086972131,test
img04163,2207,images/img04163.jpg,39.0,42.658768575555314,3.658768575555314,test
img04164,2207,images/img04164.jpg,39.0,49.07698098020652,10.07698098020652,test
img04165,2208,images/img04165.jpg,71.0,76.1724691981683,5.172469198168301,test
img04166,2208,images/img04166.jpg,71.0,66.0206599476023,4.979340052397703,test
img04195,2225,images/img04195.jpg,82.0,66.35549480020805,15.64450519979195,test
img04196,2225,images/img04196.jpg,82.0,70.62634761217419,11.373652387825814,test
img04209,2233,images/img04209.jpg,75.0,65.37386797743754,9.62613202256246,test
img04210,2233,images/img04210.jpg,75.0,76.85790258657404,1.857902586574042,test
img04225,2241,images/img04225.jpg,58.0,63.61719121639592,5.617191216395916,test
img04226,2241,images/img04226.jpg,58.0,58.316411240284225,0.3164112402842249,test
img04233,2246,images/img04233.jpg,76.0,88.80803737469083,12.808037374690826,test
img04234,2246,images/img04234.jpg,76.0,80.11873835029085,4.1187383502908546,test
img04253,2256,images/img04253.jpg,67.0,58.36728821696967,8.63271178303033,test
img04254,2256,images/img04254.jpg,67.0,56.099112640955234,10.900887359044766,test
img04286,2273,images/img04286.jpg,45.0,48.757701504202366,3.757701504202366,test
img04295,2278,images/img04295.jpg,50.0,43.59107145089654,6.408928549103457,test
img04296,2278,images/img04296.jpg,50.0,47.284892643720354,2.7151073562796455,test
img04306,2284,images/img04306.jpg,79.0,75.15425675782245,3.845743242177548,test
img04307,2284,images/img04307.jpg,79.0,79.55747095964799,0.5574709596479863,test
img04372,2320,images/img04372.jpg,27.0,49.22196891235049,22.22196891235049,test
img04373,2320,images/img04373.jpg,27.0,28.309520954300353,1.3095209543003534,test
img04381,2325,images/img04381.jpg,77.0,83.34417289936223,6.344172899362235,test
img04391,2330,images/img04391.jpg,33.0,37.33317932515742,4.333179325157417,test
img04392,2330,images/img04392.jpg,33.0,39.72168160939586,6.7216816093958585,test
img04403,2336,images/img04403.jpg,78.0,76.16850155741415,1.831498442585854,test
img04473,2372,images/img04473.jpg,43.0,55.429961793657085,12.429961793657084,test
img04474,2373,images/img04474.jpg,32.0,35.10446019419295,3.104460194192953,test
img04475,2373,images/img04475.jpg,32.0,32.03987977784047,0.0398797778404684,test
img04492,2382,images/img04492.jpg,73.0,83.06843604488361,10.068436044883612,test
img04493,2382,images/img04493.jpg,73.0,85.94886252723302,12.948862527233018,test
img04528,2400,images/img04528.jpg,74.0,79.64608960096743,5.646089600967429,test
img04529,2400,images/img04529.jpg,74.0,79.6396549994145,5.639654999414503,test
img04540,2406,images/img04540.jpg,68.0,60.360333454232375,7.639666545767625,test
img04541,2406,images/img04541.jpg,68.0,63.36753631041531,4.632463689584689,test
img04564,2419,images/img04564.jpg,58.0,62.41577530903907,4.41577530903907,test
img04565,2419,images/img04565.jpg,58.0,46.60051169438216,11.399488305617837,test
img04568,2421,images/img04568.jpg,70.0,70.93743551321833,0.9374355132183324,test
img04569,2421,images/img04569.jpg,70.0,66.30691137726257,3.6930886227374344,test
img04570,2422,images/img04570.jpg,32.0,30.611319709139163,1.3886802908608369,test
img04571,2422,images/img04571.jpg,32.0,29.921499885573105,2.078500114426898,test
img04580,2427,images/img04580.jpg,44.0,51.74762745521569,7.747627455215692,test
img04581,2427,images/img04581.jpg,61.0,46.77982331806406,14.22017668193594,test
img04586,2430,images/img04586.jpg,39.0,41.732689813953506,2.732689813953506,test
img04587,2430,images/img04587.jpg,39.0,39.1872465072287,0.1872465072286999,test
img04588,2431,images/img04588.jpg,44.0,41.2145658814178,2.7854341185822022,test
img04589,2431,images/img04589.jpg,44.0,43.37655928488883,0.6234407151111725,test
img04609,2442,images/img04609.jpg,45.0,44.65140980981586,0.3485901901841401,test
img04610,2442,images/img04610.jpg,45.0,50.25828275935308,5.258282759353079,test
img04619,2447,images/img04619.jpg,37.0,56.36778329411408,19.367783294114084,test
img04625,2450,images/img04625.jpg,64.0,57.01971074431697,6.980289255683033,test
img04626,2450,images/img04626.jpg,64.0,59.44419342550376,4.555806574496238,test
img04657,2466,images/img04657.jpg,67.0,62.49482329850637,4.505176701493632,test
img04658,2466,images/img04658.jpg,67.0,62.67382900596189,4.326170994038108,test
img04705,2490,images/img04705.jpg,35.0,44.688467661708565,9.688467661708565,test
img04706,2490,images/img04706.jpg,35.0,35.39637298260938,0.3963729826093782,test
img04723,2499,images/img04723.jpg,61.0,54.44455927756857,6.5554407224314275,test
img04829,2552,images/img04829.jpg,58.0,53.54175741443187,4.458242585568129,test
img04830,2552,images/img04830.jpg,58.0,58.79967128830206,0.7996712883020578,test
img04837,2556,images/img04837.jpg,53.0,68.99955164756278,15.999551647562782,test
img04838,2556,images/img04838.jpg,53.0,57.895137331308774,4.895137331308774,test
img04861,2568,images/img04861.jpg,43.0,49.11783851884675,6.117838518846753,test
img04888,2582,images/img04888.jpg,47.0,47.77473159468399,0.7747315946839919,test
img04889,2582,images/img04889.jpg,47.0,52.92540738062245,5.9254073806224525,test
img04920,2599,images/img04920.jpg,60.0,63.32691216240768,3.3269121624076803,test
img04952,2616,images/img04952.jpg,52.0,49.387439599031,2.612560400969002,test
img04953,2616,images/img04953.jpg,52.0,59.42399586559537,7.423995865595373,test
img04963,2622,images/img04963.jpg,80.0,88.25918985565553,8.259189855655535,test
img04964,2622,images/img04964.jpg,80.0,72.66792126471867,7.332078735281328,test
img04985,2633,images/img04985.jpg,79.0,80.34645780863856,1.3464578086385617,test
img04986,2633,images/img04986.jpg,79.0,76.62860610554065,2.371393894459345,test
img04987,2634,images/img04987.jpg,60.0,82.85682054018514,22.85682054018514,test
img04988,2634,images/img04988.jpg,60.0,62.24139051798689,2.241390517986894,test
img05014,2648,images/img05014.jpg,39.0,38.71678879426457,0.2832112057354266,test
img05015,2648,images/img05015.jpg,39.0,43.89345737129818,4.893457371298183,test
img05017,2649,images/img05017.jpg,49.0,66.83541410398107,17.835414103981066,test
img05035,2659,images/img05035.jpg,43.0,49.09475302251258,6.0947530225125774,test
img05036,2659,images/img05036.jpg,43.0,55.90919292224707,12.909192922247072,test
img05047,2665,images/img05047.jpg,30.0,34.87318534583464,4.873185345834642,test
img05051,2667,images/img05051.jpg,32.0,35.44132358220352,3.4413235822035233,test
img05052,2667,images/img05052.jpg,32.0,35.25416392584792,3.2541639258479194,test
img05053,2668,images/img05053.jpg,56.0,54.5319065397761,1.4680934602238978,test
img05054,2668,images/img05054.jpg,56.0,61.315566686573725,5.3155666865737246,test
img05061,2672,images/img05061.jpg,69.0,68.48029020834576,0.5197097916542361,test
img05062,2672,images/img05062.jpg,69.0,69.207249679587,0.2072496795869938,test
img05069,2676,images/img05069.jpg,58.0,64.69905059098369,6.699050590983688,test
img05070,2676,images/img05070.jpg,58.0,58.93927542204501,0.9392754220450072,test
img05124,2705,images/img05124.jpg,35.0,38.09255610090021,3.092556100900211,test
img05125,2705,images/img05125.jpg,35.0,40.84296655112574,5.842966551125741,test
img05139,2713,images/img05139.jpg,26.0,35.236607279102316,9.236607279102316,test
img05140,2713,images/img05140.jpg,26.0,25.433075200030306,0.5669247999696942,test
img05159,2723,images/img05159.jpg,33.0,41.68929006239465,8.689290062394647,test
img05160,2723,images/img05160.jpg,33.0,45.271066301804616,12.271066301804616,test
img05169,2728,images/img05169.jpg,38.0,31.044793731720013,6.955206268279987,test
img05170,2728,images/img05170.jpg,38.0,33.89982644075443,4.100173559245569,test
img05171,2729,images/img05171.jpg,33.0,32.71912504265107,0.280874957348928,test
img05172,2729,images/img05172.jpg,33.0,28.709031186786063,4.2909688132139365,test
img05189,2738,images/img05189.jpg,69.0,72.16342014709782,3.163420147097824,test
img05190,2739,images/img05190.jpg,55.0,56.48932412440229,1.4893241244022877,test
img05191,2739,images/img05191.jpg,55.0,59.66598487084453,4.665984870844532,test
img05192,2740,images/img05192.jpg,81.0,82.52346455532614,1.523464555326143,test
img05202,2745,images/img05202.jpg,63.0,48.84290489895182,14.157095101048178,test
img05203,2745,images/img05203.jpg,63.0,56.29002542862552,6.709974571374481,test
img05218,2753,images/img05218.jpg,8.0,15.776677374433817,7.776677374433817,test
img05231,2760,images/img05231.jpg,65.0,63.64367287361751,1.3563271263824888,test
img05232,2760,images/img05232.jpg,65.0,69.7324713048187,4.732471304818702,test
img05235,2762,images/img05235.jpg,34.0,37.68212885798317,3.682128857983173,test
img05236,2762,images/img05236.jpg,34.0,42.36786351117871,8.367863511178712,test
img05238,2763,images/img05238.jpg,32.0,32.57595842992971,0.5759584299297131,test
img05249,2769,images/img05249.jpg,67.0,58.49432401975989,8.505675980240113,test
img05250,2769,images/img05250.jpg,67.0,67.11767826189939,0.1176782618993854,test
img05267,2778,images/img05267.jpg,84.0,78.74457138631001,5.255428613689986,test
img05268,2778,images/img05268.jpg,84.0,86.66073013130654,2.6607301313065364,test
img05285,2787,images/img05285.jpg,70.0,77.30013639215034,7.300136392150336,test
img05286,2787,images/img05286.jpg,70.0,70.66014126704182,0.6601412670418227,test
img05287,2788,images/img05287.jpg,77.0,77.79226998746438,0.7922699874643797,test
img05288,2788,images/img05288.jpg,77.0,83.47476913623629,6.47476913623629,test
img05289,2789,images/img05289.jpg,61.0,56.77084244111095,4.2291575588890495,test
img05290,2789,images/img05290.jpg,61.0,58.95016980230985,2.0498301976901487,test
img05311,2800,images/img05311.jpg,86.0,79.72422093236604,6.275779067633962,test
img05312,2800,images/img05312.jpg,86.0,82.63459775841824,3.365402241581762,test
img05317,2803,images/img05317.jpg,64.0,78.03447275235834,14.03447275235834,test
img05318,2803,images/img05318.jpg,64.0,78.03225226951736,14.032252269517356,test
img05319,2804,images/img05319.jpg,83.0,79.02548864034395,3.9745113596560486,test
img05320,2804,images/img05320.jpg,83.0,72.09106359794035,10.908936402059652,test
img05324,2807,images/img05324.jpg,75.0,76.82364215044122,1.8236421504412164,test
img05325,2807,images/img05325.jpg,75.0,78.63498030636975,3.634980306369755,test
img05344,2817,images/img05344.jpg,48.0,52.65404905437852,4.654049054378518,test
img05345,2817,images/img05345.jpg,48.0,52.99418481899241,4.994184818992409,test
img05376,2833,images/img05376.jpg,55.0,63.78024947279929,8.78024947279929,test
img05377,2833,images/img05377.jpg,55.0,64.24495530634135,9.244955306341351,test
img05394,2842,images/img05394.jpg,58.0,52.97880148618657,5.021198513813431,test
img05395,2842,images/img05395.jpg,58.0,48.86154234063623,9.138457659363771,test
img05398,2844,images/img05398.jpg,77.0,76.93383742856119,0.0661625714388094,test
img05399,2844,images/img05399.jpg,77.0,67.0860342001946,9.913965799805396,test
img05448,2870,images/img05448.jpg,59.0,58.14252049575806,0.8574795042419368,test
img05449,2870,images/img05449.jpg,59.0,57.36911383475642,1.6308861652435809,test
img05454,2873,images/img05454.jpg,61.0,73.25843446472483,12.258434464724829,test
img05455,2873,images/img05455.jpg,61.0,69.55587202928292,8.555872029282924,test
img05465,2879,images/img05465.jpg,61.0,60.21799434217682,0.7820056578231771,test
img05466,2879,images/img05466.jpg,61.0,72.86677771796498,11.86677771796498,test
img05467,2880,images/img05467.jpg,58.0,58.81795264568019,0.8179526456801867,test
img05468,2880,images/img05468.jpg,58.0,58.271431330534696,0.2714313305346962,test
img05475,2884,images/img05475.jpg,60.0,65.25006842478005,5.2500684247800535,test
img05476,2884,images/img05476.jpg,60.0,72.78551306279323,12.785513062793228,test
img05481,2887,images/img05481.jpg,45.0,44.39762694334749,0.6023730566525103,test
img05483,2888,images/img05483.jpg,66.0,74.68150112867662,8.681501128676615,test
img05488,2891,images/img05488.jpg,56.0,71.19178985955344,15.191789859553438,test
img05510,2903,images/img05510.jpg,59.0,54.473266052725485,4.526733947274515,test
img05511,2903,images/img05511.jpg,59.0,64.825166054895,5.825166054895007,test
img05521,2908,images/img05521.jpg,78.0,84.29336605847467,6.293366058474675,test
img05548,2922,images/img05548.jpg,33.0,36.223273812682336,3.2232738126823364,test
img05549,2922,images/img05549.jpg,33.0,38.665268357423834,5.665268357423834,test
img05570,2933,images/img05570.jpg,58.0,59.81199797679524,1.81199797679524,test
img05571,2933,images/img05571.jpg,58.0,62.3363314279847,4.336331427984703,test
img05585,2942,images/img05585.jpg,58.0,59.498003053642734,1.4980030536427336,test
img05586,2942,images/img05586.jpg,58.0,56.61907650145405,1.3809234985459469,test
img05594,2946,images/img05594.jpg,71.0,80.44330837750404,9.44330837750404,test
img05624,2962,images/img05624.jpg,72.0,48.99891017768692,23.001089822313077,test
img05625,2962,images/img05625.jpg,72.0,41.464209881294074,30.53579011870593,test
img05656,2978,images/img05656.jpg,58.0,63.47335387825844,5.473353878258443,test
img05657,2978,images/img05657.jpg,58.0,48.284642685356246,9.715357314643754,test
img05658,2979,images/img05658.jpg,49.0,63.95109850482865,14.95109850482865,test
img05659,2979,images/img05659.jpg,49.0,54.403305029383446,5.403305029383446,test
img05664,2982,images/img05664.jpg,58.0,51.15867819057003,6.841321809429971,test
img05665,2982,images/img05665.jpg,58.0,58.41150838022652,0.4115083802265218,test
img05674,2987,images/img05674.jpg,50.0,56.39732486339408,6.397324863394076,test
img05675,2987,images/img05675.jpg,50.0,53.23838203771517,3.2383820377151693,test
img05709,3006,images/img05709.jpg,39.0,39.26944581554128,0.2694458155412818,test
img05710,3006,images/img05710.jpg,39.0,41.43391708591541,2.433917085915404,test
img05745,3024,images/img05745.jpg,83.0,75.2864300173822,7.713569982617798,test
img05746,3024,images/img05746.jpg,83.0,73.59851079107013,9.401489208929874,test
img05760,3031,images/img05760.jpg,72.0,68.81204735831044,3.187952641689563,test
img05788,3046,images/img05788.jpg,50.0,54.251073262745486,4.251073262745486,test
img05789,3046,images/img05789.jpg,50.0,51.77851954102713,1.77851954102713,test
img05793,3048,images/img05793.jpg,69.0,71.92080731268116,2.9208073126811627,test
img05816,3060,images/img05816.jpg,47.0,51.26331299139889,4.263312991398891,test
img05817,3060,images/img05817.jpg,47.0,51.315801344998654,4.315801344998654,test
img05836,3070,images/img05836.jpg,72.0,85.31920950001813,13.319209500018133,test
img05837,3070,images/img05837.jpg,72.0,81.48779471378406,9.487794713784057,test
img05853,3079,images/img05853.jpg,65.0,58.482073465421976,6.517926534578024,test
img05854,3079,images/img05854.jpg,65.0,57.573831501120665,7.426168498879335,test
img05863,3084,images/img05863.jpg,50.0,63.80932078449334,13.809320784493336,test
img05864,3084,images/img05864.jpg,50.0,61.726150977393075,11.726150977393075,test
img05884,3095,images/img05884.jpg,50.0,42.25429497499039,7.745705025009613,test
img05885,3095,images/img05885.jpg,50.0,49.644513927785255,0.3554860722147452,test
img05910,3109,images/img05910.jpg,54.0,53.63994588964566,0.3600541103543406,test
img05911,3109,images/img05911.jpg,54.0,57.626046111501815,3.6260461115018146,test
img05924,3116,images/img05924.jpg,69.0,69.73376695001275,0.7337669500127504,test
img05925,3116,images/img05925.jpg,69.0,70.10284478898441,1.102844788984413,test
img05938,3124,images/img05938.jpg,45.0,52.47188439380468,7.471884393804679,test
img05939,3124,images/img05939.jpg,45.0,44.02739851036934,0.9726014896306624,test
img05956,3133,images/img05956.jpg,45.0,50.90770255535543,5.907702555355428,test
img05975,3143,images/img05975.jpg,68.0,68.12814954939394,0.1281495493939388,test
img05976,3143,images/img05976.jpg,68.0,76.54745378324347,8.54745378324347,test
img05995,3154,images/img05995.jpg,56.0,52.84603139006752,3.153968609932477,test
img05996,3154,images/img05996.jpg,56.0,59.57700578277707,3.5770057827770714,test
img06022,3169,images/img06022.jpg,82.0,78.41985521729886,3.58014478270114,test
img06023,3169,images/img06023.jpg,82.0,70.82563703776228,11.174362962237725,test
img06034,3175,images/img06034.jpg,88.0,82.97086567313256,5.029134326867435,test
img06035,3175,images/img06035.jpg,88.0,74.22051754854135,13.779482451458648,test
img06053,3185,images/img06053.jpg,42.0,51.00028992803948,9.000289928039479,test
img06054,3185,images/img06054.jpg,42.0,43.851878939161935,1.851878939161935,test
img06071,3194,images/img06071.jpg,42.0,40.38430160877039,1.615698391229607,test
img06072,3194,images/img06072.jpg,42.0,48.34779121063043,6.347791210630433,test
img06125,3222,images/img06125.jpg,61.0,51.13017399630099,9.86982600369901,test
img06126,3222,images/img06126.jpg,61.0,57.233311432655555,3.7666885673444455,test
img06131,3225,images/img06131.jpg,65.0,58.77594669425432,6.224053305745677,test
img06132,3225,images/img06132.jpg,65.0,70.80414764979636,5.804147649796363,test
img06163,3242,images/img06163.jpg,23.0,27.40540054315052,4.40540054315052,test
img06164,3242,images/img06164.jpg,23.0,36.75652124008829,13.75652124008829,test
img06175,3248,images/img06175.jpg,51.0,49.11169892741587,1.8883010725841272,test
img06176,3248,images/img06176.jpg,51.0,52.59637539347649,1.5963753934764924,test
img06180,3251,images/img06180.jpg,56.0,56.451171435961456,0.4511714359614558,test
img06181,3251,images/img06181.jpg,56.0,65.11342475305668,9.113424753056677,test
img06203,3263,images/img06203.jpg,52.0,50.65319770478061,1.3468022952193903,test
img06204,3263,images/img06204.jpg,52.0,50.34002673781001,1.6599732621899932,test
img06217,3272,images/img06217.jpg,59.0,53.9852696880879,5.014730311912103,test
img06218,3272,images/img06218.jpg,59.0,58.33400414982671,0.6659958501732888,test
img06250,3289,images/img06250.jpg,60.0,51.04142502703483,8.958574972965167,test
img06251,3289,images/img06251.jpg,60.0,51.11326517215241,8.88673482784759,test
img06256,3292,images/img06256.jpg,69.0,58.475160631194306,10.524839368805694,test
img06257,3292,images/img06257.jpg,69.0,60.52451422142361,8.475485778576392,test
img06284,3306,images/img06284.jpg,54.0,57.07307853890439,3.07307853890439,test
img06285,3306,images/img06285.jpg,54.0,59.40440550304539,5.404405503045396,test
img06287,3307,images/img06287.jpg,57.0,46.41273911496338,10.58726088503662,test
img06304,3317,images/img06304.jpg,43.0,60.86789455207478,17.86789455207478,test
img06305,3317,images/img06305.jpg,43.0,57.72634982564982,14.72634982564982,test
img06343,3337,images/img06343.jpg,35.0,30.634163635262492,4.365836364737508,test
img06350,3340,images/img06350.jpg,51.0,56.575110859406934,5.575110859406934,test
img06363,3347,images/img06363.jpg,67.0,70.30471787068757,3.3047178706875684,test
img06380,3356,images/img06380.jpg,56.0,60.72393561087406,4.723935610874058,test
img06381,3356,images/img06381.jpg,56.0,55.58391536151568,0.4160846384843211,test
img06440,3387,images/img06440.jpg,46.0,47.172362368663954,1.1723623686639542,test
img06441,3387,images/img06441.jpg,46.0,45.86180853000163,0.1381914699983681,test
img06511,3423,images/img06511.jpg,65.0,57.08965588564458,7.910344114355418,test
img06512,3423,images/img06512.jpg,65.0,61.31145399463202,3.688546005367982,test
img06547,3442,images/img06547.jpg,73.0,74.02114741778124,1.0211474177812363,test
img06548,3443,images/img06548.jpg,64.0,71.11466625219464,7.114666252194638,test
img06549,3443,images/img06549.jpg,64.0,59.22841942322541,4.771580576774589,test
img06598,3470,images/img06598.jpg,68.0,81.24129930622699,13.241299306226992,test
img06624,3485,images/img06624.jpg,76.0,80.16623879707666,4.166238797076659,test
img06625,3485,images/img06625.jpg,76.0,82.91982946732395,6.91982946732395,test
img06628,3487,images/img06628.jpg,79.0,63.85308370932628,15.146916290673722,test
img06629,3487,images/img06629.jpg,79.0,80.38691509325,1.3869150932499963,test
img06706,3529,images/img06706.jpg,7.0,15.82371322117529,8.82371322117529,test
img06718,3535,images/img06718.jpg,61.0,58.024419246285134,2.9755807537148655,test
img06719,3535,images/img06719.jpg,61.0,66.26284199089804,5.262841990898039,test
img06722,3537,images/img06722.jpg,53.0,52.65885701047108,0.3411429895289188,test
img06723,3537,images/img06723.jpg,53.0,51.05149136132865,1.948508638671349,test
img06747,3551,images/img06747.jpg,23.0,34.17124229669869,11.171242296698694,test
img06832,3594,images/img06832.jpg,50.0,46.21587193514631,3.7841280648536895,test
img06833,3594,images/img06833.jpg,50.0,51.054013397954265,1.0540133979542643,test
img06836,3596,images/img06836.jpg,77.0,79.69898420695337,2.6989842069533694,test
img06837,3596,images/img06837.jpg,77.0,77.05406632266202,0.0540663226620239,test
img06844,3600,images/img06844.jpg,39.0,45.23900998935627,6.239009989356269,test
img06845,3600,images/img06845.jpg,39.0,59.87207507043833,20.872075070438328,test
img06852,3604,images/img06852.jpg,76.0,64.82392439491738,11.176075605082616,test
img06916,3637,images/img06916.jpg,74.0,79.9030505062367,5.903050506236696,test
img06922,3640,images/img06922.jpg,48.0,53.80069723233126,5.80069723233126,test
img06923,3640,images/img06923.jpg,48.0,49.59476191576114,1.59476191576114,test
img06933,3646,images/img06933.jpg,73.0,63.55538795909047,9.444612040909533,test
img06934,3646,images/img06934.jpg,73.0,70.283846858837,2.716153141163005,test
img06964,3662,images/img06964.jpg,73.0,57.37849308447763,15.621506915522367,test
img06993,3679,images/img06993.jpg,53.0,51.247009456040466,1.752990543959534,test
img06994,3679,images/img06994.jpg,53.0,52.141280564372586,0.8587194356274139,test
img07022,3695,images/img07022.jpg,76.0,83.77312088864737,7.7731208886473695,test
img07023,3695,images/img07023.jpg,76.0,79.16584584059069,3.1658458405906913,test
img07071,3720,images/img07071.jpg,70.0,58.75638714144907,11.243612858550932,test
img07113,3742,images/img07113.jpg,63.0,64.15450007705324,1.1545000770532423,test
img07114,3742,images/img07114.jpg,63.0,70.6803284661511,7.680328466151096,test
img07125,3748,images/img07125.jpg,20.0,26.099843881490823,6.099843881490823,test
img07126,3748,images/img07126.jpg,20.0,30.71014646410869,10.710146464108686,test
img07187,3780,images/img07187.jpg,45.0,53.6349078147518,8.634907814751799,test
img07188,3780,images/img07188.jpg,45.0,61.958356661755694,16.958356661755694,test
img07206,3790,images/img07206.jpg,38.0,43.380916273567465,5.380916273567465,test
img07207,3790,images/img07207.jpg,38.0,32.73738840495706,5.262611595042941,test
img07208,3791,images/img07208.jpg,48.0,51.90874660626972,3.908746606269723,test
img07209,3791,images/img07209.jpg,48.0,50.3563122780963,2.356312278096297,test
img07214,3794,images/img07214.jpg,29.0,35.393964914773974,6.393964914773974,test
img07244,3810,images/img07244.jpg,36.0,44.152298488953406,8.152298488953406,test
img07245,3810,images/img07245.jpg,36.0,40.55134931813659,4.551349318136587,test
img07285,3831,images/img07285.jpg,27.0,37.383665863307954,10.383665863307954,test
img07286,3831,images/img07286.jpg,27.0,30.202515294545982,3.202515294545986,test
img07305,3841,images/img07305.jpg,74.0,66.3706084795844,7.629391520415595,test
img07306,3841,images/img07306.jpg,74.0,68.8309934427473,5.1690065572527,test
img07317,3847,images/img07317.jpg,38.0,38.08509196309881,0.0850919630988116,test
img07318,3847,images/img07318.jpg,38.0,34.30214608571478,3.6978539142852185,test
img07335,3856,images/img07335.jpg,42.0,49.03917006181004,7.03917006181004,test
img07336,3856,images/img07336.jpg,42.0,48.416591279166866,6.416591279166866,test
img07371,3874,images/img07371.jpg,42.0,51.67945448767806,9.679454487678058,test
img07372,3874,images/img07372.jpg,42.0,58.0728456213283,16.072845621328298,test
img07408,3893,images/img07408.jpg,57.0,53.607899665343815,3.3921003346561847,test
img07409,3893,images/img07409.jpg,57.0,57.15462020912606,0.1546202091260582,test
img07414,3896,images/img07414.jpg,42.0,51.5483549340893,9.548354934089303,test
img07419,3899,images/img07419.jpg,73.0,75.36665532081159,2.3666553208115886,test
img07420,3899,images/img07420.jpg,73.0,80.8375509615998,7.837550961599803,test
img07454,3917,images/img07454.jpg,87.0,84.98176154481564,2.0182384551843597,test
img07455,3917,images/img07455.jpg,87.0,84.31064569017038,2.689354309829625,test
img07470,3925,images/img07470.jpg,72.0,64.25768491131183,7.742315088688173,test
img07471,3925,images/img07471.jpg,72.0,62.64500035508912,9.354999644910876,test
img07494,3938,images/img07494.jpg,82.0,80.93479851266278,1.0652014873372195,test
img07495,3938,images/img07495.jpg,82.0,74.99121704179643,7.008782958203568,test
img07562,3974,images/img07562.jpg,57.0,78.0891559594539,21.089155959453905,test
img07563,3974,images/img07563.jpg,57.0,66.11376208841058,9.11376208841058,test
img07593,3990,images/img07593.jpg,82.0,76.33061643579323,5.669383564206768,test
img07594,3990,images/img07594.jpg,82.0,77.88712692045887,4.1128730795411315,test
img07639,4013,images/img07639.jpg,65.0,51.96548724994658,13.034512750053423,test
img07640,4013,images/img07640.jpg,71.0,61.150674568727766,9.849325431272234,test
img07641,4013,images/img07641.jpg,71.0,75.40380587459107,4.403805874591072,test
img07649,4018,images/img07649.jpg,64.0,50.474550262852226,13.525449737147774,test
img07650,4018,images/img07650.jpg,64.0,62.75218227658356,1.2478177234164392,test
img07701,4045,images/img07701.jpg,38.0,69.84515753716697,31.84515753716697,test
img07702,4045,images/img07702.jpg,38.0,66.41105703931237,28.411057039312368,test
img07712,4050,images/img07712.jpg,44.0,58.58237888364878,14.58237888364878,test
img07727,4059,images/img07727.jpg,65.0,59.567159751790655,5.432840248209345,test
img07762,4078,images/img07762.jpg,48.0,60.21560072492966,12.215600724929658,test
img07844,4121,images/img07844.jpg,73.0,61.46730058954916,11.53269941045084,test
img07845,4121,images/img07845.jpg,73.0,61.430473401762974,11.569526598237026,test
img07848,4123,images/img07848.jpg,12.0,21.21298866779069,9.21298866779069,test
img07867,4133,images/img07867.jpg,58.0,56.110212328634034,1.8897876713659656,test
img07868,4133,images/img07868.jpg,58.0,66.9656024525533,8.965602452553298,test
img07869,4134,images/img07869.jpg,13.0,22.040460977730383,9.040460977730383,test
img07870,4134,images/img07870.jpg,13.0,18.928925419808444,5.928925419808444,test
img07897,4148,images/img07897.jpg,27.0,43.47508503137893,16.475085031378924,test
img07898,4148,images/img07898.jpg,27.0,32.083382046779995,5.083382046779995,test
img07937,4169,images/img07937.jpg,65.0,72.21802155841094,7.218021558410939,test
img07938,4169,images/img07938.jpg,65.0,68.27709421618775,3.2770942161877485,test
img07965,4184,images/img07965.jpg,79.0,81.78326943587368,2.783269435873678,test
img07966,4184,images/img07966.jpg,79.0,81.04482801799699,2.0448280179969913,test
img08005,4205,images/img08005.jpg,58.0,68.3055089804013,10.3055089804013,test
img08013,4209,images/img08013.jpg,65.0,70.76324321490753,5.763243214907533,test
img08059,4232,images/img08059.jpg,61.0,57.153543367650066,3.846456632349934,test
img08060,4232,images/img08060.jpg,61.0,57.4762273204462,3.523772679553801,test
img08087,4246,images/img08087.jpg,60.0,49.898412944264706,10.101587055735294,test
img08088,4246,images/img08088.jpg,60.0,65.72827383425809,5.72827383425809,test
img08089,4247,images/img08089.jpg,63.0,62.04312681151075,0.9568731884892472,test
img08090,4247,images/img08090.jpg,63.0,63.86628554861411,0.8662855486141083,test
img08101,4253,images/img08101.jpg,63.0,57.12234495663335,5.8776550433666515,test
img08102,4253,images/img08102.jpg,63.0,52.42086236593168,10.579137634068315,test
img08114,4260,images/img08114.jpg,71.0,63.84962483833897,7.150375161661032,test
img08115,4260,images/img08115.jpg,71.0,51.54088425262531,19.45911574737469,test
img08143,4275,images/img08143.jpg,64.0,53.93661755668517,10.063382443314836,test
img08167,4287,images/img08167.jpg,52.0,49.444854785260475,2.5551452147395253,test
img08168,4287,images/img08168.jpg,52.0,54.84363381118642,2.8436338111864217,test
img08176,4291,images/img08176.jpg,72.0,64.51036844246404,7.489631557535958,test
img08201,4305,images/img08201.jpg,46.0,55.79445525167489,9.79445525167489,test
img08202,4305,images/img08202.jpg,46.0,26.562749117208508,19.437250882791492,test
img08215,4312,images/img08215.jpg,33.0,48.43789908049573,15.437899080495733,test
img08216,4312,images/img08216.jpg,33.0,37.761994259969775,4.761994259969775,test
img08232,4321,images/img08232.jpg,59.0,63.563380497646506,4.563380497646506,test
img08233,4321,images/img08233.jpg,59.0,75.15247688159629,16.152476881596286,test
img08251,4331,images/img08251.jpg,60.0,68.89824048202757,8.898240482027575,test
img08252,4331,images/img08252.jpg,60.0,72.23054285678876,12.23054285678876,test
img08299,4357,images/img08299.jpg,45.0,44.68420119369584,0.3157988063041586,test
img08300,4357,images/img08300.jpg,45.0,33.30741994103711,11.69258005896289,test
img08304,4359,images/img08304.jpg,63.0,58.36564493970019,4.634355060299804,test
img08365,4392,images/img08365.jpg,17.0,43.29113504152676,26.29113504152676,test
img08366,4392,images/img08366.jpg,17.0,26.60345287977773,9.60345287977773,test
img08369,4394,images/img08369.jpg,22.0,23.426526501531978,1.426526501531974,test
img08370,4394,images/img08370.jpg,22.0,36.24306621081497,14.243066210814971,test
img08375,4398,images/img08375.jpg,19.0,31.23235691393572,12.232356913935718,test
img08376,4398,images/img08376.jpg,19.0,23.896557785816917,4.896557785816917,test
img08391,4406,images/img08391.jpg,39.0,43.52923056753117,4.529230567531172,test
img08392,4406,images/img08392.jpg,39.0,41.092359710602494,2.0923597106024943,test
img08508,4471,images/img08508.jpg,18.0,28.47346587698551,10.473465876985513,test
img08509,4471,images/img08509.jpg,18.0,15.10943318682464,2.8905668131753615,test
img08522,4478,images/img08522.jpg,69.0,63.272604125300965,5.7273958746990346,test
img08523,4478,images/img08523.jpg,69.0,67.14492280111865,1.8550771988813464,test
img08632,4537,images/img08632.jpg,49.0,45.89409932369301,3.1059006763069874,test
img08633,4537,images/img08633.jpg,49.0,49.56284792797427,0.5628479279742677,test
img08640,4541,images/img08640.jpg,73.0,88.01281659646693,15.012816596466934,test
img08659,4551,images/img08659.jpg,63.0,55.116304141780894,7.883695858219106,test
img08660,4551,images/img08660.jpg,63.0,56.67094102588631,6.329058974113693,test
img08690,4567,images/img08690.jpg,65.0,69.46302618192634,4.463026181926338,test
img08691,4567,images/img08691.jpg,65.0,66.96882629699236,1.9688262969923611,test
img08733,4589,images/img08733.jpg,12.0,31.12925496607001,19.12925496607001,test
img08734,4589,images/img08734.jpg,12.0,25.672080295135594,13.672080295135594,test
img08745,4595,images/img08745.jpg,14.0,16.16536657020628,2.165366570206281,test
img08746,4595,images/img08746.jpg,14.0,16.185586487628534,2.185586487628534,test
img08786,4616,images/img08786.jpg,53.0,52.032998762256774,0.9670012377432258,test
img08787,4616,images/img08787.jpg,53.0,50.64080618904428,2.3591938109557233,test
img08832,4640,images/img08832.jpg,71.0,66.91526859986334,4.084731400136661,test
img08833,4640,images/img08833.jpg,71.0,76.80486838245272,5.8048683824527245,test
img08834,4641,images/img08834.jpg,76.0,83.04644715733951,7.046447157339514,test
img08835,4641,images/img08835.jpg,76.0,80.75192931774941,4.751929317749415,test
img08845,4647,images/img08845.jpg,76.0,69.1924151964814,6.807584803518594,test
img08846,4647,images/img08846.jpg,76.0,70.2074070642195,5.792592935780505,test
img08896,4673,images/img08896.jpg,63.0,68.05410037284493,5.054100372844928,test
img08897,4673,images/img08897.jpg,63.0,65.25937242238142,2.2593724223814178,test
img08911,4681,images/img08911.jpg,69.0,74.96885734670522,5.968857346705221,test
img08912,4681,images/img08912.jpg,69.0,88.2289014227186,19.228901422718593,test
img08940,4696,images/img08940.jpg,89.0,84.57879625847913,4.42120374152087,test
img08983,4719,images/img08983.jpg,71.0,71.83253766670018,0.8325376667001763,test
img08984,4719,images/img08984.jpg,71.0,73.34410627665513,2.3441062766551255,test
img08987,4721,images/img08987.jpg,64.0,74.65456305098894,10.65456305098894,test
img08988,4721,images/img08988.jpg,64.0,72.65424500989262,8.65424500989262,test
img08999,4727,images/img08999.jpg,43.0,48.94632148792736,5.9463214879273565,test
img09027,4742,images/img09027.jpg,71.0,66.36163820877545,4.638361791224554,test
img09028,4742,images/img09028.jpg,71.0,71.707687856196,0.7076878561960029,test
img09083,4771,images/img09083.jpg,68.0,63.008350308068245,4.991649691931755,test
img09108,4785,images/img09108.jpg,57.0,65.65733126152662,8.657331261526622,test
img09109,4785,images/img09109.jpg,57.0,59.17322281126865,2.1732228112686514,test
img09114,4788,images/img09114.jpg,83.0,72.63179588474593,10.368204115254072,test
img09115,4788,images/img09115.jpg,83.0,80.11225139943716,2.887748600562844,test
img09129,4796,images/img09129.jpg,69.0,79.01804631475122,10.018046314751215,test
img09130,4796,images/img09130.jpg,69.0,67.70158672512511,1.2984132748748891,test
img09131,4797,images/img09131.jpg,78.0,77.63625162140409,0.3637483785959148,test
img09132,4797,images/img09132.jpg,78.0,81.74023394819935,3.7402339481993465,test
img09155,4809,images/img09155.jpg,76.0,73.71295835926722,2.287041640732781,test
img09156,4809,images/img09156.jpg,76.0,75.91777240015733,0.0822275998426675,test
img09177,4820,images/img09177.jpg,71.0,78.63603165482687,7.636031654826866,test
img09178,4820,images/img09178.jpg,71.0,67.82046544351024,3.179534556489756,test
img09180,4821,images/img09180.jpg,70.0,78.59648393931631,8.596483939316315,test
img09232,4849,images/img09232.jpg,52.0,53.608739435377,1.6087394353769966,test
img09233,4849,images/img09233.jpg,52.0,55.795815788189685,3.795815788189685,test
img09248,4857,images/img09248.jpg,71.0,66.46641533426578,4.5335846657342245,test
img09249,4857,images/img09249.jpg,71.0,65.4543523008447,5.545647699155296,test
img09272,4869,images/img09272.jpg,47.0,47.20359090779388,0.2035909077938811,test
img09273,4869,images/img09273.jpg,47.0,45.25759944418163,1.7424005558183635,test
img09290,4879,images/img09290.jpg,75.0,89.798217855085,14.798217855085,test
img09291,4879,images/img09291.jpg,75.0,83.17354253472462,8.173542534724618,test
img09325,4897,images/img09325.jpg,51.0,61.92796353021721,10.927963530217212,test
img09326,4897,images/img09326.jpg,51.0,72.67899859488361,21.67899859488361,test
img09353,4911,images/img09353.jpg,59.0,60.71562161489298,1.7156216148929817,test
img09354,4911,images/img09354.jpg,59.0,59.35247690525022,0.3524769052502208,test
img09359,4914,images/img09359.jpg,23.0,20.483904687426573,2.5160953125734267,test
img09360,4914,images/img09360.jpg,23.0,29.801353877865164,6.801353877865164,test
img09367,4918,images/img09367.jpg,11.0,23.12209786778989,12.12209786778989,test
img09368,4918,images/img09368.jpg,11.0,21.632284754746436,10.632284754746436,test
img09385,4928,images/img09385.jpg,83.0,84.16296395025763,1.162963950257634,test
img09386,4928,images/img09386.jpg,83.0,83.71292137398322,0.712921373983221,test
img09404,4938,images/img09404.jpg,87.0,74.04246885174052,12.957531148259475,test
img09405,4938,images/img09405.jpg,87.0,82.11765495698116,4.882345043018844,test
img09408,4940,images/img09408.jpg,59.0,55.740720194024256,3.259279805975744,test
img09409,4940,images/img09409.jpg,59.0,56.30452154984435,2.6954784501556475,test
img09417,4945,images/img09417.jpg,83.0,80.793485937677,2.206514062322995,test
img09418,4945,images/img09418.jpg,83.0,81.54893651586207,1.4510634841379328,test
img09441,4957,images/img09441.jpg,59.0,53.63777584753719,5.362224152462808,test
img09442,4957,images/img09442.jpg,59.0,58.2711848525769,0.7288151474230986,test
img09530,5003,images/img09530.jpg,64.0,52.06147296473892,11.938527035261082,test
img09531,5003,images/img09531.jpg,64.0,58.46693770118436,5.5330622988156435,test
img09537,5007,images/img09537.jpg,67.0,46.269066459001245,20.730933540998755,test
img09538,5007,images/img09538.jpg,67.0,52.757121010457325,14.242878989542676,test
img09543,5010,images/img09543.jpg,50.0,50.99394911898376,0.9939491189837568,test
img09544,5010,images/img09544.jpg,50.0,52.03094241628592,2.0309424162859173,test
img09546,5012,images/img09546.jpg,40.0,39.87054666162808,0.1294533383719169,test
img09555,5016,images/img09555.jpg,61.0,47.72097867828752,13.279021321712484,test
img09556,5017,images/img09556.jpg,66.0,69.5326311209621,3.532631120962094,test
img09557,5017,images/img09557.jpg,66.0,72.77725932303855,6.77725932303855,test
img09585,5032,images/img09585.jpg,66.0,58.61148809405536,7.38851190594464,test
img09586,5032,images/img09586.jpg,66.0,58.88557703617017,7.114422963829831,test
img09605,5043,images/img09605.jpg,56.0,62.73356882832867,6.733568828328671,test
img09628,5055,images/img09628.jpg,59.0,60.55104168428338,1.5510416842833834,test
img09629,5055,images/img09629.jpg,59.0,61.11775994586889,2.1177599458688903,test
img09654,5068,images/img09654.jpg,69.0,63.812369585957946,5.187630414042054,test
img09655,5068,images/img09655.jpg,69.0,61.415694539789456,7.584305460210544,test
img09687,5085,images/img09687.jpg,53.0,52.315973452872,0.6840265471279992,test
img09688,5085,images/img09688.jpg,53.0,45.01288391285074,7.987116087149261,test
img09737,5112,images/img09737.jpg,83.0,77.73622133610706,5.263778663892936,test
img09738,5112,images/img09738.jpg,83.0,81.86820617637233,1.1317938236276746,test
img09743,5115,images/img09743.jpg,85.0,78.08091530702443,6.919084692975574,test
img09744,5115,images/img09744.jpg,85.0,74.83373507653545,10.166264923464553,test
img09746,5117,images/img09746.jpg,82.0,79.7881154351762,2.211884564823805,test
img09747,5118,images/img09747.jpg,80.0,61.929587449151505,18.070412550848495,test
img09769,5130,images/img09769.jpg,74.0,80.78979967441448,6.789799674414482,test
img09770,5130,images/img09770.jpg,74.0,74.88295650658405,0.8829565065840512,test
img09799,5146,images/img09799.jpg,28.0,35.86537036820412,7.865370368204118,test
img09800,5146,images/img09800.jpg,28.0,37.975570682226234,9.975570682226234,test
img09845,5170,images/img09845.jpg,60.0,59.57861197929183,0.4213880207081715,test
img09846,5170,images/img09846.jpg,60.0,58.66074115180652,1.3392588481934808,test
img09851,5173,images/img09851.jpg,63.0,55.20954424480891,7.79045575519109,test
img09852,5173,images/img09852.jpg,63.0,54.64919651141341,8.350803488586592,test
img09853,5174,images/img09853.jpg,57.0,55.22000946986849,1.7799905301315135,test
img09854,5174,images/img09854.jpg,57.0,58.349606286350614,1.349606286350614,test
img09855,5175,images/img09855.jpg,76.0,75.21864639776905,0.7813536022309506,test
img09856,5175,images/img09856.jpg,76.0,65.52121599055788,10.478784009442125,test
img09912,5204,images/img09912.jpg,57.0,51.18378513334121,5.81621486665879,test
img09913,5204,images/img09913.jpg,57.0,60.555817194715566,3.5558171947155657,test
img09928,5212,images/img09928.jpg,67.0,70.8203344898385,3.820334489838501,test
img09929,5212,images/img09929.jpg,67.0,66.86351695361087,0.1364830463891309,test
img09938,5217,images/img09938.jpg,62.0,77.35081269651616,15.350812696516158,test
img09939,5217,images/img09939.jpg,62.0,76.48577540083255,14.485775400832551,test
img09943,5220,images/img09943.jpg,72.0,70.54821519016514,1.4517848098348622,test
img09944,5220,images/img09944.jpg,72.0,64.97425413696072,7.025745863039276,test
img10002,5251,images/img10002.jpg,79.0,78.18371188396898,0.8162881160310178,test
img10003,5251,images/img10003.jpg,79.0,69.2066367565238,9.793363243476191,test
img10036,5268,images/img10036.jpg,53.0,46.183287767248544,6.816712232751456,test
img10040,5270,images/img10040.jpg,80.0,78.04165769388896,1.9583423061110352,test
img10052,5277,images/img10052.jpg,22.0,23.206439134992294,1.2064391349922945,test
img10053,5277,images/img10053.jpg,22.0,26.18515579197833,4.185155791978332,test
img10062,5282,images/img10062.jpg,25.0,31.528523083039666,6.528523083039666,test
img10063,5282,images/img10063.jpg,25.0,26.64880264279025,1.6488026427902511,test
img10079,5292,images/img10079.jpg,65.0,54.37863351282752,10.62136648717248,test
img10090,5298,images/img10090.jpg,15.0,29.24970785245957,14.249707852459569,test
img10091,5298,images/img10091.jpg,15.0,12.326160463041,2.673839536959001,test
img10106,5306,images/img10106.jpg,62.0,54.66210170466355,7.337898295336451,test
img10107,5306,images/img10107.jpg,62.0,59.48776876534228,2.512231234657719,test
img10111,5308,images/img10111.jpg,57.0,53.35535736824264,3.644642631757357,test
img10148,5327,images/img10148.jpg,87.0,83.96525154735522,3.034748452644777,test
img10149,5327,images/img10149.jpg,87.0,83.65293125652212,3.3470687434778768,test
img10156,5331,images/img10156.jpg,50.0,50.78717592460648,0.7871759246064798,test
img10157,5331,images/img10157.jpg,50.0,44.987255658292725,5.0127443417072755,test
img10178,5342,images/img10178.jpg,75.0,80.74463967761724,5.7446396776172435,test
img10179,5342,images/img10179.jpg,75.0,68.33312323655726,6.666876763442744,test
img10186,5346,images/img10186.jpg,61.0,65.11207457734099,4.112074577340991,test
img10187,5346,images/img10187.jpg,61.0,62.34027834714065,1.3402783471406463,test
img10327,5419,images/img10327.jpg,76.0,80.42079599695225,4.420795996952251,test
img10328,5419,images/img10328.jpg,76.0,62.201252782232245,13.798747217767756,test
img10331,5421,images/img10331.jpg,68.0,66.57400787058812,1.4259921294118811,test
img10332,5421,images/img10332.jpg,68.0,63.99326204946205,4.0067379505379535,test
img10345,5428,images/img10345.jpg,90.0,82.74916638437335,7.250833615626647,test
img10346,5428,images/img10346.jpg,90.0,86.19858396045001,3.8014160395499914,test
img10349,5430,images/img10349.jpg,72.0,77.10223422303264,5.102234223032639,test
img10350,5430,images/img10350.jpg,72.0,75.124851719336,3.124851719335993,test
img10369,5440,images/img10369.jpg,82.0,66.57906394055412,15.42093605944588,test
img10371,5442,images/img10371.jpg,75.0,82.50421528118899,7.504215281188991,test
img10372,5442,images/img10372.jpg,75.0,82.57533180628448,7.575331806284481,test
img10382,5448,images/img10382.jpg,63.0,51.67729562432653,11.322704375673467,test
img10384,5450,images/img10384.jpg,63.0,66.29266364256978,3.292663642569778,test
img10385,5450,images/img10385.jpg,63.0,61.28106195370397,1.7189380462960315,test
img10433,5475,images/img10433.jpg,61.0,64.26653739619405,3.266537396194053,test
img10434,5475,images/img10434.jpg,61.0,62.855157168333854,1.8551571683338537,test
img10449,5484,images/img10449.jpg,72.0,63.26968783300392,8.730312166996079,test
img10463,5491,images/img10463.jpg,16.0,20.345802869554667,4.345802869554667,test
img10464,5491,images/img10464.jpg,16.0,18.378969840573525,2.378969840573525,test
img10479,5500,images/img10479.jpg,61.0,76.2001183538581,15.200118353858102,test
img10480,5500,images/img10480.jpg,61.0,79.78543471473262,18.785434714732617,test
img10526,5524,images/img10526.jpg,25.0,38.21368147677671,13.213681476776712,test
img10539,5531,images/img10539.jpg,61.0,64.04377039982123,3.043770399821227,test
img10540,5531,images/img10540.jpg,61.0,63.35183261079487,2.3518326107948724,test
img10587,5555,images/img10587.jpg,13.0,19.52302890935904,6.5230289093590414,test
img10588,5555,images/img10588.jpg,13.0,14.234580397246738,1.234580397246738,test
img10595,5559,images/img10595.jpg,36.0,38.69228059662095,2.6922805966209467,test
img10619,5572,images/img10619.jpg,31.0,46.77006453591227,15.770064535912269,test
img10620,5572,images/img10620.jpg,31.0,43.00939982966829,12.00939982966829,test
img10625,5575,images/img10625.jpg,38.0,42.469543303040176,4.469543303040176,test
img10640,5583,images/img10640.jpg,81.0,80.73552435562074,0.2644756443792602,test
img10641,5583,images/img10641.jpg,81.0,76.62830509706123,4.371694902938771,test
img10644,5585,images/img10644.jpg,35.0,64.2100699504306,29.210069950430594,test
img10659,5593,images/img10659.jpg,66.0,57.39797070517413,8.602029294825869,test
img10660,5593,images/img10660.jpg,66.0,57.85804880599765,8.141951194002353,test
img10665,5596,images/img10665.jpg,85.0,68.84151783342286,16.158482166577144,test
img10666,5596,images/img10666.jpg,85.0,70.2901473153067,14.709852684693304,test
img10680,5605,images/img10680.jpg,53.0,50.50502737139402,2.4949726286059786,test
img10681,5605,images/img10681.jpg,53.0,58.46644379098465,5.466443790984648,test
img10747,5640,images/img10747.jpg,76.0,50.969332405602074,25.03066759439793,test
img10748,5640,images/img10748.jpg,76.0,60.92146806305507,15.078531936944929,test
img10753,5643,images/img10753.jpg,62.0,59.85001392995307,2.1499860700469284,test
img10754,5643,images/img10754.jpg,62.0,62.905150205263595,0.9051502052635954,test
img10758,5645,images/img10758.jpg,80.0,84.53676195118202,4.536761951182015,test
img10763,5648,images/img10763.jpg,78.0,73.81703858469105,4.182961415308952,test
img10764,5648,images/img10764.jpg,78.0,71.41318159617063,6.586818403829369,test
img10772,5653,images/img10772.jpg,65.0,52.91383273210021,12.08616726789979,test
img10773,5653,images/img10773.jpg,65.0,56.33944834895157,8.660551651048436,test
img10822,5678,images/img10822.jpg,55.0,57.75204842458074,2.7520484245807424,test
img10823,5678,images/img10823.jpg,55.0,59.570438126751355,4.570438126751355,test
img10850,5693,images/img10850.jpg,68.0,59.42181164555129,8.578188354448713,test
img10851,5693,images/img10851.jpg,68.0,58.57954820427071,9.420451795729292,test
img10852,5694,images/img10852.jpg,59.0,57.8924168035844,1.1075831964155969,test
img10853,5694,images/img10853.jpg,59.0,60.48363677914298,1.4836367791429763,test
img10869,5704,images/img10869.jpg,80.0,73.57760487968571,6.422395120314292,test
img10870,5704,images/img10870.jpg,80.0,72.94490686814272,7.0550931318572765,test
img10918,5730,images/img10918.jpg,65.0,64.78797732975039,0.2120226702496097,test
img10919,5730,images/img10919.jpg,65.0,68.41481322979777,3.4148132297977725,test
img10953,5749,images/img10953.jpg,48.0,43.113435340064385,4.886564659935615,test
img10954,5749,images/img10954.jpg,48.0,43.404494180512,4.595505819487997,test
img10985,5766,images/img10985.jpg,59.0,58.8296096352901,0.1703903647099025,test
img10986,5766,images/img10986.jpg,59.0,55.410075057722025,3.5899249422779747,test
img11007,5778,images/img11007.jpg,71.0,68.89265219417041,2.1073478058295905,test
img11020,5785,images/img11020.jpg,51.0,44.41103054556537,6.588969454434633,test
img11021,5785,images/img11021.jpg,51.0,67.50440654011386,16.504406540113862,test
img11029,5790,images/img11029.jpg,81.0,72.6199115028608,8.380088497139198,test
img11030,5790,images/img11030.jpg,81.0,77.36160537735816,3.63839462264184,test
img11040,5796,images/img11040.jpg,49.0,53.557209455694974,4.557209455694974,test
img11041,5796,images/img11041.jpg,49.0,55.64513596019745,6.64513596019745,test
img11054,5805,images/img11054.jpg,73.0,81.00520832219787,8.005208322197873,test
img11055,5805,images/img11055.jpg,73.0,77.8451776807755,4.845177680775507,test
img11059,5808,images/img11059.jpg,77.0,53.92339308723085,23.07660691276915,test
img11091,5826,images/img11091.jpg,58.0,59.40875894724013,1.4087589472401305,test
img11092,5826,images/img11092.jpg,58.0,58.09576139141388,0.0957613914138804,test
img11103,5832,images/img11103.jpg,72.0,76.28408663229253,4.284086632292528,test
img11158,5864,images/img11158.jpg,84.0,81.86073985735007,2.139260142649931,test
img11159,5864,images/img11159.jpg,84.0,77.42424131572898,6.5757586842710225,test
img11173,5872,images/img11173.jpg,61.0,62.33727535131421,1.3372753513142115,test
img11174,5872,images/img11174.jpg,61.0,55.15043506792484,5.849564932075161,test
img11195,5883,images/img11195.jpg,65.0,65.74133389418967,0.7413338941896654,test
img11196,5883,images/img11196.jpg,65.0,55.94745862519399,9.052541374806012,test
img11201,5886,images/img11201.jpg,74.0,69.31506088330109,4.684939116698914,test
img11202,5886,images/img11202.jpg,74.0,57.39618544405896,16.603814555941042,test
img11228,5902,images/img11228.jpg,59.0,68.69434649919262,9.69434649919262,test
img11229,5902,images/img11229.jpg,59.0,59.36028622125357,0.3602862212535669,test
img11255,5916,images/img11255.jpg,79.0,66.48118983379756,12.518810166202442,test
img11256,5916,images/img11256.jpg,79.0,71.627261880447,7.372738119553006,test
img11291,5935,images/img11291.jpg,77.0,81.36960744241325,4.369607442413255,test
img11337,5961,images/img11337.jpg,54.0,60.45554020052316,6.45554020052316,test
img11338,5961,images/img11338.jpg,54.0,59.1741749141764,5.1741749141763975,test
img11345,5965,images/img11345.jpg,64.0,75.75811357647268,11.75811357647268,test
img11346,5965,images/img11346.jpg,64.0,76.97950564982007,12.97950564982007,test
img11349,5967,images/img11349.jpg,30.0,33.39794278817206,3.3979427881720596,test
img11350,5967,images/img11350.jpg,30.0,25.48136742999025,4.51863257000975,test
img11356,5971,images/img11356.jpg,68.0,65.15517550164128,2.8448244983587188,test
img11357,5971,images/img11357.jpg,68.0,63.00691724595968,4.993082754040323,test
img11371,5979,images/img11371.jpg,74.0,72.5973216889683,1.402678311031707,test
img11372,5979,images/img11372.jpg,74.0,70.58604083180248,3.413959168197522,test
img11382,5985,images/img11382.jpg,74.0,60.01741363383641,13.982586366163588,test
img11383,5985,images/img11383.jpg,74.0,73.01286062298338,0.987139377016618,test
img11394,5991,images/img11394.jpg,81.0,86.64873777898856,5.648737778988561,test
img11395,5991,images/img11395.jpg,81.0,86.22316850082393,5.223168500823931,test
img11402,5996,images/img11402.jpg,61.0,47.75221048924874,13.24778951075126,test
img11432,6013,images/img11432.jpg,44.0,41.74169389368588,2.258306106314123,test
img11433,6013,images/img11433.jpg,44.0,45.236465595216785,1.2364655952167851,test
img11440,6017,images/img11440.jpg,35.0,36.67097812018905,1.670978120189048,test
img11441,6017,images/img11441.jpg,35.0,28.663035782397383,6.336964217602617,test
img11472,6034,images/img11472.jpg,56.0,56.73703515361291,0.7370351536129078,test
img11473,6034,images/img11473.jpg,56.0,57.83569960803185,1.8356996080318524,test
img11489,6043,images/img11489.jpg,46.0,61.261580379544654,15.261580379544654,test
img11496,6047,images/img11496.jpg,43.0,40.263283112716294,2.7367168872837055,test
img11497,6047,images/img11497.jpg,43.0,47.25652368514497,4.25652368514497,test
img11500,6050,images/img11500.jpg,79.0,90.04258439107744,11.04258439107744,test
img11525,6064,images/img11525.jpg,81.0,81.05208493981618,0.0520849398161828,test
img11526,6064,images/img11526.jpg,81.0,87.34013680646117,6.3401368064611745,test
img11527,6065,images/img11527.jpg,71.0,74.29115420504645,3.2911542050464533,test
img11528,6065,images/img11528.jpg,71.0,70.21855528406256,0.7814447159374396,test
img11544,6074,images/img11544.jpg,79.0,70.0695626304097,8.930437369590294,test
img11545,6074,images/img11545.jpg,79.0,69.50726570351837,9.492734296481627,test
img11568,6086,images/img11568.jpg,77.0,69.60336375118527,7.39663624881473,test
img11569,6086,images/img11569.jpg,77.0,70.14512666484974,6.854873335150259,test
img11603,6105,images/img11603.jpg,77.0,71.73673081201879,5.263269187981209,test
img11604,6105,images/img11604.jpg,77.0,80.23612075116233,3.236120751162332,test
img11621,6114,images/img11621.jpg,62.0,60.168393107045034,1.8316068929549656,test
img11622,6114,images/img11622.jpg,62.0,64.83265527673636,2.832655276736361,test
img11628,6118,images/img11628.jpg,31.0,38.00533125971374,7.005331259713742,test
img11629,6118,images/img11629.jpg,31.0,41.203410027301715,10.203410027301716,test
img11674,6145,images/img11674.jpg,36.0,39.63992072647723,3.6399207264772286,test
img11675,6145,images/img11675.jpg,36.0,37.41144589224969,1.411445892249688,test
img11681,6149,images/img11681.jpg,19.0,34.47725013434732,15.477250134347322,test
img11687,6153,images/img11687.jpg,82.0,86.47587166296393,4.475871662963925,test
img11688,6153,images/img11688.jpg,82.0,84.50184060512697,2.501840605126972,test
img11689,6154,images/img11689.jpg,50.0,62.19272529925897,12.192725299258967,test
img11690,6154,images/img11690.jpg,50.0,56.27310290368338,6.27310290368338,test
img11717,6168,images/img11717.jpg,69.0,62.7841317092095,6.215868290790503,test
img11718,6168,images/img11718.jpg,69.0,64.18427974022333,4.815720259776668,test
img11721,6170,images/img11721.jpg,78.0,63.60772471784008,14.392275282159922,test
img11722,6170,images/img11722.jpg,78.0,66.92986205806329,11.070137941936707,test
img11757,6189,images/img11757.jpg,75.0,67.0988445103371,7.901155489662898,test
img11758,6189,images/img11758.jpg,75.0,69.55030228180313,5.449697718196873,test
img11814,6218,images/img11814.jpg,22.0,22.88302733605865,0.883027336058646,test
img11815,6218,images/img11815.jpg,22.0,18.793393080115976,3.206606919884024,test
img11839,6231,images/img11839.jpg,44.0,56.938531565737875,12.938531565737875,test
img11840,6231,images/img11840.jpg,44.0,52.16759863002928,8.167598630029282,test
img11857,6240,images/img11857.jpg,76.0,76.13923829828394,0.1392382982839421,test
img11879,6252,images/img11879.jpg,61.0,55.9825888231469,5.017411176853102,test
img11880,6252,images/img11880.jpg,61.0,61.24561765994645,0.245617659946447,test
img11891,6258,images/img11891.jpg,58.0,72.94028922357067,14.940289223570671,test
img11892,6258,images/img11892.jpg,58.0,79.39859519425401,21.398595194254018,test
img11893,6259,images/img11893.jpg,61.0,73.20931991449862,12.209319914498622,test
img11894,6259,images/img11894.jpg,61.0,81.5616443086239,20.561644308623897,test
img11946,6287,images/img11946.jpg,25.0,32.330534001817554,7.330534001817554,test
img11947,6287,images/img11947.jpg,25.0,38.77794368366778,13.77794368366778,test
img11962,6295,images/img11962.jpg,31.0,41.13172856600209,10.131728566002089,test
img11963,6295,images/img11963.jpg,31.0,39.555310078497946,8.555310078497946,test
img11980,6304,images/img11980.jpg,24.0,24.928480289912244,0.928480289912244,test
img11981,6304,images/img11981.jpg,24.0,22.78170962686084,1.218290373139162,test
img12012,6320,images/img12012.jpg,18.0,13.046412680121117,4.953587319878885,test
img12013,6321,images/img12013.jpg,12.0,13.356734972641505,1.3567349726415046,test
img12014,6321,images/img12014.jpg,12.0,14.684435388526737,2.6844353885267367,test
img12019,6324,images/img12019.jpg,57.0,57.0592108819474,0.0592108819474006,test
img12148,6391,images/img12148.jpg,49.0,58.58232517108497,9.582325171084968,test
img12151,6394,images/img12151.jpg,73.0,71.86854744196705,1.1314525580329473,test
img12152,6394,images/img12152.jpg,73.0,69.32113122096949,3.678868779030509,test
img12216,6430,images/img12216.jpg,64.0,65.48363191913138,1.4836319191313834,test
img12217,6430,images/img12217.jpg,64.0,64.53953354665529,0.5395335466552922,test
img12234,6439,images/img12234.jpg,48.0,48.46018897651925,0.4601889765192481,test
img12235,6439,images/img12235.jpg,48.0,45.876456518723224,2.1235434812767764,test
img12278,6462,images/img12278.jpg,60.0,73.34210064406939,13.34210064406939,test
img12279,6462,images/img12279.jpg,60.0,60.705684245282825,0.7056842452828249,test
img12305,6476,images/img12305.jpg,78.0,71.03230335231716,6.967696647682843,test
img12308,6478,images/img12308.jpg,80.0,62.231561936767406,17.768438063232594,test
img12309,6478,images/img12309.jpg,80.0,67.14431969354938,12.855680306450624,test
img12316,6483,images/img12316.jpg,83.0,75.91445476322106,7.085545236778941,test
img12317,6483,images/img12317.jpg,83.0,85.77659624694635,2.7765962469463545,test
img12318,6484,images/img12318.jpg,66.0,66.50756624711241,0.5075662471124076,test
img12319,6484,images/img12319.jpg,66.0,62.731727877918274,3.2682721220817257,test
img12392,6523,images/img12392.jpg,79.0,79.13087214523487,0.1308721452348749,test
img12393,6523,images/img12393.jpg,79.0,83.32930787916453,4.329307879164531,test
img12394,6524,images/img12394.jpg,64.0,70.38616683902245,6.386166839022451,test
img12395,6524,images/img12395.jpg,64.0,71.35523637327086,7.355236373270856,test
img12397,6526,images/img12397.jpg,71.0,76.19365757765479,5.19365757765479,test
img12400,6528,images/img12400.jpg,65.0,72.84763314242937,7.847633142429373,test
img12401,6528,images/img12401.jpg,65.0,69.40131289998158,4.401312899981576,test
img12412,6534,images/img12412.jpg,67.0,59.73074613629607,7.269253863703931,test
img12413,6534,images/img12413.jpg,67.0,70.6108762125759,3.610876212575903,test
img12449,6552,images/img12449.jpg,41.0,50.302341784918504,9.302341784918504,test
img12458,6557,images/img12458.jpg,38.0,33.09724404210981,4.902755957890193,test
img12459,6557,images/img12459.jpg,38.0,44.705905431917,6.705905431917003,test
img12468,6562,images/img12468.jpg,33.0,39.27066293678418,6.270662936784177,test
img12469,6562,images/img12469.jpg,33.0,34.88947688447831,1.889476884478313,test
img12525,6591,images/img12525.jpg,66.0,57.27764297450285,8.722357025497153,test
img12526,6591,images/img12526.jpg,66.0,63.9616059910425,2.038394008957503,test
img12527,6592,images/img12527.jpg,65.0,55.057505788870145,9.942494211129857,test
img12528,6592,images/img12528.jpg,65.0,62.50174213109141,2.4982578689085884,test
img12579,6619,images/img12579.jpg,57.0,63.38894717443007,6.388947174430072,test
img12588,6624,images/img12588.jpg,73.0,78.96534583742229,5.965345837422291,test
img12589,6624,images/img12589.jpg,73.0,77.50684851234338,4.506848512343382,test
img12604,6632,images/img12604.jpg,87.0,87.68624202727845,0.6862420272784533,test
img12605,6632,images/img12605.jpg,87.0,80.78659327974235,6.213406720257652,test
img12634,6647,images/img12634.jpg,64.0,75.54356105787895,11.543561057878946,test
img12635,6647,images/img12635.jpg,64.0,70.20853039296517,6.208530392965173,test
img12665,6663,images/img12665.jpg,29.0,31.58112540542964,2.5811254054296384,test
img12666,6663,images/img12666.jpg,29.0,28.334487208325715,0.6655127916742849,test
img12676,6669,images/img12676.jpg,31.0,25.247850286582302,5.752149713417694,test
img12677,6669,images/img12677.jpg,31.0,24.98992310046968,6.010076899530318,test
img12707,6685,images/img12707.jpg,18.0,23.90015680024483,5.9001568002448295,test
img12708,6685,images/img12708.jpg,18.0,19.90414490628684,1.904144906286838,test
img12731,6697,images/img12731.jpg,60.0,50.20423374222413,9.795766257775869,test
img12732,6697,images/img12732.jpg,60.0,56.13445605324773,3.865543946752268,test
img12739,6701,images/img12739.jpg,78.0,75.76144866317588,2.2385513368241163,test
img12740,6701,images/img12740.jpg,78.0,74.6024689530606,3.397531046939406,test
img12759,6711,images/img12759.jpg,56.0,57.78647463349934,1.7864746334993384,test
img12760,6711,images/img12760.jpg,56.0,52.87034109661241,3.1296589033875932,test
img12765,6714,images/img12765.jpg,64.0,52.46571808241819,11.534281917581808,test
img12766,6714,images/img12766.jpg,64.0,51.338298457004385,12.661701542995615,test
img12783,6723,images/img12783.jpg,69.0,68.36276166567632,0.6372383343236834,test
img12784,6723,images/img12784.jpg,69.0,69.05067728342688,0.0506772834268787,test
img12791,6727,images/img12791.jpg,74.0,64.70022027067276,9.29977972932724,test
img12792,6727,images/img12792.jpg,74.0,74.025761790522,0.0257617905219973,test
img12807,6735,images/img12807.jpg,42.0,55.80729037320473,13.80729037320473,test
img12828,6746,images/img12828.jpg,41.0,43.12171852630074,2.121718526300739,test
img12829,6746,images/img12829.jpg,41.0,44.84311185862366,3.843111858623658,test
img12849,6757,images/img12849.jpg,47.0,51.72314815874853,4.723148158748529,test
img12866,6766,images/img12866.jpg,44.0,62.04480744218755,18.044807442187548,test
img12867,6766,images/img12867.jpg,44.0,51.25581886181059,7.255818861810596,test
img12870,6768,images/img12870.jpg,40.0,44.89793684507548,4.897936845075478,test
img12871,6768,images/img12871.jpg,40.0,48.60771148730882,8.60771148730882,test
img12878,6772,images/img12878.jpg,42.0,41.26482011954617,0.7351798804538276,test
img12879,6772,images/img12879.jpg,42.0,39.16530669715408,2.8346933028459205,test
img12889,6777,images/img12889.jpg,45.0,62.391903482582926,17.391903482582926,test
img12899,6783,images/img12899.jpg,55.0,56.028012747668846,1.0280127476688463,test
img12912,6790,images/img12912.jpg,46.0,49.20022813867984,3.20022813867984,test
img12913,6790,images/img12913.jpg,46.0,51.216567792337734,5.2165677923377345,test
img12931,6800,images/img12931.jpg,58.0,50.32103921017671,7.678960789823293,test
img12932,6800,images/img12932.jpg,58.0,55.28198368035926,2.718016319640739,test
img12946,6809,images/img12946.jpg,47.0,42.169309157022255,4.830690842977745,test
img12947,6809,images/img12947.jpg,47.0,40.223382039425545,6.776617960574455,test
img12977,6826,images/img12977.jpg,58.0,53.687480690660095,4.312519309339905,test
img12978,6826,images/img12978.jpg,58.0,58.67447330041725,0.6744733004172474,test
img12997,6837,images/img12997.jpg,52.0,50.10308398703296,1.89691601296704,test
img12998,6837,images/img12998.jpg,52.0,53.0845388941629,1.0845388941628968,test
img13020,6849,images/img13020.jpg,55.0,60.829661022135625,5.829661022135625,test
img13021,6849,images/img13021.jpg,55.0,54.16943616411096,0.8305638358890377,test
img13035,6857,images/img13035.jpg,63.0,57.469680454181855,5.530319545818145,test
img13036,6857,images/img13036.jpg,63.0,54.73250306196779,8.26749693803221,test
img13048,6864,images/img13048.jpg,73.0,71.14684144118016,1.8531585588198425,test
img13049,6864,images/img13049.jpg,73.0,71.1648932250622,1.835106774937799,test
img13064,6872,images/img13064.jpg,61.0,79.39754820823862,18.397548208238614,test
img13065,6872,images/img13065.jpg,61.0,78.98165918827462,17.98165918827462,test
img13122,6902,images/img13122.jpg,77.0,73.94383404420715,3.0561659557928493,test
img13130,6907,images/img13130.jpg,62.0,58.10152322265614,3.898476777343859,test
img13136,6911,images/img13136.jpg,52.0,46.30483629997293,5.6951637000270665,test
img13137,6911,images/img13137.jpg,52.0,52.386623196702296,0.3866231967022955,test
img13172,6931,images/img13172.jpg,76.0,83.47609531852245,7.476095318522454,test
img13173,6931,images/img13173.jpg,76.0,75.9750076356654,0.0249923643345937,test
img13174,6932,images/img13174.jpg,61.0,62.946463619064694,1.9464636190646945,test
img13175,6932,images/img13175.jpg,61.0,68.22161704469717,7.221617044697169,test
img13178,6934,images/img13178.jpg,94.0,86.09149037840062,7.908509621599379,test
img13179,6934,images/img13179.jpg,94.0,82.66173214598382,11.33826785401618,test
img13184,6937,images/img13184.jpg,54.0,48.61103893973898,5.388961060261018,test
img13185,6937,images/img13185.jpg,54.0,61.49503808468402,7.495038084684019,test
img13230,6963,images/img13230.jpg,66.0,58.70291205806033,7.297087941939672,test
img13231,6963,images/img13231.jpg,66.0,55.48965880956438,10.510341190435618,test
img13243,6970,images/img13243.jpg,66.0,49.017790825497826,16.982209174502174,test
img13244,6970,images/img13244.jpg,66.0,55.0563671915784,10.943632808421595,test
img13262,6981,images/img13262.jpg,90.0,82.56373861738487,7.436261382615129,test
img13263,6981,images/img13263.jpg,90.0,83.74924524505471,6.250754754945291,test
img13270,6985,images/img13270.jpg,84.0,75.59038314497562,8.409616855024382,test
img13271,6985,images/img13271.jpg,84.0,66.55553783760513,17.44446216239487,test
img13287,6994,images/img13287.jpg,43.0,46.22807913771952,3.2280791377195186,test
img13288,6994,images/img13288.jpg,43.0,51.19114457254107,8.19114457254107,test
img13303,7002,images/img13303.jpg,80.0,61.56838599872481,18.431614001275193,test
img13304,7002,images/img13304.jpg,80.0,77.82843026697097,2.171569733029031,test
img13321,7011,images/img13321.jpg,36.0,37.26550258536667,1.2655025853666686,test
img13322,7011,images/img13322.jpg,36.0,35.892378244959495,0.1076217550405047,test
img13333,7017,images/img13333.jpg,55.0,64.10208970209942,9.10208970209942,test
img13334,7017,images/img13334.jpg,55.0,59.03936374063255,4.039363740632552,test
img13350,7026,images/img13350.jpg,59.0,53.41964858059769,5.580351419402312,test
img13351,7026,images/img13351.jpg,59.0,55.72477969561361,3.2752203043863872,test
img13392,7048,images/img13392.jpg,40.0,50.936795679258125,10.936795679258124,test
img13393,7048,images/img13393.jpg,40.0,46.49695169013472,6.496951690134722,test
img13416,7061,images/img13416.jpg,66.0,71.9285495561429,5.928549556142897,test
img13417,7061,images/img13417.jpg,66.0,62.99304250003487,3.0069574999651323,test
img13448,7078,images/img13448.jpg,71.0,56.77765425754729,14.22234574245271,test
img13449,7078,images/img13449.jpg,71.0,76.79271243856985,5.7927124385698505,test
img13492,7101,images/img13492.jpg,43.0,59.148283822504105,16.148283822504105,test
img13501,7106,images/img13501.jpg,34.0,36.71873813225784,2.7187381322578403,test
img13502,7106,images/img13502.jpg,34.0,27.38085744597304,6.619142554026958,test
img13509,7110,images/img13509.jpg,42.0,46.92973644692211,4.9297364469221066,test
img13510,7110,images/img13510.jpg,42.0,39.70252939958722,2.2974706004127796,test
img13511,7111,images/img13511.jpg,53.0,44.497690450547694,8.502309549452306,test
img13512,7111,images/img13512.jpg,53.0,50.05844748324342,2.9415525167565804,test
img13515,7113,images/img13515.jpg,45.0,55.375630581078674,10.375630581078674,test
img13516,7113,images/img13516.jpg,45.0,48.553628115951234,3.553628115951234,test
img13519,7115,images/img13519.jpg,37.0,64.35890010312896,27.35890010312896,test
img13520,7115,images/img13520.jpg,37.0,55.39307162311841,18.39307162311841,test
img13533,7122,images/img13533.jpg,53.0,65.20815081279925,12.208150812799246,test
img13534,7122,images/img13534.jpg,53.0,56.98674718031492,3.9867471803149215,test
img13548,7130,images/img13548.jpg,35.0,43.387817656385586,8.387817656385586,test
img13549,7130,images/img13549.jpg,35.0,39.25068731609885,4.250687316098848,test
img13554,7133,images/img13554.jpg,38.0,33.980621042829696,4.019378957170304,test
img13555,7133,images/img13555.jpg,38.0,43.56303294728227,5.563032947282267,test
img13562,7137,images/img13562.jpg,47.0,49.2939099389331,2.2939099389330977,test
img13563,7137,images/img13563.jpg,47.0,50.22875775371904,3.2287577537190373,test
img13567,7140,images/img13567.jpg,33.0,44.56210517453424,11.562105174534238,test
img13568,7140,images/img13568.jpg,33.0,42.95603517058586,9.956035170585857,test
img13571,7142,images/img13571.jpg,52.0,52.45448479496139,0.4544847949613881,test
img13572,7142,images/img13572.jpg,52.0,57.286245777759135,5.2862457777591345,test
img13605,7159,images/img13605.jpg,55.0,62.92996704565968,7.92996704565968,test
img13606,7159,images/img13606.jpg,55.0,59.20688559288436,4.206885592884362,test
img13609,7161,images/img13609.jpg,57.0,53.5640342231302,3.4359657768698,test
img13610,7161,images/img13610.jpg,57.0,60.70685256170886,3.706852561708857,test
img13648,7180,images/img13648.jpg,62.0,57.973176506125824,4.026823493874176,test
img13665,7189,images/img13665.jpg,56.0,50.47369849610429,5.526301503895709,test
img13666,7189,images/img13666.jpg,56.0,54.30796877310378,1.6920312268962192,test
img13673,7193,images/img13673.jpg,36.0,42.94923412392754,6.949234123927539,test
img13674,7193,images/img13674.jpg,36.0,41.72576770953716,5.725767709537159,test
img13684,7199,images/img13684.jpg,32.0,40.9350609678942,8.935060967894202,test
img13692,7203,images/img13692.jpg,78.0,61.410190228935626,16.589809771064374,test
img13695,7205,images/img13695.jpg,40.0,80.98418135305542,40.98418135305542,test
img13696,7205,images/img13696.jpg,40.0,45.357902885677035,5.357902885677035,test
img13704,7209,images/img13704.jpg,41.0,38.119683944803185,2.8803160551968148,test
img13734,7225,images/img13734.jpg,42.0,44.41940534307807,2.4194053430780684,test
img13735,7225,images/img13735.jpg,42.0,42.99288798771722,0.992887987717218,test
img13748,7232,images/img13748.jpg,75.0,67.93679867714546,7.063201322854539,test
img13749,7232,images/img13749.jpg,75.0,67.87527952385774,7.124720476142258,test
img13756,7236,images/img13756.jpg,42.0,44.5105345696136,2.510534569613597,test
img13757,7236,images/img13757.jpg,42.0,45.36789287724056,3.367892877240564,test
img13770,7243,images/img13770.jpg,65.0,61.00146461094621,3.998535389053792,test
img13771,7243,images/img13771.jpg,65.0,63.79932533987764,1.2006746601223597,test
img13831,7274,images/img13831.jpg,66.0,77.96390371370006,11.963903713700065,test
img13832,7274,images/img13832.jpg,66.0,73.86117013585024,7.861170135850244,test
img13839,7278,images/img13839.jpg,36.0,29.69000691512825,6.309993084871749,test
img13840,7278,images/img13840.jpg,36.0,35.971499850631,0.0285001493690018,test
img13868,7293,images/img13868.jpg,77.0,69.93335411224896,7.0666458877510365,test
img13869,7293,images/img13869.jpg,77.0,71.39119925228913,5.608800747710873,test
img13893,7306,images/img13893.jpg,73.0,72.00615957575468,0.9938404242453204,test
img13894,7306,images/img13894.jpg,73.0,75.13640128381829,2.1364012838182873,test
img13895,7307,images/img13895.jpg,62.0,71.46220671634134,9.462206716341342,test
img13896,7307,images/img13896.jpg,62.0,63.967706865803024,1.9677068658030237,test
img13909,7314,images/img13909.jpg,79.0,82.49544241086835,3.4954424108683497,test
img13910,7314,images/img13910.jpg,79.0,73.11733564938386,5.882664350616139,test
img13912,7315,images/img13912.jpg,82.0,82.44224025274039,0.4422402527403903,test
img13931,7325,images/img13931.jpg,63.0,73.3185009249162,10.318500924916194,test
img13932,7325,images/img13932.jpg,63.0,80.57786134902793,17.577861349027927,test
img14017,7368,images/img14017.jpg,77.0,73.18562422162735,3.81437577837265,test
img14018,7368,images/img14018.jpg,77.0,72.05386178547053,4.946138214529469,test
img14027,7373,images/img14027.jpg,81.0,75.41658782886232,5.583412171137681,test
img14052,7386,images/img14052.jpg,70.0,65.4512375174489,4.548762482551098,test
img14053,7386,images/img14053.jpg,70.0,61.593584007467115,8.406415992532885,test
img14054,7387,images/img14054.jpg,69.0,66.57686963236353,2.4231303676364746,test
img14055,7387,images/img14055.jpg,69.0,70.36855893358651,1.3685589335865131,test
img14060,7390,images/img14060.jpg,79.0,78.75708068797309,0.2429193120269133,test
img14061,7390,images/img14061.jpg,79.0,86.48643967805678,7.486439678056783,test
img14078,7399,images/img14078.jpg,73.0,69.87217959185797,3.1278204081420284,test
img14079,7399,images/img14079.jpg,73.0,58.64374998657027,14.35625001342973,test
img14088,7404,images/img14088.jpg,80.0,66.30083994898374,13.699160051016264,test
img14101,7411,images/img14101.jpg,62.0,59.891528016073785,2.108471983926215,test
img14102,7411,images/img14102.jpg,62.0,66.89214111502751,4.892141115027513,test
img14125,7422,images/img14125.jpg,76.0,83.19056260113733,7.19056260113733,test
img14126,7422,images/img14126.jpg,76.0,74.54541584949477,1.4545841505052266,test
img14136,7428,images/img14136.jpg,69.0,66.67696149543498,2.3230385045650195,test
img14149,7435,images/img14149.jpg,56.0,56.9851088107924,0.9851088107923972,test
img14150,7435,images/img14150.jpg,56.0,68.75019011578857,12.75019011578857,test
img14211,7467,images/img14211.jpg,77.0,78.6491364297862,1.6491364297861963,test
img14212,7467,images/img14212.jpg,77.0,58.50571503675052,18.494284963249477,test
img14234,7478,images/img14234.jpg,66.0,69.70346979219235,3.703469792192351,test
img14235,7479,images/img14235.jpg,69.0,68.83785338236898,0.1621466176310235,test
img14236,7479,images/img14236.jpg,69.0,71.12315556380278,2.123155563802783,test
img14241,7482,images/img14241.jpg,67.0,67.88709628789604,0.8870962878960427,test
img14242,7482,images/img14242.jpg,67.0,66.58555416323911,0.4144458367608905,test
img14273,7498,images/img14273.jpg,56.0,53.617269372223745,2.3827306277762546,test
img14274,7498,images/img14274.jpg,56.0,57.52780719555552,1.5278071955555177,test
img14285,7504,images/img14285.jpg,64.0,44.99357574575022,19.00642425424978,test
img14286,7504,images/img14286.jpg,64.0,50.63673330438336,13.363266695616636,test
img14297,7510,images/img14297.jpg,67.0,68.47555041540525,1.4755504154052517,test
img14298,7510,images/img14298.jpg,67.0,60.70222919143203,6.297770808567968,test
img14319,7520,images/img14319.jpg,64.0,59.49556117688392,4.504438823116082,test
img14327,7524,images/img14327.jpg,51.0,49.332977785853274,1.6670222141467264,test
img14328,7524,images/img14328.jpg,51.0,59.4666308265883,8.4666308265883,test
img14331,7526,images/img14331.jpg,61.0,49.41383618863885,11.586163811361152,test
img14332,7526,images/img14332.jpg,61.0,68.37386844232293,7.37386844232293,test
img14352,7537,images/img14352.jpg,59.0,58.58613958107334,0.4138604189266601,test
img14353,7537,images/img14353.jpg,59.0,61.02450457429482,2.0245045742948165,test
img14418,7571,images/img14418.jpg,73.0,72.36387761645933,0.6361223835406662,test
img14419,7571,images/img14419.jpg,73.0,82.70502501772026,9.70502501772026,test
img14422,7573,images/img14422.jpg,83.0,78.44284528522017,4.557154714779827,test
img14423,7573,images/img14423.jpg,83.0,73.09201712818873,9.90798287181127,test
img14454,7589,images/img14454.jpg,75.0,71.92120756670997,3.078792433290033,test
img14455,7589,images/img14455.jpg,75.0,71.02509877979874,3.974901220201261,test
img14470,7597,images/img14470.jpg,83.0,82.13858158996379,0.8614184100362081,test
img14471,7597,images/img14471.jpg,83.0,83.60949442420856,0.6094944242085631,test
img14476,7600,images/img14476.jpg,69.0,56.52717225987979,12.47282774012021,test
img14477,7600,images/img14477.jpg,69.0,52.082418683404136,16.917581316595864,test
img14484,7604,images/img14484.jpg,42.0,44.319901319029846,2.319901319029846,test
img14485,7604,images/img14485.jpg,42.0,45.791501237847214,3.791501237847214,test
img14502,7613,images/img14502.jpg,56.0,61.63972173651727,5.6397217365172665,test
img14503,7613,images/img14503.jpg,56.0,58.47902330069432,2.4790233006943225,test
img14512,7618,images/img14512.jpg,77.0,78.55154206460563,1.551542064605627,test
img14513,7618,images/img14513.jpg,77.0,53.72589362601543,23.274106373984573,test
img14518,7621,images/img14518.jpg,56.0,52.638177400751445,3.361822599248555,test
img14519,7621,images/img14519.jpg,56.0,60.312945885626355,4.312945885626355,test
img14532,7628,images/img14532.jpg,65.0,76.4482453146225,11.448245314622495,test
img14533,7628,images/img14533.jpg,65.0,60.33371737927495,4.666282620725049,test
img14548,7636,images/img14548.jpg,73.0,73.34955060393516,0.3495506039351568,test
img14579,7652,images/img14579.jpg,74.0,74.55304248825064,0.5530424882506395,test
img14580,7652,images/img14580.jpg,74.0,73.94631954538328,0.0536804546167246,test
img14591,7658,images/img14591.jpg,63.0,65.12793587016895,2.1279358701689546,test
img14592,7658,images/img14592.jpg,63.0,65.19612955930481,2.196129559304808,test
img14595,7660,images/img14595.jpg,56.0,53.97786417059726,2.0221358294027425,test
img14596,7660,images/img14596.jpg,56.0,49.128795336558866,6.871204663441134,test
img14615,7670,images/img14615.jpg,65.0,61.7183809233653,3.2816190766346978,test
img14616,7670,images/img14616.jpg,65.0,61.07829947919295,3.9217005208070503,test
img14631,7678,images/img14631.jpg,59.0,60.03546868954976,1.0354686895497591,test
img14632,7678,images/img14632.jpg,59.0,62.570712334855344,3.570712334855344,test
img14653,7689,images/img14653.jpg,58.0,53.49681199523727,4.503188004762727,test
img14654,7689,images/img14654.jpg,58.0,54.943249077498784,3.056750922501216,test
img14687,7706,images/img14687.jpg,72.0,61.350091050431274,10.649908949568726,test
img14688,7706,images/img14688.jpg,72.0,60.542656525971566,11.457343474028434,test
img14693,7709,images/img14693.jpg,61.0,66.76198875659955,5.76198875659955,test
img14694,7709,images/img14694.jpg,61.0,63.861792233631384,2.861792233631384,test
img14784,7756,images/img14784.jpg,81.0,80.29134708225338,0.708652917746619,test
img14785,7756,images/img14785.jpg,81.0,66.87859464284294,14.12140535715706,test
img14819,7774,images/img14819.jpg,67.0,66.64454637215428,0.3554536278457192,test
img14820,7774,images/img14820.jpg,67.0,68.09669198207314,1.0966919820731391,test
img14860,7796,images/img14860.jpg,50.0,57.25356243247514,7.253562432475142,test
img14861,7796,images/img14861.jpg,50.0,44.90808279393089,5.0919172060691125,test
img14876,7804,images/img14876.jpg,60.0,62.03940183157787,2.0394018315778695,test
img14877,7804,images/img14877.jpg,60.0,63.24065523798024,3.240655237980242,test
img14884,7808,images/img14884.jpg,70.0,63.25280681942138,6.74719318057862,test
img14885,7808,images/img14885.jpg,70.0,60.40520362130712,9.594796378692884,test
img14890,7811,images/img14890.jpg,54.0,56.32124871919274,2.321248719192738,test
img14891,7811,images/img14891.jpg,54.0,50.63967086358384,3.360329136416162,test
img14945,7838,images/img14945.jpg,52.0,60.766608743232126,8.766608743232126,test
img14946,7838,images/img14946.jpg,52.0,56.85735443205334,4.8573544320533415,test
img14988,7860,images/img14988.jpg,42.0,54.409620754399214,12.409620754399214,test
img15003,7868,images/img15003.jpg,61.0,52.453887140444266,8.546112859555734,test
img15004,7868,images/img15004.jpg,61.0,55.25764261876444,5.742357381235557,test
img15047,7890,images/img15047.jpg,52.0,63.16358670644829,11.163586706448292,test
img15048,7890,images/img15048.jpg,52.0,51.307310397474865,0.6926896025251352,test
img15097,7916,images/img15097.jpg,70.0,72.21840545328324,2.218405453283239,test
img15114,7925,images/img15114.jpg,77.0,73.71425073262996,3.2857492673700364,test
img15115,7925,images/img15115.jpg,77.0,77.26683787441915,0.2668378744191528,test
img15132,7934,images/img15132.jpg,64.0,60.976597329817615,3.023402670182385,test
img15133,7934,images/img15133.jpg,64.0,57.5555990848857,6.444400915114301,test
img15138,7937,images/img15138.jpg,52.0,50.11345569224793,1.886544307752068,test
img15139,7937,images/img15139.jpg,52.0,51.41841469939051,0.5815853006094898,test
img15147,7941,images/img15147.jpg,68.0,77.57220225191249,9.572202251912486,test
img15168,7954,images/img15168.jpg,54.0,49.580775382266985,4.419224617733015,test
img15169,7954,images/img15169.jpg,54.0,55.526014853643645,1.5260148536436446,test
img15182,7961,images/img15182.jpg,83.0,70.57661141400135,12.423388585998651,test
img15183,7961,images/img15183.jpg,83.0,79.27688525118558,3.723114748814425,test
img15209,7975,images/img15209.jpg,85.0,84.78584864912719,0.214151350872811,test
img15242,7993,images/img15242.jpg,63.0,51.389514613534395,11.610485386465603,test
img15243,7993,images/img15243.jpg,63.0,52.07607242129625,10.923927578703749,test
img15275,8010,images/img15275.jpg,61.0,56.705822019355345,4.294177980644655,test
img15276,8010,images/img15276.jpg,61.0,58.048991380965376,2.9510086190346243,test
img15295,8020,images/img15295.jpg,47.0,48.20589570436838,1.2058957043683804,test
img15296,8020,images/img15296.jpg,47.0,53.87721936803643,6.877219368036428,test
img15307,8026,images/img15307.jpg,56.0,67.15296496244939,11.152964962449389,test
img15308,8027,images/img15308.jpg,64.0,51.39125413717456,12.608745862825444,test
img15313,8030,images/img15313.jpg,48.0,53.841603575788355,5.841603575788355,test
img15314,8030,images/img15314.jpg,48.0,60.70805141522701,12.708051415227004,test
img15319,8033,images/img15319.jpg,68.0,78.42361346084994,10.423613460849936,test
img15320,8033,images/img15320.jpg,68.0,65.7371361346342,2.2628638653658015,test
img15335,8042,images/img15335.jpg,67.0,69.23138270724176,2.231382707241764,test
img15336,8042,images/img15336.jpg,67.0,56.3948540854588,10.605145914541204,test
img15339,8044,images/img15339.jpg,74.0,75.82328191226821,1.8232819122682145,test
img15342,8046,images/img15342.jpg,60.0,63.203987824622445,3.2039878246224447,test
img15343,8046,images/img15343.jpg,60.0,66.11678853236131,6.116788532361312,test
img15358,8054,images/img15358.jpg,83.0,73.11075381542251,9.889246184577487,test
img15394,8073,images/img15394.jpg,69.0,67.77461945275084,1.2253805472491592,test
img15400,8076,images/img15400.jpg,66.0,65.66047985384581,0.3395201461541859,test
img15401,8076,images/img15401.jpg,66.0,59.75454489185322,6.245455108146778,test
img15402,8077,images/img15402.jpg,78.0,79.64492046658359,1.644920466583585,test
img15403,8077,images/img15403.jpg,78.0,77.65763849198932,0.3423615080106827,test
img15408,8080,images/img15408.jpg,55.0,50.17567283621259,4.824327163787409,test
img15409,8080,images/img15409.jpg,55.0,48.679711952160005,6.320288047839995,test
img15420,8086,images/img15420.jpg,65.0,69.93980398234795,4.939803982347954,test
img15426,8090,images/img15426.jpg,63.0,69.06712805119372,6.06712805119372,test
img15427,8090,images/img15427.jpg,63.0,66.52814170353571,3.5281417035357094,test
img15432,8093,images/img15432.jpg,58.0,53.29430363295707,4.705696367042933,test
img15433,8093,images/img15433.jpg,58.0,71.2989357909036,13.2989357909036,test
img15440,8097,images/img15440.jpg,59.0,53.71743757802549,5.282562421974511,test
img15441,8097,images/img15441.jpg,59.0,56.3261018674551,2.673898132544899,test
img15442,8098,images/img15442.jpg,74.0,81.96715726093117,7.967157260931174,test
img15443,8098,images/img15443.jpg,74.0,81.07388842358671,7.073888423586709,test
img15448,8101,images/img15448.jpg,72.0,81.79912909278599,9.79912909278599,test
img15449,8101,images/img15449.jpg,72.0,77.68949304150762,5.6894930415076175,test
img15464,8109,images/img15464.jpg,68.0,74.53035451941919,6.530354519419191,test
img15465,8109,images/img15465.jpg,68.0,73.53193338659554,5.53193338659554,test
img15466,8110,images/img15466.jpg,70.0,68.92871649995892,1.0712835000410763,test
img15467,8110,images/img15467.jpg,70.0,69.23506024562083,0.7649397543791707,test
img15519,8137,images/img15519.jpg,74.0,67.86167524932024,6.138324750679757,test
img15520,8137,images/img15520.jpg,74.0,70.83474581609619,3.165254183903812,test
img15531,8143,images/img15531.jpg,63.0,55.1528616761376,7.847138323862403,test
img15532,8143,images/img15532.jpg,63.0,58.94221189063505,4.0577881093649495,test
img15535,8145,images/img15535.jpg,81.0,79.13228557635566,1.867714423644344,test
img15538,8147,images/img15538.jpg,58.0,60.145884543629755,2.145884543629755,test
img15539,8147,images/img15539.jpg,58.0,59.92836529200648,1.9283652920064824,test
img15544,8150,images/img15544.jpg,63.0,66.60742526485647,3.6074252648564737,test
img15545,8150,images/img15545.jpg,63.0,69.52363140367146,6.523631403671459,test
img15558,8157,images/img15558.jpg,46.0,46.45163682665605,0.4516368266560491,test
img15559,8158,images/img15559.jpg,60.0,60.39101587018813,0.3910158701881272,test
img15560,8158,images/img15560.jpg,60.0,61.82273761853383,1.8227376185338289,test
img15569,8163,images/img15569.jpg,54.0,57.979022041718785,3.979022041718786,test
img15570,8163,images/img15570.jpg,54.0,35.49666988044217,18.50333011955783,test
img15579,8168,images/img15579.jpg,73.0,63.192960662537416,9.807039337462584,test
img15580,8168,images/img15580.jpg,73.0,59.96059473886101,13.039405261138988,test
img15583,8170,images/img15583.jpg,77.0,67.67942006808049,9.32057993191951,test
img15584,8170,images/img15584.jpg,77.0,73.73175721129566,3.2682427887043417,test
img15596,8177,images/img15596.jpg,63.0,65.06665719648164,2.0666571964816427,test
img15597,8177,images/img15597.jpg,63.0,56.735022568385666,6.264977431614334,test
img15638,8199,images/img15638.jpg,70.0,63.78210351053488,6.217896489465119,test
img15639,8199,images/img15639.jpg,70.0,62.31636725870892,7.683632741291078,test
img15667,8214,images/img15667.jpg,59.0,69.59201267780173,10.592012677801732,test
img15668,8214,images/img15668.jpg,59.0,62.36184516844729,3.3618451684472888,test
img15681,8221,images/img15681.jpg,60.0,61.8134816077915,1.813481607791502,test
img15682,8221,images/img15682.jpg,60.0,62.317279009030656,2.3172790090306563,test
img15693,8227,images/img15693.jpg,58.0,49.85368646511448,8.146313534885522,test
img15694,8227,images/img15694.jpg,58.0,53.19796837752105,4.80203162247895,test
img15699,8230,images/img15699.jpg,73.0,80.15037477772262,7.150374777722618,test
img15700,8230,images/img15700.jpg,73.0,69.96086803224512,3.0391319677548836,test
img15705,8233,images/img15705.jpg,61.0,61.44456190733259,0.4445619073325915,test
img15706,8233,images/img15706.jpg,61.0,61.34023084150923,0.3402308415092321,test
img15709,8235,images/img15709.jpg,58.0,55.8894626889091,2.110537311090902,test
img15710,8235,images/img15710.jpg,58.0,63.106006292738265,5.106006292738265,test
img15724,8243,images/img15724.jpg,66.0,75.53048463879088,9.53048463879088,test
img15758,8263,images/img15758.jpg,62.0,60.239662317601095,1.7603376823989052,test
img15759,8263,images/img15759.jpg,62.0,59.5861786344739,2.413821365526097,test
img15800,8285,images/img15800.jpg,63.0,63.59855813715324,0.5985581371532405,test
img15801,8285,images/img15801.jpg,63.0,63.0098766173688,0.0098766173688034,test
img15810,8290,images/img15810.jpg,70.0,66.60873726920701,3.391262730792988,test
img15811,8290,images/img15811.jpg,70.0,65.99153519599705,4.008464804002955,test
img15837,8304,images/img15837.jpg,59.0,67.08170556738722,8.081705567387218,test
img15838,8304,images/img15838.jpg,59.0,58.80222522528283,0.1977747747171676,test
img15841,8306,images/img15841.jpg,71.0,81.25422522107534,10.254225221075345,test
img15842,8306,images/img15842.jpg,71.0,80.78141506140788,9.781415061407884,test
img15845,8308,images/img15845.jpg,70.0,73.62134490169956,3.6213449016995582,test
img15846,8308,images/img15846.jpg,70.0,64.79584117627536,5.20415882372464,test
img15864,8318,images/img15864.jpg,63.0,59.59984616441649,3.4001538355835095,test
img15865,8318,images/img15865.jpg,63.0,61.7759667901275,1.224033209872502,test
img15868,8320,images/img15868.jpg,62.0,63.37913440706186,1.379134407061862,test
img15869,8320,images/img15869.jpg,62.0,69.29478534474677,7.294785344746771,test
img15874,8323,images/img15874.jpg,63.0,63.959448763606616,0.9594487636066162,test
img15875,8323,images/img15875.jpg,63.0,60.77073670371989,2.2292632962801093,test
img15881,8327,images/img15881.jpg,38.0,47.22591570335125,9.225915703351248,test
img15882,8327,images/img15882.jpg,38.0,49.49229470316727,11.492294703167268,test
img15898,8336,images/img15898.jpg,63.0,63.58052380303812,0.580523803038119,test
img15899,8336,images/img15899.jpg,63.0,61.51391927780013,1.4860807221998726,test
img15919,8347,images/img15919.jpg,70.0,68.1561542440848,1.843845755915197,test
img15920,8347,images/img15920.jpg,70.0,68.05024288374446,1.9497571162555405,test
img15941,8358,images/img15941.jpg,69.0,74.45832515339154,5.458325153391542,test
img15942,8358,images/img15942.jpg,69.0,73.5111801606717,4.5111801606716995,test
img15954,8365,images/img15954.jpg,54.0,51.73835835714817,2.261641642851828,test
img15955,8365,images/img15955.jpg,54.0,52.18527742514335,1.814722574856653,test
img16037,8409,images/img16037.jpg,63.0,65.33598998649944,2.335989986499442,test
img16038,8409,images/img16038.jpg,63.0,75.75959244421942,12.759592444219422,test
img16059,8420,images/img16059.jpg,57.0,55.316595020398815,1.6834049796011854,test
img16060,8420,images/img16060.jpg,57.0,58.889318647912155,1.889318647912155,test
img16071,8426,images/img16071.jpg,87.0,82.5902011889239,4.409798811076101,test
img16072,8426,images/img16072.jpg,87.0,80.99291059895876,6.007089401041242,test
img16079,8430,images/img16079.jpg,52.0,56.77496617548329,4.774966175483293,test
img16080,8430,images/img16080.jpg,52.0,48.59539685960799,3.4046031403920125,test
img16082,8432,images/img16082.jpg,50.0,60.287153221545616,10.287153221545616,test
img16083,8432,images/img16083.jpg,50.0,57.268128216435365,7.268128216435365,test
img16087,8434,images/img16087.jpg,67.0,56.008803826117706,10.991196173882294,test
img16088,8435,images/img16088.jpg,69.0,78.15752850870072,9.157528508700722,test
img16089,8435,images/img16089.jpg,69.0,65.90157292262451,3.09842707737549,test
img16110,8446,images/img16110.jpg,61.0,77.03829173336345,16.03829173336345,test
img16111,8446,images/img16111.jpg,61.0,62.87305790267097,1.873057902670972,test
img16118,8450,images/img16118.jpg,59.0,54.15239646671046,4.8476035332895435,test
img16119,8450,images/img16119.jpg,59.0,63.22731761769354,4.2273176176935365,test
img16124,8453,images/img16124.jpg,54.0,52.44525604947988,1.5547439505201197,test
img16125,8453,images/img16125.jpg,54.0,54.16923303791787,0.1692330379178699,test
img16130,8456,images/img16130.jpg,63.0,59.655672876550746,3.344327123449254,test
img16131,8456,images/img16131.jpg,63.0,60.866791944927314,2.1332080550726857,test
img16150,8466,images/img16150.jpg,72.0,74.40763794292138,2.407637942921383,test
img16151,8466,images/img16151.jpg,72.0,70.81753816468905,1.1824618353109455,test
img16154,8468,images/img16154.jpg,66.0,77.02838899063454,11.02838899063454,test
img16155,8468,images/img16155.jpg,66.0,72.52167694935623,6.521676949356234,test
img16161,8472,images/img16161.jpg,68.0,79.44895522159436,11.44895522159436,test
img16162,8472,images/img16162.jpg,68.0,73.30475596163288,5.304755961632878,test
img16239,8511,images/img16239.jpg,34.0,36.1891333436971,2.189133343697101,test
img16240,8511,images/img16240.jpg,34.0,36.44949695351638,2.4494969535163804,test
img16243,8513,images/img16243.jpg,29.0,30.67124220875342,1.6712422087534191,test
img16244,8513,images/img16244.jpg,29.0,26.35617005148825,2.643829948511751,test
img16247,8515,images/img16247.jpg,20.0,33.602144323149034,13.602144323149034,test
img16248,8515,images/img16248.jpg,20.0,28.968768786216973,8.968768786216973,test
img16261,8522,images/img16261.jpg,33.0,27.477175796947357,5.522824203052643,test
img16262,8522,images/img16262.jpg,33.0,26.369141771974785,6.630858228025218,test
img16263,8523,images/img16263.jpg,19.0,19.765035364375116,0.765035364375116,test
img16264,8523,images/img16264.jpg,19.0,19.1769913063886,0.1769913063886008,test
img16265,8524,images/img16265.jpg,20.0,21.06772808303854,1.0677280830385385,test
img16266,8524,images/img16266.jpg,20.0,20.874373759425204,0.8743737594252039,test
