image_id,patient_id,image_path,age_true,age_pred,absolute_error,split
img00001,1,images/img00001.jpg,48.0,45.20942390953799,2.790576090462011,validation
img00002,1,images/img00002.jpg,48.0,39.217854489022415,8.782145510977585,validation
img00015,8,images/img00015.jpg,28.0,32.02631694649941,4.0263169464994135,validation
img00016,8,images/img00016.jpg,28.0,37.18844441463384,9.188444414633835,validation
img00029,15,images/img00029.jpg,26.0,26.99231439199856,0.992314391998562,validation
img00030,15,images/img00030.jpg,26.0,29.311499658355476,3.3114996583554728,validation
img00047,24,images/img00047.jpg,13.0,18.34348573953521,5.343485739535211,validation
img00048,24,images/img00048.jpg,13.0,19.76833773276533,6.768337732765332,validation
img00070,36,images/img00070.jpg,39.0,42.64489164840964,3.64489164840964,validation
img00071,36,images/img00071.jpg,39.0,43.27198937538071,4.271989375380713,validation
img00074,38,images/img00074.jpg,37.0,46.28337853970956,9.28337853970956,validation
img00075,38,images/img00075.jpg,37.0,38.3802787640342,1.3802787640341947,validation
img00094,48,images/img00094.jpg,20.0,20.751003907278204,0.7510039072782035,validation
img00095,48,images/img00095.jpg,20.0,20.018563028002237,0.0185630280022337,validation
img00096,49,images/img00096.jpg,20.0,19.78043478368484,0.2195652163151606,validation
img00097,49,images/img00097.jpg,20.0,20.668536308799176,0.668536308799176,validation
img00118,60,images/img00118.jpg,20.0,27.35032253507832,7.350322535078316,validation
img00119,60,images/img00119.jpg,20.0,27.44755481759523,7.447554817595229,validation
img00130,66,images/img00130.jpg,27.0,25.65412230375076,1.345877696249243,validation
img00131,66,images/img00131.jpg,27.0,20.98188395465988,6.018116045340122,validation
img00132,67,images/img00132.jpg,18.0,23.182221039723764,5.182221039723764,validation
img00133,67,images/img00133.jpg,18.0,23.661424357747716,5.661424357747713,validation
img00160,81,images/img00160.jpg,28.0,32.81397543198297,4.813975431982968,validation
img00161,81,images/img00161.jpg,28.0,36.54519583776492,8.545195837764922,validation
img00177,90,images/img00177.jpg,25.0,26.060754222362,1.060754222362,validation
img00178,90,images/img00178.jpg,25.0,22.82304376226016,2.1769562377398444,validation
img00191,97,images/img00191.jpg,19.0,26.571947325597897,7.571947325597897,validation
img00192,97,images/img00192.jpg,19.0,28.07495682487702,9.07495682487702,validation
img00197,100,images/img00197.jpg,15.0,22.58508129072853,7.585081290728532,validation
img00198,100,images/img00198.jpg,15.0,21.60325270502797,6.60325270502797,validation
img00209,106,images/img00209.jpg,24.0,22.494669685857723,1.5053303141422774,validation
img00210,106,images/img00210.jpg,24.0,22.29449686581914,1.7055031341808586,validation
img00223,113,images/img00223.jpg,16.0,18.69722305216051,2.69722305216051,validation
img00224,113,images/img00224.jpg,16.0,17.001912758946034,1.001912758946034,validation
img00227,115,images/img00227.jpg,18.0,21.23591984274864,3.235919842748636,validation
img00228,115,images/img00228.jpg,18.0,19.743201343512467,1.7432013435124674,validation
img00253,128,images/img00253.jpg,18.0,21.993957348880063,3.993957348880066,validation
img00254,128,images/img00254.jpg,18.0,20.9174681400629,2.917468140062901,validation
img00255,129,images/img00255.jpg,47.0,54.81696865875952,7.816968658759521,validation
img00256,129,images/img00256.jpg,47.0,60.69342878319797,13.693428783197971,validation
img00269,136,images/img00269.jpg,17.0,22.987848085966284,5.987848085966284,validation
img00270,136,images/img00270.jpg,17.0,20.649293578324624,3.649293578324624,validation
img00271,137,images/img00271.jpg,17.0,22.391087869401623,5.391087869401623,validation
img00272,137,images/img00272.jpg,17.0,23.515162592618346,6.515162592618346,validation
img00275,139,images/img00275.jpg,15.0,21.004014621560223,6.004014621560224,validation
img00276,139,images/img00276.jpg,15.0,20.00840726365293,5.008407263652934,validation
img00277,140,images/img00277.jpg,18.0,19.134902468569848,1.134902468569848,validation
img00278,140,images/img00278.jpg,18.0,20.49258158402913,2.492581584029132,validation
img00281,142,images/img00281.jpg,16.0,20.802986762942403,4.802986762942403,validation
img00282,142,images/img00282.jpg,16.0,19.581276231348667,3.5812762313486672,validation
img00283,143,images/img00283.jpg,14.0,20.97107818649269,6.97107818649269,validation
img00284,143,images/img00284.jpg,14.0,19.058049332598365,5.058049332598365,validation
img00285,144,images/img00285.jpg,24.0,20.89386733029928,3.1061326697007203,validation
img00286,144,images/img00286.jpg,24.0,23.290049693204796,0.7099503067952071,validation
img00295,149,images/img00295.jpg,17.0,20.10352594315128,3.103525943151276,validation
img00296,149,images/img00296.jpg,17.0,19.32578110650096,2.325781106500962,validation
img00319,161,images/img00319.jpg,17.0,22.16481674170854,5.164816741708542,validation
img00320,161,images/img00320.jpg,17.0,24.01318984671069,7.013189846710695,validation
img00329,166,images/img00329.jpg,66.0,56.57738076053314,9.422619239466862,validation
img00330,166,images/img00330.jpg,66.0,64.4517039619839,1.5482960380161046,validation
img00334,169,images/img00334.jpg,68.0,59.79309715269134,8.206902847308662,validation
img00335,169,images/img00335.jpg,68.0,63.30991718003492,4.6900828199650775,validation
img00342,173,images/img00342.jpg,41.0,46.77379987664426,5.7737998766442615,validation
img00343,173,images/img00343.jpg,41.0,53.32398377792517,12.323983777925164,validation
img00357,181,images/img00357.jpg,28.0,33.82757349958807,5.82757349958807,validation
img00358,181,images/img00358.jpg,28.0,35.28927503811826,7.289275038118262,validation
img00366,186,images/img00366.jpg,68.0,82.6660007952174,14.6660007952174,validation
img00367,186,images/img00367.jpg,68.0,74.98465047638115,6.984650476381148,validation
img00370,188,images/img00370.jpg,83.0,82.10388927209962,0.8961107279003784,validation
img00371,188,images/img00371.jpg,83.0,82.50459481361958,0.4954051863804238,validation
img00375,191,images/img00375.jpg,61.0,64.15695067869552,3.156950678695523,validation
img00376,191,images/img00376.jpg,61.0,69.54015524233729,8.540155242337292,validation
img00388,198,images/img00388.jpg,64.0,65.19948264108014,1.199482641080138,validation
img00389,198,images/img00389.jpg,64.0,68.09703443374902,4.097034433749016,validation
img00405,208,images/img00405.jpg,53.0,61.76262780657776,8.762627806577754,validation
img00406,208,images/img00406.jpg,53.0,55.62277176633821,2.622771766338211,validation
img00418,215,images/img00418.jpg,66.0,67.3856074362903,1.3856074362903,validation
img00419,215,images/img00419.jpg,66.0,68.07610671015594,2.0761067101559405,validation
img00439,226,images/img00439.jpg,65.0,62.0302041684937,2.9697958315063038,validation
img00440,226,images/img00440.jpg,65.0,45.54014934203333,19.45985065796667,validation
img00453,233,images/img00453.jpg,78.0,75.51506231666208,2.484937683337918,validation
img00454,233,images/img00454.jpg,78.0,66.88103324777046,11.11896675222954,validation
img00457,235,images/img00457.jpg,54.0,67.14257689807792,13.14257689807792,validation
img00458,235,images/img00458.jpg,54.0,57.75023071780519,3.750230717805188,validation
img00467,240,images/img00467.jpg,65.0,73.84831838251131,8.848318382511309,validation
img00472,243,images/img00472.jpg,77.0,77.7959998751442,0.7959998751442043,validation
img00473,243,images/img00473.jpg,77.0,81.74315024049638,4.743150240496377,validation
img00474,244,images/img00474.jpg,42.0,38.4714407088827,3.528559291117297,validation
img00475,244,images/img00475.jpg,42.0,41.35354673129847,0.646453268701535,validation
img00498,257,images/img00498.jpg,59.0,60.48276756262812,1.4827675626281192,validation
img00499,257,images/img00499.jpg,59.0,54.86281246829805,4.137187531701947,validation
img00516,268,images/img00516.jpg,84.0,73.00866068220706,10.991339317792937,validation
img00517,268,images/img00517.jpg,84.0,66.50509601448233,17.494903985517666,validation
img00542,281,images/img00542.jpg,85.0,72.9411769804629,12.0588230195371,validation
img00543,281,images/img00543.jpg,85.0,57.30842470417112,27.69157529582888,validation
img00550,285,images/img00550.jpg,63.0,47.81794812369015,15.182051876309847,validation
img00551,285,images/img00551.jpg,63.0,53.388988522155806,9.611011477844194,validation
img00560,290,images/img00560.jpg,62.0,60.458762136393965,1.541237863606035,validation
img00561,290,images/img00561.jpg,62.0,68.58344886795398,6.583448867953976,validation
img00568,294,images/img00568.jpg,65.0,65.60295724248871,0.6029572424887135,validation
img00569,294,images/img00569.jpg,65.0,67.18252595822771,2.182525958227714,validation
img00572,296,images/img00572.jpg,65.0,72.75559761862428,7.755597618624279,validation
img00573,296,images/img00573.jpg,65.0,69.48271497206787,4.482714972067868,validation
img00577,299,images/img00577.jpg,56.0,56.913852960214136,0.913852960214136,validation
img00578,299,images/img00578.jpg,56.0,57.18773645858868,1.187736458588681,validation
img00589,305,images/img00589.jpg,59.0,59.3914350094956,0.391435009495602,validation
img00590,305,images/img00590.jpg,59.0,57.01711996515251,1.98288003484749,validation
img00598,310,images/img00598.jpg,78.0,76.29714342039281,1.702856579607186,validation
img00599,310,images/img00599.jpg,78.0,62.63472244237136,15.365277557628636,validation
img00600,311,images/img00600.jpg,27.0,31.058389281374048,4.058389281374048,validation
img00601,311,images/img00601.jpg,27.0,33.7056519780957,6.705651978095702,validation
img00602,312,images/img00602.jpg,60.0,68.8892462177891,8.889246217789093,validation
img00603,312,images/img00603.jpg,60.0,66.6497300435409,6.649730043540899,validation
img00621,322,images/img00621.jpg,45.0,51.32584586708381,6.325845867083814,validation
img00622,322,images/img00622.jpg,45.0,53.27596201935253,8.275962019352534,validation
img00641,332,images/img00641.jpg,17.0,18.362021754449373,1.362021754449373,validation
img00642,332,images/img00642.jpg,17.0,18.53929829906385,1.5392982990638515,validation
img00661,342,images/img00661.jpg,70.0,68.22630994138908,1.7736900586109243,validation
img00662,342,images/img00662.jpg,70.0,71.85814519965996,1.8581451996599585,validation
img00667,345,images/img00667.jpg,60.0,69.26824861169831,9.268248611698311,validation
img00668,345,images/img00668.jpg,60.0,61.26130690897865,1.2613069089786535,validation
img00686,355,images/img00686.jpg,22.0,63.047098606131634,41.047098606131634,validation
img00732,379,images/img00732.jpg,49.0,48.37511154727478,0.624888452725223,validation
img00733,379,images/img00733.jpg,49.0,53.25359687120916,4.2535968712091545,validation
img00772,400,images/img00772.jpg,90.0,78.2941383715007,11.705861628499306,validation
img00773,400,images/img00773.jpg,90.0,84.62664133816168,5.373358661838324,validation
img00776,402,images/img00776.jpg,55.0,50.38646165820307,4.613538341796932,validation
img00777,402,images/img00777.jpg,55.0,50.52266526861686,4.477334731383138,validation
img00782,405,images/img00782.jpg,63.0,73.05411078137939,10.054110781379393,validation
img00783,405,images/img00783.jpg,63.0,57.01918759212503,5.980812407874971,validation
img00792,410,images/img00792.jpg,60.0,66.41529297023297,6.415292970232969,validation
img00793,410,images/img00793.jpg,60.0,65.58553746735242,5.585537467352424,validation
img00800,414,images/img00800.jpg,50.0,54.78179729026278,4.78179729026278,validation
img00801,414,images/img00801.jpg,50.0,55.672331421947256,5.672331421947256,validation
img00810,419,images/img00810.jpg,55.0,59.84658396014223,4.846583960142233,validation
img00811,419,images/img00811.jpg,55.0,54.67780649489442,0.3221935051055808,validation
img00823,426,images/img00823.jpg,66.0,64.88850380107927,1.111496198920733,validation
img00824,426,images/img00824.jpg,66.0,60.60588384784951,5.394116152150488,validation
img00825,427,images/img00825.jpg,69.0,66.55870060785996,2.4412993921400385,validation
img00826,427,images/img00826.jpg,69.0,69.48039306245664,0.4803930624566419,validation
img00829,429,images/img00829.jpg,60.0,86.72853338190748,26.72853338190748,validation
img00839,435,images/img00839.jpg,63.0,55.51518604633107,7.484813953668933,validation
img00840,435,images/img00840.jpg,63.0,66.10909863820035,3.1090986382003507,validation
img00866,449,images/img00866.jpg,64.0,69.05151596284962,5.051515962849621,validation
img00867,449,images/img00867.jpg,64.0,68.79987505527107,4.799875055271073,validation
img00901,466,images/img00901.jpg,71.0,72.98005833299908,1.9800583329990784,validation
img00912,472,images/img00912.jpg,76.0,74.30843165552128,1.6915683444787248,validation
img00913,472,images/img00913.jpg,76.0,79.9337119279416,3.9337119279416015,validation
img00954,494,images/img00954.jpg,45.0,44.03559771960237,0.9644022803976284,validation
img00955,494,images/img00955.jpg,45.0,43.93414695593177,1.065853044068227,validation
img00996,516,images/img00996.jpg,38.0,47.26015214605456,9.260152146054558,validation
img00997,516,images/img00997.jpg,38.0,44.990422790989285,6.990422790989285,validation
img01052,547,images/img01052.jpg,66.0,73.33632368060738,7.336323680607379,validation
img01053,547,images/img01053.jpg,66.0,70.52179624304343,4.5217962430434255,validation
img01058,550,images/img01058.jpg,79.0,75.98257429084748,3.017425709152519,validation
img01059,550,images/img01059.jpg,79.0,71.70933140611808,7.290668593881918,validation
img01066,554,images/img01066.jpg,88.0,76.30426728773921,11.695732712260792,validation
img01067,554,images/img01067.jpg,88.0,72.50142322301056,15.498576776989438,validation
img01089,566,images/img01089.jpg,54.0,55.69961058804777,1.6996105880477683,validation
img01090,566,images/img01090.jpg,54.0,51.48441080850447,2.515589191495529,validation
img01110,577,images/img01110.jpg,70.0,70.30421073683635,0.3042107368363531,validation
img01111,577,images/img01111.jpg,70.0,68.52392444114766,1.4760755588523438,validation
img01113,579,images/img01113.jpg,67.0,66.24550891929114,0.7544910807088598,validation
img01114,579,images/img01114.jpg,67.0,64.5871670479139,2.412832952086106,validation
img01123,584,images/img01123.jpg,50.0,51.584352167336206,1.5843521673362062,validation
img01124,584,images/img01124.jpg,50.0,50.855221290723485,0.8552212907234846,validation
img01189,619,images/img01189.jpg,87.0,81.02728882101832,5.972711178981683,validation
img01212,631,images/img01212.jpg,30.0,31.23527974989535,1.2352797498953514,validation
img01213,631,images/img01213.jpg,30.0,22.478131669256257,7.521868330743743,validation
img01229,640,images/img01229.jpg,47.0,58.39903009279764,11.399030092797638,validation
img01247,650,images/img01247.jpg,43.0,39.44387477631598,3.5561252236840204,validation
img01248,650,images/img01248.jpg,43.0,41.58710858973414,1.412891410265857,validation
img01276,666,images/img01276.jpg,79.0,76.29865936889426,2.7013406311057366,validation
img01277,666,images/img01277.jpg,79.0,82.30156459424731,3.30156459424731,validation
img01303,681,images/img01303.jpg,59.0,73.78339979650485,14.783399796504852,validation
img01305,682,images/img01305.jpg,71.0,63.09486843369432,7.905131566305684,validation
img01335,698,images/img01335.jpg,18.0,18.167840748128043,0.167840748128043,validation
img01336,698,images/img01336.jpg,18.0,17.88500183851169,0.1149981614883088,validation
img01345,703,images/img01345.jpg,41.0,44.23745444214904,3.237454442149044,validation
img01350,706,images/img01350.jpg,65.0,62.80366236083829,2.196337639161712,validation
img01424,745,images/img01424.jpg,74.0,74.66228784468375,0.6622878446837461,validation
img01425,745,images/img01425.jpg,74.0,72.45181026381661,1.5481897361833887,validation
img01437,753,images/img01437.jpg,86.0,48.94843345503028,37.05156654496972,validation
img01438,753,images/img01438.jpg,86.0,77.74811117104436,8.251888828955643,validation
img01439,754,images/img01439.jpg,67.0,71.09690566129812,4.096905661298123,validation
img01440,754,images/img01440.jpg,67.0,60.90580444336803,6.094195556631973,validation
img01475,773,images/img01475.jpg,65.0,69.20687341898771,4.206873418987712,validation
img01476,773,images/img01476.jpg,65.0,66.65257544615982,1.6525754461598154,validation
img01490,780,images/img01490.jpg,59.0,55.38878675105464,3.6112132489453614,validation
img01549,811,images/img01549.jpg,42.0,41.59374822604842,0.4062517739515812,validation
img01550,811,images/img01550.jpg,42.0,41.58720238223136,0.4127976177686463,validation
img01650,864,images/img01650.jpg,51.0,62.52744890960058,11.52744890960058,validation
img01678,881,images/img01678.jpg,76.0,42.49678566103859,33.50321433896141,validation
img01679,881,images/img01679.jpg,76.0,70.67213470997022,5.327865290029777,validation
img01698,891,images/img01698.jpg,21.0,29.74901330197904,8.74901330197904,validation
img01699,891,images/img01699.jpg,21.0,25.34825624545838,4.34825624545838,validation
img01724,904,images/img01724.jpg,13.0,18.43419835288545,5.434198352885446,validation
img01725,904,images/img01725.jpg,13.0,15.932726277586228,2.9327262775862266,validation
img01765,928,images/img01765.jpg,82.0,76.27283153262707,5.727168467372934,validation
img01766,928,images/img01766.jpg,82.0,80.19554786184503,1.8044521381549716,validation
img01790,941,images/img01790.jpg,77.0,74.10073253288664,2.8992674671133614,validation
img01791,941,images/img01791.jpg,77.0,69.83791043084169,7.162089569158312,validation
img01794,943,images/img01794.jpg,62.0,69.8855144856186,7.8855144856186,validation
img01795,943,images/img01795.jpg,62.0,65.55963819610189,3.5596381961018864,validation
img01827,961,images/img01827.jpg,41.0,21.51607366947968,19.48392633052032,validation
img01828,961,images/img01828.jpg,41.0,28.497262996627025,12.502737003372978,validation
img01854,975,images/img01854.jpg,53.0,62.2428181270433,9.2428181270433,validation
img01855,975,images/img01855.jpg,53.0,56.49060170636105,3.490601706361048,validation
img01862,979,images/img01862.jpg,55.0,58.10752464737783,3.1075246473778293,validation
img01883,993,images/img01883.jpg,69.0,60.52458647436477,8.475413525635226,validation
img01884,993,images/img01884.jpg,69.0,63.20013469796371,5.799865302036288,validation
img01892,998,images/img01892.jpg,71.0,63.33438611570297,7.665613884297031,validation
img01893,998,images/img01893.jpg,71.0,60.406773282372384,10.593226717627616,validation
img01911,1008,images/img01911.jpg,81.0,70.12118449402068,10.878815505979318,validation
img01912,1008,images/img01912.jpg,81.0,81.97157205196275,0.9715720519627524,validation
img01918,1012,images/img01918.jpg,58.0,57.11708831659247,0.882911683407535,validation
img01919,1012,images/img01919.jpg,58.0,49.23928017174874,8.760719828251261,validation
img01932,1019,images/img01932.jpg,59.0,65.31894592665721,6.318945926657207,validation
img01933,1019,images/img01933.jpg,59.0,58.21464576734064,0.7853542326593583,validation
img01939,1023,images/img01939.jpg,32.0,29.602544320867462,2.3974556791325377,validation
img01940,1023,images/img01940.jpg,32.0,25.93046771885082,6.069532281149179,validation
img01947,1027,images/img01947.jpg,59.0,50.38570150273148,8.614298497268521,validation
img01948,1027,images/img01948.jpg,59.0,60.94149848691465,1.9414984869146463,validation
img01951,1029,images/img01951.jpg,33.0,24.15464420105272,8.845355798947281,validation
img01952,1029,images/img01952.jpg,33.0,35.2537996619634,2.253799661963398,validation
img01979,1045,images/img01979.jpg,55.0,55.67154877263549,0.6715487726354894,validation
img01980,1045,images/img01980.jpg,55.0,48.56825374715896,6.4317462528410445,validation
img02010,1061,images/img02010.jpg,76.0,71.00952922526152,4.990470774738483,validation
img02027,1070,images/img02027.jpg,37.0,46.4945359880263,9.4945359880263,validation
img02028,1070,images/img02028.jpg,37.0,44.16924875629843,7.16924875629843,validation
img02087,1103,images/img02087.jpg,69.0,67.24743690996114,1.752563090038862,validation
img02088,1103,images/img02088.jpg,69.0,63.835897324822575,5.164102675177425,validation
img02097,1108,images/img02097.jpg,55.0,64.32976880786113,9.329768807861129,validation
img02098,1108,images/img02098.jpg,55.0,63.39257454472924,8.392574544729236,validation
img02121,1121,images/img02121.jpg,36.0,38.57242905372984,2.5724290537298344,validation
img02122,1121,images/img02122.jpg,36.0,41.59172078125403,5.591720781254033,validation
img02171,1146,images/img02171.jpg,49.0,47.42622594030435,1.573774059695651,validation
img02172,1146,images/img02172.jpg,49.0,49.87134453863032,0.8713445386303178,validation
img02179,1150,images/img02179.jpg,34.0,45.24739460236287,11.247394602362869,validation
img02180,1150,images/img02180.jpg,34.0,44.14353761534753,10.143537615347531,validation
img02187,1154,images/img02187.jpg,45.0,46.8406292121288,1.8406292121288037,validation
img02188,1154,images/img02188.jpg,45.0,51.98267363445028,6.982673634450279,validation
img02189,1155,images/img02189.jpg,40.0,40.17905745021976,0.1790574502197586,validation
img02206,1164,images/img02206.jpg,56.0,55.57131921999691,0.4286807800030914,validation
img02207,1164,images/img02207.jpg,56.0,48.47624657922511,7.523753420774895,validation
img02219,1171,images/img02219.jpg,77.0,72.2424239668426,4.757576033157406,validation
img02220,1171,images/img02220.jpg,77.0,79.83787998922028,2.8378799892202835,validation
img02226,1175,images/img02226.jpg,76.0,70.80482055643334,5.1951794435666585,validation
img02227,1175,images/img02227.jpg,76.0,78.19607068139233,2.196070681392328,validation
img02232,1178,images/img02232.jpg,89.0,65.99038569260098,23.00961430739902,validation
img02233,1178,images/img02233.jpg,89.0,76.24619882586053,12.753801174139468,validation
img02247,1186,images/img02247.jpg,40.0,55.61028414055749,15.61028414055749,validation
img02248,1186,images/img02248.jpg,40.0,54.04152746399567,14.04152746399567,validation
img02257,1191,images/img02257.jpg,79.0,69.94021078003935,9.05978921996065,validation
img02258,1191,images/img02258.jpg,79.0,68.19785700581038,10.802142994189625,validation
img02279,1202,images/img02279.jpg,35.0,32.33461942849844,2.665380571501558,validation
img02280,1202,images/img02280.jpg,35.0,35.75925833554416,0.7592583355441604,validation
img02286,1206,images/img02286.jpg,31.0,36.98770229594939,5.98770229594939,validation
img02297,1212,images/img02297.jpg,51.0,66.02746317548147,15.027463175481472,validation
img02298,1212,images/img02298.jpg,51.0,59.05269222705688,8.05269222705688,validation
img02338,1233,images/img02338.jpg,19.0,23.41388414539612,4.413884145396118,validation
img02375,1252,images/img02375.jpg,29.0,30.41098111631481,1.4109811163148152,validation
img02376,1252,images/img02376.jpg,29.0,29.75266466570772,0.7526646657077194,validation
img02383,1256,images/img02383.jpg,18.0,20.64550697890229,2.64550697890229,validation
img02408,1269,images/img02408.jpg,63.0,72.05352478684682,9.053524786846822,validation
img02426,1278,images/img02426.jpg,75.0,74.32930702981359,0.6706929701864084,validation
img02445,1288,images/img02445.jpg,63.0,61.94973784015868,1.0502621598413242,validation
img02446,1288,images/img02446.jpg,63.0,60.47218864143093,2.527811358569068,validation
img02453,1292,images/img02453.jpg,63.0,67.4745478076874,4.474547807687401,validation
img02454,1292,images/img02454.jpg,63.0,61.01924646874616,1.9807535312538391,validation
img02457,1294,images/img02457.jpg,61.0,71.66989166104037,10.669891661040367,validation
img02458,1294,images/img02458.jpg,61.0,71.11048703301654,10.11048703301654,validation
img02479,1305,images/img02479.jpg,80.0,80.71404587375915,0.7140458737591473,validation
img02480,1305,images/img02480.jpg,80.0,75.2076584976596,4.792341502340406,validation
img02487,1309,images/img02487.jpg,44.0,47.54680819218537,3.5468081921853667,validation
img02488,1309,images/img02488.jpg,44.0,36.43638781611533,7.563612183884672,validation
img02555,1345,images/img02555.jpg,78.0,71.3381214237505,6.6618785762495065,validation
img02556,1345,images/img02556.jpg,78.0,66.13620139806338,11.863798601936622,validation
img02569,1352,images/img02569.jpg,73.0,70.32245010571283,2.677549894287168,validation
img02570,1352,images/img02570.jpg,73.0,59.77666765182793,13.223332348172072,validation
img02571,1353,images/img02571.jpg,82.0,58.8214517329272,23.1785482670728,validation
img02572,1353,images/img02572.jpg,82.0,67.05171923354014,14.94828076645986,validation
img02614,1377,images/img02614.jpg,63.0,57.87352340926408,5.126476590735926,validation
img02615,1377,images/img02615.jpg,63.0,45.77674745991365,17.22325254008635,validation
img02634,1387,images/img02634.jpg,75.0,70.26914761142507,4.730852388574931,validation
img02635,1387,images/img02635.jpg,75.0,70.76700691151078,4.232993088489224,validation
img02636,1388,images/img02636.jpg,52.0,58.24023012482874,6.2402301248287415,validation
img02637,1388,images/img02637.jpg,52.0,56.53182357704895,4.531823577048947,validation
img02642,1391,images/img02642.jpg,64.0,62.19968666565089,1.800313334349113,validation
img02643,1391,images/img02643.jpg,64.0,57.86313234571392,6.136867654286078,validation
img02655,1398,images/img02655.jpg,64.0,70.82013927057105,6.820139270571048,validation
img02666,1405,images/img02666.jpg,68.0,65.70452906391735,2.2954709360826517,validation
img02669,1407,images/img02669.jpg,62.0,72.54374654207234,10.54374654207234,validation
img02670,1407,images/img02670.jpg,62.0,79.0077902142421,17.007790214242107,validation
img02759,1455,images/img02759.jpg,59.0,61.81348951471714,2.8134895147171406,validation
img02775,1465,images/img02775.jpg,67.0,66.76173900681046,0.2382609931895416,validation
img02776,1465,images/img02776.jpg,67.0,68.63172691997829,1.6317269199782911,validation
img02845,1502,images/img02845.jpg,68.0,64.43767707590374,3.5623229240962644,validation
img02847,1502,images/img02847.jpg,68.0,64.79339275585396,3.206607244146042,validation
img02872,1518,images/img02872.jpg,89.0,79.70683442084794,9.29316557915206,validation
img02873,1518,images/img02873.jpg,89.0,79.35490534032006,9.64509465967994,validation
img02949,1559,images/img02949.jpg,59.0,44.50087176117988,14.49912823882012,validation
img02950,1559,images/img02950.jpg,59.0,53.17827004453824,5.8217299554617625,validation
img02960,1565,images/img02960.jpg,52.0,57.17020953097737,5.170209530977367,validation
img02961,1565,images/img02961.jpg,52.0,51.99030409034266,0.0096959096573385,validation
img02962,1566,images/img02962.jpg,44.0,43.352561492927705,0.6474385070722946,validation
img02963,1566,images/img02963.jpg,44.0,39.70371053068584,4.296289469314161,validation
img03013,1594,images/img03013.jpg,64.0,64.50450804730393,0.5045080473039292,validation
img03014,1594,images/img03014.jpg,64.0,60.09836282994051,3.901637170059488,validation
img03027,1601,images/img03027.jpg,56.0,57.33881415489939,1.3388141548993886,validation
img03035,1606,images/img03035.jpg,61.0,61.31772309605178,0.3177230960517789,validation
img03036,1606,images/img03036.jpg,61.0,61.51229890334975,0.5122989033497447,validation
img03043,1610,images/img03043.jpg,69.0,70.66177063902828,1.6617706390282765,validation
img03044,1610,images/img03044.jpg,69.0,71.25692438642557,2.256924386425567,validation
img03090,1638,images/img03090.jpg,73.0,71.1704597007107,1.829540299289306,validation
img03091,1638,images/img03091.jpg,73.0,69.3290959489595,3.670904051040495,validation
img03095,1640,images/img03095.jpg,54.0,60.87384846707949,6.87384846707949,validation
img03098,1642,images/img03098.jpg,68.0,65.79978297910934,2.200217020890662,validation
img03099,1642,images/img03099.jpg,68.0,68.89027139159583,0.8902713915958316,validation
img03107,1647,images/img03107.jpg,88.0,42.73928070952851,45.26071929047149,validation
img03108,1647,images/img03108.jpg,88.0,56.310250867263086,31.689749132736917,validation
img03120,1655,images/img03120.jpg,72.0,79.60545345624504,7.605453456245044,validation
img03121,1655,images/img03121.jpg,72.0,79.39974469765008,7.399744697650078,validation
img03124,1657,images/img03124.jpg,47.0,59.85489495694462,12.85489495694462,validation
img03125,1657,images/img03125.jpg,47.0,49.28434746665919,2.2843474666591845,validation
img03136,1664,images/img03136.jpg,76.0,76.39170806979133,0.3917080697913349,validation
img03137,1664,images/img03137.jpg,76.0,70.50686142377803,5.493138576221966,validation
img03142,1667,images/img03142.jpg,71.0,80.86374742419326,9.863747424193264,validation
img03143,1667,images/img03143.jpg,71.0,76.3508668903076,5.3508668903076,validation
img03180,1688,images/img03180.jpg,66.0,59.035939087547575,6.964060912452425,validation
img03181,1688,images/img03181.jpg,66.0,60.508642840449134,5.491357159550866,validation
img03214,1706,images/img03214.jpg,69.0,77.40881572176886,8.40881572176886,validation
img03215,1706,images/img03215.jpg,69.0,79.0397712745706,10.039771274570596,validation
img03237,1718,images/img03237.jpg,81.0,80.8041150269541,0.1958849730459064,validation
img03238,1718,images/img03238.jpg,81.0,74.43410269568128,6.5658973043187245,validation
img03243,1721,images/img03243.jpg,70.0,79.41078385644985,9.410783856449854,validation
img03244,1721,images/img03244.jpg,70.0,79.02540139150935,9.025401391509348,validation
img03263,1732,images/img03263.jpg,56.0,51.398402543255685,4.601597456744315,validation
img03264,1732,images/img03264.jpg,56.0,46.63533161366697,9.36466838633303,validation
img03290,1746,images/img03290.jpg,61.0,61.67860227109562,0.6786022710956203,validation
img03291,1746,images/img03291.jpg,61.0,62.66855045146762,1.668550451467624,validation
img03314,1758,images/img03314.jpg,47.0,41.248315911868126,5.751684088131874,validation
img03315,1758,images/img03315.jpg,47.0,50.87827188752381,3.878271887523809,validation
img03358,1783,images/img03358.jpg,60.0,61.80313525926909,1.8031352592690908,validation
img03361,1784,images/img03361.jpg,62.0,71.51316221697795,9.513162216977946,validation
img03368,1788,images/img03368.jpg,77.0,70.4252139643444,6.574786035655606,validation
img03369,1788,images/img03369.jpg,77.0,77.64610201483222,0.6461020148322234,validation
img03370,1789,images/img03370.jpg,61.0,76.47774196438529,15.477741964385288,validation
img03371,1789,images/img03371.jpg,61.0,73.1747562886655,12.174756288665506,validation
img03412,1811,images/img03412.jpg,71.0,67.99081879309796,3.009181206902042,validation
img03413,1811,images/img03413.jpg,71.0,64.20016611709124,6.799833882908757,validation
img03432,1822,images/img03432.jpg,77.0,79.53543626646571,2.535436266465709,validation
img03433,1822,images/img03433.jpg,77.0,59.56993740023644,17.43006259976356,validation
img03437,1825,images/img03437.jpg,57.0,53.72457698657056,3.275423013429446,validation
img03438,1825,images/img03438.jpg,57.0,65.87850760258334,8.87850760258334,validation
img03474,1847,images/img03474.jpg,31.0,31.988906827436946,0.9889068274369456,validation
img03475,1847,images/img03475.jpg,31.0,22.77497837927021,8.225021620729791,validation
img03487,1854,images/img03487.jpg,75.0,61.840813668498,13.159186331502,validation
img03488,1854,images/img03488.jpg,75.0,60.68583486275509,14.314165137244911,validation
img03493,1857,images/img03493.jpg,73.0,79.8270611337279,6.827061133727895,validation
img03494,1857,images/img03494.jpg,73.0,74.6155464627591,1.6155464627590987,validation
img03515,1870,images/img03515.jpg,65.0,60.8712037367802,4.1287962632198045,validation
img03516,1870,images/img03516.jpg,65.0,56.36537243158945,8.63462756841055,validation
img03517,1871,images/img03517.jpg,67.0,73.3512726778084,6.351272677808396,validation
img03518,1871,images/img03518.jpg,67.0,64.36432970716817,2.6356702928318327,validation
img03540,1883,images/img03540.jpg,65.0,49.85931837738894,15.140681622611062,validation
img03541,1883,images/img03541.jpg,65.0,55.037067204056136,9.962932795943864,validation
img03632,1930,images/img03632.jpg,79.0,74.33825221658259,4.661747783417411,validation
img03633,1930,images/img03633.jpg,79.0,68.06797293754886,10.93202706245114,validation
img03653,1941,images/img03653.jpg,73.0,55.66373563949563,17.336264360504373,validation
img03701,1965,images/img03701.jpg,66.0,71.82993765142862,5.829937651428622,validation
img03702,1965,images/img03702.jpg,66.0,64.42321994400787,1.5767800559921312,validation
img03736,1984,images/img03736.jpg,69.0,73.85163056639541,4.851630566395414,validation
img03737,1984,images/img03737.jpg,69.0,75.6126283259714,6.6126283259714,validation
img03743,1988,images/img03743.jpg,60.0,71.01892919658096,11.018929196580956,validation
img03744,1988,images/img03744.jpg,60.0,72.51822189550543,12.518221895505434,validation
img03757,1995,images/img03757.jpg,70.0,72.30943761549025,2.3094376154902534,validation
img03758,1995,images/img03758.jpg,70.0,68.80478062099736,1.195219379002637,validation
img03759,1996,images/img03759.jpg,84.0,81.69210312858344,2.30789687141656,validation
img03796,2017,images/img03796.jpg,37.0,37.44831943097927,0.4483194309792679,validation
img03797,2017,images/img03797.jpg,37.0,39.64989763071557,2.6498976307155644,validation
img03814,2026,images/img03814.jpg,16.0,21.532297590276528,5.532297590276528,validation
img03815,2026,images/img03815.jpg,16.0,16.802139102325825,0.8021391023258246,validation
img03858,2048,images/img03858.jpg,23.0,38.136171793324735,15.136171793324737,validation
img03859,2048,images/img03859.jpg,23.0,28.674064035092844,5.674064035092844,validation
img03874,2056,images/img03874.jpg,29.0,24.07867227831085,4.921327721689146,validation
img03875,2056,images/img03875.jpg,29.0,31.49595745551925,2.4959574555192496,validation
img03894,2066,images/img03894.jpg,38.0,38.539739096620096,0.5397390966200959,validation
img03895,2066,images/img03895.jpg,38.0,38.610890521249424,0.6108905212494236,validation
img03933,2086,images/img03933.jpg,38.0,36.51066274902392,1.4893372509760852,validation
img03934,2086,images/img03934.jpg,38.0,37.910227848761465,0.0897721512385345,validation
img03947,2093,images/img03947.jpg,63.0,77.0507137861919,14.050713786191906,validation
img04017,2132,images/img04017.jpg,71.0,79.11767357777833,8.117673577778334,validation
img04024,2136,images/img04024.jpg,45.0,46.241721583622166,1.2417215836221658,validation
img04025,2136,images/img04025.jpg,45.0,53.316819012687546,8.316819012687546,validation
img04033,2141,images/img04033.jpg,68.0,63.52255567731926,4.477444322680739,validation
img04034,2141,images/img04034.jpg,68.0,78.20267541817276,10.20267541817276,validation
img04053,2151,images/img04053.jpg,46.0,39.47255783069599,6.52744216930401,validation
img04054,2151,images/img04054.jpg,46.0,36.66622742114421,9.333772578855791,validation
img04096,2173,images/img04096.jpg,72.0,71.94045575023668,0.05954424976332,validation
img04097,2173,images/img04097.jpg,72.0,68.04211238296868,3.957887617031318,validation
img04119,2185,images/img04119.jpg,49.0,55.98773814030489,6.987738140304892,validation
img04120,2185,images/img04120.jpg,49.0,46.76982569222751,2.2301743077724936,validation
img04180,2216,images/img04180.jpg,50.0,67.3180321232698,17.318032123269802,validation
img04181,2216,images/img04181.jpg,50.0,46.02964366010024,3.970356339899766,validation
img04197,2226,images/img04197.jpg,47.0,51.10775758946728,4.107757589467276,validation
img04199,2228,images/img04199.jpg,64.0,54.496162600802194,9.503837399197806,validation
img04200,2228,images/img04200.jpg,64.0,64.46152654484601,0.4615265448460093,validation
img04203,2230,images/img04203.jpg,22.0,27.54788661496188,5.547886614961879,validation
img04204,2230,images/img04204.jpg,22.0,24.89598009901779,2.895980099017791,validation
img04215,2236,images/img04215.jpg,72.0,61.57405362849094,10.425946371509063,validation
img04216,2236,images/img04216.jpg,72.0,71.0211387733176,0.9788612266823976,validation
img04219,2238,images/img04219.jpg,63.0,59.88646921958171,3.1135307804182872,validation
img04220,2238,images/img04220.jpg,63.0,67.78831751978555,4.788317519785551,validation
img04278,2269,images/img04278.jpg,54.0,58.28729909886211,4.287299098862107,validation
img04279,2269,images/img04279.jpg,54.0,58.36483986471141,4.3648398647114135,validation
img04284,2272,images/img04284.jpg,56.0,49.0025479087852,6.997452091214804,validation
img04285,2272,images/img04285.jpg,56.0,54.10603598047943,1.893964019520567,validation
img04304,2283,images/img04304.jpg,64.0,60.98192632504439,3.018073674955609,validation
img04305,2283,images/img04305.jpg,64.0,68.4324309507276,4.432430950727607,validation
img04319,2292,images/img04319.jpg,73.0,70.23429170199597,2.7657082980040286,validation
img04320,2292,images/img04320.jpg,73.0,66.04002264522444,6.95997735477556,validation
img04340,2303,images/img04340.jpg,77.0,80.55128317278304,3.5512831727830445,validation
img04349,2308,images/img04349.jpg,77.0,77.93114831996436,0.9311483199643646,validation
img04350,2308,images/img04350.jpg,77.0,76.89897279424865,0.1010272057513503,validation
img04351,2309,images/img04351.jpg,84.0,81.7245640575023,2.275435942497694,validation
img04352,2309,images/img04352.jpg,84.0,75.4295213779837,8.570478622016296,validation
img04359,2313,images/img04359.jpg,29.0,29.97823125906128,0.9782312590612784,validation
img04360,2313,images/img04360.jpg,29.0,33.126101594159046,4.126101594159046,validation
img04363,2315,images/img04363.jpg,43.0,67.96837184917213,24.96837184917213,validation
img04364,2315,images/img04364.jpg,43.0,61.32198520162277,18.321985201622773,validation
img04395,2332,images/img04395.jpg,63.0,58.0183898746711,4.981610125328899,validation
img04396,2332,images/img04396.jpg,63.0,62.73509840946053,0.2649015905394662,validation
img04425,2348,images/img04425.jpg,65.0,72.10568214018026,7.105682140180264,validation
img04426,2348,images/img04426.jpg,65.0,68.96643526177385,3.966435261773853,validation
img04449,2360,images/img04449.jpg,52.0,53.64247310667083,1.6424731066708276,validation
img04450,2360,images/img04450.jpg,52.0,81.26350849707849,29.26350849707849,validation
img04470,2371,images/img04470.jpg,33.0,37.804362294059295,4.804362294059295,validation
img04471,2371,images/img04471.jpg,33.0,30.91077515930813,2.089224840691866,validation
img04530,2401,images/img04530.jpg,74.0,81.06794023428677,7.067940234286766,validation
img04531,2401,images/img04531.jpg,74.0,76.67620906970713,2.6762090697071272,validation
img04534,2403,images/img04534.jpg,77.0,77.50724549454088,0.5072454945408822,validation
img04535,2403,images/img04535.jpg,77.0,79.1673705139756,2.167370513975598,validation
img04562,2418,images/img04562.jpg,68.0,70.55057963358324,2.55057963358324,validation
img04563,2418,images/img04563.jpg,68.0,70.29367980249822,2.293679802498218,validation
img04590,2432,images/img04590.jpg,40.0,45.574277814303805,5.574277814303805,validation
img04591,2432,images/img04591.jpg,40.0,53.653379756303046,13.653379756303046,validation
img04597,2436,images/img04597.jpg,29.0,28.086046151756708,0.9139538482432918,validation
img04598,2436,images/img04598.jpg,29.0,26.062645340852303,2.9373546591476973,validation
img04600,2437,images/img04600.jpg,50.0,52.56645940400232,2.566459404002323,validation
img04651,2463,images/img04651.jpg,77.0,74.8802965077387,2.1197034922612943,validation
img04652,2463,images/img04652.jpg,77.0,75.2458233191415,1.7541766808585066,validation
img04669,2472,images/img04669.jpg,69.0,67.70451174230561,1.2954882576943874,validation
img04670,2472,images/img04670.jpg,69.0,65.41679113223731,3.5832088677626928,validation
img04687,2481,images/img04687.jpg,49.0,56.69093518694899,7.690935186948991,validation
img04688,2481,images/img04688.jpg,49.0,52.6863998316437,3.6863998316436977,validation
img04743,2509,images/img04743.jpg,39.0,47.33254359474587,8.332543594745871,validation
img04744,2509,images/img04744.jpg,39.0,40.73080599300603,1.7308059930060296,validation
img04747,2511,images/img04747.jpg,58.0,61.25201708931292,3.252017089312922,validation
img04748,2511,images/img04748.jpg,58.0,63.79589318884594,5.7958931888459375,validation
img04763,2519,images/img04763.jpg,56.0,63.94452048800383,7.944520488003825,validation
img04764,2519,images/img04764.jpg,56.0,53.56735404128734,2.432645958712662,validation
img04841,2558,images/img04841.jpg,77.0,73.93276543892568,3.067234561074315,validation
img04842,2558,images/img04842.jpg,77.0,73.78202889919095,3.217971100809052,validation
img04899,2589,images/img04899.jpg,56.0,73.10282944001852,17.102829440018525,validation
img04900,2589,images/img04900.jpg,56.0,58.87998315893455,2.87998315893455,validation
img04909,2594,images/img04909.jpg,60.0,70.0146645730589,10.014664573058894,validation
img04910,2594,images/img04910.jpg,60.0,63.62463408729387,3.6246340872938703,validation
img04937,2608,images/img04937.jpg,42.0,48.73047877719175,6.730478777191749,validation
img04938,2608,images/img04938.jpg,42.0,33.04026619066384,8.959733809336157,validation
img04948,2614,images/img04948.jpg,70.0,75.53199077179845,5.531990771798448,validation
img04949,2614,images/img04949.jpg,70.0,73.88405986761174,3.88405986761174,validation
img04954,2617,images/img04954.jpg,42.0,45.54216806194425,3.5421680619442526,validation
img04957,2619,images/img04957.jpg,89.0,84.03847513180669,4.961524868193308,validation
img04958,2619,images/img04958.jpg,89.0,81.56213944576034,7.437860554239663,validation
img04961,2621,images/img04961.jpg,60.0,60.3352799513724,0.3352799513723994,validation
img05037,2660,images/img05037.jpg,68.0,77.01731056985918,9.017310569859175,validation
img05038,2660,images/img05038.jpg,68.0,74.36205151744497,6.362051517444968,validation
img05041,2662,images/img05041.jpg,57.0,61.0637030218143,4.063703021814298,validation
img05042,2662,images/img05042.jpg,57.0,63.75666502219216,6.756665022192159,validation
img05049,2666,images/img05049.jpg,49.0,42.87227847057538,6.127721529424619,validation
img05050,2666,images/img05050.jpg,49.0,48.82882511826567,0.1711748817343306,validation
img05055,2669,images/img05055.jpg,50.0,46.67368183892243,3.326318161077573,validation
img05056,2669,images/img05056.jpg,50.0,48.82570215529163,1.17429784470837,validation
img05082,2683,images/img05082.jpg,31.0,26.935825134026445,4.064174865973556,validation
img05083,2683,images/img05083.jpg,31.0,36.608992185636126,5.608992185636126,validation
img05084,2684,images/img05084.jpg,71.0,68.74517221718773,2.2548277828122707,validation
img05085,2684,images/img05085.jpg,71.0,70.36092247933675,0.6390775206632497,validation
img05100,2692,images/img05100.jpg,13.0,29.23603814129611,16.23603814129611,validation
img05101,2692,images/img05101.jpg,13.0,29.31181811660182,16.31181811660182,validation
img05102,2693,images/img05102.jpg,58.0,65.63292121882193,7.632921218821934,validation
img05103,2693,images/img05103.jpg,58.0,55.26451700897436,2.7354829910256413,validation
img05115,2700,images/img05115.jpg,55.0,65.4400576699033,10.440057669903297,validation
img05126,2706,images/img05126.jpg,60.0,65.45060114626143,5.450601146261434,validation
img05127,2706,images/img05127.jpg,60.0,70.98902683973719,10.989026839737193,validation
img05132,2709,images/img05132.jpg,54.0,60.51091403667523,6.510914036675231,validation
img05133,2709,images/img05133.jpg,54.0,52.68233349064538,1.3176665093546234,validation
img05135,2711,images/img05135.jpg,21.0,61.97118251309685,40.97118251309685,validation
img05136,2711,images/img05136.jpg,21.0,40.268602019796575,19.26860201979657,validation
img05143,2715,images/img05143.jpg,36.0,46.78137307548893,10.78137307548893,validation
img05144,2715,images/img05144.jpg,36.0,45.18812428778737,9.188124287787367,validation
img05153,2720,images/img05153.jpg,23.0,32.45801981773756,9.458019817737558,validation
img05154,2720,images/img05154.jpg,23.0,25.76214290466794,2.7621429046679395,validation
img05175,2731,images/img05175.jpg,34.0,30.706473288171352,3.2935267118286475,validation
img05176,2731,images/img05176.jpg,34.0,28.74275068014428,5.257249319855724,validation
img05186,2737,images/img05186.jpg,28.0,22.30846322302029,5.69153677697971,validation
img05187,2737,images/img05187.jpg,28.0,23.291864468964803,4.708135531035197,validation
img05198,2743,images/img05198.jpg,74.0,85.80785968561013,11.807859685610126,validation
img05199,2743,images/img05199.jpg,74.0,84.4696065231781,10.4696065231781,validation
img05210,2749,images/img05210.jpg,63.0,61.37230214985102,1.6276978501489765,validation
img05211,2749,images/img05211.jpg,63.0,68.02242250221673,5.022422502216728,validation
img05241,2765,images/img05241.jpg,37.0,46.345658939079314,9.345658939079314,validation
img05242,2765,images/img05242.jpg,37.0,45.226627198503394,8.226627198503394,validation
img05243,2766,images/img05243.jpg,47.0,62.956101343458464,15.956101343458464,validation
img05244,2766,images/img05244.jpg,47.0,63.03416069456851,16.034160694568513,validation
img05271,2780,images/img05271.jpg,75.0,51.500415516604335,23.499584483395665,validation
img05272,2780,images/img05272.jpg,75.0,63.92284951340086,11.077150486599136,validation
img05273,2781,images/img05273.jpg,74.0,75.85701231173076,1.857012311730756,validation
img05274,2781,images/img05274.jpg,74.0,73.8118472790314,0.1881527209686027,validation
img05295,2792,images/img05295.jpg,59.0,46.13568153125077,12.864318468749232,validation
img05296,2792,images/img05296.jpg,59.0,58.34872677719979,0.6512732228002065,validation
img05299,2794,images/img05299.jpg,35.0,37.07478317655873,2.074783176558732,validation
img05300,2794,images/img05300.jpg,35.0,38.638103432766144,3.638103432766144,validation
img05304,2796,images/img05304.jpg,66.0,75.62608209626919,9.626082096269188,validation
img05305,2797,images/img05305.jpg,27.0,57.03364806401535,30.033648064015352,validation
img05306,2797,images/img05306.jpg,27.0,36.67993421306238,9.67993421306238,validation
img05313,2801,images/img05313.jpg,64.0,58.391403317715465,5.608596682284535,validation
img05314,2801,images/img05314.jpg,64.0,58.2568583894435,5.743141610556499,validation
img05336,2813,images/img05336.jpg,69.0,71.34655184239526,2.3465518423952574,validation
img05339,2814,images/img05339.jpg,75.0,72.38709562196108,2.61290437803892,validation
img05342,2816,images/img05342.jpg,73.0,68.12632386752959,4.873676132470408,validation
img05343,2816,images/img05343.jpg,73.0,72.13432920441599,0.8656707955840091,validation
img05358,2824,images/img05358.jpg,24.0,24.617946418967904,0.6179464189679038,validation
img05439,2865,images/img05439.jpg,58.0,54.15805537159313,3.8419446284068712,validation
img05440,2865,images/img05440.jpg,58.0,65.863547699278,7.863547699278001,validation
img05445,2868,images/img05445.jpg,67.0,62.16263862925208,4.837361370747921,validation
img05446,2868,images/img05446.jpg,67.0,66.84648707170426,0.1535129282957399,validation
img05450,2871,images/img05450.jpg,67.0,73.63548466595952,6.635484665959524,validation
img05451,2871,images/img05451.jpg,67.0,70.7943397901751,3.794339790175101,validation
img05457,2874,images/img05457.jpg,69.0,68.07698901399598,0.923010986004016,validation
img05460,2876,images/img05460.jpg,69.0,59.12508340309559,9.874916596904413,validation
img05461,2876,images/img05461.jpg,69.0,72.56694709780717,3.566947097807173,validation
img05477,2885,images/img05477.jpg,69.0,75.61275919922332,6.612759199223319,validation
img05478,2885,images/img05478.jpg,69.0,66.69194212033854,2.3080578796614617,validation
img05489,2892,images/img05489.jpg,56.0,55.27437094688641,0.7256290531135932,validation
img05504,2900,images/img05504.jpg,76.0,72.71699655296929,3.2830034470307083,validation
img05505,2900,images/img05505.jpg,76.0,64.56082444352246,11.439175556477537,validation
img05522,2909,images/img05522.jpg,68.0,62.61053924663668,5.389460753363323,validation
img05523,2909,images/img05523.jpg,68.0,62.52918570671466,5.470814293285343,validation
img05546,2921,images/img05546.jpg,82.0,79.72586557289856,2.274134427101444,validation
img05547,2921,images/img05547.jpg,82.0,78.69941357073365,3.300586429266346,validation
img05552,2924,images/img05552.jpg,38.0,49.03058750300991,11.030587503009905,validation
img05560,2928,images/img05560.jpg,57.0,57.166697697220926,0.1666976972209255,validation
img05561,2928,images/img05561.jpg,57.0,59.55175310718682,2.551753107186819,validation
img05563,2929,images/img05563.jpg,79.0,77.08861031750735,1.9113896824926544,validation
img05603,2951,images/img05603.jpg,66.0,63.401771117202976,2.598228882797024,validation
img05650,2975,images/img05650.jpg,53.0,48.558395174152565,4.441604825847435,validation
img05651,2975,images/img05651.jpg,53.0,68.27821645432299,15.278216454322989,validation
img05689,2996,images/img05689.jpg,48.0,64.45997024375855,16.459970243758548,validation
img05690,2996,images/img05690.jpg,48.0,48.02752091504817,0.0275209150481714,validation
img05697,3000,images/img05697.jpg,89.0,78.8875351454909,10.1124648545091,validation
img05698,3000,images/img05698.jpg,89.0,79.97425428016679,9.02574571983321,validation
img05706,3004,images/img05706.jpg,46.0,51.47848225019232,5.4784822501923145,validation
img05707,3005,images/img05707.jpg,35.0,36.656191623942505,1.6561916239425043,validation
img05708,3005,images/img05708.jpg,35.0,38.08108506036908,3.0810850603690767,validation
img05725,3014,images/img05725.jpg,84.0,66.2115516728586,17.788448327141396,validation
img05726,3014,images/img05726.jpg,84.0,79.67448037175147,4.325519628248529,validation
img05731,3017,images/img05731.jpg,73.0,78.79499685027632,5.79499685027632,validation
img05732,3017,images/img05732.jpg,73.0,73.11184987890738,0.1118498789073783,validation
img05735,3019,images/img05735.jpg,87.0,66.95788202130022,20.04211797869978,validation
img05736,3019,images/img05736.jpg,87.0,79.7723103087855,7.227689691214493,validation
img05743,3023,images/img05743.jpg,82.0,72.66460035595111,9.335399644048891,validation
img05744,3023,images/img05744.jpg,82.0,64.61000879281636,17.38999120718364,validation
img05747,3025,images/img05747.jpg,55.0,52.15960772738889,2.840392272611112,validation
img05748,3025,images/img05748.jpg,55.0,57.33320780380694,2.3332078038069426,validation
img05753,3028,images/img05753.jpg,73.0,52.83886662482991,20.161133375170092,validation
img05754,3028,images/img05754.jpg,73.0,58.867911192055,14.132088807945005,validation
img05757,3030,images/img05757.jpg,31.0,43.30157981764072,12.301579817640722,validation
img05769,3036,images/img05769.jpg,65.0,57.44479783634405,7.555202163655949,validation
img05770,3036,images/img05770.jpg,65.0,59.03455373964544,5.965446260354561,validation
img05771,3037,images/img05771.jpg,75.0,72.32722765286846,2.672772347131541,validation
img05772,3037,images/img05772.jpg,75.0,70.51147470590836,4.4885252940916445,validation
img05804,3054,images/img05804.jpg,67.0,73.62678159470657,6.626781594706571,validation
img05805,3054,images/img05805.jpg,67.0,67.6548998737221,0.6548998737221012,validation
img05931,3120,images/img05931.jpg,39.0,50.10877479227079,11.108774792270786,validation
img05932,3120,images/img05932.jpg,39.0,47.54323971484957,8.54323971484957,validation
img05983,3147,images/img05983.jpg,81.0,74.34493002426201,6.655069975737987,validation
img05989,3151,images/img05989.jpg,60.0,58.51096312231582,1.4890368776841785,validation
img05990,3151,images/img05990.jpg,60.0,63.52315769427811,3.523157694278112,validation
img06001,3157,images/img06001.jpg,62.0,65.40988756819831,3.4098875681983145,validation
img06002,3157,images/img06002.jpg,62.0,67.05846902150812,5.058469021508117,validation
img06020,3168,images/img06020.jpg,68.0,68.74250240284847,0.7425024028484728,validation
img06021,3168,images/img06021.jpg,68.0,65.73812095585492,2.261879044145076,validation
img06043,3180,images/img06043.jpg,54.0,54.03078767775966,0.0307876777596618,validation
img06044,3180,images/img06044.jpg,54.0,61.53068550463463,7.530685504634633,validation
img06065,3191,images/img06065.jpg,51.0,59.07632820900696,8.07632820900696,validation
img06066,3191,images/img06066.jpg,51.0,50.06573875929124,0.9342612407087644,validation
img06166,3243,images/img06166.jpg,51.0,65.32473106969746,14.324731069697464,validation
img06182,3252,images/img06182.jpg,66.0,65.13623377964615,0.8637662203538525,validation
img06183,3252,images/img06183.jpg,66.0,68.19940458201438,2.199404582014381,validation
img06198,3260,images/img06198.jpg,50.0,57.46487583808375,7.464875838083749,validation
img06199,3261,images/img06199.jpg,51.0,51.51766024876618,0.5176602487661839,validation
img06200,3261,images/img06200.jpg,51.0,47.87993405824307,3.120065941756927,validation
img06201,3262,images/img06201.jpg,32.0,32.487180559487086,0.4871805594870864,validation
img06202,3262,images/img06202.jpg,32.0,35.33822599677956,3.338225996779556,validation
img06216,3271,images/img06216.jpg,67.0,69.3880892484851,2.3880892484851017,validation
img06239,3283,images/img06239.jpg,38.0,40.04883311150324,2.0488331115032423,validation
img06244,3286,images/img06244.jpg,51.0,49.5712238160974,1.428776183902599,validation
img06245,3286,images/img06245.jpg,51.0,43.04826373243755,7.951736267562451,validation
img06282,3305,images/img06282.jpg,58.0,62.45654996128642,4.45654996128642,validation
img06283,3305,images/img06283.jpg,58.0,66.71092855736141,8.710928557361413,validation
img06299,3314,images/img06299.jpg,83.0,77.25114180907173,5.748858190928274,validation
img06310,3320,images/img06310.jpg,44.0,48.86662949299955,4.86662949299955,validation
img06311,3320,images/img06311.jpg,44.0,49.91040584188789,5.9104058418878935,validation
img06337,3334,images/img06337.jpg,53.0,56.25916531133239,3.2591653113323886,validation
img06338,3334,images/img06338.jpg,53.0,53.74597639917577,0.7459763991757669,validation
img06392,3362,images/img06392.jpg,40.0,39.26304393230133,0.7369560676986708,validation
img06393,3362,images/img06393.jpg,40.0,37.14943982311876,2.8505601768812383,validation
img06462,3398,images/img06462.jpg,67.0,75.45057234055568,8.45057234055568,validation
img06463,3398,images/img06463.jpg,67.0,68.66478332219343,1.6647833221934292,validation
img06473,3404,images/img06473.jpg,42.0,40.81204556413783,1.1879544358621672,validation
img06474,3404,images/img06474.jpg,42.0,35.90469341796554,6.0953065820344605,validation
img06499,3417,images/img06499.jpg,64.0,65.96984731693239,1.969847316932388,validation
img06558,3448,images/img06558.jpg,36.0,49.16703595546584,13.167035955465836,validation
img06559,3448,images/img06559.jpg,36.0,53.296450772246445,17.296450772246445,validation
img06572,3455,images/img06572.jpg,87.0,82.04237011881189,4.957629881188112,validation
img06573,3455,images/img06573.jpg,87.0,81.75443587725395,5.245564122746046,validation
img06587,3464,images/img06587.jpg,55.0,60.81060560400288,5.81060560400288,validation
img06588,3464,images/img06588.jpg,55.0,60.807540988687,5.807540988686995,validation
img06616,3481,images/img06616.jpg,57.0,59.28760426120824,2.2876042612082443,validation
img06617,3481,images/img06617.jpg,57.0,55.11182745860727,1.8881725413927344,validation
img06639,3493,images/img06639.jpg,86.0,86.49885300600178,0.4988530060017808,validation
img06640,3493,images/img06640.jpg,86.0,84.14450864051548,1.8554913594845173,validation
img06656,3502,images/img06656.jpg,73.0,71.40829348021126,1.591706519788744,validation
img06657,3502,images/img06657.jpg,73.0,72.93738929043013,0.0626107095698671,validation
img06692,3521,images/img06692.jpg,75.0,78.90612350970584,3.906123509705836,validation
img06695,3523,images/img06695.jpg,85.0,82.59196797782488,2.408032022175121,validation
img06755,3555,images/img06755.jpg,49.0,68.95464576299636,19.954645762996364,validation
img06756,3555,images/img06756.jpg,49.0,49.21129837987696,0.2112983798769576,validation
img06774,3565,images/img06774.jpg,58.0,71.45609384486606,13.45609384486606,validation
img06782,3569,images/img06782.jpg,25.0,35.29317724224646,10.293177242246458,validation
img06783,3569,images/img06783.jpg,25.0,27.251550310630428,2.251550310630428,validation
img06834,3595,images/img06834.jpg,67.0,69.37720495636675,2.3772049563667537,validation
img06835,3595,images/img06835.jpg,67.0,74.33366729032352,7.333667290323518,validation
img06906,3632,images/img06906.jpg,87.0,79.7707092926703,7.229290707329696,validation
img06907,3632,images/img06907.jpg,87.0,62.09705258966081,24.902947410339188,validation
img06908,3633,images/img06908.jpg,82.0,74.87956143630706,7.120438563692943,validation
img06909,3633,images/img06909.jpg,82.0,68.09746086242819,13.902539137571807,validation
img06910,3634,images/img06910.jpg,51.0,52.879056709885326,1.879056709885326,validation
img06911,3634,images/img06911.jpg,51.0,52.91413946628441,1.914139466284411,validation
img06924,3641,images/img06924.jpg,72.0,60.357883397895314,11.642116602104686,validation
img06925,3641,images/img06925.jpg,72.0,63.21103971168028,8.788960288319721,validation
img06939,3649,images/img06939.jpg,70.0,76.05241480173672,6.052414801736717,validation
img06971,3667,images/img06971.jpg,59.0,59.334792520757695,0.3347925207576949,validation
img06997,3681,images/img06997.jpg,75.0,71.23855414429717,3.761445855702832,validation
img06998,3681,images/img06998.jpg,75.0,69.98544384773558,5.014556152264419,validation
img07005,3685,images/img07005.jpg,78.0,79.76664785941892,1.7666478594189243,validation
img07006,3685,images/img07006.jpg,78.0,75.63875062705543,2.3612493729445703,validation
img07103,3737,images/img07103.jpg,80.0,75.3006483055933,4.699351694406701,validation
img07104,3737,images/img07104.jpg,80.0,75.31748733067418,4.682512669325817,validation
img07129,3750,images/img07129.jpg,53.0,52.24457773150574,0.7554222684942573,validation
img07130,3750,images/img07130.jpg,53.0,37.667874579627785,15.332125420372217,validation
img07135,3753,images/img07135.jpg,34.0,37.01125075641224,3.011250756412238,validation
img07136,3753,images/img07136.jpg,34.0,37.576756259196586,3.5767562591965856,validation
img07139,3755,images/img07139.jpg,80.0,71.98239408381572,8.01760591618428,validation
img07140,3755,images/img07140.jpg,80.0,80.16144665483537,0.1614466548353732,validation
img07151,3761,images/img07151.jpg,56.0,50.60532972227899,5.394670277721012,validation
img07152,3761,images/img07152.jpg,56.0,58.91258095946273,2.91258095946273,validation
img07163,3768,images/img07163.jpg,37.0,32.49229334119558,4.507706658804423,validation
img07164,3768,images/img07164.jpg,37.0,34.80226076817532,2.197739231824684,validation
img07167,3770,images/img07167.jpg,44.0,59.807575006185424,15.807575006185424,validation
img07168,3770,images/img07168.jpg,44.0,64.30820416777534,20.308204167775344,validation
img07179,3776,images/img07179.jpg,28.0,27.395451994783432,0.6045480052165679,validation
img07180,3776,images/img07180.jpg,28.0,28.29018225010772,0.2901822501077191,validation
img07277,3827,images/img07277.jpg,16.0,14.79773236271732,1.2022676372826808,validation
img07281,3829,images/img07281.jpg,22.0,26.2427574725918,4.242757472591801,validation
img07282,3829,images/img07282.jpg,22.0,24.06700274668097,2.06700274668097,validation
img07303,3840,images/img07303.jpg,34.0,29.457161587746853,4.542838412253147,validation
img07319,3848,images/img07319.jpg,22.0,20.620012869427494,1.379987130572502,validation
img07320,3848,images/img07320.jpg,22.0,20.07113045085836,1.9288695491416377,validation
img07321,3849,images/img07321.jpg,29.0,35.16248721287518,6.1624872128751775,validation
img07341,3859,images/img07341.jpg,39.0,38.75463951994185,0.245360480058153,validation
img07342,3859,images/img07342.jpg,39.0,37.429168311781055,1.570831688218945,validation
img07373,3875,images/img07373.jpg,57.0,55.42135115163831,1.5786488483616878,validation
img07374,3875,images/img07374.jpg,57.0,63.782573563631374,6.782573563631374,validation
img07398,3888,images/img07398.jpg,41.0,50.04139851565424,9.041398515654244,validation
img07399,3888,images/img07399.jpg,41.0,41.50911685647092,0.5091168564709179,validation
img07436,3908,images/img07436.jpg,83.0,78.66589256847419,4.334107431525808,validation
img07437,3908,images/img07437.jpg,83.0,55.96627465433675,27.03372534566325,validation
img07444,3912,images/img07444.jpg,73.0,74.22784208820737,1.2278420882073675,validation
img07493,3937,images/img07493.jpg,71.0,79.9543266463405,8.954326646340505,validation
img07498,3940,images/img07498.jpg,72.0,68.38939764427414,3.61060235572586,validation
img07499,3940,images/img07499.jpg,72.0,76.14216331546444,4.142163315464444,validation
img07502,3942,images/img07502.jpg,35.0,29.89414955714186,5.1058504428581415,validation
img07503,3942,images/img07503.jpg,35.0,32.02522197362498,2.97477802637502,validation
img07504,3943,images/img07504.jpg,69.0,61.93993161645305,7.060068383546948,validation
img07505,3943,images/img07505.jpg,69.0,67.58078198871583,1.4192180112841726,validation
img07542,3963,images/img07542.jpg,54.0,80.74214436094724,26.74214436094724,validation
img07583,3985,images/img07583.jpg,80.0,72.26921154029057,7.73078845970943,validation
img07584,3985,images/img07584.jpg,80.0,68.7894335509884,11.210566449011594,validation
img07611,3999,images/img07611.jpg,47.0,60.51251996053738,13.512519960537382,validation
img07612,3999,images/img07612.jpg,47.0,63.36055967547733,16.360559675477333,validation
img07647,4017,images/img07647.jpg,59.0,68.04556525559862,9.045565255598618,validation
img07648,4017,images/img07648.jpg,59.0,63.28766545537655,4.287665455376548,validation
img07655,4021,images/img07655.jpg,84.0,58.95134807055608,25.04865192944392,validation
img07673,4030,images/img07673.jpg,78.0,80.23576739338213,2.235767393382133,validation
img07674,4030,images/img07674.jpg,78.0,72.71294166338052,5.287058336619481,validation
img07692,4040,images/img07692.jpg,57.0,53.43783859935208,3.5621614006479234,validation
img07715,4052,images/img07715.jpg,82.0,58.93898900048012,23.06101099951988,validation
img07716,4052,images/img07716.jpg,82.0,21.091256912513607,60.90874308748639,validation
img07721,4055,images/img07721.jpg,65.0,67.23116063986353,2.231160639863532,validation
img07722,4055,images/img07722.jpg,65.0,64.96887851813794,0.0311214818620584,validation
img07732,4062,images/img07732.jpg,59.0,66.78210724725156,7.78210724725156,validation
img07733,4062,images/img07733.jpg,59.0,64.80869074839343,5.808690748393431,validation
img07778,4087,images/img07778.jpg,49.0,55.42192031395789,6.421920313957884,validation
img07779,4087,images/img07779.jpg,49.0,50.59681968907263,1.5968196890726318,validation
img07823,4110,images/img07823.jpg,65.0,63.387477576872016,1.6125224231279844,validation
img07824,4110,images/img07824.jpg,65.0,70.10859666840646,5.108596668406463,validation
img07828,4113,images/img07828.jpg,54.0,72.63575807244793,18.635758072447928,validation
img07829,4113,images/img07829.jpg,54.0,68.83992445158069,14.839924451580686,validation
img07832,4115,images/img07832.jpg,75.0,28.43778328484844,46.56221671515157,validation
img07833,4115,images/img07833.jpg,75.0,23.978087459323824,51.021912540676176,validation
img07861,4130,images/img07861.jpg,64.0,66.5719057189791,2.571905718979096,validation
img07878,4138,images/img07878.jpg,45.0,55.81147450012978,10.811474500129783,validation
img07893,4146,images/img07893.jpg,27.0,26.04777813943374,0.9522218605662616,validation
img07904,4152,images/img07904.jpg,77.0,74.06920298527729,2.930797014722714,validation
img07905,4152,images/img07905.jpg,77.0,69.3968773873518,7.603122612648207,validation
img07935,4168,images/img07935.jpg,71.0,78.7491803059986,7.749180305998607,validation
img07936,4168,images/img07936.jpg,71.0,76.98394007183943,5.983940071839427,validation
img07957,4179,images/img07957.jpg,80.0,83.32389845141834,3.3238984514183443,validation
img07969,4186,images/img07969.jpg,43.0,53.02386578191833,10.023865781918332,validation
img07970,4186,images/img07970.jpg,43.0,43.01092014061148,0.0109201406114749,validation
img07981,4192,images/img07981.jpg,34.0,33.543840289416906,0.4561597105830941,validation
img07982,4192,images/img07982.jpg,34.0,41.53465568097345,7.534655680973451,validation
img08001,4203,images/img08001.jpg,83.0,75.89050932056071,7.10949067943929,validation
img08002,4203,images/img08002.jpg,83.0,56.905184822576615,26.094815177423385,validation
img08003,4204,images/img08003.jpg,63.0,68.30242146226632,5.302421462266324,validation
img08004,4204,images/img08004.jpg,63.0,68.45003994677397,5.45003994677397,validation
img08049,4227,images/img08049.jpg,61.0,65.01794399089468,4.017943990894679,validation
img08050,4227,images/img08050.jpg,61.0,54.14912381745454,6.850876182545463,validation
img08057,4231,images/img08057.jpg,66.0,71.78421926208985,5.784219262089849,validation
img08058,4231,images/img08058.jpg,66.0,69.00448993160204,3.0044899316020377,validation
img08106,4256,images/img08106.jpg,54.0,43.84639425929589,10.153605740704116,validation
img08107,4256,images/img08107.jpg,54.0,36.41128414517544,17.588715854824557,validation
img08117,4262,images/img08117.jpg,71.0,72.21343554154143,1.213435541541429,validation
img08118,4262,images/img08118.jpg,71.0,70.78134843870077,0.2186515612992252,validation
img08125,4266,images/img08125.jpg,77.0,69.40064435578634,7.599355644213659,validation
img08126,4266,images/img08126.jpg,77.0,73.53655212177802,3.4634478782219844,validation
img08135,4271,images/img08135.jpg,27.0,36.91888914008776,9.918889140087764,validation
img08136,4271,images/img08136.jpg,27.0,32.22653775339703,5.226537753397032,validation
img08141,4274,images/img08141.jpg,68.0,68.2817587570084,0.2817587570084043,validation
img08142,4274,images/img08142.jpg,68.0,71.46448172970395,3.464481729703948,validation
img08161,4284,images/img08161.jpg,70.0,67.33210099785163,2.667899002148374,validation
img08162,4284,images/img08162.jpg,70.0,71.23974181905838,1.2397418190583809,validation
img08169,4288,images/img08169.jpg,61.0,69.60827040752199,8.608270407521985,validation
img08170,4288,images/img08170.jpg,61.0,70.54200743558222,9.54200743558222,validation
img08209,4309,images/img08209.jpg,72.0,64.07978780936115,7.92021219063885,validation
img08210,4309,images/img08210.jpg,72.0,81.88939019341709,9.889390193417086,validation
img08244,4327,images/img08244.jpg,34.0,71.15542781711679,37.15542781711679,validation
img08261,4336,images/img08261.jpg,64.0,64.9117414375688,0.9117414375688072,validation
img08315,4365,images/img08315.jpg,32.0,39.30083031196308,7.300830311963082,validation
img08316,4365,images/img08316.jpg,32.0,34.06908699868857,2.0690869986885687,validation
img08317,4366,images/img08317.jpg,55.0,60.79773094784486,5.797730947844862,validation
img08318,4366,images/img08318.jpg,55.0,48.236592025607145,6.763407974392855,validation
img08323,4369,images/img08323.jpg,35.0,31.72340862370052,3.276591376299482,validation
img08377,4399,images/img08377.jpg,38.0,38.54983814922689,0.5498381492268933,validation
img08378,4399,images/img08378.jpg,38.0,36.87908840295682,1.1209115970431824,validation
img08381,4401,images/img08381.jpg,46.0,53.94468943715018,7.944689437150181,validation
img08382,4401,images/img08382.jpg,46.0,50.18514260659972,4.185142606599719,validation
img08399,4410,images/img08399.jpg,51.0,49.7132376535914,1.2867623464086009,validation
img08422,4422,images/img08422.jpg,33.0,34.242849596488895,1.2428495964888953,validation
img08432,4429,images/img08432.jpg,54.0,51.57899945133252,2.421000548667479,validation
img08433,4429,images/img08433.jpg,54.0,54.52174614033247,0.5217461403324677,validation
img08442,4434,images/img08442.jpg,62.0,66.69185269028306,4.691852690283056,validation
img08456,4442,images/img08456.jpg,72.0,40.3924931837304,31.6075068162696,validation
img08457,4442,images/img08457.jpg,72.0,49.80910176532049,22.19089823467951,validation
img08493,4463,images/img08493.jpg,33.0,36.68836026926542,3.688360269265417,validation
img08494,4463,images/img08494.jpg,33.0,41.21577645899809,8.215776458998093,validation
img08524,4479,images/img08524.jpg,78.0,81.67783140046113,3.6778314004611294,validation
img08525,4479,images/img08525.jpg,78.0,78.3426225488968,0.3426225488967986,validation
img08532,4483,images/img08532.jpg,54.0,74.76019630566894,20.76019630566894,validation
img08533,4483,images/img08533.jpg,54.0,65.61289924719321,11.612899247193212,validation
img08538,4486,images/img08538.jpg,16.0,23.73534811409697,7.735348114096972,validation
img08581,4508,images/img08581.jpg,75.0,80.01296222564417,5.0129622256441735,validation
img08582,4508,images/img08582.jpg,75.0,42.014502459152695,32.985497540847305,validation
img08653,4548,images/img08653.jpg,70.0,78.0747577205214,8.074757720521404,validation
img08654,4548,images/img08654.jpg,70.0,70.82139783501037,0.821397835010373,validation
img08655,4549,images/img08655.jpg,64.0,60.32312128096345,3.676878719036552,validation
img08656,4549,images/img08656.jpg,64.0,61.48681788120015,2.513182118799847,validation
img08724,4584,images/img08724.jpg,55.0,69.75774402037565,14.757744020375654,validation
img08725,4584,images/img08725.jpg,55.0,80.58333839462095,25.583338394620952,validation
img08728,4586,images/img08728.jpg,64.0,63.1631733650943,0.8368266349056981,validation
img08729,4586,images/img08729.jpg,64.0,65.34652855511062,1.3465285551106234,validation
img08741,4593,images/img08741.jpg,36.0,37.985735171459,1.985735171458998,validation
img08742,4593,images/img08742.jpg,36.0,36.55101969747554,0.5510196974755388,validation
img08778,4612,images/img08778.jpg,78.0,73.95284139577082,4.047158604229182,validation
img08779,4612,images/img08779.jpg,78.0,76.35484979960782,1.6451502003921803,validation
img08857,4653,images/img08857.jpg,76.0,77.92335263659143,1.9233526365914315,validation
img08858,4653,images/img08858.jpg,76.0,75.52239994365328,0.4776000563467164,validation
img08870,4660,images/img08870.jpg,63.0,59.27095827417395,3.7290417258260495,validation
img08871,4660,images/img08871.jpg,63.0,59.31364176733113,3.686358232668873,validation
img08886,4668,images/img08886.jpg,81.0,77.91313797927876,3.0868620207212416,validation
img08887,4668,images/img08887.jpg,81.0,77.41670301641815,3.583296983581846,validation
img08890,4670,images/img08890.jpg,33.0,36.80538058747324,3.8053805874732376,validation
img08891,4670,images/img08891.jpg,33.0,36.74108255880299,3.7410825588029866,validation
img08903,4676,images/img08903.jpg,64.0,70.83364648078003,6.833646480780033,validation
img08926,4689,images/img08926.jpg,79.0,73.52792103081364,5.472078969186356,validation
img08934,4693,images/img08934.jpg,81.0,75.95155951136238,5.048440488637624,validation
img08935,4693,images/img08935.jpg,81.0,77.8698778258553,3.1301221741447023,validation
img08954,4704,images/img08954.jpg,82.0,77.7189460668531,4.281053933146893,validation
img08955,4704,images/img08955.jpg,82.0,77.66030176266597,4.339698237334034,validation
img08971,4713,images/img08971.jpg,63.0,61.78616481563107,1.213835184368932,validation
img08972,4713,images/img08972.jpg,63.0,63.84000401840691,0.8400040184069084,validation
img08979,4717,images/img08979.jpg,68.0,74.69248575695477,6.692485756954767,validation
img08980,4717,images/img08980.jpg,68.0,70.87372750479217,2.8737275047921718,validation
img08993,4724,images/img08993.jpg,48.0,43.14953345477632,4.850466545223682,validation
img08994,4724,images/img08994.jpg,48.0,50.479100834882665,2.479100834882665,validation
img09017,4737,images/img09017.jpg,56.0,58.48991597688037,2.4899159768803685,validation
img09018,4737,images/img09018.jpg,56.0,65.83018374492084,9.830183744920843,validation
img09019,4738,images/img09019.jpg,62.0,62.58887645161196,0.5888764516119593,validation
img09020,4738,images/img09020.jpg,62.0,56.99615049162881,5.003849508371189,validation
img09021,4739,images/img09021.jpg,60.0,62.153291007233406,2.153291007233406,validation
img09022,4739,images/img09022.jpg,60.0,64.82225303442927,4.822253034429266,validation
img09066,4762,images/img09066.jpg,66.0,66.32852509481782,0.3285250948178202,validation
img09067,4762,images/img09067.jpg,66.0,71.0185104021748,5.0185104021747975,validation
img09102,4782,images/img09102.jpg,70.0,72.58218074433111,2.582180744331112,validation
img09103,4782,images/img09103.jpg,70.0,69.78183887666529,0.2181611233347098,validation
img09112,4787,images/img09112.jpg,58.0,55.83660311878331,2.1633968812166917,validation
img09161,4812,images/img09161.jpg,52.0,22.1636846880794,29.8363153119206,validation
img09162,4812,images/img09162.jpg,52.0,23.583890680866222,28.41610931913377,validation
img09163,4813,images/img09163.jpg,78.0,60.65200358182752,17.347996418172478,validation
img09164,4813,images/img09164.jpg,78.0,61.09617213031142,16.903827869688577,validation
img09168,4815,images/img09168.jpg,40.0,38.99780856567919,1.0021914343208138,validation
img09190,4827,images/img09190.jpg,69.0,84.16396513063485,15.16396513063485,validation
img09191,4827,images/img09191.jpg,69.0,66.62387603262331,2.376123967376685,validation
img09211,4838,images/img09211.jpg,77.0,71.76714684637636,5.232853153623637,validation
img09212,4838,images/img09212.jpg,77.0,75.73479632542156,1.2652036745784443,validation
img09218,4842,images/img09218.jpg,49.0,50.769459503432486,1.7694595034324865,validation
img09219,4842,images/img09219.jpg,49.0,53.26389496021993,4.263894960219929,validation
img09222,4844,images/img09222.jpg,58.0,58.59194408244878,0.5919440824487765,validation
img09223,4844,images/img09223.jpg,58.0,56.4127291222876,1.587270877712406,validation
img09246,4856,images/img09246.jpg,58.0,64.27837160999928,6.278371609999283,validation
img09247,4856,images/img09247.jpg,58.0,70.35180497611938,12.351804976119382,validation
img09268,4867,images/img09268.jpg,31.0,47.70845956113055,16.708459561130553,validation
img09269,4867,images/img09269.jpg,31.0,35.3656897486958,4.3656897486958,validation
img09322,4895,images/img09322.jpg,68.0,75.35277512183463,7.352775121834625,validation
img09323,4895,images/img09323.jpg,68.0,69.36383843490358,1.3638384349035846,validation
img09459,4966,images/img09459.jpg,64.0,66.91376682929751,2.913766829297515,validation
img09460,4966,images/img09460.jpg,64.0,66.80875195073286,2.808751950732855,validation
img09481,4978,images/img09481.jpg,54.0,51.18624118803565,2.813758811964348,validation
img09497,4986,images/img09497.jpg,60.0,60.17970982619994,0.1797098261999394,validation
img09498,4986,images/img09498.jpg,60.0,54.15230949052845,5.847690509471548,validation
img09511,4993,images/img09511.jpg,54.0,43.97167158908968,10.028328410910326,validation
img09512,4993,images/img09512.jpg,54.0,47.70376448321778,6.296235516782218,validation
img09545,5011,images/img09545.jpg,64.0,71.64890504448391,7.648905044483911,validation
img09575,5027,images/img09575.jpg,62.0,69.71262764799573,7.712627647995731,validation
img09576,5027,images/img09576.jpg,62.0,69.67775756063102,7.677757560631022,validation
img09596,5038,images/img09596.jpg,68.0,69.93909617617713,1.9390961761771308,validation
img09597,5038,images/img09597.jpg,68.0,66.33251781961192,1.6674821803880775,validation
img09607,5044,images/img09607.jpg,62.0,72.04643472842385,10.046434728423849,validation
img09608,5044,images/img09608.jpg,62.0,68.84854463644074,6.848544636440735,validation
img09626,5054,images/img09626.jpg,78.0,85.4266826144981,7.426682614498105,validation
img09636,5059,images/img09636.jpg,69.0,62.56837897383458,6.431621026165416,validation
img09637,5059,images/img09637.jpg,69.0,65.40402226529126,3.59597773470874,validation
img09701,5093,images/img09701.jpg,46.0,53.33201448784635,7.332014487846351,validation
img09702,5093,images/img09702.jpg,46.0,63.21615085747312,17.216150857473124,validation
img09716,5101,images/img09716.jpg,73.0,67.67536626910214,5.324633730897858,validation
img09717,5101,images/img09717.jpg,73.0,38.3506621471238,34.6493378528762,validation
img09720,5103,images/img09720.jpg,68.0,58.6940493487053,9.3059506512947,validation
img09721,5103,images/img09721.jpg,68.0,67.07819271118349,0.9218072888165096,validation
img09722,5104,images/img09722.jpg,55.0,64.47218071816306,9.47218071816306,validation
img09723,5104,images/img09723.jpg,55.0,62.11069503556345,7.110695035563452,validation
img09730,5108,images/img09730.jpg,65.0,70.59209481031439,5.592094810314393,validation
img09731,5108,images/img09731.jpg,65.0,68.51633924558823,3.5163392455882274,validation
img09767,5129,images/img09767.jpg,71.0,72.86133230007451,1.8613323000745083,validation
img09771,5131,images/img09771.jpg,32.0,56.74358215620356,24.74358215620356,validation
img09772,5131,images/img09772.jpg,32.0,62.55513405543466,30.555134055434664,validation
img09789,5140,images/img09789.jpg,80.0,71.54323361843878,8.456766381561224,validation
img09790,5140,images/img09790.jpg,80.0,74.75440080182958,5.245599198170424,validation
img09820,5157,images/img09820.jpg,39.0,37.476568422407055,1.5234315775929446,validation
img09821,5157,images/img09821.jpg,39.0,36.86882357756424,2.131176422435757,validation
img09863,5179,images/img09863.jpg,77.0,72.63010980101697,4.369890198983029,validation
img09864,5179,images/img09864.jpg,77.0,79.64429009375348,2.644290093753483,validation
img09902,5199,images/img09902.jpg,54.0,50.36123038584256,3.63876961415744,validation
img09903,5199,images/img09903.jpg,54.0,50.06931105376354,3.930688946236458,validation
img09967,5232,images/img09967.jpg,27.0,28.140598485600357,1.1405984856003537,validation
img09968,5232,images/img09968.jpg,27.0,24.254914924235138,2.7450850757648624,validation
img09992,5245,images/img09992.jpg,55.0,78.52927834323249,23.52927834323249,validation
img09993,5245,images/img09993.jpg,55.0,64.58870317270835,9.58870317270835,validation
img09997,5248,images/img09997.jpg,48.0,43.63261934594068,4.367380654059325,validation
img10029,5264,images/img10029.jpg,80.0,76.28801501107111,3.71198498892889,validation
img10030,5265,images/img10030.jpg,84.0,64.78313938187092,19.21686061812908,validation
img10041,5271,images/img10041.jpg,45.0,60.22313902424048,15.22313902424048,validation
img10073,5289,images/img10073.jpg,65.0,43.36588002753183,21.63411997246817,validation
img10074,5289,images/img10074.jpg,65.0,50.314285059767,14.685714940232998,validation
img10088,5297,images/img10088.jpg,14.0,19.182409459018253,5.182409459018253,validation
img10089,5297,images/img10089.jpg,14.0,17.34542887059608,3.3454288705960806,validation
img10124,5315,images/img10124.jpg,59.0,70.3186133382106,11.318613338210596,validation
img10125,5315,images/img10125.jpg,59.0,66.52368437869727,7.523684378697268,validation
img10136,5321,images/img10136.jpg,57.0,50.47839793645879,6.521602063541209,validation
img10137,5321,images/img10137.jpg,57.0,53.36937825596543,3.6306217440345705,validation
img10188,5347,images/img10188.jpg,72.0,73.2650708292078,1.2650708292078008,validation
img10189,5347,images/img10189.jpg,72.0,74.24433320856022,2.244333208560221,validation
img10196,5351,images/img10196.jpg,66.0,65.31111534375043,0.6888846562495701,validation
img10197,5351,images/img10197.jpg,66.0,67.79264179015121,1.7926417901512082,validation
img10200,5354,images/img10200.jpg,78.0,74.64915580446362,3.350844195536382,validation
img10201,5354,images/img10201.jpg,78.0,76.87812686643804,1.1218731335619625,validation
img10208,5358,images/img10208.jpg,71.0,67.77072706411654,3.2292729358834578,validation
img10209,5358,images/img10209.jpg,71.0,62.50591916904865,8.494080830951347,validation
img10214,5361,images/img10214.jpg,44.0,45.623078268725386,1.6230782687253864,validation
img10215,5361,images/img10215.jpg,44.0,44.0833490067877,0.0833490067876994,validation
img10234,5371,images/img10234.jpg,60.0,69.06162374033988,9.061623740339884,validation
img10235,5371,images/img10235.jpg,60.0,65.05549970644991,5.055499706449908,validation
img10244,5376,images/img10244.jpg,60.0,67.63714473587774,7.63714473587774,validation
img10245,5376,images/img10245.jpg,60.0,58.88758089651395,1.1124191034860471,validation
img10274,5391,images/img10274.jpg,57.0,49.05234190931097,7.947658090689032,validation
img10275,5391,images/img10275.jpg,57.0,54.9981007839062,2.001899216093797,validation
img10293,5401,images/img10293.jpg,86.0,83.28343026070259,2.7165697392974124,validation
img10351,5431,images/img10351.jpg,59.0,42.540972833329846,16.459027166670154,validation
img10352,5431,images/img10352.jpg,59.0,60.90046645060518,1.90046645060518,validation
img10362,5437,images/img10362.jpg,59.0,58.843583217785365,0.1564167822146345,validation
img10363,5437,images/img10363.jpg,59.0,62.37008254904546,3.370082549045464,validation
img10423,5470,images/img10423.jpg,58.0,67.36046341276442,9.360463412764418,validation
img10424,5470,images/img10424.jpg,58.0,70.68913078295341,12.689130782953413,validation
img10440,5479,images/img10440.jpg,68.0,61.39493504285563,6.605064957144371,validation
img10441,5479,images/img10441.jpg,68.0,56.2333978676179,11.766602132382095,validation
img10442,5480,images/img10442.jpg,59.0,61.96186161103378,2.9618616110337825,validation
img10443,5480,images/img10443.jpg,59.0,66.69165965223647,7.691659652236467,validation
img10488,5505,images/img10488.jpg,69.0,65.49366935224874,3.5063306477512555,validation
img10489,5505,images/img10489.jpg,69.0,62.183705405675326,6.816294594324674,validation
img10496,5509,images/img10496.jpg,77.0,69.96296745732806,7.037032542671938,validation
img10497,5509,images/img10497.jpg,77.0,66.04816078027325,10.95183921972675,validation
img10522,5522,images/img10522.jpg,17.0,31.887349183943943,14.887349183943943,validation
img10523,5522,images/img10523.jpg,17.0,40.24507319032151,23.245073190321506,validation
img10543,5533,images/img10543.jpg,50.0,50.854150856583786,0.8541508565837859,validation
img10544,5533,images/img10544.jpg,50.0,59.17436536202321,9.17436536202321,validation
img10604,5564,images/img10604.jpg,72.0,66.15952846460839,5.840471535391615,validation
img10605,5564,images/img10605.jpg,72.0,61.68413766434679,10.315862335653216,validation
img10615,5570,images/img10615.jpg,74.0,73.90971865926187,0.0902813407381302,validation
img10616,5570,images/img10616.jpg,74.0,81.15429476834794,7.154294768347938,validation
img10623,5574,images/img10623.jpg,35.0,32.393054335482496,2.606945664517504,validation
img10624,5574,images/img10624.jpg,35.0,28.323607278649103,6.676392721350897,validation
img10645,5586,images/img10645.jpg,21.0,27.74535253990649,6.745352539906495,validation
img10646,5586,images/img10646.jpg,21.0,24.297186984606576,3.297186984606576,validation
img10672,5600,images/img10672.jpg,48.0,45.6549633553358,2.345036644664205,validation
img10673,5600,images/img10673.jpg,48.0,46.28898536794407,1.711014632055928,validation
img10694,5612,images/img10694.jpg,54.0,60.66288078497805,6.66288078497805,validation
img10695,5612,images/img10695.jpg,54.0,60.57458060190495,6.574580601904948,validation
img10709,5620,images/img10709.jpg,49.0,47.18909778575374,1.810902214246262,validation
img10710,5620,images/img10710.jpg,49.0,41.25327818933691,7.7467218106630895,validation
img10731,5632,images/img10731.jpg,62.0,63.62817802589493,1.6281780258949323,validation
img10732,5632,images/img10732.jpg,62.0,69.14044106570067,7.140441065700671,validation
img10765,5649,images/img10765.jpg,66.0,45.474171773296725,20.525828226703275,validation
img10801,5667,images/img10801.jpg,57.0,57.97751420463243,0.9775142046324276,validation
img10802,5667,images/img10802.jpg,57.0,50.44024074924992,6.559759250750076,validation
img10810,5672,images/img10810.jpg,58.0,52.11411291318882,5.885887086811181,validation
img10811,5672,images/img10811.jpg,58.0,60.068646422175526,2.068646422175526,validation
img10839,5687,images/img10839.jpg,54.0,54.23577554285861,0.2357755428586117,validation
img10840,5687,images/img10840.jpg,54.0,44.75998553144328,9.240014468556716,validation
img10841,5688,images/img10841.jpg,55.0,39.37704980327317,15.622950196726832,validation
img10842,5688,images/img10842.jpg,55.0,42.89604287190391,12.103957128096091,validation
img10868,5703,images/img10868.jpg,82.0,45.45312299194562,36.54687700805438,validation
img10875,5707,images/img10875.jpg,75.0,68.74953793074982,6.250462069250176,validation
img10886,5713,images/img10886.jpg,77.0,71.17557357302962,5.824426426970376,validation
img10887,5713,images/img10887.jpg,77.0,72.1879632442753,4.812036755724705,validation
img10909,5725,images/img10909.jpg,53.0,69.75716490623589,16.757164906235886,validation
img10910,5725,images/img10910.jpg,53.0,71.62028960795074,18.62028960795074,validation
img10926,5735,images/img10926.jpg,71.0,71.38808119706204,0.3880811970620357,validation
img10927,5735,images/img10927.jpg,71.0,68.01261246137459,2.9873875386254127,validation
img10945,5745,images/img10945.jpg,66.0,56.92885089855832,9.071149101441684,validation
img10946,5745,images/img10946.jpg,66.0,65.5200964789487,0.4799035210512983,validation
img10955,5750,images/img10955.jpg,53.0,41.30696894093872,11.693031059061283,validation
img10956,5750,images/img10956.jpg,53.0,43.56339830177722,9.43660169822278,validation
img10965,5755,images/img10965.jpg,68.0,62.09403268937267,5.905967310627332,validation
img10987,5767,images/img10987.jpg,19.0,19.15466432961037,0.1546643296103695,validation
img10988,5767,images/img10988.jpg,19.0,26.17909199797252,7.17909199797252,validation
img11032,5792,images/img11032.jpg,66.0,74.4110570066279,8.4110570066279,validation
img11033,5792,images/img11033.jpg,66.0,73.95362227284063,7.953622272840633,validation
img11042,5797,images/img11042.jpg,57.0,63.49758178902086,6.497581789020863,validation
img11043,5797,images/img11043.jpg,57.0,57.31695709489135,0.3169570948913502,validation
img11050,5802,images/img11050.jpg,52.0,58.52199737336866,6.521997373368663,validation
img11051,5802,images/img11051.jpg,52.0,54.01157984681896,2.011579846818954,validation
img11058,5807,images/img11058.jpg,84.0,67.9746079596263,16.025392040373703,validation
img11082,5821,images/img11082.jpg,65.0,71.8969316690885,6.896931669088502,validation
img11089,5825,images/img11089.jpg,70.0,72.89487947698436,2.8948794769843573,validation
img11090,5825,images/img11090.jpg,70.0,70.74628531328948,0.7462853132894764,validation
img11134,5849,images/img11134.jpg,74.0,74.99626111504767,0.9962611150476732,validation
img11135,5849,images/img11135.jpg,74.0,73.59639936927242,0.4036006307275812,validation
img11138,5852,images/img11138.jpg,74.0,80.85863900492649,6.858639004926488,validation
img11150,5859,images/img11150.jpg,57.0,54.67787956579341,2.322120434206589,validation
img11151,5859,images/img11151.jpg,57.0,47.0151814118824,9.984818588117598,validation
img11177,5874,images/img11177.jpg,69.0,77.5315726508527,8.531572650852695,validation
img11187,5880,images/img11187.jpg,80.0,63.60993811171325,16.390061888286752,validation
img11188,5880,images/img11188.jpg,80.0,71.54153662860548,8.458463371394515,validation
img11205,5888,images/img11205.jpg,63.0,61.907584111019176,1.092415888980824,validation
img11206,5888,images/img11206.jpg,63.0,54.98381106071175,8.016188939288249,validation
img11208,5890,images/img11208.jpg,68.0,65.51093207948273,2.489067920517272,validation
img11209,5890,images/img11209.jpg,68.0,63.47391554263128,4.526084457368718,validation
img11214,5893,images/img11214.jpg,53.0,55.329178483571305,2.3291784835713045,validation
img11215,5893,images/img11215.jpg,53.0,56.49669985459549,3.496699854595484,validation
img11249,5913,images/img11249.jpg,66.0,67.13995397998728,1.1399539799872829,validation
img11250,5913,images/img11250.jpg,66.0,61.94751190426553,4.052488095734468,validation
img11275,5926,images/img11275.jpg,59.0,54.1312792495547,4.8687207504452985,validation
img11276,5926,images/img11276.jpg,59.0,59.61012693998664,0.6101269399866425,validation
img11285,5932,images/img11285.jpg,60.0,40.65476099936517,19.345239000634827,validation
img11286,5932,images/img11286.jpg,60.0,48.38551106305579,11.614488936944213,validation
img11301,5941,images/img11301.jpg,65.0,83.67767502601922,18.677675026019216,validation
img11302,5941,images/img11302.jpg,65.0,59.78185404974064,5.218145950259363,validation
img11318,5951,images/img11318.jpg,82.0,68.59829534777431,13.401704652225687,validation
img11319,5951,images/img11319.jpg,82.0,76.42291261549174,5.5770873845082605,validation
img11320,5952,images/img11320.jpg,56.0,57.83135482055744,1.8313548205574364,validation
img11321,5952,images/img11321.jpg,56.0,53.67092985938605,2.3290701406139505,validation
img11324,5954,images/img11324.jpg,47.0,51.218095737553945,4.218095737553945,validation
img11325,5954,images/img11325.jpg,47.0,49.76634002086477,2.7663400208647677,validation
img11351,5968,images/img11351.jpg,49.0,43.25934265680313,5.740657343196872,validation
img11363,5975,images/img11363.jpg,70.0,69.43260360390617,0.5673963960938266,validation
img11364,5975,images/img11364.jpg,70.0,60.88805639449149,9.111943605508507,validation
img11390,5989,images/img11390.jpg,62.0,63.32505812467209,1.3250581246720898,validation
img11391,5989,images/img11391.jpg,62.0,65.94550925451625,3.945509254516253,validation
img11396,5992,images/img11396.jpg,66.0,72.30073454423732,6.300734544237315,validation
img11409,6001,images/img11409.jpg,61.0,68.37678800645126,7.376788006451264,validation
img11410,6001,images/img11410.jpg,61.0,75.05197603961257,14.051976039612567,validation
img11417,6005,images/img11417.jpg,77.0,73.7763304596801,3.223669540319904,validation
img11418,6005,images/img11418.jpg,77.0,68.30543154706058,8.694568452939421,validation
img11426,6010,images/img11426.jpg,67.0,75.4695467808638,8.469546780863794,validation
img11427,6010,images/img11427.jpg,67.0,70.3921183001537,3.3921183001536974,validation
img11428,6011,images/img11428.jpg,70.0,75.94692223580253,5.946922235802532,validation
img11429,6011,images/img11429.jpg,70.0,57.18713546407711,12.812864535922891,validation
img11457,6026,images/img11457.jpg,70.0,79.71314251159068,9.713142511590677,validation
img11458,6026,images/img11458.jpg,70.0,77.65394132262247,7.653941322622472,validation
img11459,6027,images/img11459.jpg,74.0,73.09520498248352,0.9047950175164772,validation
img11460,6027,images/img11460.jpg,74.0,74.79231478291194,0.7923147829119443,validation
img11466,6030,images/img11466.jpg,68.0,73.57586753726642,5.575867537266419,validation
img11475,6036,images/img11475.jpg,59.0,63.511071549462926,4.511071549462926,validation
img11476,6036,images/img11476.jpg,59.0,78.8652692428969,19.8652692428969,validation
img11509,6056,images/img11509.jpg,25.0,35.42831914340401,10.42831914340401,validation
img11510,6056,images/img11510.jpg,25.0,34.32517105316994,9.32517105316994,validation
img11556,6080,images/img11556.jpg,83.0,82.92644074776697,0.073559252233025,validation
img11557,6080,images/img11557.jpg,83.0,83.51366684792896,0.5136668479289597,validation
img11634,6121,images/img11634.jpg,49.0,56.05617830739853,7.0561783073985325,validation
img11649,6131,images/img11649.jpg,60.0,75.38406037270704,15.38406037270704,validation
img11650,6131,images/img11650.jpg,60.0,76.84100466852979,16.84100466852979,validation
img11666,6141,images/img11666.jpg,72.0,73.229456945528,1.2294569455279998,validation
img11667,6141,images/img11667.jpg,72.0,68.60577366351134,3.394226336488657,validation
img11682,6150,images/img11682.jpg,61.0,50.49835828859806,10.501641711401938,validation
img11683,6150,images/img11683.jpg,61.0,58.40030474374085,2.599695256259146,validation
img11707,6163,images/img11707.jpg,67.0,67.3006423399204,0.300642339920401,validation
img11708,6163,images/img11708.jpg,67.0,78.0285616438131,11.028561643813106,validation
img11740,6180,images/img11740.jpg,14.0,41.09594454709477,27.09594454709477,validation
img11741,6180,images/img11741.jpg,14.0,19.777237113896163,5.777237113896163,validation
img11788,6205,images/img11788.jpg,32.0,50.25247634940939,18.252476349409392,validation
img11789,6205,images/img11789.jpg,32.0,34.1566608352135,2.1566608352135006,validation
img11821,6222,images/img11821.jpg,72.0,72.89474860373244,0.8947486037324381,validation
img11822,6222,images/img11822.jpg,72.0,76.69438300195765,4.694383001957647,validation
img11827,6225,images/img11827.jpg,88.0,86.05370508934931,1.9462949106506928,validation
img11828,6225,images/img11828.jpg,88.0,84.45356582493395,3.5464341750660537,validation
img11847,6235,images/img11847.jpg,39.0,41.31315488331299,2.31315488331299,validation
img11848,6235,images/img11848.jpg,39.0,44.00307571649927,5.003075716499268,validation
img11877,6251,images/img11877.jpg,72.0,68.72841825972058,3.271581740279416,validation
img11878,6251,images/img11878.jpg,72.0,69.60579690306062,2.3942030969393784,validation
img11901,6263,images/img11901.jpg,63.0,63.20048641982826,0.200486419828259,validation
img11902,6263,images/img11902.jpg,63.0,62.19898922027917,0.8010107797208263,validation
img11982,6305,images/img11982.jpg,83.0,78.24862501692326,4.751374983076744,validation
img11983,6305,images/img11983.jpg,83.0,75.73012196910702,7.269878030892983,validation
img11986,6307,images/img11986.jpg,83.0,72.27095978881418,10.72904021118582,validation
img11987,6307,images/img11987.jpg,83.0,72.82368442793772,10.17631557206228,validation
img12008,6318,images/img12008.jpg,36.0,41.99510268077583,5.99510268077583,validation
img12009,6318,images/img12009.jpg,36.0,42.49084401540124,6.490844015401237,validation
img12023,6327,images/img12023.jpg,24.0,23.30274657986228,0.6972534201377201,validation
img12024,6327,images/img12024.jpg,24.0,28.33221001374224,4.3322100137422375,validation
img12029,6330,images/img12029.jpg,11.0,15.435935775724566,4.435935775724566,validation
img12030,6330,images/img12030.jpg,11.0,23.42426239427369,12.42426239427369,validation
img12061,6346,images/img12061.jpg,75.0,76.01085600058826,1.0108560005882623,validation
img12062,6346,images/img12062.jpg,75.0,75.7633201506784,0.7633201506783962,validation
img12063,6347,images/img12063.jpg,40.0,38.83690862732213,1.1630913726778758,validation
img12064,6347,images/img12064.jpg,40.0,46.37928573055075,6.379285730550748,validation
img12078,6355,images/img12078.jpg,77.0,79.01864396926834,2.0186439692683398,validation
img12079,6355,images/img12079.jpg,77.0,77.02043625935929,0.0204362593592861,validation
img12080,6356,images/img12080.jpg,32.0,31.628606221227656,0.3713937787723438,validation
img12081,6356,images/img12081.jpg,32.0,30.59437598545674,1.4056240145432604,validation
img12094,6363,images/img12094.jpg,25.0,38.084481221256496,13.084481221256496,validation
img12095,6363,images/img12095.jpg,25.0,35.27536975510134,10.275369755101336,validation
img12104,6368,images/img12104.jpg,25.0,33.72645210026815,8.726452100268148,validation
img12105,6368,images/img12105.jpg,25.0,32.97175840572338,7.971758405723378,validation
img12116,6374,images/img12116.jpg,89.0,80.89159070854008,8.108409291459921,validation
img12118,6375,images/img12118.jpg,58.0,54.16606045216915,3.833939547830852,validation
img12119,6375,images/img12119.jpg,58.0,49.84030412980003,8.159695870199968,validation
img12166,6403,images/img12166.jpg,58.0,60.85523829065591,2.8552382906559046,validation
img12167,6403,images/img12167.jpg,58.0,67.01019860375682,9.01019860375682,validation
img12176,6408,images/img12176.jpg,76.0,73.0636165419108,2.936383458089196,validation
img12177,6408,images/img12177.jpg,76.0,72.00597526259155,3.994024737408452,validation
img12208,6426,images/img12208.jpg,71.0,75.41050767570002,4.410507675700018,validation
img12209,6426,images/img12209.jpg,71.0,75.97318413502194,4.973184135021938,validation
img12286,6466,images/img12286.jpg,63.0,67.9255566648052,4.9255566648052,validation
img12287,6466,images/img12287.jpg,63.0,71.05731650259112,8.05731650259112,validation
img12294,6470,images/img12294.jpg,37.0,61.41964391281887,24.41964391281887,validation
img12295,6470,images/img12295.jpg,37.0,64.05100278290568,27.051002782905684,validation
img12304,6475,images/img12304.jpg,37.0,44.81459566763986,7.814595667639864,validation
img12335,6493,images/img12335.jpg,71.0,77.02622740075692,6.026227400756923,validation
img12340,6496,images/img12340.jpg,82.0,84.72259760647233,2.722597606472334,validation
img12341,6496,images/img12341.jpg,82.0,81.62329869760528,0.3767013023947214,validation
img12348,6500,images/img12348.jpg,85.0,77.70905204900765,7.290947950992347,validation
img12349,6500,images/img12349.jpg,85.0,70.84728238302007,14.152717616979928,validation
img12404,6530,images/img12404.jpg,62.0,55.01797034272696,6.982029657273046,validation
img12405,6530,images/img12405.jpg,62.0,51.800776173432446,10.199223826567554,validation
img12422,6539,images/img12422.jpg,43.0,34.88734146925108,8.112658530748917,validation
img12423,6539,images/img12423.jpg,43.0,49.07646021372491,6.076460213724907,validation
img12470,6563,images/img12470.jpg,88.0,79.75811928583522,8.241880714164779,validation
img12471,6563,images/img12471.jpg,88.0,79.8716365633332,8.128363436666802,validation
img12548,6603,images/img12548.jpg,8.0,13.895121356406335,5.895121356406335,validation
img12549,6603,images/img12549.jpg,8.0,13.675149594572524,5.675149594572524,validation
img12552,6605,images/img12552.jpg,48.0,40.84874133336689,7.151258666633112,validation
img12553,6605,images/img12553.jpg,48.0,50.79383519190854,2.793835191908542,validation
img12558,6608,images/img12558.jpg,38.0,43.67702682153934,5.677026821539343,validation
img12559,6608,images/img12559.jpg,38.0,41.659979907015845,3.659979907015845,validation
img12584,6622,images/img12584.jpg,65.0,68.6817554017471,3.681755401747097,validation
img12585,6622,images/img12585.jpg,65.0,62.94832529107332,2.051674708926683,validation
img12620,6640,images/img12620.jpg,51.0,47.00218678857679,3.997813211423214,validation
img12621,6640,images/img12621.jpg,51.0,54.67986611269657,3.6798661126965726,validation
img12625,6642,images/img12625.jpg,80.0,82.88950831607403,2.8895083160740285,validation
img12626,6643,images/img12626.jpg,77.0,79.64633389770435,2.646333897704352,validation
img12627,6643,images/img12627.jpg,77.0,67.87134242019569,9.128657579804312,validation
img12646,6653,images/img12646.jpg,16.0,17.446916715021388,1.4469167150213875,validation
img12647,6653,images/img12647.jpg,16.0,20.094892670966026,4.094892670966026,validation
img12667,6664,images/img12667.jpg,34.0,43.36755193332516,9.36755193332516,validation
img12668,6664,images/img12668.jpg,34.0,42.14844032639255,8.148440326392546,validation
img12719,6691,images/img12719.jpg,73.0,52.84991832564967,20.15008167435033,validation
img12720,6691,images/img12720.jpg,73.0,77.15868640025005,4.158686400250048,validation
img12727,6695,images/img12727.jpg,58.0,64.09643488700587,6.09643488700587,validation
img12728,6695,images/img12728.jpg,58.0,63.96755199912158,5.967551999121582,validation
img12757,6710,images/img12757.jpg,51.0,65.5795832796951,14.5795832796951,validation
img12758,6710,images/img12758.jpg,51.0,60.80174984728936,9.801749847289358,validation
img12771,6717,images/img12771.jpg,71.0,63.5767846451696,7.423215354830397,validation
img12772,6717,images/img12772.jpg,71.0,70.5923587380391,0.4076412619609044,validation
img12777,6720,images/img12777.jpg,57.0,73.52556640288944,16.52556640288944,validation
img12778,6720,images/img12778.jpg,57.0,77.66494994433015,20.664949944330147,validation
img12789,6726,images/img12789.jpg,59.0,62.26870376566343,3.268703765663425,validation
img12790,6726,images/img12790.jpg,59.0,74.0817602737994,15.081760273799404,validation
img12817,6740,images/img12817.jpg,41.0,46.534047713392575,5.534047713392575,validation
img12818,6740,images/img12818.jpg,41.0,52.73159745450086,11.731597454500855,validation
img12823,6743,images/img12823.jpg,49.0,55.33758204593417,6.33758204593417,validation
img12824,6743,images/img12824.jpg,49.0,57.79657702610059,8.796577026100593,validation
img12843,6754,images/img12843.jpg,39.0,37.08538390996458,1.9146160900354232,validation
img12844,6754,images/img12844.jpg,39.0,44.10888783129023,5.108887831290232,validation
img12868,6767,images/img12868.jpg,45.0,46.936873401593694,1.9368734015936937,validation
img12869,6767,images/img12869.jpg,45.0,42.360468081834576,2.6395319181654244,validation
img12880,6773,images/img12880.jpg,44.0,50.30887672263124,6.30887672263124,validation
img12881,6773,images/img12881.jpg,44.0,41.24039589890586,2.759604101094141,validation
img12882,6774,images/img12882.jpg,51.0,43.57027023811367,7.429729761886335,validation
img12883,6774,images/img12883.jpg,51.0,47.20943330788185,3.790566692118148,validation
img12938,6805,images/img12938.jpg,63.0,61.50657319857808,1.4934268014219256,validation
img12939,6805,images/img12939.jpg,63.0,74.74364956418401,11.743649564184013,validation
img12940,6806,images/img12940.jpg,48.0,41.920101401319066,6.079898598680934,validation
img12941,6806,images/img12941.jpg,48.0,51.845461754691456,3.845461754691456,validation
img12944,6808,images/img12944.jpg,62.0,62.57514566626427,0.5751456662642696,validation
img12945,6808,images/img12945.jpg,62.0,67.30735504713367,5.307355047133669,validation
img12952,6812,images/img12952.jpg,48.0,41.905834035638485,6.094165964361515,validation
img12953,6812,images/img12953.jpg,48.0,40.79167623308631,7.208323766913693,validation
img12963,6818,images/img12963.jpg,76.0,73.35911525742993,2.6408847425700657,validation
img12964,6818,images/img12964.jpg,76.0,63.360802881603824,12.639197118396176,validation
img12968,6821,images/img12968.jpg,51.0,48.4907713289678,2.509228671032197,validation
img12969,6821,images/img12969.jpg,51.0,52.240381607865935,1.2403816078659349,validation
img12994,6835,images/img12994.jpg,66.0,54.06626414452495,11.93373585547505,validation
img13033,6856,images/img13033.jpg,77.0,56.50218092181447,20.49781907818553,validation
img13034,6856,images/img13034.jpg,77.0,53.24199604803653,23.758003951963467,validation
img13044,6862,images/img13044.jpg,60.0,67.18450759738393,7.184507597383927,validation
img13045,6862,images/img13045.jpg,60.0,66.93540454028228,6.935404540282278,validation
img13052,6866,images/img13052.jpg,68.0,77.61810386380395,9.618103863803952,validation
img13096,6889,images/img13096.jpg,85.0,75.38805855055332,9.611941449446675,validation
img13097,6889,images/img13097.jpg,85.0,81.25167319266282,3.748326807337179,validation
img13112,6897,images/img13112.jpg,64.0,55.7045045660382,8.295495433961797,validation
img13113,6897,images/img13113.jpg,64.0,66.40194389853673,2.4019438985367287,validation
img13129,6906,images/img13129.jpg,83.0,59.63348072648726,23.366519273512743,validation
img13182,6936,images/img13182.jpg,26.0,36.72060525731862,10.720605257318615,validation
img13183,6936,images/img13183.jpg,26.0,29.283817784352685,3.283817784352685,validation
img13226,6961,images/img13226.jpg,70.0,67.82832220106742,2.1716777989325777,validation
img13227,6961,images/img13227.jpg,70.0,70.7686384647181,0.7686384647180944,validation
img13233,6965,images/img13233.jpg,79.0,78.74875714915072,0.2512428508492803,validation
img13234,6965,images/img13234.jpg,79.0,71.87978291064474,7.120217089355265,validation
img13276,6988,images/img13276.jpg,56.0,67.52209296950095,11.522092969500946,validation
img13323,7012,images/img13323.jpg,37.0,42.9073655894162,5.907365589416202,validation
img13324,7012,images/img13324.jpg,37.0,46.13657801302645,9.136578013026444,validation
img13342,7022,images/img13342.jpg,75.0,75.710303396324,0.7103033963239938,validation
img13343,7022,images/img13343.jpg,75.0,76.5811405582887,1.5811405582886948,validation
img13344,7023,images/img13344.jpg,45.0,47.96847090378007,2.968470903780073,validation
img13345,7023,images/img13345.jpg,45.0,70.81694160078237,25.81694160078237,validation
img13358,7030,images/img13358.jpg,55.0,49.36182443179818,5.638175568201817,validation
img13359,7030,images/img13359.jpg,55.0,54.288406766425055,0.7115932335749449,validation
img13360,7031,images/img13360.jpg,19.0,28.05866746745421,9.058667467454214,validation
img13361,7031,images/img13361.jpg,19.0,33.525733975013225,14.525733975013225,validation
img13415,7060,images/img13415.jpg,82.0,61.751601189797945,20.24839881020205,validation
img13423,7065,images/img13423.jpg,68.0,67.86496453038527,0.1350354696147349,validation
img13424,7065,images/img13424.jpg,68.0,79.53208591121646,11.532085911216456,validation
img13437,7072,images/img13437.jpg,64.0,69.69732311179365,5.697323111793651,validation
img13438,7072,images/img13438.jpg,64.0,70.0507114290805,6.0507114290804935,validation
img13442,7075,images/img13442.jpg,53.0,67.41112008614245,14.411120086142446,validation
img13443,7075,images/img13443.jpg,53.0,62.80828327724164,9.808283277241635,validation
img13478,7094,images/img13478.jpg,67.0,69.9609607341319,2.960960734131902,validation
img13479,7094,images/img13479.jpg,67.0,75.79362167094052,8.793621670940524,validation
img13482,7096,images/img13482.jpg,74.0,74.19677495942148,0.1967749594214751,validation
img13483,7096,images/img13483.jpg,74.0,76.6306957151297,2.630695715129704,validation
img13513,7112,images/img13513.jpg,33.0,55.49014113202824,22.49014113202824,validation
img13514,7112,images/img13514.jpg,33.0,37.6115031075824,4.611503107582401,validation
img13539,7125,images/img13539.jpg,40.0,56.47239539661332,16.472395396613315,validation
img13540,7125,images/img13540.jpg,40.0,49.6241271469668,9.6241271469668,validation
img13543,7127,images/img13543.jpg,45.0,45.06945278538444,0.069452785384442,validation
img13544,7127,images/img13544.jpg,45.0,45.74152837721047,0.7415283772104715,validation
img13585,7149,images/img13585.jpg,66.0,71.09937698453862,5.099376984538623,validation
img13586,7149,images/img13586.jpg,66.0,68.21110683195724,2.2111068319572382,validation
img13597,7155,images/img13597.jpg,52.0,50.11018222503419,1.8898177749658127,validation
img13598,7155,images/img13598.jpg,52.0,53.303160207628416,1.303160207628416,validation
img13611,7162,images/img13611.jpg,55.0,60.95247057317282,5.952470573172818,validation
img13612,7162,images/img13612.jpg,55.0,65.29800729695981,10.29800729695981,validation
img13623,7168,images/img13623.jpg,47.0,70.1455650902437,23.145565090243693,validation
img13624,7168,images/img13624.jpg,47.0,45.02943392616695,1.970566073833048,validation
img13627,7170,images/img13627.jpg,50.0,61.871770645630185,11.871770645630184,validation
img13628,7170,images/img13628.jpg,50.0,58.654925199021534,8.654925199021534,validation
img13657,7185,images/img13657.jpg,58.0,54.577595209980586,3.4224047900194137,validation
img13658,7185,images/img13658.jpg,58.0,57.90293608202355,0.0970639179764489,validation
img13690,7202,images/img13690.jpg,56.0,62.22943633703407,6.229436337034073,validation
img13691,7202,images/img13691.jpg,56.0,67.94446457787691,11.944464577876914,validation
img13697,7206,images/img13697.jpg,38.0,34.471249595746606,3.528750404253394,validation
img13698,7206,images/img13698.jpg,38.0,39.35014117206717,1.3501411720671683,validation
img13707,7211,images/img13707.jpg,36.0,28.570983899435795,7.429016100564205,validation
img13732,7224,images/img13732.jpg,37.0,46.73869312681566,9.738693126815662,validation
img13733,7224,images/img13733.jpg,37.0,67.14797323849892,30.14797323849892,validation
img13742,7229,images/img13742.jpg,47.0,58.08295442126584,11.08295442126584,validation
img13743,7229,images/img13743.jpg,47.0,54.33087513667438,7.330875136674379,validation
img13752,7234,images/img13752.jpg,64.0,67.08178191011751,3.081781910117513,validation
img13753,7234,images/img13753.jpg,64.0,58.88649328525994,5.113506714740062,validation
img13764,7240,images/img13764.jpg,63.0,58.22685283358755,4.77314716641245,validation
img13765,7240,images/img13765.jpg,63.0,66.7272506330972,3.7272506330971993,validation
img13766,7241,images/img13766.jpg,34.0,40.510286744735005,6.510286744735005,validation
img13767,7241,images/img13767.jpg,34.0,51.09742078378615,17.09742078378615,validation
img13805,7261,images/img13805.jpg,46.0,39.59825504550636,6.401744954493637,validation
img13806,7261,images/img13806.jpg,46.0,42.5332600363498,3.466739963650205,validation
img13811,7264,images/img13811.jpg,68.0,61.26057510937832,6.7394248906216845,validation
img13812,7264,images/img13812.jpg,68.0,56.00643392964745,11.99356607035255,validation
img13827,7272,images/img13827.jpg,26.0,31.554165515533303,5.554165515533303,validation
img13828,7272,images/img13828.jpg,26.0,31.937796460118903,5.937796460118904,validation
img13829,7273,images/img13829.jpg,57.0,69.03094923130978,12.030949231309776,validation
img13830,7273,images/img13830.jpg,57.0,61.57481978231991,4.574819782319906,validation
img13859,7288,images/img13859.jpg,63.0,58.99693613194815,4.0030638680518535,validation
img13860,7288,images/img13860.jpg,63.0,69.54321440460102,6.5432144046010166,validation
img13903,7311,images/img13903.jpg,69.0,61.73196583956762,7.268034160432379,validation
img13904,7311,images/img13904.jpg,69.0,56.25193265559533,12.748067344404667,validation
img13945,7332,images/img13945.jpg,67.0,67.09859257932715,0.0985925793271462,validation
img13946,7332,images/img13946.jpg,67.0,68.33413750425967,1.3341375042596724,validation
img13953,7336,images/img13953.jpg,86.0,71.22679736383267,14.773202636167326,validation
img13954,7336,images/img13954.jpg,86.0,84.25090641310881,1.749093586891192,validation
img13983,7351,images/img13983.jpg,92.0,87.06447847593373,4.935521524066274,validation
img13984,7351,images/img13984.jpg,92.0,86.32602397073184,5.673976029268161,validation
img14005,7362,images/img14005.jpg,70.0,77.58929429861375,7.589294298613751,validation
img14006,7362,images/img14006.jpg,70.0,74.1079152931964,4.107915293196399,validation
img14007,7363,images/img14007.jpg,74.0,77.89492478505267,3.894924785052666,validation
img14045,7382,images/img14045.jpg,45.0,54.345962096095136,9.345962096095136,validation
img14046,7382,images/img14046.jpg,45.0,49.762296582685536,4.762296582685536,validation
img14058,7389,images/img14058.jpg,60.0,61.15743389953703,1.1574338995370326,validation
img14059,7389,images/img14059.jpg,60.0,60.50664756866252,0.5066475686625154,validation
img14089,7405,images/img14089.jpg,63.0,55.47740989114212,7.522590108857877,validation
img14090,7405,images/img14090.jpg,63.0,45.32905078667997,17.670949213320036,validation
img14132,7426,images/img14132.jpg,63.0,60.65118998644473,2.3488100135552727,validation
img14133,7426,images/img14133.jpg,63.0,63.6592980492868,0.6592980492868037,validation
img14154,7438,images/img14154.jpg,47.0,43.58919341973144,3.410806580268563,validation
img14155,7438,images/img14155.jpg,47.0,40.58881178649982,6.411188213500182,validation
img14173,7448,images/img14173.jpg,57.0,57.68499680905738,0.684996809057381,validation
img14174,7448,images/img14174.jpg,57.0,52.780798708256455,4.219201291743545,validation
img14183,7453,images/img14183.jpg,31.0,49.523247863162936,18.523247863162936,validation
img14184,7453,images/img14184.jpg,31.0,49.73168369314487,18.731683693144863,validation
img14203,7463,images/img14203.jpg,34.0,56.79131149485392,22.79131149485392,validation
img14204,7463,images/img14204.jpg,34.0,25.140231030304363,8.859768969695637,validation
img14231,7477,images/img14231.jpg,53.0,44.95970683876273,8.040293161237273,validation
img14232,7477,images/img14232.jpg,53.0,61.434597272461616,8.434597272461616,validation
img14269,7496,images/img14269.jpg,88.0,75.37854842758018,12.621451572419817,validation
img14270,7496,images/img14270.jpg,88.0,81.25009616997714,6.749903830022859,validation
img14321,7521,images/img14321.jpg,68.0,62.268025405974285,5.731974594025715,validation
img14322,7521,images/img14322.jpg,68.0,67.77965916356035,0.2203408364396466,validation
img14346,7534,images/img14346.jpg,67.0,72.76289380241903,5.762893802419029,validation
img14347,7534,images/img14347.jpg,67.0,69.26841656570495,2.2684165657049533,validation
img14350,7536,images/img14350.jpg,79.0,85.58352548204552,6.583525482045516,validation
img14351,7536,images/img14351.jpg,79.0,73.69201972956981,5.307980270430193,validation
img14362,7542,images/img14362.jpg,87.0,81.02794973094053,5.972050269059466,validation
img14372,7547,images/img14372.jpg,47.0,51.60125335721176,4.60125335721176,validation
img14373,7547,images/img14373.jpg,47.0,53.08550326643801,6.08550326643801,validation
img14374,7548,images/img14374.jpg,53.0,50.97208347041856,2.0279165295814394,validation
img14375,7548,images/img14375.jpg,53.0,57.14045447470517,4.140454474705173,validation
img14394,7559,images/img14394.jpg,89.0,80.86500816985345,8.134991830146546,validation
img14395,7559,images/img14395.jpg,89.0,82.74165207849205,6.258347921507948,validation
img14426,7575,images/img14426.jpg,61.0,60.57205365753238,0.4279463424676208,validation
img14427,7575,images/img14427.jpg,61.0,72.22591539672281,11.225915396722812,validation
img14429,7576,images/img14429.jpg,59.0,62.875574486244425,3.875574486244425,validation
img14440,7582,images/img14440.jpg,64.0,60.44463818598528,3.5553618140147165,validation
img14441,7582,images/img14441.jpg,64.0,63.900465824880136,0.0995341751198637,validation
img14456,7590,images/img14456.jpg,91.0,85.71951587811972,5.280484121880278,validation
img14457,7590,images/img14457.jpg,91.0,75.72352159476831,15.276478405231686,validation
img14504,7614,images/img14504.jpg,67.0,70.994450445419,3.994450445419005,validation
img14505,7614,images/img14505.jpg,67.0,70.36933981065633,3.369339810656328,validation
img14645,7685,images/img14645.jpg,63.0,55.61125342057955,7.388746579420449,validation
img14646,7685,images/img14646.jpg,63.0,49.43809354588296,13.561906454117045,validation
img14649,7687,images/img14649.jpg,46.0,43.37687556191431,2.6231244380856893,validation
img14650,7687,images/img14650.jpg,46.0,56.11232334145283,10.112323341452829,validation
img14659,7692,images/img14659.jpg,53.0,67.02231310444326,14.022313104443256,validation
img14660,7692,images/img14660.jpg,53.0,47.300649783252,5.699350216748002,validation
img14675,7700,images/img14675.jpg,57.0,61.37098251122746,4.37098251122746,validation
img14676,7700,images/img14676.jpg,57.0,63.03169373376975,6.03169373376975,validation
img14679,7702,images/img14679.jpg,77.0,76.84021724779738,0.1597827522026165,validation
img14680,7702,images/img14680.jpg,77.0,74.62504677023836,2.374953229761644,validation
img14681,7703,images/img14681.jpg,58.0,63.61184940649655,5.611849406496553,validation
img14682,7703,images/img14682.jpg,58.0,59.75289288970029,1.7528928897002911,validation
img14689,7707,images/img14689.jpg,66.0,65.19198196782925,0.8080180321707502,validation
img14690,7707,images/img14690.jpg,66.0,84.03767680496995,18.037676804969948,validation
img14729,7728,images/img14729.jpg,87.0,73.27546216541057,13.724537834589428,validation
img14730,7728,images/img14730.jpg,87.0,78.36308676305597,8.636913236944025,validation
img14778,7753,images/img14778.jpg,60.0,69.55246823412247,9.552468234122472,validation
img14779,7753,images/img14779.jpg,60.0,55.35028847543295,4.649711524567053,validation
img14811,7770,images/img14811.jpg,79.0,54.19862171724783,24.801378282752168,validation
img14854,7793,images/img14854.jpg,66.0,62.27271939327663,3.727280606723369,validation
img14855,7793,images/img14855.jpg,66.0,66.59189933473657,0.5918993347365671,validation
img14915,7823,images/img14915.jpg,67.0,60.0427809598484,6.9572190401516,validation
img14916,7823,images/img14916.jpg,67.0,56.34879617545969,10.65120382454031,validation
img14931,7831,images/img14931.jpg,73.0,72.81910386412038,0.180896135879621,validation
img14937,7834,images/img14937.jpg,69.0,64.54832768387936,4.451672316120636,validation
img14938,7834,images/img14938.jpg,69.0,66.56069533434137,2.439304665658625,validation
img14959,7845,images/img14959.jpg,63.0,69.6357494279843,6.635749427984294,validation
img14960,7845,images/img14960.jpg,63.0,60.772151225451104,2.227848774548896,validation
img14989,7861,images/img14989.jpg,60.0,61.41060384294222,1.4106038429422227,validation
img14990,7861,images/img14990.jpg,60.0,59.29319636620192,0.7068036337980814,validation
img14999,7866,images/img14999.jpg,68.0,55.784586045216784,12.215413954783216,validation
img15000,7866,images/img15000.jpg,68.0,52.38883059221808,15.611169407781922,validation
img15005,7869,images/img15005.jpg,49.0,61.945810006685306,12.945810006685306,validation
img15006,7869,images/img15006.jpg,49.0,55.44519298630757,6.445192986307568,validation
img15007,7870,images/img15007.jpg,61.0,47.72159487318199,13.278405126818008,validation
img15008,7870,images/img15008.jpg,61.0,57.78395484625774,3.2160451537422574,validation
img15021,7877,images/img15021.jpg,57.0,56.293674065828114,0.7063259341718862,validation
img15022,7877,images/img15022.jpg,57.0,61.43031662651328,4.4303166265132745,validation
img15027,7880,images/img15027.jpg,59.0,59.50470853556188,0.5047085355618819,validation
img15028,7880,images/img15028.jpg,59.0,60.87724680918779,1.8772468091877883,validation
img15053,7893,images/img15053.jpg,74.0,54.89028903488688,19.10971096511312,validation
img15054,7893,images/img15054.jpg,74.0,72.73567434723971,1.2643256527602915,validation
img15064,7899,images/img15064.jpg,64.0,54.87720116438927,9.12279883561073,validation
img15065,7899,images/img15065.jpg,64.0,65.51138086567579,1.5113808656757897,validation
img15072,7903,images/img15072.jpg,64.0,77.06628115950826,13.066281159508264,validation
img15073,7903,images/img15073.jpg,64.0,77.03310915258726,13.033109152587258,validation
img15082,7908,images/img15082.jpg,54.0,80.81184091125934,26.81184091125934,validation
img15083,7908,images/img15083.jpg,54.0,84.51416668423734,30.51416668423734,validation
img15098,7917,images/img15098.jpg,58.0,59.02725646524024,1.0272564652402425,validation
img15099,7917,images/img15099.jpg,58.0,55.63344298044326,2.366557019556737,validation
img15110,7923,images/img15110.jpg,73.0,74.66432837680333,1.6643283768033257,validation
img15111,7923,images/img15111.jpg,73.0,76.75364241042881,3.75364241042881,validation
img15140,7938,images/img15140.jpg,42.0,40.13510803100283,1.8648919689971704,validation
img15141,7938,images/img15141.jpg,42.0,42.69169737634982,0.691697376349822,validation
img15174,7957,images/img15174.jpg,57.0,56.7337697296511,0.266230270348899,validation
img15175,7957,images/img15175.jpg,57.0,61.69521608512216,4.695216085122155,validation
img15188,7964,images/img15188.jpg,39.0,58.17973355514797,19.17973355514797,validation
img15189,7964,images/img15189.jpg,39.0,64.52694572104107,25.526945721041077,validation
img15190,7965,images/img15190.jpg,75.0,69.61407245502394,5.385927544976056,validation
img15191,7965,images/img15191.jpg,75.0,68.51500324780817,6.484996752191833,validation
img15192,7966,images/img15192.jpg,71.0,45.00189274090999,25.998107259090013,validation
img15193,7966,images/img15193.jpg,71.0,48.73719475623631,22.262805243763687,validation
img15211,7977,images/img15211.jpg,58.0,68.74260055778741,10.742600557787412,validation
img15212,7978,images/img15212.jpg,47.0,48.71764283770409,1.7176428377040909,validation
img15213,7978,images/img15213.jpg,47.0,44.781793377655546,2.2182066223444536,validation
img15226,7985,images/img15226.jpg,65.0,73.61318386383167,8.613183863831665,validation
img15227,7985,images/img15227.jpg,65.0,71.29821271618671,6.298212716186711,validation
img15246,7995,images/img15246.jpg,78.0,55.80244738125202,22.197552618747977,validation
img15247,7995,images/img15247.jpg,78.0,62.38348287943205,15.616517120567948,validation
img15257,8001,images/img15257.jpg,40.0,33.65123051750398,6.348769482496017,validation
img15258,8001,images/img15258.jpg,40.0,42.324013337511154,2.324013337511154,validation
img15271,8008,images/img15271.jpg,77.0,76.37714623929394,0.6228537607060645,validation
img15272,8008,images/img15272.jpg,77.0,70.14723917725789,6.852760822742113,validation
img15283,8014,images/img15283.jpg,76.0,65.69371348025626,10.306286519743736,validation
img15284,8014,images/img15284.jpg,76.0,67.55940166179317,8.440598338206826,validation
img15300,8023,images/img15300.jpg,64.0,58.92819659229073,5.071803407709268,validation
img15301,8023,images/img15301.jpg,64.0,68.27155500580007,4.271555005800067,validation
img15340,8045,images/img15340.jpg,64.0,64.95486199285689,0.9548619928568912,validation
img15341,8045,images/img15341.jpg,64.0,62.771283227701865,1.2287167722981351,validation
img15375,8063,images/img15375.jpg,54.0,72.28085053482833,18.28085053482833,validation
img15376,8063,images/img15376.jpg,54.0,65.26245121563294,11.262451215632936,validation
img15381,8066,images/img15381.jpg,54.0,51.0113868891922,2.9886131108078047,validation
img15388,8070,images/img15388.jpg,62.0,84.72781290556149,22.727812905561493,validation
img15389,8070,images/img15389.jpg,62.0,78.04255635688551,16.042556356885513,validation
img15404,8078,images/img15404.jpg,58.0,61.89131329397373,3.891313293973731,validation
img15405,8078,images/img15405.jpg,58.0,56.20750568533518,1.7924943146648218,validation
img15410,8081,images/img15410.jpg,51.0,51.066740821703874,0.066740821703874,validation
img15411,8081,images/img15411.jpg,51.0,52.66592253015932,1.665922530159321,validation
img15412,8082,images/img15412.jpg,53.0,48.2974715358761,4.702528464123901,validation
img15413,8082,images/img15413.jpg,53.0,54.69786609258307,1.6978660925830695,validation
img15422,8088,images/img15422.jpg,72.0,67.09570573351178,4.904294266488222,validation
img15423,8088,images/img15423.jpg,72.0,69.28420642354958,2.715793576450423,validation
img15424,8089,images/img15424.jpg,68.0,66.30283576607557,1.6971642339244255,validation
img15425,8089,images/img15425.jpg,68.0,65.33391891728775,2.666081082712253,validation
img15428,8091,images/img15428.jpg,71.0,55.66058472962926,15.339415270370743,validation
img15429,8091,images/img15429.jpg,71.0,59.99188217095431,11.008117829045696,validation
img15446,8100,images/img15446.jpg,87.0,83.12023131555338,3.879768684446617,validation
img15447,8100,images/img15447.jpg,87.0,82.87310989760795,4.126890102392053,validation
img15476,8115,images/img15476.jpg,53.0,56.194094585170575,3.194094585170575,validation
img15477,8115,images/img15477.jpg,53.0,54.95035576773086,1.950355767730862,validation
img15505,8130,images/img15505.jpg,45.0,43.11173071595808,1.8882692840419253,validation
img15506,8130,images/img15506.jpg,45.0,45.80888665875488,0.8088866587548793,validation
img15511,8133,images/img15511.jpg,71.0,77.00083580866281,6.0008358086628135,validation
img15512,8133,images/img15512.jpg,71.0,44.86840965822056,26.13159034177944,validation
img15513,8134,images/img15513.jpg,57.0,63.94254648312064,6.942546483120637,validation
img15514,8134,images/img15514.jpg,57.0,46.74145018998952,10.25854981001048,validation
img15523,8139,images/img15523.jpg,91.0,78.51958281648578,12.48041718351422,validation
img15524,8139,images/img15524.jpg,91.0,80.39584501147294,10.604154988527055,validation
img15554,8155,images/img15554.jpg,59.0,71.00879415382988,12.008794153829882,validation
img15555,8155,images/img15555.jpg,59.0,54.252597663477786,4.747402336522214,validation
img15585,8171,images/img15585.jpg,64.0,63.53628973449825,0.4637102655017528,validation
img15586,8171,images/img15586.jpg,64.0,64.82398219727031,0.8239821972703112,validation
img15587,8172,images/img15587.jpg,77.0,77.7643983472463,0.7643983472462992,validation
img15588,8172,images/img15588.jpg,77.0,69.04001438522637,7.959985614773629,validation
img15598,8178,images/img15598.jpg,72.0,77.1572206198285,5.157220619828493,validation
img15599,8178,images/img15599.jpg,72.0,77.8677467730698,5.867746773069797,validation
img15608,8183,images/img15608.jpg,65.0,65.81784566909572,0.8178456690957177,validation
img15609,8183,images/img15609.jpg,65.0,66.29213905895165,1.2921390589516475,validation
img15612,8185,images/img15612.jpg,76.0,75.62709854519247,0.3729014548075327,validation
img15617,8188,images/img15617.jpg,43.0,52.16620592050673,9.166205920506728,validation
img15618,8188,images/img15618.jpg,43.0,50.522766150081885,7.522766150081885,validation
img15621,8190,images/img15621.jpg,51.0,68.81580233003022,17.815802330030223,validation
img15622,8190,images/img15622.jpg,51.0,42.2686801265977,8.731319873402299,validation
img15636,8198,images/img15636.jpg,71.0,65.98976295404391,5.010237045956089,validation
img15637,8198,images/img15637.jpg,71.0,69.5647725010242,1.4352274989758058,validation
img15640,8200,images/img15640.jpg,60.0,66.13360792645442,6.133607926454417,validation
img15641,8200,images/img15641.jpg,60.0,66.27442318308287,6.274423183082874,validation
img15734,8249,images/img15734.jpg,68.0,71.64838591391795,3.6483859139179486,validation
img15735,8249,images/img15735.jpg,68.0,64.00272091374485,3.997279086255148,validation
img15751,8259,images/img15751.jpg,76.0,56.0170316638746,19.982968336125403,validation
img15752,8259,images/img15752.jpg,76.0,65.40671389183916,10.59328610816084,validation
img15771,8270,images/img15771.jpg,45.0,55.49162572547976,10.491625725479755,validation
img15772,8270,images/img15772.jpg,45.0,48.28985907505585,3.289859075055851,validation
img15788,8279,images/img15788.jpg,74.0,78.11783465139217,4.117834651392172,validation
img15789,8279,images/img15789.jpg,74.0,78.66513350361303,4.665133503613035,validation
img15798,8284,images/img15798.jpg,58.0,67.66764147540732,9.667641475407322,validation
img15799,8284,images/img15799.jpg,58.0,56.48213802409808,1.5178619759019227,validation
img15802,8286,images/img15802.jpg,59.0,57.05559966631528,1.944400333684726,validation
img15803,8286,images/img15803.jpg,59.0,62.57514130382254,3.575141303822541,validation
img15812,8291,images/img15812.jpg,70.0,70.83985532597339,0.8398553259733887,validation
img15813,8291,images/img15813.jpg,70.0,77.84280451247395,7.842804512473947,validation
img15814,8292,images/img15814.jpg,48.0,68.78949571578308,20.78949571578308,validation
img15815,8292,images/img15815.jpg,48.0,68.25524492677904,20.25524492677904,validation
img15816,8293,images/img15816.jpg,68.0,63.75800429180351,4.241995708196491,validation
img15817,8293,images/img15817.jpg,68.0,65.50483611246915,2.4951638875308504,validation
img15818,8294,images/img15818.jpg,73.0,76.29282678430019,3.292826784300189,validation
img15819,8294,images/img15819.jpg,73.0,77.37812812541357,4.378128125413568,validation
img15829,8300,images/img15829.jpg,15.0,15.353010120863807,0.3530101208638072,validation
img15830,8300,images/img15830.jpg,15.0,18.57206896134561,3.5720689613456145,validation
img15886,8330,images/img15886.jpg,71.0,68.96046962270698,2.039530377293019,validation
img15887,8330,images/img15887.jpg,71.0,69.33996715375265,1.660032846247347,validation
img15917,8346,images/img15917.jpg,60.0,62.23798999465774,2.237989994657738,validation
img15918,8346,images/img15918.jpg,60.0,51.7874271017362,8.2125728982638,validation
img15962,8369,images/img15962.jpg,73.0,60.58833210885086,12.411667891149143,validation
img15963,8369,images/img15963.jpg,73.0,71.96879417171995,1.0312058282800507,validation
img15971,8373,images/img15971.jpg,75.0,75.73941615121447,0.7394161512144706,validation
img15972,8373,images/img15972.jpg,75.0,73.64382347332794,1.3561765266720585,validation
img15975,8375,images/img15975.jpg,73.0,76.45054868385635,3.450548683856354,validation
img15977,8377,images/img15977.jpg,67.0,63.99516952710884,3.004830472891165,validation
img15978,8377,images/img15978.jpg,67.0,65.65745613642116,1.3425438635788396,validation
img15985,8381,images/img15985.jpg,89.0,81.57334655856675,7.426653441433245,validation
img15986,8381,images/img15986.jpg,89.0,79.53600774633244,9.463992253667556,validation
img15991,8384,images/img15991.jpg,73.0,71.11857936242717,1.8814206375728304,validation
img15992,8384,images/img15992.jpg,73.0,84.39455943808316,11.394559438083164,validation
img15994,8386,images/img15994.jpg,70.0,69.64770033710582,0.3522996628941826,validation
img15995,8386,images/img15995.jpg,70.0,75.00542660512407,5.005426605124072,validation
img16010,8395,images/img16010.jpg,54.0,62.02679328436543,8.026793284365425,validation
img16011,8395,images/img16011.jpg,54.0,60.295309079013954,6.295309079013954,validation
img16045,8413,images/img16045.jpg,59.0,71.2457227266713,12.245722726671303,validation
img16046,8413,images/img16046.jpg,59.0,69.49912647785912,10.499126477859122,validation
img16053,8417,images/img16053.jpg,43.0,42.40848656857591,0.5915134314240902,validation
img16054,8417,images/img16054.jpg,43.0,42.98009185551035,0.0199081444896478,validation
img16069,8425,images/img16069.jpg,65.0,59.95374516003845,5.046254839961556,validation
img16070,8425,images/img16070.jpg,65.0,68.87169066165393,3.871690661653929,validation
img16096,8439,images/img16096.jpg,80.0,77.46068733516893,2.5393126648310727,validation
img16097,8439,images/img16097.jpg,80.0,86.13660238833882,6.136602388338815,validation
img16100,8441,images/img16100.jpg,80.0,81.41887904054175,1.4188790405417535,validation
img16101,8441,images/img16101.jpg,80.0,86.13189095126955,6.131890951269554,validation
img16138,8460,images/img16138.jpg,67.0,63.81698232278305,3.1830176772169523,validation
img16139,8460,images/img16139.jpg,67.0,62.16508268723176,4.8349173127682405,validation
img16142,8462,images/img16142.jpg,62.0,56.362073948498896,5.637926051501104,validation
img16143,8462,images/img16143.jpg,62.0,66.2007022802741,4.2007022802741005,validation
img16158,8470,images/img16158.jpg,48.0,54.96772510213465,6.967725102134651,validation
img16167,8475,images/img16167.jpg,45.0,45.73894799292671,0.7389479929267111,validation
img16168,8475,images/img16168.jpg,45.0,44.06194250521467,0.9380574947853332,validation
img16179,8481,images/img16179.jpg,62.0,62.390126878188056,0.390126878188056,validation
img16180,8481,images/img16180.jpg,62.0,61.11055401008744,0.8894459899125664,validation
img16183,8483,images/img16183.jpg,79.0,81.51139116110595,2.511391161105948,validation
img16184,8483,images/img16184.jpg,79.0,73.7887677810546,5.211232218945398,validation
img16207,8495,images/img16207.jpg,49.0,52.110482271058366,3.110482271058366,validation
img16208,8495,images/img16208.jpg,49.0,54.89705191018005,5.897051910180053,validation
img16211,8497,images/img16211.jpg,49.0,54.35275305460695,5.35275305460695,validation
img16233,8508,images/img16233.jpg,19.0,21.471866866200628,2.471866866200628,validation
img16234,8508,images/img16234.jpg,19.0,20.17299346527252,1.1729934652725191,validation
img16241,8512,images/img16241.jpg,22.0,29.92651887478439,7.926518874784389,validation
img16242,8512,images/img16242.jpg,22.0,26.910189245195404,4.910189245195404,validation
img00003,2,images/img00003.jpg,18.0,23.011287485385864,5.011287485385864,test
img00004,2,images/img00004.jpg,18.0,22.016112009209927,4.016112009209927,test
img00009,5,images/img00009.jpg,23.0,21.83780374712612,1.1621962528738834,test
img00010,5,images/img00010.jpg,23.0,26.47374439979588,3.47374439979588,test
img00051,26,images/img00051.jpg,13.0,18.87938116907176,5.879381169071756,test
img00052,26,images/img00052.jpg,13.0,18.935739553791947,5.935739553791947,test
img00068,35,images/img00068.jpg,20.0,23.61375377573441,3.613753775734409,test
img00069,35,images/img00069.jpg,20.0,26.21455864924392,6.214558649243916,test
img00110,56,images/img00110.jpg,15.0,20.55991587214401,5.5599158721440105,test
img00111,56,images/img00111.jpg,15.0,21.012656618628935,6.012656618628938,test
img00128,65,images/img00128.jpg,30.0,35.120719014523644,5.120719014523644,test
img00129,65,images/img00129.jpg,30.0,32.03471246561034,2.0347124656103404,test
img00156,79,images/img00156.jpg,20.0,31.13597748877717,11.135977488777172,test
img00157,79,images/img00157.jpg,20.0,30.131959343212905,10.131959343212904,test
img00164,83,images/img00164.jpg,22.0,20.990984008110324,1.009015991889676,test
img00165,83,images/img00165.jpg,22.0,21.46065320973161,0.5393467902683895,test
img00217,110,images/img00217.jpg,22.0,26.549371689641013,4.5493716896410135,test
img00218,110,images/img00218.jpg,22.0,26.433180235362045,4.433180235362045,test
img00221,112,images/img00221.jpg,26.0,31.301425272638596,5.301425272638593,test
img00222,112,images/img00222.jpg,26.0,40.44649475930553,14.44649475930553,test
img00225,114,images/img00225.jpg,13.0,20.210174556144125,7.210174556144125,test
img00226,114,images/img00226.jpg,13.0,21.914879367625872,8.914879367625872,test
img00231,117,images/img00231.jpg,19.0,23.657744638147783,4.657744638147783,test
img00232,117,images/img00232.jpg,19.0,29.35417742580788,10.35417742580788,test
img00273,138,images/img00273.jpg,13.0,17.16724057565986,4.167240575659861,test
img00274,138,images/img00274.jpg,13.0,16.531231470843203,3.5312314708432027,test
img00287,145,images/img00287.jpg,15.0,20.76005597386961,5.760055973869612,test
img00288,145,images/img00288.jpg,15.0,21.95627021476769,6.956270214767692,test
img00291,147,images/img00291.jpg,10.0,16.804992139217767,6.804992139217767,test
img00292,147,images/img00292.jpg,10.0,18.031291959512306,8.031291959512302,test
img00293,148,images/img00293.jpg,19.0,23.23525088140336,4.23525088140336,test
img00294,148,images/img00294.jpg,19.0,24.07475916807833,5.07475916807833,test
img00299,151,images/img00299.jpg,23.0,35.74486664027425,12.744866640274251,test
img00300,151,images/img00300.jpg,23.0,30.8424353283743,7.8424353283743,test
img00305,154,images/img00305.jpg,28.0,27.10103298359267,0.8989670164073296,test
img00306,154,images/img00306.jpg,28.0,30.32738800786924,2.327388007869242,test
img00311,157,images/img00311.jpg,25.0,27.001634748756413,2.001634748756413,test
img00312,157,images/img00312.jpg,25.0,25.85826058332264,0.858260583322636,test
img00317,160,images/img00317.jpg,24.0,26.17106074274612,2.1710607427461177,test
img00318,160,images/img00318.jpg,24.0,29.36659293497373,5.366592934973731,test
img00344,174,images/img00344.jpg,76.0,76.28434401635465,0.2843440163546518,test
img00345,174,images/img00345.jpg,76.0,70.68665291605032,5.31334708394968,test
img00394,202,images/img00394.jpg,74.0,73.94263655395204,0.0573634460479581,test
img00395,202,images/img00395.jpg,74.0,58.96778684160817,15.032213158391832,test
img00424,218,images/img00424.jpg,38.0,45.20822314745159,7.208223147451591,test
img00425,218,images/img00425.jpg,38.0,34.83543277509631,3.164567224903692,test
img00427,220,images/img00427.jpg,49.0,57.86778352655678,8.867783526556778,test
img00428,220,images/img00428.jpg,49.0,60.58557450037178,11.585574500371775,test
img00441,227,images/img00441.jpg,41.0,42.13964019081109,1.1396401908110931,test
img00442,227,images/img00442.jpg,41.0,36.92870681520293,4.071293184797071,test
img00451,232,images/img00451.jpg,60.0,67.66978888734931,7.669788887349313,test
img00452,232,images/img00452.jpg,60.0,63.87976331234141,3.87976331234141,test
img00463,238,images/img00463.jpg,49.0,50.41042891307208,1.4104289130720815,test
img00464,238,images/img00464.jpg,49.0,49.40966623964942,0.4096662396494182,test
img00478,246,images/img00478.jpg,59.0,51.94438666459992,7.055613335400082,test
img00479,246,images/img00479.jpg,59.0,63.65610419663464,4.656104196634644,test
img00482,248,images/img00482.jpg,37.0,62.557149503514296,25.557149503514296,test
img00483,248,images/img00483.jpg,37.0,60.58592513162589,23.58592513162589,test
img00487,251,images/img00487.jpg,64.0,65.37342573490707,1.373425734907073,test
img00488,251,images/img00488.jpg,64.0,59.63968357332324,4.360316426676761,test
img00495,255,images/img00495.jpg,87.0,77.74733029397456,9.252669706025443,test
img00509,264,images/img00509.jpg,57.0,53.73288798337294,3.26711201662706,test
img00510,264,images/img00510.jpg,57.0,66.30439206716304,9.304392067163036,test
img00526,273,images/img00526.jpg,51.0,64.84543232326065,13.845432323260653,test
img00527,273,images/img00527.jpg,51.0,61.53445683551091,10.534456835510907,test
img00530,275,images/img00530.jpg,77.0,80.18289678082571,3.1828967808257147,test
img00531,275,images/img00531.jpg,77.0,83.09288534956389,6.092885349563886,test
img00546,283,images/img00546.jpg,53.0,56.42946958345062,3.4294695834506186,test
img00547,283,images/img00547.jpg,53.0,55.70328839907944,2.7032883990794403,test
img00575,298,images/img00575.jpg,75.0,74.96643728215506,0.0335627178449442,test
img00576,298,images/img00576.jpg,75.0,79.41270551203228,4.412705512032275,test
img00593,307,images/img00593.jpg,11.0,16.818131813710934,5.818131813710934,test
img00594,307,images/img00594.jpg,11.0,16.024263392423585,5.024263392423585,test
img00609,316,images/img00609.jpg,62.0,69.03230595068806,7.032305950688055,test
img00610,316,images/img00610.jpg,62.0,65.727157049175,3.7271570491750055,test
img00611,317,images/img00611.jpg,78.0,79.43975046954236,1.4397504695423606,test
img00635,329,images/img00635.jpg,68.0,70.61562036795816,2.615620367958158,test
img00636,329,images/img00636.jpg,68.0,67.09753577781785,0.9024642221821466,test
img00645,334,images/img00645.jpg,68.0,81.27458473663299,13.274584736632988,test
img00646,334,images/img00646.jpg,68.0,69.20067766111954,1.200677661119542,test
img00651,337,images/img00651.jpg,30.0,34.12779237705993,4.127792377059933,test
img00652,337,images/img00652.jpg,30.0,28.75778365434861,1.2422163456513893,test
img00655,339,images/img00655.jpg,52.0,45.95605253993296,6.043947460067045,test
img00656,339,images/img00656.jpg,52.0,52.85643145115375,0.8564314511537532,test
img00669,346,images/img00669.jpg,49.0,63.86269907620618,14.862699076206177,test
img00670,346,images/img00670.jpg,49.0,59.40818951226795,10.408189512267953,test
img00677,350,images/img00677.jpg,77.0,64.09427220651783,12.905727793482171,test
img00678,350,images/img00678.jpg,77.0,74.86340731457791,2.136592685422088,test
img00695,360,images/img00695.jpg,75.0,70.31295961372749,4.687040386272514,test
img00707,366,images/img00707.jpg,74.0,66.80950992498357,7.190490075016427,test
img00722,374,images/img00722.jpg,9.0,15.392507668294456,6.392507668294456,test
img00723,374,images/img00723.jpg,9.0,17.39092913784831,8.39092913784831,test
img00753,390,images/img00753.jpg,47.0,50.70289954872482,3.7028995487248224,test
img00754,390,images/img00754.jpg,47.0,52.35988142889249,5.359881428892493,test
img00784,406,images/img00784.jpg,78.0,50.50164320722136,27.498356792778644,test
img00785,406,images/img00785.jpg,78.0,76.32395062482857,1.6760493751714307,test
img00794,411,images/img00794.jpg,68.0,63.122169684656086,4.877830315343914,test
img00808,418,images/img00808.jpg,80.0,76.19161813614565,3.8083818638543514,test
img00809,418,images/img00809.jpg,80.0,77.83729038612623,2.1627096138737727,test
img00813,421,images/img00813.jpg,84.0,70.16533894799898,13.834661052001024,test
img00814,421,images/img00814.jpg,84.0,77.53824936792168,6.461750632078321,test
img00821,425,images/img00821.jpg,57.0,56.66701646424424,0.3329835357557655,test
img00822,425,images/img00822.jpg,57.0,52.94265456665778,4.0573454333422205,test
img00860,446,images/img00860.jpg,69.0,68.09364154469289,0.9063584553071138,test
img00861,446,images/img00861.jpg,69.0,64.47435866719715,4.525641332802849,test
img00896,464,images/img00896.jpg,77.0,71.27071842717835,5.729281572821648,test
img00897,464,images/img00897.jpg,77.0,67.91148669961294,9.088513300387064,test
img00898,465,images/img00898.jpg,84.0,82.5514190819371,1.448580918062902,test
img00899,465,images/img00899.jpg,84.0,68.6749216367758,15.325078363224192,test
img00910,471,images/img00910.jpg,54.0,62.57993399136904,8.579933991369039,test
img00911,471,images/img00911.jpg,54.0,70.25006738190498,16.250067381904984,test
img00927,480,images/img00927.jpg,62.0,68.99002298421229,6.990022984212288,test
img00928,480,images/img00928.jpg,62.0,58.92485468927233,3.0751453107276703,test
img00929,481,images/img00929.jpg,65.0,60.66823241037131,4.33176758962869,test
img00934,484,images/img00934.jpg,59.0,59.65957576231047,0.6595757623104674,test
img00935,484,images/img00935.jpg,59.0,60.69123120317608,1.6912312031760806,test
img00982,509,images/img00982.jpg,73.0,55.56806115765552,17.43193884234448,test
img00983,509,images/img00983.jpg,73.0,59.041998246459045,13.958001753540955,test
img01004,520,images/img01004.jpg,43.0,43.40548990783705,0.4054899078370511,test
img01009,523,images/img01009.jpg,88.0,83.06717529922341,4.932824700776592,test
img01022,531,images/img01022.jpg,46.0,57.279081148847816,11.279081148847816,test
img01023,531,images/img01023.jpg,46.0,55.56498004685684,9.56498004685684,test
img01047,544,images/img01047.jpg,78.0,79.18943356302911,1.1894335630291124,test
img01056,549,images/img01056.jpg,78.0,76.62387721870446,1.3761227812955354,test
img01057,549,images/img01057.jpg,78.0,75.11480174419867,2.885198255801328,test
img01145,596,images/img01145.jpg,77.0,68.31937609205308,8.680623907946924,test
img01146,596,images/img01146.jpg,77.0,76.5710349620193,0.4289650379807028,test
img01194,622,images/img01194.jpg,61.0,65.72872970941896,4.728729709418957,test
img01195,622,images/img01195.jpg,61.0,69.48684620438692,8.486846204386921,test
img01196,623,images/img01196.jpg,68.0,70.66194404608707,2.661944046087072,test
img01267,661,images/img01267.jpg,29.0,35.471378624507864,6.471378624507864,test
img01268,661,images/img01268.jpg,29.0,39.39080021960865,10.39080021960865,test
img01308,684,images/img01308.jpg,55.0,60.19798136808418,5.197981368084179,test
img01309,684,images/img01309.jpg,55.0,63.6121678647429,8.6121678647429,test
img01341,701,images/img01341.jpg,61.0,75.84069896087844,14.84069896087844,test
img01354,708,images/img01354.jpg,63.0,56.36912072332033,6.630879276679671,test
img01355,708,images/img01355.jpg,63.0,70.91969019086787,7.919690190867868,test
img01393,728,images/img01393.jpg,65.0,76.86454440410918,11.864544404109182,test
img01396,730,images/img01396.jpg,76.0,78.20567459686268,2.2056745968626785,test
img01397,730,images/img01397.jpg,76.0,76.25914219047581,0.2591421904758135,test
img01405,735,images/img01405.jpg,72.0,74.16107164568619,2.1610716456861923,test
img01406,735,images/img01406.jpg,72.0,76.79063591630599,4.790635916305988,test
img01473,772,images/img01473.jpg,91.0,86.77573282021386,4.224267179786139,test
img01474,772,images/img01474.jpg,91.0,84.43039253445994,6.569607465540059,test
img01479,775,images/img01479.jpg,43.0,53.18762639144037,10.187626391440368,test
img01480,775,images/img01480.jpg,43.0,62.90830097880367,19.908300978803663,test
img01535,804,images/img01535.jpg,43.0,37.3453854371202,5.6546145628798,test
img01536,804,images/img01536.jpg,43.0,40.368773497429615,2.631226502570385,test
img01541,807,images/img01541.jpg,43.0,54.1876245469497,11.1876245469497,test
img01542,807,images/img01542.jpg,43.0,41.82962108799099,1.1703789120090065,test
img01551,812,images/img01551.jpg,19.0,31.6421385154766,12.642138515476596,test
img01552,812,images/img01552.jpg,19.0,42.09394034184968,23.093940341849677,test
img01586,830,images/img01586.jpg,44.0,47.98772344974852,3.987723449748522,test
img01587,830,images/img01587.jpg,44.0,49.52995729854491,5.529957298544908,test
img01620,848,images/img01620.jpg,49.0,45.5098478217712,3.490152178228797,test
img01621,848,images/img01621.jpg,49.0,48.31777106785994,0.6822289321400632,test
img01637,857,images/img01637.jpg,60.0,55.049020839703736,4.950979160296264,test
img01643,860,images/img01643.jpg,80.0,73.1793324900411,6.820667509958895,test
img01644,860,images/img01644.jpg,80.0,76.17492525286275,3.8250747471372506,test
img01700,892,images/img01700.jpg,31.0,32.668420382414,1.6684203824139985,test
img01701,892,images/img01701.jpg,31.0,26.99719814551619,4.00280185448381,test
img01704,894,images/img01704.jpg,28.0,53.67626948806455,25.67626948806455,test
img01720,902,images/img01720.jpg,8.0,13.120670163262773,5.120670163262773,test
img01721,902,images/img01721.jpg,8.0,54.68855418805608,46.68855418805608,test
img01728,906,images/img01728.jpg,28.0,32.26189316240429,4.261893162404292,test
img01729,906,images/img01729.jpg,28.0,37.36723690774977,9.36723690774977,test
img01744,915,images/img01744.jpg,58.0,47.25028212163863,10.749717878361372,test
img01745,915,images/img01745.jpg,58.0,47.00119651430389,10.998803485696108,test
img01757,923,images/img01757.jpg,35.0,35.37326949120306,0.3732694912030609,test
img01778,935,images/img01778.jpg,59.0,70.6163456238959,11.616345623895896,test
img01779,935,images/img01779.jpg,59.0,66.30769116372196,7.307691163721955,test
img01782,937,images/img01782.jpg,84.0,80.74532239974812,3.254677600251881,test
img01783,937,images/img01783.jpg,84.0,79.65277068047814,4.347229319521858,test
img01808,950,images/img01808.jpg,71.0,85.94316735955346,14.943167359553456,test
img01819,957,images/img01819.jpg,25.0,35.69997493364347,10.699974933643468,test
img01820,957,images/img01820.jpg,25.0,34.14424968848937,9.144249688489367,test
img01823,959,images/img01823.jpg,32.0,44.469065198520624,12.469065198520624,test
img01838,967,images/img01838.jpg,25.0,28.314958737917795,3.314958737917795,test
img01842,969,images/img01842.jpg,82.0,76.48930461619278,5.510695383807217,test
img01843,969,images/img01843.jpg,82.0,73.99446890537654,8.005531094623464,test
img01894,999,images/img01894.jpg,54.0,46.55946984257881,7.440530157421193,test
img01895,999,images/img01895.jpg,54.0,52.09725534773058,1.9027446522694191,test
img01958,1033,images/img01958.jpg,47.0,67.65889150790578,20.65889150790578,test
img01959,1033,images/img01959.jpg,47.0,54.27382366902421,7.27382366902421,test
img01963,1036,images/img01963.jpg,34.0,61.31116634613039,27.311166346130392,test
img01964,1036,images/img01964.jpg,34.0,41.641317381291486,7.641317381291486,test
img01965,1037,images/img01965.jpg,59.0,49.88757718431062,9.112422815689378,test
img02032,1072,images/img02032.jpg,78.0,60.02651014280296,17.973489857197045,test
img02041,1077,images/img02041.jpg,60.0,64.55216390607639,4.552163906076387,test
img02042,1077,images/img02042.jpg,60.0,62.70775080755537,2.707750807555371,test
img02050,1082,images/img02050.jpg,56.0,56.804048120629055,0.8040481206290551,test
img02051,1082,images/img02051.jpg,56.0,48.69463586532108,7.305364134678925,test
img02059,1087,images/img02059.jpg,62.0,59.49968136677235,2.50031863322765,test
img02075,1096,images/img02075.jpg,64.0,79.69557495874075,15.69557495874075,test
img02091,1105,images/img02091.jpg,71.0,71.00995347271984,0.0099534727198431,test
img02092,1105,images/img02092.jpg,71.0,70.86058673968859,0.1394132603114144,test
img02099,1109,images/img02099.jpg,52.0,56.59118448045352,4.591184480453521,test
img02100,1109,images/img02100.jpg,54.0,63.825360937432265,9.825360937432263,test
img02114,1117,images/img02114.jpg,42.0,41.29175710662342,0.7082428933765783,test
img02115,1117,images/img02115.jpg,42.0,49.12044725900177,7.120447259001772,test
img02167,1144,images/img02167.jpg,40.0,61.38071784525496,21.38071784525496,test
img02217,1170,images/img02217.jpg,56.0,59.2087814827953,3.2087814827953025,test
img02218,1170,images/img02218.jpg,56.0,62.60409155775856,6.604091557758558,test
img02259,1192,images/img02259.jpg,38.0,32.600486258561126,5.399513741438874,test
img02260,1192,images/img02260.jpg,38.0,36.69280123494737,1.3071987650526324,test
img02261,1193,images/img02261.jpg,42.0,48.76842656719754,6.768426567197537,test
img02262,1193,images/img02262.jpg,42.0,40.360614640782586,1.639385359217414,test
img02275,1200,images/img02275.jpg,33.0,51.65480232945732,18.65480232945732,test
img02276,1200,images/img02276.jpg,33.0,52.597055934386496,19.597055934386496,test
img02284,1205,images/img02284.jpg,36.0,40.18376452484729,4.183764524847291,test
img02285,1205,images/img02285.jpg,36.0,38.888588293286034,2.888588293286034,test
img02303,1215,images/img02303.jpg,47.0,55.76028097376624,8.760280973766243,test
img02311,1219,images/img02311.jpg,31.0,35.459938121068845,4.459938121068845,test
img02312,1219,images/img02312.jpg,31.0,37.59637197843912,6.596371978439123,test
img02314,1221,images/img02314.jpg,17.0,31.02445166592929,14.024451665929297,test
img02315,1221,images/img02315.jpg,17.0,27.052738572411855,10.052738572411858,test
img02321,1225,images/img02321.jpg,51.0,57.50567536988159,6.505675369881587,test
img02322,1225,images/img02322.jpg,51.0,52.65019974485631,1.6501997448563088,test
img02381,1255,images/img02381.jpg,28.0,33.31022280984915,5.310222809849151,test
img02382,1255,images/img02382.jpg,28.0,29.68808307832497,1.6880830783249683,test
img02390,1260,images/img02390.jpg,63.0,68.12745046810657,5.127450468106574,test
img02391,1260,images/img02391.jpg,63.0,51.90710523756851,11.092894762431492,test
img02414,1272,images/img02414.jpg,60.0,63.42421097216099,3.424210972160992,test
img02415,1272,images/img02415.jpg,60.0,54.48583561061496,5.514164389385037,test
img02444,1287,images/img02444.jpg,34.0,36.9563952328683,2.956395232868303,test
img02473,1302,images/img02473.jpg,78.0,81.02831181360419,3.0283118136041907,test
img02474,1302,images/img02474.jpg,78.0,79.43506956956521,1.435069569565215,test
img02525,1329,images/img02525.jpg,59.0,68.70554815894687,9.705548158946868,test
img02526,1329,images/img02526.jpg,59.0,63.56337286337348,4.5633728633734805,test
img02552,1343,images/img02552.jpg,82.0,78.265045247598,3.734954752402004,test
img02563,1349,images/img02563.jpg,68.0,70.03074998633079,2.0307499863307896,test
img02564,1349,images/img02564.jpg,68.0,71.15087997161244,3.15087997161244,test
img02567,1351,images/img02567.jpg,79.0,78.81396256570098,0.186037434299024,test
img02568,1351,images/img02568.jpg,79.0,74.94248311461124,4.057516885388765,test
img02584,1360,images/img02584.jpg,78.0,80.40134168805375,2.401341688053748,test
img02628,1384,images/img02628.jpg,74.0,75.12765567875847,1.1276556787584724,test
img02629,1384,images/img02629.jpg,74.0,76.38616776879323,2.386167768793229,test
img02632,1386,images/img02632.jpg,51.0,61.02165726310764,10.021657263107642,test
img02633,1386,images/img02633.jpg,51.0,65.2233244757494,14.223324475749394,test
img02691,1419,images/img02691.jpg,42.0,56.86062776294078,14.86062776294078,test
img02713,1430,images/img02713.jpg,49.0,48.42620937257284,0.573790627427158,test
img02714,1430,images/img02714.jpg,49.0,48.74558482229507,0.2544151777049279,test
img02737,1444,images/img02737.jpg,60.0,72.98636860496268,12.986368604962678,test
img02748,1450,images/img02748.jpg,61.0,72.9478646036362,11.947864603636203,test
img02749,1450,images/img02749.jpg,61.0,57.48438467750388,3.5156153224961173,test
img02780,1468,images/img02780.jpg,75.0,73.64661652664608,1.3533834733539152,test
img02781,1468,images/img02781.jpg,75.0,77.4411021530185,2.4411021530185053,test
img02813,1485,images/img02813.jpg,64.0,67.52497109043284,3.5249710904328424,test
img02826,1492,images/img02826.jpg,67.0,63.48617945694699,3.513820543053008,test
img02827,1492,images/img02827.jpg,67.0,65.43510030018146,1.5648996998185396,test
img02840,1499,images/img02840.jpg,74.0,74.53469078649961,0.5346907864996098,test
img02858,1510,images/img02858.jpg,58.0,63.91613517027195,5.91613517027195,test
img02859,1510,images/img02859.jpg,58.0,71.46659860455382,13.466598604553823,test
img02866,1514,images/img02866.jpg,47.0,45.765154271014055,1.2348457289859454,test
img02867,1514,images/img02867.jpg,47.0,45.90912902606604,1.09087097393396,test
img02888,1526,images/img02888.jpg,75.0,72.40731881121464,2.592681188785363,test
img02899,1532,images/img02899.jpg,70.0,60.608953916217565,9.391046083782436,test
img02902,1534,images/img02902.jpg,63.0,60.06151492055611,2.9384850794438933,test
img02913,1540,images/img02913.jpg,72.0,75.13182617305311,3.1318261730531134,test
img02914,1540,images/img02914.jpg,72.0,68.40979751241778,3.590202487582218,test
img02939,1554,images/img02939.jpg,74.0,78.30924550721444,4.309245507214442,test
img02940,1554,images/img02940.jpg,74.0,72.51970076325217,1.4802992367478254,test
img02951,1560,images/img02951.jpg,59.0,58.7753622633887,0.2246377366112995,test
img02952,1560,images/img02952.jpg,59.0,59.66706961924616,0.6670696192461563,test
img02955,1562,images/img02955.jpg,59.0,64.85524236410279,5.855242364102793,test
img02956,1562,images/img02956.jpg,59.0,53.83634001718754,5.163659982812462,test
img02974,1573,images/img02974.jpg,80.0,76.12111889655506,3.87888110344494,test
img02975,1573,images/img02975.jpg,80.0,82.7581028462589,2.758102846258893,test
img02976,1574,images/img02976.jpg,58.0,58.37805220112465,0.3780522011246532,test
img02977,1574,images/img02977.jpg,58.0,47.45253146394106,10.547468536058936,test
img02978,1575,images/img02978.jpg,77.0,78.9757917041467,1.975791704146701,test
img02979,1575,images/img02979.jpg,77.0,77.52876541959893,0.5287654195989262,test
img02998,1586,images/img02998.jpg,66.0,49.79176269535621,16.208237304643788,test
img02999,1586,images/img02999.jpg,66.0,49.52169919634851,16.478300803651493,test
img03007,1591,images/img03007.jpg,49.0,42.61262593875822,6.387374061241779,test
img03008,1591,images/img03008.jpg,49.0,44.98287576679501,4.017124233204996,test
img03037,1607,images/img03037.jpg,74.0,74.78874412435529,0.78874412435529,test
img03052,1615,images/img03052.jpg,74.0,63.05314058792879,10.946859412071213,test
img03053,1615,images/img03053.jpg,74.0,65.6426827274998,8.357317272500197,test
img03062,1622,images/img03062.jpg,43.0,55.13791567811527,12.13791567811527,test
img03088,1637,images/img03088.jpg,61.0,61.10925509306209,0.1092550930620888,test
img03089,1637,images/img03089.jpg,61.0,56.40222449892613,4.597775501073869,test
img03126,1658,images/img03126.jpg,53.0,68.05493578043637,15.054935780436368,test
img03127,1658,images/img03127.jpg,53.0,55.23370167487212,2.2337016748721226,test
img03133,1662,images/img03133.jpg,69.0,76.98008803579113,7.980088035791127,test
img03153,1673,images/img03153.jpg,46.0,56.523676512627226,10.523676512627226,test
img03154,1673,images/img03154.jpg,46.0,61.56687523062291,15.566875230622912,test
img03159,1676,images/img03159.jpg,66.0,63.8318189871095,2.1681810128905,test
img03160,1676,images/img03160.jpg,66.0,46.542692982292586,19.45730701770741,test
img03161,1677,images/img03161.jpg,72.0,62.16158019182714,9.838419808172858,test
img03162,1677,images/img03162.jpg,72.0,72.3708171706426,0.3708171706425958,test
img03197,1697,images/img03197.jpg,78.0,77.3049808836924,0.6950191163076056,test
img03198,1697,images/img03198.jpg,78.0,74.18689511951166,3.813104880488339,test
img03205,1701,images/img03205.jpg,74.0,72.6659876124215,1.3340123875784968,test
img03206,1701,images/img03206.jpg,74.0,75.56424230351425,1.5642423035142483,test
img03207,1702,images/img03207.jpg,68.0,79.76362250607862,11.76362250607862,test
img03208,1702,images/img03208.jpg,68.0,81.93864434177868,13.938644341778684,test
img03223,1711,images/img03223.jpg,71.0,68.80435419231817,2.195645807681828,test
img03224,1711,images/img03224.jpg,71.0,64.47459096721933,6.525409032780672,test
img03259,1730,images/img03259.jpg,55.0,67.61502933752345,12.615029337523453,test
img03260,1730,images/img03260.jpg,55.0,49.43723359955677,5.562766400443231,test
img03275,1737,images/img03275.jpg,53.0,63.88908039726797,10.889080397267968,test
img03276,1737,images/img03276.jpg,53.0,59.51493109980019,6.514931099800187,test
img03346,1777,images/img03346.jpg,56.0,51.28718154602375,4.712818453976254,test
img03347,1777,images/img03347.jpg,56.0,53.74507391904271,2.25492608095729,test
img03377,1793,images/img03377.jpg,68.0,70.24197941493608,2.2419794149360825,test
img03378,1793,images/img03378.jpg,68.0,66.66421771252888,1.335782287471119,test
img03444,1828,images/img03444.jpg,78.0,56.5235189194197,21.4764810805803,test
img03472,1846,images/img03472.jpg,67.0,77.02146143316602,10.021461433166024,test
img03473,1846,images/img03473.jpg,67.0,69.57846184317543,2.5784618431754325,test
img03479,1850,images/img03479.jpg,63.0,60.78587437652577,2.2141256234742315,test
img03480,1850,images/img03480.jpg,63.0,63.12496219266902,0.1249621926690167,test
img03491,1856,images/img03491.jpg,33.0,47.94048693068743,14.940486930687428,test
img03492,1856,images/img03492.jpg,33.0,45.68348172754047,12.683481727540467,test
img03524,1875,images/img03524.jpg,81.0,86.88753347689078,5.8875334768907805,test
img03534,1880,images/img03534.jpg,61.0,68.74034081297086,7.740340812970857,test
img03535,1880,images/img03535.jpg,61.0,65.37102421073428,4.3710242107342765,test
img03554,1890,images/img03554.jpg,57.0,57.84794695870161,0.8479469587016126,test
img03555,1890,images/img03555.jpg,57.0,61.2790816778108,4.279081677810794,test
img03562,1894,images/img03562.jpg,19.0,18.72570107177917,0.2742989282208299,test
img03563,1894,images/img03563.jpg,19.0,15.792984181623543,3.2070158183764548,test
img03570,1898,images/img03570.jpg,56.0,53.1161134294526,2.8838865705474035,test
img03571,1898,images/img03571.jpg,56.0,60.88013365500314,4.880133655003142,test
img03593,1910,images/img03593.jpg,8.0,14.116262252624004,6.116262252624004,test
img03594,1910,images/img03594.jpg,8.0,13.244650757252082,5.2446507572520815,test
img03614,1921,images/img03614.jpg,58.0,48.95372237032366,9.04627762967634,test
img03615,1921,images/img03615.jpg,58.0,53.24051445376371,4.759485546236292,test
img03646,1937,images/img03646.jpg,66.0,69.2049823004974,3.204982300497406,test
img03665,1947,images/img03665.jpg,71.0,72.63944324510001,1.6394432451000114,test
img03666,1947,images/img03666.jpg,71.0,68.27958626102647,2.7204137389735337,test
img03667,1948,images/img03667.jpg,72.0,60.7490379185509,11.250962081449105,test
img03668,1948,images/img03668.jpg,72.0,62.74663761314371,9.253362386856288,test
img03673,1951,images/img03673.jpg,73.0,74.42396329048847,1.423963290488473,test
img03674,1951,images/img03674.jpg,73.0,70.79688636553544,2.203113634464557,test
img03710,1970,images/img03710.jpg,68.0,72.0485079788564,4.048507978856407,test
img03711,1970,images/img03711.jpg,68.0,69.7583994772457,1.7583994772457032,test
img03723,1977,images/img03723.jpg,68.0,63.69860092275522,4.301399077244781,test
img03724,1977,images/img03724.jpg,68.0,64.156173073457,3.8438269265430014,test
img03727,1979,images/img03727.jpg,50.0,62.30347024503703,12.303470245037031,test
img03728,1979,images/img03728.jpg,50.0,55.23183714001112,5.231837140011116,test
img03775,2005,images/img03775.jpg,78.0,81.55069239865873,3.5506923986587253,test
img03794,2016,images/img03794.jpg,30.0,29.0668953692887,0.9331046307112985,test
img03795,2016,images/img03795.jpg,30.0,32.5111281833683,2.5111281833682995,test
img03804,2021,images/img03804.jpg,15.0,17.594070599484702,2.594070599484702,test
img03805,2021,images/img03805.jpg,15.0,18.29161630735601,3.2916163073560085,test
img03854,2046,images/img03854.jpg,32.0,30.336939574038823,1.6630604259611736,test
img03855,2046,images/img03855.jpg,32.0,32.839026753622086,0.8390267536220861,test
img03923,2081,images/img03923.jpg,21.0,28.51027616031,7.510276160309996,test
img03924,2081,images/img03924.jpg,21.0,32.61128984550745,11.61128984550745,test
img03943,2091,images/img03943.jpg,56.0,57.75150264222233,1.7515026422223272,test
img03944,2091,images/img03944.jpg,56.0,53.1732226994557,2.8267773005443004,test
img03956,2098,images/img03956.jpg,60.0,57.37390147822966,2.626098521770338,test
img03957,2098,images/img03957.jpg,60.0,54.41259130456528,5.587408695434725,test
img04035,2142,images/img04035.jpg,60.0,57.46468205024249,2.5353179497575127,test
img04036,2142,images/img04036.jpg,60.0,61.8891511587909,1.8891511587909025,test
img04043,2146,images/img04043.jpg,48.0,54.74105072123408,6.741050721234075,test
img04044,2146,images/img04044.jpg,48.0,53.888200179178064,5.888200179178064,test
img04048,2148,images/img04048.jpg,56.0,38.06565510396723,17.93434489603277,test
img04049,2149,images/img04049.jpg,36.0,37.36298788950397,1.3629878895039695,test
img04050,2149,images/img04050.jpg,36.0,33.56311137576271,2.436888624237291,test
img04163,2207,images/img04163.jpg,39.0,47.56665184900834,8.566651849008338,test
img04164,2207,images/img04164.jpg,39.0,48.84413565282512,9.844135652825123,test
img04165,2208,images/img04165.jpg,71.0,69.93180980787626,1.068190192123737,test
img04166,2208,images/img04166.jpg,71.0,69.85277217920809,1.1472278207919118,test
img04195,2225,images/img04195.jpg,82.0,73.31887064185288,8.681129358147118,test
img04196,2225,images/img04196.jpg,82.0,70.20812577649465,11.791874223505346,test
img04209,2233,images/img04209.jpg,75.0,56.82047803047137,18.17952196952863,test
img04210,2233,images/img04210.jpg,75.0,75.75856945163355,0.7585694516335479,test
img04225,2241,images/img04225.jpg,58.0,60.4957943589415,2.4957943589415024,test
img04226,2241,images/img04226.jpg,58.0,61.59301607208429,3.593016072084289,test
img04233,2246,images/img04233.jpg,76.0,83.02597639951775,7.025976399517745,test
img04234,2246,images/img04234.jpg,76.0,71.9259615375861,4.074038462413896,test
img04253,2256,images/img04253.jpg,67.0,80.63346939377043,13.633469393770426,test
img04254,2256,images/img04254.jpg,67.0,67.64306456930643,0.6430645693064321,test
img04286,2273,images/img04286.jpg,45.0,47.638735745557625,2.638735745557625,test
img04295,2278,images/img04295.jpg,50.0,50.68422284506484,0.6842228450648378,test
img04296,2278,images/img04296.jpg,50.0,41.48250814313391,8.517491856866087,test
img04306,2284,images/img04306.jpg,79.0,77.471608708042,1.5283912919580018,test
img04307,2284,images/img04307.jpg,79.0,79.51174820786747,0.5117482078674698,test
img04372,2320,images/img04372.jpg,27.0,60.58170883169307,33.58170883169307,test
img04373,2320,images/img04373.jpg,27.0,28.166507027039568,1.166507027039568,test
img04381,2325,images/img04381.jpg,77.0,79.66011921357368,2.6601192135736795,test
img04391,2330,images/img04391.jpg,33.0,38.58663316400532,5.58663316400532,test
img04392,2330,images/img04392.jpg,33.0,28.1854989171146,4.8145010828854,test
img04403,2336,images/img04403.jpg,78.0,67.71264115247095,10.287358847529047,test
img04473,2372,images/img04473.jpg,43.0,47.71967430821001,4.71967430821001,test
img04474,2373,images/img04474.jpg,32.0,40.504792249375065,8.504792249375065,test
img04475,2373,images/img04475.jpg,32.0,34.74657856192339,2.7465785619233927,test
img04492,2382,images/img04492.jpg,73.0,79.95758975275514,6.9575897527551405,test
img04493,2382,images/img04493.jpg,73.0,69.83030451368404,3.169695486315959,test
img04528,2400,images/img04528.jpg,74.0,56.11270382816754,17.88729617183246,test
img04529,2400,images/img04529.jpg,74.0,74.89273601033408,0.892736010334076,test
img04540,2406,images/img04540.jpg,68.0,65.4460211277493,2.5539788722506955,test
img04541,2406,images/img04541.jpg,68.0,56.586736902945816,11.413263097054184,test
img04564,2419,images/img04564.jpg,58.0,61.16692657274325,3.1669265727432503,test
img04565,2419,images/img04565.jpg,58.0,54.085217317929626,3.914782682070374,test
img04568,2421,images/img04568.jpg,70.0,67.63186400016261,2.368135999837392,test
img04569,2421,images/img04569.jpg,70.0,66.09646173511666,3.9035382648833377,test
img04570,2422,images/img04570.jpg,32.0,30.88039511509485,1.1196048849051508,test
img04571,2422,images/img04571.jpg,32.0,34.111446307894624,2.1114463078946244,test
img04580,2427,images/img04580.jpg,44.0,54.73339981639607,10.733399816396073,test
img04581,2427,images/img04581.jpg,61.0,52.217095439212144,8.782904560787856,test
img04586,2430,images/img04586.jpg,39.0,38.55460193559692,0.4453980644030793,test
img04587,2430,images/img04587.jpg,39.0,44.31379826304845,5.313798263048454,test
img04588,2431,images/img04588.jpg,44.0,48.009334986082905,4.009334986082905,test
img04589,2431,images/img04589.jpg,44.0,42.75155662055898,1.2484433794410208,test
img04609,2442,images/img04609.jpg,45.0,45.46423413103396,0.4642341310339617,test
img04610,2442,images/img04610.jpg,45.0,47.24151470437016,2.2415147043701538,test
img04619,2447,images/img04619.jpg,37.0,47.10851803393371,10.108518033933713,test
img04625,2450,images/img04625.jpg,64.0,54.12824789785701,9.871752102142992,test
img04626,2450,images/img04626.jpg,64.0,52.7671224534304,11.232877546569595,test
img04657,2466,images/img04657.jpg,67.0,74.43519330611397,7.435193306113973,test
img04658,2466,images/img04658.jpg,67.0,64.72670519972566,2.2732948002743427,test
img04705,2490,images/img04705.jpg,35.0,34.44071904729361,0.5592809527063878,test
img04706,2490,images/img04706.jpg,35.0,39.39077295434783,4.390772954347831,test
img04723,2499,images/img04723.jpg,61.0,66.92294758791998,5.922947587919978,test
img04829,2552,images/img04829.jpg,58.0,53.05894035873917,4.9410596412608285,test
img04830,2552,images/img04830.jpg,58.0,69.05912842366988,11.059128423669875,test
img04837,2556,images/img04837.jpg,53.0,73.01362950333844,20.01362950333844,test
img04838,2556,images/img04838.jpg,53.0,59.47515817323527,6.475158173235272,test
img04861,2568,images/img04861.jpg,43.0,42.671457827939776,0.3285421720602244,test
img04888,2582,images/img04888.jpg,47.0,45.19090207255945,1.809097927440547,test
img04889,2582,images/img04889.jpg,47.0,49.05341943241848,2.05341943241848,test
img04920,2599,images/img04920.jpg,60.0,71.62801112981425,11.628011129814254,test
img04952,2616,images/img04952.jpg,52.0,53.2920299828575,1.2920299828574997,test
img04953,2616,images/img04953.jpg,52.0,56.19390986302854,4.193909863028537,test
img04963,2622,images/img04963.jpg,80.0,81.76000889656505,1.7600088965650542,test
img04964,2622,images/img04964.jpg,80.0,76.30393137972592,3.696068620274076,test
img04985,2633,images/img04985.jpg,79.0,79.34576602489403,0.3457660248940328,test
img04986,2633,images/img04986.jpg,79.0,78.37097623892612,0.6290237610738814,test
img04987,2634,images/img04987.jpg,60.0,60.873078496114005,0.8730784961140046,test
img04988,2634,images/img04988.jpg,60.0,60.73114154665552,0.7311415466555147,test
img05014,2648,images/img05014.jpg,39.0,39.55557727805396,0.5555772780539598,test
img05015,2648,images/img05015.jpg,39.0,41.78713853980604,2.787138539806037,test
img05017,2649,images/img05017.jpg,49.0,61.74614377519272,12.746143775192714,test
img05035,2659,images/img05035.jpg,43.0,49.702638010796,6.702638010795994,test
img05036,2659,images/img05036.jpg,43.0,42.71039589221846,0.2896041077815425,test
img05047,2665,images/img05047.jpg,30.0,41.24231428265698,11.242314282656976,test
img05051,2667,images/img05051.jpg,32.0,33.94984401641891,1.949844016418908,test
img05052,2667,images/img05052.jpg,32.0,32.39439796753558,0.394397967535582,test
img05053,2668,images/img05053.jpg,56.0,49.15227399795403,6.847726002045967,test
img05054,2668,images/img05054.jpg,56.0,58.59036446956331,2.590364469563312,test
img05061,2672,images/img05061.jpg,69.0,64.22866485830812,4.771335141691878,test
img05062,2672,images/img05062.jpg,69.0,65.18344685058294,3.816553149417061,test
img05069,2676,images/img05069.jpg,58.0,52.4564429859933,5.543557014006701,test
img05070,2676,images/img05070.jpg,58.0,64.3577740478572,6.357774047857205,test
img05124,2705,images/img05124.jpg,35.0,39.587240970746535,4.587240970746535,test
img05125,2705,images/img05125.jpg,35.0,37.33626139024023,2.336261390240232,test
img05139,2713,images/img05139.jpg,26.0,27.129148920547667,1.1291489205476672,test
img05140,2713,images/img05140.jpg,26.0,26.903863704685744,0.9038637046857438,test
img05159,2723,images/img05159.jpg,33.0,37.38496587094374,4.384965870943738,test
img05160,2723,images/img05160.jpg,33.0,37.13751726986848,4.137517269868482,test
img05169,2728,images/img05169.jpg,38.0,34.284489102809374,3.715510897190626,test
img05170,2728,images/img05170.jpg,38.0,33.33215716687161,4.66784283312839,test
img05171,2729,images/img05171.jpg,33.0,32.37232619359861,0.6276738064013898,test
img05172,2729,images/img05172.jpg,33.0,31.18902478022369,1.81097521977631,test
img05189,2738,images/img05189.jpg,69.0,81.15179945167792,12.151799451677917,test
img05190,2739,images/img05190.jpg,55.0,59.50130583101186,4.501305831011862,test
img05191,2739,images/img05191.jpg,55.0,58.71992953427326,3.719929534273263,test
img05192,2740,images/img05192.jpg,81.0,77.15808656451206,3.841913435487939,test
img05202,2745,images/img05202.jpg,63.0,55.113450286931126,7.886549713068874,test
img05203,2745,images/img05203.jpg,63.0,51.522394588654535,11.477605411345465,test
img05218,2753,images/img05218.jpg,8.0,17.27791572237023,9.277915722370231,test
img05231,2760,images/img05231.jpg,65.0,64.33141999205623,0.668580007943774,test
img05232,2760,images/img05232.jpg,65.0,65.65961227324661,0.6596122732466085,test
img05235,2762,images/img05235.jpg,34.0,35.37085706092593,1.3708570609259283,test
img05236,2762,images/img05236.jpg,34.0,44.4827654467762,10.4827654467762,test
img05238,2763,images/img05238.jpg,32.0,31.621057015812507,0.3789429841874927,test
img05249,2769,images/img05249.jpg,67.0,70.86493064104202,3.8649306410420223,test
img05250,2769,images/img05250.jpg,67.0,68.15029548484034,1.150295484840342,test
img05267,2778,images/img05267.jpg,84.0,69.78532010516646,14.214679894833536,test
img05268,2778,images/img05268.jpg,84.0,74.00768383198957,9.992316168010433,test
img05285,2787,images/img05285.jpg,70.0,80.95021320051856,10.950213200518562,test
img05286,2787,images/img05286.jpg,70.0,71.6132508082181,1.6132508082180976,test
img05287,2788,images/img05287.jpg,77.0,82.9345897889201,5.934589788920107,test
img05288,2788,images/img05288.jpg,77.0,82.64517667961543,5.645176679615432,test
img05289,2789,images/img05289.jpg,61.0,59.79411796405634,1.2058820359436595,test
img05290,2789,images/img05290.jpg,61.0,47.09606435340272,13.903935646597285,test
img05311,2800,images/img05311.jpg,86.0,79.80250276800436,6.197497231995641,test
img05312,2800,images/img05312.jpg,86.0,80.65870393796223,5.34129606203777,test
img05317,2803,images/img05317.jpg,64.0,82.41046422717325,18.41046422717325,test
img05318,2803,images/img05318.jpg,64.0,82.42482974779277,18.42482974779277,test
img05319,2804,images/img05319.jpg,83.0,79.77557341520014,3.2244265847998577,test
img05320,2804,images/img05320.jpg,83.0,61.3195645917674,21.680435408232604,test
img05324,2807,images/img05324.jpg,75.0,74.35068844734667,0.6493115526533302,test
img05325,2807,images/img05325.jpg,75.0,74.07039175064894,0.9296082493510625,test
img05344,2817,images/img05344.jpg,48.0,49.19695467146609,1.196954671466088,test
img05345,2817,images/img05345.jpg,48.0,45.9902137305164,2.009786269483598,test
img05376,2833,images/img05376.jpg,55.0,70.38197562312959,15.381975623129591,test
img05377,2833,images/img05377.jpg,55.0,68.45956097585145,13.459560975851446,test
img05394,2842,images/img05394.jpg,58.0,46.937227849984325,11.062772150015675,test
img05395,2842,images/img05395.jpg,58.0,49.24122909259197,8.758770907408028,test
img05398,2844,images/img05398.jpg,77.0,70.3850380572246,6.614961942775395,test
img05399,2844,images/img05399.jpg,77.0,77.32722933651947,0.3272293365194656,test
img05448,2870,images/img05448.jpg,59.0,60.21583084373096,1.2158308437309555,test
img05449,2870,images/img05449.jpg,59.0,66.26177864572615,7.261778645726153,test
img05454,2873,images/img05454.jpg,61.0,71.56195721834736,10.56195721834736,test
img05455,2873,images/img05455.jpg,61.0,70.38437278486066,9.38437278486066,test
img05465,2879,images/img05465.jpg,61.0,57.16675713548951,3.833242864510496,test
img05466,2879,images/img05466.jpg,61.0,69.58039658608305,8.580396586083054,test
img05467,2880,images/img05467.jpg,58.0,63.71099461971242,5.710994619712423,test
img05468,2880,images/img05468.jpg,58.0,63.3544784317046,5.3544784317046,test
img05475,2884,images/img05475.jpg,60.0,66.83326232959735,6.833262329597346,test
img05476,2884,images/img05476.jpg,60.0,76.85102519718544,16.851025197185436,test
img05481,2887,images/img05481.jpg,45.0,51.12109848158528,6.121098481585278,test
img05483,2888,images/img05483.jpg,66.0,71.10629472651324,5.106294726513241,test
img05488,2891,images/img05488.jpg,56.0,54.53264297447079,1.4673570255292103,test
img05510,2903,images/img05510.jpg,59.0,55.66587773471176,3.334122265288244,test
img05511,2903,images/img05511.jpg,59.0,61.784965144155095,2.7849651441550947,test
img05521,2908,images/img05521.jpg,78.0,76.82792824944173,1.172071750558274,test
img05548,2922,images/img05548.jpg,33.0,35.162314896426814,2.162314896426814,test
img05549,2922,images/img05549.jpg,33.0,43.70799470477586,10.707994704775857,test
img05570,2933,images/img05570.jpg,58.0,61.57300555186512,3.573005551865116,test
img05571,2933,images/img05571.jpg,58.0,57.2175257327632,0.7824742672368004,test
img05585,2942,images/img05585.jpg,58.0,63.471318253885805,5.471318253885805,test
img05586,2942,images/img05586.jpg,58.0,54.63675646351282,3.3632435364871824,test
img05594,2946,images/img05594.jpg,71.0,79.95768136403149,8.957681364031487,test
img05624,2962,images/img05624.jpg,72.0,44.30625669190634,27.69374330809366,test
img05625,2962,images/img05625.jpg,72.0,35.9917415802619,36.0082584197381,test
img05656,2978,images/img05656.jpg,58.0,60.91381715821707,2.9138171582170718,test
img05657,2978,images/img05657.jpg,58.0,62.72836607125948,4.72836607125948,test
img05658,2979,images/img05658.jpg,49.0,62.96505307389006,13.96505307389006,test
img05659,2979,images/img05659.jpg,49.0,70.56730087273739,21.56730087273739,test
img05664,2982,images/img05664.jpg,58.0,51.34220338765866,6.657796612341336,test
img05665,2982,images/img05665.jpg,58.0,50.73887824159437,7.261121758405629,test
img05674,2987,images/img05674.jpg,50.0,55.53570383672775,5.535703836727748,test
img05675,2987,images/img05675.jpg,50.0,57.422785568838805,7.422785568838805,test
img05709,3006,images/img05709.jpg,39.0,44.90213024218921,5.902130242189209,test
img05710,3006,images/img05710.jpg,39.0,40.209027424910346,1.209027424910346,test
img05745,3024,images/img05745.jpg,83.0,72.10443557245569,10.895564427544317,test
img05746,3024,images/img05746.jpg,83.0,65.4870777027935,17.5129222972065,test
img05760,3031,images/img05760.jpg,72.0,71.58268536023125,0.4173146397687475,test
img05788,3046,images/img05788.jpg,50.0,53.89640702268413,3.89640702268413,test
img05789,3046,images/img05789.jpg,50.0,57.11923964791569,7.119239647915691,test
img05793,3048,images/img05793.jpg,69.0,60.88710047444723,8.11289952555277,test
img05816,3060,images/img05816.jpg,47.0,47.08915424570113,0.0891542457011311,test
img05817,3060,images/img05817.jpg,47.0,48.71035428818236,1.7103542881823586,test
img05836,3070,images/img05836.jpg,72.0,76.0543888066199,4.054388806619897,test
img05837,3070,images/img05837.jpg,72.0,77.72082627923908,5.720826279239077,test
img05853,3079,images/img05853.jpg,65.0,61.13039003263738,3.8696099673626208,test
img05854,3079,images/img05854.jpg,65.0,67.70235887731145,2.702358877311454,test
img05863,3084,images/img05863.jpg,50.0,53.6401441080918,3.6401441080918033,test
img05864,3084,images/img05864.jpg,50.0,59.404108993334006,9.404108993334006,test
img05884,3095,images/img05884.jpg,50.0,38.94742672613019,11.052573273869813,test
img05885,3095,images/img05885.jpg,50.0,60.09565211771004,10.095652117710038,test
img05910,3109,images/img05910.jpg,54.0,60.554360684482695,6.554360684482695,test
img05911,3109,images/img05911.jpg,54.0,57.48676548007847,3.486765480078468,test
img05924,3116,images/img05924.jpg,69.0,67.23773702077271,1.7622629792272877,test
img05925,3116,images/img05925.jpg,69.0,69.687302583138,0.6873025831380062,test
img05938,3124,images/img05938.jpg,45.0,41.12565713772325,3.874342862276748,test
img05939,3124,images/img05939.jpg,45.0,34.5720198185072,10.4279801814928,test
img05956,3133,images/img05956.jpg,45.0,44.0541991711425,0.9458008288575002,test
img05975,3143,images/img05975.jpg,68.0,67.36452811784709,0.6354718821529133,test
img05976,3143,images/img05976.jpg,68.0,74.84653120874232,6.84653120874232,test
img05995,3154,images/img05995.jpg,56.0,65.2323667268469,9.232366726846903,test
img05996,3154,images/img05996.jpg,56.0,58.87163262750397,2.8716326275039705,test
img06022,3169,images/img06022.jpg,82.0,68.50289310956347,13.497106890436529,test
img06023,3169,images/img06023.jpg,82.0,77.02224231023584,4.977757689764161,test
img06034,3175,images/img06034.jpg,88.0,67.90835119461893,20.09164880538107,test
img06035,3175,images/img06035.jpg,88.0,78.6208241829533,9.3791758170467,test
img06053,3185,images/img06053.jpg,42.0,43.40783362965693,1.4078336296569276,test
img06054,3185,images/img06054.jpg,42.0,37.37222317864807,4.6277768213519295,test
img06071,3194,images/img06071.jpg,42.0,43.53274560495576,1.532745604955764,test
img06072,3194,images/img06072.jpg,42.0,41.589245095571805,0.4107549044281953,test
img06125,3222,images/img06125.jpg,61.0,49.79017204004012,11.20982795995988,test
img06126,3222,images/img06126.jpg,61.0,59.293172918077616,1.706827081922384,test
img06131,3225,images/img06131.jpg,65.0,66.43394240863213,1.4339424086321344,test
img06132,3225,images/img06132.jpg,65.0,64.93082384830976,0.0691761516902431,test
img06163,3242,images/img06163.jpg,23.0,31.089949366075512,8.089949366075512,test
img06164,3242,images/img06164.jpg,23.0,32.19741191118135,9.197411911181348,test
img06175,3248,images/img06175.jpg,51.0,49.41998341434276,1.5800165856572406,test
img06176,3248,images/img06176.jpg,51.0,47.99268790843817,3.007312091561829,test
img06180,3251,images/img06180.jpg,56.0,59.39264994951763,3.392649949517633,test
img06181,3251,images/img06181.jpg,56.0,63.87745994310755,7.877459943107553,test
img06203,3263,images/img06203.jpg,52.0,51.96006091773868,0.0399390822613199,test
img06204,3263,images/img06204.jpg,52.0,47.89762375946147,4.102376240538533,test
img06217,3272,images/img06217.jpg,59.0,54.573683190358494,4.426316809641506,test
img06218,3272,images/img06218.jpg,59.0,55.94771191946698,3.052288080533017,test
img06250,3289,images/img06250.jpg,60.0,55.02460070885255,4.975399291147447,test
img06251,3289,images/img06251.jpg,60.0,61.41641679654852,1.4164167965485177,test
img06256,3292,images/img06256.jpg,69.0,68.81784831520197,0.1821516847980291,test
img06257,3292,images/img06257.jpg,69.0,55.6821117436551,13.3178882563449,test
img06284,3306,images/img06284.jpg,54.0,69.53465856575649,15.534658565756487,test
img06285,3306,images/img06285.jpg,54.0,62.82642994423133,8.826429944231329,test
img06287,3307,images/img06287.jpg,57.0,45.78420287283159,11.215797127168416,test
img06304,3317,images/img06304.jpg,43.0,52.02419426423359,9.024194264233593,test
img06305,3317,images/img06305.jpg,43.0,49.87631445037213,6.876314450372128,test
img06343,3337,images/img06343.jpg,35.0,32.58520244395727,2.4147975560427284,test
img06350,3340,images/img06350.jpg,51.0,68.42302988879773,17.42302988879773,test
img06363,3347,images/img06363.jpg,67.0,72.88140825691966,5.881408256919656,test
img06380,3356,images/img06380.jpg,56.0,62.63756566376941,6.637565663769408,test
img06381,3356,images/img06381.jpg,56.0,53.26789422867664,2.7321057713233614,test
img06440,3387,images/img06440.jpg,46.0,47.12880338798193,1.1288033879819324,test
img06441,3387,images/img06441.jpg,46.0,46.74663931442831,0.7466393144283074,test
img06511,3423,images/img06511.jpg,65.0,66.9959465066223,1.9959465066223032,test
img06512,3423,images/img06512.jpg,65.0,65.79029684956572,0.7902968495657205,test
img06547,3442,images/img06547.jpg,73.0,78.2925548051524,5.292554805152406,test
img06548,3443,images/img06548.jpg,64.0,51.699986864989285,12.300013135010715,test
img06549,3443,images/img06549.jpg,64.0,56.62263093718053,7.377369062819476,test
img06598,3470,images/img06598.jpg,68.0,73.40999223411538,5.4099922341153786,test
img06624,3485,images/img06624.jpg,76.0,78.7949292324295,2.794929232429496,test
img06625,3485,images/img06625.jpg,76.0,76.64585956258597,0.6458595625859687,test
img06628,3487,images/img06628.jpg,79.0,74.42738998846801,4.572610011531992,test
img06629,3487,images/img06629.jpg,79.0,74.03616185160821,4.963838148391787,test
img06706,3529,images/img06706.jpg,7.0,19.533712529157768,12.533712529157768,test
img06718,3535,images/img06718.jpg,61.0,43.27969562869816,17.720304371301836,test
img06719,3535,images/img06719.jpg,61.0,65.04843691328774,4.048436913287745,test
img06722,3537,images/img06722.jpg,53.0,54.53488199768912,1.5348819976891193,test
img06723,3537,images/img06723.jpg,53.0,52.87690493550161,0.1230950644983934,test
img06747,3551,images/img06747.jpg,23.0,31.95927712320136,8.95927712320136,test
img06832,3594,images/img06832.jpg,50.0,49.247017507463525,0.752982492536475,test
img06833,3594,images/img06833.jpg,50.0,51.98698863462725,1.9869886346272525,test
img06836,3596,images/img06836.jpg,77.0,77.53386947642396,0.5338694764239591,test
img06837,3596,images/img06837.jpg,77.0,67.49499893452139,9.50500106547861,test
img06844,3600,images/img06844.jpg,39.0,51.21979981635504,12.219799816355035,test
img06845,3600,images/img06845.jpg,39.0,40.57449534334977,1.574495343349767,test
img06852,3604,images/img06852.jpg,76.0,73.08797641653558,2.9120235834644177,test
img06916,3637,images/img06916.jpg,74.0,67.8756219755336,6.124378024466395,test
img06922,3640,images/img06922.jpg,48.0,60.07794278550386,12.077942785503858,test
img06923,3640,images/img06923.jpg,48.0,50.12402970569818,2.1240297056981774,test
img06933,3646,images/img06933.jpg,73.0,67.52563200035506,5.47436799964494,test
img06934,3646,images/img06934.jpg,73.0,70.9345726608325,2.065427339167499,test
img06964,3662,images/img06964.jpg,73.0,57.70319609800045,15.296803901999546,test
img06993,3679,images/img06993.jpg,53.0,47.85053338219835,5.14946661780165,test
img06994,3679,images/img06994.jpg,53.0,51.339049342287296,1.6609506577127036,test
img07022,3695,images/img07022.jpg,76.0,86.17573130944322,10.175731309443222,test
img07023,3695,images/img07023.jpg,76.0,76.58780855047422,0.5878085504742216,test
img07071,3720,images/img07071.jpg,70.0,73.47643222167545,3.476432221675452,test
img07113,3742,images/img07113.jpg,63.0,71.90184705030867,8.901847050308675,test
img07114,3742,images/img07114.jpg,63.0,63.02649043139534,0.026490431395338,test
img07125,3748,images/img07125.jpg,20.0,27.47126032596039,7.47126032596039,test
img07126,3748,images/img07126.jpg,20.0,29.028446989094306,9.028446989094306,test
img07187,3780,images/img07187.jpg,45.0,43.1885718552148,1.8114281447851963,test
img07188,3780,images/img07188.jpg,45.0,46.22807586588822,1.228075865888222,test
img07206,3790,images/img07206.jpg,38.0,38.56552112724911,0.565521127249113,test
img07207,3790,images/img07207.jpg,38.0,31.873614036154525,6.126385963845475,test
img07208,3791,images/img07208.jpg,48.0,46.88089782113538,1.1191021788646225,test
img07209,3791,images/img07209.jpg,48.0,49.1735916147768,1.1735916147767966,test
img07214,3794,images/img07214.jpg,29.0,28.496133124218744,0.5038668757812559,test
img07244,3810,images/img07244.jpg,36.0,45.40355801961071,9.403558019610712,test
img07245,3810,images/img07245.jpg,36.0,37.89400392796462,1.8940039279646184,test
img07285,3831,images/img07285.jpg,27.0,32.79378605165283,5.79378605165283,test
img07286,3831,images/img07286.jpg,27.0,35.22384495581887,8.223844955818869,test
img07305,3841,images/img07305.jpg,74.0,70.32832631472422,3.6716736852757776,test
img07306,3841,images/img07306.jpg,74.0,70.47874330560217,3.5212566943978345,test
img07317,3847,images/img07317.jpg,38.0,27.23899520332919,10.761004796670813,test
img07318,3847,images/img07318.jpg,38.0,30.43039180079601,7.569608199203994,test
img07335,3856,images/img07335.jpg,42.0,40.31737084651561,1.6826291534843918,test
img07336,3856,images/img07336.jpg,42.0,42.87074289108614,0.8707428910861381,test
img07371,3874,images/img07371.jpg,42.0,55.95887731642436,13.958877316424356,test
img07372,3874,images/img07372.jpg,42.0,53.66785052082932,11.66785052082932,test
img07408,3893,images/img07408.jpg,57.0,67.13198488955554,10.13198488955554,test
img07409,3893,images/img07409.jpg,57.0,62.92169912796938,5.921699127969383,test
img07414,3896,images/img07414.jpg,42.0,52.82242458194652,10.82242458194652,test
img07419,3899,images/img07419.jpg,73.0,68.39907354003304,4.600926459966956,test
img07420,3899,images/img07420.jpg,73.0,66.12332237946362,6.876677620536384,test
img07454,3917,images/img07454.jpg,87.0,84.09532865366333,2.90467134633667,test
img07455,3917,images/img07455.jpg,87.0,77.56185454012703,9.43814545987297,test
img07470,3925,images/img07470.jpg,72.0,70.25039129320349,1.7496087067965078,test
img07471,3925,images/img07471.jpg,72.0,67.68619821191972,4.313801788080284,test
img07494,3938,images/img07494.jpg,82.0,73.44458639704061,8.55541360295939,test
img07495,3938,images/img07495.jpg,82.0,80.26556505162435,1.7344349483756505,test
img07562,3974,images/img07562.jpg,57.0,66.13290557333576,9.132905573335762,test
img07563,3974,images/img07563.jpg,57.0,73.36761111270067,16.367611112700672,test
img07593,3990,images/img07593.jpg,82.0,74.4105902253627,7.589409774637303,test
img07594,3990,images/img07594.jpg,82.0,78.28623798952621,3.7137620104737854,test
img07639,4013,images/img07639.jpg,65.0,53.64815355110954,11.351846448890456,test
img07640,4013,images/img07640.jpg,71.0,62.50977120509695,8.490228794903047,test
img07641,4013,images/img07641.jpg,71.0,61.90427901610288,9.095720983897117,test
img07649,4018,images/img07649.jpg,64.0,53.33982325854448,10.660176741455516,test
img07650,4018,images/img07650.jpg,64.0,69.21082033814365,5.210820338143648,test
img07701,4045,images/img07701.jpg,38.0,69.84500048926466,31.845000489264663,test
img07702,4045,images/img07702.jpg,38.0,66.23810367445311,28.238103674453114,test
img07712,4050,images/img07712.jpg,44.0,52.94543725917681,8.945437259176813,test
img07727,4059,images/img07727.jpg,65.0,72.99403777752542,7.9940377775254206,test
img07762,4078,images/img07762.jpg,48.0,59.832147549844585,11.832147549844583,test
img07844,4121,images/img07844.jpg,73.0,61.56190640949153,11.438093590508473,test
img07845,4121,images/img07845.jpg,73.0,55.38505659072219,17.614943409277807,test
img07848,4123,images/img07848.jpg,12.0,19.18064267011728,7.18064267011728,test
img07867,4133,images/img07867.jpg,58.0,62.96425801888462,4.964258018884621,test
img07868,4133,images/img07868.jpg,58.0,65.88649305217157,7.886493052171573,test
img07869,4134,images/img07869.jpg,13.0,23.387613521293247,10.387613521293249,test
img07870,4134,images/img07870.jpg,13.0,17.420000449542357,4.420000449542357,test
img07897,4148,images/img07897.jpg,27.0,47.95773384407015,20.957733844070148,test
img07898,4148,images/img07898.jpg,27.0,32.39569797517136,5.395697975171359,test
img07937,4169,images/img07937.jpg,65.0,69.85576263301455,4.85576263301455,test
img07938,4169,images/img07938.jpg,65.0,74.47414882015957,9.47414882015957,test
img07965,4184,images/img07965.jpg,79.0,86.72934043362767,7.729340433627669,test
img07966,4184,images/img07966.jpg,79.0,79.97580730942295,0.9758073094229474,test
img08005,4205,images/img08005.jpg,58.0,61.59602397565767,3.5960239756576726,test
img08013,4209,images/img08013.jpg,65.0,71.0935095004107,6.093509500410704,test
img08059,4232,images/img08059.jpg,61.0,64.2348677051441,3.2348677051440973,test
img08060,4232,images/img08060.jpg,61.0,57.32961669630468,3.670383303695324,test
img08087,4246,images/img08087.jpg,60.0,39.63473487386974,20.36526512613026,test
img08088,4246,images/img08088.jpg,60.0,58.01741268772341,1.982587312276593,test
img08089,4247,images/img08089.jpg,63.0,61.40185278483024,1.5981472151697602,test
img08090,4247,images/img08090.jpg,63.0,67.45533343308409,4.455333433084093,test
img08101,4253,images/img08101.jpg,63.0,60.78777858234126,2.212221417658739,test
img08102,4253,images/img08102.jpg,63.0,60.839020368216445,2.1609796317835546,test
img08114,4260,images/img08114.jpg,71.0,65.67718418853826,5.322815811461737,test
img08115,4260,images/img08115.jpg,71.0,62.1450694404865,8.854930559513498,test
img08143,4275,images/img08143.jpg,64.0,60.16393850873267,3.83606149126733,test
img08167,4287,images/img08167.jpg,52.0,52.60641064537298,0.6064106453729821,test
img08168,4287,images/img08168.jpg,52.0,47.99911487571807,4.000885124281929,test
img08176,4291,images/img08176.jpg,72.0,65.6377597120066,6.3622402879934015,test
img08201,4305,images/img08201.jpg,46.0,40.42137581981959,5.578624180180412,test
img08202,4305,images/img08202.jpg,46.0,46.29799926317034,0.2979992631703396,test
img08215,4312,images/img08215.jpg,33.0,49.95951821089323,16.95951821089323,test
img08216,4312,images/img08216.jpg,33.0,38.20212536863183,5.202125368631826,test
img08232,4321,images/img08232.jpg,59.0,65.91939240648439,6.919392406484391,test
img08233,4321,images/img08233.jpg,59.0,69.64459209737262,10.644592097372623,test
img08251,4331,images/img08251.jpg,60.0,55.88120513201791,4.118794867982089,test
img08252,4331,images/img08252.jpg,60.0,66.92816724945088,6.92816724945088,test
img08299,4357,images/img08299.jpg,45.0,48.14711725509802,3.147117255098024,test
img08300,4357,images/img08300.jpg,45.0,47.46121817603752,2.46121817603752,test
img08304,4359,images/img08304.jpg,63.0,56.169361585451504,6.830638414548496,test
img08365,4392,images/img08365.jpg,17.0,36.946479402814205,19.946479402814205,test
img08366,4392,images/img08366.jpg,17.0,21.890851038572627,4.890851038572627,test
img08369,4394,images/img08369.jpg,22.0,29.79356037571309,7.793560375713092,test
img08370,4394,images/img08370.jpg,22.0,26.695203754259893,4.695203754259893,test
img08375,4398,images/img08375.jpg,19.0,22.551800222764264,3.551800222764264,test
img08376,4398,images/img08376.jpg,19.0,26.537156852794777,7.537156852794776,test
img08391,4406,images/img08391.jpg,39.0,36.7371738110122,2.262826188987802,test
img08392,4406,images/img08392.jpg,39.0,39.26307883183518,0.2630788318351804,test
img08508,4471,images/img08508.jpg,18.0,27.60481647954881,9.604816479548806,test
img08509,4471,images/img08509.jpg,18.0,16.6201816577342,1.3798183422658,test
img08522,4478,images/img08522.jpg,69.0,59.524455128056346,9.475544871943654,test
img08523,4478,images/img08523.jpg,69.0,75.83205042014713,6.832050420147127,test
img08632,4537,images/img08632.jpg,49.0,56.0058120090482,7.005812009048199,test
img08633,4537,images/img08633.jpg,49.0,54.9891457816433,5.989145781643302,test
img08640,4541,images/img08640.jpg,73.0,78.86324070749208,5.863240707492082,test
img08659,4551,images/img08659.jpg,63.0,55.997736856751885,7.002263143248115,test
img08660,4551,images/img08660.jpg,63.0,57.68529045591639,5.3147095440836125,test
img08690,4567,images/img08690.jpg,65.0,66.79350521688372,1.793505216883716,test
img08691,4567,images/img08691.jpg,65.0,63.40802304150843,1.5919769584915713,test
img08733,4589,images/img08733.jpg,12.0,26.62104224483631,14.62104224483631,test
img08734,4589,images/img08734.jpg,12.0,20.539124474855026,8.539124474855022,test
img08745,4595,images/img08745.jpg,14.0,15.6447920360283,1.6447920360282993,test
img08746,4595,images/img08746.jpg,14.0,13.842457959832132,0.1575420401678684,test
img08786,4616,images/img08786.jpg,53.0,51.67336124719057,1.32663875280943,test
img08787,4616,images/img08787.jpg,53.0,52.02597904820671,0.9740209517932924,test
img08832,4640,images/img08832.jpg,71.0,82.1365639606633,11.136563960663295,test
img08833,4640,images/img08833.jpg,71.0,81.59900207838558,10.59900207838558,test
img08834,4641,images/img08834.jpg,76.0,80.1718336285964,4.171833628596403,test
img08835,4641,images/img08835.jpg,76.0,79.72214222888132,3.722142228881325,test
img08845,4647,images/img08845.jpg,76.0,70.84014760956936,5.159852390430643,test
img08846,4647,images/img08846.jpg,76.0,78.73773762133872,2.737737621338724,test
img08896,4673,images/img08896.jpg,63.0,59.97289191679492,3.0271080832050785,test
img08897,4673,images/img08897.jpg,63.0,69.05099028862107,6.050990288621065,test
img08911,4681,images/img08911.jpg,69.0,72.23828182841919,3.23828182841919,test
img08912,4681,images/img08912.jpg,69.0,74.7877342190946,5.787734219094602,test
img08940,4696,images/img08940.jpg,89.0,82.55054659359094,6.449453406409063,test
img08983,4719,images/img08983.jpg,71.0,67.14492171050823,3.855078289491772,test
img08984,4719,images/img08984.jpg,71.0,66.67919724682201,4.320802753177986,test
img08987,4721,images/img08987.jpg,64.0,65.51727506975931,1.5172750697593074,test
img08988,4721,images/img08988.jpg,64.0,68.28939739247903,4.289397392479032,test
img08999,4727,images/img08999.jpg,43.0,55.79890685080856,12.798906850808564,test
img09027,4742,images/img09027.jpg,71.0,66.34711673086404,4.652883269135955,test
img09028,4742,images/img09028.jpg,71.0,73.3968787342726,2.396878734272605,test
img09083,4771,images/img09083.jpg,68.0,65.37600720980127,2.623992790198727,test
img09108,4785,images/img09108.jpg,57.0,69.26701295007807,12.267012950078067,test
img09109,4785,images/img09109.jpg,57.0,62.7511396530099,5.751139653009901,test
img09114,4788,images/img09114.jpg,83.0,80.01357296748648,2.986427032513518,test
img09115,4788,images/img09115.jpg,83.0,76.52160849720934,6.478391502790657,test
img09129,4796,images/img09129.jpg,69.0,66.32890353663797,2.671096463362033,test
img09130,4796,images/img09130.jpg,69.0,72.58727934810399,3.58727934810399,test
img09131,4797,images/img09131.jpg,78.0,72.20392214673699,5.796077853263014,test
img09132,4797,images/img09132.jpg,78.0,79.20460613536883,1.2046061353688344,test
img09155,4809,images/img09155.jpg,76.0,79.77017707477914,3.770177074779141,test
img09156,4809,images/img09156.jpg,76.0,74.60679867647842,1.3932013235215803,test
img09177,4820,images/img09177.jpg,71.0,72.28405038583787,1.2840503858378725,test
img09178,4820,images/img09178.jpg,71.0,68.26484884224939,2.735151157750608,test
img09180,4821,images/img09180.jpg,70.0,69.67119208582616,0.3288079141738365,test
img09232,4849,images/img09232.jpg,52.0,64.44480203386057,12.444802033860569,test
img09233,4849,images/img09233.jpg,52.0,60.23607475458273,8.23607475458273,test
img09248,4857,images/img09248.jpg,71.0,64.45669295940829,6.5433070405917135,test
img09249,4857,images/img09249.jpg,71.0,58.052703478062526,12.947296521937474,test
img09272,4869,images/img09272.jpg,47.0,48.39888085635025,1.398880856350253,test
img09273,4869,images/img09273.jpg,47.0,45.94350288568388,1.056497114316123,test
img09290,4879,images/img09290.jpg,75.0,72.3515558997907,2.6484441002093035,test
img09291,4879,images/img09291.jpg,75.0,68.04446919211375,6.955530807886248,test
img09325,4897,images/img09325.jpg,51.0,65.64173280581292,14.64173280581292,test
img09326,4897,images/img09326.jpg,51.0,66.99983344220445,15.999833442204448,test
img09353,4911,images/img09353.jpg,59.0,60.84695074197782,1.846950741977821,test
img09354,4911,images/img09354.jpg,59.0,55.89144269214967,3.108557307850333,test
img09359,4914,images/img09359.jpg,23.0,25.136843594300394,2.1368435943003945,test
img09360,4914,images/img09360.jpg,23.0,26.64479137761878,3.644791377618781,test
img09367,4918,images/img09367.jpg,11.0,19.83498711752848,8.834987117528478,test
img09368,4918,images/img09368.jpg,11.0,21.802974012347413,10.802974012347413,test
img09385,4928,images/img09385.jpg,83.0,81.04495452880718,1.9550454711928185,test
img09386,4928,images/img09386.jpg,83.0,76.54319822133508,6.456801778664925,test
img09404,4938,images/img09404.jpg,87.0,82.56042752411119,4.439572475888809,test
img09405,4938,images/img09405.jpg,87.0,69.17917845765973,17.82082154234027,test
img09408,4940,images/img09408.jpg,59.0,59.61190218111847,0.6119021811184666,test
img09409,4940,images/img09409.jpg,59.0,58.193008192682186,0.8069918073178144,test
img09417,4945,images/img09417.jpg,83.0,79.12784024823196,3.872159751768038,test
img09418,4945,images/img09418.jpg,83.0,76.81774849166291,6.182251508337089,test
img09441,4957,images/img09441.jpg,59.0,64.09159148607425,5.09159148607425,test
img09442,4957,images/img09442.jpg,59.0,54.81761048299917,4.182389517000836,test
img09530,5003,images/img09530.jpg,64.0,60.873973887279256,3.1260261127207443,test
img09531,5003,images/img09531.jpg,64.0,61.96402974457399,2.035970255426008,test
img09537,5007,images/img09537.jpg,67.0,66.30065781704147,0.6993421829585316,test
img09538,5007,images/img09538.jpg,67.0,51.47564720837251,15.524352791627493,test
img09543,5010,images/img09543.jpg,50.0,52.65273814063842,2.6527381406384194,test
img09544,5010,images/img09544.jpg,50.0,49.17276983981576,0.8272301601842429,test
img09546,5012,images/img09546.jpg,40.0,40.64487352518232,0.6448735251823194,test
img09555,5016,images/img09555.jpg,61.0,51.82728073347313,9.172719266526869,test
img09556,5017,images/img09556.jpg,66.0,67.79077357448,1.7907735744799993,test
img09557,5017,images/img09557.jpg,66.0,74.52750366374812,8.52750366374812,test
img09585,5032,images/img09585.jpg,66.0,58.55676780620509,7.443232193794913,test
img09586,5032,images/img09586.jpg,66.0,58.62733711751597,7.372662882484036,test
img09605,5043,images/img09605.jpg,56.0,63.75178890294755,7.751788902947553,test
img09628,5055,images/img09628.jpg,59.0,71.1557680875718,12.1557680875718,test
img09629,5055,images/img09629.jpg,59.0,68.91150775794137,9.911507757941363,test
img09654,5068,images/img09654.jpg,69.0,55.79548805975466,13.20451194024534,test
img09655,5068,images/img09655.jpg,69.0,59.32582852095872,9.674171479041275,test
img09687,5085,images/img09687.jpg,53.0,52.56062245696651,0.439377543033487,test
img09688,5085,images/img09688.jpg,53.0,47.81308291054988,5.18691708945012,test
img09737,5112,images/img09737.jpg,83.0,71.70070794942673,11.299292050573271,test
img09738,5112,images/img09738.jpg,83.0,81.82575961833166,1.1742403816683409,test
img09743,5115,images/img09743.jpg,85.0,85.35849765024571,0.3584976502457095,test
img09744,5115,images/img09744.jpg,85.0,78.30076492048977,6.699235079510231,test
img09746,5117,images/img09746.jpg,82.0,76.46299473011433,5.537005269885668,test
img09747,5118,images/img09747.jpg,80.0,73.04968072180176,6.950319278198236,test
img09769,5130,images/img09769.jpg,74.0,77.2288650003734,3.2288650003734034,test
img09770,5130,images/img09770.jpg,74.0,76.60296367304701,2.6029636730470145,test
img09799,5146,images/img09799.jpg,28.0,32.29536181536298,4.2953618153629805,test
img09800,5146,images/img09800.jpg,28.0,34.046786196560724,6.046786196560724,test
img09845,5170,images/img09845.jpg,60.0,61.932954981515074,1.9329549815150744,test
img09846,5170,images/img09846.jpg,60.0,56.73256494593873,3.267435054061273,test
img09851,5173,images/img09851.jpg,63.0,64.3891520006164,1.3891520006164058,test
img09852,5173,images/img09852.jpg,63.0,38.92939675445679,24.07060324554321,test
img09853,5174,images/img09853.jpg,57.0,55.736324079696345,1.2636759203036547,test
img09854,5174,images/img09854.jpg,57.0,55.15497323426161,1.845026765738389,test
img09855,5175,images/img09855.jpg,76.0,83.82725660930572,7.827256609305721,test
img09856,5175,images/img09856.jpg,76.0,79.18294224973369,3.182942249733685,test
img09912,5204,images/img09912.jpg,57.0,52.47289320845493,4.527106791545073,test
img09913,5204,images/img09913.jpg,57.0,63.04424011618752,6.044240116187524,test
img09928,5212,images/img09928.jpg,67.0,63.45907342525267,3.5409265747473317,test
img09929,5212,images/img09929.jpg,67.0,64.19824500681405,2.801754993185952,test
img09938,5217,images/img09938.jpg,62.0,66.85273408826276,4.852734088262764,test
img09939,5217,images/img09939.jpg,62.0,70.01638337510083,8.01638337510083,test
img09943,5220,images/img09943.jpg,72.0,69.46844978760815,2.531550212391849,test
img09944,5220,images/img09944.jpg,72.0,61.61283028242558,10.387169717574425,test
img10002,5251,images/img10002.jpg,79.0,72.38197193414825,6.618028065851746,test
img10003,5251,images/img10003.jpg,79.0,74.24784388354308,4.752156116456916,test
img10036,5268,images/img10036.jpg,53.0,44.16842207359044,8.831577926409558,test
img10040,5270,images/img10040.jpg,80.0,79.64828827159975,0.3517117284002466,test
img10052,5277,images/img10052.jpg,22.0,19.670623400437165,2.329376599562835,test
img10053,5277,images/img10053.jpg,22.0,30.562447274429022,8.562447274429022,test
img10062,5282,images/img10062.jpg,25.0,27.33186722533617,2.3318672253361683,test
img10063,5282,images/img10063.jpg,25.0,32.769277854009204,7.769277854009204,test
img10079,5292,images/img10079.jpg,65.0,62.663294254487234,2.3367057455127664,test
img10090,5298,images/img10090.jpg,15.0,29.838696379080805,14.838696379080805,test
img10091,5298,images/img10091.jpg,15.0,13.58727256834731,1.4127274316526908,test
img10106,5306,images/img10106.jpg,62.0,55.96075562024208,6.039244379757925,test
img10107,5306,images/img10107.jpg,62.0,59.00268637545456,2.9973136245454413,test
img10111,5308,images/img10111.jpg,57.0,53.01962657916643,3.9803734208335726,test
img10148,5327,images/img10148.jpg,87.0,82.3409399933095,4.659060006690496,test
img10149,5327,images/img10149.jpg,87.0,82.8179599092472,4.182040090752807,test
img10156,5331,images/img10156.jpg,50.0,64.2144760165787,14.2144760165787,test
img10157,5331,images/img10157.jpg,50.0,49.35347471832543,0.6465252816745704,test
img10178,5342,images/img10178.jpg,75.0,66.08953854008988,8.910461459910124,test
img10179,5342,images/img10179.jpg,75.0,65.89305634575555,9.106943654244446,test
img10186,5346,images/img10186.jpg,61.0,68.9466657664603,7.946665766460299,test
img10187,5346,images/img10187.jpg,61.0,65.8921674982529,4.892167498252903,test
img10327,5419,images/img10327.jpg,76.0,85.49351958425567,9.493519584255663,test
img10328,5419,images/img10328.jpg,76.0,76.29806607681887,0.2980660768188699,test
img10331,5421,images/img10331.jpg,68.0,54.6186155222279,13.381384477772102,test
img10332,5421,images/img10332.jpg,68.0,70.0947262849234,2.0947262849233965,test
img10345,5428,images/img10345.jpg,90.0,82.14993920700994,7.850060792990064,test
img10346,5428,images/img10346.jpg,90.0,80.52723957518374,9.472760424816258,test
img10349,5430,images/img10349.jpg,72.0,67.1127192562619,4.887280743738103,test
img10350,5430,images/img10350.jpg,72.0,70.05137015778185,1.9486298422181532,test
img10369,5440,images/img10369.jpg,82.0,79.68911200131657,2.3108879986834268,test
img10371,5442,images/img10371.jpg,75.0,75.3662856038749,0.3662856038748998,test
img10372,5442,images/img10372.jpg,75.0,68.29835457596279,6.70164542403721,test
img10382,5448,images/img10382.jpg,63.0,66.02880244509284,3.028802445092836,test
img10384,5450,images/img10384.jpg,63.0,71.01079106153216,8.01079106153216,test
img10385,5450,images/img10385.jpg,63.0,65.4774285269902,2.4774285269901952,test
img10433,5475,images/img10433.jpg,61.0,65.91272114246757,4.912721142467575,test
img10434,5475,images/img10434.jpg,61.0,63.019311488222094,2.019311488222094,test
img10449,5484,images/img10449.jpg,72.0,61.618831911636725,10.381168088363276,test
img10463,5491,images/img10463.jpg,16.0,19.578885613280196,3.5788856132801925,test
img10464,5491,images/img10464.jpg,16.0,23.27259774506073,7.272597745060729,test
img10479,5500,images/img10479.jpg,61.0,80.28825411106624,19.28825411106624,test
img10480,5500,images/img10480.jpg,61.0,82.08162118828476,21.08162118828476,test
img10526,5524,images/img10526.jpg,25.0,29.316865461684355,4.316865461684355,test
img10539,5531,images/img10539.jpg,61.0,66.67454143088482,5.674541430884815,test
img10540,5531,images/img10540.jpg,61.0,64.65340636315435,3.653406363154346,test
img10587,5555,images/img10587.jpg,13.0,20.45966259872852,7.459662598728521,test
img10588,5555,images/img10588.jpg,13.0,22.164729492873924,9.164729492873924,test
img10595,5559,images/img10595.jpg,36.0,42.045168243299344,6.045168243299344,test
img10619,5572,images/img10619.jpg,31.0,37.328197416700846,6.328197416700846,test
img10620,5572,images/img10620.jpg,31.0,41.55892285371145,10.55892285371145,test
img10625,5575,images/img10625.jpg,38.0,36.63415038709764,1.365849612902359,test
img10640,5583,images/img10640.jpg,81.0,75.15945351653426,5.840546483465744,test
img10641,5583,images/img10641.jpg,81.0,79.21848742495624,1.781512575043763,test
img10644,5585,images/img10644.jpg,35.0,67.56757469637583,32.56757469637583,test
img10659,5593,images/img10659.jpg,66.0,56.53301793179906,9.466982068200942,test
img10660,5593,images/img10660.jpg,66.0,55.28923596708411,10.71076403291589,test
img10665,5596,images/img10665.jpg,85.0,69.11172202117638,15.888277978823623,test
img10666,5596,images/img10666.jpg,85.0,70.94122102203023,14.058778977969766,test
img10680,5605,images/img10680.jpg,53.0,53.95527053956823,0.9552705395682324,test
img10681,5605,images/img10681.jpg,53.0,66.1688041063385,13.1688041063385,test
img10747,5640,images/img10747.jpg,76.0,51.974809787925295,24.025190212074705,test
img10748,5640,images/img10748.jpg,76.0,73.43270310576592,2.567296894234076,test
img10753,5643,images/img10753.jpg,62.0,72.73436125227875,10.734361252278743,test
img10754,5643,images/img10754.jpg,62.0,57.71921389342551,4.280786106574489,test
img10758,5645,images/img10758.jpg,80.0,79.43107357293981,0.568926427060191,test
img10763,5648,images/img10763.jpg,78.0,74.00606209427613,3.993937905723868,test
img10764,5648,images/img10764.jpg,78.0,75.65673261186978,2.343267388130215,test
img10772,5653,images/img10772.jpg,65.0,72.77974591482511,7.779745914825114,test
img10773,5653,images/img10773.jpg,65.0,63.42103511458097,1.5789648854190332,test
img10822,5678,images/img10822.jpg,55.0,62.08219956617788,7.082199566177877,test
img10823,5678,images/img10823.jpg,55.0,69.37155232249407,14.371552322494068,test
img10850,5693,images/img10850.jpg,68.0,61.54057788656444,6.459422113435565,test
img10851,5693,images/img10851.jpg,68.0,57.18363405928293,10.81636594071707,test
img10852,5694,images/img10852.jpg,59.0,66.68648252451244,7.686482524512442,test
img10853,5694,images/img10853.jpg,59.0,69.38713714557736,10.387137145577356,test
img10869,5704,images/img10869.jpg,80.0,79.58341003817931,0.4165899618206907,test
img10870,5704,images/img10870.jpg,80.0,81.13675120892752,1.136751208927521,test
img10918,5730,images/img10918.jpg,65.0,63.67411671854112,1.3258832814588857,test
img10919,5730,images/img10919.jpg,65.0,57.02630689254024,7.973693107459759,test
img10953,5749,images/img10953.jpg,48.0,51.84098043642349,3.840980436423493,test
img10954,5749,images/img10954.jpg,48.0,50.596660459949454,2.5966604599494545,test
img10985,5766,images/img10985.jpg,59.0,61.80771255125513,2.807712551255129,test
img10986,5766,images/img10986.jpg,59.0,53.62020993060291,5.379790069397089,test
img11007,5778,images/img11007.jpg,71.0,61.68465897613362,9.31534102386638,test
img11020,5785,images/img11020.jpg,51.0,39.43694067518488,11.56305932481512,test
img11021,5785,images/img11021.jpg,51.0,59.383791466278026,8.383791466278026,test
img11029,5790,images/img11029.jpg,81.0,75.21011455235403,5.789885447645972,test
img11030,5790,images/img11030.jpg,81.0,82.91754354785701,1.917543547857008,test
img11040,5796,images/img11040.jpg,49.0,44.59191155765993,4.408088442340073,test
img11041,5796,images/img11041.jpg,49.0,50.538328615651295,1.5383286156512952,test
img11054,5805,images/img11054.jpg,73.0,76.30571343717295,3.305713437172954,test
img11055,5805,images/img11055.jpg,73.0,74.2012017471678,1.2012017471678007,test
img11059,5808,images/img11059.jpg,77.0,68.58808505290338,8.41191494709662,test
img11091,5826,images/img11091.jpg,58.0,67.41751760694066,9.417517606940663,test
img11092,5826,images/img11092.jpg,58.0,63.20586912761885,5.205869127618847,test
img11103,5832,images/img11103.jpg,72.0,71.48227612952388,0.517723870476118,test
img11158,5864,images/img11158.jpg,84.0,79.91894288146199,4.081057118538013,test
img11159,5864,images/img11159.jpg,84.0,76.59270321009618,7.407296789903825,test
img11173,5872,images/img11173.jpg,61.0,60.443750429093065,0.5562495709069353,test
img11174,5872,images/img11174.jpg,61.0,59.942805792093246,1.057194207906754,test
img11195,5883,images/img11195.jpg,65.0,70.33865875796361,5.338658757963614,test
img11196,5883,images/img11196.jpg,65.0,68.65844251313771,3.6584425131377145,test
img11201,5886,images/img11201.jpg,74.0,65.89697818087154,8.103021819128458,test
img11202,5886,images/img11202.jpg,74.0,64.39581290383413,9.604187096165871,test
img11228,5902,images/img11228.jpg,59.0,75.90449312752878,16.90449312752878,test
img11229,5902,images/img11229.jpg,59.0,67.72439138927285,8.724391389272853,test
img11255,5916,images/img11255.jpg,79.0,69.02461060347493,9.975389396525074,test
img11256,5916,images/img11256.jpg,79.0,74.08590677466452,4.914093225335478,test
img11291,5935,images/img11291.jpg,77.0,81.57234537818954,4.572345378189539,test
img11337,5961,images/img11337.jpg,54.0,62.71274253150584,8.712742531505839,test
img11338,5961,images/img11338.jpg,54.0,68.0104781367578,14.010478136757795,test
img11345,5965,images/img11345.jpg,64.0,76.90367114399272,12.903671143992725,test
img11346,5965,images/img11346.jpg,64.0,71.54442238381041,7.544422383810414,test
img11349,5967,images/img11349.jpg,30.0,35.904702142849004,5.904702142849004,test
img11350,5967,images/img11350.jpg,30.0,26.665883783387194,3.3341162166128058,test
img11356,5971,images/img11356.jpg,68.0,67.62327217117381,0.3767278288261906,test
img11357,5971,images/img11357.jpg,68.0,67.84099945673712,0.1590005432628771,test
img11371,5979,images/img11371.jpg,74.0,67.11090120867058,6.889098791329417,test
img11372,5979,images/img11372.jpg,74.0,75.60815027953473,1.6081502795347262,test
img11382,5985,images/img11382.jpg,74.0,77.0447874091006,3.044787409100607,test
img11383,5985,images/img11383.jpg,74.0,74.00787032637355,0.0078703263735491,test
img11394,5991,images/img11394.jpg,81.0,83.22934688934501,2.2293468893450097,test
img11395,5991,images/img11395.jpg,81.0,82.83233633597104,1.832336335971036,test
img11402,5996,images/img11402.jpg,61.0,61.83795681446954,0.8379568144695426,test
img11432,6013,images/img11432.jpg,44.0,40.005866332286175,3.994133667713825,test
img11433,6013,images/img11433.jpg,44.0,42.88389129046277,1.1161087095372295,test
img11440,6017,images/img11440.jpg,35.0,30.50780987297163,4.492190127028369,test
img11441,6017,images/img11441.jpg,35.0,29.08867922207145,5.911320777928552,test
img11472,6034,images/img11472.jpg,56.0,58.69968671403192,2.69968671403192,test
img11473,6034,images/img11473.jpg,56.0,65.45034648872539,9.450346488725389,test
img11489,6043,images/img11489.jpg,46.0,62.51744364949099,16.517443649490993,test
img11496,6047,images/img11496.jpg,43.0,39.92652769513856,3.07347230486144,test
img11497,6047,images/img11497.jpg,43.0,42.68779735344248,0.312202646557516,test
img11500,6050,images/img11500.jpg,79.0,83.44624749220033,4.446247492200328,test
img11525,6064,images/img11525.jpg,81.0,73.64765260655714,7.352347393442855,test
img11526,6064,images/img11526.jpg,81.0,79.11528514093072,1.8847148590692768,test
img11527,6065,images/img11527.jpg,71.0,71.52516220356894,0.5251622035689394,test
img11528,6065,images/img11528.jpg,71.0,76.6607594823175,5.660759482317502,test
img11544,6074,images/img11544.jpg,79.0,73.09132786239527,5.908672137604725,test
img11545,6074,images/img11545.jpg,79.0,71.87493841910268,7.125061580897324,test
img11568,6086,images/img11568.jpg,77.0,74.17861084266487,2.8213891573351333,test
img11569,6086,images/img11569.jpg,77.0,75.5750938773196,1.4249061226803974,test
img11603,6105,images/img11603.jpg,77.0,67.01333519936126,9.986664800638737,test
img11604,6105,images/img11604.jpg,77.0,73.40707485120791,3.592925148792091,test
img11621,6114,images/img11621.jpg,62.0,66.34025679124237,4.340256791242368,test
img11622,6114,images/img11622.jpg,62.0,69.96314740804947,7.9631474080494655,test
img11628,6118,images/img11628.jpg,31.0,31.04402594197539,0.0440259419753914,test
img11629,6118,images/img11629.jpg,31.0,35.26335995301645,4.263359953016447,test
img11674,6145,images/img11674.jpg,36.0,34.23745979973049,1.7625402002695123,test
img11675,6145,images/img11675.jpg,36.0,44.32313716018366,8.323137160183663,test
img11681,6149,images/img11681.jpg,19.0,29.014186167076325,10.014186167076325,test
img11687,6153,images/img11687.jpg,82.0,77.63291871592175,4.367081284078253,test
img11688,6153,images/img11688.jpg,82.0,82.9699364730439,0.9699364730439016,test
img11689,6154,images/img11689.jpg,50.0,58.19664169766503,8.19664169766503,test
img11690,6154,images/img11690.jpg,50.0,49.10099622193457,0.8990037780654276,test
img11717,6168,images/img11717.jpg,69.0,66.63174805872654,2.3682519412734564,test
img11718,6168,images/img11718.jpg,69.0,67.6793339098563,1.3206660901437033,test
img11721,6170,images/img11721.jpg,78.0,75.07743961199523,2.9225603880047686,test
img11722,6170,images/img11722.jpg,78.0,71.48210054124422,6.517899458755778,test
img11757,6189,images/img11757.jpg,75.0,67.6184996599203,7.381500340079697,test
img11758,6189,images/img11758.jpg,75.0,66.51549171312683,8.484508286873165,test
img11814,6218,images/img11814.jpg,22.0,20.430918470164286,1.5690815298357137,test
img11815,6218,images/img11815.jpg,22.0,20.07104756446548,1.9289524355345196,test
img11839,6231,images/img11839.jpg,44.0,57.35172234732822,13.35172234732822,test
img11840,6231,images/img11840.jpg,44.0,55.505755946898425,11.505755946898423,test
img11857,6240,images/img11857.jpg,76.0,64.03261345509472,11.96738654490528,test
img11879,6252,images/img11879.jpg,61.0,57.30046392964394,3.6995360703560607,test
img11880,6252,images/img11880.jpg,61.0,66.20960929567796,5.209609295677964,test
img11891,6258,images/img11891.jpg,58.0,77.89638402181163,19.896384021811627,test
img11892,6258,images/img11892.jpg,58.0,79.29890903826352,21.29890903826352,test
img11893,6259,images/img11893.jpg,61.0,66.70787921059159,5.707879210591585,test
img11894,6259,images/img11894.jpg,61.0,78.22398158358598,17.22398158358598,test
img11946,6287,images/img11946.jpg,25.0,36.14517301837584,11.145173018375845,test
img11947,6287,images/img11947.jpg,25.0,31.789048103202983,6.789048103202983,test
img11962,6295,images/img11962.jpg,31.0,36.87406287008294,5.874062870082938,test
img11963,6295,images/img11963.jpg,31.0,32.51377836671976,1.5137783667197624,test
img11980,6304,images/img11980.jpg,24.0,22.847425449093592,1.152574550906408,test
img11981,6304,images/img11981.jpg,24.0,27.526401589437693,3.526401589437693,test
img12012,6320,images/img12012.jpg,18.0,14.81960564555554,3.1803943544444597,test
img12013,6321,images/img12013.jpg,12.0,15.360875603304436,3.360875603304436,test
img12014,6321,images/img12014.jpg,12.0,17.09676969194053,5.09676969194053,test
img12019,6324,images/img12019.jpg,57.0,59.99010720247509,2.9901072024750874,test
img12148,6391,images/img12148.jpg,49.0,64.42599991000083,15.425999910000826,test
img12151,6394,images/img12151.jpg,73.0,71.15376572681735,1.846234273182645,test
img12152,6394,images/img12152.jpg,73.0,68.29215009321116,4.707849906788837,test
img12216,6430,images/img12216.jpg,64.0,59.42403908103377,4.575960918966231,test
img12217,6430,images/img12217.jpg,64.0,66.74198368943254,2.741983689432544,test
img12234,6439,images/img12234.jpg,48.0,45.26488363126164,2.7351163687383604,test
img12235,6439,images/img12235.jpg,48.0,45.65253783773348,2.347462162266524,test
img12278,6462,images/img12278.jpg,60.0,73.04904380530907,13.049043805309068,test
img12279,6462,images/img12279.jpg,60.0,69.51005657561565,9.51005657561565,test
img12305,6476,images/img12305.jpg,78.0,71.87067740414211,6.129322595857886,test
img12308,6478,images/img12308.jpg,80.0,78.40379706928779,1.5962029307122094,test
img12309,6478,images/img12309.jpg,80.0,79.92019272101786,0.0798072789821446,test
img12316,6483,images/img12316.jpg,83.0,80.6107388911321,2.389261108867899,test
img12317,6483,images/img12317.jpg,83.0,76.8676330128546,6.132366987145403,test
img12318,6484,images/img12318.jpg,66.0,76.1420586168629,10.142058616862895,test
img12319,6484,images/img12319.jpg,66.0,71.98502136434809,5.985021364348086,test
img12392,6523,images/img12392.jpg,79.0,72.8090124457866,6.190987554213393,test
img12393,6523,images/img12393.jpg,79.0,78.586701163735,0.4132988362649996,test
img12394,6524,images/img12394.jpg,64.0,61.26213795412838,2.7378620458716227,test
img12395,6524,images/img12395.jpg,64.0,66.21855993549913,2.2185599354991297,test
img12397,6526,images/img12397.jpg,71.0,71.05378074356831,0.0537807435683106,test
img12400,6528,images/img12400.jpg,65.0,72.99947010809069,7.999470108090691,test
img12401,6528,images/img12401.jpg,65.0,69.75941156372726,4.759411563727255,test
img12412,6534,images/img12412.jpg,67.0,69.95675970274515,2.956759702745145,test
img12413,6534,images/img12413.jpg,67.0,74.4065113423444,7.406511342344402,test
img12449,6552,images/img12449.jpg,41.0,43.74113072155257,2.7411307215525724,test
img12458,6557,images/img12458.jpg,38.0,36.12304889513809,1.8769511048619092,test
img12459,6557,images/img12459.jpg,38.0,35.5169988589077,2.483001141092302,test
img12468,6562,images/img12468.jpg,33.0,38.20442219420309,5.20442219420309,test
img12469,6562,images/img12469.jpg,33.0,42.22321912132104,9.223219121321035,test
img12525,6591,images/img12525.jpg,66.0,57.41708460729132,8.582915392708678,test
img12526,6591,images/img12526.jpg,66.0,63.48248119696971,2.517518803030292,test
img12527,6592,images/img12527.jpg,65.0,61.97339917880132,3.0266008211986843,test
img12528,6592,images/img12528.jpg,65.0,56.34969613355612,8.650303866443878,test
img12579,6619,images/img12579.jpg,57.0,73.83550370992708,16.83550370992708,test
img12588,6624,images/img12588.jpg,73.0,76.46869207901474,3.468692079014744,test
img12589,6624,images/img12589.jpg,73.0,73.82221462180465,0.8222146218046475,test
img12604,6632,images/img12604.jpg,87.0,73.04275752677498,13.957242473225024,test
img12605,6632,images/img12605.jpg,87.0,75.8004248988197,11.1995751011803,test
img12634,6647,images/img12634.jpg,64.0,73.35720450795185,9.357204507951849,test
img12635,6647,images/img12635.jpg,64.0,73.59549961566545,9.595499615665446,test
img12665,6663,images/img12665.jpg,29.0,32.90182192111607,3.901821921116067,test
img12666,6663,images/img12666.jpg,29.0,29.75816352350939,0.7581635235093884,test
img12676,6669,images/img12676.jpg,31.0,33.65869901774711,2.658699017747111,test
img12677,6669,images/img12677.jpg,31.0,22.657731214092397,8.342268785907606,test
img12707,6685,images/img12707.jpg,18.0,22.18914826046208,4.189148260462076,test
img12708,6685,images/img12708.jpg,18.0,19.58646753700832,1.5864675370083177,test
img12731,6697,images/img12731.jpg,60.0,55.8484294256629,4.1515705743371,test
img12732,6697,images/img12732.jpg,60.0,60.939874022675134,0.9398740226751344,test
img12739,6701,images/img12739.jpg,78.0,72.18956644161136,5.810433558388638,test
img12740,6701,images/img12740.jpg,78.0,71.46737730040277,6.532622699597226,test
img12759,6711,images/img12759.jpg,56.0,59.717720157940505,3.717720157940505,test
img12760,6711,images/img12760.jpg,56.0,59.01895828311044,3.018958283110436,test
img12765,6714,images/img12765.jpg,64.0,57.821106081668745,6.178893918331255,test
img12766,6714,images/img12766.jpg,64.0,47.43035171957125,16.56964828042875,test
img12783,6723,images/img12783.jpg,69.0,63.90426932876417,5.095730671235828,test
img12784,6723,images/img12784.jpg,69.0,71.11132571243928,2.1113257124392817,test
img12791,6727,images/img12791.jpg,74.0,77.22818664068427,3.228186640684271,test
img12792,6727,images/img12792.jpg,74.0,76.2119253024025,2.2119253024025056,test
img12807,6735,images/img12807.jpg,42.0,41.67114775784669,0.3288522421533102,test
img12828,6746,images/img12828.jpg,41.0,46.57918589798116,5.579185897981155,test
img12829,6746,images/img12829.jpg,41.0,51.383331397686206,10.383331397686206,test
img12849,6757,images/img12849.jpg,47.0,38.0953807819209,8.904619218079098,test
img12866,6766,images/img12866.jpg,44.0,62.48160073762031,18.48160073762031,test
img12867,6766,images/img12867.jpg,44.0,56.24966105039032,12.249661050390324,test
img12870,6768,images/img12870.jpg,40.0,38.07228819661891,1.9277118033810865,test
img12871,6768,images/img12871.jpg,40.0,49.29071226914442,9.29071226914442,test
img12878,6772,images/img12878.jpg,42.0,49.36795420773517,7.367954207735167,test
img12879,6772,images/img12879.jpg,42.0,43.33705192196428,1.3370519219642816,test
img12889,6777,images/img12889.jpg,45.0,55.10065279146122,10.100652791461222,test
img12899,6783,images/img12899.jpg,55.0,61.38485562123662,6.384855621236618,test
img12912,6790,images/img12912.jpg,46.0,52.33040277420184,6.330402774201836,test
img12913,6790,images/img12913.jpg,46.0,48.51540821864249,2.5154082186424915,test
img12931,6800,images/img12931.jpg,58.0,64.70086536674371,6.700865366743713,test
img12932,6800,images/img12932.jpg,58.0,62.54773862609053,4.547738626090528,test
img12946,6809,images/img12946.jpg,47.0,36.220525474391934,10.779474525608066,test
img12947,6809,images/img12947.jpg,47.0,46.986027213795474,0.0139727862045262,test
img12977,6826,images/img12977.jpg,58.0,58.2943059982396,0.2943059982395937,test
img12978,6826,images/img12978.jpg,58.0,49.04387550052192,8.95612449947808,test
img12997,6837,images/img12997.jpg,52.0,49.48763943253529,2.512360567464711,test
img12998,6837,images/img12998.jpg,52.0,50.6046699029672,1.395330097032797,test
img13020,6849,images/img13020.jpg,55.0,65.95587986912079,10.955879869120793,test
img13021,6849,images/img13021.jpg,55.0,55.96742565732216,0.9674256573221598,test
img13035,6857,images/img13035.jpg,63.0,52.38733209348355,10.61266790651645,test
img13036,6857,images/img13036.jpg,63.0,60.47640276014288,2.523597239857118,test
img13048,6864,images/img13048.jpg,73.0,83.06599743995609,10.065997439956092,test
img13049,6864,images/img13049.jpg,73.0,78.81300719096193,5.813007190961926,test
img13064,6872,images/img13064.jpg,61.0,77.8559769052801,16.8559769052801,test
img13065,6872,images/img13065.jpg,61.0,73.71975068104206,12.719750681042058,test
img13122,6902,images/img13122.jpg,77.0,87.19397755871249,10.19397755871249,test
img13130,6907,images/img13130.jpg,62.0,65.83811902642917,3.838119026429169,test
img13136,6911,images/img13136.jpg,52.0,62.61649779673573,10.616497796735729,test
img13137,6911,images/img13137.jpg,52.0,62.92264577782497,10.922645777824968,test
img13172,6931,images/img13172.jpg,76.0,84.7970557619336,8.797055761933606,test
img13173,6931,images/img13173.jpg,76.0,83.33981045763143,7.33981045763143,test
img13174,6932,images/img13174.jpg,61.0,64.11952420047656,3.1195242004765618,test
img13175,6932,images/img13175.jpg,61.0,69.1292590369342,8.1292590369342,test
img13178,6934,images/img13178.jpg,94.0,74.23870129628575,19.76129870371425,test
img13179,6934,images/img13179.jpg,94.0,81.27079377476892,12.72920622523108,test
img13184,6937,images/img13184.jpg,54.0,40.28468088940586,13.715319110594136,test
img13185,6937,images/img13185.jpg,54.0,53.25464712905585,0.7453528709441528,test
img13230,6963,images/img13230.jpg,66.0,62.86340600034158,3.136593999658423,test
img13231,6963,images/img13231.jpg,66.0,54.72180226505475,11.278197734945252,test
img13243,6970,images/img13243.jpg,66.0,62.9484583455461,3.0515416544539,test
img13244,6970,images/img13244.jpg,66.0,61.31071483341125,4.689285166588746,test
img13262,6981,images/img13262.jpg,90.0,83.75192596549829,6.2480740345017125,test
img13263,6981,images/img13263.jpg,90.0,81.00377526008931,8.996224739910687,test
img13270,6985,images/img13270.jpg,84.0,83.20179370737327,0.7982062926267304,test
img13271,6985,images/img13271.jpg,84.0,72.98096790209995,11.019032097900052,test
img13287,6994,images/img13287.jpg,43.0,46.39083202320174,3.390832023201739,test
img13288,6994,images/img13288.jpg,43.0,45.55721303286335,2.557213032863352,test
img13303,7002,images/img13303.jpg,80.0,73.26825104922955,6.731748950770452,test
img13304,7002,images/img13304.jpg,80.0,60.78962662171947,19.21037337828053,test
img13321,7011,images/img13321.jpg,36.0,35.63462119407437,0.36537880592563,test
img13322,7011,images/img13322.jpg,36.0,44.10105833899388,8.10105833899388,test
img13333,7017,images/img13333.jpg,55.0,62.67329842398639,7.673298423986388,test
img13334,7017,images/img13334.jpg,55.0,54.985190410256514,0.0148095897434856,test
img13350,7026,images/img13350.jpg,59.0,59.44034643352872,0.4403464335287168,test
img13351,7026,images/img13351.jpg,59.0,63.00945891357309,4.009458913573084,test
img13392,7048,images/img13392.jpg,40.0,49.927606949632434,9.927606949632434,test
img13393,7048,images/img13393.jpg,40.0,51.83458182501485,11.834581825014844,test
img13416,7061,images/img13416.jpg,66.0,66.1142932156913,0.1142932156913048,test
img13417,7061,images/img13417.jpg,66.0,63.75880370925068,2.241196290749322,test
img13448,7078,images/img13448.jpg,71.0,75.85024616460629,4.85024616460629,test
img13449,7078,images/img13449.jpg,71.0,71.3669975161771,0.3669975161770935,test
img13492,7101,images/img13492.jpg,43.0,45.170033241929744,2.170033241929744,test
img13501,7106,images/img13501.jpg,34.0,32.767072639714286,1.2329273602857145,test
img13502,7106,images/img13502.jpg,34.0,36.48718408762876,2.487184087628755,test
img13509,7110,images/img13509.jpg,42.0,66.59390823915359,24.593908239153592,test
img13510,7110,images/img13510.jpg,42.0,55.13368547289944,13.133685472899437,test
img13511,7111,images/img13511.jpg,53.0,49.11009682069023,3.889903179309769,test
img13512,7111,images/img13512.jpg,53.0,50.95903649781218,2.0409635021878216,test
img13515,7113,images/img13515.jpg,45.0,52.75543274550751,7.755432745507505,test
img13516,7113,images/img13516.jpg,45.0,47.75034009235666,2.7503400923566588,test
img13519,7115,images/img13519.jpg,37.0,55.10903931303607,18.10903931303607,test
img13520,7115,images/img13520.jpg,37.0,78.2695712808937,41.2695712808937,test
img13533,7122,images/img13533.jpg,53.0,80.86776741424819,27.867767414248192,test
img13534,7122,images/img13534.jpg,53.0,62.29512162217471,9.295121622174712,test
img13548,7130,images/img13548.jpg,35.0,47.52943149616116,12.52943149616116,test
img13549,7130,images/img13549.jpg,35.0,49.40222009692016,14.40222009692016,test
img13554,7133,images/img13554.jpg,38.0,49.56331525454468,11.563315254544676,test
img13555,7133,images/img13555.jpg,38.0,51.49452349374168,13.494523493741674,test
img13562,7137,images/img13562.jpg,47.0,46.139348163525504,0.8606518364744957,test
img13563,7137,images/img13563.jpg,47.0,48.39725366558466,1.397253665584664,test
img13567,7140,images/img13567.jpg,33.0,47.91751322192261,14.917513221922611,test
img13568,7140,images/img13568.jpg,33.0,37.708676497135954,4.708676497135954,test
img13571,7142,images/img13571.jpg,52.0,55.7933150184675,3.793315018467503,test
img13572,7142,images/img13572.jpg,52.0,60.05791045307603,8.057910453076033,test
img13605,7159,images/img13605.jpg,55.0,53.50425622939827,1.4957437706017274,test
img13606,7159,images/img13606.jpg,55.0,49.25509238710723,5.744907612892767,test
img13609,7161,images/img13609.jpg,57.0,57.9069364410907,0.9069364410907,test
img13610,7161,images/img13610.jpg,57.0,61.06421724463332,4.064217244633319,test
img13648,7180,images/img13648.jpg,62.0,53.77364573115858,8.226354268841419,test
img13665,7189,images/img13665.jpg,56.0,55.27238180978347,0.727618190216532,test
img13666,7189,images/img13666.jpg,56.0,58.52455158300205,2.524551583002044,test
img13673,7193,images/img13673.jpg,36.0,34.38181735904436,1.618182640955638,test
img13674,7193,images/img13674.jpg,36.0,40.67392084344685,4.673920843446844,test
img13684,7199,images/img13684.jpg,32.0,42.936085724550914,10.936085724550914,test
img13692,7203,images/img13692.jpg,78.0,82.49544022964749,4.495440229647485,test
img13695,7205,images/img13695.jpg,40.0,76.30627401093537,36.30627401093537,test
img13696,7205,images/img13696.jpg,40.0,47.53847701908997,7.538477019089967,test
img13704,7209,images/img13704.jpg,41.0,32.13123803256686,8.868761967433137,test
img13734,7225,images/img13734.jpg,42.0,39.781346724948,2.2186532750519987,test
img13735,7225,images/img13735.jpg,42.0,42.322392690408165,0.3223926904081651,test
img13748,7232,images/img13748.jpg,75.0,82.78566475311408,7.785664753114077,test
img13749,7232,images/img13749.jpg,75.0,82.29000630488156,7.290006304881558,test
img13756,7236,images/img13756.jpg,42.0,38.93983171507686,3.0601682849231366,test
img13757,7236,images/img13757.jpg,42.0,53.76609107269127,11.766091072691268,test
img13770,7243,images/img13770.jpg,65.0,61.30817425640828,3.691825743591721,test
img13771,7243,images/img13771.jpg,65.0,68.3630048718028,3.3630048718028007,test
img13831,7274,images/img13831.jpg,66.0,77.6393707672416,11.6393707672416,test
img13832,7274,images/img13832.jpg,66.0,76.38065800488722,10.380658004887223,test
img13839,7278,images/img13839.jpg,36.0,29.068965347889968,6.931034652110032,test
img13840,7278,images/img13840.jpg,36.0,34.59488555683919,1.4051144431608122,test
img13868,7293,images/img13868.jpg,77.0,72.66579457437491,4.334205425625086,test
img13869,7293,images/img13869.jpg,77.0,75.8048309649678,1.195169035032194,test
img13893,7306,images/img13893.jpg,73.0,75.9290842115653,2.9290842115652964,test
img13894,7306,images/img13894.jpg,73.0,78.85527925133337,5.855279251333371,test
img13895,7307,images/img13895.jpg,62.0,68.95661976787956,6.956619767879559,test
img13896,7307,images/img13896.jpg,62.0,66.41548709889,4.415487098889997,test
img13909,7314,images/img13909.jpg,79.0,74.81675209087744,4.1832479091225565,test
img13910,7314,images/img13910.jpg,79.0,76.56174732357442,2.438252676425577,test
img13912,7315,images/img13912.jpg,82.0,80.24309847671074,1.7569015232892582,test
img13931,7325,images/img13931.jpg,63.0,75.2025522596137,12.202552259613697,test
img13932,7325,images/img13932.jpg,63.0,69.22305371536724,6.223053715367243,test
img14017,7368,images/img14017.jpg,77.0,78.09729191328185,1.0972919132818504,test
img14018,7368,images/img14018.jpg,77.0,73.0520168093486,3.9479831906514,test
img14027,7373,images/img14027.jpg,81.0,80.5169224004904,0.483077599509599,test
img14052,7386,images/img14052.jpg,70.0,73.54433471782576,3.5443347178257625,test
img14053,7386,images/img14053.jpg,70.0,76.04539127055013,6.045391270550127,test
img14054,7387,images/img14054.jpg,69.0,68.68613965568655,0.3138603443134542,test
img14055,7387,images/img14055.jpg,69.0,75.46424641416087,6.464246414160868,test
img14060,7390,images/img14060.jpg,79.0,78.43391100455548,0.5660889954445167,test
img14061,7390,images/img14061.jpg,79.0,77.10864483115606,1.891355168843944,test
img14078,7399,images/img14078.jpg,73.0,61.1022615536624,11.897738446337598,test
img14079,7399,images/img14079.jpg,73.0,65.18089645808607,7.8191035419139325,test
img14088,7404,images/img14088.jpg,80.0,78.15217361147616,1.847826388523842,test
img14101,7411,images/img14101.jpg,62.0,68.68018492272401,6.68018492272401,test
img14102,7411,images/img14102.jpg,62.0,69.98654645488304,7.98654645488304,test
img14125,7422,images/img14125.jpg,76.0,72.89462318353267,3.105376816467327,test
img14126,7422,images/img14126.jpg,76.0,75.13217734961245,0.8678226503875521,test
img14136,7428,images/img14136.jpg,69.0,69.17525444132288,0.1752544413228776,test
img14149,7435,images/img14149.jpg,56.0,52.98186855537593,3.018131444624068,test
img14150,7435,images/img14150.jpg,56.0,45.2381571319979,10.761842868002098,test
img14211,7467,images/img14211.jpg,77.0,76.79111142245465,0.2088885775453519,test
img14212,7467,images/img14212.jpg,77.0,72.4910089839887,4.508991016011294,test
img14234,7478,images/img14234.jpg,66.0,60.8303674650434,5.169632534956598,test
img14235,7479,images/img14235.jpg,69.0,75.45578763964485,6.4557876396448535,test
img14236,7479,images/img14236.jpg,69.0,74.5968926619182,5.596892661918204,test
img14241,7482,images/img14241.jpg,67.0,77.05878648461474,10.058786484614744,test
img14242,7482,images/img14242.jpg,67.0,77.11003645006818,10.11003645006818,test
img14273,7498,images/img14273.jpg,56.0,56.33569153682667,0.3356915368266726,test
img14274,7498,images/img14274.jpg,56.0,54.10571261448614,1.8942873855138629,test
img14285,7504,images/img14285.jpg,64.0,52.15559482630177,11.844405173698227,test
img14286,7504,images/img14286.jpg,64.0,61.47407082646276,2.525929173537243,test
img14297,7510,images/img14297.jpg,67.0,64.35381731320737,2.646182686792628,test
img14298,7510,images/img14298.jpg,67.0,70.20092883824927,3.2009288382492684,test
img14319,7520,images/img14319.jpg,64.0,64.59509960289613,0.5950996028961271,test
img14327,7524,images/img14327.jpg,51.0,54.192511026993415,3.192511026993415,test
img14328,7524,images/img14328.jpg,51.0,68.50194100665573,17.501941006655727,test
img14331,7526,images/img14331.jpg,61.0,51.1524535315254,9.847546468474604,test
img14332,7526,images/img14332.jpg,61.0,65.89380232329152,4.893802323291524,test
img14352,7537,images/img14352.jpg,59.0,64.54005540374735,5.5400554037473455,test
img14353,7537,images/img14353.jpg,59.0,60.02417569117176,1.024175691171763,test
img14418,7571,images/img14418.jpg,73.0,72.38352278218356,0.6164772178164384,test
img14419,7571,images/img14419.jpg,73.0,79.38808825334539,6.388088253345387,test
img14422,7573,images/img14422.jpg,83.0,73.19264775281394,9.80735224718606,test
img14423,7573,images/img14423.jpg,83.0,48.94597467380976,34.05402532619024,test
img14454,7589,images/img14454.jpg,75.0,68.4811550624189,6.518844937581093,test
img14455,7589,images/img14455.jpg,75.0,69.02981935890149,5.9701806410985085,test
img14470,7597,images/img14470.jpg,83.0,85.06415061934351,2.064150619343508,test
img14471,7597,images/img14471.jpg,83.0,80.62287956646892,2.377120433531076,test
img14476,7600,images/img14476.jpg,69.0,63.01206056476029,5.98793943523971,test
img14477,7600,images/img14477.jpg,69.0,63.04890247578732,5.951097524212685,test
img14484,7604,images/img14484.jpg,42.0,52.12740200131127,10.127402001311268,test
img14485,7604,images/img14485.jpg,42.0,52.74919936157941,10.749199361579414,test
img14502,7613,images/img14502.jpg,56.0,54.0540918414856,1.9459081585144065,test
img14503,7613,images/img14503.jpg,56.0,60.65810936433499,4.65810936433499,test
img14512,7618,images/img14512.jpg,77.0,72.30474580940879,4.695254190591214,test
img14513,7618,images/img14513.jpg,77.0,77.4267235450738,0.4267235450737985,test
img14518,7621,images/img14518.jpg,56.0,59.30907647205985,3.30907647205985,test
img14519,7621,images/img14519.jpg,56.0,69.037273681209,13.037273681209,test
img14532,7628,images/img14532.jpg,65.0,62.25973676668577,2.7402632333142307,test
img14533,7628,images/img14533.jpg,65.0,66.1731294673146,1.173129467314595,test
img14548,7636,images/img14548.jpg,73.0,74.5014380744066,1.5014380744065932,test
img14579,7652,images/img14579.jpg,74.0,68.33252012898798,5.66747987101202,test
img14580,7652,images/img14580.jpg,74.0,75.53374229215336,1.533742292153363,test
img14591,7658,images/img14591.jpg,63.0,65.76253099855961,2.762530998559612,test
img14592,7658,images/img14592.jpg,63.0,72.12803201977758,9.128032019777578,test
img14595,7660,images/img14595.jpg,56.0,53.92407635466694,2.075923645333063,test
img14596,7660,images/img14596.jpg,56.0,66.47317057528592,10.47317057528592,test
img14615,7670,images/img14615.jpg,65.0,63.05627718353323,1.9437228164667677,test
img14616,7670,images/img14616.jpg,65.0,72.54116506717814,7.541165067178142,test
img14631,7678,images/img14631.jpg,59.0,70.53709096375161,11.53709096375161,test
img14632,7678,images/img14632.jpg,59.0,64.07114799351329,5.071147993513293,test
img14653,7689,images/img14653.jpg,58.0,60.49105238478012,2.4910523847801187,test
img14654,7689,images/img14654.jpg,58.0,53.92581533300188,4.074184666998121,test
img14687,7706,images/img14687.jpg,72.0,73.04743624553127,1.047436245531273,test
img14688,7706,images/img14688.jpg,72.0,75.55657094973063,3.5565709497306277,test
img14693,7709,images/img14693.jpg,61.0,62.75780328275369,1.7578032827536916,test
img14694,7709,images/img14694.jpg,61.0,73.49103767659017,12.491037676590167,test
img14784,7756,images/img14784.jpg,81.0,73.8831448454587,7.116855154541298,test
img14785,7756,images/img14785.jpg,81.0,72.62644425935267,8.373555740647333,test
img14819,7774,images/img14819.jpg,67.0,56.746816225115424,10.253183774884576,test
img14820,7774,images/img14820.jpg,67.0,48.447500269440006,18.552499730559997,test
img14860,7796,images/img14860.jpg,50.0,55.029305602259214,5.029305602259214,test
img14861,7796,images/img14861.jpg,50.0,52.59320935139037,2.593209351390364,test
img14876,7804,images/img14876.jpg,60.0,56.32850884468007,3.6714911553199343,test
img14877,7804,images/img14877.jpg,60.0,61.3931529854086,1.393152985408598,test
img14884,7808,images/img14884.jpg,70.0,68.01162982137473,1.9883701786252743,test
img14885,7808,images/img14885.jpg,70.0,61.26042951288555,8.739570487114449,test
img14890,7811,images/img14890.jpg,54.0,58.15896574230959,4.15896574230959,test
img14891,7811,images/img14891.jpg,54.0,59.22663068578948,5.22663068578948,test
img14945,7838,images/img14945.jpg,52.0,55.15293461071028,3.1529346107102825,test
img14946,7838,images/img14946.jpg,52.0,57.6704458846643,5.670445884664304,test
img14988,7860,images/img14988.jpg,42.0,57.64493071277553,15.644930712775531,test
img15003,7868,images/img15003.jpg,61.0,51.76292217592387,9.237077824076133,test
img15004,7868,images/img15004.jpg,61.0,54.71228941555552,6.287710584444476,test
img15047,7890,images/img15047.jpg,52.0,53.36028801800888,1.3602880180088803,test
img15048,7890,images/img15048.jpg,52.0,65.88791084573408,13.887910845734083,test
img15097,7916,images/img15097.jpg,70.0,81.57259621858907,11.57259621858907,test
img15114,7925,images/img15114.jpg,77.0,79.95787331146764,2.9578733114676368,test
img15115,7925,images/img15115.jpg,77.0,74.7202756013904,2.279724398609602,test
img15132,7934,images/img15132.jpg,64.0,67.66913888353143,3.669138883531432,test
img15133,7934,images/img15133.jpg,64.0,56.77967706724734,7.220322932752659,test
img15138,7937,images/img15138.jpg,52.0,51.54178400623229,0.458215993767709,test
img15139,7937,images/img15139.jpg,52.0,57.384392059981806,5.384392059981806,test
img15147,7941,images/img15147.jpg,68.0,72.40130845712002,4.401308457120024,test
img15168,7954,images/img15168.jpg,54.0,52.38751204420495,1.6124879557950536,test
img15169,7954,images/img15169.jpg,54.0,48.48175525252067,5.518244747479329,test
img15182,7961,images/img15182.jpg,83.0,71.23782997896986,11.762170021030144,test
img15183,7961,images/img15183.jpg,83.0,74.33511562097814,8.664884379021856,test
img15209,7975,images/img15209.jpg,85.0,79.17486737008998,5.825132629910016,test
img15242,7993,images/img15242.jpg,63.0,60.19372471556535,2.806275284434648,test
img15243,7993,images/img15243.jpg,63.0,67.07034685973065,4.070346859730648,test
img15275,8010,images/img15275.jpg,61.0,56.80744189580616,4.192558104193836,test
img15276,8010,images/img15276.jpg,61.0,62.42089081727365,1.4208908172736514,test
img15295,8020,images/img15295.jpg,47.0,46.74612672752494,0.2538732724750616,test
img15296,8020,images/img15296.jpg,47.0,49.79836470561057,2.7983647056105667,test
img15307,8026,images/img15307.jpg,56.0,56.04475838923143,0.0447583892314256,test
img15308,8027,images/img15308.jpg,64.0,65.30231738938984,1.3023173893898417,test
img15313,8030,images/img15313.jpg,48.0,52.6260923465467,4.626092346546699,test
img15314,8030,images/img15314.jpg,48.0,52.557794504114526,4.557794504114526,test
img15319,8033,images/img15319.jpg,68.0,71.50004217347256,3.500042173472565,test
img15320,8033,images/img15320.jpg,68.0,69.34447246545014,1.3444724654501383,test
img15335,8042,images/img15335.jpg,67.0,65.5303553059839,1.4696446940160968,test
img15336,8042,images/img15336.jpg,67.0,40.662893681361815,26.337106318638185,test
img15339,8044,images/img15339.jpg,74.0,71.42994755035252,2.570052449647477,test
img15342,8046,images/img15342.jpg,60.0,61.92397107807571,1.923971078075709,test
img15343,8046,images/img15343.jpg,60.0,67.00438019709837,7.004380197098371,test
img15358,8054,images/img15358.jpg,83.0,78.65347487808748,4.346525121912521,test
img15394,8073,images/img15394.jpg,69.0,66.49059525816917,2.509404741830835,test
img15400,8076,images/img15400.jpg,66.0,70.15874511732287,4.158745117322866,test
img15401,8076,images/img15401.jpg,66.0,67.98976308219909,1.98976308219909,test
img15402,8077,images/img15402.jpg,78.0,80.7131537544252,2.713153754425207,test
img15403,8077,images/img15403.jpg,78.0,78.19419483144809,0.1941948314480868,test
img15408,8080,images/img15408.jpg,55.0,60.97861414116028,5.978614141160279,test
img15409,8080,images/img15409.jpg,55.0,52.48572042305913,2.514279576940872,test
img15420,8086,images/img15420.jpg,65.0,64.48039465063694,0.5196053493630615,test
img15426,8090,images/img15426.jpg,63.0,66.45530964822959,3.455309648229587,test
img15427,8090,images/img15427.jpg,63.0,62.17875676083695,0.8212432391630529,test
img15432,8093,images/img15432.jpg,58.0,65.12463077525265,7.124630775252655,test
img15433,8093,images/img15433.jpg,58.0,69.2955498626601,11.295549862660096,test
img15440,8097,images/img15440.jpg,59.0,52.03505347231198,6.964946527688021,test
img15441,8097,images/img15441.jpg,59.0,53.42534402092985,5.574655979070151,test
img15442,8098,images/img15442.jpg,74.0,80.85096983236375,6.850969832363745,test
img15443,8098,images/img15443.jpg,74.0,72.86314053217193,1.1368594678280743,test
img15448,8101,images/img15448.jpg,72.0,79.77531384991715,7.775313849917154,test
img15449,8101,images/img15449.jpg,72.0,64.25200283095747,7.747997169042534,test
img15464,8109,images/img15464.jpg,68.0,66.99302912371483,1.006970876285166,test
img15465,8109,images/img15465.jpg,68.0,73.17544119201725,5.175441192017246,test
img15466,8110,images/img15466.jpg,70.0,66.3801905828461,3.619809417153903,test
img15467,8110,images/img15467.jpg,70.0,64.47855424553175,5.521445754468246,test
img15519,8137,images/img15519.jpg,74.0,69.98754981648112,4.01245018351888,test
img15520,8137,images/img15520.jpg,74.0,72.58743312417499,1.4125668758250072,test
img15531,8143,images/img15531.jpg,63.0,53.41248790514919,9.587512094850815,test
img15532,8143,images/img15532.jpg,63.0,53.41657496774573,9.583425032254269,test
img15535,8145,images/img15535.jpg,81.0,81.42046260689004,0.420462606890041,test
img15538,8147,images/img15538.jpg,58.0,64.73348988722749,6.733489887227492,test
img15539,8147,images/img15539.jpg,58.0,70.09871682849663,12.098716828496634,test
img15544,8150,images/img15544.jpg,63.0,65.71726085010869,2.717260850108687,test
img15545,8150,images/img15545.jpg,63.0,69.53010853903126,6.530108539031261,test
img15558,8157,images/img15558.jpg,46.0,51.78363395865127,5.783633958651272,test
img15559,8158,images/img15559.jpg,60.0,61.31092368530911,1.3109236853091133,test
img15560,8158,images/img15560.jpg,60.0,62.86717951243872,2.8671795124387174,test
img15569,8163,images/img15569.jpg,54.0,49.71902879498904,4.280971205010964,test
img15570,8163,images/img15570.jpg,54.0,50.10508852900826,3.8949114709917367,test
img15579,8168,images/img15579.jpg,73.0,74.95457798430988,1.9545779843098785,test
img15580,8168,images/img15580.jpg,73.0,74.58768136620363,1.5876813662036255,test
img15583,8170,images/img15583.jpg,77.0,68.37542256218953,8.624577437810473,test
img15584,8170,images/img15584.jpg,77.0,75.36712755512895,1.6328724448710543,test
img15596,8177,images/img15596.jpg,63.0,55.83588849629729,7.164111503702713,test
img15597,8177,images/img15597.jpg,63.0,56.51150448224048,6.4884955177595245,test
img15638,8199,images/img15638.jpg,70.0,62.97495036356681,7.025049636433188,test
img15639,8199,images/img15639.jpg,70.0,66.88902524102129,3.1109747589787133,test
img15667,8214,images/img15667.jpg,59.0,60.57407510396939,1.574075103969392,test
img15668,8214,images/img15668.jpg,59.0,56.08682268831544,2.9131773116845565,test
img15681,8221,images/img15681.jpg,60.0,53.91509463244844,6.084905367551563,test
img15682,8221,images/img15682.jpg,60.0,60.439884215109146,0.4398842151091457,test
img15693,8227,images/img15693.jpg,58.0,51.00217014042545,6.997829859574551,test
img15694,8227,images/img15694.jpg,58.0,59.701324329674215,1.7013243296742149,test
img15699,8230,images/img15699.jpg,73.0,79.19877791321649,6.198777913216489,test
img15700,8230,images/img15700.jpg,73.0,66.80836042158751,6.191639578412492,test
img15705,8233,images/img15705.jpg,61.0,54.72065603348998,6.27934396651002,test
img15706,8233,images/img15706.jpg,61.0,60.90191696248067,0.0980830375193306,test
img15709,8235,images/img15709.jpg,58.0,52.61489832106547,5.385101678934532,test
img15710,8235,images/img15710.jpg,58.0,59.83254126021079,1.832541260210789,test
img15724,8243,images/img15724.jpg,66.0,71.95625215174391,5.956252151743911,test
img15758,8263,images/img15758.jpg,62.0,65.0766515504869,3.0766515504869005,test
img15759,8263,images/img15759.jpg,62.0,61.17947131924538,0.8205286807546202,test
img15800,8285,images/img15800.jpg,63.0,65.16045460144076,2.1604546014407617,test
img15801,8285,images/img15801.jpg,63.0,66.50262469124183,3.5026246912418344,test
img15810,8290,images/img15810.jpg,70.0,71.28080439245996,1.280804392459956,test
img15811,8290,images/img15811.jpg,70.0,60.25646807906378,9.74353192093622,test
img15837,8304,images/img15837.jpg,59.0,65.13093450355366,6.130934503553661,test
img15838,8304,images/img15838.jpg,59.0,65.01537233149436,6.015372331494362,test
img15841,8306,images/img15841.jpg,71.0,70.6604041041561,0.3395958958438996,test
img15842,8306,images/img15842.jpg,71.0,75.29067358257583,4.290673582575835,test
img15845,8308,images/img15845.jpg,70.0,73.00165241956653,3.001652419566525,test
img15846,8308,images/img15846.jpg,70.0,65.51247038549805,4.487529614501952,test
img15864,8318,images/img15864.jpg,63.0,65.46641172570428,2.466411725704276,test
img15865,8318,images/img15865.jpg,63.0,67.6752179460833,4.675217946083293,test
img15868,8320,images/img15868.jpg,62.0,55.98309500271397,6.0169049972860265,test
img15869,8320,images/img15869.jpg,62.0,67.98381271167828,5.983812711678283,test
img15874,8323,images/img15874.jpg,63.0,65.6119416912333,2.611941691233298,test
img15875,8323,images/img15875.jpg,63.0,61.51396426548048,1.4860357345195183,test
img15881,8327,images/img15881.jpg,38.0,47.695524921398736,9.695524921398736,test
img15882,8327,images/img15882.jpg,38.0,55.56034018109722,17.560340181097224,test
img15898,8336,images/img15898.jpg,63.0,63.34654533141714,0.3465453314171398,test
img15899,8336,images/img15899.jpg,63.0,69.87440770897199,6.874407708971987,test
img15919,8347,images/img15919.jpg,70.0,67.0938451521136,2.9061548478863983,test
img15920,8347,images/img15920.jpg,70.0,69.06769625922917,0.932303740770834,test
img15941,8358,images/img15941.jpg,69.0,77.31673766415689,8.31673766415689,test
img15942,8358,images/img15942.jpg,69.0,76.93320923695197,7.933209236951967,test
img15954,8365,images/img15954.jpg,54.0,63.21879885960372,9.218798859603725,test
img15955,8365,images/img15955.jpg,54.0,62.3427682107585,8.3427682107585,test
img16037,8409,images/img16037.jpg,63.0,70.42560222165844,7.425602221658437,test
img16038,8409,images/img16038.jpg,63.0,75.4712677641266,12.471267764126594,test
img16059,8420,images/img16059.jpg,57.0,64.12509940100853,7.125099401008527,test
img16060,8420,images/img16060.jpg,57.0,54.05390970954333,2.9460902904566666,test
img16071,8426,images/img16071.jpg,87.0,86.0143754959253,0.9856245040747068,test
img16072,8426,images/img16072.jpg,87.0,82.41441005571876,4.585589944281239,test
img16079,8430,images/img16079.jpg,52.0,62.53866365668003,10.53866365668003,test
img16080,8430,images/img16080.jpg,52.0,55.78256759795846,3.7825675979584616,test
img16082,8432,images/img16082.jpg,50.0,59.31933148195852,9.31933148195852,test
img16083,8432,images/img16083.jpg,50.0,58.89067795749021,8.890677957490212,test
img16087,8434,images/img16087.jpg,67.0,49.19472110129992,17.80527889870008,test
img16088,8435,images/img16088.jpg,69.0,78.09374088571298,9.093740885712975,test
img16089,8435,images/img16089.jpg,69.0,73.60121986738496,4.601219867384955,test
img16110,8446,images/img16110.jpg,61.0,79.19773528964282,18.19773528964282,test
img16111,8446,images/img16111.jpg,61.0,71.37187690725298,10.371876907252982,test
img16118,8450,images/img16118.jpg,59.0,52.07877713516935,6.9212228648306535,test
img16119,8450,images/img16119.jpg,59.0,65.8057180810841,6.805718081084095,test
img16124,8453,images/img16124.jpg,54.0,61.64055196370916,7.640551963709157,test
img16125,8453,images/img16125.jpg,54.0,57.72240542853051,3.7224054285305073,test
img16130,8456,images/img16130.jpg,63.0,68.87218252695908,5.87218252695908,test
img16131,8456,images/img16131.jpg,63.0,68.31575744663738,5.315757446637377,test
img16150,8466,images/img16150.jpg,72.0,73.53660665229967,1.5366066522996675,test
img16151,8466,images/img16151.jpg,72.0,75.52616473086695,3.5261647308669524,test
img16154,8468,images/img16154.jpg,66.0,69.1852411610551,3.185241161055103,test
img16155,8468,images/img16155.jpg,66.0,66.43047753928745,0.4304775392874518,test
img16161,8472,images/img16161.jpg,68.0,74.32610063514144,6.326100635141444,test
img16162,8472,images/img16162.jpg,68.0,73.70002044770409,5.700020447704091,test
img16239,8511,images/img16239.jpg,34.0,43.836642020806686,9.836642020806686,test
img16240,8511,images/img16240.jpg,34.0,46.50643672906792,12.506436729067914,test
img16243,8513,images/img16243.jpg,29.0,37.216287698980665,8.216287698980665,test
img16244,8513,images/img16244.jpg,29.0,34.301181986092274,5.301181986092274,test
img16247,8515,images/img16247.jpg,20.0,33.41127659132225,13.411276591322247,test
img16248,8515,images/img16248.jpg,20.0,28.05390804352591,8.053908043525912,test
img16261,8522,images/img16261.jpg,33.0,35.96649831118664,2.9664983111866405,test
img16262,8522,images/img16262.jpg,33.0,31.48390621023792,1.5160937897620812,test
img16263,8523,images/img16263.jpg,19.0,22.399359058923224,3.399359058923224,test
img16264,8523,images/img16264.jpg,19.0,21.150448703137958,2.150448703137954,test
img16265,8524,images/img16265.jpg,20.0,28.236306094732356,8.236306094732353,test
img16266,8524,images/img16266.jpg,20.0,22.962903644149577,2.962903644149577,test
