image_id,patient_id,image_path,age_true,age_pred,absolute_error,split
img00001,1,images/img00001.jpg,48.0,44.96107773607663,3.038922263923368,validation
img00002,1,images/img00002.jpg,48.0,49.17700195359985,1.1770019535998486,validation
img00015,8,images/img00015.jpg,28.0,30.64609927583796,2.6460992758379582,validation
img00016,8,images/img00016.jpg,28.0,32.78905062115405,4.789050621154047,validation
img00029,15,images/img00029.jpg,26.0,25.25108721834656,0.7489127816534378,validation
img00030,15,images/img00030.jpg,26.0,25.91119008884242,0.088809911157579,validation
img00047,24,images/img00047.jpg,13.0,18.828776844994486,5.828776844994486,validation
img00048,24,images/img00048.jpg,13.0,17.312640758547396,4.312640758547396,validation
img00070,36,images/img00070.jpg,39.0,42.01432032721043,3.0143203272104278,validation
img00071,36,images/img00071.jpg,39.0,39.34330195404371,0.3433019540437101,validation
img00074,38,images/img00074.jpg,37.0,27.328137337656337,9.671862662343663,validation
img00075,38,images/img00075.jpg,37.0,27.494202407022662,9.505797592977334,validation
img00094,48,images/img00094.jpg,20.0,22.10939628196047,2.1093962819604712,validation
img00095,48,images/img00095.jpg,20.0,18.854301491561397,1.1456985084386062,validation
img00096,49,images/img00096.jpg,20.0,21.776094827623098,1.7760948276230977,validation
img00097,49,images/img00097.jpg,20.0,18.93043918708903,1.0695608129109715,validation
img00118,60,images/img00118.jpg,20.0,23.7476262063483,3.747626206348301,validation
img00119,60,images/img00119.jpg,20.0,22.23215321104429,2.232153211044292,validation
img00130,66,images/img00130.jpg,27.0,21.888940289094545,5.111059710905458,validation
img00131,66,images/img00131.jpg,27.0,22.780939655895352,4.219060344104648,validation
img00132,67,images/img00132.jpg,18.0,22.280715912391543,4.280715912391543,validation
img00133,67,images/img00133.jpg,18.0,22.305741059380274,4.305741059380274,validation
img00160,81,images/img00160.jpg,28.0,30.65924985643545,2.659249856435455,validation
img00161,81,images/img00161.jpg,28.0,27.524183287817586,0.4758167121824179,validation
img00177,90,images/img00177.jpg,25.0,22.22769697681628,2.772303023183724,validation
img00178,90,images/img00178.jpg,25.0,21.676218905417315,3.323781094582685,validation
img00191,97,images/img00191.jpg,19.0,23.00135420556484,4.001354205564837,validation
img00192,97,images/img00192.jpg,19.0,23.6798709426064,4.679870942606399,validation
img00197,100,images/img00197.jpg,15.0,28.380406269984107,13.380406269984109,validation
img00198,100,images/img00198.jpg,15.0,22.61211097969256,7.612110979692559,validation
img00209,106,images/img00209.jpg,24.0,22.41481955241717,1.5851804475828288,validation
img00210,106,images/img00210.jpg,24.0,21.63865391967341,2.361346080326591,validation
img00223,113,images/img00223.jpg,16.0,16.116947829436143,0.1169478294361425,validation
img00224,113,images/img00224.jpg,16.0,16.766044259445195,0.766044259445195,validation
img00227,115,images/img00227.jpg,18.0,20.41101701098838,2.411017010988381,validation
img00228,115,images/img00228.jpg,18.0,20.9078794931386,2.9078794931386014,validation
img00253,128,images/img00253.jpg,18.0,22.20462402250208,4.204624022502081,validation
img00254,128,images/img00254.jpg,18.0,20.5097870542154,2.5097870542154013,validation
img00255,129,images/img00255.jpg,47.0,48.26523908984287,1.265239089842872,validation
img00256,129,images/img00256.jpg,47.0,54.06492732878707,7.064927328787071,validation
img00269,136,images/img00269.jpg,17.0,22.68185987930544,5.681859879305442,validation
img00270,136,images/img00270.jpg,17.0,20.854507199783143,3.854507199783143,validation
img00271,137,images/img00271.jpg,17.0,21.419436860259022,4.419436860259026,validation
img00272,137,images/img00272.jpg,17.0,19.96158081411454,2.9615808141145408,validation
img00275,139,images/img00275.jpg,15.0,23.25633456228831,8.256334562288309,validation
img00276,139,images/img00276.jpg,15.0,19.073008145293272,4.073008145293272,validation
img00277,140,images/img00277.jpg,18.0,20.04167524429201,2.0416752442920085,validation
img00278,140,images/img00278.jpg,18.0,18.01916873394241,0.0191687339424149,validation
img00281,142,images/img00281.jpg,16.0,20.08201910541844,4.082019105418439,validation
img00282,142,images/img00282.jpg,16.0,17.96917951414919,1.9691795141491892,validation
img00283,143,images/img00283.jpg,14.0,19.122857766951117,5.122857766951114,validation
img00284,143,images/img00284.jpg,14.0,19.362979647139483,5.362979647139483,validation
img00285,144,images/img00285.jpg,24.0,22.13736607711749,1.8626339228825088,validation
img00286,144,images/img00286.jpg,24.0,24.965739904734995,0.9657399047349956,validation
img00295,149,images/img00295.jpg,17.0,19.414303774102336,2.4143037741023363,validation
img00296,149,images/img00296.jpg,17.0,21.01384320277971,4.013843202779711,validation
img00319,161,images/img00319.jpg,17.0,20.73076654008903,3.7307665400890286,validation
img00320,161,images/img00320.jpg,17.0,24.389723098600285,7.389723098600285,validation
img00329,166,images/img00329.jpg,66.0,66.45712333337917,0.4571233333791724,validation
img00330,166,images/img00330.jpg,66.0,54.74223157968008,11.25776842031992,validation
img00334,169,images/img00334.jpg,68.0,58.47147055079527,9.528529449204733,validation
img00335,169,images/img00335.jpg,68.0,66.40581120313108,1.59418879686892,validation
img00342,173,images/img00342.jpg,41.0,63.804828560121045,22.804828560121045,validation
img00343,173,images/img00343.jpg,41.0,63.7377058504301,22.737705850430103,validation
img00357,181,images/img00357.jpg,28.0,37.80695358444739,9.806953584447392,validation
img00358,181,images/img00358.jpg,28.0,34.10045077351215,6.100450773512151,validation
img00366,186,images/img00366.jpg,68.0,74.99373089884381,6.993730898843808,validation
img00367,186,images/img00367.jpg,68.0,74.5694703531984,6.569470353198398,validation
img00370,188,images/img00370.jpg,83.0,77.57624623539694,5.423753764603063,validation
img00371,188,images/img00371.jpg,83.0,79.19987070487005,3.800129295129949,validation
img00375,191,images/img00375.jpg,61.0,64.12259645006547,3.1225964500654726,validation
img00376,191,images/img00376.jpg,61.0,62.35641011135593,1.3564101113559277,validation
img00388,198,images/img00388.jpg,64.0,54.7365923057852,9.263407694214806,validation
img00389,198,images/img00389.jpg,64.0,47.20077604226709,16.799223957732913,validation
img00405,208,images/img00405.jpg,53.0,57.94404030311103,4.944040303111031,validation
img00406,208,images/img00406.jpg,53.0,51.76277930595719,1.2372206940428114,validation
img00418,215,images/img00418.jpg,66.0,58.41854649832764,7.581453501672357,validation
img00419,215,images/img00419.jpg,66.0,57.08703780713773,8.912962192862267,validation
img00439,226,images/img00439.jpg,65.0,68.84297816079224,3.842978160792242,validation
img00440,226,images/img00440.jpg,65.0,61.576293197014486,3.4237068029855138,validation
img00453,233,images/img00453.jpg,78.0,62.63930027966262,15.36069972033738,validation
img00454,233,images/img00454.jpg,78.0,65.0007118007528,12.999288199247204,validation
img00457,235,images/img00457.jpg,54.0,54.33375107638541,0.3337510763854112,validation
img00458,235,images/img00458.jpg,54.0,61.7457364321961,7.745736432196104,validation
img00467,240,images/img00467.jpg,65.0,79.52172074966408,14.521720749664084,validation
img00472,243,images/img00472.jpg,77.0,62.00446412636633,14.99553587363367,validation
img00473,243,images/img00473.jpg,77.0,66.5964362741366,10.403563725863409,validation
img00474,244,images/img00474.jpg,42.0,43.37761499578768,1.377614995787681,validation
img00475,244,images/img00475.jpg,42.0,54.30919407392492,12.30919407392492,validation
img00498,257,images/img00498.jpg,59.0,51.23499256498776,7.765007435012237,validation
img00499,257,images/img00499.jpg,59.0,53.25683489358384,5.743165106416157,validation
img00516,268,images/img00516.jpg,84.0,68.13255016248988,15.867449837510122,validation
img00517,268,images/img00517.jpg,84.0,70.28798027237693,13.712019727623073,validation
img00542,281,images/img00542.jpg,85.0,82.48444687648588,2.515553123514124,validation
img00543,281,images/img00543.jpg,85.0,81.00375781032238,3.996242189677616,validation
img00550,285,images/img00550.jpg,63.0,55.10051428393626,7.899485716063737,validation
img00551,285,images/img00551.jpg,63.0,63.2721449783088,0.2721449783087948,validation
img00560,290,images/img00560.jpg,62.0,59.89277076666185,2.1072292333381526,validation
img00561,290,images/img00561.jpg,62.0,58.192347214596815,3.807652785403185,validation
img00568,294,images/img00568.jpg,65.0,57.8777917176819,7.122208282318098,validation
img00569,294,images/img00569.jpg,65.0,55.464621665860896,9.535378334139104,validation
img00572,296,images/img00572.jpg,65.0,68.241495601054,3.241495601053998,validation
img00573,296,images/img00573.jpg,65.0,62.694943769244176,2.305056230755824,validation
img00577,299,images/img00577.jpg,56.0,55.56486757765597,0.4351324223440329,validation
img00578,299,images/img00578.jpg,56.0,51.15147907110378,4.848520928896221,validation
img00589,305,images/img00589.jpg,59.0,52.92921851877952,6.070781481220479,validation
img00590,305,images/img00590.jpg,59.0,58.02722143346565,0.9727785665343518,validation
img00598,310,images/img00598.jpg,78.0,80.24659715497884,2.2465971549788435,validation
img00599,310,images/img00599.jpg,78.0,73.13341888143488,4.866581118565122,validation
img00600,311,images/img00600.jpg,27.0,26.840209136170788,0.1597908638292118,validation
img00601,311,images/img00601.jpg,27.0,31.68672048874449,4.686720488744495,validation
img00602,312,images/img00602.jpg,60.0,66.83078119086295,6.83078119086295,validation
img00603,312,images/img00603.jpg,60.0,67.0399046507227,7.039904650722704,validation
img00621,322,images/img00621.jpg,45.0,47.401470174092495,2.401470174092495,validation
img00622,322,images/img00622.jpg,45.0,46.62956555630929,1.629565556309288,validation
img00641,332,images/img00641.jpg,17.0,19.918209418426933,2.918209418426933,validation
img00642,332,images/img00642.jpg,17.0,16.602553030700037,0.3974469692999633,validation
img00661,342,images/img00661.jpg,70.0,64.95687580502087,5.043124194979129,validation
img00662,342,images/img00662.jpg,70.0,66.59358432785508,3.4064156721449166,validation
img00667,345,images/img00667.jpg,60.0,66.21153749492298,6.211537494922979,validation
img00668,345,images/img00668.jpg,60.0,60.98756069119233,0.9875606911923284,validation
img00686,355,images/img00686.jpg,22.0,33.592904671563204,11.592904671563204,validation
img00732,379,images/img00732.jpg,49.0,43.312913441257336,5.687086558742664,validation
img00733,379,images/img00733.jpg,49.0,56.49514900656018,7.495149006560183,validation
img00772,400,images/img00772.jpg,90.0,80.24626779062817,9.753732209371831,validation
img00773,400,images/img00773.jpg,90.0,83.63287274944392,6.367127250556081,validation
img00776,402,images/img00776.jpg,55.0,42.63267790217384,12.36732209782616,validation
img00777,402,images/img00777.jpg,55.0,58.84982709883888,3.84982709883888,validation
img00782,405,images/img00782.jpg,63.0,60.33364676224943,2.6663532377505703,validation
img00783,405,images/img00783.jpg,63.0,59.87447741256896,3.1255225874310426,validation
img00792,410,images/img00792.jpg,60.0,63.94454557204378,3.944545572043779,validation
img00793,410,images/img00793.jpg,60.0,61.11033152555916,1.110331525559161,validation
img00800,414,images/img00800.jpg,50.0,49.966004071136496,0.0339959288635043,validation
img00801,414,images/img00801.jpg,50.0,55.18682246705404,5.186822467054043,validation
img00810,419,images/img00810.jpg,55.0,56.07992212345514,1.079922123455141,validation
img00811,419,images/img00811.jpg,55.0,61.8047231880591,6.8047231880591,validation
img00823,426,images/img00823.jpg,66.0,66.47540632667295,0.4754063266729531,validation
img00824,426,images/img00824.jpg,66.0,55.90276377374631,10.097236226253692,validation
img00825,427,images/img00825.jpg,69.0,70.36864727303156,1.3686472730315558,validation
img00826,427,images/img00826.jpg,69.0,70.8985792447221,1.8985792447221,validation
img00829,429,images/img00829.jpg,60.0,85.7093862884208,25.7093862884208,validation
img00839,435,images/img00839.jpg,63.0,58.08450915460081,4.915490845399191,validation
img00840,435,images/img00840.jpg,63.0,50.52872197365486,12.47127802634514,validation
img00866,449,images/img00866.jpg,64.0,65.93977264364025,1.9397726436402536,validation
img00867,449,images/img00867.jpg,64.0,61.44945574899672,2.5505442510032807,validation
img00901,466,images/img00901.jpg,71.0,62.81438306139172,8.185616938608277,validation
img00912,472,images/img00912.jpg,76.0,71.5351129331569,4.464887066843104,validation
img00913,472,images/img00913.jpg,76.0,74.30316727896263,1.6968327210373673,validation
img00954,494,images/img00954.jpg,45.0,44.240272579507135,0.7597274204928652,validation
img00955,494,images/img00955.jpg,45.0,43.916566315756654,1.083433684243346,validation
img00996,516,images/img00996.jpg,38.0,46.22159545869712,8.221595458697124,validation
img00997,516,images/img00997.jpg,38.0,53.14665651992557,15.146656519925564,validation
img01052,547,images/img01052.jpg,66.0,67.94700788140597,1.947007881405966,validation
img01053,547,images/img01053.jpg,66.0,68.29746463784971,2.297464637849714,validation
img01058,550,images/img01058.jpg,79.0,69.97836796724822,9.021632032751782,validation
img01059,550,images/img01059.jpg,79.0,77.43387576829144,1.5661242317085566,validation
img01066,554,images/img01066.jpg,88.0,83.34261332644347,4.65738667355653,validation
img01067,554,images/img01067.jpg,88.0,67.43878232915745,20.561217670842552,validation
img01089,566,images/img01089.jpg,54.0,46.24396824111353,7.756031758886472,validation
img01090,566,images/img01090.jpg,54.0,44.41968672056971,9.580313279430293,validation
img01110,577,images/img01110.jpg,70.0,73.94016304949068,3.9401630494906783,validation
img01111,577,images/img01111.jpg,70.0,60.723569711073885,9.276430288926116,validation
img01113,579,images/img01113.jpg,67.0,59.14717739822013,7.85282260177987,validation
img01114,579,images/img01114.jpg,67.0,63.63866860764707,3.3613313923529304,validation
img01123,584,images/img01123.jpg,50.0,43.55363624779413,6.446363752205876,validation
img01124,584,images/img01124.jpg,50.0,51.31624740466562,1.3162474046656245,validation
img01189,619,images/img01189.jpg,87.0,82.07868744622078,4.921312553779217,validation
img01212,631,images/img01212.jpg,30.0,28.71956866478681,1.2804313352131906,validation
img01213,631,images/img01213.jpg,30.0,30.532394413345543,0.5323944133455463,validation
img01229,640,images/img01229.jpg,47.0,54.74051114172249,7.740511141722493,validation
img01247,650,images/img01247.jpg,43.0,39.22987955965337,3.770120440346631,validation
img01248,650,images/img01248.jpg,43.0,46.83573237128599,3.835732371285985,validation
img01276,666,images/img01276.jpg,79.0,65.96126748465834,13.038732515341664,validation
img01277,666,images/img01277.jpg,79.0,82.57266853560782,3.572668535607818,validation
img01303,681,images/img01303.jpg,59.0,71.50285922022023,12.50285922022023,validation
img01305,682,images/img01305.jpg,71.0,72.79487922518925,1.7948792251892485,validation
img01335,698,images/img01335.jpg,18.0,16.476513364213794,1.523486635786206,validation
img01336,698,images/img01336.jpg,18.0,21.05300047975536,3.0530004797553616,validation
img01345,703,images/img01345.jpg,41.0,46.3780566125931,5.378056612593099,validation
img01350,706,images/img01350.jpg,65.0,54.73266174578575,10.267338254214252,validation
img01424,745,images/img01424.jpg,74.0,67.13641713035403,6.863582869645967,validation
img01425,745,images/img01425.jpg,74.0,78.85070304995776,4.850703049957758,validation
img01437,753,images/img01437.jpg,86.0,67.11643278478525,18.883567215214757,validation
img01438,753,images/img01438.jpg,86.0,73.31711803088753,12.682881969112472,validation
img01439,754,images/img01439.jpg,67.0,58.66016040175111,8.339839598248894,validation
img01440,754,images/img01440.jpg,67.0,55.3274643166237,11.672535683376296,validation
img01475,773,images/img01475.jpg,65.0,64.37912765482425,0.620872345175755,validation
img01476,773,images/img01476.jpg,65.0,62.86225486102987,2.137745138970132,validation
img01490,780,images/img01490.jpg,59.0,63.10277754055225,4.102777540552253,validation
img01549,811,images/img01549.jpg,42.0,33.82628221683576,8.173717783164243,validation
img01550,811,images/img01550.jpg,42.0,38.86994976099119,3.13005023900881,validation
img01650,864,images/img01650.jpg,51.0,59.76572773857752,8.765727738577517,validation
img01678,881,images/img01678.jpg,76.0,27.057984408593143,48.94201559140686,validation
img01679,881,images/img01679.jpg,76.0,49.494726219126974,26.505273780873026,validation
img01698,891,images/img01698.jpg,21.0,34.18009805341221,13.180098053412207,validation
img01699,891,images/img01699.jpg,21.0,33.854498489950565,12.854498489950563,validation
img01724,904,images/img01724.jpg,13.0,18.05149878960937,5.051498789609369,validation
img01725,904,images/img01725.jpg,13.0,21.41666670975997,8.416666709759966,validation
img01765,928,images/img01765.jpg,82.0,78.36886699834928,3.631133001650724,validation
img01766,928,images/img01766.jpg,82.0,68.01206279371651,13.98793720628349,validation
img01790,941,images/img01790.jpg,77.0,79.79869217515251,2.7986921751525102,validation
img01791,941,images/img01791.jpg,77.0,83.56741213005242,6.567412130052418,validation
img01794,943,images/img01794.jpg,62.0,66.70921629898207,4.709216298982071,validation
img01795,943,images/img01795.jpg,62.0,64.93069079383696,2.930690793836959,validation
img01827,961,images/img01827.jpg,41.0,24.206840816361733,16.793159183638267,validation
img01828,961,images/img01828.jpg,41.0,26.92205508670317,14.077944913296824,validation
img01854,975,images/img01854.jpg,53.0,50.19929436757443,2.8007056324255686,validation
img01855,975,images/img01855.jpg,53.0,55.6959697214445,2.695969721444498,validation
img01862,979,images/img01862.jpg,55.0,51.71851415501999,3.2814858449800117,validation
img01883,993,images/img01883.jpg,69.0,57.12920435094981,11.870795649050187,validation
img01884,993,images/img01884.jpg,69.0,52.809688978618674,16.190311021381326,validation
img01892,998,images/img01892.jpg,71.0,70.72172258512421,0.278277414875788,validation
img01893,998,images/img01893.jpg,71.0,64.24703564574173,6.752964354258268,validation
img01911,1008,images/img01911.jpg,81.0,65.55608553261736,15.44391446738264,validation
img01912,1008,images/img01912.jpg,81.0,69.33901941328664,11.660980586713364,validation
img01918,1012,images/img01918.jpg,58.0,56.46876570876699,1.5312342912330124,validation
img01919,1012,images/img01919.jpg,58.0,58.96283615187523,0.96283615187523,validation
img01932,1019,images/img01932.jpg,59.0,54.93653718824334,4.063462811756658,validation
img01933,1019,images/img01933.jpg,59.0,54.180630734897406,4.819369265102594,validation
img01939,1023,images/img01939.jpg,32.0,30.383054945575104,1.616945054424896,validation
img01940,1023,images/img01940.jpg,32.0,33.55779355929286,1.5577935592928611,validation
img01947,1027,images/img01947.jpg,59.0,46.75186988206354,12.248130117936462,validation
img01948,1027,images/img01948.jpg,59.0,54.85395289444802,4.146047105551979,validation
img01951,1029,images/img01951.jpg,33.0,24.8016837397857,8.198316260214298,validation
img01952,1029,images/img01952.jpg,33.0,27.344718978675104,5.655281021324896,validation
img01979,1045,images/img01979.jpg,55.0,51.74950003332864,3.250499966671363,validation
img01980,1045,images/img01980.jpg,55.0,33.63862087968111,21.361379120318887,validation
img02010,1061,images/img02010.jpg,76.0,75.84496761011202,0.1550323898879781,validation
img02027,1070,images/img02027.jpg,37.0,40.48690623827879,3.486906238278792,validation
img02028,1070,images/img02028.jpg,37.0,33.877708861179286,3.1222911388207137,validation
img02087,1103,images/img02087.jpg,69.0,58.78412954433087,10.215870455669132,validation
img02088,1103,images/img02088.jpg,69.0,54.69647583693399,14.303524163066015,validation
img02097,1108,images/img02097.jpg,55.0,60.933025534463,5.933025534462999,validation
img02098,1108,images/img02098.jpg,55.0,61.64528793951315,6.645287939513153,validation
img02121,1121,images/img02121.jpg,36.0,33.33298166835873,2.667018331641273,validation
img02122,1121,images/img02122.jpg,36.0,31.408512311025383,4.591487688974617,validation
img02171,1146,images/img02171.jpg,49.0,46.518766080009584,2.481233919990416,validation
img02172,1146,images/img02172.jpg,49.0,49.71681703703152,0.7168170370315181,validation
img02179,1150,images/img02179.jpg,34.0,33.86949220217932,0.1305077978206839,validation
img02180,1150,images/img02180.jpg,34.0,39.557581820029256,5.557581820029256,validation
img02187,1154,images/img02187.jpg,45.0,50.03092483836381,5.030924838363809,validation
img02188,1154,images/img02188.jpg,45.0,47.69924717480554,2.699247174805542,validation
img02189,1155,images/img02189.jpg,40.0,38.12231885960858,1.8776811403914169,validation
img02206,1164,images/img02206.jpg,56.0,54.78388935372531,1.216110646274693,validation
img02207,1164,images/img02207.jpg,56.0,54.516081237092415,1.4839187629075852,validation
img02219,1171,images/img02219.jpg,77.0,74.68747658323738,2.312523416762616,validation
img02220,1171,images/img02220.jpg,77.0,78.08408243972099,1.0840824397209872,validation
img02226,1175,images/img02226.jpg,76.0,72.24035507885176,3.759644921148237,validation
img02227,1175,images/img02227.jpg,76.0,70.19981532499747,5.800184675002527,validation
img02232,1178,images/img02232.jpg,89.0,84.10019495741403,4.899805042585967,validation
img02233,1178,images/img02233.jpg,89.0,81.74205090518022,7.257949094819779,validation
img02247,1186,images/img02247.jpg,40.0,44.992656361155454,4.992656361155454,validation
img02248,1186,images/img02248.jpg,40.0,58.08963406935037,18.089634069350367,validation
img02257,1191,images/img02257.jpg,79.0,66.75158215185073,12.248417848149272,validation
img02258,1191,images/img02258.jpg,79.0,60.80392288857652,18.196077111423484,validation
img02279,1202,images/img02279.jpg,35.0,30.781186646473884,4.218813353526116,validation
img02280,1202,images/img02280.jpg,35.0,34.18003697922798,0.8199630207720219,validation
img02286,1206,images/img02286.jpg,31.0,30.143652868272312,0.8563471317276878,validation
img02297,1212,images/img02297.jpg,51.0,63.32065642096571,12.320656420965712,validation
img02298,1212,images/img02298.jpg,51.0,46.80055473177926,4.199445268220742,validation
img02338,1233,images/img02338.jpg,19.0,22.175096835647167,3.1750968356471674,validation
img02375,1252,images/img02375.jpg,29.0,40.79924179765794,11.799241797657942,validation
img02376,1252,images/img02376.jpg,29.0,28.88554648531852,0.1144535146814789,validation
img02383,1256,images/img02383.jpg,18.0,17.490209586757835,0.5097904132421647,validation
img02408,1269,images/img02408.jpg,63.0,69.90988090390597,6.909880903905972,validation
img02426,1278,images/img02426.jpg,75.0,75.06492812911131,0.0649281291113084,validation
img02445,1288,images/img02445.jpg,63.0,69.29427493906427,6.294274939064266,validation
img02446,1288,images/img02446.jpg,63.0,64.3076152381417,1.3076152381416932,validation
img02453,1292,images/img02453.jpg,63.0,75.5488690588549,12.548869058854905,validation
img02454,1292,images/img02454.jpg,63.0,74.1294243121501,11.129424312150109,validation
img02457,1294,images/img02457.jpg,61.0,59.49964878478568,1.500351215214323,validation
img02458,1294,images/img02458.jpg,61.0,60.2257379489016,0.7742620510983969,validation
img02479,1305,images/img02479.jpg,80.0,77.99774971786847,2.002250282131527,validation
img02480,1305,images/img02480.jpg,80.0,73.2569359659903,6.743064034009706,validation
img02487,1309,images/img02487.jpg,44.0,35.781295209947295,8.218704790052705,validation
img02488,1309,images/img02488.jpg,44.0,41.05662149733335,2.943378502666647,validation
img02555,1345,images/img02555.jpg,78.0,70.86840423527016,7.131595764729838,validation
img02556,1345,images/img02556.jpg,78.0,67.79770222255894,10.20229777744106,validation
img02569,1352,images/img02569.jpg,73.0,64.19248222128766,8.807517778712338,validation
img02570,1352,images/img02570.jpg,73.0,70.05892917869089,2.9410708213091112,validation
img02571,1353,images/img02571.jpg,82.0,57.61017520766941,24.389824792330597,validation
img02572,1353,images/img02572.jpg,82.0,73.95396472451651,8.04603527548349,validation
img02614,1377,images/img02614.jpg,63.0,52.38744987941028,10.612550120589717,validation
img02615,1377,images/img02615.jpg,63.0,53.688944017208165,9.311055982791837,validation
img02634,1387,images/img02634.jpg,75.0,74.38303049972838,0.6169695002716225,validation
img02635,1387,images/img02635.jpg,75.0,71.086115161677,3.913884838323,validation
img02636,1388,images/img02636.jpg,52.0,56.57915545635975,4.57915545635975,validation
img02637,1388,images/img02637.jpg,52.0,54.76610013430493,2.766100134304928,validation
img02642,1391,images/img02642.jpg,64.0,57.78884534792742,6.21115465207258,validation
img02643,1391,images/img02643.jpg,64.0,60.50163048801949,3.4983695119805134,validation
img02655,1398,images/img02655.jpg,64.0,62.1330160139843,1.866983986015697,validation
img02666,1405,images/img02666.jpg,68.0,69.97761980849138,1.977619808491383,validation
img02669,1407,images/img02669.jpg,62.0,70.5815093454546,8.581509345454606,validation
img02670,1407,images/img02670.jpg,62.0,62.719342905844535,0.7193429058445346,validation
img02759,1455,images/img02759.jpg,59.0,56.86634085752933,2.1336591424706697,validation
img02775,1465,images/img02775.jpg,67.0,59.50694524123305,7.493054758766952,validation
img02776,1465,images/img02776.jpg,67.0,64.73430839035723,2.265691609642772,validation
img02845,1502,images/img02845.jpg,68.0,63.918873693068456,4.081126306931544,validation
img02847,1502,images/img02847.jpg,68.0,61.55056515160189,6.449434848398113,validation
img02872,1518,images/img02872.jpg,89.0,81.14869557438645,7.851304425613549,validation
img02873,1518,images/img02873.jpg,89.0,82.20659860020955,6.793401399790454,validation
img02949,1559,images/img02949.jpg,59.0,54.561812441103775,4.4381875588962245,validation
img02950,1559,images/img02950.jpg,59.0,60.15157125907847,1.151571259078466,validation
img02960,1565,images/img02960.jpg,52.0,54.7057749267884,2.7057749267884006,validation
img02961,1565,images/img02961.jpg,52.0,45.21598611251154,6.784013887488456,validation
img02962,1566,images/img02962.jpg,44.0,40.97002593836656,3.029974061633439,validation
img02963,1566,images/img02963.jpg,44.0,41.03952726941122,2.9604727305887835,validation
img03013,1594,images/img03013.jpg,64.0,62.68947217670332,1.310527823296681,validation
img03014,1594,images/img03014.jpg,64.0,60.11928128334491,3.880718716655089,validation
img03027,1601,images/img03027.jpg,56.0,64.59235617235268,8.59235617235268,validation
img03035,1606,images/img03035.jpg,61.0,59.90449646472902,1.0955035352709783,validation
img03036,1606,images/img03036.jpg,61.0,55.40785443855474,5.592145561445257,validation
img03043,1610,images/img03043.jpg,69.0,71.40562257526159,2.4056225752615887,validation
img03044,1610,images/img03044.jpg,69.0,70.59629366048028,1.5962936604802849,validation
img03090,1638,images/img03090.jpg,73.0,70.25685643184853,2.743143568151467,validation
img03091,1638,images/img03091.jpg,73.0,73.1465302000568,0.1465302000568016,validation
img03095,1640,images/img03095.jpg,54.0,62.16453683671019,8.164536836710191,validation
img03098,1642,images/img03098.jpg,68.0,69.05966500400275,1.0596650040027529,validation
img03099,1642,images/img03099.jpg,68.0,66.23722355183392,1.762776448166079,validation
img03107,1647,images/img03107.jpg,88.0,56.29092327366424,31.70907672633576,validation
img03108,1647,images/img03108.jpg,88.0,56.39113503572014,31.60886496427986,validation
img03120,1655,images/img03120.jpg,72.0,79.28978935382528,7.289789353825284,validation
img03121,1655,images/img03121.jpg,72.0,76.30031055308936,4.300310553089361,validation
img03124,1657,images/img03124.jpg,47.0,51.19705077333936,4.197050773339356,validation
img03125,1657,images/img03125.jpg,47.0,51.72019205917069,4.720192059170692,validation
img03136,1664,images/img03136.jpg,76.0,77.08329904470011,1.0832990447001123,validation
img03137,1664,images/img03137.jpg,76.0,66.17964804587083,9.820351954129166,validation
img03142,1667,images/img03142.jpg,71.0,69.38745451321327,1.612545486786729,validation
img03143,1667,images/img03143.jpg,71.0,60.72627633351524,10.273723666484765,validation
img03180,1688,images/img03180.jpg,66.0,58.12402837791381,7.87597162208619,validation
img03181,1688,images/img03181.jpg,66.0,65.45008365161111,0.5499163483888907,validation
img03214,1706,images/img03214.jpg,69.0,69.95839998083592,0.9583999808359208,validation
img03215,1706,images/img03215.jpg,69.0,76.37646569838392,7.376465698383924,validation
img03237,1718,images/img03237.jpg,81.0,65.45175991984617,15.548240080153832,validation
img03238,1718,images/img03238.jpg,81.0,67.9578714519261,13.042128548073904,validation
img03243,1721,images/img03243.jpg,70.0,74.7105004600821,4.710500460082102,validation
img03244,1721,images/img03244.jpg,70.0,71.35683957060692,1.3568395706069225,validation
img03263,1732,images/img03263.jpg,56.0,48.39535491282133,7.6046450871786675,validation
img03264,1732,images/img03264.jpg,56.0,51.36901877167267,4.630981228327329,validation
img03290,1746,images/img03290.jpg,61.0,56.9389484174942,4.0610515825058044,validation
img03291,1746,images/img03291.jpg,61.0,48.57891228291773,12.421087717082273,validation
img03314,1758,images/img03314.jpg,47.0,23.70621572821869,23.293784271781306,validation
img03315,1758,images/img03315.jpg,47.0,49.92481335100907,2.924813351009071,validation
img03358,1783,images/img03358.jpg,60.0,57.93685249872802,2.063147501271977,validation
img03361,1784,images/img03361.jpg,62.0,71.83565463131683,9.835654631316828,validation
img03368,1788,images/img03368.jpg,77.0,71.51024701529134,5.489752984708659,validation
img03369,1788,images/img03369.jpg,77.0,80.05342823513907,3.053428235139066,validation
img03370,1789,images/img03370.jpg,61.0,66.23502269998073,5.235022699980732,validation
img03371,1789,images/img03371.jpg,61.0,72.96229992332343,11.962299923323428,validation
img03412,1811,images/img03412.jpg,71.0,62.09973985376698,8.900260146233016,validation
img03413,1811,images/img03413.jpg,71.0,61.00974616126691,9.99025383873309,validation
img03432,1822,images/img03432.jpg,77.0,73.49083155121838,3.5091684487816224,validation
img03433,1822,images/img03433.jpg,77.0,79.71013678923816,2.710136789238163,validation
img03437,1825,images/img03437.jpg,57.0,58.43431004519559,1.4343100451955877,validation
img03438,1825,images/img03438.jpg,57.0,63.072155926128126,6.072155926128126,validation
img03474,1847,images/img03474.jpg,31.0,33.76974933444633,2.769749334446331,validation
img03475,1847,images/img03475.jpg,31.0,24.89784286163684,6.102157138363161,validation
img03487,1854,images/img03487.jpg,75.0,65.70152552278569,9.298474477214311,validation
img03488,1854,images/img03488.jpg,75.0,66.53439962619855,8.46560037380145,validation
img03493,1857,images/img03493.jpg,73.0,83.59128777364508,10.591287773645078,validation
img03494,1857,images/img03494.jpg,73.0,76.68544654007209,3.6854465400720926,validation
img03515,1870,images/img03515.jpg,65.0,65.60513028377588,0.6051302837758783,validation
img03516,1870,images/img03516.jpg,65.0,61.56559812580622,3.4344018741937816,validation
img03517,1871,images/img03517.jpg,67.0,69.13782360066219,2.137823600662188,validation
img03518,1871,images/img03518.jpg,67.0,66.50658469772297,0.4934153022770289,validation
img03540,1883,images/img03540.jpg,65.0,63.863879661999576,1.136120338000424,validation
img03541,1883,images/img03541.jpg,65.0,56.845048665562274,8.154951334437726,validation
img03632,1930,images/img03632.jpg,79.0,67.6561671630449,11.343832836955102,validation
img03633,1930,images/img03633.jpg,79.0,60.59995147240084,18.40004852759916,validation
img03653,1941,images/img03653.jpg,73.0,66.15599597741688,6.844004022583121,validation
img03701,1965,images/img03701.jpg,66.0,64.19908532215244,1.8009146778475582,validation
img03702,1965,images/img03702.jpg,66.0,52.237282093016205,13.762717906983797,validation
img03736,1984,images/img03736.jpg,69.0,65.87449306558058,3.12550693441942,validation
img03737,1984,images/img03737.jpg,69.0,71.30455134402156,2.304551344021561,validation
img03743,1988,images/img03743.jpg,60.0,66.63212540993626,6.632125409936265,validation
img03744,1988,images/img03744.jpg,60.0,67.21863825087527,7.218638250875273,validation
img03757,1995,images/img03757.jpg,70.0,75.17983920674229,5.179839206742287,validation
img03758,1995,images/img03758.jpg,70.0,72.3673119487119,2.367311948711901,validation
img03759,1996,images/img03759.jpg,84.0,80.23889308288226,3.761106917117744,validation
img03796,2017,images/img03796.jpg,37.0,35.2401517630086,1.7598482369914024,validation
img03797,2017,images/img03797.jpg,37.0,36.20715459048704,0.7928454095129638,validation
img03814,2026,images/img03814.jpg,16.0,37.61886909044485,21.618869090444853,validation
img03815,2026,images/img03815.jpg,16.0,16.54762116442582,0.54762116442582,validation
img03858,2048,images/img03858.jpg,23.0,36.43151933114376,13.43151933114376,validation
img03859,2048,images/img03859.jpg,23.0,28.75633750491485,5.75633750491485,validation
img03874,2056,images/img03874.jpg,29.0,30.76306288230328,1.7630628823032772,validation
img03875,2056,images/img03875.jpg,29.0,38.700787357996,9.700787357996,validation
img03894,2066,images/img03894.jpg,38.0,33.398143460491674,4.601856539508326,validation
img03895,2066,images/img03895.jpg,38.0,30.65244226611454,7.347557733885459,validation
img03933,2086,images/img03933.jpg,38.0,35.83065841935215,2.1693415806478527,validation
img03934,2086,images/img03934.jpg,38.0,39.86751803645648,1.8675180364564736,validation
img03947,2093,images/img03947.jpg,63.0,69.73980675058904,6.73980675058904,validation
img04017,2132,images/img04017.jpg,71.0,65.81113950554504,5.188860494454957,validation
img04024,2136,images/img04024.jpg,45.0,37.04319473598602,7.95680526401398,validation
img04025,2136,images/img04025.jpg,45.0,42.22737980012179,2.772620199878212,validation
img04033,2141,images/img04033.jpg,68.0,65.23625747956557,2.763742520434434,validation
img04034,2141,images/img04034.jpg,68.0,73.53260956506381,5.532609565063808,validation
img04053,2151,images/img04053.jpg,46.0,42.38888938971073,3.6111106102892734,validation
img04054,2151,images/img04054.jpg,46.0,43.24383090461883,2.756169095381168,validation
img04096,2173,images/img04096.jpg,72.0,69.32140278296724,2.67859721703276,validation
img04097,2173,images/img04097.jpg,72.0,77.77689674280504,5.776896742805036,validation
img04119,2185,images/img04119.jpg,49.0,55.79043008122041,6.790430081220407,validation
img04120,2185,images/img04120.jpg,49.0,58.23969443061683,9.23969443061683,validation
img04180,2216,images/img04180.jpg,50.0,40.315863622897616,9.684136377102384,validation
img04181,2216,images/img04181.jpg,50.0,51.01496845385319,1.0149684538531858,validation
img04197,2226,images/img04197.jpg,47.0,50.15615636251943,3.1561563625194253,validation
img04199,2228,images/img04199.jpg,64.0,54.71503938976158,9.28496061023842,validation
img04200,2228,images/img04200.jpg,64.0,56.41524952299756,7.584750477002437,validation
img04203,2230,images/img04203.jpg,22.0,25.617449437340795,3.6174494373407953,validation
img04204,2230,images/img04204.jpg,22.0,30.617723773599977,8.617723773599977,validation
img04215,2236,images/img04215.jpg,72.0,64.21156463202861,7.788435367971388,validation
img04216,2236,images/img04216.jpg,72.0,66.57864405553752,5.421355944462476,validation
img04219,2238,images/img04219.jpg,63.0,65.20981072187782,2.209810721877816,validation
img04220,2238,images/img04220.jpg,63.0,75.96796447349104,12.967964473491037,validation
img04278,2269,images/img04278.jpg,54.0,57.14302892879471,3.1430289287947133,validation
img04279,2269,images/img04279.jpg,54.0,47.41133692667713,6.58866307332287,validation
img04284,2272,images/img04284.jpg,56.0,58.135752031086426,2.135752031086426,validation
img04285,2272,images/img04285.jpg,56.0,53.527798964156354,2.4722010358436464,validation
img04304,2283,images/img04304.jpg,64.0,64.16580261827252,0.1658026182725223,validation
img04305,2283,images/img04305.jpg,64.0,66.51774055183905,2.5177405518390543,validation
img04319,2292,images/img04319.jpg,73.0,70.66550052670812,2.334499473291885,validation
img04320,2292,images/img04320.jpg,73.0,68.65055521848842,4.349444781511579,validation
img04340,2303,images/img04340.jpg,77.0,77.9625840750765,0.9625840750765065,validation
img04349,2308,images/img04349.jpg,77.0,75.83192390933694,1.1680760906630638,validation
img04350,2308,images/img04350.jpg,77.0,74.29483392464638,2.705166075353617,validation
img04351,2309,images/img04351.jpg,84.0,80.78600435010868,3.2139956498913165,validation
img04352,2309,images/img04352.jpg,84.0,89.60904493187064,5.609044931870642,validation
img04359,2313,images/img04359.jpg,29.0,33.95676721144569,4.956767211445687,validation
img04360,2313,images/img04360.jpg,29.0,32.55201734971108,3.552017349711079,validation
img04363,2315,images/img04363.jpg,43.0,46.72813056477496,3.7281305647749576,validation
img04364,2315,images/img04364.jpg,43.0,56.62784030607547,13.62784030607547,validation
img04395,2332,images/img04395.jpg,63.0,60.02388858797536,2.9761114120246432,validation
img04396,2332,images/img04396.jpg,63.0,52.90027071871698,10.099729281283018,validation
img04425,2348,images/img04425.jpg,65.0,71.66343415666834,6.663434156668345,validation
img04426,2348,images/img04426.jpg,65.0,66.43848916352607,1.4384891635260717,validation
img04449,2360,images/img04449.jpg,52.0,55.591910490271495,3.591910490271495,validation
img04450,2360,images/img04450.jpg,52.0,66.8213637697766,14.821363769776596,validation
img04470,2371,images/img04470.jpg,33.0,36.9665008291377,3.9665008291377006,validation
img04471,2371,images/img04471.jpg,33.0,32.35853433406669,0.6414656659333104,validation
img04530,2401,images/img04530.jpg,74.0,78.1267471198482,4.126747119848204,validation
img04531,2401,images/img04531.jpg,74.0,73.38825418697081,0.611745813029188,validation
img04534,2403,images/img04534.jpg,77.0,76.12142426747621,0.8785757325237853,validation
img04535,2403,images/img04535.jpg,77.0,67.58216270152361,9.417837298476384,validation
img04562,2418,images/img04562.jpg,68.0,66.19828439694481,1.801715603055186,validation
img04563,2418,images/img04563.jpg,68.0,66.08885799917988,1.9111420008201208,validation
img04590,2432,images/img04590.jpg,40.0,54.65560575627378,14.65560575627378,validation
img04591,2432,images/img04591.jpg,40.0,43.12834943773156,3.1283494377315577,validation
img04597,2436,images/img04597.jpg,29.0,26.33753588163514,2.662464118364859,validation
img04598,2436,images/img04598.jpg,29.0,23.4312401198221,5.5687598801779,validation
img04600,2437,images/img04600.jpg,50.0,50.33092777496999,0.330927774969993,validation
img04651,2463,images/img04651.jpg,77.0,75.84378756962384,1.1562124303761578,validation
img04652,2463,images/img04652.jpg,77.0,70.50196022049349,6.498039779506513,validation
img04669,2472,images/img04669.jpg,69.0,68.21225088230115,0.7877491176988514,validation
img04670,2472,images/img04670.jpg,69.0,72.03235821956899,3.032358219568991,validation
img04687,2481,images/img04687.jpg,49.0,49.34307138540791,0.3430713854079101,validation
img04688,2481,images/img04688.jpg,49.0,57.18756502826129,8.18756502826129,validation
img04743,2509,images/img04743.jpg,39.0,37.19002143731952,1.8099785626804843,validation
img04744,2509,images/img04744.jpg,39.0,34.66858900988103,4.331410990118968,validation
img04747,2511,images/img04747.jpg,58.0,62.74404632275562,4.744046322755622,validation
img04748,2511,images/img04748.jpg,58.0,58.76243266773013,0.7624326677301312,validation
img04763,2519,images/img04763.jpg,56.0,69.9105821664142,13.9105821664142,validation
img04764,2519,images/img04764.jpg,56.0,60.27159157393403,4.271591573934032,validation
img04841,2558,images/img04841.jpg,77.0,74.73040519108932,2.269594808910682,validation
img04842,2558,images/img04842.jpg,77.0,67.65230967394443,9.34769032605557,validation
img04899,2589,images/img04899.jpg,56.0,57.95732775531783,1.9573277553178272,validation
img04900,2589,images/img04900.jpg,56.0,62.89241569254618,6.89241569254618,validation
img04909,2594,images/img04909.jpg,60.0,63.60927556587538,3.609275565875379,validation
img04910,2594,images/img04910.jpg,60.0,63.41548390747853,3.4154839074785244,validation
img04937,2608,images/img04937.jpg,42.0,38.45793022684242,3.5420697731575785,validation
img04938,2608,images/img04938.jpg,42.0,38.51506294496983,3.484937055030173,validation
img04948,2614,images/img04948.jpg,70.0,72.45623268912121,2.456232689121208,validation
img04949,2614,images/img04949.jpg,70.0,71.83514749746563,1.835147497465627,validation
img04954,2617,images/img04954.jpg,42.0,55.44857306069111,13.44857306069111,validation
img04957,2619,images/img04957.jpg,89.0,87.7609095799428,1.2390904200571953,validation
img04958,2619,images/img04958.jpg,89.0,84.90878443832196,4.091215561678041,validation
img04961,2621,images/img04961.jpg,60.0,55.534094504708,4.465905495291999,validation
img05037,2660,images/img05037.jpg,68.0,63.58418716348155,4.415812836518448,validation
img05038,2660,images/img05038.jpg,68.0,69.24042932078102,1.2404293207810184,validation
img05041,2662,images/img05041.jpg,57.0,57.05382824231996,0.0538282423199589,validation
img05042,2662,images/img05042.jpg,57.0,56.5157075585218,0.4842924414782033,validation
img05049,2666,images/img05049.jpg,49.0,44.230921685657165,4.769078314342835,validation
img05050,2666,images/img05050.jpg,49.0,52.611574140466594,3.611574140466594,validation
img05055,2669,images/img05055.jpg,50.0,51.05100331316002,1.0510033131600167,validation
img05056,2669,images/img05056.jpg,50.0,52.71983303976332,2.719833039763323,validation
img05082,2683,images/img05082.jpg,31.0,36.77171780585752,5.77171780585752,validation
img05083,2683,images/img05083.jpg,31.0,38.09553346738148,7.095533467381479,validation
img05084,2684,images/img05084.jpg,71.0,65.77028414812568,5.229715851874317,validation
img05085,2684,images/img05085.jpg,71.0,58.67784165073864,12.322158349261358,validation
img05100,2692,images/img05100.jpg,13.0,29.98235594771775,16.98235594771775,validation
img05101,2692,images/img05101.jpg,13.0,34.064820530675846,21.06482053067585,validation
img05102,2693,images/img05102.jpg,58.0,69.22845441822997,11.228454418229973,validation
img05103,2693,images/img05103.jpg,58.0,59.33447692536373,1.334476925363731,validation
img05115,2700,images/img05115.jpg,55.0,53.33354434163082,1.6664556583691803,validation
img05126,2706,images/img05126.jpg,60.0,68.5532727678916,8.553272767891599,validation
img05127,2706,images/img05127.jpg,60.0,57.35822354428069,2.641776455719309,validation
img05132,2709,images/img05132.jpg,54.0,53.57540220097545,0.4245977990245535,validation
img05133,2709,images/img05133.jpg,54.0,55.42191963232636,1.4219196323263574,validation
img05135,2711,images/img05135.jpg,21.0,54.60681184551479,33.60681184551479,validation
img05136,2711,images/img05136.jpg,21.0,55.635976468478425,34.635976468478425,validation
img05143,2715,images/img05143.jpg,36.0,38.192746118910605,2.192746118910605,validation
img05144,2715,images/img05144.jpg,36.0,29.461170671697456,6.538829328302544,validation
img05153,2720,images/img05153.jpg,23.0,33.59081506197415,10.590815061974148,validation
img05154,2720,images/img05154.jpg,23.0,23.213855285934656,0.213855285934656,validation
img05175,2731,images/img05175.jpg,34.0,35.56715603270756,1.5671560327075582,validation
img05176,2731,images/img05176.jpg,34.0,32.458072167038324,1.541927832961676,validation
img05186,2737,images/img05186.jpg,28.0,24.104602631958727,3.895397368041273,validation
img05187,2737,images/img05187.jpg,28.0,23.664078903540904,4.335921096459096,validation
img05198,2743,images/img05198.jpg,74.0,82.95746207091469,8.957462070914687,validation
img05199,2743,images/img05199.jpg,74.0,77.85238007207306,3.852380072073061,validation
img05210,2749,images/img05210.jpg,63.0,57.59003551827711,5.409964481722888,validation
img05211,2749,images/img05211.jpg,63.0,61.40351487512967,1.596485124870327,validation
img05241,2765,images/img05241.jpg,37.0,47.93563807670365,10.935638076703649,validation
img05242,2765,images/img05242.jpg,37.0,46.23795461518762,9.237954615187618,validation
img05243,2766,images/img05243.jpg,47.0,70.12448468119004,23.12448468119004,validation
img05244,2766,images/img05244.jpg,47.0,64.5769583889586,17.5769583889586,validation
img05271,2780,images/img05271.jpg,75.0,57.20745830785895,17.79254169214105,validation
img05272,2780,images/img05272.jpg,75.0,50.95947328729047,24.04052671270953,validation
img05273,2781,images/img05273.jpg,74.0,77.49377427447618,3.4937742744761806,validation
img05274,2781,images/img05274.jpg,74.0,70.21071706688274,3.789282933117264,validation
img05295,2792,images/img05295.jpg,59.0,51.998874107122816,7.001125892877184,validation
img05296,2792,images/img05296.jpg,59.0,47.470648684449074,11.529351315550926,validation
img05299,2794,images/img05299.jpg,35.0,32.77461966390857,2.2253803360914333,validation
img05300,2794,images/img05300.jpg,35.0,37.8503686045523,2.850368604552301,validation
img05304,2796,images/img05304.jpg,66.0,76.28904454731958,10.289044547319577,validation
img05305,2797,images/img05305.jpg,27.0,34.345155398738726,7.345155398738726,validation
img05306,2797,images/img05306.jpg,27.0,26.110073807349547,0.8899261926504529,validation
img05313,2801,images/img05313.jpg,64.0,52.28630066952432,11.713699330475675,validation
img05314,2801,images/img05314.jpg,64.0,60.15276575015488,3.847234249845122,validation
img05336,2813,images/img05336.jpg,69.0,62.30532046563611,6.6946795343638925,validation
img05339,2814,images/img05339.jpg,75.0,74.09421177310952,0.9057882268904792,validation
img05342,2816,images/img05342.jpg,73.0,70.92948605377438,2.070513946225617,validation
img05343,2816,images/img05343.jpg,73.0,76.28306363970665,3.283063639706654,validation
img05358,2824,images/img05358.jpg,24.0,25.485616448236048,1.4856164482360477,validation
img05439,2865,images/img05439.jpg,58.0,48.09253329355184,9.907466706448162,validation
img05440,2865,images/img05440.jpg,58.0,51.83083666878896,6.169163331211045,validation
img05445,2868,images/img05445.jpg,67.0,66.0140432141071,0.9859567858928956,validation
img05446,2868,images/img05446.jpg,67.0,61.599987253970106,5.400012746029894,validation
img05450,2871,images/img05450.jpg,67.0,70.93574397643721,3.935743976437209,validation
img05451,2871,images/img05451.jpg,67.0,69.4881058594367,2.4881058594367005,validation
img05457,2874,images/img05457.jpg,69.0,74.9835816781571,5.983581678157094,validation
img05460,2876,images/img05460.jpg,69.0,71.56007482474052,2.560074824740525,validation
img05461,2876,images/img05461.jpg,69.0,67.95036587092825,1.049634129071748,validation
img05477,2885,images/img05477.jpg,69.0,72.11218763141132,3.1121876314113166,validation
img05478,2885,images/img05478.jpg,69.0,66.4112315369816,2.588768463018397,validation
img05489,2892,images/img05489.jpg,56.0,59.73069324169008,3.730693241690084,validation
img05504,2900,images/img05504.jpg,76.0,73.98648236517788,2.013517634822122,validation
img05505,2900,images/img05505.jpg,76.0,73.46246041142213,2.5375395885778715,validation
img05522,2909,images/img05522.jpg,68.0,57.497824815171256,10.502175184828744,validation
img05523,2909,images/img05523.jpg,68.0,64.22852853200403,3.7714714679959656,validation
img05546,2921,images/img05546.jpg,82.0,72.936564788943,9.063435211056998,validation
img05547,2921,images/img05547.jpg,82.0,74.7474416166585,7.252558383341494,validation
img05552,2924,images/img05552.jpg,38.0,42.45287005074506,4.452870050745062,validation
img05560,2928,images/img05560.jpg,57.0,51.2897248495528,5.7102751504472025,validation
img05561,2928,images/img05561.jpg,57.0,49.991842813508015,7.008157186491985,validation
img05563,2929,images/img05563.jpg,79.0,74.99898982235028,4.001010177649718,validation
img05603,2951,images/img05603.jpg,66.0,51.23111217306822,14.76888782693178,validation
img05650,2975,images/img05650.jpg,53.0,48.618603959005405,4.381396040994595,validation
img05651,2975,images/img05651.jpg,53.0,60.64329096773329,7.643290967733293,validation
img05689,2996,images/img05689.jpg,48.0,56.05823233582222,8.058232335822218,validation
img05690,2996,images/img05690.jpg,48.0,46.05866698493524,1.9413330150647568,validation
img05697,3000,images/img05697.jpg,89.0,84.50571445338392,4.494285546616084,validation
img05698,3000,images/img05698.jpg,89.0,87.11949104737997,1.8805089526200331,validation
img05706,3004,images/img05706.jpg,46.0,48.55296120767164,2.5529612076716437,validation
img05707,3005,images/img05707.jpg,35.0,36.45316576701198,1.4531657670119813,validation
img05708,3005,images/img05708.jpg,35.0,37.226657222974765,2.226657222974765,validation
img05725,3014,images/img05725.jpg,84.0,81.3978651587245,2.6021348412755003,validation
img05726,3014,images/img05726.jpg,84.0,80.3310104024698,3.6689895975302,validation
img05731,3017,images/img05731.jpg,73.0,78.12748001005897,5.127480010058974,validation
img05732,3017,images/img05732.jpg,73.0,73.89007349353766,0.8900734935376562,validation
img05735,3019,images/img05735.jpg,87.0,68.6096813206917,18.39031867930829,validation
img05736,3019,images/img05736.jpg,87.0,71.51762826669984,15.482371733300155,validation
img05743,3023,images/img05743.jpg,82.0,86.57335042343863,4.573350423438626,validation
img05744,3023,images/img05744.jpg,82.0,76.03025141652338,5.969748583476616,validation
img05747,3025,images/img05747.jpg,55.0,53.11401782150616,1.8859821784938404,validation
img05748,3025,images/img05748.jpg,55.0,53.70786120046856,1.2921387995314362,validation
img05753,3028,images/img05753.jpg,73.0,34.815003460470976,38.184996539529024,validation
img05754,3028,images/img05754.jpg,73.0,61.41976442527169,11.580235574728311,validation
img05757,3030,images/img05757.jpg,31.0,42.85534129055556,11.855341290555558,validation
img05769,3036,images/img05769.jpg,65.0,46.24932095711722,18.75067904288278,validation
img05770,3036,images/img05770.jpg,65.0,58.14111606217335,6.858883937826647,validation
img05771,3037,images/img05771.jpg,75.0,65.71909416624605,9.280905833753948,validation
img05772,3037,images/img05772.jpg,75.0,70.0111026393857,4.988897360614303,validation
img05804,3054,images/img05804.jpg,67.0,62.37047080635951,4.629529193640494,validation
img05805,3054,images/img05805.jpg,67.0,63.17945399763365,3.820546002366356,validation
img05931,3120,images/img05931.jpg,39.0,51.429324075548806,12.429324075548806,validation
img05932,3120,images/img05932.jpg,39.0,51.23514306922748,12.235143069227476,validation
img05983,3147,images/img05983.jpg,81.0,74.60491519226115,6.395084807738854,validation
img05989,3151,images/img05989.jpg,60.0,61.77978147276848,1.7797814727684766,validation
img05990,3151,images/img05990.jpg,60.0,66.58703739342758,6.587037393427579,validation
img06001,3157,images/img06001.jpg,62.0,60.15095751805746,1.84904248194254,validation
img06002,3157,images/img06002.jpg,62.0,64.44857827248379,2.448578272483786,validation
img06020,3168,images/img06020.jpg,68.0,72.01593689828383,4.015936898283826,validation
img06021,3168,images/img06021.jpg,68.0,69.92539483731113,1.9253948373111316,validation
img06043,3180,images/img06043.jpg,54.0,57.82791946585758,3.8279194658575832,validation
img06044,3180,images/img06044.jpg,54.0,59.26192870142272,5.261928701422718,validation
img06065,3191,images/img06065.jpg,51.0,53.15562024707192,2.155620247071923,validation
img06066,3191,images/img06066.jpg,51.0,35.43442656182714,15.565573438172862,validation
img06166,3243,images/img06166.jpg,51.0,52.008704869563175,1.008704869563175,validation
img06182,3252,images/img06182.jpg,66.0,61.970717367747305,4.029282632252695,validation
img06183,3252,images/img06183.jpg,66.0,60.955989427733925,5.044010572266075,validation
img06198,3260,images/img06198.jpg,50.0,56.25712846002302,6.257128460023019,validation
img06199,3261,images/img06199.jpg,51.0,50.20474523851706,0.7952547614829371,validation
img06200,3261,images/img06200.jpg,51.0,48.014680067813565,2.985319932186435,validation
img06201,3262,images/img06201.jpg,32.0,31.64577679188008,0.3542232081199188,validation
img06202,3262,images/img06202.jpg,32.0,35.062083435219975,3.062083435219975,validation
img06216,3271,images/img06216.jpg,67.0,76.52888941245804,9.528889412458042,validation
img06239,3283,images/img06239.jpg,38.0,48.91919800646612,10.919198006466118,validation
img06244,3286,images/img06244.jpg,51.0,41.02267297578428,9.977327024215723,validation
img06245,3286,images/img06245.jpg,51.0,44.942117473704144,6.057882526295856,validation
img06282,3305,images/img06282.jpg,58.0,63.95180085794731,5.951800857947312,validation
img06283,3305,images/img06283.jpg,58.0,68.0883226376126,10.088322637612606,validation
img06299,3314,images/img06299.jpg,83.0,82.63925248374501,0.3607475162549889,validation
img06310,3320,images/img06310.jpg,44.0,48.87798056638309,4.877980566383094,validation
img06311,3320,images/img06311.jpg,44.0,48.96430783518345,4.964307835183448,validation
img06337,3334,images/img06337.jpg,53.0,56.0417157224505,3.0417157224504976,validation
img06338,3334,images/img06338.jpg,53.0,46.16103931442147,6.838960685578527,validation
img06392,3362,images/img06392.jpg,40.0,36.02085869759412,3.9791413024058784,validation
img06393,3362,images/img06393.jpg,40.0,33.77133726323635,6.228662736763653,validation
img06462,3398,images/img06462.jpg,67.0,73.98101186324746,6.98101186324746,validation
img06463,3398,images/img06463.jpg,67.0,75.57454420966152,8.574544209661525,validation
img06473,3404,images/img06473.jpg,42.0,39.54786229985304,2.452137700146963,validation
img06474,3404,images/img06474.jpg,42.0,38.80213560428592,3.197864395714077,validation
img06499,3417,images/img06499.jpg,64.0,71.4907512631964,7.490751263196401,validation
img06558,3448,images/img06558.jpg,36.0,46.63401306565383,10.634013065653832,validation
img06559,3448,images/img06559.jpg,36.0,49.307182667899056,13.307182667899056,validation
img06572,3455,images/img06572.jpg,87.0,83.4375749580395,3.562425041960495,validation
img06573,3455,images/img06573.jpg,87.0,85.00361737788694,1.9963826221130605,validation
img06587,3464,images/img06587.jpg,55.0,57.17814713003286,2.178147130032862,validation
img06588,3464,images/img06588.jpg,55.0,60.83370091583095,5.833700915830953,validation
img06616,3481,images/img06616.jpg,57.0,60.81164986349219,3.811649863492193,validation
img06617,3481,images/img06617.jpg,57.0,58.09172504220246,1.0917250422024622,validation
img06639,3493,images/img06639.jpg,86.0,87.32916526550822,1.3291652655082231,validation
img06640,3493,images/img06640.jpg,86.0,88.57359539363596,2.573595393635955,validation
img06656,3502,images/img06656.jpg,73.0,68.55755450445038,4.44244549554962,validation
img06657,3502,images/img06657.jpg,73.0,71.22003666976036,1.7799633302396387,validation
img06692,3521,images/img06692.jpg,75.0,85.80084487930701,10.800844879307007,validation
img06695,3523,images/img06695.jpg,85.0,79.90733442401634,5.092665575983659,validation
img06755,3555,images/img06755.jpg,49.0,51.38829531107064,2.3882953110706358,validation
img06756,3555,images/img06756.jpg,49.0,47.45145612205442,1.5485438779455762,validation
img06774,3565,images/img06774.jpg,58.0,63.21502153037007,5.215021530370066,validation
img06782,3569,images/img06782.jpg,25.0,37.92752274900322,12.927522749003217,validation
img06783,3569,images/img06783.jpg,25.0,30.120632263258887,5.120632263258887,validation
img06834,3595,images/img06834.jpg,67.0,61.13553226082756,5.86446773917244,validation
img06835,3595,images/img06835.jpg,67.0,64.20839041036423,2.791609589635769,validation
img06906,3632,images/img06906.jpg,87.0,82.39222049585504,4.607779504144958,validation
img06907,3632,images/img06907.jpg,87.0,75.6933007796782,11.306699220321804,validation
img06908,3633,images/img06908.jpg,82.0,64.94614528897353,17.053854711026474,validation
img06909,3633,images/img06909.jpg,82.0,66.82981381940915,15.170186180590846,validation
img06910,3634,images/img06910.jpg,51.0,45.10286254537976,5.897137454620236,validation
img06911,3634,images/img06911.jpg,51.0,53.60397101391262,2.60397101391262,validation
img06924,3641,images/img06924.jpg,72.0,65.0246087112489,6.975391288751098,validation
img06925,3641,images/img06925.jpg,72.0,63.82600548819799,8.173994511802007,validation
img06939,3649,images/img06939.jpg,70.0,82.2572727233545,12.257272723354504,validation
img06971,3667,images/img06971.jpg,59.0,37.73328939338111,21.266710606618886,validation
img06997,3681,images/img06997.jpg,75.0,73.55203769931192,1.4479623006880755,validation
img06998,3681,images/img06998.jpg,75.0,74.1550253014473,0.8449746985527042,validation
img07005,3685,images/img07005.jpg,78.0,76.08423663294202,1.915763367057977,validation
img07006,3685,images/img07006.jpg,78.0,72.52960786842283,5.470392131577171,validation
img07103,3737,images/img07103.jpg,80.0,77.51453077223132,2.485469227768675,validation
img07104,3737,images/img07104.jpg,80.0,76.74267741313845,3.257322586861548,validation
img07129,3750,images/img07129.jpg,53.0,52.75191988930378,0.2480801106962218,validation
img07130,3750,images/img07130.jpg,53.0,39.93388168128625,13.066118318713748,validation
img07135,3753,images/img07135.jpg,34.0,34.17619803050488,0.176198030504878,validation
img07136,3753,images/img07136.jpg,34.0,31.5671895853206,2.4328104146793983,validation
img07139,3755,images/img07139.jpg,80.0,78.98900117770755,1.01099882229245,validation
img07140,3755,images/img07140.jpg,80.0,77.22418846283799,2.7758115371620136,validation
img07151,3761,images/img07151.jpg,56.0,54.83143642410711,1.1685635758928896,validation
img07152,3761,images/img07152.jpg,56.0,64.57362711939193,8.57362711939193,validation
img07163,3768,images/img07163.jpg,37.0,33.7550130062797,3.2449869937203037,validation
img07164,3768,images/img07164.jpg,37.0,35.78486368728309,1.2151363127169077,validation
img07167,3770,images/img07167.jpg,44.0,49.60246217072122,5.602462170721218,validation
img07168,3770,images/img07168.jpg,44.0,54.16493548750782,10.16493548750782,validation
img07179,3776,images/img07179.jpg,28.0,31.995454852474875,3.995454852474875,validation
img07180,3776,images/img07180.jpg,28.0,24.36582564279897,3.634174357201026,validation
img07277,3827,images/img07277.jpg,16.0,17.45276674938239,1.4527667493823913,validation
img07281,3829,images/img07281.jpg,22.0,17.705443736872,4.294556263128001,validation
img07282,3829,images/img07282.jpg,22.0,19.114460066619323,2.8855399333806773,validation
img07303,3840,images/img07303.jpg,34.0,34.53174575644846,0.5317457564484585,validation
img07319,3848,images/img07319.jpg,22.0,19.9184449902804,2.081555009719601,validation
img07320,3848,images/img07320.jpg,22.0,22.660704218131933,0.6607042181319329,validation
img07321,3849,images/img07321.jpg,29.0,32.85451342176642,3.85451342176642,validation
img07341,3859,images/img07341.jpg,39.0,33.575284769412505,5.424715230587495,validation
img07342,3859,images/img07342.jpg,39.0,34.00678696833103,4.993213031668972,validation
img07373,3875,images/img07373.jpg,57.0,56.29918076239228,0.7008192376077247,validation
img07374,3875,images/img07374.jpg,57.0,54.7474117065828,2.252588293417205,validation
img07398,3888,images/img07398.jpg,41.0,50.48602348460423,9.486023484604232,validation
img07399,3888,images/img07399.jpg,41.0,45.27891542508876,4.278915425088755,validation
img07436,3908,images/img07436.jpg,83.0,67.38115011145186,15.61884988854814,validation
img07437,3908,images/img07437.jpg,83.0,34.07881742496912,48.92118257503088,validation
img07444,3912,images/img07444.jpg,73.0,81.87801948904577,8.87801948904577,validation
img07493,3937,images/img07493.jpg,71.0,74.9972361207745,3.9972361207745024,validation
img07498,3940,images/img07498.jpg,72.0,70.9533398851584,1.0466601148416004,validation
img07499,3940,images/img07499.jpg,72.0,72.16117130838559,0.1611713083855903,validation
img07502,3942,images/img07502.jpg,35.0,27.989806324733557,7.010193675266446,validation
img07503,3942,images/img07503.jpg,35.0,34.87936910698805,0.120630893011949,validation
img07504,3943,images/img07504.jpg,69.0,63.04162919481164,5.958370805188359,validation
img07505,3943,images/img07505.jpg,69.0,73.62916785033332,4.629167850333317,validation
img07542,3963,images/img07542.jpg,54.0,75.38026286718039,21.38026286718039,validation
img07583,3985,images/img07583.jpg,80.0,80.5024805371406,0.5024805371405989,validation
img07584,3985,images/img07584.jpg,80.0,61.843491662415495,18.156508337584505,validation
img07611,3999,images/img07611.jpg,47.0,56.25034131864772,9.25034131864772,validation
img07612,3999,images/img07612.jpg,47.0,50.93328391366484,3.933283913664837,validation
img07647,4017,images/img07647.jpg,59.0,54.885664028694414,4.114335971305586,validation
img07648,4017,images/img07648.jpg,59.0,59.70308062144977,0.7030806214497716,validation
img07655,4021,images/img07655.jpg,84.0,67.15324743055146,16.84675256944854,validation
img07673,4030,images/img07673.jpg,78.0,77.6799502002215,0.3200497997785021,validation
img07674,4030,images/img07674.jpg,78.0,57.235007059225794,20.764992940774206,validation
img07692,4040,images/img07692.jpg,57.0,52.22298255432786,4.777017445672144,validation
img07715,4052,images/img07715.jpg,82.0,62.70943525536868,19.290564744631325,validation
img07716,4052,images/img07716.jpg,82.0,49.61963492259451,32.38036507740549,validation
img07721,4055,images/img07721.jpg,65.0,65.96146924758838,0.9614692475883828,validation
img07722,4055,images/img07722.jpg,65.0,64.23724032814044,0.7627596718595555,validation
img07732,4062,images/img07732.jpg,59.0,67.41716643038134,8.417166430381343,validation
img07733,4062,images/img07733.jpg,59.0,67.28653311275256,8.286533112752565,validation
img07778,4087,images/img07778.jpg,49.0,49.80328281335682,0.8032828133568231,validation
img07779,4087,images/img07779.jpg,49.0,52.5844757430453,3.584475743045303,validation
img07823,4110,images/img07823.jpg,65.0,63.674784172125925,1.325215827874075,validation
img07824,4110,images/img07824.jpg,65.0,61.29249182369127,3.707508176308728,validation
img07828,4113,images/img07828.jpg,54.0,57.66922555975327,3.669225559753265,validation
img07829,4113,images/img07829.jpg,54.0,65.77790969627112,11.777909696271124,validation
img07832,4115,images/img07832.jpg,75.0,25.98994306818767,49.01005693181233,validation
img07833,4115,images/img07833.jpg,75.0,18.108393754662444,56.89160624533756,validation
img07861,4130,images/img07861.jpg,64.0,59.92772264980901,4.072277350190987,validation
img07878,4138,images/img07878.jpg,45.0,45.03557624412392,0.0355762441239164,validation
img07893,4146,images/img07893.jpg,27.0,21.319458420672568,5.680541579327432,validation
img07904,4152,images/img07904.jpg,77.0,81.29181638146964,4.291816381469644,validation
img07905,4152,images/img07905.jpg,77.0,73.41467313409252,3.585326865907476,validation
img07935,4168,images/img07935.jpg,71.0,74.67998408956473,3.6799840895647264,validation
img07936,4168,images/img07936.jpg,71.0,74.82546934006602,3.8254693400660216,validation
img07957,4179,images/img07957.jpg,80.0,87.92635082014164,7.926350820141636,validation
img07969,4186,images/img07969.jpg,43.0,44.36252782779192,1.362527827791915,validation
img07970,4186,images/img07970.jpg,43.0,47.27262109513161,4.272621095131612,validation
img07981,4192,images/img07981.jpg,34.0,43.60185649746551,9.601856497465512,validation
img07982,4192,images/img07982.jpg,34.0,44.85371804508166,10.853718045081663,validation
img08001,4203,images/img08001.jpg,83.0,73.50621024892988,9.493789751070125,validation
img08002,4203,images/img08002.jpg,83.0,62.70917732600134,20.29082267399866,validation
img08003,4204,images/img08003.jpg,63.0,65.367953597061,2.3679535970610037,validation
img08004,4204,images/img08004.jpg,63.0,69.62669954261375,6.62669954261375,validation
img08049,4227,images/img08049.jpg,61.0,57.30756114519788,3.69243885480212,validation
img08050,4227,images/img08050.jpg,61.0,49.265019668570886,11.734980331429114,validation
img08057,4231,images/img08057.jpg,66.0,69.31311632489958,3.313116324899582,validation
img08058,4231,images/img08058.jpg,66.0,71.3082812317014,5.3082812317014,validation
img08106,4256,images/img08106.jpg,54.0,37.55997176463734,16.44002823536266,validation
img08107,4256,images/img08107.jpg,54.0,46.221832121161015,7.778167878838985,validation
img08117,4262,images/img08117.jpg,71.0,77.1703319384504,6.170331938450403,validation
img08118,4262,images/img08118.jpg,71.0,69.74065633611612,1.2593436638838824,validation
img08125,4266,images/img08125.jpg,77.0,68.44009794206949,8.559902057930515,validation
img08126,4266,images/img08126.jpg,77.0,73.73709574936372,3.262904250636282,validation
img08135,4271,images/img08135.jpg,27.0,37.88601411593466,10.886014115934657,validation
img08136,4271,images/img08136.jpg,27.0,36.02237028365384,9.022370283653842,validation
img08141,4274,images/img08141.jpg,68.0,63.11383742095026,4.8861625790497385,validation
img08142,4274,images/img08142.jpg,68.0,66.11546889373776,1.8845311062622443,validation
img08161,4284,images/img08161.jpg,70.0,74.1897950526522,4.189795052652201,validation
img08162,4284,images/img08162.jpg,70.0,73.61670217308756,3.61670217308756,validation
img08169,4288,images/img08169.jpg,61.0,61.68746838860825,0.6874683886082522,validation
img08170,4288,images/img08170.jpg,61.0,60.47312220396133,0.5268777960386757,validation
img08209,4309,images/img08209.jpg,72.0,70.05660181602751,1.9433981839724908,validation
img08210,4309,images/img08210.jpg,72.0,68.76899769270048,3.2310023072995198,validation
img08244,4327,images/img08244.jpg,34.0,61.04381574057402,27.04381574057402,validation
img08261,4336,images/img08261.jpg,64.0,65.18741830847362,1.1874183084736245,validation
img08315,4365,images/img08315.jpg,32.0,47.03386902164672,15.033869021646716,validation
img08316,4365,images/img08316.jpg,32.0,35.09343630393923,3.093436303939228,validation
img08317,4366,images/img08317.jpg,55.0,54.99140988890159,0.0085901110984067,validation
img08318,4366,images/img08318.jpg,55.0,50.547425397270445,4.452574602729555,validation
img08323,4369,images/img08323.jpg,35.0,36.40546028546483,1.4054602854648266,validation
img08377,4399,images/img08377.jpg,38.0,34.22895521957629,3.771044780423708,validation
img08378,4399,images/img08378.jpg,38.0,33.173303213686296,4.826696786313704,validation
img08381,4401,images/img08381.jpg,46.0,65.47788276623541,19.47788276623541,validation
img08382,4401,images/img08382.jpg,46.0,57.20869444662127,11.208694446621266,validation
img08399,4410,images/img08399.jpg,51.0,48.00138334541809,2.998616654581909,validation
img08422,4422,images/img08422.jpg,33.0,43.16131095683904,10.16131095683904,validation
img08432,4429,images/img08432.jpg,54.0,46.49047673599578,7.509523264004215,validation
img08433,4429,images/img08433.jpg,54.0,54.33068673372213,0.330686733722132,validation
img08442,4434,images/img08442.jpg,62.0,60.05323146166714,1.9467685383328612,validation
img08456,4442,images/img08456.jpg,72.0,33.29519419808655,38.70480580191345,validation
img08457,4442,images/img08457.jpg,72.0,60.972613875212176,11.027386124787824,validation
img08493,4463,images/img08493.jpg,33.0,35.119744008796815,2.1197440087968147,validation
img08494,4463,images/img08494.jpg,33.0,39.02908072922642,6.029080729226422,validation
img08524,4479,images/img08524.jpg,78.0,74.00939499975847,3.99060500024153,validation
img08525,4479,images/img08525.jpg,78.0,77.16370538946133,0.8362946105386726,validation
img08532,4483,images/img08532.jpg,54.0,44.23929539255944,9.76070460744056,validation
img08533,4483,images/img08533.jpg,54.0,59.81897624764887,5.81897624764887,validation
img08538,4486,images/img08538.jpg,16.0,18.639918017584733,2.639918017584733,validation
img08581,4508,images/img08581.jpg,75.0,68.6894562020124,6.310543797987606,validation
img08582,4508,images/img08582.jpg,75.0,57.98174502331664,17.018254976683366,validation
img08653,4548,images/img08653.jpg,70.0,74.76410178162843,4.764101781628426,validation
img08654,4548,images/img08654.jpg,70.0,73.20367055245724,3.20367055245724,validation
img08655,4549,images/img08655.jpg,64.0,62.55485104202738,1.44514895797262,validation
img08656,4549,images/img08656.jpg,64.0,52.67058488975911,11.329415110240888,validation
img08724,4584,images/img08724.jpg,55.0,54.06707555868688,0.9329244413131192,validation
img08725,4584,images/img08725.jpg,55.0,69.03286543384003,14.03286543384003,validation
img08728,4586,images/img08728.jpg,64.0,62.45661103547065,1.543388964529349,validation
img08729,4586,images/img08729.jpg,64.0,57.22679680756213,6.773203192437876,validation
img08741,4593,images/img08741.jpg,36.0,39.81064270239119,3.810642702391185,validation
img08742,4593,images/img08742.jpg,36.0,47.336136065511184,11.336136065511184,validation
img08778,4612,images/img08778.jpg,78.0,66.9588221274932,11.041177872506792,validation
img08779,4612,images/img08779.jpg,78.0,57.61186231384564,20.38813768615436,validation
img08857,4653,images/img08857.jpg,76.0,79.38839144304566,3.3883914430456628,validation
img08858,4653,images/img08858.jpg,76.0,79.89270933811383,3.892709338113832,validation
img08870,4660,images/img08870.jpg,63.0,54.253991190958175,8.746008809041825,validation
img08871,4660,images/img08871.jpg,63.0,61.08807216662776,1.9119278333722391,validation
img08886,4668,images/img08886.jpg,81.0,84.88505711774815,3.885057117748147,validation
img08887,4668,images/img08887.jpg,81.0,73.46900734584963,7.530992654150367,validation
img08890,4670,images/img08890.jpg,33.0,36.53756592717775,3.537565927177752,validation
img08891,4670,images/img08891.jpg,33.0,42.95022221697957,9.950222216979569,validation
img08903,4676,images/img08903.jpg,64.0,69.16492417930434,5.164924179304336,validation
img08926,4689,images/img08926.jpg,79.0,74.39816162887166,4.601838371128338,validation
img08934,4693,images/img08934.jpg,81.0,70.28622220835942,10.71377779164058,validation
img08935,4693,images/img08935.jpg,81.0,81.61639949600801,0.6163994960080146,validation
img08954,4704,images/img08954.jpg,82.0,75.9663656385967,6.033634361403301,validation
img08955,4704,images/img08955.jpg,82.0,81.8221758724498,0.1778241275501955,validation
img08971,4713,images/img08971.jpg,63.0,59.40899370113576,3.5910062988642366,validation
img08972,4713,images/img08972.jpg,63.0,52.5812502626906,10.418749737309405,validation
img08979,4717,images/img08979.jpg,68.0,77.34545779929161,9.345457799291609,validation
img08980,4717,images/img08980.jpg,68.0,64.8348108682566,3.1651891317434035,validation
img08993,4724,images/img08993.jpg,48.0,50.20952811056967,2.209528110569672,validation
img08994,4724,images/img08994.jpg,48.0,52.7381225767197,4.738122576719697,validation
img09017,4737,images/img09017.jpg,56.0,62.50193407852757,6.501934078527569,validation
img09018,4737,images/img09018.jpg,56.0,58.736136959587306,2.7361369595873057,validation
img09019,4738,images/img09019.jpg,62.0,58.57915531186233,3.42084468813767,validation
img09020,4738,images/img09020.jpg,62.0,49.0802686253559,12.9197313746441,validation
img09021,4739,images/img09021.jpg,60.0,56.57997498193677,3.420025018063228,validation
img09022,4739,images/img09022.jpg,60.0,67.44943432125362,7.449434321253619,validation
img09066,4762,images/img09066.jpg,66.0,63.601335376620106,2.3986646233798936,validation
img09067,4762,images/img09067.jpg,66.0,63.299154490979824,2.7008455090201764,validation
img09102,4782,images/img09102.jpg,70.0,78.105408236122,8.105408236122003,validation
img09103,4782,images/img09103.jpg,70.0,73.60120568944933,3.60120568944933,validation
img09112,4787,images/img09112.jpg,58.0,50.808341401273886,7.191658598726114,validation
img09161,4812,images/img09161.jpg,52.0,56.37963986543318,4.379639865433177,validation
img09162,4812,images/img09162.jpg,52.0,50.38196452608384,1.6180354739161658,validation
img09163,4813,images/img09163.jpg,78.0,63.44336427258006,14.556635727419938,validation
img09164,4813,images/img09164.jpg,78.0,75.8050272748457,2.194972725154301,validation
img09168,4815,images/img09168.jpg,40.0,53.09555923993272,13.09555923993272,validation
img09190,4827,images/img09190.jpg,69.0,75.65110942447878,6.651109424478776,validation
img09191,4827,images/img09191.jpg,69.0,64.31550144218055,4.6844985578194525,validation
img09211,4838,images/img09211.jpg,77.0,71.1230999426707,5.876900057329294,validation
img09212,4838,images/img09212.jpg,77.0,79.45507572734266,2.45507572734266,validation
img09218,4842,images/img09218.jpg,49.0,50.28046413963855,1.2804641396385463,validation
img09219,4842,images/img09219.jpg,49.0,50.10086568541285,1.100865685412849,validation
img09222,4844,images/img09222.jpg,58.0,51.48346743048018,6.516532569519818,validation
img09223,4844,images/img09223.jpg,58.0,55.0990610455347,2.9009389544653037,validation
img09246,4856,images/img09246.jpg,58.0,55.21239591843781,2.7876040815621863,validation
img09247,4856,images/img09247.jpg,58.0,63.28407298461124,5.284072984611235,validation
img09268,4867,images/img09268.jpg,31.0,38.70923304518683,7.709233045186828,validation
img09269,4867,images/img09269.jpg,31.0,41.21939510441379,10.219395104413792,validation
img09322,4895,images/img09322.jpg,68.0,79.31492356185728,11.314923561857285,validation
img09323,4895,images/img09323.jpg,68.0,77.88154299504345,9.881542995043446,validation
img09459,4966,images/img09459.jpg,64.0,69.49398752150024,5.4939875215002445,validation
img09460,4966,images/img09460.jpg,64.0,67.1185060352178,3.1185060352178056,validation
img09481,4978,images/img09481.jpg,54.0,45.17094935469321,8.829050645306793,validation
img09497,4986,images/img09497.jpg,60.0,64.89247525896994,4.892475258969938,validation
img09498,4986,images/img09498.jpg,60.0,68.42810777097239,8.428107770972389,validation
img09511,4993,images/img09511.jpg,54.0,43.88020645454088,10.119793545459125,validation
img09512,4993,images/img09512.jpg,54.0,45.77526968277734,8.224730317222658,validation
img09545,5011,images/img09545.jpg,64.0,58.270072293609246,5.729927706390754,validation
img09575,5027,images/img09575.jpg,62.0,60.13899706609465,1.8610029339053469,validation
img09576,5027,images/img09576.jpg,62.0,65.74829089813986,3.7482908981398566,validation
img09596,5038,images/img09596.jpg,68.0,72.8968589349197,4.896858934919706,validation
img09597,5038,images/img09597.jpg,68.0,73.45064582860469,5.450645828604692,validation
img09607,5044,images/img09607.jpg,62.0,59.43177791633791,2.568222083662093,validation
img09608,5044,images/img09608.jpg,62.0,66.43203493098535,4.432034930985353,validation
img09626,5054,images/img09626.jpg,78.0,77.46400933454694,0.5359906654530562,validation
img09636,5059,images/img09636.jpg,69.0,60.230585439622345,8.769414560377655,validation
img09637,5059,images/img09637.jpg,69.0,70.25696331167094,1.256963311670944,validation
img09701,5093,images/img09701.jpg,46.0,56.34437041016064,10.344370410160645,validation
img09702,5093,images/img09702.jpg,46.0,53.11431174101777,7.114311741017772,validation
img09716,5101,images/img09716.jpg,73.0,72.79084832903,0.2091516709700016,validation
img09717,5101,images/img09717.jpg,73.0,63.81053517921015,9.189464820789851,validation
img09720,5103,images/img09720.jpg,68.0,66.20544316382505,1.794556836174948,validation
img09721,5103,images/img09721.jpg,68.0,70.86151375855637,2.86151375855637,validation
img09722,5104,images/img09722.jpg,55.0,64.45820127363672,9.458201273636718,validation
img09723,5104,images/img09723.jpg,55.0,49.5991663459936,5.400833654006398,validation
img09730,5108,images/img09730.jpg,65.0,66.08318464370898,1.0831846437089752,validation
img09731,5108,images/img09731.jpg,65.0,66.0702216481059,1.0702216481058997,validation
img09767,5129,images/img09767.jpg,71.0,66.30824737504263,4.691752624957374,validation
img09771,5131,images/img09771.jpg,32.0,43.76754857806385,11.767548578063852,validation
img09772,5131,images/img09772.jpg,32.0,53.18374899869952,21.183748998699517,validation
img09789,5140,images/img09789.jpg,80.0,76.53758157760666,3.462418422393341,validation
img09790,5140,images/img09790.jpg,80.0,80.95954446338074,0.9595444633807376,validation
img09820,5157,images/img09820.jpg,39.0,29.242810832083176,9.757189167916824,validation
img09821,5157,images/img09821.jpg,39.0,34.21975919240777,4.780240807592229,validation
img09863,5179,images/img09863.jpg,77.0,65.34836677899493,11.65163322100507,validation
img09864,5179,images/img09864.jpg,77.0,79.44844917835358,2.4484491783535844,validation
img09902,5199,images/img09902.jpg,54.0,42.30861500881186,11.691384991188135,validation
img09903,5199,images/img09903.jpg,54.0,50.10229438507968,3.8977056149203193,validation
img09967,5232,images/img09967.jpg,27.0,24.903688533556107,2.0963114664438933,validation
img09968,5232,images/img09968.jpg,27.0,26.378385786002344,0.6216142139976562,validation
img09992,5245,images/img09992.jpg,55.0,74.97885279132092,19.97885279132092,validation
img09993,5245,images/img09993.jpg,55.0,55.28806765065808,0.2880676506580784,validation
img09997,5248,images/img09997.jpg,48.0,41.91694953716856,6.083050462831437,validation
img10029,5264,images/img10029.jpg,80.0,81.50916631582325,1.509166315823251,validation
img10030,5265,images/img10030.jpg,84.0,83.11532138738538,0.8846786126146213,validation
img10041,5271,images/img10041.jpg,45.0,56.70884328290653,11.708843282906528,validation
img10073,5289,images/img10073.jpg,65.0,56.41670017119936,8.58329982880064,validation
img10074,5289,images/img10074.jpg,65.0,48.03812928272704,16.96187071727296,validation
img10088,5297,images/img10088.jpg,14.0,16.966293422214065,2.966293422214065,validation
img10089,5297,images/img10089.jpg,14.0,17.494676727090173,3.494676727090173,validation
img10124,5315,images/img10124.jpg,59.0,71.47705101494083,12.477051014940828,validation
img10125,5315,images/img10125.jpg,59.0,45.33629243995309,13.663707560046907,validation
img10136,5321,images/img10136.jpg,57.0,47.02702107873979,9.972978921260207,validation
img10137,5321,images/img10137.jpg,57.0,47.38619399376167,9.613806006238327,validation
img10188,5347,images/img10188.jpg,72.0,82.23789911962803,10.237899119628024,validation
img10189,5347,images/img10189.jpg,72.0,85.61152581429465,13.611525814294652,validation
img10196,5351,images/img10196.jpg,66.0,60.8351601525899,5.1648398474101,validation
img10197,5351,images/img10197.jpg,66.0,63.36389912462226,2.636100875377742,validation
img10200,5354,images/img10200.jpg,78.0,71.35811558481318,6.641884415186823,validation
img10201,5354,images/img10201.jpg,78.0,73.24849355063077,4.751506449369231,validation
img10208,5358,images/img10208.jpg,71.0,61.40965174003448,9.590348259965523,validation
img10209,5358,images/img10209.jpg,71.0,70.05320565514008,0.9467943448599244,validation
img10214,5361,images/img10214.jpg,44.0,43.66843281132967,0.3315671886703342,validation
img10215,5361,images/img10215.jpg,44.0,59.9657805914685,15.9657805914685,validation
img10234,5371,images/img10234.jpg,60.0,62.2116904693784,2.2116904693783965,validation
img10235,5371,images/img10235.jpg,60.0,64.32226213625285,4.322262136252846,validation
img10244,5376,images/img10244.jpg,60.0,66.64630879861352,6.646308798613518,validation
img10245,5376,images/img10245.jpg,60.0,60.51951540850533,0.5195154085053275,validation
img10274,5391,images/img10274.jpg,57.0,46.57765359032321,10.422346409676791,validation
img10275,5391,images/img10275.jpg,57.0,51.237304659105085,5.762695340894915,validation
img10293,5401,images/img10293.jpg,86.0,87.4853297733665,1.4853297733665016,validation
img10351,5431,images/img10351.jpg,59.0,58.69426706181292,0.3057329381870772,validation
img10352,5431,images/img10352.jpg,59.0,60.53196281802634,1.5319628180263365,validation
img10362,5437,images/img10362.jpg,59.0,71.18761500281707,12.187615002817068,validation
img10363,5437,images/img10363.jpg,59.0,65.25985610810832,6.259856108108323,validation
img10423,5470,images/img10423.jpg,58.0,60.73858060041696,2.7385806004169595,validation
img10424,5470,images/img10424.jpg,58.0,70.93150586429574,12.931505864295744,validation
img10440,5479,images/img10440.jpg,68.0,61.72793221688228,6.27206778311772,validation
img10441,5479,images/img10441.jpg,68.0,62.99453227388594,5.005467726114063,validation
img10442,5480,images/img10442.jpg,59.0,62.61651033875571,3.6165103387557096,validation
img10443,5480,images/img10443.jpg,59.0,66.5571912030211,7.557191203021105,validation
img10488,5505,images/img10488.jpg,69.0,62.37700465346181,6.62299534653819,validation
img10489,5505,images/img10489.jpg,69.0,67.17193722153664,1.8280627784633623,validation
img10496,5509,images/img10496.jpg,77.0,76.59073138643384,0.4092686135661552,validation
img10497,5509,images/img10497.jpg,77.0,77.10082515435359,0.1008251543535863,validation
img10522,5522,images/img10522.jpg,17.0,24.21119671442993,7.211196714429931,validation
img10523,5522,images/img10523.jpg,17.0,16.63699014572297,0.3630098542770312,validation
img10543,5533,images/img10543.jpg,50.0,37.26256884330271,12.73743115669729,validation
img10544,5533,images/img10544.jpg,50.0,53.864153309747465,3.864153309747465,validation
img10604,5564,images/img10604.jpg,72.0,62.13017660972277,9.869823390277231,validation
img10605,5564,images/img10605.jpg,72.0,64.21111857236163,7.788881427638373,validation
img10615,5570,images/img10615.jpg,74.0,86.03973218848556,12.03973218848556,validation
img10616,5570,images/img10616.jpg,74.0,80.67805572948006,6.678055729480064,validation
img10623,5574,images/img10623.jpg,35.0,27.86066714339757,7.139332856602426,validation
img10624,5574,images/img10624.jpg,35.0,29.51540672851561,5.4845932714843855,validation
img10645,5586,images/img10645.jpg,21.0,33.82556677639191,12.82556677639191,validation
img10646,5586,images/img10646.jpg,21.0,20.38427524317858,0.6157247568214217,validation
img10672,5600,images/img10672.jpg,48.0,39.88495035361275,8.115049646387249,validation
img10673,5600,images/img10673.jpg,48.0,50.04252566153644,2.0425256615364376,validation
img10694,5612,images/img10694.jpg,54.0,51.36260707293883,2.637392927061171,validation
img10695,5612,images/img10695.jpg,54.0,59.05789975554672,5.057899755546721,validation
img10709,5620,images/img10709.jpg,49.0,46.24890979698409,2.751090203015913,validation
img10710,5620,images/img10710.jpg,49.0,43.84057912446873,5.159420875531268,validation
img10731,5632,images/img10731.jpg,62.0,49.52249097952264,12.477509020477356,validation
img10732,5632,images/img10732.jpg,62.0,59.35997785115372,2.6400221488462776,validation
img10765,5649,images/img10765.jpg,66.0,52.25977756910629,13.740222430893716,validation
img10801,5667,images/img10801.jpg,57.0,45.8902734622951,11.1097265377049,validation
img10802,5667,images/img10802.jpg,57.0,52.93949779476033,4.060502205239672,validation
img10810,5672,images/img10810.jpg,58.0,52.10898758946035,5.891012410539652,validation
img10811,5672,images/img10811.jpg,58.0,56.3872281964976,1.6127718035024046,validation
img10839,5687,images/img10839.jpg,54.0,58.13824489388296,4.138244893882963,validation
img10840,5687,images/img10840.jpg,54.0,46.69880623146053,7.30119376853947,validation
img10841,5688,images/img10841.jpg,55.0,38.80164482959121,16.19835517040879,validation
img10842,5688,images/img10842.jpg,55.0,40.05832251287816,14.941677487121837,validation
img10868,5703,images/img10868.jpg,82.0,74.96007029844895,7.039929701551046,validation
img10875,5707,images/img10875.jpg,75.0,64.59756547308447,10.402434526915528,validation
img10886,5713,images/img10886.jpg,77.0,82.32765853946009,5.327658539460089,validation
img10887,5713,images/img10887.jpg,77.0,74.38255172174843,2.6174482782515724,validation
img10909,5725,images/img10909.jpg,53.0,52.26289780555424,0.737102194445761,validation
img10910,5725,images/img10910.jpg,53.0,68.33889583757754,15.33889583757754,validation
img10926,5735,images/img10926.jpg,71.0,69.5709431748524,1.4290568251475977,validation
img10927,5735,images/img10927.jpg,71.0,66.31717293082384,4.682827069176156,validation
img10945,5745,images/img10945.jpg,66.0,66.45835681377855,0.4583568137785505,validation
img10946,5745,images/img10946.jpg,66.0,75.700418103362,9.700418103361995,validation
img10955,5750,images/img10955.jpg,53.0,50.538035241444895,2.461964758555105,validation
img10956,5750,images/img10956.jpg,53.0,62.15322666121788,9.15322666121788,validation
img10965,5755,images/img10965.jpg,68.0,65.1106709617141,2.8893290382858936,validation
img10987,5767,images/img10987.jpg,19.0,17.247736350476565,1.7522636495234352,validation
img10988,5767,images/img10988.jpg,19.0,20.682343436877154,1.6823434368771544,validation
img11032,5792,images/img11032.jpg,66.0,62.8042796463432,3.195720353656803,validation
img11033,5792,images/img11033.jpg,66.0,69.40077850086956,3.4007785008695635,validation
img11042,5797,images/img11042.jpg,57.0,65.81292374421294,8.812923744212938,validation
img11043,5797,images/img11043.jpg,57.0,58.02960850705022,1.02960850705022,validation
img11050,5802,images/img11050.jpg,52.0,60.49736974571154,8.497369745711538,validation
img11051,5802,images/img11051.jpg,52.0,51.73006317419706,0.2699368258029366,validation
img11058,5807,images/img11058.jpg,84.0,71.94754580865967,12.052454191340331,validation
img11082,5821,images/img11082.jpg,65.0,61.58149050103152,3.4185094989684828,validation
img11089,5825,images/img11089.jpg,70.0,71.68130708043942,1.6813070804394243,validation
img11090,5825,images/img11090.jpg,70.0,74.69939586465635,4.699395864656353,validation
img11134,5849,images/img11134.jpg,74.0,76.15400734476356,2.1540073447635564,validation
img11135,5849,images/img11135.jpg,74.0,74.10494119854643,0.1049411985464274,validation
img11138,5852,images/img11138.jpg,74.0,65.34109731515578,8.658902684844222,validation
img11150,5859,images/img11150.jpg,57.0,61.84063917082877,4.840639170828773,validation
img11151,5859,images/img11151.jpg,57.0,60.0226093019378,3.0226093019377984,validation
img11177,5874,images/img11177.jpg,69.0,70.72820081109445,1.7282008110944531,validation
img11187,5880,images/img11187.jpg,80.0,62.12379762930191,17.876202370698095,validation
img11188,5880,images/img11188.jpg,80.0,75.6982237951714,4.301776204828599,validation
img11205,5888,images/img11205.jpg,63.0,54.17807461669577,8.821925383304233,validation
img11206,5888,images/img11206.jpg,63.0,60.74679126105954,2.253208738940458,validation
img11208,5890,images/img11208.jpg,68.0,72.99388509206484,4.993885092064843,validation
img11209,5890,images/img11209.jpg,68.0,67.64460233001654,0.3553976699834607,validation
img11214,5893,images/img11214.jpg,53.0,46.80491935473092,6.19508064526908,validation
img11215,5893,images/img11215.jpg,53.0,52.123803532188575,0.8761964678114254,validation
img11249,5913,images/img11249.jpg,66.0,65.20923924201108,0.7907607579889202,validation
img11250,5913,images/img11250.jpg,66.0,55.595213267640624,10.404786732359376,validation
img11275,5926,images/img11275.jpg,59.0,56.642139708437504,2.3578602915624955,validation
img11276,5926,images/img11276.jpg,59.0,52.75131460051363,6.248685399486369,validation
img11285,5932,images/img11285.jpg,60.0,47.88317862428036,12.116821375719644,validation
img11286,5932,images/img11286.jpg,60.0,54.89631765670624,5.103682343293762,validation
img11301,5941,images/img11301.jpg,65.0,64.17543488961412,0.8245651103858762,validation
img11302,5941,images/img11302.jpg,65.0,59.68549125639119,5.314508743608812,validation
img11318,5951,images/img11318.jpg,82.0,82.68476583832243,0.6847658383224342,validation
img11319,5951,images/img11319.jpg,82.0,74.65344953773715,7.346550462262854,validation
img11320,5952,images/img11320.jpg,56.0,52.32954609970695,3.670453900293048,validation
img11321,5952,images/img11321.jpg,56.0,50.715572987258014,5.284427012741986,validation
img11324,5954,images/img11324.jpg,47.0,47.53111976111098,0.531119761110979,validation
img11325,5954,images/img11325.jpg,47.0,44.6145068246046,2.3854931753954034,validation
img11351,5968,images/img11351.jpg,49.0,40.23725024168776,8.762749758312246,validation
img11363,5975,images/img11363.jpg,70.0,72.04602029645942,2.0460202964594174,validation
img11364,5975,images/img11364.jpg,70.0,60.835693461091495,9.164306538908503,validation
img11390,5989,images/img11390.jpg,62.0,60.98258341783009,1.0174165821699075,validation
img11391,5989,images/img11391.jpg,62.0,65.1568103266799,3.156810326679903,validation
img11396,5992,images/img11396.jpg,66.0,73.79344868103175,7.793448681031748,validation
img11409,6001,images/img11409.jpg,61.0,56.186882242052825,4.813117757947175,validation
img11410,6001,images/img11410.jpg,61.0,59.53306399783317,1.4669360021668325,validation
img11417,6005,images/img11417.jpg,77.0,72.22911197590106,4.770888024098937,validation
img11418,6005,images/img11418.jpg,77.0,69.94375308272477,7.056246917275232,validation
img11426,6010,images/img11426.jpg,67.0,65.06928611292966,1.93071388707034,validation
img11427,6010,images/img11427.jpg,67.0,46.569459834142336,20.430540165857664,validation
img11428,6011,images/img11428.jpg,70.0,70.42958731217952,0.429587312179521,validation
img11429,6011,images/img11429.jpg,70.0,57.33984389563732,12.660156104362684,validation
img11457,6026,images/img11457.jpg,70.0,75.89724929303479,5.89724929303479,validation
img11458,6026,images/img11458.jpg,70.0,70.91915470114542,0.9191547011454162,validation
img11459,6027,images/img11459.jpg,74.0,65.73766508069406,8.262334919305943,validation
img11460,6027,images/img11460.jpg,74.0,65.11272458115887,8.887275418841128,validation
img11466,6030,images/img11466.jpg,68.0,59.262160728792274,8.737839271207726,validation
img11475,6036,images/img11475.jpg,59.0,67.16284371174878,8.162843711748778,validation
img11476,6036,images/img11476.jpg,59.0,81.54978937322045,22.54978937322045,validation
img11509,6056,images/img11509.jpg,25.0,31.078360539617645,6.078360539617645,validation
img11510,6056,images/img11510.jpg,25.0,34.770853368934425,9.770853368934423,validation
img11556,6080,images/img11556.jpg,83.0,79.27186189953257,3.728138100467433,validation
img11557,6080,images/img11557.jpg,83.0,82.01932770158982,0.980672298410184,validation
img11634,6121,images/img11634.jpg,49.0,59.90032542512916,10.90032542512916,validation
img11649,6131,images/img11649.jpg,60.0,72.9791618512234,12.979161851223395,validation
img11650,6131,images/img11650.jpg,60.0,77.19384986182115,17.19384986182115,validation
img11666,6141,images/img11666.jpg,72.0,70.23919944894313,1.7608005510568745,validation
img11667,6141,images/img11667.jpg,72.0,63.18499211741089,8.815007882589107,validation
img11682,6150,images/img11682.jpg,61.0,67.58441263084627,6.584412630846273,validation
img11683,6150,images/img11683.jpg,61.0,51.03864451573666,9.961355484263336,validation
img11707,6163,images/img11707.jpg,67.0,66.62711296438758,0.3728870356124218,validation
img11708,6163,images/img11708.jpg,67.0,71.71953733854728,4.719537338547283,validation
img11740,6180,images/img11740.jpg,14.0,39.7735488603542,25.7735488603542,validation
img11741,6180,images/img11741.jpg,14.0,17.890310930098074,3.8903109300980745,validation
img11788,6205,images/img11788.jpg,32.0,38.91682855983037,6.916828559830364,validation
img11789,6205,images/img11789.jpg,32.0,28.734427141321916,3.2655728586780874,validation
img11821,6222,images/img11821.jpg,72.0,66.19600065869874,5.803999341301264,validation
img11822,6222,images/img11822.jpg,72.0,75.3759876742842,3.375987674284204,validation
img11827,6225,images/img11827.jpg,88.0,85.57296837305698,2.42703162694302,validation
img11828,6225,images/img11828.jpg,88.0,84.89283753257503,3.1071624674249705,validation
img11847,6235,images/img11847.jpg,39.0,45.44973337472079,6.449733374720786,validation
img11848,6235,images/img11848.jpg,39.0,50.379674789480376,11.379674789480376,validation
img11877,6251,images/img11877.jpg,72.0,74.60205670231704,2.602056702317043,validation
img11878,6251,images/img11878.jpg,72.0,77.48102721973879,5.481027219738792,validation
img11901,6263,images/img11901.jpg,63.0,61.08775098185533,1.9122490181446707,validation
img11902,6263,images/img11902.jpg,63.0,68.27182111474565,5.271821114745649,validation
img11982,6305,images/img11982.jpg,83.0,79.64798071945773,3.3520192805422653,validation
img11983,6305,images/img11983.jpg,83.0,75.27813374382065,7.721866256179354,validation
img11986,6307,images/img11986.jpg,83.0,74.18411842535,8.815881574650007,validation
img11987,6307,images/img11987.jpg,83.0,64.53653000552364,18.463469994476355,validation
img12008,6318,images/img12008.jpg,36.0,41.02885346510639,5.028853465106387,validation
img12009,6318,images/img12009.jpg,36.0,39.232711874947086,3.2327118749470856,validation
img12023,6327,images/img12023.jpg,24.0,23.27225747460573,0.7277425253942695,validation
img12024,6327,images/img12024.jpg,24.0,29.36291539659467,5.362915396594669,validation
img12029,6330,images/img12029.jpg,11.0,17.377305232323025,6.377305232323025,validation
img12030,6330,images/img12030.jpg,11.0,17.2644270525386,6.2644270525386005,validation
img12061,6346,images/img12061.jpg,75.0,69.27385871176412,5.72614128823588,validation
img12062,6346,images/img12062.jpg,75.0,70.97904121061539,4.020958789384608,validation
img12063,6347,images/img12063.jpg,40.0,45.031014220683936,5.031014220683936,validation
img12064,6347,images/img12064.jpg,40.0,53.11436190909768,13.11436190909768,validation
img12078,6355,images/img12078.jpg,77.0,73.43331166638737,3.566688333612632,validation
img12079,6355,images/img12079.jpg,77.0,78.27997570442164,1.2799757044216449,validation
img12080,6356,images/img12080.jpg,32.0,28.838667686479354,3.1613323135206457,validation
img12081,6356,images/img12081.jpg,32.0,31.66979203360813,0.3302079663918711,validation
img12094,6363,images/img12094.jpg,25.0,46.64999923337635,21.64999923337635,validation
img12095,6363,images/img12095.jpg,25.0,33.43118677538161,8.431186775381612,validation
img12104,6368,images/img12104.jpg,25.0,33.15438330389982,8.15438330389982,validation
img12105,6368,images/img12105.jpg,25.0,29.747008760003737,4.747008760003737,validation
img12116,6374,images/img12116.jpg,89.0,81.67272298119437,7.327277018805631,validation
img12118,6375,images/img12118.jpg,58.0,50.27022167175985,7.729778328240151,validation
img12119,6375,images/img12119.jpg,58.0,49.74897259502924,8.251027404970763,validation
img12166,6403,images/img12166.jpg,58.0,46.69142170822072,11.308578291779284,validation
img12167,6403,images/img12167.jpg,58.0,60.87016547564826,2.870165475648264,validation
img12176,6408,images/img12176.jpg,76.0,67.53660136008716,8.463398639912839,validation
img12177,6408,images/img12177.jpg,76.0,67.0864442697173,8.913555730282695,validation
img12208,6426,images/img12208.jpg,71.0,72.86547334788747,1.8654733478874728,validation
img12209,6426,images/img12209.jpg,71.0,82.09294826823877,11.092948268238771,validation
img12286,6466,images/img12286.jpg,63.0,60.51334882446624,2.486651175533765,validation
img12287,6466,images/img12287.jpg,63.0,63.51922277183693,0.5192227718369296,validation
img12294,6470,images/img12294.jpg,37.0,61.74113896391706,24.74113896391706,validation
img12295,6470,images/img12295.jpg,37.0,63.24192743504999,26.241927435049988,validation
img12304,6475,images/img12304.jpg,37.0,42.87136235781191,5.871362357811911,validation
img12335,6493,images/img12335.jpg,71.0,71.81894647948786,0.8189464794878631,validation
img12340,6496,images/img12340.jpg,82.0,77.9960330970474,4.003966902952598,validation
img12341,6496,images/img12341.jpg,82.0,78.78034995216517,3.2196500478348327,validation
img12348,6500,images/img12348.jpg,85.0,84.64744800399671,0.3525519960032852,validation
img12349,6500,images/img12349.jpg,85.0,83.27128522292404,1.7287147770759643,validation
img12404,6530,images/img12404.jpg,62.0,71.10780849379383,9.107808493793826,validation
img12405,6530,images/img12405.jpg,62.0,70.23469959029781,8.234699590297808,validation
img12422,6539,images/img12422.jpg,43.0,41.152752263313246,1.8472477366867537,validation
img12423,6539,images/img12423.jpg,43.0,49.77264647569185,6.77264647569185,validation
img12470,6563,images/img12470.jpg,88.0,85.44357835132149,2.5564216486785085,validation
img12471,6563,images/img12471.jpg,88.0,71.20571913599989,16.794280864000115,validation
img12548,6603,images/img12548.jpg,8.0,11.275453284852851,3.2754532848528517,validation
img12549,6603,images/img12549.jpg,8.0,11.86867556117383,3.868675561173831,validation
img12552,6605,images/img12552.jpg,48.0,43.96044048285373,4.039559517146266,validation
img12553,6605,images/img12553.jpg,48.0,56.17325942713797,8.173259427137971,validation
img12558,6608,images/img12558.jpg,38.0,44.05927814392759,6.059278143927585,validation
img12559,6608,images/img12559.jpg,38.0,40.51326738304758,2.5132673830475767,validation
img12584,6622,images/img12584.jpg,65.0,65.72903835217141,0.7290383521714148,validation
img12585,6622,images/img12585.jpg,65.0,60.63601087044241,4.363989129557588,validation
img12620,6640,images/img12620.jpg,51.0,43.34553578052025,7.654464219479749,validation
img12621,6640,images/img12621.jpg,51.0,48.28055834928579,2.7194416507142094,validation
img12625,6642,images/img12625.jpg,80.0,74.05842993542308,5.941570064576922,validation
img12626,6643,images/img12626.jpg,77.0,75.53909718937791,1.4609028106220876,validation
img12627,6643,images/img12627.jpg,77.0,72.6783278694675,4.321672130532505,validation
img12646,6653,images/img12646.jpg,16.0,24.715111083637996,8.715111083637993,validation
img12647,6653,images/img12647.jpg,16.0,20.19359291512536,4.1935929151253575,validation
img12667,6664,images/img12667.jpg,34.0,39.091286967086745,5.091286967086745,validation
img12668,6664,images/img12668.jpg,34.0,48.36823361258095,14.368233612580951,validation
img12719,6691,images/img12719.jpg,73.0,67.7634352427635,5.2365647572364935,validation
img12720,6691,images/img12720.jpg,73.0,71.39851833890297,1.6014816610970255,validation
img12727,6695,images/img12727.jpg,58.0,53.5918366095858,4.408163390414202,validation
img12728,6695,images/img12728.jpg,58.0,56.61857086719219,1.38142913280781,validation
img12757,6710,images/img12757.jpg,51.0,40.900284673026704,10.099715326973296,validation
img12758,6710,images/img12758.jpg,51.0,48.764282792858495,2.235717207141505,validation
img12771,6717,images/img12771.jpg,71.0,67.99089077338651,3.0091092266134893,validation
img12772,6717,images/img12772.jpg,71.0,74.85480239826391,3.8548023982639137,validation
img12777,6720,images/img12777.jpg,57.0,72.19066250509623,15.190662505096228,validation
img12778,6720,images/img12778.jpg,57.0,65.39771908229547,8.397719082295467,validation
img12789,6726,images/img12789.jpg,59.0,58.19211341498531,0.8078865850146926,validation
img12790,6726,images/img12790.jpg,59.0,72.13709499247331,13.137094992473308,validation
img12817,6740,images/img12817.jpg,41.0,49.56963534200217,8.569635342002172,validation
img12818,6740,images/img12818.jpg,41.0,41.423657713575,0.4236577135749968,validation
img12823,6743,images/img12823.jpg,49.0,43.078180267216936,5.921819732783064,validation
img12824,6743,images/img12824.jpg,49.0,63.02237446762233,14.022374467622328,validation
img12843,6754,images/img12843.jpg,39.0,37.98083396817445,1.0191660318255558,validation
img12844,6754,images/img12844.jpg,39.0,33.36640887812098,5.633591121879022,validation
img12868,6767,images/img12868.jpg,45.0,42.15303288692465,2.846967113075351,validation
img12869,6767,images/img12869.jpg,45.0,42.692355014440736,2.307644985559264,validation
img12880,6773,images/img12880.jpg,44.0,48.48045579019011,4.480455790190113,validation
img12881,6773,images/img12881.jpg,44.0,42.1736028902958,1.826397109704203,validation
img12882,6774,images/img12882.jpg,51.0,42.30951912486057,8.690480875139428,validation
img12883,6774,images/img12883.jpg,51.0,46.4115492589813,4.588450741018697,validation
img12938,6805,images/img12938.jpg,63.0,59.94502109453467,3.054978905465333,validation
img12939,6805,images/img12939.jpg,63.0,65.43975338959258,2.439753389592582,validation
img12940,6806,images/img12940.jpg,48.0,47.83529319201181,0.1647068079881961,validation
img12941,6806,images/img12941.jpg,48.0,51.47388805374457,3.4738880537445667,validation
img12944,6808,images/img12944.jpg,62.0,79.20119034349362,17.20119034349362,validation
img12945,6808,images/img12945.jpg,62.0,64.4998080616442,2.4998080616442024,validation
img12952,6812,images/img12952.jpg,48.0,41.78418080431256,6.215819195687445,validation
img12953,6812,images/img12953.jpg,48.0,38.27160379685739,9.728396203142609,validation
img12963,6818,images/img12963.jpg,76.0,78.73712033583382,2.737120335833822,validation
img12964,6818,images/img12964.jpg,76.0,83.1329456519778,7.132945651977806,validation
img12968,6821,images/img12968.jpg,51.0,53.2822878325148,2.282287832514797,validation
img12969,6821,images/img12969.jpg,51.0,49.6672117121106,1.3327882878894002,validation
img12994,6835,images/img12994.jpg,66.0,48.12809046548914,17.871909534510856,validation
img13033,6856,images/img13033.jpg,77.0,43.91805499899729,33.08194500100271,validation
img13034,6856,images/img13034.jpg,77.0,53.90596867700022,23.094031322999783,validation
img13044,6862,images/img13044.jpg,60.0,62.7918794057234,2.7918794057233995,validation
img13045,6862,images/img13045.jpg,60.0,67.28610341224207,7.2861034122420705,validation
img13052,6866,images/img13052.jpg,68.0,67.75343216387479,0.2465678361252088,validation
img13096,6889,images/img13096.jpg,85.0,85.39828311883059,0.3982831188305908,validation
img13097,6889,images/img13097.jpg,85.0,80.65376129148125,4.346238708518754,validation
img13112,6897,images/img13112.jpg,64.0,61.5159758964236,2.4840241035764024,validation
img13113,6897,images/img13113.jpg,64.0,56.29218572340324,7.707814276596757,validation
img13129,6906,images/img13129.jpg,83.0,61.96521196628304,21.034788033716964,validation
img13182,6936,images/img13182.jpg,26.0,29.179038477641488,3.1790384776414875,validation
img13183,6936,images/img13183.jpg,26.0,28.7795456949227,2.7795456949226995,validation
img13226,6961,images/img13226.jpg,70.0,64.86549900991712,5.134500990082884,validation
img13227,6961,images/img13227.jpg,70.0,64.25664228773817,5.743357712261826,validation
img13233,6965,images/img13233.jpg,79.0,75.16679114352547,3.833208856474528,validation
img13234,6965,images/img13234.jpg,79.0,72.014248633334,6.985751366665994,validation
img13276,6988,images/img13276.jpg,56.0,69.5497275301051,13.549727530105102,validation
img13323,7012,images/img13323.jpg,37.0,39.58926187187832,2.589261871878321,validation
img13324,7012,images/img13324.jpg,37.0,41.58846094667069,4.588460946670693,validation
img13342,7022,images/img13342.jpg,75.0,73.9368050599684,1.0631949400315932,validation
img13343,7022,images/img13343.jpg,75.0,68.98888547753097,6.011114522469029,validation
img13344,7023,images/img13344.jpg,45.0,61.47940772861517,16.479407728615172,validation
img13345,7023,images/img13345.jpg,45.0,63.907643132137736,18.907643132137736,validation
img13358,7030,images/img13358.jpg,55.0,52.71268736020827,2.287312639791729,validation
img13359,7030,images/img13359.jpg,55.0,59.00454518461079,4.004545184610791,validation
img13360,7031,images/img13360.jpg,19.0,23.84748467878716,4.847484678787161,validation
img13361,7031,images/img13361.jpg,19.0,31.834160113141177,12.834160113141175,validation
img13415,7060,images/img13415.jpg,82.0,72.28477346055476,9.71522653944524,validation
img13423,7065,images/img13423.jpg,68.0,74.16037038317796,6.160370383177963,validation
img13424,7065,images/img13424.jpg,68.0,74.45706767956264,6.457067679562641,validation
img13437,7072,images/img13437.jpg,64.0,63.385998163820055,0.6140018361799449,validation
img13438,7072,images/img13438.jpg,64.0,66.57003968452875,2.5700396845287514,validation
img13442,7075,images/img13442.jpg,53.0,56.48158937888728,3.4815893788872785,validation
img13443,7075,images/img13443.jpg,53.0,56.82115120976096,3.821151209760956,validation
img13478,7094,images/img13478.jpg,67.0,70.43974089530796,3.439740895307964,validation
img13479,7094,images/img13479.jpg,67.0,77.36634735151954,10.366347351519536,validation
img13482,7096,images/img13482.jpg,74.0,54.708540714845725,19.291459285154275,validation
img13483,7096,images/img13483.jpg,74.0,66.56125917993508,7.438740820064922,validation
img13513,7112,images/img13513.jpg,33.0,36.69509151685604,3.695091516856039,validation
img13514,7112,images/img13514.jpg,33.0,46.88840776457495,13.88840776457495,validation
img13539,7125,images/img13539.jpg,40.0,55.81983593766468,15.819835937664678,validation
img13540,7125,images/img13540.jpg,40.0,56.11231938799001,16.112319387990013,validation
img13543,7127,images/img13543.jpg,45.0,44.28303105213156,0.7169689478684376,validation
img13544,7127,images/img13544.jpg,45.0,39.2480578543456,5.751942145654397,validation
img13585,7149,images/img13585.jpg,66.0,65.39554331448223,0.6044566855177749,validation
img13586,7149,images/img13586.jpg,66.0,68.74650821496778,2.7465082149677755,validation
img13597,7155,images/img13597.jpg,52.0,52.69424840962262,0.6942484096226167,validation
img13598,7155,images/img13598.jpg,52.0,44.8708788002402,7.129121199759801,validation
img13611,7162,images/img13611.jpg,55.0,54.18634471560693,0.8136552843930716,validation
img13612,7162,images/img13612.jpg,55.0,63.5847891804404,8.584789180440403,validation
img13623,7168,images/img13623.jpg,47.0,67.15791742442428,20.157917424424284,validation
img13624,7168,images/img13624.jpg,47.0,50.42067247156121,3.420672471561211,validation
img13627,7170,images/img13627.jpg,50.0,48.16727827955691,1.8327217204430892,validation
img13628,7170,images/img13628.jpg,50.0,58.69571811899363,8.695718118993632,validation
img13657,7185,images/img13657.jpg,58.0,54.74896718971243,3.251032810287569,validation
img13658,7185,images/img13658.jpg,58.0,57.86665058680666,0.1333494131933434,validation
img13690,7202,images/img13690.jpg,56.0,55.842525542411785,0.157474457588215,validation
img13691,7202,images/img13691.jpg,56.0,49.83512645677079,6.164873543229213,validation
img13697,7206,images/img13697.jpg,38.0,37.595434053467,0.4045659465329976,validation
img13698,7206,images/img13698.jpg,38.0,41.5360014942474,3.536001494247401,validation
img13707,7211,images/img13707.jpg,36.0,28.768672308908684,7.231327691091316,validation
img13732,7224,images/img13732.jpg,37.0,55.01976385158353,18.019763851583527,validation
img13733,7224,images/img13733.jpg,37.0,55.64145651325013,18.641456513250134,validation
img13742,7229,images/img13742.jpg,47.0,54.075399370161854,7.075399370161854,validation
img13743,7229,images/img13743.jpg,47.0,46.51560876280692,0.4843912371930798,validation
img13752,7234,images/img13752.jpg,64.0,58.69564777462072,5.304352225379276,validation
img13753,7234,images/img13753.jpg,64.0,61.23881088758336,2.7611891124166448,validation
img13764,7240,images/img13764.jpg,63.0,52.22728174065356,10.77271825934644,validation
img13765,7240,images/img13765.jpg,63.0,57.25089527649882,5.749104723501176,validation
img13766,7241,images/img13766.jpg,34.0,47.331668925178846,13.331668925178846,validation
img13767,7241,images/img13767.jpg,34.0,42.34531514048264,8.34531514048264,validation
img13805,7261,images/img13805.jpg,46.0,40.49444890003134,5.505551099968663,validation
img13806,7261,images/img13806.jpg,46.0,43.13908213499976,2.8609178650002463,validation
img13811,7264,images/img13811.jpg,68.0,62.51717644993498,5.482823550065021,validation
img13812,7264,images/img13812.jpg,68.0,60.29282085131175,7.707179148688255,validation
img13827,7272,images/img13827.jpg,26.0,36.4956036001692,10.495603600169195,validation
img13828,7272,images/img13828.jpg,26.0,27.984344547686597,1.984344547686593,validation
img13829,7273,images/img13829.jpg,57.0,54.26386585046844,2.7361341495315585,validation
img13830,7273,images/img13830.jpg,57.0,47.25166283444642,9.74833716555358,validation
img13859,7288,images/img13859.jpg,63.0,60.292849207183,2.7071507928170035,validation
img13860,7288,images/img13860.jpg,63.0,64.34039462530691,1.3403946253069137,validation
img13903,7311,images/img13903.jpg,69.0,73.30002598418626,4.300025984186263,validation
img13904,7311,images/img13904.jpg,69.0,67.86937059653337,1.130629403466628,validation
img13945,7332,images/img13945.jpg,67.0,64.88004884369977,2.119951156300232,validation
img13946,7332,images/img13946.jpg,67.0,68.22688360247668,1.2268836024766756,validation
img13953,7336,images/img13953.jpg,86.0,68.25545868642385,17.74454131357615,validation
img13954,7336,images/img13954.jpg,86.0,77.98548689416319,8.014513105836812,validation
img13983,7351,images/img13983.jpg,92.0,81.48178545029988,10.51821454970012,validation
img13984,7351,images/img13984.jpg,92.0,82.89449458697233,9.105505413027672,validation
img14005,7362,images/img14005.jpg,70.0,67.99613006590519,2.0038699340948085,validation
img14006,7362,images/img14006.jpg,70.0,77.53852420175072,7.538524201750718,validation
img14007,7363,images/img14007.jpg,74.0,74.1336766022272,0.1336766022271973,validation
img14045,7382,images/img14045.jpg,45.0,49.60275063718067,4.6027506371806695,validation
img14046,7382,images/img14046.jpg,45.0,52.78031829436085,7.780318294360853,validation
img14058,7389,images/img14058.jpg,60.0,61.77766405261339,1.777664052613389,validation
img14059,7389,images/img14059.jpg,60.0,55.474407167968295,4.525592832031705,validation
img14089,7405,images/img14089.jpg,63.0,55.61967811351955,7.380321886480452,validation
img14090,7405,images/img14090.jpg,63.0,59.32124291306813,3.678757086931867,validation
img14132,7426,images/img14132.jpg,63.0,63.95307360032227,0.95307360032227,validation
img14133,7426,images/img14133.jpg,63.0,64.7575040383451,1.757504038345104,validation
img14154,7438,images/img14154.jpg,47.0,44.28544239179826,2.714557608201737,validation
img14155,7438,images/img14155.jpg,47.0,43.37176932386841,3.6282306761315866,validation
img14173,7448,images/img14173.jpg,57.0,45.83918599779614,11.160814002203857,validation
img14174,7448,images/img14174.jpg,57.0,43.37969588049327,13.620304119506727,validation
img14183,7453,images/img14183.jpg,31.0,49.25835822004795,18.258358220047956,validation
img14184,7453,images/img14184.jpg,31.0,49.13365945908871,18.13365945908871,validation
img14203,7463,images/img14203.jpg,34.0,51.85808338922909,17.858083389229087,validation
img14204,7463,images/img14204.jpg,34.0,36.48449246108085,2.484492461080848,validation
img14231,7477,images/img14231.jpg,53.0,57.056449797147565,4.056449797147565,validation
img14232,7477,images/img14232.jpg,53.0,62.66956308325439,9.669563083254388,validation
img14269,7496,images/img14269.jpg,88.0,73.67379344801853,14.326206551981471,validation
img14270,7496,images/img14270.jpg,88.0,80.29514676900091,7.704853230999092,validation
img14321,7521,images/img14321.jpg,68.0,64.94854953967241,3.0514504603275867,validation
img14322,7521,images/img14322.jpg,68.0,61.264133771220216,6.735866228779784,validation
img14346,7534,images/img14346.jpg,67.0,66.92258332403546,0.0774166759645424,validation
img14347,7534,images/img14347.jpg,67.0,59.45106481653498,7.548935183465019,validation
img14350,7536,images/img14350.jpg,79.0,59.696299478431854,19.303700521568143,validation
img14351,7536,images/img14351.jpg,79.0,54.33747387509743,24.66252612490257,validation
img14362,7542,images/img14362.jpg,87.0,81.94786654359758,5.052133456402416,validation
img14372,7547,images/img14372.jpg,47.0,47.124753951445314,0.1247539514453137,validation
img14373,7547,images/img14373.jpg,47.0,45.17664125054147,1.823358749458528,validation
img14374,7548,images/img14374.jpg,53.0,44.68727453389519,8.312725466104808,validation
img14375,7548,images/img14375.jpg,53.0,46.45312878172798,6.546871218272017,validation
img14394,7559,images/img14394.jpg,89.0,83.0592770984698,5.940722901530194,validation
img14395,7559,images/img14395.jpg,89.0,81.19800207204881,7.801997927951191,validation
img14426,7575,images/img14426.jpg,61.0,61.5821868557928,0.5821868557927985,validation
img14427,7575,images/img14427.jpg,61.0,66.4156539622862,5.4156539622862,validation
img14429,7576,images/img14429.jpg,59.0,51.91904960302744,7.080950396972561,validation
img14440,7582,images/img14440.jpg,64.0,56.44837081653343,7.5516291834665665,validation
img14441,7582,images/img14441.jpg,64.0,63.79113812735936,0.2088618726406395,validation
img14456,7590,images/img14456.jpg,91.0,85.70169094120767,5.298309058792327,validation
img14457,7590,images/img14457.jpg,91.0,78.01390383959762,12.986096160402385,validation
img14504,7614,images/img14504.jpg,67.0,67.10625957066902,0.1062595706690245,validation
img14505,7614,images/img14505.jpg,67.0,65.60337112914793,1.396628870852069,validation
img14645,7685,images/img14645.jpg,63.0,59.74743220326376,3.252567796736237,validation
img14646,7685,images/img14646.jpg,63.0,47.42613214780714,15.573867852192862,validation
img14649,7687,images/img14649.jpg,46.0,42.65099579500146,3.349004204998536,validation
img14650,7687,images/img14650.jpg,46.0,40.67385649743132,5.326143502568684,validation
img14659,7692,images/img14659.jpg,53.0,52.659829834977046,0.340170165022954,validation
img14660,7692,images/img14660.jpg,53.0,50.96141730038676,2.038582699613244,validation
img14675,7700,images/img14675.jpg,57.0,71.08068937477431,14.080689374774307,validation
img14676,7700,images/img14676.jpg,57.0,74.45591381372483,17.455913813724834,validation
img14679,7702,images/img14679.jpg,77.0,77.55684645702007,0.5568464570200717,validation
img14680,7702,images/img14680.jpg,77.0,74.81316071072257,2.186839289277429,validation
img14681,7703,images/img14681.jpg,58.0,57.51160140615712,0.4883985938428807,validation
img14682,7703,images/img14682.jpg,58.0,64.0859966545545,6.085996654554506,validation
img14689,7707,images/img14689.jpg,66.0,58.82666934956354,7.173330650436462,validation
img14690,7707,images/img14690.jpg,66.0,65.92255626734965,0.0774437326503516,validation
img14729,7728,images/img14729.jpg,87.0,83.25539939136134,3.744600608638663,validation
img14730,7728,images/img14730.jpg,87.0,68.76007649936099,18.23992350063901,validation
img14778,7753,images/img14778.jpg,60.0,54.80840136850545,5.19159863149455,validation
img14779,7753,images/img14779.jpg,60.0,64.46651172513388,4.466511725133884,validation
img14811,7770,images/img14811.jpg,79.0,79.10689180304067,0.1068918030406678,validation
img14854,7793,images/img14854.jpg,66.0,66.20337318522378,0.2033731852237821,validation
img14855,7793,images/img14855.jpg,66.0,58.67439804829739,7.325601951702609,validation
img14915,7823,images/img14915.jpg,67.0,67.04993281365138,0.049932813651381,validation
img14916,7823,images/img14916.jpg,67.0,59.67656869978867,7.323431300211332,validation
img14931,7831,images/img14931.jpg,73.0,69.33289563570703,3.667104364292968,validation
img14937,7834,images/img14937.jpg,69.0,62.16305851426867,6.83694148573133,validation
img14938,7834,images/img14938.jpg,69.0,65.78476745467194,3.215232545328064,validation
img14959,7845,images/img14959.jpg,63.0,58.42265251028046,4.577347489719543,validation
img14960,7845,images/img14960.jpg,63.0,58.61342120104732,4.3865787989526766,validation
img14989,7861,images/img14989.jpg,60.0,60.59164020294585,0.5916402029458467,validation
img14990,7861,images/img14990.jpg,60.0,61.90563955261768,1.9056395526176784,validation
img14999,7866,images/img14999.jpg,68.0,53.206276375144746,14.793723624855254,validation
img15000,7866,images/img15000.jpg,68.0,52.69472009863476,15.30527990136524,validation
img15005,7869,images/img15005.jpg,49.0,51.58096691255311,2.5809669125531087,validation
img15006,7869,images/img15006.jpg,49.0,52.11340674293365,3.1134067429336483,validation
img15007,7870,images/img15007.jpg,61.0,64.19805905773526,3.1980590577352643,validation
img15008,7870,images/img15008.jpg,61.0,60.67836908903804,0.3216309109619644,validation
img15021,7877,images/img15021.jpg,57.0,57.15407926635144,0.1540792663514381,validation
img15022,7877,images/img15022.jpg,57.0,65.64671744079558,8.646717440795584,validation
img15027,7880,images/img15027.jpg,59.0,49.37346342633595,9.626536573664048,validation
img15028,7880,images/img15028.jpg,59.0,57.46504276964311,1.5349572303568948,validation
img15053,7893,images/img15053.jpg,74.0,76.62964000423085,2.6296400042308505,validation
img15054,7893,images/img15054.jpg,74.0,66.55095291134606,7.449047088653941,validation
img15064,7899,images/img15064.jpg,64.0,60.87881946943174,3.1211805305682603,validation
img15065,7899,images/img15065.jpg,64.0,64.28512794162985,0.2851279416298524,validation
img15072,7903,images/img15072.jpg,64.0,73.75737783158064,9.75737783158064,validation
img15073,7903,images/img15073.jpg,64.0,74.53896707000622,10.538967070006224,validation
img15082,7908,images/img15082.jpg,54.0,86.58305685628966,32.58305685628966,validation
img15083,7908,images/img15083.jpg,54.0,80.58425886982616,26.58425886982616,validation
img15098,7917,images/img15098.jpg,58.0,53.886270344017404,4.113729655982596,validation
img15099,7917,images/img15099.jpg,58.0,57.92954472719741,0.0704552728025902,validation
img15110,7923,images/img15110.jpg,73.0,74.0542049106068,1.0542049106067992,validation
img15111,7923,images/img15111.jpg,73.0,69.08611012577487,3.9138898742251342,validation
img15140,7938,images/img15140.jpg,42.0,42.48216820940911,0.4821682094091102,validation
img15141,7938,images/img15141.jpg,42.0,43.3363288472474,1.336328847247401,validation
img15174,7957,images/img15174.jpg,57.0,62.77976708625784,5.779767086257834,validation
img15175,7957,images/img15175.jpg,57.0,57.04224043830937,0.0422404383093706,validation
img15188,7964,images/img15188.jpg,39.0,45.26477784204967,6.264777842049668,validation
img15189,7964,images/img15189.jpg,39.0,59.39714012899536,20.39714012899536,validation
img15190,7965,images/img15190.jpg,75.0,64.12430216478222,10.875697835217778,validation
img15191,7965,images/img15191.jpg,75.0,66.92804728230328,8.071952717696718,validation
img15192,7966,images/img15192.jpg,71.0,64.86171840885217,6.13828159114783,validation
img15193,7966,images/img15193.jpg,71.0,52.04973036221004,18.95026963778996,validation
img15211,7977,images/img15211.jpg,58.0,64.58506762283095,6.585067622830948,validation
img15212,7978,images/img15212.jpg,47.0,43.561906346705285,3.4380936532947146,validation
img15213,7978,images/img15213.jpg,47.0,55.00628581520361,8.006285815203611,validation
img15226,7985,images/img15226.jpg,65.0,71.22993395943712,6.229933959437119,validation
img15227,7985,images/img15227.jpg,65.0,66.14351830345636,1.1435183034563607,validation
img15246,7995,images/img15246.jpg,78.0,57.776326912401984,20.223673087598016,validation
img15247,7995,images/img15247.jpg,78.0,56.0035142291928,21.9964857708072,validation
img15257,8001,images/img15257.jpg,40.0,41.46690477967327,1.4669047796732713,validation
img15258,8001,images/img15258.jpg,40.0,33.705597447574064,6.294402552425936,validation
img15271,8008,images/img15271.jpg,77.0,68.69057625892677,8.309423741073232,validation
img15272,8008,images/img15272.jpg,77.0,65.17943176827495,11.820568231725048,validation
img15283,8014,images/img15283.jpg,76.0,64.48150598266785,11.518494017332143,validation
img15284,8014,images/img15284.jpg,76.0,62.19301485632885,13.806985143671156,validation
img15300,8023,images/img15300.jpg,64.0,51.460184533657696,12.539815466342304,validation
img15301,8023,images/img15301.jpg,64.0,61.629572243177954,2.370427756822046,validation
img15340,8045,images/img15340.jpg,64.0,59.096628967927536,4.903371032072464,validation
img15341,8045,images/img15341.jpg,64.0,60.14775657643749,3.8522434235625127,validation
img15375,8063,images/img15375.jpg,54.0,67.56950725806257,13.569507258062572,validation
img15376,8063,images/img15376.jpg,54.0,69.25085991895935,15.25085991895935,validation
img15381,8066,images/img15381.jpg,54.0,67.09130512041584,13.09130512041584,validation
img15388,8070,images/img15388.jpg,62.0,64.58484186647138,2.584841866471379,validation
img15389,8070,images/img15389.jpg,62.0,59.810285173110685,2.1897148268893147,validation
img15404,8078,images/img15404.jpg,58.0,58.64035082650416,0.6403508265041538,validation
img15405,8078,images/img15405.jpg,58.0,61.87386679888184,3.873866798881835,validation
img15410,8081,images/img15410.jpg,51.0,50.74552114973994,0.2544788502600568,validation
img15411,8081,images/img15411.jpg,51.0,62.353667771422906,11.353667771422906,validation
img15412,8082,images/img15412.jpg,53.0,47.23728967955388,5.762710320446125,validation
img15413,8082,images/img15413.jpg,53.0,52.61825740119818,0.3817425988018215,validation
img15422,8088,images/img15422.jpg,72.0,73.99128432291306,1.99128432291306,validation
img15423,8088,images/img15423.jpg,72.0,73.2799958329793,1.2799958329792958,validation
img15424,8089,images/img15424.jpg,68.0,71.6313713005574,3.631371300557405,validation
img15425,8089,images/img15425.jpg,68.0,70.65185371836374,2.651853718363739,validation
img15428,8091,images/img15428.jpg,71.0,70.71228226121876,0.2877177387812395,validation
img15429,8091,images/img15429.jpg,71.0,79.59468040639084,8.594680406390836,validation
img15446,8100,images/img15446.jpg,87.0,80.17009301434582,6.829906985654176,validation
img15447,8100,images/img15447.jpg,87.0,86.87281896093279,0.1271810390672101,validation
img15476,8115,images/img15476.jpg,53.0,51.62841173820685,1.37158826179315,validation
img15477,8115,images/img15477.jpg,53.0,45.751725584756215,7.248274415243785,validation
img15505,8130,images/img15505.jpg,45.0,37.11468206862863,7.885317931371375,validation
img15506,8130,images/img15506.jpg,45.0,52.51516690474202,7.515166904742017,validation
img15511,8133,images/img15511.jpg,71.0,62.64419330336893,8.35580669663107,validation
img15512,8133,images/img15512.jpg,71.0,62.87227048193856,8.127729518061436,validation
img15513,8134,images/img15513.jpg,57.0,53.138275996708096,3.861724003291904,validation
img15514,8134,images/img15514.jpg,57.0,52.61994021309584,4.380059786904162,validation
img15523,8139,images/img15523.jpg,91.0,70.842130339336,20.157869660664005,validation
img15524,8139,images/img15524.jpg,91.0,71.48301883522855,19.51698116477145,validation
img15554,8155,images/img15554.jpg,59.0,65.22789958651457,6.227899586514567,validation
img15555,8155,images/img15555.jpg,59.0,62.99060607632822,3.99060607632822,validation
img15585,8171,images/img15585.jpg,64.0,54.795846806509424,9.204153193490576,validation
img15586,8171,images/img15586.jpg,64.0,63.44233855346811,0.5576614465318883,validation
img15587,8172,images/img15587.jpg,77.0,71.10972251510321,5.890277484896785,validation
img15588,8172,images/img15588.jpg,77.0,72.17433933875002,4.825660661249984,validation
img15598,8178,images/img15598.jpg,72.0,72.45683143424877,0.4568314342487696,validation
img15599,8178,images/img15599.jpg,72.0,73.2324921143622,1.232492114362202,validation
img15608,8183,images/img15608.jpg,65.0,65.96550232496851,0.9655023249685116,validation
img15609,8183,images/img15609.jpg,65.0,64.26793773998965,0.7320622600103519,validation
img15612,8185,images/img15612.jpg,76.0,73.67412717481093,2.325872825189066,validation
img15617,8188,images/img15617.jpg,43.0,48.91629807332557,5.916298073325564,validation
img15618,8188,images/img15618.jpg,43.0,44.38092642579156,1.3809264257915572,validation
img15621,8190,images/img15621.jpg,51.0,54.75011696576111,3.7501169657611086,validation
img15622,8190,images/img15622.jpg,51.0,44.82660219789345,6.17339780210655,validation
img15636,8198,images/img15636.jpg,71.0,62.46816605300511,8.531833946994894,validation
img15637,8198,images/img15637.jpg,71.0,67.85849939174022,3.141500608259776,validation
img15640,8200,images/img15640.jpg,60.0,56.43655943738415,3.5634405626158525,validation
img15641,8200,images/img15641.jpg,60.0,61.58001326920043,1.5800132692004285,validation
img15734,8249,images/img15734.jpg,68.0,65.21482752986823,2.7851724701317693,validation
img15735,8249,images/img15735.jpg,68.0,67.48183090415696,0.5181690958430352,validation
img15751,8259,images/img15751.jpg,76.0,62.202691297392974,13.797308702607026,validation
img15752,8259,images/img15752.jpg,76.0,74.97675009440667,1.0232499055933315,validation
img15771,8270,images/img15771.jpg,45.0,49.39356010477931,4.393560104779311,validation
img15772,8270,images/img15772.jpg,45.0,41.45912654606726,3.54087345393274,validation
img15788,8279,images/img15788.jpg,74.0,64.52207287362778,9.477927126372222,validation
img15789,8279,images/img15789.jpg,74.0,80.06489709444934,6.064897094449336,validation
img15798,8284,images/img15798.jpg,58.0,62.84743619177556,4.847436191775557,validation
img15799,8284,images/img15799.jpg,58.0,54.63159024189312,3.3684097581068784,validation
img15802,8286,images/img15802.jpg,59.0,60.78630434968886,1.7863043496888622,validation
img15803,8286,images/img15803.jpg,59.0,53.37286166568747,5.627138334312527,validation
img15812,8291,images/img15812.jpg,70.0,73.7454596407721,3.745459640772097,validation
img15813,8291,images/img15813.jpg,70.0,68.53947000225536,1.4605299977446435,validation
img15814,8292,images/img15814.jpg,48.0,48.69644518802892,0.6964451880289175,validation
img15815,8292,images/img15815.jpg,48.0,40.86262371356472,7.137376286435284,validation
img15816,8293,images/img15816.jpg,68.0,56.3501589613585,11.649841038641496,validation
img15817,8293,images/img15817.jpg,68.0,64.52913675740037,3.470863242599634,validation
img15818,8294,images/img15818.jpg,73.0,65.41702561348033,7.582974386519666,validation
img15819,8294,images/img15819.jpg,73.0,74.53447266441307,1.534472664413073,validation
img15829,8300,images/img15829.jpg,15.0,15.532127615888683,0.5321276158886832,validation
img15830,8300,images/img15830.jpg,15.0,17.887833063194975,2.887833063194975,validation
img15886,8330,images/img15886.jpg,71.0,67.00084880051729,3.999151199482711,validation
img15887,8330,images/img15887.jpg,71.0,68.5601501572802,2.439849842719795,validation
img15917,8346,images/img15917.jpg,60.0,68.7239794752595,8.723979475259497,validation
img15918,8346,images/img15918.jpg,60.0,61.52778011844192,1.5277801184419175,validation
img15962,8369,images/img15962.jpg,73.0,64.68082758126371,8.319172418736287,validation
img15963,8369,images/img15963.jpg,73.0,73.735697586789,0.7356975867890014,validation
img15971,8373,images/img15971.jpg,75.0,74.30991488570976,0.6900851142902411,validation
img15972,8373,images/img15972.jpg,75.0,82.29117980170714,7.291179801707145,validation
img15975,8375,images/img15975.jpg,73.0,63.395883456782045,9.604116543217955,validation
img15977,8377,images/img15977.jpg,67.0,72.02387436101301,5.023874361013014,validation
img15978,8377,images/img15978.jpg,67.0,59.46062619819846,7.539373801801538,validation
img15985,8381,images/img15985.jpg,89.0,82.9317847388872,6.0682152611127975,validation
img15986,8381,images/img15986.jpg,89.0,78.58508269785287,10.414917302147131,validation
img15991,8384,images/img15991.jpg,73.0,58.59417683465712,14.40582316534288,validation
img15992,8384,images/img15992.jpg,73.0,62.27651035514069,10.723489644859306,validation
img15994,8386,images/img15994.jpg,70.0,73.77850077444117,3.77850077444117,validation
img15995,8386,images/img15995.jpg,70.0,65.78186534031052,4.218134659689483,validation
img16010,8395,images/img16010.jpg,54.0,50.91169255362346,3.08830744637654,validation
img16011,8395,images/img16011.jpg,54.0,54.60816420245134,0.6081642024513414,validation
img16045,8413,images/img16045.jpg,59.0,63.209703168595006,4.209703168595006,validation
img16046,8413,images/img16046.jpg,59.0,74.81118234339765,15.811182343397649,validation
img16053,8417,images/img16053.jpg,43.0,38.21663703104933,4.783362968950669,validation
img16054,8417,images/img16054.jpg,43.0,37.836380435142495,5.163619564857505,validation
img16069,8425,images/img16069.jpg,65.0,62.10626006823888,2.893739931761118,validation
img16070,8425,images/img16070.jpg,65.0,56.03328653074247,8.966713469257535,validation
img16096,8439,images/img16096.jpg,80.0,84.64548272399699,4.645482723996992,validation
img16097,8439,images/img16097.jpg,80.0,83.9527400644713,3.9527400644713,validation
img16100,8441,images/img16100.jpg,80.0,76.31965361972374,3.680346380276262,validation
img16101,8441,images/img16101.jpg,80.0,83.78265282382917,3.7826528238291672,validation
img16138,8460,images/img16138.jpg,67.0,62.644041163213565,4.355958836786435,validation
img16139,8460,images/img16139.jpg,67.0,60.69774160215408,6.302258397845918,validation
img16142,8462,images/img16142.jpg,62.0,70.50822032437718,8.508220324377177,validation
img16143,8462,images/img16143.jpg,62.0,66.80180476227656,4.801804762276561,validation
img16158,8470,images/img16158.jpg,48.0,50.25974908507985,2.2597490850798465,validation
img16167,8475,images/img16167.jpg,45.0,49.47837469690951,4.478374696909505,validation
img16168,8475,images/img16168.jpg,45.0,54.77725707903145,9.77725707903145,validation
img16179,8481,images/img16179.jpg,62.0,59.32661171557571,2.6733882844242918,validation
img16180,8481,images/img16180.jpg,62.0,55.415787402515896,6.584212597484104,validation
img16183,8483,images/img16183.jpg,79.0,77.11267136487358,1.887328635126423,validation
img16184,8483,images/img16184.jpg,79.0,72.5141517373706,6.485848262629403,validation
img16207,8495,images/img16207.jpg,49.0,50.18063947612311,1.1806394761231047,validation
img16208,8495,images/img16208.jpg,49.0,47.75872797719455,1.2412720228054468,validation
img16211,8497,images/img16211.jpg,49.0,46.12457148277285,2.875428517227149,validation
img16233,8508,images/img16233.jpg,19.0,18.9083957690233,0.0916042309766993,validation
img16234,8508,images/img16234.jpg,19.0,20.921176215534075,1.921176215534075,validation
img16241,8512,images/img16241.jpg,22.0,22.87469507235281,0.8746950723528144,validation
img16242,8512,images/img16242.jpg,22.0,25.341158552762373,3.341158552762373,validation
img00003,2,images/img00003.jpg,18.0,19.452291916694136,1.4522919166941364,test
img00004,2,images/img00004.jpg,18.0,19.451210031144896,1.451210031144896,test
img00009,5,images/img00009.jpg,23.0,22.21955229810488,0.7804477018951204,test
img00010,5,images/img00010.jpg,23.0,24.42154929224733,1.4215492922473345,test
img00051,26,images/img00051.jpg,13.0,18.42349292087806,5.423492920878061,test
img00052,26,images/img00052.jpg,13.0,17.636604406359993,4.636604406359993,test
img00068,35,images/img00068.jpg,20.0,19.205177042411293,0.7948229575887069,test
img00069,35,images/img00069.jpg,20.0,18.843888343149978,1.1561116568500225,test
img00110,56,images/img00110.jpg,15.0,18.913329690620834,3.9133296906208335,test
img00111,56,images/img00111.jpg,15.0,18.22308671020689,3.2230867102068856,test
img00128,65,images/img00128.jpg,30.0,36.63148057275839,6.631480572758392,test
img00129,65,images/img00129.jpg,30.0,43.55837822195551,13.558378221955508,test
img00156,79,images/img00156.jpg,20.0,28.4742925596935,8.474292559693499,test
img00157,79,images/img00157.jpg,20.0,26.70172560464744,6.701725604647439,test
img00164,83,images/img00164.jpg,22.0,19.11137145787392,2.888628542126078,test
img00165,83,images/img00165.jpg,22.0,19.77297064588344,2.22702935411656,test
img00217,110,images/img00217.jpg,22.0,27.477729827047167,5.477729827047167,test
img00218,110,images/img00218.jpg,22.0,24.210732114385607,2.210732114385607,test
img00221,112,images/img00221.jpg,26.0,34.62571275132987,8.625712751329871,test
img00222,112,images/img00222.jpg,26.0,37.38286099280863,11.38286099280863,test
img00225,114,images/img00225.jpg,13.0,17.060753373011053,4.060753373011053,test
img00226,114,images/img00226.jpg,13.0,21.02353218586381,8.023532185863814,test
img00231,117,images/img00231.jpg,19.0,21.0031966637357,2.0031966637357,test
img00232,117,images/img00232.jpg,19.0,26.50831238807073,7.508312388070731,test
img00273,138,images/img00273.jpg,13.0,18.36248853571457,5.362488535714569,test
img00274,138,images/img00274.jpg,13.0,17.345773503492808,4.345773503492808,test
img00287,145,images/img00287.jpg,15.0,18.566921280103276,3.566921280103273,test
img00288,145,images/img00288.jpg,15.0,18.509716581687307,3.5097165816873077,test
img00291,147,images/img00291.jpg,10.0,16.70219119983149,6.702191199831489,test
img00292,147,images/img00292.jpg,10.0,18.694570687588183,8.694570687588183,test
img00293,148,images/img00293.jpg,19.0,20.938246450026696,1.9382464500266965,test
img00294,148,images/img00294.jpg,19.0,21.79334610344754,2.79334610344754,test
img00299,151,images/img00299.jpg,23.0,29.55709422169513,6.557094221695131,test
img00300,151,images/img00300.jpg,23.0,28.969008720512168,5.969008720512168,test
img00305,154,images/img00305.jpg,28.0,28.08984365728337,0.0898436572833709,test
img00306,154,images/img00306.jpg,28.0,26.210700069533026,1.7892999304669743,test
img00311,157,images/img00311.jpg,25.0,26.096818528150514,1.0968185281505145,test
img00312,157,images/img00312.jpg,25.0,25.63664199973545,0.6366419997354456,test
img00317,160,images/img00317.jpg,24.0,23.510981192219376,0.4890188077806243,test
img00318,160,images/img00318.jpg,24.0,20.62249509877233,3.377504901227674,test
img00344,174,images/img00344.jpg,76.0,82.33683493564082,6.336834935640823,test
img00345,174,images/img00345.jpg,76.0,84.86883537817218,8.868835378172179,test
img00394,202,images/img00394.jpg,74.0,75.96247434057283,1.962474340572825,test
img00395,202,images/img00395.jpg,74.0,70.487569615834,3.512430384165995,test
img00424,218,images/img00424.jpg,38.0,36.595337743018725,1.4046622569812754,test
img00425,218,images/img00425.jpg,38.0,40.10759192978581,2.107591929785812,test
img00427,220,images/img00427.jpg,49.0,56.56926212014582,7.569262120145822,test
img00428,220,images/img00428.jpg,49.0,43.69335325971686,5.306646740283142,test
img00441,227,images/img00441.jpg,41.0,40.85736479005824,0.1426352099417585,test
img00442,227,images/img00442.jpg,41.0,38.22225149355687,2.777748506443132,test
img00451,232,images/img00451.jpg,60.0,67.16808191365703,7.1680819136570335,test
img00452,232,images/img00452.jpg,60.0,64.38854180407931,4.38854180407931,test
img00463,238,images/img00463.jpg,49.0,44.65196711174697,4.34803288825303,test
img00464,238,images/img00464.jpg,49.0,46.96265216039142,2.0373478396085787,test
img00478,246,images/img00478.jpg,59.0,60.49938355787552,1.499383557875518,test
img00479,246,images/img00479.jpg,59.0,63.68274072053769,4.682740720537687,test
img00482,248,images/img00482.jpg,37.0,58.891915118699806,21.891915118699806,test
img00483,248,images/img00483.jpg,37.0,64.46132041947423,27.461320419474237,test
img00487,251,images/img00487.jpg,64.0,65.86345935983294,1.8634593598329443,test
img00488,251,images/img00488.jpg,64.0,58.29970608763396,5.7002939123660425,test
img00495,255,images/img00495.jpg,87.0,80.97215191998275,6.02784808001725,test
img00509,264,images/img00509.jpg,57.0,56.35493890239557,0.6450610976044331,test
img00510,264,images/img00510.jpg,57.0,64.89940990540626,7.899409905406259,test
img00526,273,images/img00526.jpg,51.0,64.53807049275983,13.538070492759829,test
img00527,273,images/img00527.jpg,51.0,70.56654617031796,19.566546170317963,test
img00530,275,images/img00530.jpg,77.0,86.31886738507247,9.318867385072464,test
img00531,275,images/img00531.jpg,77.0,84.82857440343862,7.828574403438623,test
img00546,283,images/img00546.jpg,53.0,66.62799199639633,13.627991996396332,test
img00547,283,images/img00547.jpg,53.0,52.52198812769334,0.4780118723066593,test
img00575,298,images/img00575.jpg,75.0,72.95808471400105,2.0419152859989538,test
img00576,298,images/img00576.jpg,75.0,85.2175209832732,10.217520983273204,test
img00593,307,images/img00593.jpg,11.0,15.039254586701276,4.039254586701276,test
img00594,307,images/img00594.jpg,11.0,14.170779686933798,3.1707796869337983,test
img00609,316,images/img00609.jpg,62.0,74.22328224598824,12.223282245988244,test
img00610,316,images/img00610.jpg,62.0,64.73126067950305,2.731260679503052,test
img00611,317,images/img00611.jpg,78.0,71.59474642100648,6.405253578993523,test
img00635,329,images/img00635.jpg,68.0,67.51235709016824,0.4876429098317629,test
img00636,329,images/img00636.jpg,68.0,65.25297762810928,2.747022371890722,test
img00645,334,images/img00645.jpg,68.0,73.12653603899412,5.126536038994118,test
img00646,334,images/img00646.jpg,68.0,74.15726214344477,6.157262143444768,test
img00651,337,images/img00651.jpg,30.0,30.48224814565001,0.4822481456500114,test
img00652,337,images/img00652.jpg,30.0,35.829681232404454,5.829681232404454,test
img00655,339,images/img00655.jpg,52.0,53.69063064624234,1.6906306462423402,test
img00656,339,images/img00656.jpg,52.0,54.36863752290661,2.36863752290661,test
img00669,346,images/img00669.jpg,49.0,61.73324348968953,12.733243489689528,test
img00670,346,images/img00670.jpg,49.0,67.85406715094173,18.85406715094173,test
img00677,350,images/img00677.jpg,77.0,66.36529393494585,10.634706065054148,test
img00678,350,images/img00678.jpg,77.0,72.0438281694897,4.9561718305103,test
img00695,360,images/img00695.jpg,75.0,60.36624892521934,14.633751074780662,test
img00707,366,images/img00707.jpg,74.0,72.50215829444221,1.4978417055577893,test
img00722,374,images/img00722.jpg,9.0,13.443133131119978,4.443133131119978,test
img00723,374,images/img00723.jpg,9.0,15.568266083186622,6.5682660831866215,test
img00753,390,images/img00753.jpg,47.0,46.39630470635303,0.6036952936469717,test
img00754,390,images/img00754.jpg,47.0,46.83432112138607,0.1656788786139316,test
img00784,406,images/img00784.jpg,78.0,77.29585247437069,0.7041475256293097,test
img00785,406,images/img00785.jpg,78.0,75.59502369236677,2.404976307633234,test
img00794,411,images/img00794.jpg,68.0,59.857430626200646,8.142569373799354,test
img00808,418,images/img00808.jpg,80.0,77.9551330246003,2.0448669753996995,test
img00809,418,images/img00809.jpg,80.0,77.35326002632715,2.646739973672851,test
img00813,421,images/img00813.jpg,84.0,78.89061066691112,5.109389333088885,test
img00814,421,images/img00814.jpg,84.0,75.03843065803844,8.961569341961564,test
img00821,425,images/img00821.jpg,57.0,53.38515993423181,3.614840065768192,test
img00822,425,images/img00822.jpg,57.0,53.06761452881565,3.9323854711843462,test
img00860,446,images/img00860.jpg,69.0,58.93983817702828,10.060161822971722,test
img00861,446,images/img00861.jpg,69.0,65.69588161379647,3.304118386203527,test
img00896,464,images/img00896.jpg,77.0,74.83465227990935,2.165347720090651,test
img00897,464,images/img00897.jpg,77.0,59.03710754029991,17.962892459700093,test
img00898,465,images/img00898.jpg,84.0,82.41196054468692,1.58803945531308,test
img00899,465,images/img00899.jpg,84.0,80.30602451745665,3.693975482543351,test
img00910,471,images/img00910.jpg,54.0,54.97747352348733,0.9774735234873332,test
img00911,471,images/img00911.jpg,54.0,56.41296823862496,2.4129682386249627,test
img00927,480,images/img00927.jpg,62.0,61.3649639775546,0.6350360224453979,test
img00928,480,images/img00928.jpg,62.0,62.95615696459053,0.9561569645905336,test
img00929,481,images/img00929.jpg,65.0,59.24308649762957,5.756913502370431,test
img00934,484,images/img00934.jpg,59.0,58.20615652389566,0.7938434761043425,test
img00935,484,images/img00935.jpg,59.0,57.04944374980948,1.9505562501905231,test
img00982,509,images/img00982.jpg,73.0,55.161312271075374,17.838687728924626,test
img00983,509,images/img00983.jpg,73.0,60.7904113159258,12.209588684074204,test
img01004,520,images/img01004.jpg,43.0,49.972037328050185,6.972037328050185,test
img01009,523,images/img01009.jpg,88.0,86.47460219242026,1.5253978075797363,test
img01022,531,images/img01022.jpg,46.0,50.25524268277193,4.255242682771929,test
img01023,531,images/img01023.jpg,46.0,51.35561189762349,5.35561189762349,test
img01047,544,images/img01047.jpg,78.0,78.39390741388407,0.3939074138840652,test
img01056,549,images/img01056.jpg,78.0,83.25978146407992,5.259781464079921,test
img01057,549,images/img01057.jpg,78.0,77.91339754456175,0.0866024554382534,test
img01145,596,images/img01145.jpg,77.0,74.03789919402752,2.962100805972483,test
img01146,596,images/img01146.jpg,77.0,80.31493480469182,3.3149348046918163,test
img01194,622,images/img01194.jpg,61.0,63.35230157328093,2.3523015732809327,test
img01195,622,images/img01195.jpg,61.0,70.54879975735707,9.548799757357074,test
img01196,623,images/img01196.jpg,68.0,67.8539362776898,0.1460637223102026,test
img01267,661,images/img01267.jpg,29.0,22.74569112671049,6.25430887328951,test
img01268,661,images/img01268.jpg,29.0,27.760730147007564,1.239269852992436,test
img01308,684,images/img01308.jpg,55.0,59.83383799601527,4.833837996015269,test
img01309,684,images/img01309.jpg,55.0,59.87913241054833,4.87913241054833,test
img01341,701,images/img01341.jpg,61.0,65.62089124044404,4.620891240444038,test
img01354,708,images/img01354.jpg,63.0,66.30426991879457,3.3042699187945743,test
img01355,708,images/img01355.jpg,63.0,65.9230579481487,2.923057948148696,test
img01393,728,images/img01393.jpg,65.0,68.8001760637505,3.800176063750498,test
img01396,730,images/img01396.jpg,76.0,85.126889075095,9.126889075094994,test
img01397,730,images/img01397.jpg,76.0,78.8936251141471,2.893625114147099,test
img01405,735,images/img01405.jpg,72.0,77.25952642207832,5.259526422078324,test
img01406,735,images/img01406.jpg,72.0,72.79909552512207,0.7990955251220697,test
img01473,772,images/img01473.jpg,91.0,75.87062531115171,15.129374688848287,test
img01474,772,images/img01474.jpg,91.0,83.22141160783667,7.778588392163328,test
img01479,775,images/img01479.jpg,43.0,51.44705521996364,8.447055219963637,test
img01480,775,images/img01480.jpg,43.0,55.025588801904576,12.025588801904576,test
img01535,804,images/img01535.jpg,43.0,48.82919538050757,5.829195380507571,test
img01536,804,images/img01536.jpg,43.0,45.55573416511661,2.5557341651166112,test
img01541,807,images/img01541.jpg,43.0,48.649662908213045,5.649662908213045,test
img01542,807,images/img01542.jpg,43.0,51.28870840062952,8.288708400629524,test
img01551,812,images/img01551.jpg,19.0,38.8219759892776,19.8219759892776,test
img01552,812,images/img01552.jpg,19.0,44.58829073102336,25.588290731023363,test
img01586,830,images/img01586.jpg,44.0,49.20292630889034,5.202926308890341,test
img01587,830,images/img01587.jpg,44.0,45.29091868351105,1.2909186835110518,test
img01620,848,images/img01620.jpg,49.0,42.90376003132569,6.096239968674311,test
img01621,848,images/img01621.jpg,49.0,44.339887845819504,4.660112154180496,test
img01637,857,images/img01637.jpg,60.0,57.408992005228086,2.591007994771914,test
img01643,860,images/img01643.jpg,80.0,70.10641108509934,9.89358891490066,test
img01644,860,images/img01644.jpg,80.0,72.79759484516667,7.202405154833329,test
img01700,892,images/img01700.jpg,31.0,34.20477638628334,3.204776386283342,test
img01701,892,images/img01701.jpg,31.0,28.85647517362448,2.143524826375522,test
img01704,894,images/img01704.jpg,28.0,55.86712698724741,27.86712698724741,test
img01720,902,images/img01720.jpg,8.0,33.65437147555016,25.65437147555016,test
img01721,902,images/img01721.jpg,8.0,23.998004187045787,15.998004187045789,test
img01728,906,images/img01728.jpg,28.0,34.28701277535063,6.287012775350632,test
img01729,906,images/img01729.jpg,28.0,33.01724340442955,5.01724340442955,test
img01744,915,images/img01744.jpg,58.0,51.85713346754221,6.142866532457788,test
img01745,915,images/img01745.jpg,58.0,51.89646905932361,6.103530940676393,test
img01757,923,images/img01757.jpg,35.0,34.65081424104889,0.3491857589511085,test
img01778,935,images/img01778.jpg,59.0,71.84693045258051,12.846930452580509,test
img01779,935,images/img01779.jpg,59.0,74.9683633001792,15.968363300179206,test
img01782,937,images/img01782.jpg,84.0,85.91666334481799,1.9166633448179908,test
img01783,937,images/img01783.jpg,84.0,80.45437807339593,3.5456219266040705,test
img01808,950,images/img01808.jpg,71.0,84.25583597226462,13.25583597226462,test
img01819,957,images/img01819.jpg,25.0,34.62802048300547,9.628020483005471,test
img01820,957,images/img01820.jpg,25.0,33.07783990129121,8.077839901291213,test
img01823,959,images/img01823.jpg,32.0,48.13820042420027,16.13820042420027,test
img01838,967,images/img01838.jpg,25.0,20.6224907363306,4.377509263669403,test
img01842,969,images/img01842.jpg,82.0,74.73112608458533,7.268873915414673,test
img01843,969,images/img01843.jpg,82.0,68.08135036511636,13.918649634883636,test
img01894,999,images/img01894.jpg,54.0,41.22457877580042,12.775421224199585,test
img01895,999,images/img01895.jpg,54.0,64.21471540556868,10.214715405568684,test
img01958,1033,images/img01958.jpg,47.0,42.78417677860103,4.215823221398971,test
img01959,1033,images/img01959.jpg,47.0,42.711094973505816,4.288905026494184,test
img01963,1036,images/img01963.jpg,34.0,53.93608779266748,19.93608779266748,test
img01964,1036,images/img01964.jpg,34.0,45.44880417463213,11.44880417463213,test
img01965,1037,images/img01965.jpg,59.0,54.14292533306028,4.857074666939717,test
img02032,1072,images/img02032.jpg,78.0,63.7964723029857,14.203527697014302,test
img02041,1077,images/img02041.jpg,60.0,62.55029010919783,2.550290109197832,test
img02042,1077,images/img02042.jpg,60.0,65.6396137497422,5.639613749742196,test
img02050,1082,images/img02050.jpg,56.0,53.47241858434169,2.527581415658311,test
img02051,1082,images/img02051.jpg,56.0,55.423766581094135,0.5762334189058649,test
img02059,1087,images/img02059.jpg,62.0,62.654843659549456,0.6548436595494564,test
img02075,1096,images/img02075.jpg,64.0,67.72646573031585,3.726465730315852,test
img02091,1105,images/img02091.jpg,71.0,75.13064613256493,4.130646132564934,test
img02092,1105,images/img02092.jpg,71.0,66.42977300494793,4.570226995052067,test
img02099,1109,images/img02099.jpg,52.0,38.06835109295688,13.931648907043126,test
img02100,1109,images/img02100.jpg,54.0,36.0747217656443,17.9252782343557,test
img02114,1117,images/img02114.jpg,42.0,43.10241472164196,1.1024147216419564,test
img02115,1117,images/img02115.jpg,42.0,53.636586536860335,11.636586536860335,test
img02167,1144,images/img02167.jpg,40.0,64.52175605129707,24.521756051297075,test
img02217,1170,images/img02217.jpg,56.0,55.72746205197284,0.2725379480271641,test
img02218,1170,images/img02218.jpg,56.0,59.42881636370791,3.428816363707909,test
img02259,1192,images/img02259.jpg,38.0,34.77344465932252,3.2265553406774785,test
img02260,1192,images/img02260.jpg,38.0,40.78607812973526,2.786078129735259,test
img02261,1193,images/img02261.jpg,42.0,46.63249929837325,4.632499298373247,test
img02262,1193,images/img02262.jpg,42.0,48.60575711341342,6.605757113413418,test
img02275,1200,images/img02275.jpg,33.0,41.52724607369369,8.52724607369369,test
img02276,1200,images/img02276.jpg,33.0,59.33744038656199,26.337440386561987,test
img02284,1205,images/img02284.jpg,36.0,41.8366086290333,5.8366086290333,test
img02285,1205,images/img02285.jpg,36.0,34.9880288056188,1.0119711943812035,test
img02303,1215,images/img02303.jpg,47.0,59.96704242773914,12.967042427739138,test
img02311,1219,images/img02311.jpg,31.0,37.600649352556175,6.600649352556175,test
img02312,1219,images/img02312.jpg,31.0,41.56970353783869,10.569703537838691,test
img02314,1221,images/img02314.jpg,17.0,25.406608266049545,8.406608266049545,test
img02315,1221,images/img02315.jpg,17.0,25.83623679624469,8.836236796244695,test
img02321,1225,images/img02321.jpg,51.0,52.665891993067206,1.6658919930672056,test
img02322,1225,images/img02322.jpg,51.0,59.58408984284267,8.584089842842673,test
img02381,1255,images/img02381.jpg,28.0,27.04332878559853,0.9566712144014744,test
img02382,1255,images/img02382.jpg,28.0,24.537873800999087,3.462126199000913,test
img02390,1260,images/img02390.jpg,63.0,75.8673098554363,12.867309855436304,test
img02391,1260,images/img02391.jpg,63.0,57.87842808886938,5.121571911130616,test
img02414,1272,images/img02414.jpg,60.0,57.639332268608726,2.360667731391274,test
img02415,1272,images/img02415.jpg,60.0,64.89214534931405,4.892145349314049,test
img02444,1287,images/img02444.jpg,34.0,31.857071657111334,2.1429283428886663,test
img02473,1302,images/img02473.jpg,78.0,75.70953778780023,2.2904622121997704,test
img02474,1302,images/img02474.jpg,78.0,76.11618279373667,1.8838172062633305,test
img02525,1329,images/img02525.jpg,59.0,63.97437812981985,4.974378129819847,test
img02526,1329,images/img02526.jpg,59.0,57.94486398664033,1.0551360133596717,test
img02552,1343,images/img02552.jpg,82.0,77.06631824026297,4.933681759737027,test
img02563,1349,images/img02563.jpg,68.0,64.64298012741773,3.35701987258227,test
img02564,1349,images/img02564.jpg,68.0,71.35796071813174,3.357960718131736,test
img02567,1351,images/img02567.jpg,79.0,76.23622628406393,2.763773715936068,test
img02568,1351,images/img02568.jpg,79.0,75.55972935754373,3.440270642456269,test
img02584,1360,images/img02584.jpg,78.0,73.51868683227997,4.481313167720032,test
img02628,1384,images/img02628.jpg,74.0,86.63812832069927,12.638128320699266,test
img02629,1384,images/img02629.jpg,74.0,86.41378975469293,12.413789754692928,test
img02632,1386,images/img02632.jpg,51.0,51.19774767340585,0.1977476734058498,test
img02633,1386,images/img02633.jpg,51.0,57.764371640838725,6.764371640838725,test
img02691,1419,images/img02691.jpg,42.0,53.0257356335052,11.0257356335052,test
img02713,1430,images/img02713.jpg,49.0,48.039908068342775,0.9600919316572244,test
img02714,1430,images/img02714.jpg,49.0,54.7063619478538,5.7063619478538,test
img02737,1444,images/img02737.jpg,60.0,58.70703211162246,1.2929678883775395,test
img02748,1450,images/img02748.jpg,61.0,62.31490093298216,1.3149009329821553,test
img02749,1450,images/img02749.jpg,61.0,59.54549313962943,1.4545068603705715,test
img02780,1468,images/img02780.jpg,75.0,78.5762618406732,3.5762618406731974,test
img02781,1468,images/img02781.jpg,75.0,74.91559520500346,0.0844047949965443,test
img02813,1485,images/img02813.jpg,64.0,56.67410699980928,7.325893000190717,test
img02826,1492,images/img02826.jpg,67.0,69.79261083590907,2.7926108359090733,test
img02827,1492,images/img02827.jpg,67.0,67.2414690896734,0.2414690896734015,test
img02840,1499,images/img02840.jpg,74.0,79.72752330075626,5.7275233007562605,test
img02858,1510,images/img02858.jpg,58.0,60.90702974418917,2.907029744189167,test
img02859,1510,images/img02859.jpg,58.0,68.57580259821032,10.575802598210316,test
img02866,1514,images/img02866.jpg,47.0,44.74281823262216,2.257181767377844,test
img02867,1514,images/img02867.jpg,47.0,49.034747091200224,2.034747091200224,test
img02888,1526,images/img02888.jpg,75.0,73.95177477876764,1.0482252212323573,test
img02899,1532,images/img02899.jpg,70.0,59.85899128972984,10.141008710270157,test
img02902,1534,images/img02902.jpg,63.0,63.77113415080279,0.7711341508027871,test
img02913,1540,images/img02913.jpg,72.0,78.40540899150731,6.405408991507315,test
img02914,1540,images/img02914.jpg,72.0,66.7659160447677,5.234083955232293,test
img02939,1554,images/img02939.jpg,74.0,69.69126368022958,4.308736319770418,test
img02940,1554,images/img02940.jpg,74.0,77.20159755833505,3.2015975583350524,test
img02951,1560,images/img02951.jpg,59.0,57.33808964875632,1.6619103512436837,test
img02952,1560,images/img02952.jpg,59.0,66.00306622010199,7.003066220101985,test
img02955,1562,images/img02955.jpg,59.0,44.05059579427286,14.94940420572714,test
img02956,1562,images/img02956.jpg,59.0,48.42378821741225,10.576211782587748,test
img02974,1573,images/img02974.jpg,80.0,74.65483461298668,5.345165387013324,test
img02975,1573,images/img02975.jpg,80.0,73.4637604190579,6.536239580942095,test
img02976,1574,images/img02976.jpg,58.0,49.25717436242326,8.742825637576743,test
img02977,1574,images/img02977.jpg,58.0,56.53395517513966,1.4660448248603402,test
img02978,1575,images/img02978.jpg,77.0,81.97307709435988,4.97307709435988,test
img02979,1575,images/img02979.jpg,77.0,76.75477446405796,0.2452255359420405,test
img02998,1586,images/img02998.jpg,66.0,52.33628225504452,13.663717744955475,test
img02999,1586,images/img02999.jpg,66.0,41.898167044296606,24.101832955703397,test
img03007,1591,images/img03007.jpg,49.0,51.53602940028415,2.53602940028415,test
img03008,1591,images/img03008.jpg,49.0,40.38566487181127,8.614335128188728,test
img03037,1607,images/img03037.jpg,74.0,67.27984548957924,6.720154510420755,test
img03052,1615,images/img03052.jpg,74.0,65.62084870663716,8.379151293362838,test
img03053,1615,images/img03053.jpg,74.0,69.3377673925099,4.662232607490097,test
img03062,1622,images/img03062.jpg,43.0,41.50859772590496,1.4914022740950443,test
img03088,1637,images/img03088.jpg,61.0,59.445730913561256,1.5542690864387438,test
img03089,1637,images/img03089.jpg,61.0,50.654619860784855,10.345380139215145,test
img03126,1658,images/img03126.jpg,53.0,54.190114683220166,1.190114683220166,test
img03127,1658,images/img03127.jpg,53.0,54.77799378637874,1.7779937863787367,test
img03133,1662,images/img03133.jpg,69.0,66.34537284478216,2.654627155217838,test
img03153,1673,images/img03153.jpg,46.0,50.044024160270965,4.044024160270965,test
img03154,1673,images/img03154.jpg,46.0,46.64246856833856,0.6424685683385576,test
img03159,1676,images/img03159.jpg,66.0,47.78492334917757,18.215076650822432,test
img03160,1676,images/img03160.jpg,66.0,55.17494790066281,10.825052099337192,test
img03161,1677,images/img03161.jpg,72.0,73.82760550917348,1.8276055091734804,test
img03162,1677,images/img03162.jpg,72.0,63.73429769282792,8.265702307172084,test
img03197,1697,images/img03197.jpg,78.0,74.36446831016383,3.6355316898361703,test
img03198,1697,images/img03198.jpg,78.0,70.77432054507246,7.225679454927544,test
img03205,1701,images/img03205.jpg,74.0,72.86593685732137,1.1340631426786274,test
img03206,1701,images/img03206.jpg,74.0,64.23526196081552,9.76473803918448,test
img03207,1702,images/img03207.jpg,68.0,74.20201098010887,6.2020109801088665,test
img03208,1702,images/img03208.jpg,68.0,75.13434330193178,7.134343301931779,test
img03223,1711,images/img03223.jpg,71.0,54.003741084333925,16.996258915666075,test
img03224,1711,images/img03224.jpg,71.0,57.16550831838092,13.834491681619085,test
img03259,1730,images/img03259.jpg,55.0,63.87834115633717,8.878341156337171,test
img03260,1730,images/img03260.jpg,55.0,64.43077569308561,9.430775693085607,test
img03275,1737,images/img03275.jpg,53.0,58.967182507102144,5.9671825071021445,test
img03276,1737,images/img03276.jpg,53.0,60.66234038750865,7.6623403875086495,test
img03346,1777,images/img03346.jpg,56.0,49.219404341918,6.780595658082,test
img03347,1777,images/img03347.jpg,56.0,62.301963566724254,6.301963566724254,test
img03377,1793,images/img03377.jpg,68.0,65.7080430107315,2.291956989268499,test
img03378,1793,images/img03378.jpg,68.0,73.53344715387612,5.533447153876125,test
img03444,1828,images/img03444.jpg,78.0,68.2993284910792,9.700671508920806,test
img03472,1846,images/img03472.jpg,67.0,77.7804739450243,10.780473945024298,test
img03473,1846,images/img03473.jpg,67.0,72.09505196029274,5.095051960292736,test
img03479,1850,images/img03479.jpg,63.0,61.69042885062782,1.3095711493721822,test
img03480,1850,images/img03480.jpg,63.0,59.79529009761889,3.2047099023811114,test
img03491,1856,images/img03491.jpg,33.0,54.7925673409383,21.792567340938295,test
img03492,1856,images/img03492.jpg,33.0,52.46459911611424,19.464599116114243,test
img03524,1875,images/img03524.jpg,81.0,82.89280632202251,1.8928063220225084,test
img03534,1880,images/img03534.jpg,61.0,59.34716399652733,1.6528360034726717,test
img03535,1880,images/img03535.jpg,61.0,57.4536444591952,3.546355540804804,test
img03554,1890,images/img03554.jpg,57.0,60.82060922819682,3.8206092281968234,test
img03555,1890,images/img03555.jpg,57.0,55.32152539751244,1.6784746024875616,test
img03562,1894,images/img03562.jpg,19.0,20.03118357192944,1.031183571929439,test
img03563,1894,images/img03563.jpg,19.0,18.12491432149698,0.8750856785030194,test
img03570,1898,images/img03570.jpg,56.0,58.67199897799806,2.671998977998058,test
img03571,1898,images/img03571.jpg,56.0,60.54289509700372,4.542895097003722,test
img03593,1910,images/img03593.jpg,8.0,10.888927860178867,2.8889278601788675,test
img03594,1910,images/img03594.jpg,8.0,10.464113284433653,2.464113284433651,test
img03614,1921,images/img03614.jpg,58.0,56.41195724275385,1.58804275724615,test
img03615,1921,images/img03615.jpg,58.0,53.9416749899142,4.058325010085802,test
img03646,1937,images/img03646.jpg,66.0,69.677676855459,3.677676855458998,test
img03665,1947,images/img03665.jpg,71.0,69.53210653734396,1.4678934626560365,test
img03666,1947,images/img03666.jpg,71.0,66.30865090090273,4.691349099097266,test
img03667,1948,images/img03667.jpg,72.0,60.952922631197175,11.047077368802825,test
img03668,1948,images/img03668.jpg,72.0,64.08761839226793,7.912381607732072,test
img03673,1951,images/img03673.jpg,73.0,77.67235737038904,4.672357370389037,test
img03674,1951,images/img03674.jpg,73.0,70.86601907025386,2.1339809297461443,test
img03710,1970,images/img03710.jpg,68.0,71.24276499117782,3.242764991177822,test
img03711,1970,images/img03711.jpg,68.0,71.24392212884692,3.2439221288469184,test
img03723,1977,images/img03723.jpg,68.0,68.09768552817734,0.0976855281773367,test
img03724,1977,images/img03724.jpg,68.0,54.95666222255795,13.043337777442048,test
img03727,1979,images/img03727.jpg,50.0,57.789844756062685,7.789844756062685,test
img03728,1979,images/img03728.jpg,50.0,44.80636483070428,5.1936351692957246,test
img03775,2005,images/img03775.jpg,78.0,78.6348581580013,0.6348581580012933,test
img03794,2016,images/img03794.jpg,30.0,30.535439397673645,0.5354393976736453,test
img03795,2016,images/img03795.jpg,30.0,27.568274486390766,2.431725513609233,test
img03804,2021,images/img03804.jpg,15.0,16.128351252120453,1.1283512521204528,test
img03805,2021,images/img03805.jpg,15.0,18.490534925396982,3.490534925396986,test
img03854,2046,images/img03854.jpg,32.0,31.31519531996186,0.6848046800381411,test
img03855,2046,images/img03855.jpg,32.0,29.43365893292217,2.566341067077829,test
img03923,2081,images/img03923.jpg,21.0,36.41213482131296,15.412134821312954,test
img03924,2081,images/img03924.jpg,21.0,27.67060864451185,6.670608644511852,test
img03943,2091,images/img03943.jpg,56.0,45.71823948203061,10.281760517969396,test
img03944,2091,images/img03944.jpg,56.0,52.767035749901,3.232964250099002,test
img03956,2098,images/img03956.jpg,60.0,59.438525795737625,0.5614742042623746,test
img03957,2098,images/img03957.jpg,60.0,54.59811640853488,5.401883591465122,test
img04035,2142,images/img04035.jpg,60.0,57.73526229410584,2.264737705894156,test
img04036,2142,images/img04036.jpg,60.0,70.61136589666019,10.611365896660187,test
img04043,2146,images/img04043.jpg,48.0,47.944424034349474,0.0555759656505259,test
img04044,2146,images/img04044.jpg,48.0,51.41422784593937,3.414227845939372,test
img04048,2148,images/img04048.jpg,56.0,43.7226645057061,12.2773354942939,test
img04049,2149,images/img04049.jpg,36.0,45.4520650998259,9.4520650998259,test
img04050,2149,images/img04050.jpg,36.0,36.90218316947967,0.9021831694796704,test
img04163,2207,images/img04163.jpg,39.0,39.63301498121737,0.6330149812173715,test
img04164,2207,images/img04164.jpg,39.0,44.26054702745103,5.260547027451025,test
img04165,2208,images/img04165.jpg,71.0,70.10891948909455,0.8910805109054536,test
img04166,2208,images/img04166.jpg,71.0,64.15033994355771,6.849660056442289,test
img04195,2225,images/img04195.jpg,82.0,73.97784909299263,8.022150907007372,test
img04196,2225,images/img04196.jpg,82.0,75.41396927321341,6.586030726786589,test
img04209,2233,images/img04209.jpg,75.0,67.46250637789997,7.53749362210003,test
img04210,2233,images/img04210.jpg,75.0,67.79361461465717,7.206385385342827,test
img04225,2241,images/img04225.jpg,58.0,57.57382672970002,0.4261732702999765,test
img04226,2241,images/img04226.jpg,58.0,56.48756824160564,1.5124317583943565,test
img04233,2246,images/img04233.jpg,76.0,87.35941661769044,11.359416617690442,test
img04234,2246,images/img04234.jpg,76.0,75.97551367890618,0.0244863210938177,test
img04253,2256,images/img04253.jpg,67.0,68.3828627065614,1.3828627065613972,test
img04254,2256,images/img04254.jpg,67.0,60.16268757856636,6.837312421433637,test
img04286,2273,images/img04286.jpg,45.0,44.23137756081804,0.7686224391819607,test
img04295,2278,images/img04295.jpg,50.0,49.76653087769049,0.2334691223095077,test
img04296,2278,images/img04296.jpg,50.0,46.7117659552323,3.288234044767698,test
img04306,2284,images/img04306.jpg,79.0,71.83699826336992,7.163001736630079,test
img04307,2284,images/img04307.jpg,79.0,71.12216638014031,7.877833619859686,test
img04372,2320,images/img04372.jpg,27.0,57.763080903391625,30.763080903391625,test
img04373,2320,images/img04373.jpg,27.0,28.15015659543253,1.1501565954325343,test
img04381,2325,images/img04381.jpg,77.0,76.40878484794655,0.5912151520534508,test
img04391,2330,images/img04391.jpg,33.0,36.34907354487339,3.3490735448733915,test
img04392,2330,images/img04392.jpg,33.0,27.286395313955182,5.713604686044814,test
img04403,2336,images/img04403.jpg,78.0,70.22132761578249,7.778672384217515,test
img04473,2372,images/img04473.jpg,43.0,39.15292826874294,3.84707173125706,test
img04474,2373,images/img04474.jpg,32.0,37.529842560823575,5.529842560823575,test
img04475,2373,images/img04475.jpg,32.0,33.16980889785992,1.169808897859923,test
img04492,2382,images/img04492.jpg,73.0,78.94425125043301,5.9442512504330125,test
img04493,2382,images/img04493.jpg,73.0,81.87160451848062,8.871604518480623,test
img04528,2400,images/img04528.jpg,74.0,74.93661126804159,0.936611268041588,test
img04529,2400,images/img04529.jpg,74.0,79.91195861225098,5.911958612250984,test
img04540,2406,images/img04540.jpg,68.0,63.42608082374785,4.573919176252147,test
img04541,2406,images/img04541.jpg,68.0,71.7181239074265,3.7181239074265022,test
img04564,2419,images/img04564.jpg,58.0,55.974519669207965,2.0254803307920355,test
img04565,2419,images/img04565.jpg,58.0,56.5645554544972,1.435444545502797,test
img04568,2421,images/img04568.jpg,70.0,70.79119665090806,0.7911966509080628,test
img04569,2421,images/img04569.jpg,70.0,69.08310440342234,0.9168955965776604,test
img04570,2422,images/img04570.jpg,32.0,36.77407570561302,4.774075705613022,test
img04571,2422,images/img04571.jpg,32.0,34.56788640496727,2.5678864049672683,test
img04580,2427,images/img04580.jpg,44.0,48.14237309971578,4.142373099715783,test
img04581,2427,images/img04581.jpg,61.0,45.709513507958576,15.290486492041424,test
img04586,2430,images/img04586.jpg,39.0,39.776428071896525,0.7764280718965253,test
img04587,2430,images/img04587.jpg,39.0,42.39417230664673,3.3941723066467304,test
img04588,2431,images/img04588.jpg,44.0,43.61062282412355,0.3893771758764472,test
img04589,2431,images/img04589.jpg,44.0,37.58856975140359,6.41143024859641,test
img04609,2442,images/img04609.jpg,45.0,41.10479812258743,3.895201877412568,test
img04610,2442,images/img04610.jpg,45.0,46.08054899265693,1.0805489926569294,test
img04619,2447,images/img04619.jpg,37.0,52.882411700228914,15.882411700228914,test
img04625,2450,images/img04625.jpg,64.0,56.60742673713826,7.392573262861738,test
img04626,2450,images/img04626.jpg,64.0,60.16715962664565,3.832840373354351,test
img04657,2466,images/img04657.jpg,67.0,64.44140423705748,2.5585957629425167,test
img04658,2466,images/img04658.jpg,67.0,66.75391387695583,0.2460861230441651,test
img04705,2490,images/img04705.jpg,35.0,35.96327664796844,0.963276647968442,test
img04706,2490,images/img04706.jpg,35.0,34.31741899421431,0.6825810057856927,test
img04723,2499,images/img04723.jpg,61.0,59.02057852123452,1.979421478765481,test
img04829,2552,images/img04829.jpg,58.0,49.258189175430886,8.741810824569114,test
img04830,2552,images/img04830.jpg,58.0,58.649633829854686,0.649633829854686,test
img04837,2556,images/img04837.jpg,53.0,64.12054119470505,11.120541194705057,test
img04838,2556,images/img04838.jpg,53.0,57.27152826262246,4.271528262622461,test
img04861,2568,images/img04861.jpg,43.0,42.24899678950833,0.7510032104916675,test
img04888,2582,images/img04888.jpg,47.0,45.74665424624416,1.2533457537558377,test
img04889,2582,images/img04889.jpg,47.0,49.82453226702754,2.824532267027543,test
img04920,2599,images/img04920.jpg,60.0,60.04250694397719,0.0425069439771874,test
img04952,2616,images/img04952.jpg,52.0,41.43170205612659,10.56829794387341,test
img04953,2616,images/img04953.jpg,52.0,51.736296558125154,0.2637034418748456,test
img04963,2622,images/img04963.jpg,80.0,77.65323024462035,2.346769755379654,test
img04964,2622,images/img04964.jpg,80.0,74.79816481727295,5.201835182727052,test
img04985,2633,images/img04985.jpg,79.0,76.56468324685926,2.43531675314074,test
img04986,2633,images/img04986.jpg,79.0,77.17459622524227,1.8254037747577316,test
img04987,2634,images/img04987.jpg,60.0,71.26151912817853,11.261519128178534,test
img04988,2634,images/img04988.jpg,60.0,61.42248713421692,1.4224871342169223,test
img05014,2648,images/img05014.jpg,39.0,43.86206196877205,4.862061968772053,test
img05015,2648,images/img05015.jpg,39.0,42.53741089965665,3.537410899656649,test
img05017,2649,images/img05017.jpg,49.0,62.33676440032649,13.336764400326487,test
img05035,2659,images/img05035.jpg,43.0,54.02722056368691,11.02722056368691,test
img05036,2659,images/img05036.jpg,43.0,48.17375541491672,5.17375541491672,test
img05047,2665,images/img05047.jpg,30.0,39.92129385567203,9.921293855672031,test
img05051,2667,images/img05051.jpg,32.0,35.46424385105715,3.464243851057148,test
img05052,2667,images/img05052.jpg,32.0,35.87471689961235,3.874716899612352,test
img05053,2668,images/img05053.jpg,56.0,54.79279282464525,1.2072071753547462,test
img05054,2668,images/img05054.jpg,56.0,55.44682317625184,0.55317682374816,test
img05061,2672,images/img05061.jpg,69.0,71.92488837692032,2.9248883769203218,test
img05062,2672,images/img05062.jpg,69.0,71.83018958243858,2.830189582438578,test
img05069,2676,images/img05069.jpg,58.0,63.67743326486695,5.6774332648669485,test
img05070,2676,images/img05070.jpg,58.0,61.07693321697338,3.07693321697338,test
img05124,2705,images/img05124.jpg,35.0,33.87322427108002,1.126775728919981,test
img05125,2705,images/img05125.jpg,35.0,35.11078791592348,0.1107879159234812,test
img05139,2713,images/img05139.jpg,26.0,31.73297327719529,5.732973277195292,test
img05140,2713,images/img05140.jpg,26.0,25.629725348371267,0.3702746516287334,test
img05159,2723,images/img05159.jpg,33.0,38.41928335554927,5.419283355549268,test
img05160,2723,images/img05160.jpg,33.0,38.3862793026349,5.386279302634904,test
img05169,2728,images/img05169.jpg,38.0,35.81976103990861,2.180238960091387,test
img05170,2728,images/img05170.jpg,38.0,35.403265640544035,2.596734359455965,test
img05171,2729,images/img05171.jpg,33.0,26.02959548229977,6.970404517700231,test
img05172,2729,images/img05172.jpg,33.0,25.922288140605573,7.077711859394427,test
img05189,2738,images/img05189.jpg,69.0,75.06407309053208,6.0640730905320765,test
img05190,2739,images/img05190.jpg,55.0,65.66607741189165,10.66607741189165,test
img05191,2739,images/img05191.jpg,55.0,50.26121322958575,4.738786770414251,test
img05192,2740,images/img05192.jpg,81.0,83.5464702285237,2.5464702285237024,test
img05202,2745,images/img05202.jpg,63.0,55.99501033067013,7.004989669329866,test
img05203,2745,images/img05203.jpg,63.0,59.34285145022383,3.657148549776174,test
img05218,2753,images/img05218.jpg,8.0,20.12309149431391,12.123091494313911,test
img05231,2760,images/img05231.jpg,65.0,55.4070527035604,9.592947296439595,test
img05232,2760,images/img05232.jpg,65.0,58.57919539179573,6.420804608204271,test
img05235,2762,images/img05235.jpg,34.0,37.05397432950282,3.0539743295028217,test
img05236,2762,images/img05236.jpg,34.0,35.7653962910594,1.765396291059396,test
img05238,2763,images/img05238.jpg,32.0,31.87524995180357,0.1247500481964252,test
img05249,2769,images/img05249.jpg,67.0,58.00864547494439,8.991354525055613,test
img05250,2769,images/img05250.jpg,67.0,57.14670864839464,9.853291351605357,test
img05267,2778,images/img05267.jpg,84.0,72.52597286385064,11.47402713614936,test
img05268,2778,images/img05268.jpg,84.0,81.5897035338364,2.410296466163601,test
img05285,2787,images/img05285.jpg,70.0,72.71587104300275,2.7158710430027497,test
img05286,2787,images/img05286.jpg,70.0,65.05545008367521,4.944549916324789,test
img05287,2788,images/img05287.jpg,77.0,82.01735151548576,5.017351515485757,test
img05288,2788,images/img05288.jpg,77.0,78.47821160033176,1.4782116003317611,test
img05289,2789,images/img05289.jpg,61.0,60.60667835754973,0.3933216424502674,test
img05290,2789,images/img05290.jpg,61.0,57.83476986263798,3.1652301373620237,test
img05311,2800,images/img05311.jpg,86.0,72.65547085601898,13.34452914398102,test
img05312,2800,images/img05312.jpg,86.0,76.28662775460072,9.713372245399285,test
img05317,2803,images/img05317.jpg,64.0,76.81160617370594,12.81160617370594,test
img05318,2803,images/img05318.jpg,64.0,79.4040111656628,15.404011165662794,test
img05319,2804,images/img05319.jpg,83.0,77.35151941207656,5.648480587923444,test
img05320,2804,images/img05320.jpg,83.0,71.87643909905808,11.123560900941923,test
img05324,2807,images/img05324.jpg,75.0,75.7677698412438,0.7677698412438048,test
img05325,2807,images/img05325.jpg,75.0,76.27725286732124,1.2772528673212378,test
img05344,2817,images/img05344.jpg,48.0,48.65710141666928,0.6571014166692777,test
img05345,2817,images/img05345.jpg,48.0,60.475787110553625,12.475787110553624,test
img05376,2833,images/img05376.jpg,55.0,64.65888340874736,9.658883408747355,test
img05377,2833,images/img05377.jpg,55.0,62.74617792084633,7.746177920846328,test
img05394,2842,images/img05394.jpg,58.0,57.24251945653884,0.7574805434611633,test
img05395,2842,images/img05395.jpg,58.0,44.20985654514957,13.79014345485043,test
img05398,2844,images/img05398.jpg,77.0,79.72672497391952,2.7267249739195165,test
img05399,2844,images/img05399.jpg,77.0,73.54726518805843,3.452734811941568,test
img05448,2870,images/img05448.jpg,59.0,59.026150177282574,0.0261501772825738,test
img05449,2870,images/img05449.jpg,59.0,57.6556255113312,1.3443744886688052,test
img05454,2873,images/img05454.jpg,61.0,68.51245340061652,7.512453400616522,test
img05455,2873,images/img05455.jpg,61.0,68.98853757280294,7.98853757280294,test
img05465,2879,images/img05465.jpg,61.0,64.58078315974609,3.5807831597460904,test
img05466,2879,images/img05466.jpg,61.0,67.4354690546629,6.435469054662903,test
img05467,2880,images/img05467.jpg,58.0,55.85549044658311,2.1445095534168885,test
img05468,2880,images/img05468.jpg,58.0,55.532789725651575,2.4672102743484245,test
img05475,2884,images/img05475.jpg,60.0,69.37992930122763,9.379929301227634,test
img05476,2884,images/img05476.jpg,60.0,75.86855097010873,15.868550970108728,test
img05481,2887,images/img05481.jpg,45.0,46.268217964084606,1.268217964084606,test
img05483,2888,images/img05483.jpg,66.0,71.98839244119557,5.988392441195572,test
img05488,2891,images/img05488.jpg,56.0,66.56906358819148,10.569063588191485,test
img05510,2903,images/img05510.jpg,59.0,52.25349674362437,6.746503256375632,test
img05511,2903,images/img05511.jpg,59.0,57.77697391704118,1.2230260829588175,test
img05521,2908,images/img05521.jpg,78.0,81.53771631573046,3.537716315730464,test
img05548,2922,images/img05548.jpg,33.0,31.778702572638394,1.2212974273616055,test
img05549,2922,images/img05549.jpg,33.0,28.91367769081958,4.086322309180421,test
img05570,2933,images/img05570.jpg,58.0,59.20784178558123,1.2078417855812305,test
img05571,2933,images/img05571.jpg,58.0,58.993819303657794,0.9938193036577944,test
img05585,2942,images/img05585.jpg,58.0,55.62744244184255,2.372557558157453,test
img05586,2942,images/img05586.jpg,58.0,54.87512300620976,3.124876993790238,test
img05594,2946,images/img05594.jpg,71.0,77.7656460055813,6.765646005581303,test
img05624,2962,images/img05624.jpg,72.0,58.11702952178827,13.882970478211732,test
img05625,2962,images/img05625.jpg,72.0,46.12343179487068,25.87656820512932,test
img05656,2978,images/img05656.jpg,58.0,67.19410387858126,9.19410387858126,test
img05657,2978,images/img05657.jpg,58.0,47.23353034539235,10.766469654607649,test
img05658,2979,images/img05658.jpg,49.0,59.755230340510174,10.755230340510174,test
img05659,2979,images/img05659.jpg,49.0,42.95964290989723,6.040357090102773,test
img05664,2982,images/img05664.jpg,58.0,57.54535539007026,0.454644609929737,test
img05665,2982,images/img05665.jpg,58.0,56.52492062647833,1.4750793735216732,test
img05674,2987,images/img05674.jpg,50.0,56.21829536699849,6.21829536699849,test
img05675,2987,images/img05675.jpg,50.0,50.30906703415175,0.3090670341517452,test
img05709,3006,images/img05709.jpg,39.0,36.224104857832046,2.775895142167954,test
img05710,3006,images/img05710.jpg,39.0,33.396130193632914,5.603869806367086,test
img05745,3024,images/img05745.jpg,83.0,73.45313023917038,9.546869760829622,test
img05746,3024,images/img05746.jpg,83.0,78.3477658676974,4.652234132302596,test
img05760,3031,images/img05760.jpg,72.0,69.3495176293118,2.650482370688195,test
img05788,3046,images/img05788.jpg,50.0,54.63581553936201,4.635815539362007,test
img05789,3046,images/img05789.jpg,50.0,49.35882961554999,0.6411703844500138,test
img05793,3048,images/img05793.jpg,69.0,71.26055175672472,2.2605517567247237,test
img05816,3060,images/img05816.jpg,47.0,46.82101022105497,0.1789897789450307,test
img05817,3060,images/img05817.jpg,47.0,39.26639537816102,7.733604621838978,test
img05836,3070,images/img05836.jpg,72.0,80.20518013318664,8.205180133186644,test
img05837,3070,images/img05837.jpg,72.0,76.2909531155768,4.290953115576798,test
img05853,3079,images/img05853.jpg,65.0,66.73684037063192,1.7368403706319242,test
img05854,3079,images/img05854.jpg,65.0,63.38470415454166,1.6152958454583413,test
img05863,3084,images/img05863.jpg,50.0,53.31907603097802,3.3190760309780174,test
img05864,3084,images/img05864.jpg,50.0,53.906716017799226,3.9067160177992255,test
img05884,3095,images/img05884.jpg,50.0,50.14378556838131,0.1437855683813111,test
img05885,3095,images/img05885.jpg,50.0,51.14753869561044,1.147538695610436,test
img05910,3109,images/img05910.jpg,54.0,52.56680458220427,1.43319541779573,test
img05911,3109,images/img05911.jpg,54.0,57.7351809073023,3.735180907302301,test
img05924,3116,images/img05924.jpg,69.0,69.90690244681427,0.9069024468142716,test
img05925,3116,images/img05925.jpg,69.0,69.31814512960477,0.3181451296047726,test
img05938,3124,images/img05938.jpg,45.0,54.46408829328171,9.464088293281712,test
img05939,3124,images/img05939.jpg,45.0,41.90924219324067,3.090757806759328,test
img05956,3133,images/img05956.jpg,45.0,55.27214801017196,10.27214801017196,test
img05975,3143,images/img05975.jpg,68.0,68.47702164887897,0.4770216488789742,test
img05976,3143,images/img05976.jpg,68.0,73.77353413453065,5.7735341345306495,test
img05995,3154,images/img05995.jpg,56.0,43.41592159662583,12.584078403374171,test
img05996,3154,images/img05996.jpg,56.0,56.18044614091056,0.1804461409105542,test
img06022,3169,images/img06022.jpg,82.0,73.69711833334267,8.302881666657328,test
img06023,3169,images/img06023.jpg,82.0,69.13195502592383,12.86804497407617,test
img06034,3175,images/img06034.jpg,88.0,60.70266298173164,27.29733701826836,test
img06035,3175,images/img06035.jpg,88.0,66.50280464196324,21.497195358036763,test
img06053,3185,images/img06053.jpg,42.0,42.54038390369619,0.5403839036961884,test
img06054,3185,images/img06054.jpg,42.0,37.92148949208952,4.07851050791048,test
img06071,3194,images/img06071.jpg,42.0,41.341951361178,0.6580486388220024,test
img06072,3194,images/img06072.jpg,42.0,44.274310531111695,2.274310531111695,test
img06125,3222,images/img06125.jpg,61.0,40.87248937553892,20.12751062446108,test
img06126,3222,images/img06126.jpg,61.0,55.04272338241272,5.957276617587276,test
img06131,3225,images/img06131.jpg,65.0,63.46166853277728,1.5383314672227186,test
img06132,3225,images/img06132.jpg,65.0,74.40736856214451,9.407368562144512,test
img06163,3242,images/img06163.jpg,23.0,28.9870866790446,5.987086679044602,test
img06164,3242,images/img06164.jpg,23.0,34.25774297255784,11.257742972557836,test
img06175,3248,images/img06175.jpg,51.0,49.08178402855213,1.9182159714478717,test
img06176,3248,images/img06176.jpg,51.0,48.21888923706357,2.781110762936436,test
img06180,3251,images/img06180.jpg,56.0,56.58471082141447,0.5847108214144683,test
img06181,3251,images/img06181.jpg,56.0,54.829342452076325,1.1706575479236747,test
img06203,3263,images/img06203.jpg,52.0,55.28640665096908,3.286406650969077,test
img06204,3263,images/img06204.jpg,52.0,52.87840616076222,0.8784061607622178,test
img06217,3272,images/img06217.jpg,59.0,56.66037048875682,2.339629511243181,test
img06218,3272,images/img06218.jpg,59.0,58.83993798874037,0.160062011259626,test
img06250,3289,images/img06250.jpg,60.0,46.24027979663013,13.759720203369866,test
img06251,3289,images/img06251.jpg,60.0,54.23450661762017,5.76549338237983,test
img06256,3292,images/img06256.jpg,69.0,64.73037074138996,4.269629258610038,test
img06257,3292,images/img06257.jpg,69.0,58.6675443796857,10.3324556203143,test
img06284,3306,images/img06284.jpg,54.0,57.22586644869988,3.2258664486998825,test
img06285,3306,images/img06285.jpg,54.0,51.79494358883837,2.205056411161628,test
img06287,3307,images/img06287.jpg,57.0,42.26755461663115,14.732445383368848,test
img06304,3317,images/img06304.jpg,43.0,45.18657234914164,2.1865723491416347,test
img06305,3317,images/img06305.jpg,43.0,47.43142378962659,4.431423789626592,test
img06343,3337,images/img06343.jpg,35.0,23.118780230853623,11.881219769146377,test
img06350,3340,images/img06350.jpg,51.0,55.60895768561872,4.608957685618719,test
img06363,3347,images/img06363.jpg,67.0,74.91727256384895,7.917272563848954,test
img06380,3356,images/img06380.jpg,56.0,58.73179769332821,2.731797693328204,test
img06381,3356,images/img06381.jpg,56.0,55.2241254336415,0.7758745663585032,test
img06440,3387,images/img06440.jpg,46.0,48.95899765298663,2.958997652986625,test
img06441,3387,images/img06441.jpg,46.0,39.163583532670415,6.836416467329585,test
img06511,3423,images/img06511.jpg,65.0,59.56379958104751,5.436200418952488,test
img06512,3423,images/img06512.jpg,65.0,62.33404169138125,2.665958308618748,test
img06547,3442,images/img06547.jpg,73.0,70.05791818281978,2.942081817180224,test
img06548,3443,images/img06548.jpg,64.0,72.31853985016157,8.31853985016157,test
img06549,3443,images/img06549.jpg,64.0,64.55201340183667,0.5520134018366747,test
img06598,3470,images/img06598.jpg,68.0,81.4371205906391,13.437120590639095,test
img06624,3485,images/img06624.jpg,76.0,79.19466413066435,3.19466413066435,test
img06625,3485,images/img06625.jpg,76.0,78.49938253005132,2.499382530051321,test
img06628,3487,images/img06628.jpg,79.0,74.83123648803414,4.168763511965864,test
img06629,3487,images/img06629.jpg,79.0,72.41105415194663,6.5889458480533705,test
img06706,3529,images/img06706.jpg,7.0,17.25120449165255,10.251204491652553,test
img06718,3535,images/img06718.jpg,61.0,59.158990890427134,1.841009109572866,test
img06719,3535,images/img06719.jpg,61.0,65.94822378388324,4.948223783883236,test
img06722,3537,images/img06722.jpg,53.0,54.88878726432106,1.88878726432106,test
img06723,3537,images/img06723.jpg,53.0,43.74351479595845,9.256485204041546,test
img06747,3551,images/img06747.jpg,23.0,33.958019232222426,10.958019232222426,test
img06832,3594,images/img06832.jpg,50.0,45.01634878219542,4.983651217804578,test
img06833,3594,images/img06833.jpg,50.0,48.463172341357904,1.536827658642096,test
img06836,3596,images/img06836.jpg,77.0,77.96469549687421,0.9646954968742136,test
img06837,3596,images/img06837.jpg,77.0,79.78808053564234,2.7880805356423366,test
img06844,3600,images/img06844.jpg,39.0,36.011433642234735,2.988566357765265,test
img06845,3600,images/img06845.jpg,39.0,46.556524103800086,7.556524103800086,test
img06852,3604,images/img06852.jpg,76.0,72.65786038347701,3.342139616522985,test
img06916,3637,images/img06916.jpg,74.0,69.92353970896511,4.076460291034891,test
img06922,3640,images/img06922.jpg,48.0,47.919346538059976,0.0806534619400238,test
img06923,3640,images/img06923.jpg,48.0,48.723596480056194,0.7235964800561945,test
img06933,3646,images/img06933.jpg,73.0,63.53583931238954,9.46416068761046,test
img06934,3646,images/img06934.jpg,73.0,65.15425448113086,7.845745518869137,test
img06964,3662,images/img06964.jpg,73.0,62.13578889100944,10.86421110899056,test
img06993,3679,images/img06993.jpg,53.0,57.02341650224098,4.023416502240977,test
img06994,3679,images/img06994.jpg,53.0,45.10423235208324,7.895767647916763,test
img07022,3695,images/img07022.jpg,76.0,79.07145568886139,3.0714556888613918,test
img07023,3695,images/img07023.jpg,76.0,79.44067748841016,3.4406774884101594,test
img07071,3720,images/img07071.jpg,70.0,59.56602769816151,10.433972301838487,test
img07113,3742,images/img07113.jpg,63.0,65.535535160234,2.535535160234005,test
img07114,3742,images/img07114.jpg,63.0,63.45180341610829,0.4518034161082909,test
img07125,3748,images/img07125.jpg,20.0,27.937051316883,7.937051316883,test
img07126,3748,images/img07126.jpg,20.0,27.175163955924138,7.175163955924138,test
img07187,3780,images/img07187.jpg,45.0,56.58796308988793,11.587963089887928,test
img07188,3780,images/img07188.jpg,45.0,58.64077534661508,13.64077534661508,test
img07206,3790,images/img07206.jpg,38.0,32.2946354688148,5.705364531185197,test
img07207,3790,images/img07207.jpg,38.0,25.98942611884257,12.01057388115743,test
img07208,3791,images/img07208.jpg,48.0,48.025106303550174,0.0251063035501744,test
img07209,3791,images/img07209.jpg,48.0,46.97806793885763,1.0219320611423726,test
img07214,3794,images/img07214.jpg,29.0,39.25566922455542,10.25566922455542,test
img07244,3810,images/img07244.jpg,36.0,43.63662733928085,7.6366273392808495,test
img07245,3810,images/img07245.jpg,36.0,48.06859657577494,12.06859657577494,test
img07285,3831,images/img07285.jpg,27.0,34.533477645815594,7.533477645815594,test
img07286,3831,images/img07286.jpg,27.0,26.55985463712012,0.4401453628798784,test
img07305,3841,images/img07305.jpg,74.0,65.5842729045557,8.415727095444296,test
img07306,3841,images/img07306.jpg,74.0,73.72838395322731,0.2716160467726922,test
img07317,3847,images/img07317.jpg,38.0,38.37690877779716,0.3769087777971549,test
img07318,3847,images/img07318.jpg,38.0,35.90118601481397,2.098813985186027,test
img07335,3856,images/img07335.jpg,42.0,49.95811023282461,7.958110232824609,test
img07336,3856,images/img07336.jpg,42.0,41.44266487219609,0.5573351278039098,test
img07371,3874,images/img07371.jpg,42.0,52.12201165924765,10.122011659247647,test
img07372,3874,images/img07372.jpg,42.0,52.337467748584864,10.337467748584864,test
img07408,3893,images/img07408.jpg,57.0,57.08291635623098,0.0829163562309815,test
img07409,3893,images/img07409.jpg,57.0,57.11145677921534,0.111456779215338,test
img07414,3896,images/img07414.jpg,42.0,55.14380033935751,13.143800339357512,test
img07419,3899,images/img07419.jpg,73.0,77.31899522775258,4.3189952277525805,test
img07420,3899,images/img07420.jpg,73.0,76.2182922861086,3.218292286108607,test
img07454,3917,images/img07454.jpg,87.0,86.9981170123248,0.0018829876752022,test
img07455,3917,images/img07455.jpg,87.0,83.84905354941367,3.150946450586332,test
img07470,3925,images/img07470.jpg,72.0,63.6193620764622,8.380637923537797,test
img07471,3925,images/img07471.jpg,72.0,63.3590142804942,8.6409857195058,test
img07494,3938,images/img07494.jpg,82.0,75.04532549719396,6.954674502806043,test
img07495,3938,images/img07495.jpg,82.0,75.6229476818856,6.377052318114394,test
img07562,3974,images/img07562.jpg,57.0,73.83815716510985,16.83815716510985,test
img07563,3974,images/img07563.jpg,57.0,67.83100728395273,10.83100728395273,test
img07593,3990,images/img07593.jpg,82.0,70.42835601300101,11.571643986998993,test
img07594,3990,images/img07594.jpg,82.0,78.96821850530203,3.0317814946979667,test
img07639,4013,images/img07639.jpg,65.0,55.04945708387682,9.950542916123185,test
img07640,4013,images/img07640.jpg,71.0,65.6999681310878,5.3000318689122,test
img07641,4013,images/img07641.jpg,71.0,62.01399551624292,8.986004483757085,test
img07649,4018,images/img07649.jpg,64.0,56.8983613161597,7.101638683840299,test
img07650,4018,images/img07650.jpg,64.0,65.5347744594572,1.5347744594571964,test
img07701,4045,images/img07701.jpg,38.0,68.14404301522967,30.14404301522967,test
img07702,4045,images/img07702.jpg,38.0,67.3123020560564,29.3123020560564,test
img07712,4050,images/img07712.jpg,44.0,53.803824012441815,9.803824012441815,test
img07727,4059,images/img07727.jpg,65.0,59.17821044543,5.821789554570003,test
img07762,4078,images/img07762.jpg,48.0,62.23842296699952,14.238422966999522,test
img07844,4121,images/img07844.jpg,73.0,63.230329883708656,9.769670116291344,test
img07845,4121,images/img07845.jpg,73.0,62.925060389322965,10.074939610677037,test
img07848,4123,images/img07848.jpg,12.0,19.15700259837808,7.157002598378078,test
img07867,4133,images/img07867.jpg,58.0,59.280685292296894,1.2806852922968943,test
img07868,4133,images/img07868.jpg,58.0,69.99457116644685,11.994571166446846,test
img07869,4134,images/img07869.jpg,13.0,22.152058780866817,9.152058780866817,test
img07870,4134,images/img07870.jpg,13.0,19.355567858638857,6.355567858638857,test
img07897,4148,images/img07897.jpg,27.0,30.55866067500669,3.5586606750066885,test
img07898,4148,images/img07898.jpg,27.0,23.23754334453289,3.762456655467105,test
img07937,4169,images/img07937.jpg,65.0,70.38151320430612,5.381513204306117,test
img07938,4169,images/img07938.jpg,65.0,74.36297853631277,9.362978536312768,test
img07965,4184,images/img07965.jpg,79.0,80.15475248799947,1.154752487999474,test
img07966,4184,images/img07966.jpg,79.0,75.24291138928618,3.757088610713822,test
img08005,4205,images/img08005.jpg,58.0,70.08376346885389,12.083763468853888,test
img08013,4209,images/img08013.jpg,65.0,67.38830015344864,2.38830015344864,test
img08059,4232,images/img08059.jpg,61.0,54.52998515684629,6.470014843153706,test
img08060,4232,images/img08060.jpg,61.0,54.32337882586522,6.67662117413478,test
img08087,4246,images/img08087.jpg,60.0,46.78842060010504,13.211579399894966,test
img08088,4246,images/img08088.jpg,60.0,58.51463473050066,1.48536526949934,test
img08089,4247,images/img08089.jpg,63.0,66.13637589573261,3.1363758957326127,test
img08090,4247,images/img08090.jpg,63.0,63.971364773194296,0.9713647731942956,test
img08101,4253,images/img08101.jpg,63.0,56.45004040477959,6.549959595220408,test
img08102,4253,images/img08102.jpg,63.0,59.44860494470403,3.55139505529597,test
img08114,4260,images/img08114.jpg,71.0,68.52133533198042,2.478664668019576,test
img08115,4260,images/img08115.jpg,71.0,55.67658125815088,15.323418741849125,test
img08143,4275,images/img08143.jpg,64.0,59.76666893538094,4.233331064619058,test
img08167,4287,images/img08167.jpg,52.0,46.07677984300152,5.923220156998482,test
img08168,4287,images/img08168.jpg,52.0,52.444029112743095,0.4440291127430953,test
img08176,4291,images/img08176.jpg,72.0,68.85851935945821,3.1414806405417863,test
img08201,4305,images/img08201.jpg,46.0,50.63294506904538,4.632945069045377,test
img08202,4305,images/img08202.jpg,46.0,40.47037694656079,5.5296230534392095,test
img08215,4312,images/img08215.jpg,33.0,37.50320985405705,4.503209854057047,test
img08216,4312,images/img08216.jpg,33.0,44.07251488274926,11.07251488274926,test
img08232,4321,images/img08232.jpg,59.0,60.10728838572173,1.1072883857217306,test
img08233,4321,images/img08233.jpg,59.0,69.08125254690762,10.08125254690762,test
img08251,4331,images/img08251.jpg,60.0,59.59068040168748,0.4093195983125213,test
img08252,4331,images/img08252.jpg,60.0,63.45864863248913,3.4586486324891297,test
img08299,4357,images/img08299.jpg,45.0,46.721326246285344,1.7213262462853436,test
img08300,4357,images/img08300.jpg,45.0,45.11208038475694,0.1120803847569433,test
img08304,4359,images/img08304.jpg,63.0,57.84658376382389,5.153416236176106,test
img08365,4392,images/img08365.jpg,17.0,42.23448185525953,25.23448185525953,test
img08366,4392,images/img08366.jpg,17.0,26.190534682632407,9.190534682632409,test
img08369,4394,images/img08369.jpg,22.0,20.153624223987777,1.8463757760122237,test
img08370,4394,images/img08370.jpg,22.0,27.98808316024989,5.988083160249886,test
img08375,4398,images/img08375.jpg,19.0,29.58971001729545,10.589710017295449,test
img08376,4398,images/img08376.jpg,19.0,22.17478492106342,3.17478492106342,test
img08391,4406,images/img08391.jpg,39.0,47.24536237797672,8.245362377976718,test
img08392,4406,images/img08392.jpg,39.0,42.5349646604561,3.5349646604561045,test
img08508,4471,images/img08508.jpg,18.0,28.5752765420989,10.5752765420989,test
img08509,4471,images/img08509.jpg,18.0,17.558992205527346,0.4410077944726538,test
img08522,4478,images/img08522.jpg,69.0,58.77418126861639,10.225818731383612,test
img08523,4478,images/img08523.jpg,69.0,69.04584806043088,0.0458480604308846,test
img08632,4537,images/img08632.jpg,49.0,51.73099401020137,2.7309940102013712,test
img08633,4537,images/img08633.jpg,49.0,66.17929905053236,17.179299050532364,test
img08640,4541,images/img08640.jpg,73.0,82.47725102885092,9.477251028850915,test
img08659,4551,images/img08659.jpg,63.0,53.47713547446311,9.522864525536887,test
img08660,4551,images/img08660.jpg,63.0,51.58298181532752,11.41701818467248,test
img08690,4567,images/img08690.jpg,65.0,71.85730979206852,6.85730979206852,test
img08691,4567,images/img08691.jpg,65.0,63.568223898578125,1.4317761014218746,test
img08733,4589,images/img08733.jpg,12.0,27.282370961458525,15.282370961458524,test
img08734,4589,images/img08734.jpg,12.0,23.36245095739,11.362450957389996,test
img08745,4595,images/img08745.jpg,14.0,19.4921733589971,5.4921733589971,test
img08746,4595,images/img08746.jpg,14.0,17.251173954560436,3.251173954560436,test
img08786,4616,images/img08786.jpg,53.0,45.36174074378971,7.63825925621029,test
img08787,4616,images/img08787.jpg,53.0,53.25406965083173,0.254069650831731,test
img08832,4640,images/img08832.jpg,71.0,73.47472432573784,2.474724325737838,test
img08833,4640,images/img08833.jpg,71.0,71.55252016627321,0.5525201662732115,test
img08834,4641,images/img08834.jpg,76.0,80.05899034834583,4.05899034834583,test
img08835,4641,images/img08835.jpg,76.0,73.96638895856582,2.0336110414341846,test
img08845,4647,images/img08845.jpg,76.0,65.07057357854546,10.929426421454536,test
img08846,4647,images/img08846.jpg,76.0,56.78897717954904,19.211022820450964,test
img08896,4673,images/img08896.jpg,63.0,61.250071440300985,1.7499285596990148,test
img08897,4673,images/img08897.jpg,63.0,63.41852398405968,0.418523984059675,test
img08911,4681,images/img08911.jpg,69.0,73.55619510628138,4.556195106281379,test
img08912,4681,images/img08912.jpg,69.0,70.41495022956227,1.4149502295622651,test
img08940,4696,images/img08940.jpg,89.0,82.14003864550187,6.859961354498125,test
img08983,4719,images/img08983.jpg,71.0,63.82104484664485,7.1789551533551474,test
img08984,4719,images/img08984.jpg,71.0,71.9781875993768,0.9781875993767954,test
img08987,4721,images/img08987.jpg,64.0,68.22486597317618,4.224865973176179,test
img08988,4721,images/img08988.jpg,64.0,70.90777636250107,6.907776362501068,test
img08999,4727,images/img08999.jpg,43.0,38.5136146143152,4.486385385684798,test
img09027,4742,images/img09027.jpg,71.0,62.56800653037182,8.431993469628182,test
img09028,4742,images/img09028.jpg,71.0,66.06101144300176,4.93898855699824,test
img09083,4771,images/img09083.jpg,68.0,63.56025589875682,4.439744101243178,test
img09108,4785,images/img09108.jpg,57.0,64.21910238603421,7.219102386034208,test
img09109,4785,images/img09109.jpg,57.0,58.04039028178789,1.040390281787893,test
img09114,4788,images/img09114.jpg,83.0,69.05912842366988,13.940871576330125,test
img09115,4788,images/img09115.jpg,83.0,69.3855415825143,13.614458417485691,test
img09129,4796,images/img09129.jpg,69.0,76.16962488615982,7.169624886159824,test
img09130,4796,images/img09130.jpg,69.0,67.9320305283337,1.0679694716663022,test
img09131,4797,images/img09131.jpg,78.0,72.71054450164945,5.289455498350549,test
img09132,4797,images/img09132.jpg,78.0,76.75915653677654,1.240843463223456,test
img09155,4809,images/img09155.jpg,76.0,76.48263008034465,0.4826300803446486,test
img09156,4809,images/img09156.jpg,76.0,75.3838422506205,0.6161577493794965,test
img09177,4820,images/img09177.jpg,71.0,70.6768134287265,0.3231865712734958,test
img09178,4820,images/img09178.jpg,71.0,63.89094752232874,7.109052477671256,test
img09180,4821,images/img09180.jpg,70.0,76.85384333454354,6.853843334543541,test
img09232,4849,images/img09232.jpg,52.0,56.77853322139289,4.778533221392891,test
img09233,4849,images/img09233.jpg,52.0,55.51019554931734,3.510195549317338,test
img09248,4857,images/img09248.jpg,71.0,62.65992317763976,8.340076822360246,test
img09249,4857,images/img09249.jpg,71.0,59.62897555111608,11.371024448883922,test
img09272,4869,images/img09272.jpg,47.0,44.76540041224164,2.2345995877583604,test
img09273,4869,images/img09273.jpg,47.0,48.50541713646852,1.5054171364685232,test
img09290,4879,images/img09290.jpg,75.0,76.41927870152999,1.41927870152999,test
img09291,4879,images/img09291.jpg,75.0,75.56950122702072,0.5695012270207229,test
img09325,4897,images/img09325.jpg,51.0,76.68292941119343,25.682929411193427,test
img09326,4897,images/img09326.jpg,51.0,70.95089909901002,19.950899099010016,test
img09353,4911,images/img09353.jpg,59.0,58.80292594248584,0.1970740575141576,test
img09354,4911,images/img09354.jpg,59.0,59.270568789923175,0.2705687899231748,test
img09359,4914,images/img09359.jpg,23.0,23.66204600569435,0.66204600569435,test
img09360,4914,images/img09360.jpg,23.0,26.01978871328893,3.019788713288932,test
img09367,4918,images/img09367.jpg,11.0,24.363535360890303,13.363535360890303,test
img09368,4918,images/img09368.jpg,11.0,19.384202926159823,8.384202926159823,test
img09385,4928,images/img09385.jpg,83.0,76.44795739346826,6.552042606531742,test
img09386,4928,images/img09386.jpg,83.0,79.60446318197215,3.39553681802785,test
img09404,4938,images/img09404.jpg,87.0,77.97274420186753,9.027255798132472,test
img09405,4938,images/img09405.jpg,87.0,76.3235449177476,10.676455082252405,test
img09408,4940,images/img09408.jpg,59.0,57.80636409596049,1.1936359040395104,test
img09409,4940,images/img09409.jpg,59.0,51.70628895737464,7.293711042625361,test
img09417,4945,images/img09417.jpg,83.0,84.26608334789026,1.266083347890259,test
img09418,4945,images/img09418.jpg,83.0,77.92101436782372,5.078985632176284,test
img09441,4957,images/img09441.jpg,59.0,50.90335156503417,8.096648434965829,test
img09442,4957,images/img09442.jpg,59.0,50.58961620716465,8.410383792835347,test
img09530,5003,images/img09530.jpg,64.0,54.73108717697354,9.26891282302646,test
img09531,5003,images/img09531.jpg,64.0,63.11127121460212,0.8887287853978805,test
img09537,5007,images/img09537.jpg,67.0,52.761633411122624,14.238366588877376,test
img09538,5007,images/img09538.jpg,67.0,61.9086954430501,5.0913045569499005,test
img09543,5010,images/img09543.jpg,50.0,51.4275360197444,1.4275360197443945,test
img09544,5010,images/img09544.jpg,50.0,48.41459764329589,1.5854023567041082,test
img09546,5012,images/img09546.jpg,40.0,41.80192939849432,1.801929398494316,test
img09555,5016,images/img09555.jpg,61.0,47.28071233393182,13.719287666068183,test
img09556,5017,images/img09556.jpg,66.0,71.85198543193607,5.851985431936072,test
img09557,5017,images/img09557.jpg,66.0,69.40250057474279,3.4025005747427883,test
img09585,5032,images/img09585.jpg,66.0,59.42527896876945,6.574721031230553,test
img09586,5032,images/img09586.jpg,66.0,56.88292934894488,9.117070651055124,test
img09605,5043,images/img09605.jpg,56.0,68.22732420909149,12.227324209091492,test
img09628,5055,images/img09628.jpg,59.0,56.95460402801087,2.04539597198913,test
img09629,5055,images/img09629.jpg,59.0,63.140441226540325,4.140441226540325,test
img09654,5068,images/img09654.jpg,69.0,64.27044396276399,4.729556037236009,test
img09655,5068,images/img09655.jpg,69.0,64.22777928263677,4.772220717363226,test
img09687,5085,images/img09687.jpg,53.0,53.44077915773124,0.4407791577312423,test
img09688,5085,images/img09688.jpg,53.0,50.439740704366535,2.5602592956334647,test
img09737,5112,images/img09737.jpg,83.0,78.62788697611546,4.372113023884538,test
img09738,5112,images/img09738.jpg,83.0,75.98244778003729,7.01755221996271,test
img09743,5115,images/img09743.jpg,85.0,79.42206949320743,5.577930506792569,test
img09744,5115,images/img09744.jpg,85.0,79.92350163307067,5.076498366929329,test
img09746,5117,images/img09746.jpg,82.0,74.62259834981694,7.37740165018306,test
img09747,5118,images/img09747.jpg,80.0,69.0102450828554,10.989754917144596,test
img09769,5130,images/img09769.jpg,74.0,78.91357237896118,4.913572378961177,test
img09770,5130,images/img09770.jpg,74.0,76.10687988674573,2.1068798867457303,test
img09799,5146,images/img09799.jpg,28.0,31.04793032732446,3.0479303273244582,test
img09800,5146,images/img09800.jpg,28.0,29.53552630977806,1.53552630977806,test
img09845,5170,images/img09845.jpg,60.0,63.24954698483804,3.249546984838041,test
img09846,5170,images/img09846.jpg,60.0,63.839296757541305,3.839296757541305,test
img09851,5173,images/img09851.jpg,63.0,52.569349521648974,10.430650478351026,test
img09852,5173,images/img09852.jpg,63.0,60.45226264352029,2.547737356479708,test
img09853,5174,images/img09853.jpg,57.0,52.97479212958336,4.025207870416644,test
img09854,5174,images/img09854.jpg,57.0,53.68310379834106,3.316896201658942,test
img09855,5175,images/img09855.jpg,76.0,79.6859579559452,3.685957955945199,test
img09856,5175,images/img09856.jpg,76.0,74.43781949603591,1.562180503964086,test
img09912,5204,images/img09912.jpg,57.0,51.262366886848525,5.737633113151475,test
img09913,5204,images/img09913.jpg,57.0,55.48721011649037,1.5127898835096332,test
img09928,5212,images/img09928.jpg,67.0,69.98950855281825,2.9895085528182506,test
img09929,5212,images/img09929.jpg,67.0,56.528806062471126,10.471193937528874,test
img09938,5217,images/img09938.jpg,62.0,70.70538524084238,8.705385240842375,test
img09939,5217,images/img09939.jpg,62.0,67.54440576834355,5.544405768343552,test
img09943,5220,images/img09943.jpg,72.0,74.59434717716829,2.594347177168288,test
img09944,5220,images/img09944.jpg,72.0,68.40320259113125,3.5967974088687527,test
img10002,5251,images/img10002.jpg,79.0,76.94071263672893,2.059287363271068,test
img10003,5251,images/img10003.jpg,79.0,74.93052129938539,4.06947870061461,test
img10036,5268,images/img10036.jpg,53.0,49.17154617491027,3.8284538250897313,test
img10040,5270,images/img10040.jpg,80.0,75.56875961192648,4.431240388073519,test
img10052,5277,images/img10052.jpg,22.0,21.84491452714732,0.1550854728526829,test
img10053,5277,images/img10053.jpg,22.0,25.496068858623044,3.496068858623044,test
img10062,5282,images/img10062.jpg,25.0,32.45774498390851,7.457744983908512,test
img10063,5282,images/img10063.jpg,25.0,27.078208688457128,2.078208688457128,test
img10079,5292,images/img10079.jpg,65.0,60.30501333064412,4.694986669355885,test
img10090,5298,images/img10090.jpg,15.0,27.84745112617412,12.847451126174118,test
img10091,5298,images/img10091.jpg,15.0,12.433075184979424,2.566924815020577,test
img10106,5306,images/img10106.jpg,62.0,57.8874438926639,4.112556107336097,test
img10107,5306,images/img10107.jpg,62.0,60.37569524748217,1.6243047525178298,test
img10111,5308,images/img10111.jpg,57.0,48.56151050285357,8.438489497146428,test
img10148,5327,images/img10148.jpg,87.0,73.49525724835428,13.504742751645722,test
img10149,5327,images/img10149.jpg,87.0,80.8483872668591,6.151612733140894,test
img10156,5331,images/img10156.jpg,50.0,48.95410190275424,1.045898097245761,test
img10157,5331,images/img10157.jpg,50.0,44.62737929954176,5.372620700458242,test
img10178,5342,images/img10178.jpg,75.0,69.3438006494236,5.656199350576401,test
img10179,5342,images/img10179.jpg,75.0,67.17938281896068,7.820617181039324,test
img10186,5346,images/img10186.jpg,61.0,62.89461818031501,1.894618180315014,test
img10187,5346,images/img10187.jpg,61.0,56.992616879745285,4.007383120254715,test
img10327,5419,images/img10327.jpg,76.0,86.74824943730982,10.748249437309823,test
img10328,5419,images/img10328.jpg,76.0,84.167058101822,8.167058101821993,test
img10331,5421,images/img10331.jpg,68.0,71.15820233005758,3.158202330057577,test
img10332,5421,images/img10332.jpg,68.0,66.30612286591973,1.6938771340802674,test
img10345,5428,images/img10345.jpg,90.0,81.30471394044675,8.695286059553254,test
img10346,5428,images/img10346.jpg,90.0,81.11435007063987,8.885649929360127,test
img10349,5430,images/img10349.jpg,72.0,67.40116063167103,4.598839368328967,test
img10350,5430,images/img10350.jpg,72.0,77.96199296422198,5.961992964221977,test
img10369,5440,images/img10369.jpg,82.0,71.23268993200054,10.76731006799946,test
img10371,5442,images/img10371.jpg,75.0,76.08100188239864,1.0810018823986385,test
img10372,5442,images/img10372.jpg,75.0,78.63004856599308,3.630048565993079,test
img10382,5448,images/img10382.jpg,63.0,58.68561715781858,4.314382842181423,test
img10384,5450,images/img10384.jpg,63.0,65.9984845656742,2.998484565674204,test
img10385,5450,images/img10385.jpg,63.0,71.75988229028415,8.759882290284153,test
img10433,5475,images/img10433.jpg,61.0,60.80462878617908,0.1953712138209198,test
img10434,5475,images/img10434.jpg,61.0,57.73539493959972,3.264605060400278,test
img10449,5484,images/img10449.jpg,72.0,61.58634371745704,10.413656282542966,test
img10463,5491,images/img10463.jpg,16.0,18.31294428497788,2.312944284977881,test
img10464,5491,images/img10464.jpg,16.0,20.78767023002557,4.787670230025569,test
img10479,5500,images/img10479.jpg,61.0,74.70863987868393,13.708639878683924,test
img10480,5500,images/img10480.jpg,61.0,82.92210448068656,21.92210448068656,test
img10526,5524,images/img10526.jpg,25.0,32.292015822555456,7.292015822555456,test
img10539,5531,images/img10539.jpg,61.0,66.84678153652109,5.8467815365210924,test
img10540,5531,images/img10540.jpg,61.0,69.36642536284995,8.366425362849952,test
img10587,5555,images/img10587.jpg,13.0,22.37362065271151,9.373620652711509,test
img10588,5555,images/img10588.jpg,13.0,19.803320153004613,6.803320153004613,test
img10595,5559,images/img10595.jpg,36.0,32.121717003489394,3.878282996510606,test
img10619,5572,images/img10619.jpg,31.0,41.6825010124511,10.682501012451098,test
img10620,5572,images/img10620.jpg,31.0,43.27352059242822,12.27352059242822,test
img10625,5575,images/img10625.jpg,38.0,36.76111925367255,1.2388807463274532,test
img10640,5583,images/img10640.jpg,81.0,74.1917363392224,6.808263660777598,test
img10641,5583,images/img10641.jpg,81.0,83.66775919596512,2.667759195965118,test
img10644,5585,images/img10644.jpg,35.0,62.453585136825126,27.45358513682513,test
img10659,5593,images/img10659.jpg,66.0,59.13383105304997,6.866168946950033,test
img10660,5593,images/img10660.jpg,66.0,58.32074123635465,7.67925876364535,test
img10665,5596,images/img10665.jpg,85.0,65.05166021242158,19.94833978757842,test
img10666,5596,images/img10666.jpg,85.0,69.35002040072128,15.649979599278725,test
img10680,5605,images/img10680.jpg,53.0,46.65336376656123,6.3466362334387725,test
img10681,5605,images/img10681.jpg,53.0,62.1962185244749,9.1962185244749,test
img10747,5640,images/img10747.jpg,76.0,60.98951152060382,15.01048847939618,test
img10748,5640,images/img10748.jpg,76.0,54.14470711785471,21.85529288214529,test
img10753,5643,images/img10753.jpg,62.0,64.4967794364726,2.4967794364725933,test
img10754,5643,images/img10754.jpg,62.0,64.26222893967967,2.262228939679673,test
img10758,5645,images/img10758.jpg,80.0,77.69654492856546,2.303455071434541,test
img10763,5648,images/img10763.jpg,78.0,68.55299139039997,9.447008609600031,test
img10764,5648,images/img10764.jpg,78.0,57.19825007948621,20.801749920513792,test
img10772,5653,images/img10772.jpg,65.0,55.9193064254421,9.080693574557898,test
img10773,5653,images/img10773.jpg,65.0,58.58846885230498,6.411531147695023,test
img10822,5678,images/img10822.jpg,55.0,57.36913769185964,2.3691376918596347,test
img10823,5678,images/img10823.jpg,55.0,56.14452947650936,1.144529476509362,test
img10850,5693,images/img10850.jpg,68.0,52.11077564526476,15.88922435473524,test
img10851,5693,images/img10851.jpg,68.0,57.88262503046702,10.117374969532982,test
img10852,5694,images/img10852.jpg,59.0,59.88631926064721,0.8863192606472126,test
img10853,5694,images/img10853.jpg,59.0,58.40021006512266,0.5997899348773359,test
img10869,5704,images/img10869.jpg,80.0,77.17422105525341,2.825778944746588,test
img10870,5704,images/img10870.jpg,80.0,76.44136792523389,3.558632074766109,test
img10918,5730,images/img10918.jpg,65.0,65.47355086159673,0.4735508615967347,test
img10919,5730,images/img10919.jpg,65.0,69.54548614613233,4.545486146132333,test
img10953,5749,images/img10953.jpg,48.0,44.679426501221485,3.320573498778515,test
img10954,5749,images/img10954.jpg,48.0,45.71562528882343,2.284374711176575,test
img10985,5766,images/img10985.jpg,59.0,55.250841572106125,3.7491584278938745,test
img10986,5766,images/img10986.jpg,59.0,50.19598109307989,8.804018906920106,test
img11007,5778,images/img11007.jpg,71.0,70.83750396988049,0.162496030119513,test
img11020,5785,images/img11020.jpg,51.0,41.749048970444,9.250951029556,test
img11021,5785,images/img11021.jpg,51.0,74.32650961405372,23.32650961405372,test
img11029,5790,images/img11029.jpg,81.0,66.93979970032606,14.060200299673935,test
img11030,5790,images/img11030.jpg,81.0,73.46927999845781,7.530720001542193,test
img11040,5796,images/img11040.jpg,49.0,55.75627025389999,6.756270253899992,test
img11041,5796,images/img11041.jpg,49.0,50.59981995837299,1.59981995837299,test
img11054,5805,images/img11054.jpg,73.0,71.51915512130563,1.48084487869437,test
img11055,5805,images/img11055.jpg,73.0,72.39283005161622,0.6071699483837847,test
img11059,5808,images/img11059.jpg,77.0,55.5102241778412,21.489775822158805,test
img11091,5826,images/img11091.jpg,58.0,62.42598287738392,4.425982877383923,test
img11092,5826,images/img11092.jpg,58.0,58.54046624757807,0.5404662475780668,test
img11103,5832,images/img11103.jpg,72.0,75.30425822612554,3.3042582261255404,test
img11158,5864,images/img11158.jpg,84.0,82.46592613011777,1.534073869882235,test
img11159,5864,images/img11159.jpg,84.0,72.64117949690888,11.358820503091124,test
img11173,5872,images/img11173.jpg,61.0,62.13217460803548,1.132174608035477,test
img11174,5872,images/img11174.jpg,61.0,49.97934659917014,11.020653400829858,test
img11195,5883,images/img11195.jpg,65.0,54.0409546208659,10.959045379134103,test
img11196,5883,images/img11196.jpg,65.0,59.48776058576404,5.512239414235964,test
img11201,5886,images/img11201.jpg,74.0,74.1691836060846,0.1691836060846014,test
img11202,5886,images/img11202.jpg,74.0,66.92652915258097,7.073470847419031,test
img11228,5902,images/img11228.jpg,59.0,71.84621501213667,12.846215012136668,test
img11229,5902,images/img11229.jpg,59.0,61.14439183467759,2.144391834677592,test
img11255,5916,images/img11255.jpg,79.0,67.51704235258711,11.482957647412888,test
img11256,5916,images/img11256.jpg,79.0,69.65153710460805,9.348462895391949,test
img11291,5935,images/img11291.jpg,77.0,77.86693099646614,0.866930996466138,test
img11337,5961,images/img11337.jpg,54.0,59.626803873091966,5.626803873091966,test
img11338,5961,images/img11338.jpg,54.0,61.28484119150588,7.284841191505883,test
img11345,5965,images/img11345.jpg,64.0,72.0761734937027,8.076173493702697,test
img11346,5965,images/img11346.jpg,64.0,70.36262819405349,6.362628194053485,test
img11349,5967,images/img11349.jpg,30.0,31.7429458189919,1.742945818991899,test
img11350,5967,images/img11350.jpg,30.0,26.455232378311237,3.5447676216887665,test
img11356,5971,images/img11356.jpg,68.0,67.74019433444268,0.2598056655573231,test
img11357,5971,images/img11357.jpg,68.0,65.51265088152466,2.487349118475336,test
img11371,5979,images/img11371.jpg,74.0,61.82283986326189,12.17716013673811,test
img11372,5979,images/img11372.jpg,74.0,57.84079603058386,16.15920396941614,test
img11382,5985,images/img11382.jpg,74.0,62.86990876504655,11.130091234953449,test
img11383,5985,images/img11383.jpg,74.0,67.62775676127306,6.372243238726938,test
img11394,5991,images/img11394.jpg,81.0,81.85987827510823,0.8598782751082297,test
img11395,5991,images/img11395.jpg,81.0,83.84419815176729,2.844198151767287,test
img11402,5996,images/img11402.jpg,61.0,46.32314437730666,14.676855622693338,test
img11432,6013,images/img11432.jpg,44.0,45.14362956335408,1.1436295633540825,test
img11433,6013,images/img11433.jpg,44.0,42.62209243731405,1.377907562685948,test
img11440,6017,images/img11440.jpg,35.0,37.49550796318132,2.4955079631813177,test
img11441,6017,images/img11441.jpg,35.0,32.26063677918582,2.7393632208141767,test
img11472,6034,images/img11472.jpg,56.0,61.963854156294325,5.963854156294325,test
img11473,6034,images/img11473.jpg,56.0,69.42947464257476,13.42947464257476,test
img11489,6043,images/img11489.jpg,46.0,68.09548249510328,22.095482495103283,test
img11496,6047,images/img11496.jpg,43.0,40.501387363604174,2.4986126363958263,test
img11497,6047,images/img11497.jpg,43.0,49.55317148691014,6.553171486910138,test
img11500,6050,images/img11500.jpg,79.0,85.25789974393348,6.257899743933479,test
img11525,6064,images/img11525.jpg,81.0,80.4310935406578,0.5689064593422017,test
img11526,6064,images/img11526.jpg,81.0,83.5060303936792,2.5060303936791968,test
img11527,6065,images/img11527.jpg,71.0,65.09208586933048,5.907914130669525,test
img11528,6065,images/img11528.jpg,71.0,65.74588283030445,5.254117169695547,test
img11544,6074,images/img11544.jpg,79.0,65.73913304233648,13.260866957663524,test
img11545,6074,images/img11545.jpg,79.0,71.55449526176683,7.445504738233168,test
img11568,6086,images/img11568.jpg,77.0,69.54039081419076,7.459609185809242,test
img11569,6086,images/img11569.jpg,77.0,65.57479113745381,11.425208862546183,test
img11603,6105,images/img11603.jpg,77.0,69.03903283583695,7.960967164163051,test
img11604,6105,images/img11604.jpg,77.0,80.68859102625994,3.6885910262599424,test
img11621,6114,images/img11621.jpg,62.0,70.80972394093877,8.809723940938767,test
img11622,6114,images/img11622.jpg,62.0,68.76781656160188,6.767816561601876,test
img11628,6118,images/img11628.jpg,31.0,35.5987684667098,4.598768466709799,test
img11629,6118,images/img11629.jpg,31.0,32.5180819154872,1.5180819154872012,test
img11674,6145,images/img11674.jpg,36.0,38.97533980954471,2.975339809544707,test
img11675,6145,images/img11675.jpg,36.0,36.252539253033405,0.2525392530334045,test
img11681,6149,images/img11681.jpg,19.0,34.087902209873505,15.087902209873503,test
img11687,6153,images/img11687.jpg,82.0,85.47991967215991,3.479919672159909,test
img11688,6153,images/img11688.jpg,82.0,74.36569851873192,7.634301481268082,test
img11689,6154,images/img11689.jpg,50.0,56.85654472197021,6.856544721970209,test
img11690,6154,images/img11690.jpg,50.0,44.71247963160532,5.287520368394681,test
img11717,6168,images/img11717.jpg,69.0,66.47189347046923,2.528106529530774,test
img11718,6168,images/img11718.jpg,69.0,65.97586748652088,3.024132513479117,test
img11721,6170,images/img11721.jpg,78.0,66.65990325765712,11.34009674234288,test
img11722,6170,images/img11722.jpg,78.0,65.381047465916,12.618952534084002,test
img11757,6189,images/img11757.jpg,75.0,61.25373589135486,13.746264108645144,test
img11758,6189,images/img11758.jpg,75.0,68.64385887043164,6.356141129568357,test
img11814,6218,images/img11814.jpg,22.0,20.325181607493175,1.674818392506822,test
img11815,6218,images/img11815.jpg,22.0,18.995670778289664,3.004329221710336,test
img11839,6231,images/img11839.jpg,44.0,52.168873553625104,8.168873553625104,test
img11840,6231,images/img11840.jpg,44.0,48.09802887952221,4.098028879522211,test
img11857,6240,images/img11857.jpg,76.0,64.40379508159106,11.596204918408944,test
img11879,6252,images/img11879.jpg,61.0,63.62203243610667,2.622032436106672,test
img11880,6252,images/img11880.jpg,61.0,59.32374913584248,1.6762508641575238,test
img11891,6258,images/img11891.jpg,58.0,68.25752321197295,10.257523211972952,test
img11892,6258,images/img11892.jpg,58.0,74.99023440179657,16.99023440179657,test
img11893,6259,images/img11893.jpg,61.0,63.86452530337573,2.8645253033757285,test
img11894,6259,images/img11894.jpg,61.0,60.15937130489313,0.8406286951068722,test
img11946,6287,images/img11946.jpg,25.0,31.95776335592077,6.957763355920772,test
img11947,6287,images/img11947.jpg,25.0,32.38535898826937,7.385358988269367,test
img11962,6295,images/img11962.jpg,31.0,36.64063733795134,5.64063733795134,test
img11963,6295,images/img11963.jpg,31.0,31.681919621619752,0.6819196216197518,test
img11980,6304,images/img11980.jpg,24.0,22.5755515367676,1.4244484632324017,test
img11981,6304,images/img11981.jpg,24.0,19.210507946206327,4.789492053793673,test
img12012,6320,images/img12012.jpg,18.0,16.59126303150073,1.4087369684992694,test
img12013,6321,images/img12013.jpg,12.0,14.072075080332738,2.0720750803327377,test
img12014,6321,images/img12014.jpg,12.0,16.71392616808734,4.71392616808734,test
img12019,6324,images/img12019.jpg,57.0,59.81303514731674,2.8130351473167394,test
img12148,6391,images/img12148.jpg,49.0,57.86185735395494,8.861857353954939,test
img12151,6394,images/img12151.jpg,73.0,69.77622877659948,3.2237712234005187,test
img12152,6394,images/img12152.jpg,73.0,71.47912535598381,1.5208746440161889,test
img12216,6430,images/img12216.jpg,64.0,62.20751779386289,1.7924822061371088,test
img12217,6430,images/img12217.jpg,64.0,72.22836272653379,8.228362726533788,test
img12234,6439,images/img12234.jpg,48.0,46.16644765155723,1.8335523484427725,test
img12235,6439,images/img12235.jpg,48.0,49.91588615931221,1.9158861593122083,test
img12278,6462,images/img12278.jpg,60.0,68.67741913466668,8.677419134666678,test
img12279,6462,images/img12279.jpg,60.0,65.83330289075838,5.833302890758375,test
img12305,6476,images/img12305.jpg,78.0,73.58831031169309,4.411689688306907,test
img12308,6478,images/img12308.jpg,80.0,56.67640518864359,23.323594811356408,test
img12309,6478,images/img12309.jpg,80.0,58.33519318785096,21.66480681214904,test
img12316,6483,images/img12316.jpg,83.0,75.94331449649115,7.056685503508845,test
img12317,6483,images/img12317.jpg,83.0,83.47770505952113,0.4777050595211278,test
img12318,6484,images/img12318.jpg,66.0,72.80101827131492,6.801018271314916,test
img12319,6484,images/img12319.jpg,66.0,69.78759729974995,3.7875972997499474,test
img12392,6523,images/img12392.jpg,79.0,69.87175098195792,9.128249018042084,test
img12393,6523,images/img12393.jpg,79.0,84.83493920592386,5.83493920592386,test
img12394,6524,images/img12394.jpg,64.0,65.03069704398945,1.0306970439894485,test
img12395,6524,images/img12395.jpg,64.0,72.78311262923086,8.783112629230857,test
img12397,6526,images/img12397.jpg,71.0,77.89813117972481,6.898131179724814,test
img12400,6528,images/img12400.jpg,65.0,72.95420541269192,7.95420541269192,test
img12401,6528,images/img12401.jpg,65.0,70.14087546538308,5.140875465383076,test
img12412,6534,images/img12412.jpg,67.0,54.1374594662242,12.8625405337758,test
img12413,6534,images/img12413.jpg,67.0,68.61265432473124,1.6126543247312384,test
img12449,6552,images/img12449.jpg,41.0,46.77634754261505,5.776347542615049,test
img12458,6557,images/img12458.jpg,38.0,32.22743641639357,5.772563583606427,test
img12459,6557,images/img12459.jpg,38.0,41.31386050826295,3.313860508262948,test
img12468,6562,images/img12468.jpg,33.0,27.86021344945757,5.1397865505424285,test
img12469,6562,images/img12469.jpg,33.0,31.95067656932909,1.0493234306709098,test
img12525,6591,images/img12525.jpg,66.0,56.39630507447635,9.603694925523648,test
img12526,6591,images/img12526.jpg,66.0,64.72253634134667,1.277463658653332,test
img12527,6592,images/img12527.jpg,65.0,55.21991349615041,9.780086503849589,test
img12528,6592,images/img12528.jpg,65.0,58.22813845879824,6.771861541201758,test
img12579,6619,images/img12579.jpg,57.0,63.157327147869815,6.157327147869815,test
img12588,6624,images/img12588.jpg,73.0,75.00954693133882,2.009546931338818,test
img12589,6624,images/img12589.jpg,73.0,76.89295044343929,3.8929504434392896,test
img12604,6632,images/img12604.jpg,87.0,87.36403426226249,0.3640342622624928,test
img12605,6632,images/img12605.jpg,87.0,82.93546882092886,4.064531179071139,test
img12634,6647,images/img12634.jpg,64.0,75.9312588887681,11.9312588887681,test
img12635,6647,images/img12635.jpg,64.0,63.90836893338069,0.0916310666193069,test
img12665,6663,images/img12665.jpg,29.0,29.45368472168741,0.4536847216874058,test
img12666,6663,images/img12666.jpg,29.0,25.4956304332291,3.504369566770901,test
img12676,6669,images/img12676.jpg,31.0,29.24827042790927,1.751729572090731,test
img12677,6669,images/img12677.jpg,31.0,28.24705078871531,2.7529492112846903,test
img12707,6685,images/img12707.jpg,18.0,23.743233227525387,5.743233227525387,test
img12708,6685,images/img12708.jpg,18.0,22.164609525726327,4.164609525726327,test
img12731,6697,images/img12731.jpg,60.0,47.1370603995679,12.8629396004321,test
img12732,6697,images/img12732.jpg,60.0,55.51453099843992,4.485469001560077,test
img12739,6701,images/img12739.jpg,78.0,65.62640754801262,12.373592451987378,test
img12740,6701,images/img12740.jpg,78.0,73.83317198482197,4.166828015178027,test
img12759,6711,images/img12759.jpg,56.0,53.22237869287834,2.777621307121656,test
img12760,6711,images/img12760.jpg,56.0,50.59545751664219,5.404542483357808,test
img12765,6714,images/img12765.jpg,64.0,55.994562362434905,8.005437637565095,test
img12766,6714,images/img12766.jpg,64.0,54.572034187384254,9.427965812615746,test
img12783,6723,images/img12783.jpg,69.0,67.17671518584228,1.8232848141577165,test
img12784,6723,images/img12784.jpg,69.0,66.31336124736156,2.6866387526384443,test
img12791,6727,images/img12791.jpg,74.0,71.82418031895439,2.17581968104561,test
img12792,6727,images/img12792.jpg,74.0,74.74468564409509,0.7446856440950853,test
img12807,6735,images/img12807.jpg,42.0,58.45600692179632,16.456006921796323,test
img12828,6746,images/img12828.jpg,41.0,44.10553093237838,3.105530932378379,test
img12829,6746,images/img12829.jpg,41.0,43.11312451609106,2.1131245160910623,test
img12849,6757,images/img12849.jpg,47.0,51.20753317551325,4.207533175513248,test
img12866,6766,images/img12866.jpg,44.0,57.37201274544969,13.372012745449688,test
img12867,6766,images/img12867.jpg,44.0,51.144574416454354,7.144574416454354,test
img12870,6768,images/img12870.jpg,40.0,42.19100903280169,2.191009032801688,test
img12871,6768,images/img12871.jpg,40.0,45.01744157384898,5.017441573848984,test
img12878,6772,images/img12878.jpg,42.0,39.85310780080921,2.146892199190788,test
img12879,6772,images/img12879.jpg,42.0,40.358685350927146,1.6413146490728536,test
img12889,6777,images/img12889.jpg,45.0,60.38008495447379,15.380084954473787,test
img12899,6783,images/img12899.jpg,55.0,58.37039618405026,3.370396184050257,test
img12912,6790,images/img12912.jpg,46.0,51.03338450161975,5.03338450161975,test
img12913,6790,images/img12913.jpg,46.0,42.90599578271273,3.094004217287271,test
img12931,6800,images/img12931.jpg,58.0,54.49633709847143,3.503662901528571,test
img12932,6800,images/img12932.jpg,58.0,61.060013759373085,3.060013759373085,test
img12946,6809,images/img12946.jpg,47.0,49.06380367965343,2.063803679653425,test
img12947,6809,images/img12947.jpg,47.0,35.11336393776551,11.886636062234489,test
img12977,6826,images/img12977.jpg,58.0,48.30365693294515,9.696343067054848,test
img12978,6826,images/img12978.jpg,58.0,52.18541756858394,5.814582431416056,test
img12997,6837,images/img12997.jpg,52.0,46.52366837390457,5.47633162609543,test
img12998,6837,images/img12998.jpg,52.0,46.40038795181306,5.599612048186941,test
img13020,6849,images/img13020.jpg,55.0,63.50754397001836,8.50754397001836,test
img13021,6849,images/img13021.jpg,55.0,62.09103242007231,7.09103242007231,test
img13035,6857,images/img13035.jpg,63.0,59.97050893299947,3.029491067000528,test
img13036,6857,images/img13036.jpg,63.0,60.677324011590905,2.3226759884090957,test
img13048,6864,images/img13048.jpg,73.0,69.3241794771289,3.6758205228711054,test
img13049,6864,images/img13049.jpg,73.0,70.13728953828036,2.862710461719644,test
img13064,6872,images/img13064.jpg,61.0,78.28245139010389,17.282451390103887,test
img13065,6872,images/img13065.jpg,61.0,75.90389547301166,14.90389547301166,test
img13122,6902,images/img13122.jpg,77.0,70.64558488959658,6.354415110403423,test
img13130,6907,images/img13130.jpg,62.0,65.87221368977623,3.872213689776231,test
img13136,6911,images/img13136.jpg,52.0,41.94143265077224,10.058567349227758,test
img13137,6911,images/img13137.jpg,52.0,49.85046371128585,2.1495362887141525,test
img13172,6931,images/img13172.jpg,76.0,85.00337308115002,9.003373081150016,test
img13173,6931,images/img13173.jpg,76.0,83.18354125117162,7.183541251171619,test
img13174,6932,images/img13174.jpg,61.0,66.7162878170277,5.716287817027705,test
img13175,6932,images/img13175.jpg,61.0,71.76263608162671,10.76263608162671,test
img13178,6934,images/img13178.jpg,94.0,80.74006783868337,13.259932161316629,test
img13179,6934,images/img13179.jpg,94.0,79.95649041743897,14.043509582561027,test
img13184,6937,images/img13184.jpg,54.0,48.939177989593176,5.060822010406824,test
img13185,6937,images/img13185.jpg,54.0,50.35450404599888,3.64549595400112,test
img13230,6963,images/img13230.jpg,66.0,61.77406013043853,4.225939869561472,test
img13231,6963,images/img13231.jpg,66.0,63.65713482349354,2.342865176506457,test
img13243,6970,images/img13243.jpg,66.0,53.41491887580367,12.585081124196329,test
img13244,6970,images/img13244.jpg,66.0,50.588037548563314,15.411962451436686,test
img13262,6981,images/img13262.jpg,90.0,81.40504791903426,8.59495208096574,test
img13263,6981,images/img13263.jpg,90.0,80.51431147911453,9.485688520885477,test
img13270,6985,images/img13270.jpg,84.0,79.15979077146834,4.840209228531663,test
img13271,6985,images/img13271.jpg,84.0,66.75333149098478,17.246668509015223,test
img13287,6994,images/img13287.jpg,43.0,44.54607320117356,1.5460732011735558,test
img13288,6994,images/img13288.jpg,43.0,50.61228127317702,7.612281273177018,test
img13303,7002,images/img13303.jpg,80.0,69.83330914542613,10.166690854573872,test
img13304,7002,images/img13304.jpg,80.0,69.87990220433193,10.120097795668071,test
img13321,7011,images/img13321.jpg,36.0,36.529242388355385,0.5292423883553852,test
img13322,7011,images/img13322.jpg,36.0,28.98561217373959,7.0143878262604105,test
img13333,7017,images/img13333.jpg,55.0,62.47147332914226,7.471473329142263,test
img13334,7017,images/img13334.jpg,55.0,58.21112766257421,3.2111276625742065,test
img13350,7026,images/img13350.jpg,59.0,56.109984118401,2.8900158815990054,test
img13351,7026,images/img13351.jpg,59.0,58.89093902236254,0.109060977637462,test
img13392,7048,images/img13392.jpg,40.0,51.02413503454002,11.024135034540024,test
img13393,7048,images/img13393.jpg,40.0,45.68219698845074,5.682196988450741,test
img13416,7061,images/img13416.jpg,66.0,71.02420993229609,5.024209932296088,test
img13417,7061,images/img13417.jpg,66.0,61.96995175922355,4.030048240776452,test
img13448,7078,images/img13448.jpg,71.0,60.25482998219387,10.745170017806132,test
img13449,7078,images/img13449.jpg,71.0,74.01250433010209,3.012504330102089,test
img13492,7101,images/img13492.jpg,43.0,56.73620076846874,13.73620076846874,test
img13501,7106,images/img13501.jpg,34.0,34.769850007336345,0.7698500073363448,test
img13502,7106,images/img13502.jpg,34.0,31.484458059116864,2.515541940883136,test
img13509,7110,images/img13509.jpg,42.0,48.821081784193495,6.821081784193495,test
img13510,7110,images/img13510.jpg,42.0,45.814621088410014,3.8146210884100142,test
img13511,7111,images/img13511.jpg,53.0,43.5185753036037,9.481424696396305,test
img13512,7111,images/img13512.jpg,53.0,48.08084740276546,4.919152597234543,test
img13515,7113,images/img13515.jpg,45.0,47.301712037813445,2.301712037813445,test
img13516,7113,images/img13516.jpg,45.0,56.21031864229372,11.21031864229372,test
img13519,7115,images/img13519.jpg,37.0,63.70116712910336,26.70116712910336,test
img13520,7115,images/img13520.jpg,37.0,55.10472349490127,18.104723494901272,test
img13533,7122,images/img13533.jpg,53.0,60.80225043747797,7.802250437477973,test
img13534,7122,images/img13534.jpg,53.0,62.35495087459697,9.354950874596971,test
img13548,7130,images/img13548.jpg,35.0,33.90910099187411,1.0908990081258878,test
img13549,7130,images/img13549.jpg,35.0,38.02248438059925,3.022484380599252,test
img13554,7133,images/img13554.jpg,38.0,53.65833167297272,15.658331672972722,test
img13555,7133,images/img13555.jpg,38.0,36.2132336530389,1.7867663469611017,test
img13562,7137,images/img13562.jpg,47.0,41.085204215553546,5.914795784446454,test
img13563,7137,images/img13563.jpg,47.0,44.43273805561783,2.5672619443821745,test
img13567,7140,images/img13567.jpg,33.0,45.43770394164811,12.43770394164811,test
img13568,7140,images/img13568.jpg,33.0,34.65279478959468,1.6527947895946795,test
img13571,7142,images/img13571.jpg,52.0,51.87822696392105,0.1217730360789488,test
img13572,7142,images/img13572.jpg,52.0,54.37269241249539,2.3726924124953896,test
img13605,7159,images/img13605.jpg,55.0,65.55786595414875,10.557865954148753,test
img13606,7159,images/img13606.jpg,55.0,62.77049144452772,7.770491444527721,test
img13609,7161,images/img13609.jpg,57.0,55.23590757079856,1.7640924292014404,test
img13610,7161,images/img13610.jpg,57.0,67.896106911291,10.896106911291,test
img13648,7180,images/img13648.jpg,62.0,58.68636259004933,3.3136374099506725,test
img13665,7189,images/img13665.jpg,56.0,47.412631481260746,8.587368518739254,test
img13666,7189,images/img13666.jpg,56.0,55.67282601377848,0.327173986221517,test
img13673,7193,images/img13673.jpg,36.0,39.20596247286426,3.205962472864257,test
img13674,7193,images/img13674.jpg,36.0,34.82063537274544,1.1793646272545573,test
img13684,7199,images/img13684.jpg,32.0,34.1106916054752,2.1106916054751963,test
img13692,7203,images/img13692.jpg,78.0,69.18826760500585,8.811732394994152,test
img13695,7205,images/img13695.jpg,40.0,74.9037097325079,34.903709732507906,test
img13696,7205,images/img13696.jpg,40.0,40.59339998459019,0.5933999845901923,test
img13704,7209,images/img13704.jpg,41.0,30.117273183126173,10.882726816873827,test
img13734,7225,images/img13734.jpg,42.0,40.173246677834335,1.8267533221656649,test
img13735,7225,images/img13735.jpg,42.0,40.25013144150837,1.7498685584916274,test
img13748,7232,images/img13748.jpg,75.0,66.51512853985274,8.48487146014726,test
img13749,7232,images/img13749.jpg,75.0,66.19022587645759,8.809774123542411,test
img13756,7236,images/img13756.jpg,42.0,40.89629740128476,1.103702598715245,test
img13757,7236,images/img13757.jpg,42.0,63.56528688468287,21.56528688468287,test
img13770,7243,images/img13770.jpg,65.0,63.03152359854225,1.9684764014577496,test
img13771,7243,images/img13771.jpg,65.0,68.57538816624589,3.575388166245886,test
img13831,7274,images/img13831.jpg,66.0,70.61246850380765,4.612468503807648,test
img13832,7274,images/img13832.jpg,66.0,82.47396392900676,16.473963929006757,test
img13839,7278,images/img13839.jpg,36.0,34.293475732774816,1.706524267225184,test
img13840,7278,images/img13840.jpg,36.0,28.382919036421047,7.617080963578953,test
img13868,7293,images/img13868.jpg,77.0,61.666463231674456,15.333536768325544,test
img13869,7293,images/img13869.jpg,77.0,67.70042958745601,9.299570412543986,test
img13893,7306,images/img13893.jpg,73.0,77.77877041152841,4.778770411528413,test
img13894,7306,images/img13894.jpg,73.0,77.77531317645676,4.775313176456763,test
img13895,7307,images/img13895.jpg,62.0,70.9552877153912,8.955287715391194,test
img13896,7307,images/img13896.jpg,62.0,73.61713841726063,11.617138417260634,test
img13909,7314,images/img13909.jpg,79.0,83.20734273325485,4.207342733254848,test
img13910,7314,images/img13910.jpg,79.0,67.74326549342116,11.256734506578836,test
img13912,7315,images/img13912.jpg,82.0,82.86075546262633,0.8607554626263294,test
img13931,7325,images/img13931.jpg,63.0,70.71941812527992,7.719418125279915,test
img13932,7325,images/img13932.jpg,63.0,75.13234312239821,12.132343122398211,test
img14017,7368,images/img14017.jpg,77.0,73.0660409689027,3.9339590310973023,test
img14018,7368,images/img14018.jpg,77.0,67.69689928148537,9.303100718514628,test
img14027,7373,images/img14027.jpg,81.0,78.50016340712114,2.4998365928788644,test
img14052,7386,images/img14052.jpg,70.0,74.81882316008915,4.818823160089153,test
img14053,7386,images/img14053.jpg,70.0,64.07580926250266,5.924190737497341,test
img14054,7387,images/img14054.jpg,69.0,70.6778942236653,1.6778942236653052,test
img14055,7387,images/img14055.jpg,69.0,66.61565501118163,2.38434498881837,test
img14060,7390,images/img14060.jpg,79.0,73.49417318158417,5.5058268184158266,test
img14061,7390,images/img14061.jpg,79.0,74.89737546711478,4.102624532885216,test
img14078,7399,images/img14078.jpg,73.0,65.8180016263876,7.181998373612402,test
img14079,7399,images/img14079.jpg,73.0,68.38811290518441,4.611887094815586,test
img14088,7404,images/img14088.jpg,80.0,66.77671854110359,13.223281458896407,test
img14101,7411,images/img14101.jpg,62.0,63.54207051509677,1.5420705150967675,test
img14102,7411,images/img14102.jpg,62.0,60.7382117014381,1.261788298561903,test
img14125,7422,images/img14125.jpg,76.0,78.87241492245195,2.872414922451952,test
img14126,7422,images/img14126.jpg,76.0,74.13236132604537,1.8676386739546305,test
img14136,7428,images/img14136.jpg,69.0,66.60925530916255,2.390744690837451,test
img14149,7435,images/img14149.jpg,56.0,50.13708867501932,5.862911324980679,test
img14150,7435,images/img14150.jpg,56.0,61.134062663269496,5.134062663269496,test
img14211,7467,images/img14211.jpg,77.0,80.35691894390902,3.3569189439090223,test
img14212,7467,images/img14212.jpg,77.0,70.60794247051194,6.392057529488056,test
img14234,7478,images/img14234.jpg,66.0,58.610392575875714,7.389607424124286,test
img14235,7479,images/img14235.jpg,69.0,67.19438961851462,1.80561038148538,test
img14236,7479,images/img14236.jpg,69.0,73.38711122723734,4.387111227237341,test
img14241,7482,images/img14241.jpg,67.0,71.19577495007452,4.195774950074522,test
img14242,7482,images/img14242.jpg,67.0,69.86286032571056,2.8628603257105567,test
img14273,7498,images/img14273.jpg,56.0,49.9561585854553,6.043841414544701,test
img14274,7498,images/img14274.jpg,56.0,45.66121909677776,10.338780903222236,test
img14285,7504,images/img14285.jpg,64.0,46.207749068643565,17.792250931356435,test
img14286,7504,images/img14286.jpg,64.0,51.0527570147358,12.947242985264204,test
img14297,7510,images/img14297.jpg,67.0,67.54768087147295,0.5476808714729486,test
img14298,7510,images/img14298.jpg,67.0,61.7323688201225,5.2676311798774975,test
img14319,7520,images/img14319.jpg,64.0,62.27011392495291,1.7298860750470908,test
img14327,7524,images/img14327.jpg,51.0,36.14952237278145,14.850477627218552,test
img14328,7524,images/img14328.jpg,51.0,51.702188262147686,0.7021882621476863,test
img14331,7526,images/img14331.jpg,61.0,57.20949311427376,3.790506885726238,test
img14332,7526,images/img14332.jpg,61.0,68.52545129575343,7.525451295753427,test
img14352,7537,images/img14352.jpg,59.0,62.67805457608339,3.6780545760833903,test
img14353,7537,images/img14353.jpg,59.0,64.03931143906715,5.0393114390671485,test
img14418,7571,images/img14418.jpg,73.0,72.02157644483133,0.9784235551686749,test
img14419,7571,images/img14419.jpg,73.0,66.77722131251306,6.222778687486937,test
img14422,7573,images/img14422.jpg,83.0,72.1945439876262,10.805456012373796,test
img14423,7573,images/img14423.jpg,83.0,71.38717162796117,11.612828372038834,test
img14454,7589,images/img14454.jpg,75.0,73.9128181741116,1.0871818258883934,test
img14455,7589,images/img14455.jpg,75.0,66.53193920906237,8.468060790937628,test
img14470,7597,images/img14470.jpg,83.0,75.57866235465539,7.421337645344607,test
img14471,7597,images/img14471.jpg,83.0,85.53408156746865,2.5340815674686468,test
img14476,7600,images/img14476.jpg,69.0,55.618246414674026,13.381753585325974,test
img14477,7600,images/img14477.jpg,69.0,52.69116525392938,16.308834746070623,test
img14484,7604,images/img14484.jpg,42.0,37.51089647638671,4.489103523613288,test
img14485,7604,images/img14485.jpg,42.0,49.80478512922787,7.804785129227866,test
img14502,7613,images/img14502.jpg,56.0,56.39309622593074,0.3930962259307407,test
img14503,7613,images/img14503.jpg,56.0,59.08414911274616,3.0841491127461538,test
img14512,7618,images/img14512.jpg,77.0,72.72942296823948,4.270577031760524,test
img14513,7618,images/img14513.jpg,77.0,66.34525287763456,10.654747122365436,test
img14518,7621,images/img14518.jpg,56.0,56.733607160533474,0.7336071605334737,test
img14519,7621,images/img14519.jpg,56.0,65.19745519628576,9.19745519628576,test
img14532,7628,images/img14532.jpg,65.0,76.42031696266191,11.420316962661914,test
img14533,7628,images/img14533.jpg,65.0,66.89824198978803,1.8982419897880332,test
img14548,7636,images/img14548.jpg,73.0,68.49868662512455,4.501313374875451,test
img14579,7652,images/img14579.jpg,74.0,75.01381339935153,1.013813399351534,test
img14580,7652,images/img14580.jpg,74.0,73.88134097580303,0.1186590241969725,test
img14591,7658,images/img14591.jpg,63.0,60.107716450316566,2.892283549683434,test
img14592,7658,images/img14592.jpg,63.0,64.6136056260234,1.6136056260234,test
img14595,7660,images/img14595.jpg,56.0,55.83429088833968,0.1657091116603197,test
img14596,7660,images/img14596.jpg,56.0,52.06029401486117,3.939705985138829,test
img14615,7670,images/img14615.jpg,65.0,63.86827482204336,1.1317251779566462,test
img14616,7670,images/img14616.jpg,65.0,62.740246636008095,2.259753363991905,test
img14631,7678,images/img14631.jpg,59.0,60.67619877427696,1.676198774276962,test
img14632,7678,images/img14632.jpg,59.0,65.9263734038641,6.926373403864105,test
img14653,7689,images/img14653.jpg,58.0,47.37429107149919,10.625708928500812,test
img14654,7689,images/img14654.jpg,58.0,56.25425701908002,1.745742980919978,test
img14687,7706,images/img14687.jpg,72.0,65.65914767320228,6.340852326797716,test
img14688,7706,images/img14688.jpg,72.0,58.77342765680739,13.226572343192608,test
img14693,7709,images/img14693.jpg,61.0,59.53049070251721,1.4695092974827872,test
img14694,7709,images/img14694.jpg,61.0,66.69944661072594,5.699446610725943,test
img14784,7756,images/img14784.jpg,81.0,76.72642731769122,4.273572682308782,test
img14785,7756,images/img14785.jpg,81.0,72.00225737162648,8.997742628373516,test
img14819,7774,images/img14819.jpg,67.0,57.943194671046776,9.056805328953224,test
img14820,7774,images/img14820.jpg,67.0,70.4259773916473,3.4259773916472938,test
img14860,7796,images/img14860.jpg,50.0,47.56862912572282,2.431370874277178,test
img14861,7796,images/img14861.jpg,50.0,48.394649287871374,1.605350712128626,test
img14876,7804,images/img14876.jpg,60.0,54.89009327031422,5.109906729685783,test
img14877,7804,images/img14877.jpg,60.0,55.509917988962215,4.490082011037785,test
img14884,7808,images/img14884.jpg,70.0,64.14850662742035,5.851493372579654,test
img14885,7808,images/img14885.jpg,70.0,64.87614391304548,5.123856086954518,test
img14890,7811,images/img14890.jpg,54.0,45.78183079514047,8.218169204859535,test
img14891,7811,images/img14891.jpg,54.0,53.507411638032686,0.4925883619673143,test
img14945,7838,images/img14945.jpg,52.0,58.56508868666452,6.565088686664517,test
img14946,7838,images/img14946.jpg,52.0,48.41725164378386,3.582748356216136,test
img14988,7860,images/img14988.jpg,42.0,59.39461045809672,17.394610458096714,test
img15003,7868,images/img15003.jpg,61.0,50.56723960761173,10.432760392388268,test
img15004,7868,images/img15004.jpg,61.0,58.378339645136826,2.621660354863174,test
img15047,7890,images/img15047.jpg,52.0,68.21808891994739,16.21808891994739,test
img15048,7890,images/img15048.jpg,52.0,45.556867309356186,6.443132690643814,test
img15097,7916,images/img15097.jpg,70.0,73.23367869851297,3.233678698512975,test
img15114,7925,images/img15114.jpg,77.0,74.39129514558738,2.608704854412622,test
img15115,7925,images/img15115.jpg,77.0,70.0995391487629,6.900460851237099,test
img15132,7934,images/img15132.jpg,64.0,62.5482479411626,1.4517520588373998,test
img15133,7934,images/img15133.jpg,64.0,64.59119140041055,0.5911914004105512,test
img15138,7937,images/img15138.jpg,52.0,54.45634277798868,2.456342777988681,test
img15139,7937,images/img15139.jpg,52.0,51.80064530018053,0.199354699819473,test
img15147,7941,images/img15147.jpg,68.0,72.31525711275914,4.3152571127591415,test
img15168,7954,images/img15168.jpg,54.0,45.30071672763842,8.699283272361576,test
img15169,7954,images/img15169.jpg,54.0,44.35471033221032,9.645289667789676,test
img15182,7961,images/img15182.jpg,83.0,75.038275791357,7.961724208643005,test
img15183,7961,images/img15183.jpg,83.0,73.16488190180783,9.835118098192169,test
img15209,7975,images/img15209.jpg,85.0,77.6429697816695,7.357030218330493,test
img15242,7993,images/img15242.jpg,63.0,54.03928625955648,8.960713740443524,test
img15243,7993,images/img15243.jpg,63.0,51.45241120779863,11.547588792201374,test
img15275,8010,images/img15275.jpg,61.0,49.45232383080882,11.547676169191178,test
img15276,8010,images/img15276.jpg,61.0,62.65167270971638,1.6516727097163797,test
img15295,8020,images/img15295.jpg,47.0,49.82678710409715,2.82678710409715,test
img15296,8020,images/img15296.jpg,47.0,53.3063982300031,6.306398230003097,test
img15307,8026,images/img15307.jpg,56.0,64.56422714807249,8.56422714807249,test
img15308,8027,images/img15308.jpg,64.0,60.11923193322284,3.880768066777165,test
img15313,8030,images/img15313.jpg,48.0,47.31211209889968,0.6878879011003249,test
img15314,8030,images/img15314.jpg,48.0,59.25959506774935,11.259595067749345,test
img15319,8033,images/img15319.jpg,68.0,68.76718291694047,0.7671829169404702,test
img15320,8033,images/img15320.jpg,68.0,70.57702039291361,2.57702039291361,test
img15335,8042,images/img15335.jpg,67.0,68.72386496116407,1.7238649611640682,test
img15336,8042,images/img15336.jpg,67.0,56.59481294136311,10.40518705863689,test
img15339,8044,images/img15339.jpg,74.0,72.94741854396923,1.0525814560307651,test
img15342,8046,images/img15342.jpg,60.0,70.86874777755646,10.868747777556464,test
img15343,8046,images/img15343.jpg,60.0,66.82855525496981,6.828555254969814,test
img15358,8054,images/img15358.jpg,83.0,78.51223210216939,4.487767897830608,test
img15394,8073,images/img15394.jpg,69.0,71.16118078714929,2.1611807871492914,test
img15400,8076,images/img15400.jpg,66.0,68.87002202769189,2.8700220276918884,test
img15401,8076,images/img15401.jpg,66.0,61.85975320927227,4.14024679072773,test
img15402,8077,images/img15402.jpg,78.0,74.77541577425725,3.224584225742745,test
img15403,8077,images/img15403.jpg,78.0,79.93961649282424,1.9396164928242428,test
img15408,8080,images/img15408.jpg,55.0,43.22842821347781,11.771571786522188,test
img15409,8080,images/img15409.jpg,55.0,51.27202751406138,3.727972485938622,test
img15420,8086,images/img15420.jpg,65.0,63.28873534421103,1.7112646557889732,test
img15426,8090,images/img15426.jpg,63.0,66.02738356091989,3.027383560919887,test
img15427,8090,images/img15427.jpg,63.0,70.43609171280015,7.436091712800149,test
img15432,8093,images/img15432.jpg,58.0,57.44807164437356,0.551928355626444,test
img15433,8093,images/img15433.jpg,58.0,69.11133703569364,11.111337035693635,test
img15440,8097,images/img15440.jpg,59.0,55.571481039319856,3.428518960680144,test
img15441,8097,images/img15441.jpg,59.0,55.30126758137765,3.698732418622349,test
img15442,8098,images/img15442.jpg,74.0,78.86835567042144,4.868355670421437,test
img15443,8098,images/img15443.jpg,74.0,80.96387854924029,6.963878549240292,test
img15448,8101,images/img15448.jpg,72.0,80.89807984061464,8.898079840614642,test
img15449,8101,images/img15449.jpg,72.0,79.1200969141598,7.120096914159802,test
img15464,8109,images/img15464.jpg,68.0,69.55718294302304,1.5571829430230366,test
img15465,8109,images/img15465.jpg,68.0,70.862548747857,2.862548747857005,test
img15466,8110,images/img15466.jpg,70.0,64.43386102999972,5.5661389700002815,test
img15467,8110,images/img15467.jpg,70.0,71.17432155225289,1.1743215522528914,test
img15519,8137,images/img15519.jpg,74.0,61.79226678100202,12.20773321899798,test
img15520,8137,images/img15520.jpg,74.0,72.15320548978515,1.846794510214849,test
img15531,8143,images/img15531.jpg,63.0,55.82329644456764,7.176703555432361,test
img15532,8143,images/img15532.jpg,63.0,54.48671764180241,8.513282358197593,test
img15535,8145,images/img15535.jpg,81.0,80.68020205081162,0.3197979491883842,test
img15538,8147,images/img15538.jpg,58.0,61.85600641713073,3.856006417130729,test
img15539,8147,images/img15539.jpg,58.0,54.7446969045632,3.255303095436801,test
img15544,8150,images/img15544.jpg,63.0,66.10171956801271,3.101719568012712,test
img15545,8150,images/img15545.jpg,63.0,69.39016795196983,6.390167951969829,test
img15558,8157,images/img15558.jpg,46.0,47.196411419315424,1.1964114193154245,test
img15559,8158,images/img15559.jpg,60.0,64.71034767915081,4.710347679150814,test
img15560,8158,images/img15560.jpg,60.0,64.1815842965389,4.181584296538901,test
img15569,8163,images/img15569.jpg,54.0,53.36798336522201,0.6320166347779903,test
img15570,8163,images/img15570.jpg,54.0,46.238648243422816,7.761351756577184,test
img15579,8168,images/img15579.jpg,73.0,62.38388913181823,10.61611086818177,test
img15580,8168,images/img15580.jpg,73.0,62.44651634530558,10.553483654694418,test
img15583,8170,images/img15583.jpg,77.0,60.341655114656746,16.658344885343254,test
img15584,8170,images/img15584.jpg,77.0,76.2815476912052,0.7184523087947952,test
img15596,8177,images/img15596.jpg,63.0,62.05469709759127,0.9453029024087344,test
img15597,8177,images/img15597.jpg,63.0,59.97469933093451,3.025300669065487,test
img15638,8199,images/img15638.jpg,70.0,67.22934586410352,2.7706541358964785,test
img15639,8199,images/img15639.jpg,70.0,61.78096860222447,8.219031397775531,test
img15667,8214,images/img15667.jpg,59.0,64.20767387930995,5.207673879309951,test
img15668,8214,images/img15668.jpg,59.0,57.34554703840566,1.6544529615943375,test
img15681,8221,images/img15681.jpg,60.0,61.31983233662862,1.3198323366286218,test
img15682,8221,images/img15682.jpg,60.0,64.73787359586173,4.737873595861728,test
img15693,8227,images/img15693.jpg,58.0,51.69799213850788,6.302007861492122,test
img15694,8227,images/img15694.jpg,58.0,52.32510786055108,5.674892139448922,test
img15699,8230,images/img15699.jpg,73.0,73.72613838634639,0.7261383863463919,test
img15700,8230,images/img15700.jpg,73.0,71.54924942558554,1.4507505744144569,test
img15705,8233,images/img15705.jpg,61.0,63.28992574549832,2.289925745498316,test
img15706,8233,images/img15706.jpg,61.0,60.43135836805152,0.5686416319484806,test
img15709,8235,images/img15709.jpg,58.0,56.12212043129608,1.877879568703925,test
img15710,8235,images/img15710.jpg,58.0,66.65911147448298,8.659111474482984,test
img15724,8243,images/img15724.jpg,66.0,66.07778721267755,0.0777872126775491,test
img15758,8263,images/img15758.jpg,62.0,55.80784494860976,6.192155051390245,test
img15759,8263,images/img15759.jpg,62.0,59.67238948061056,2.327610519389438,test
img15800,8285,images/img15800.jpg,63.0,64.81188514635082,1.8118851463508177,test
img15801,8285,images/img15801.jpg,63.0,64.23746662980523,1.237466629805226,test
img15810,8290,images/img15810.jpg,70.0,70.90042128574294,0.9004212857429366,test
img15811,8290,images/img15811.jpg,70.0,63.86024956517433,6.139750434825672,test
img15837,8304,images/img15837.jpg,59.0,65.45338656530654,6.453386565306545,test
img15838,8304,images/img15838.jpg,59.0,51.66461346090989,7.335386539090116,test
img15841,8306,images/img15841.jpg,71.0,51.63369029270111,19.36630970729889,test
img15842,8306,images/img15842.jpg,71.0,70.57003067065044,0.4299693293495608,test
img15845,8308,images/img15845.jpg,70.0,74.24806745868179,4.248067458681788,test
img15846,8308,images/img15846.jpg,70.0,65.89361364768666,4.106386352313336,test
img15864,8318,images/img15864.jpg,63.0,64.6226075245349,1.6226075245348994,test
img15865,8318,images/img15865.jpg,63.0,66.83049981337132,3.8304998133713184,test
img15868,8320,images/img15868.jpg,62.0,70.11347169704064,8.113471697040637,test
img15869,8320,images/img15869.jpg,62.0,68.68809839202368,6.688098392023676,test
img15874,8323,images/img15874.jpg,63.0,58.12072723646033,4.879272763539667,test
img15875,8323,images/img15875.jpg,63.0,60.57443773193826,2.4255622680617392,test
img15881,8327,images/img15881.jpg,38.0,36.309933717664656,1.6900662823353445,test
img15882,8327,images/img15882.jpg,38.0,42.295465518824805,4.295465518824805,test
img15898,8336,images/img15898.jpg,63.0,63.02592985763293,0.0259298576329314,test
img15899,8336,images/img15899.jpg,63.0,64.22164078181632,1.221640781816319,test
img15919,8347,images/img15919.jpg,70.0,66.58389861660228,3.4161013833977165,test
img15920,8347,images/img15920.jpg,70.0,55.56808787761112,14.43191212238888,test
img15941,8358,images/img15941.jpg,69.0,72.2153724656699,3.215372465669901,test
img15942,8358,images/img15942.jpg,69.0,73.94141943270915,4.941419432709154,test
img15954,8365,images/img15954.jpg,54.0,49.949453512515056,4.050546487484944,test
img15955,8365,images/img15955.jpg,54.0,54.48303628628683,0.4830362862868327,test
img16037,8409,images/img16037.jpg,63.0,64.48879998524176,1.488799985241755,test
img16038,8409,images/img16038.jpg,63.0,70.16709374018518,7.16709374018518,test
img16059,8420,images/img16059.jpg,57.0,55.364777098705055,1.635222901294945,test
img16060,8420,images/img16060.jpg,57.0,60.456274453996976,3.456274453996976,test
img16071,8426,images/img16071.jpg,87.0,86.90961179449036,0.0903882055096403,test
img16072,8426,images/img16072.jpg,87.0,75.03446956094687,11.965530439053126,test
img16079,8430,images/img16079.jpg,52.0,53.68058094375762,1.680580943757619,test
img16080,8430,images/img16080.jpg,52.0,48.1432041448655,3.8567958551345,test
img16082,8432,images/img16082.jpg,50.0,54.15042218917466,4.150422189174662,test
img16083,8432,images/img16083.jpg,50.0,58.36211177087716,8.362111770877164,test
img16087,8434,images/img16087.jpg,67.0,56.30478868123721,10.695211318762787,test
img16088,8435,images/img16088.jpg,69.0,60.732013489696456,8.267986510303544,test
img16089,8435,images/img16089.jpg,69.0,67.86720573482447,1.1327942651755336,test
img16110,8446,images/img16110.jpg,61.0,70.58188233422258,9.581882334222584,test
img16111,8446,images/img16111.jpg,61.0,57.05216097162097,3.947839028379029,test
img16118,8450,images/img16118.jpg,59.0,55.571222019342095,3.4287779806579053,test
img16119,8450,images/img16119.jpg,59.0,61.72485996729336,2.724859967293362,test
img16124,8453,images/img16124.jpg,54.0,49.8061838371078,4.1938161628921975,test
img16125,8453,images/img16125.jpg,54.0,54.782604887288194,0.7826048872881941,test
img16130,8456,images/img16130.jpg,63.0,61.08508716587346,1.91491283412654,test
img16131,8456,images/img16131.jpg,63.0,62.38331601603585,0.6166839839641511,test
img16150,8466,images/img16150.jpg,72.0,73.3999073594442,1.3999073594441995,test
img16151,8466,images/img16151.jpg,72.0,72.39383123199343,0.3938312319934312,test
img16154,8468,images/img16154.jpg,66.0,78.45694033445238,12.456940334452383,test
img16155,8468,images/img16155.jpg,66.0,74.06642520050521,8.066425200505208,test
img16161,8472,images/img16161.jpg,68.0,80.1616037027377,12.161603702737692,test
img16162,8472,images/img16162.jpg,68.0,79.36748444105082,11.36748444105082,test
img16239,8511,images/img16239.jpg,34.0,44.08782269078263,10.08782269078263,test
img16240,8511,images/img16240.jpg,34.0,36.017152803343805,2.017152803343805,test
img16243,8513,images/img16243.jpg,29.0,30.12914338707568,1.1291433870756755,test
img16244,8513,images/img16244.jpg,29.0,25.266826908111284,3.733173091888716,test
img16247,8515,images/img16247.jpg,20.0,30.64733166562691,10.647331665626911,test
img16248,8515,images/img16248.jpg,20.0,26.82832802611696,6.82832802611696,test
img16261,8522,images/img16261.jpg,33.0,29.32236213826516,3.6776378617348406,test
img16262,8522,images/img16262.jpg,33.0,28.77619752089431,4.223802479105689,test
img16263,8523,images/img16263.jpg,19.0,20.239036470635085,1.2390364706350852,test
img16264,8523,images/img16264.jpg,19.0,20.01486803985625,1.0148680398562462,test
img16265,8524,images/img16265.jpg,20.0,22.394708696038187,2.3947086960381867,test
img16266,8524,images/img16266.jpg,20.0,19.81522961892969,0.184770381070308,test
