image_id,patient_id,image_path,age_true,age_pred,absolute_error,split
img00001,1,images/img00001.jpg,48.0,39.23736005661125,8.762639943388749,validation
img00002,1,images/img00002.jpg,48.0,40.64346009406154,7.356539905938462,validation
img00015,8,images/img00015.jpg,28.0,27.99398336269079,0.0060166373092087,validation
img00016,8,images/img00016.jpg,28.0,27.82884094975053,0.1711590502494715,validation
img00029,15,images/img00029.jpg,26.0,24.174888111904497,1.8251118880955064,validation
img00030,15,images/img00030.jpg,26.0,23.6164083215276,2.383591678472399,validation
img00047,24,images/img00047.jpg,13.0,15.761003121295056,2.7610031212950545,validation
img00048,24,images/img00048.jpg,13.0,15.116823163116614,2.1168231631166137,validation
img00070,36,images/img00070.jpg,39.0,30.45458372141415,8.54541627858585,validation
img00071,36,images/img00071.jpg,39.0,31.253593280281248,7.746406719718752,validation
img00074,38,images/img00074.jpg,37.0,29.57421680548852,7.425783194511482,validation
img00075,38,images/img00075.jpg,37.0,34.68881765218675,2.3111823478132507,validation
img00094,48,images/img00094.jpg,20.0,14.982843852680311,5.017156147319689,validation
img00095,48,images/img00095.jpg,20.0,17.198802841582193,2.801197158417807,validation
img00096,49,images/img00096.jpg,20.0,17.16228047941194,2.8377195205880597,validation
img00097,49,images/img00097.jpg,20.0,13.72561868295614,6.274381317043861,validation
img00118,60,images/img00118.jpg,20.0,25.038101906944625,5.038101906944625,validation
img00119,60,images/img00119.jpg,20.0,23.62256372680976,3.6225637268097586,validation
img00130,66,images/img00130.jpg,27.0,22.126379267618468,4.873620732381532,validation
img00131,66,images/img00131.jpg,27.0,21.735506669759744,5.264493330240256,validation
img00132,67,images/img00132.jpg,18.0,15.1175865904195,2.8824134095805007,validation
img00133,67,images/img00133.jpg,18.0,15.925646034657142,2.0743539653428584,validation
img00160,81,images/img00160.jpg,28.0,31.407175222634898,3.407175222634894,validation
img00161,81,images/img00161.jpg,28.0,27.760946087873236,0.2390539121267636,validation
img00177,90,images/img00177.jpg,25.0,20.503710172884396,4.4962898271156035,validation
img00178,90,images/img00178.jpg,25.0,18.73935551439657,6.260644485603429,validation
img00191,97,images/img00191.jpg,19.0,21.978896018804484,2.978896018804484,validation
img00192,97,images/img00192.jpg,19.0,23.57928612361936,4.579286123619362,validation
img00197,100,images/img00197.jpg,15.0,22.542222481944293,7.542222481944293,validation
img00198,100,images/img00198.jpg,15.0,21.355895715229067,6.355895715229067,validation
img00209,106,images/img00209.jpg,24.0,22.646329972628948,1.3536700273710522,validation
img00210,106,images/img00210.jpg,24.0,23.11936261682468,0.8806373831753191,validation
img00223,113,images/img00223.jpg,16.0,14.129083468870824,1.8709165311291756,validation
img00224,113,images/img00224.jpg,16.0,13.71410619922856,2.28589380077144,validation
img00227,115,images/img00227.jpg,18.0,17.88395921493803,0.1160407850619691,validation
img00228,115,images/img00228.jpg,18.0,15.582622878922685,2.4173771210773154,validation
img00253,128,images/img00253.jpg,18.0,17.813959474925625,0.1860405250743753,validation
img00254,128,images/img00254.jpg,18.0,17.339421788332764,0.6605782116672358,validation
img00255,129,images/img00255.jpg,47.0,45.91753763250216,1.0824623674978398,validation
img00256,129,images/img00256.jpg,47.0,43.41283080665956,3.5871691933404435,validation
img00269,136,images/img00269.jpg,17.0,17.89225657911001,0.8922565791100112,validation
img00270,136,images/img00270.jpg,17.0,17.422282006567563,0.4222820065675634,validation
img00271,137,images/img00271.jpg,17.0,17.660829045291116,0.6608290452911163,validation
img00272,137,images/img00272.jpg,17.0,18.51200250115424,1.5120025011542424,validation
img00275,139,images/img00275.jpg,15.0,16.463748859709476,1.463748859709476,validation
img00276,139,images/img00276.jpg,15.0,16.117833405107497,1.117833405107497,validation
img00277,140,images/img00277.jpg,18.0,19.148146841664555,1.1481468416645555,validation
img00278,140,images/img00278.jpg,18.0,20.481627492843096,2.4816274928430957,validation
img00281,142,images/img00281.jpg,16.0,18.41611603191128,2.4161160319112795,validation
img00282,142,images/img00282.jpg,16.0,20.71202112797178,4.712021127971781,validation
img00283,143,images/img00283.jpg,14.0,13.832476693152069,0.1675233068479329,validation
img00284,143,images/img00284.jpg,14.0,12.82987415992944,1.1701258400705612,validation
img00285,144,images/img00285.jpg,24.0,22.253577162384246,1.7464228376157536,validation
img00286,144,images/img00286.jpg,24.0,20.663576212551263,3.3364237874487372,validation
img00295,149,images/img00295.jpg,17.0,18.064442154224643,1.0644421542246434,validation
img00296,149,images/img00296.jpg,17.0,20.01656502968953,3.0165650296895308,validation
img00319,161,images/img00319.jpg,17.0,19.228712415548955,2.228712415548955,validation
img00320,161,images/img00320.jpg,17.0,18.6697571190234,1.6697571190234015,validation
img00329,166,images/img00329.jpg,66.0,58.45681213311141,7.543187866888587,validation
img00330,166,images/img00330.jpg,66.0,60.474997508600346,5.525002491399654,validation
img00334,169,images/img00334.jpg,68.0,60.44572716050234,7.554272839497664,validation
img00335,169,images/img00335.jpg,68.0,70.558929347056,2.5589293470559937,validation
img00342,173,images/img00342.jpg,41.0,52.97747775777388,11.977477757773883,validation
img00343,173,images/img00343.jpg,41.0,56.98168954259643,15.981689542596428,validation
img00357,181,images/img00357.jpg,28.0,36.207693352040785,8.207693352040785,validation
img00358,181,images/img00358.jpg,28.0,38.23186413391067,10.231864133910676,validation
img00366,186,images/img00366.jpg,68.0,71.50962754856556,3.509627548565561,validation
img00367,186,images/img00367.jpg,68.0,64.95623616200209,3.043763837997915,validation
img00370,188,images/img00370.jpg,83.0,84.47420453676236,1.4742045367623575,validation
img00371,188,images/img00371.jpg,83.0,83.51927694799477,0.5192769479947685,validation
img00375,191,images/img00375.jpg,61.0,68.66003698559031,7.66003698559031,validation
img00376,191,images/img00376.jpg,61.0,67.639060938408,6.639060938407994,validation
img00388,198,images/img00388.jpg,64.0,59.21201596068608,4.787984039313919,validation
img00389,198,images/img00389.jpg,64.0,57.296915219622235,6.703084780377765,validation
img00405,208,images/img00405.jpg,53.0,58.437903674734486,5.4379036747344855,validation
img00406,208,images/img00406.jpg,53.0,53.04287403114986,0.0428740311498572,validation
img00418,215,images/img00418.jpg,66.0,59.96900770773886,6.030992292261139,validation
img00419,215,images/img00419.jpg,66.0,65.45264276899144,0.5473572310085615,validation
img00439,226,images/img00439.jpg,65.0,68.47837618703637,3.4783761870363747,validation
img00440,226,images/img00440.jpg,65.0,61.71271820134612,3.287281798653879,validation
img00453,233,images/img00453.jpg,78.0,63.809339870175904,14.190660129824096,validation
img00454,233,images/img00454.jpg,78.0,72.42202678351002,5.57797321648998,validation
img00457,235,images/img00457.jpg,54.0,57.36087672681085,3.3608767268108437,validation
img00458,235,images/img00458.jpg,54.0,57.72109955886365,3.7210995588636497,validation
img00467,240,images/img00467.jpg,65.0,71.98350541584664,6.983505415846636,validation
img00472,243,images/img00472.jpg,77.0,74.11702843397204,2.882971566027962,validation
img00473,243,images/img00473.jpg,77.0,73.38837415411841,3.61162584588159,validation
img00474,244,images/img00474.jpg,42.0,41.65975306004584,0.3402469399541559,validation
img00475,244,images/img00475.jpg,42.0,45.79168991345207,3.791689913452067,validation
img00498,257,images/img00498.jpg,59.0,57.858721371818866,1.1412786281811336,validation
img00499,257,images/img00499.jpg,59.0,58.281274021526656,0.7187259784733442,validation
img00516,268,images/img00516.jpg,84.0,73.70995808996685,10.290041910033151,validation
img00517,268,images/img00517.jpg,84.0,72.77679908543595,11.223200914564046,validation
img00542,281,images/img00542.jpg,85.0,81.0960605336835,3.903939466316501,validation
img00543,281,images/img00543.jpg,85.0,81.28434570000564,3.7156542999943554,validation
img00550,285,images/img00550.jpg,63.0,48.10087973519329,14.899120264806712,validation
img00551,285,images/img00551.jpg,63.0,53.52686894610987,9.473131053890128,validation
img00560,290,images/img00560.jpg,62.0,61.276512744936575,0.723487255063425,validation
img00561,290,images/img00561.jpg,62.0,65.24222148271679,3.2422214827167863,validation
img00568,294,images/img00568.jpg,65.0,62.36392877967896,2.6360712203210426,validation
img00569,294,images/img00569.jpg,65.0,69.58449946253086,4.584499462530857,validation
img00572,296,images/img00572.jpg,65.0,73.61351322818234,8.613513228182342,validation
img00573,296,images/img00573.jpg,65.0,71.68359518112723,6.683595181127231,validation
img00577,299,images/img00577.jpg,56.0,55.98138506188181,0.0186149381181905,validation
img00578,299,images/img00578.jpg,56.0,53.34163585308363,2.6583641469163695,validation
img00589,305,images/img00589.jpg,59.0,58.06341695332185,0.9365830466781516,validation
img00590,305,images/img00590.jpg,59.0,57.356866893065565,1.6431331069344353,validation
img00598,310,images/img00598.jpg,78.0,76.31538715171101,1.6846128482889924,validation
img00599,310,images/img00599.jpg,78.0,78.14161650248764,0.1416165024876363,validation
img00600,311,images/img00600.jpg,27.0,28.8559189623038,1.8559189623038,validation
img00601,311,images/img00601.jpg,27.0,24.64040426899806,2.359595731001938,validation
img00602,312,images/img00602.jpg,60.0,69.26424716202074,9.264247162020736,validation
img00603,312,images/img00603.jpg,60.0,54.97381943323258,5.026180566767422,validation
img00621,322,images/img00621.jpg,45.0,39.7395130899705,5.260486910029499,validation
img00622,322,images/img00622.jpg,45.0,42.966278183769774,2.0337218162302264,validation
img00641,332,images/img00641.jpg,17.0,16.891748017918168,0.1082519820818319,validation
img00642,332,images/img00642.jpg,17.0,17.742746976112066,0.7427469761120662,validation
img00661,342,images/img00661.jpg,70.0,67.49892731329997,2.5010726867000272,validation
img00662,342,images/img00662.jpg,70.0,67.73315989715176,2.266840102848235,validation
img00667,345,images/img00667.jpg,60.0,63.53312532832777,3.5331253283277704,validation
img00668,345,images/img00668.jpg,60.0,67.03695127767095,7.036951277670951,validation
img00686,355,images/img00686.jpg,22.0,21.94253942942,0.0574605705799982,validation
img00732,379,images/img00732.jpg,49.0,44.20124072273124,4.798759277268758,validation
img00733,379,images/img00733.jpg,49.0,47.40929094150539,1.5907090584946104,validation
img00772,400,images/img00772.jpg,90.0,84.36163390911996,5.638366090880041,validation
img00773,400,images/img00773.jpg,90.0,85.45232286577087,4.547677134229133,validation
img00776,402,images/img00776.jpg,55.0,51.60453227747767,3.3954677225223335,validation
img00777,402,images/img00777.jpg,55.0,58.56209639245295,3.5620963924529505,validation
img00782,405,images/img00782.jpg,63.0,63.33266458713496,0.3326645871349569,validation
img00783,405,images/img00783.jpg,63.0,63.83654242089352,0.8365424208935224,validation
img00792,410,images/img00792.jpg,60.0,54.84611849440472,5.15388150559528,validation
img00793,410,images/img00793.jpg,60.0,58.24202022552771,1.7579797744722896,validation
img00800,414,images/img00800.jpg,50.0,54.84234089251846,4.8423408925184575,validation
img00801,414,images/img00801.jpg,50.0,50.72182491156346,0.7218249115634592,validation
img00810,419,images/img00810.jpg,55.0,55.955837103516906,0.955837103516906,validation
img00811,419,images/img00811.jpg,55.0,57.86848506171761,2.8684850617176068,validation
img00823,426,images/img00823.jpg,66.0,64.15516262289111,1.844837377108888,validation
img00824,426,images/img00824.jpg,66.0,61.96443163451844,4.035568365481559,validation
img00825,427,images/img00825.jpg,69.0,61.19480257540306,7.80519742459694,validation
img00826,427,images/img00826.jpg,69.0,69.70237809114921,0.7023780911492139,validation
img00829,429,images/img00829.jpg,60.0,81.6469060510315,21.646906051031493,validation
img00839,435,images/img00839.jpg,63.0,68.26807813974062,5.268078139740624,validation
img00840,435,images/img00840.jpg,63.0,60.237511633827815,2.7624883661721853,validation
img00866,449,images/img00866.jpg,64.0,66.32980819799188,2.3298081979918805,validation
img00867,449,images/img00867.jpg,64.0,63.39905767844642,0.6009423215535818,validation
img00901,466,images/img00901.jpg,71.0,65.34811811981628,5.651881880183723,validation
img00912,472,images/img00912.jpg,76.0,57.0014567203628,18.998543279637197,validation
img00913,472,images/img00913.jpg,76.0,65.14402128344085,10.85597871655915,validation
img00954,494,images/img00954.jpg,45.0,43.13150675493422,1.8684932450657783,validation
img00955,494,images/img00955.jpg,45.0,41.0632665866998,3.936733413300203,validation
img00996,516,images/img00996.jpg,38.0,32.993210712934584,5.006789287065416,validation
img00997,516,images/img00997.jpg,38.0,37.19965588988199,0.8003441101180115,validation
img01052,547,images/img01052.jpg,66.0,63.74607792141672,2.2539220785832796,validation
img01053,547,images/img01053.jpg,66.0,67.1409115359472,1.1409115359471969,validation
img01058,550,images/img01058.jpg,79.0,72.30366174263868,6.696338257361319,validation
img01059,550,images/img01059.jpg,79.0,76.65095489452753,2.34904510547247,validation
img01066,554,images/img01066.jpg,88.0,80.7724306126633,7.2275693873367,validation
img01067,554,images/img01067.jpg,88.0,80.46596908107468,7.534030918925325,validation
img01089,566,images/img01089.jpg,54.0,54.09913350705087,0.0991335070508725,validation
img01090,566,images/img01090.jpg,54.0,52.76378191367504,1.2362180863249606,validation
img01110,577,images/img01110.jpg,70.0,70.76621512833664,0.7662151283366399,validation
img01111,577,images/img01111.jpg,70.0,65.37346826871395,4.62653173128605,validation
img01113,579,images/img01113.jpg,67.0,72.21224895739066,5.212248957390656,validation
img01114,579,images/img01114.jpg,67.0,62.20819124580508,4.791808754194918,validation
img01123,584,images/img01123.jpg,50.0,51.65793619853568,1.6579361985356798,validation
img01124,584,images/img01124.jpg,50.0,45.78293013045662,4.21706986954338,validation
img01189,619,images/img01189.jpg,87.0,82.09114439858308,4.908855601416917,validation
img01212,631,images/img01212.jpg,30.0,31.75157472873542,1.7515747287354202,validation
img01213,631,images/img01213.jpg,30.0,24.25932753404584,5.740672465954162,validation
img01229,640,images/img01229.jpg,47.0,55.12077918903887,8.12077918903887,validation
img01247,650,images/img01247.jpg,43.0,42.680509894531184,0.3194901054688159,validation
img01248,650,images/img01248.jpg,43.0,39.70655484269432,3.2934451573056833,validation
img01276,666,images/img01276.jpg,79.0,78.04903240163488,0.9509675983651248,validation
img01277,666,images/img01277.jpg,79.0,80.09961994940562,1.0996199494056214,validation
img01303,681,images/img01303.jpg,59.0,54.22146073562421,4.778539264375787,validation
img01305,682,images/img01305.jpg,71.0,70.95729661980823,0.0427033801917673,validation
img01335,698,images/img01335.jpg,18.0,23.253994112299736,5.253994112299736,validation
img01336,698,images/img01336.jpg,18.0,22.318612443706996,4.318612443706996,validation
img01345,703,images/img01345.jpg,41.0,44.72697929730806,3.726979297308062,validation
img01350,706,images/img01350.jpg,65.0,58.616265104076895,6.383734895923105,validation
img01424,745,images/img01424.jpg,74.0,64.87593069870589,9.124069301294114,validation
img01425,745,images/img01425.jpg,74.0,73.21174652271138,0.7882534772886203,validation
img01437,753,images/img01437.jpg,86.0,80.8521389667476,5.147861033252397,validation
img01438,753,images/img01438.jpg,86.0,77.38191036239417,8.618089637605834,validation
img01439,754,images/img01439.jpg,67.0,84.01688758890182,17.016887588901824,validation
img01440,754,images/img01440.jpg,67.0,64.10326810667195,2.8967318933280524,validation
img01475,773,images/img01475.jpg,65.0,74.1234739416293,9.1234739416293,validation
img01476,773,images/img01476.jpg,65.0,70.18081034759724,5.1808103475972445,validation
img01490,780,images/img01490.jpg,59.0,47.666314011569305,11.333685988430696,validation
img01549,811,images/img01549.jpg,42.0,42.02370721120468,0.0237072112046803,validation
img01550,811,images/img01550.jpg,42.0,52.48674886869716,10.486748868697164,validation
img01650,864,images/img01650.jpg,51.0,61.42045260045472,10.420452600454723,validation
img01678,881,images/img01678.jpg,76.0,21.975955733077924,54.02404426692208,validation
img01679,881,images/img01679.jpg,76.0,32.1814344683423,43.8185655316577,validation
img01698,891,images/img01698.jpg,21.0,24.895655097108843,3.8956550971088433,validation
img01699,891,images/img01699.jpg,21.0,25.78596401773897,4.785964017738969,validation
img01724,904,images/img01724.jpg,13.0,14.324660456546006,1.324660456546006,validation
img01725,904,images/img01725.jpg,13.0,17.88369746843418,4.883697468434178,validation
img01765,928,images/img01765.jpg,82.0,77.31404385638812,4.685956143611875,validation
img01766,928,images/img01766.jpg,82.0,71.56899383685914,10.431006163140864,validation
img01790,941,images/img01790.jpg,77.0,76.17570831115341,0.8242916888465857,validation
img01791,941,images/img01791.jpg,77.0,72.80191584370102,4.198084156298975,validation
img01794,943,images/img01794.jpg,62.0,69.62295874882959,7.622958748829589,validation
img01795,943,images/img01795.jpg,62.0,66.27893122130644,4.278931221306436,validation
img01827,961,images/img01827.jpg,41.0,19.269291848528844,21.730708151471156,validation
img01828,961,images/img01828.jpg,41.0,27.563552143217176,13.436447856782824,validation
img01854,975,images/img01854.jpg,53.0,52.534424358457414,0.4655756415425855,validation
img01855,975,images/img01855.jpg,53.0,64.52210232010945,11.522102320109454,validation
img01862,979,images/img01862.jpg,55.0,49.70891392853096,5.291086071469039,validation
img01883,993,images/img01883.jpg,69.0,57.78515124590241,11.214848754097588,validation
img01884,993,images/img01884.jpg,69.0,58.63776539814714,10.362234601852862,validation
img01892,998,images/img01892.jpg,71.0,74.65665593240928,3.6566559324092793,validation
img01893,998,images/img01893.jpg,71.0,70.46036979164248,0.5396302083575222,validation
img01911,1008,images/img01911.jpg,81.0,68.41679377834356,12.58320622165644,validation
img01912,1008,images/img01912.jpg,81.0,77.82102502213294,3.178974977867057,validation
img01918,1012,images/img01918.jpg,58.0,56.74998199454894,1.2500180054510608,validation
img01919,1012,images/img01919.jpg,58.0,58.906729289186075,0.9067292891860744,validation
img01932,1019,images/img01932.jpg,59.0,55.57294095771033,3.4270590422896703,validation
img01933,1019,images/img01933.jpg,59.0,56.66520339256303,2.334796607436971,validation
img01939,1023,images/img01939.jpg,32.0,37.922303087472315,5.922303087472315,validation
img01940,1023,images/img01940.jpg,32.0,34.543347670231526,2.543347670231526,validation
img01947,1027,images/img01947.jpg,59.0,57.096729721237374,1.9032702787626263,validation
img01948,1027,images/img01948.jpg,59.0,71.79995786124414,12.799957861244138,validation
img01951,1029,images/img01951.jpg,33.0,29.683476339857243,3.316523660142757,validation
img01952,1029,images/img01952.jpg,33.0,28.844519902061226,4.155480097938778,validation
img01979,1045,images/img01979.jpg,55.0,54.6672362985807,0.332763701419303,validation
img01980,1045,images/img01980.jpg,55.0,55.88453394771112,0.8845339477111196,validation
img02010,1061,images/img02010.jpg,76.0,75.61500149427295,0.3849985057270544,validation
img02027,1070,images/img02027.jpg,37.0,42.4912431788196,5.491243178819602,validation
img02028,1070,images/img02028.jpg,37.0,41.94119816952921,4.941198169529208,validation
img02087,1103,images/img02087.jpg,69.0,61.222498627341466,7.777501372658534,validation
img02088,1103,images/img02088.jpg,69.0,62.74996506557388,6.250034934426118,validation
img02097,1108,images/img02097.jpg,55.0,60.86721701034346,5.8672170103434595,validation
img02098,1108,images/img02098.jpg,55.0,58.81828759940933,3.818287599409331,validation
img02121,1121,images/img02121.jpg,36.0,36.210755786135806,0.210755786135806,validation
img02122,1121,images/img02122.jpg,36.0,38.97133726925669,2.9713372692566935,validation
img02171,1146,images/img02171.jpg,49.0,52.92976518725891,3.929765187258916,validation
img02172,1146,images/img02172.jpg,49.0,46.468516204322945,2.5314837956770546,validation
img02179,1150,images/img02179.jpg,34.0,36.34098339668362,2.340983396683619,validation
img02180,1150,images/img02180.jpg,34.0,36.98669457190957,2.9866945719095668,validation
img02187,1154,images/img02187.jpg,45.0,47.26905261779582,2.269052617795822,validation
img02188,1154,images/img02188.jpg,45.0,45.659371602704766,0.6593716027047662,validation
img02189,1155,images/img02189.jpg,40.0,41.65265645796026,1.652656457960262,validation
img02206,1164,images/img02206.jpg,56.0,49.86059820873171,6.139401791268291,validation
img02207,1164,images/img02207.jpg,56.0,51.37784017415756,4.622159825842438,validation
img02219,1171,images/img02219.jpg,77.0,76.45289785872839,0.5471021412716084,validation
img02220,1171,images/img02220.jpg,77.0,66.11972827278267,10.880271727217334,validation
img02226,1175,images/img02226.jpg,76.0,68.07130802425206,7.928691975747938,validation
img02227,1175,images/img02227.jpg,76.0,74.56808964039061,1.4319103596093896,validation
img02232,1178,images/img02232.jpg,89.0,74.04240232450412,14.957597675495876,validation
img02233,1178,images/img02233.jpg,89.0,79.43122843962125,9.56877156037875,validation
img02247,1186,images/img02247.jpg,40.0,52.48001434927524,12.480014349275235,validation
img02248,1186,images/img02248.jpg,40.0,52.288916498647154,12.288916498647154,validation
img02257,1191,images/img02257.jpg,79.0,75.17408732732022,3.8259126726797774,validation
img02258,1191,images/img02258.jpg,79.0,71.01684394943364,7.983156050566365,validation
img02279,1202,images/img02279.jpg,35.0,34.558258496067396,0.4417415039326045,validation
img02280,1202,images/img02280.jpg,35.0,38.17304751327518,3.173047513275179,validation
img02286,1206,images/img02286.jpg,31.0,29.607829419024323,1.3921705809756766,validation
img02297,1212,images/img02297.jpg,51.0,62.10605012573058,11.106050125730585,validation
img02298,1212,images/img02298.jpg,51.0,54.64549252573136,3.645492525731356,validation
img02338,1233,images/img02338.jpg,19.0,20.266432604704505,1.2664326047045051,validation
img02375,1252,images/img02375.jpg,29.0,33.30023281828562,4.300232818285622,validation
img02376,1252,images/img02376.jpg,29.0,32.42526442400185,3.4252644240018526,validation
img02383,1256,images/img02383.jpg,18.0,23.345507233707572,5.345507233707572,validation
img02408,1269,images/img02408.jpg,63.0,69.74419318574937,6.744193185749367,validation
img02426,1278,images/img02426.jpg,75.0,72.41851828974802,2.5814817102519783,validation
img02445,1288,images/img02445.jpg,63.0,58.13983561736221,4.860164382637791,validation
img02446,1288,images/img02446.jpg,63.0,61.436313347977475,1.5636866520225254,validation
img02453,1292,images/img02453.jpg,63.0,77.07120635622233,14.071206356222334,validation
img02454,1292,images/img02454.jpg,63.0,65.51584527948204,2.5158452794820363,validation
img02457,1294,images/img02457.jpg,61.0,50.38708494206536,10.612915057934645,validation
img02458,1294,images/img02458.jpg,61.0,60.70215966501695,0.29784033498305,validation
img02479,1305,images/img02479.jpg,80.0,77.92567563681308,2.0743243631869177,validation
img02480,1305,images/img02480.jpg,80.0,75.44853289904653,4.551467100953474,validation
img02487,1309,images/img02487.jpg,44.0,44.98532745904771,0.98532745904771,validation
img02488,1309,images/img02488.jpg,44.0,42.52946689326487,1.4705331067351324,validation
img02555,1345,images/img02555.jpg,78.0,75.20949944806999,2.790500551930009,validation
img02556,1345,images/img02556.jpg,78.0,72.8486779472239,5.151322052776095,validation
img02569,1352,images/img02569.jpg,73.0,69.16507904598579,3.834920954014208,validation
img02570,1352,images/img02570.jpg,73.0,75.65849940077075,2.6584994007707508,validation
img02571,1353,images/img02571.jpg,82.0,70.26345026252464,11.736549737475356,validation
img02572,1353,images/img02572.jpg,82.0,76.4573039248765,5.5426960751235015,validation
img02614,1377,images/img02614.jpg,63.0,57.99891511682699,5.001084883173007,validation
img02615,1377,images/img02615.jpg,63.0,55.83235778134773,7.167642218652276,validation
img02634,1387,images/img02634.jpg,75.0,69.72040697221217,5.279593027787826,validation
img02635,1387,images/img02635.jpg,75.0,71.02710223116361,3.97289776883639,validation
img02636,1388,images/img02636.jpg,52.0,52.696637937080666,0.6966379370806663,validation
img02637,1388,images/img02637.jpg,52.0,55.95562102632493,3.955621026324927,validation
img02642,1391,images/img02642.jpg,64.0,60.176430905934026,3.8235690940659737,validation
img02643,1391,images/img02643.jpg,64.0,63.22712839678346,0.7728716032165366,validation
img02655,1398,images/img02655.jpg,64.0,71.27906268759894,7.2790626875989375,validation
img02666,1405,images/img02666.jpg,68.0,69.09390362792693,1.0939036279269343,validation
img02669,1407,images/img02669.jpg,62.0,77.53340487637962,15.53340487637962,validation
img02670,1407,images/img02670.jpg,62.0,73.50659414380219,11.50659414380219,validation
img02759,1455,images/img02759.jpg,59.0,60.717002873005995,1.7170028730059954,validation
img02775,1465,images/img02775.jpg,67.0,66.28684141877481,0.713158581225187,validation
img02776,1465,images/img02776.jpg,67.0,70.6637991744331,3.663799174433094,validation
img02845,1502,images/img02845.jpg,68.0,68.1270011366083,0.1270011366082997,validation
img02847,1502,images/img02847.jpg,68.0,63.31681692693739,4.683183073062608,validation
img02872,1518,images/img02872.jpg,89.0,84.77251920841873,4.2274807915812715,validation
img02873,1518,images/img02873.jpg,89.0,81.01355585444976,7.986444145550237,validation
img02949,1559,images/img02949.jpg,59.0,52.05914396615989,6.940856033840113,validation
img02950,1559,images/img02950.jpg,59.0,57.087332408280865,1.912667591719135,validation
img02960,1565,images/img02960.jpg,52.0,45.968270648610485,6.031729351389515,validation
img02961,1565,images/img02961.jpg,52.0,42.44455632741659,9.555443672583408,validation
img02962,1566,images/img02962.jpg,44.0,44.33778842073655,0.3377884207365511,validation
img02963,1566,images/img02963.jpg,44.0,42.01146292787676,1.9885370721232432,validation
img03013,1594,images/img03013.jpg,64.0,62.87903717436825,1.12096282563175,validation
img03014,1594,images/img03014.jpg,64.0,62.08385511281471,1.9161448871852895,validation
img03027,1601,images/img03027.jpg,56.0,54.036030787414866,1.963969212585134,validation
img03035,1606,images/img03035.jpg,61.0,64.32848243285575,3.3284824328557505,validation
img03036,1606,images/img03036.jpg,61.0,64.28765325008678,3.287653250086777,validation
img03043,1610,images/img03043.jpg,69.0,68.09677595907647,0.9032240409235328,validation
img03044,1610,images/img03044.jpg,69.0,64.18763554852474,4.812364451475261,validation
img03090,1638,images/img03090.jpg,73.0,68.88702137250638,4.112978627493618,validation
img03091,1638,images/img03091.jpg,73.0,73.76684105830518,0.7668410583051752,validation
img03095,1640,images/img03095.jpg,54.0,61.67988264774361,7.679882647743611,validation
img03098,1642,images/img03098.jpg,68.0,66.15987364281034,1.8401263571896609,validation
img03099,1642,images/img03099.jpg,68.0,66.20064720444725,1.7993527955527495,validation
img03107,1647,images/img03107.jpg,88.0,53.30036442778419,34.69963557221581,validation
img03108,1647,images/img03108.jpg,88.0,51.74271589113203,36.25728410886797,validation
img03120,1655,images/img03120.jpg,72.0,75.64769363260356,3.6476936326035623,validation
img03121,1655,images/img03121.jpg,72.0,75.4160370705938,3.416037070593802,validation
img03124,1657,images/img03124.jpg,47.0,62.92092643047781,15.920926430477811,validation
img03125,1657,images/img03125.jpg,47.0,53.306651251623485,6.306651251623485,validation
img03136,1664,images/img03136.jpg,76.0,76.38499209074678,0.3849920907467776,validation
img03137,1664,images/img03137.jpg,76.0,66.48529325555059,9.514706744449413,validation
img03142,1667,images/img03142.jpg,71.0,70.45002535168832,0.5499746483116752,validation
img03143,1667,images/img03143.jpg,71.0,70.48078492833218,0.5192150716678157,validation
img03180,1688,images/img03180.jpg,66.0,64.61570723232721,1.3842927676727896,validation
img03181,1688,images/img03181.jpg,66.0,67.67633254994551,1.6763325499455135,validation
img03214,1706,images/img03214.jpg,69.0,79.23425110815049,10.234251108150488,validation
img03215,1706,images/img03215.jpg,69.0,80.00560060522345,11.00560060522345,validation
img03237,1718,images/img03237.jpg,81.0,68.13201685398829,12.86798314601171,validation
img03238,1718,images/img03238.jpg,81.0,76.15549275617289,4.84450724382711,validation
img03243,1721,images/img03243.jpg,70.0,71.02096427564838,1.0209642756483817,validation
img03244,1721,images/img03244.jpg,70.0,63.242228443529406,6.757771556470594,validation
img03263,1732,images/img03263.jpg,56.0,56.34727647798488,0.3472764779848774,validation
img03264,1732,images/img03264.jpg,56.0,53.340827165447784,2.6591728345522156,validation
img03290,1746,images/img03290.jpg,61.0,61.31677917272228,0.3167791727222777,validation
img03291,1746,images/img03291.jpg,61.0,59.638599506553135,1.361400493446865,validation
img03314,1758,images/img03314.jpg,47.0,43.61775650696384,3.3822434930361567,validation
img03315,1758,images/img03315.jpg,47.0,48.126595238585914,1.1265952385859137,validation
img03358,1783,images/img03358.jpg,60.0,67.13620991437182,7.136209914371818,validation
img03361,1784,images/img03361.jpg,62.0,65.9164275820231,3.916427582023104,validation
img03368,1788,images/img03368.jpg,77.0,75.22884469592522,1.7711553040747816,validation
img03369,1788,images/img03369.jpg,77.0,78.12442848206828,1.1244284820682822,validation
img03370,1789,images/img03370.jpg,61.0,62.67711501519562,1.6771150151956178,validation
img03371,1789,images/img03371.jpg,61.0,64.99095901695839,3.990959016958385,validation
img03412,1811,images/img03412.jpg,71.0,63.71283393420717,7.287166065792832,validation
img03413,1811,images/img03413.jpg,71.0,66.46507333812833,4.5349266618716655,validation
img03432,1822,images/img03432.jpg,77.0,79.98417447266263,2.9841744726626303,validation
img03433,1822,images/img03433.jpg,77.0,80.01850907030487,3.018509070304873,validation
img03437,1825,images/img03437.jpg,57.0,54.66678096872504,2.3332190312749574,validation
img03438,1825,images/img03438.jpg,57.0,61.85457444563259,4.854574445632593,validation
img03474,1847,images/img03474.jpg,31.0,25.377286113955986,5.622713886044018,validation
img03475,1847,images/img03475.jpg,31.0,24.330893390639595,6.669106609360405,validation
img03487,1854,images/img03487.jpg,75.0,63.6646742134148,11.335325786585202,validation
img03488,1854,images/img03488.jpg,75.0,71.12893034604392,3.871069653956084,validation
img03493,1857,images/img03493.jpg,73.0,75.6640876886279,2.6640876886279017,validation
img03494,1857,images/img03494.jpg,73.0,74.88133258764977,1.8813325876497655,validation
img03515,1870,images/img03515.jpg,65.0,55.66926926050484,9.33073073949516,validation
img03516,1870,images/img03516.jpg,65.0,62.286330756781936,2.713669243218064,validation
img03517,1871,images/img03517.jpg,67.0,68.38842700098904,1.38842700098904,validation
img03518,1871,images/img03518.jpg,67.0,69.11110691689234,2.1111069168923393,validation
img03540,1883,images/img03540.jpg,65.0,56.6439503944084,8.3560496055916,validation
img03541,1883,images/img03541.jpg,65.0,59.524961716602334,5.475038283397666,validation
img03632,1930,images/img03632.jpg,79.0,73.95234298680307,5.047657013196925,validation
img03633,1930,images/img03633.jpg,79.0,65.80288412987473,13.197115870125272,validation
img03653,1941,images/img03653.jpg,73.0,67.55924134205956,5.440758657940435,validation
img03701,1965,images/img03701.jpg,66.0,69.21518823292661,3.2151882329266073,validation
img03702,1965,images/img03702.jpg,66.0,63.12843469628673,2.871565303713268,validation
img03736,1984,images/img03736.jpg,69.0,61.53592643306897,7.464073566931027,validation
img03737,1984,images/img03737.jpg,69.0,72.53225150811168,3.5322515081116848,validation
img03743,1988,images/img03743.jpg,60.0,67.74644680405335,7.746446804053349,validation
img03744,1988,images/img03744.jpg,60.0,70.08667103626748,10.086671036267475,validation
img03757,1995,images/img03757.jpg,70.0,76.6398175807888,6.639817580788801,validation
img03758,1995,images/img03758.jpg,70.0,63.324144738434704,6.675855261565296,validation
img03759,1996,images/img03759.jpg,84.0,81.67198354732099,2.328016452679009,validation
img03796,2017,images/img03796.jpg,37.0,40.636749568069135,3.636749568069135,validation
img03797,2017,images/img03797.jpg,37.0,38.45300721134921,1.4530072113492096,validation
img03814,2026,images/img03814.jpg,16.0,30.58592811704505,14.58592811704505,validation
img03815,2026,images/img03815.jpg,16.0,15.833445828676702,0.1665541713232983,validation
img03858,2048,images/img03858.jpg,23.0,26.78968987970727,3.789689879707272,validation
img03859,2048,images/img03859.jpg,23.0,27.03847993161474,4.0384799316147415,validation
img03874,2056,images/img03874.jpg,29.0,31.24221821346819,2.2422182134681883,validation
img03875,2056,images/img03875.jpg,29.0,30.819676469864724,1.8196764698647243,validation
img03894,2066,images/img03894.jpg,38.0,36.311358054889766,1.688641945110234,validation
img03895,2066,images/img03895.jpg,38.0,35.768445637829224,2.231554362170776,validation
img03933,2086,images/img03933.jpg,38.0,37.26902961950602,0.7309703804939787,validation
img03934,2086,images/img03934.jpg,38.0,39.53188049457226,1.5318804945722633,validation
img03947,2093,images/img03947.jpg,63.0,66.13707115988345,3.1370711598834475,validation
img04017,2132,images/img04017.jpg,71.0,75.12149809225545,4.12149809225545,validation
img04024,2136,images/img04024.jpg,45.0,46.77623630035092,1.7762363003509165,validation
img04025,2136,images/img04025.jpg,45.0,47.96041347390329,2.9604134739032872,validation
img04033,2141,images/img04033.jpg,68.0,67.2856769835629,0.7143230164371062,validation
img04034,2141,images/img04034.jpg,68.0,74.52371597371535,6.523715973715355,validation
img04053,2151,images/img04053.jpg,46.0,39.46032772530369,6.539672274696308,validation
img04054,2151,images/img04054.jpg,46.0,45.91591698539917,0.0840830146008357,validation
img04096,2173,images/img04096.jpg,72.0,69.22732236460082,2.7726776353991767,validation
img04097,2173,images/img04097.jpg,72.0,71.43211023084056,0.5678897691594358,validation
img04119,2185,images/img04119.jpg,49.0,57.54546288336104,8.54546288336104,validation
img04120,2185,images/img04120.jpg,49.0,56.90710276326724,7.90710276326724,validation
img04180,2216,images/img04180.jpg,50.0,58.21256283774049,8.212562837740492,validation
img04181,2216,images/img04181.jpg,50.0,59.30876237625523,9.308762376255231,validation
img04197,2226,images/img04197.jpg,47.0,52.93162304213102,5.931623042131022,validation
img04199,2228,images/img04199.jpg,64.0,49.01379701009328,14.986202989906722,validation
img04200,2228,images/img04200.jpg,64.0,60.93244260318672,3.067557396813278,validation
img04203,2230,images/img04203.jpg,22.0,25.813835657957043,3.8138356579570423,validation
img04204,2230,images/img04204.jpg,22.0,21.47087659192774,0.5291234080722589,validation
img04215,2236,images/img04215.jpg,72.0,72.76069949422845,0.7606994942284473,validation
img04216,2236,images/img04216.jpg,72.0,76.67391442535673,4.6739144253567275,validation
img04219,2238,images/img04219.jpg,63.0,61.265655718079046,1.7343442819209542,validation
img04220,2238,images/img04220.jpg,63.0,69.95497001102508,6.9549700110250825,validation
img04278,2269,images/img04278.jpg,54.0,51.68893080172779,2.3110691982722074,validation
img04279,2269,images/img04279.jpg,54.0,48.18252610401649,5.817473895983511,validation
img04284,2272,images/img04284.jpg,56.0,56.43407073253988,0.4340707325398796,validation
img04285,2272,images/img04285.jpg,56.0,58.861364530280106,2.861364530280106,validation
img04304,2283,images/img04304.jpg,64.0,56.198290027178864,7.801709972821136,validation
img04305,2283,images/img04305.jpg,64.0,61.66124029831226,2.338759701687742,validation
img04319,2292,images/img04319.jpg,73.0,54.13524361847757,18.864756381522433,validation
img04320,2292,images/img04320.jpg,73.0,58.80121082125412,14.198789178745884,validation
img04340,2303,images/img04340.jpg,77.0,82.37007456040865,5.3700745604086535,validation
img04349,2308,images/img04349.jpg,77.0,78.98731073153687,1.9873107315368657,validation
img04350,2308,images/img04350.jpg,77.0,80.28827810449576,3.2882781044957596,validation
img04351,2309,images/img04351.jpg,84.0,84.28675477803165,0.2867547780316499,validation
img04352,2309,images/img04352.jpg,84.0,81.76415321620931,2.2358467837906915,validation
img04359,2313,images/img04359.jpg,29.0,28.34726261893436,0.6527373810656378,validation
img04360,2313,images/img04360.jpg,29.0,28.622218596343163,0.3777814036568365,validation
img04363,2315,images/img04363.jpg,43.0,53.26917842246114,10.269178422461138,validation
img04364,2315,images/img04364.jpg,43.0,59.81085065462004,16.81085065462004,validation
img04395,2332,images/img04395.jpg,63.0,51.80809798657238,11.191902013427622,validation
img04396,2332,images/img04396.jpg,63.0,63.7193317911652,0.719331791165196,validation
img04425,2348,images/img04425.jpg,65.0,72.26457426473073,7.264574264730726,validation
img04426,2348,images/img04426.jpg,65.0,69.53807544824214,4.5380754482421395,validation
img04449,2360,images/img04449.jpg,52.0,46.258497353297955,5.741502646702045,validation
img04450,2360,images/img04450.jpg,52.0,77.47422617308047,25.474226173080467,validation
img04470,2371,images/img04470.jpg,33.0,40.20634234202504,7.206342342025039,validation
img04471,2371,images/img04471.jpg,33.0,33.223028505754804,0.2230285057548044,validation
img04530,2401,images/img04530.jpg,74.0,79.05856249232602,5.058562492326018,validation
img04531,2401,images/img04531.jpg,74.0,78.24111071104196,4.241110711041955,validation
img04534,2403,images/img04534.jpg,77.0,75.40873434313644,1.5912656568635557,validation
img04535,2403,images/img04535.jpg,77.0,78.80743199042996,1.8074319904299616,validation
img04562,2418,images/img04562.jpg,68.0,64.97068729554057,3.029312704459429,validation
img04563,2418,images/img04563.jpg,68.0,73.01238620744516,5.012386207445161,validation
img04590,2432,images/img04590.jpg,40.0,53.283586476887535,13.283586476887535,validation
img04591,2432,images/img04591.jpg,40.0,45.44470893245734,5.444708932457338,validation
img04597,2436,images/img04597.jpg,29.0,26.14495152898729,2.8550484710127115,validation
img04598,2436,images/img04598.jpg,29.0,24.876807167610927,4.123192832389073,validation
img04600,2437,images/img04600.jpg,50.0,49.373937841874174,0.6260621581258263,validation
img04651,2463,images/img04651.jpg,77.0,70.3695361205342,6.630463879465793,validation
img04652,2463,images/img04652.jpg,77.0,68.46943754392997,8.53056245607003,validation
img04669,2472,images/img04669.jpg,69.0,66.02664467235174,2.973355327648264,validation
img04670,2472,images/img04670.jpg,69.0,65.15434282057592,3.84565717942408,validation
img04687,2481,images/img04687.jpg,49.0,45.50619427682166,3.4938057231783404,validation
img04688,2481,images/img04688.jpg,49.0,47.95084991101894,1.049150088981058,validation
img04743,2509,images/img04743.jpg,39.0,39.50617371606309,0.5061737160630884,validation
img04744,2509,images/img04744.jpg,39.0,37.090998372472114,1.9090016275278856,validation
img04747,2511,images/img04747.jpg,58.0,58.45269848688557,0.4526984868855734,validation
img04748,2511,images/img04748.jpg,58.0,62.70284360591344,4.702843605913436,validation
img04763,2519,images/img04763.jpg,56.0,61.66237071602575,5.662370716025748,validation
img04764,2519,images/img04764.jpg,56.0,63.78715303683827,7.787153036838276,validation
img04841,2558,images/img04841.jpg,77.0,67.39639248285927,9.60360751714073,validation
img04842,2558,images/img04842.jpg,77.0,69.29585741480211,7.704142585197886,validation
img04899,2589,images/img04899.jpg,56.0,57.038777954675005,1.038777954675005,validation
img04900,2589,images/img04900.jpg,56.0,58.021009111951535,2.021009111951535,validation
img04909,2594,images/img04909.jpg,60.0,68.98013987247116,8.980139872471156,validation
img04910,2594,images/img04910.jpg,60.0,68.55525549765825,8.555255497658251,validation
img04937,2608,images/img04937.jpg,42.0,44.57820367513132,2.57820367513132,validation
img04938,2608,images/img04938.jpg,42.0,42.07845694553664,0.0784569455366366,validation
img04948,2614,images/img04948.jpg,70.0,73.5806029677652,3.580602967765202,validation
img04949,2614,images/img04949.jpg,70.0,71.46502376308901,1.4650237630890075,validation
img04954,2617,images/img04954.jpg,42.0,40.25062548803439,1.7493745119656126,validation
img04957,2619,images/img04957.jpg,89.0,84.64974482956798,4.350255170432021,validation
img04958,2619,images/img04958.jpg,89.0,83.47479531088668,5.525204689113323,validation
img04961,2621,images/img04961.jpg,60.0,58.96873785390548,1.0312621460945195,validation
img05037,2660,images/img05037.jpg,68.0,70.18402982959458,2.1840298295945786,validation
img05038,2660,images/img05038.jpg,68.0,65.54632020680297,2.4536797931970256,validation
img05041,2662,images/img05041.jpg,57.0,57.632487733859406,0.6324877338594064,validation
img05042,2662,images/img05042.jpg,57.0,57.30148065121982,0.3014806512198191,validation
img05049,2666,images/img05049.jpg,49.0,44.19410922111182,4.805890778888177,validation
img05050,2666,images/img05050.jpg,49.0,49.70765536409162,0.7076553640916217,validation
img05055,2669,images/img05055.jpg,50.0,56.79352795606893,6.793527956068928,validation
img05056,2669,images/img05056.jpg,50.0,44.621292602716856,5.378707397283144,validation
img05082,2683,images/img05082.jpg,31.0,35.46702927010226,4.467029270102259,validation
img05083,2683,images/img05083.jpg,31.0,37.111933730338215,6.111933730338215,validation
img05084,2684,images/img05084.jpg,71.0,70.83647225241116,0.1635277475888443,validation
img05085,2684,images/img05085.jpg,71.0,73.14050457741614,2.140504577416138,validation
img05100,2692,images/img05100.jpg,13.0,29.322126566411697,16.322126566411697,validation
img05101,2692,images/img05101.jpg,13.0,29.182203429117184,16.182203429117184,validation
img05102,2693,images/img05102.jpg,58.0,55.69550566670539,2.3044943332946133,validation
img05103,2693,images/img05103.jpg,58.0,55.799611794127,2.200388205872997,validation
img05115,2700,images/img05115.jpg,55.0,60.01121105965304,5.011211059653043,validation
img05126,2706,images/img05126.jpg,60.0,61.653123430166886,1.653123430166886,validation
img05127,2706,images/img05127.jpg,60.0,64.61146421243879,4.61146421243879,validation
img05132,2709,images/img05132.jpg,54.0,54.803496075431774,0.8034960754317737,validation
img05133,2709,images/img05133.jpg,54.0,53.07008857858223,0.9299114214177706,validation
img05135,2711,images/img05135.jpg,21.0,43.16325987768227,22.163259877682272,validation
img05136,2711,images/img05136.jpg,21.0,40.43028392583387,19.430283925833876,validation
img05143,2715,images/img05143.jpg,36.0,43.549279259115494,7.549279259115494,validation
img05144,2715,images/img05144.jpg,36.0,48.66256482963188,12.662564829631885,validation
img05153,2720,images/img05153.jpg,23.0,44.43039433379795,21.430394333797956,validation
img05154,2720,images/img05154.jpg,23.0,35.83535458787536,12.835354587875358,validation
img05175,2731,images/img05175.jpg,34.0,29.726053771149843,4.273946228850157,validation
img05176,2731,images/img05176.jpg,34.0,27.4751494427634,6.524850557236601,validation
img05186,2737,images/img05186.jpg,28.0,29.19861929735018,1.1986192973501808,validation
img05187,2737,images/img05187.jpg,28.0,30.42210752394922,2.4221075239492187,validation
img05198,2743,images/img05198.jpg,74.0,80.53651412630342,6.536514126303416,validation
img05199,2743,images/img05199.jpg,74.0,80.5579555274103,6.5579555274103,validation
img05210,2749,images/img05210.jpg,63.0,68.75429408284683,5.754294082846826,validation
img05211,2749,images/img05211.jpg,63.0,61.82215332399451,1.1778466760054869,validation
img05241,2765,images/img05241.jpg,37.0,41.57133072860428,4.571330728604281,validation
img05242,2765,images/img05242.jpg,37.0,41.42371006287577,4.42371006287577,validation
img05243,2766,images/img05243.jpg,47.0,59.67020048914583,12.670200489145827,validation
img05244,2766,images/img05244.jpg,47.0,53.39478239007952,6.39478239007952,validation
img05271,2780,images/img05271.jpg,75.0,68.58014868078462,6.4198513192153825,validation
img05272,2780,images/img05272.jpg,75.0,72.2523267095715,2.7476732904284944,validation
img05273,2781,images/img05273.jpg,74.0,71.40949642351853,2.590503576481467,validation
img05274,2781,images/img05274.jpg,74.0,69.16908376749466,4.830916232505345,validation
img05295,2792,images/img05295.jpg,59.0,52.36807845690467,6.631921543095331,validation
img05296,2792,images/img05296.jpg,59.0,59.643035019182925,0.6430350191829248,validation
img05299,2794,images/img05299.jpg,35.0,33.385765032080535,1.6142349679194652,validation
img05300,2794,images/img05300.jpg,35.0,35.60260305299117,0.6026030529911708,validation
img05304,2796,images/img05304.jpg,66.0,73.44059476285693,7.440594762856932,validation
img05305,2797,images/img05305.jpg,27.0,47.29568205273105,20.295682052731053,validation
img05306,2797,images/img05306.jpg,27.0,34.66771215909314,7.667712159093142,validation
img05313,2801,images/img05313.jpg,64.0,49.27079172428595,14.72920827571405,validation
img05314,2801,images/img05314.jpg,64.0,55.29584847446387,8.704151525536133,validation
img05336,2813,images/img05336.jpg,69.0,65.86245436231923,3.1375456376807733,validation
img05339,2814,images/img05339.jpg,75.0,74.48066848932626,0.5193315106737373,validation
img05342,2816,images/img05342.jpg,73.0,73.00009066542691,9.066542691016366e-05,validation
img05343,2816,images/img05343.jpg,73.0,69.8906872509009,3.1093127490991037,validation
img05358,2824,images/img05358.jpg,24.0,23.141399491227816,0.8586005087721844,validation
img05439,2865,images/img05439.jpg,58.0,56.263366206392845,1.7366337936071543,validation
img05440,2865,images/img05440.jpg,58.0,55.25576854106215,2.744231458937847,validation
img05445,2868,images/img05445.jpg,67.0,65.5417887204551,1.4582112795448978,validation
img05446,2868,images/img05446.jpg,67.0,62.92460342355166,4.075396576448341,validation
img05450,2871,images/img05450.jpg,67.0,74.54093889366854,7.540938893668539,validation
img05451,2871,images/img05451.jpg,67.0,70.22544030772418,3.2254403077241847,validation
img05457,2874,images/img05457.jpg,69.0,61.83031490716762,7.169685092832381,validation
img05460,2876,images/img05460.jpg,69.0,66.36888367918509,2.631116320814911,validation
img05461,2876,images/img05461.jpg,69.0,64.76298871821115,4.237011281788853,validation
img05477,2885,images/img05477.jpg,69.0,77.27846160041086,8.278461600410864,validation
img05478,2885,images/img05478.jpg,69.0,67.147388671307,1.8526113286930013,validation
img05489,2892,images/img05489.jpg,56.0,52.71262192358231,3.2873780764176885,validation
img05504,2900,images/img05504.jpg,76.0,72.49475304960417,3.5052469503958292,validation
img05505,2900,images/img05505.jpg,76.0,68.24859329375,7.751406706249995,validation
img05522,2909,images/img05522.jpg,68.0,59.98407340025618,8.015926599743821,validation
img05523,2909,images/img05523.jpg,68.0,73.01136975852188,5.01136975852188,validation
img05546,2921,images/img05546.jpg,82.0,75.44455871462976,6.555441285370236,validation
img05547,2921,images/img05547.jpg,82.0,79.17212121302045,2.8278787869795536,validation
img05552,2924,images/img05552.jpg,38.0,47.920979181877726,9.920979181877726,validation
img05560,2928,images/img05560.jpg,57.0,54.21691179950942,2.7830882004905817,validation
img05561,2928,images/img05561.jpg,57.0,48.90854437845429,8.091455621545713,validation
img05563,2929,images/img05563.jpg,79.0,78.35623118587603,0.6437688141239732,validation
img05603,2951,images/img05603.jpg,66.0,60.29174932656162,5.708250673438378,validation
img05650,2975,images/img05650.jpg,53.0,49.86997200540076,3.130027994599238,validation
img05651,2975,images/img05651.jpg,53.0,59.33000146912684,6.330001469126842,validation
img05689,2996,images/img05689.jpg,48.0,48.51026980758883,0.510269807588827,validation
img05690,2996,images/img05690.jpg,48.0,42.311931555137704,5.688068444862296,validation
img05697,3000,images/img05697.jpg,89.0,77.29891927090745,11.701080729092553,validation
img05698,3000,images/img05698.jpg,89.0,79.32251639168973,9.677483608310268,validation
img05706,3004,images/img05706.jpg,46.0,51.67114676270697,5.671146762706968,validation
img05707,3005,images/img05707.jpg,35.0,38.55282424059162,3.552824240591619,validation
img05708,3005,images/img05708.jpg,35.0,39.6601711809916,4.660171180991597,validation
img05725,3014,images/img05725.jpg,84.0,76.60844071864003,7.391559281359974,validation
img05726,3014,images/img05726.jpg,84.0,79.1045513530521,4.895448646947898,validation
img05731,3017,images/img05731.jpg,73.0,78.86209992897948,5.862099928979475,validation
img05732,3017,images/img05732.jpg,73.0,77.00992495600893,4.0099249560089305,validation
img05735,3019,images/img05735.jpg,87.0,78.57468045554577,8.425319544454226,validation
img05736,3019,images/img05736.jpg,87.0,65.91315793194586,21.08684206805414,validation
img05743,3023,images/img05743.jpg,82.0,79.03228314333968,2.967716856660317,validation
img05744,3023,images/img05744.jpg,82.0,78.12383518999289,3.8761648100071113,validation
img05747,3025,images/img05747.jpg,55.0,55.11462651028279,0.1146265102827897,validation
img05748,3025,images/img05748.jpg,55.0,58.83721459816362,3.837214598163619,validation
img05753,3028,images/img05753.jpg,73.0,62.27609864970235,10.723901350297652,validation
img05754,3028,images/img05754.jpg,73.0,63.87688301018865,9.12311698981135,validation
img05757,3030,images/img05757.jpg,31.0,36.57828277707216,5.578282777072161,validation
img05769,3036,images/img05769.jpg,65.0,49.063252376079696,15.936747623920304,validation
img05770,3036,images/img05770.jpg,65.0,70.86862453857758,5.868624538577578,validation
img05771,3037,images/img05771.jpg,75.0,77.3446005794915,2.344600579491498,validation
img05772,3037,images/img05772.jpg,75.0,70.69991146708065,4.300088532919347,validation
img05804,3054,images/img05804.jpg,67.0,61.82485749256239,5.175142507437613,validation
img05805,3054,images/img05805.jpg,67.0,69.25793798066758,2.2579379806675774,validation
img05931,3120,images/img05931.jpg,39.0,53.056538289261155,14.056538289261155,validation
img05932,3120,images/img05932.jpg,39.0,52.22562564871151,13.225625648711508,validation
img05983,3147,images/img05983.jpg,81.0,73.49664777665598,7.503352223344024,validation
img05989,3151,images/img05989.jpg,60.0,56.358747041373945,3.6412529586260542,validation
img05990,3151,images/img05990.jpg,60.0,57.725848758319145,2.2741512416808547,validation
img06001,3157,images/img06001.jpg,62.0,59.91894487174143,2.081055128258569,validation
img06002,3157,images/img06002.jpg,62.0,59.83748499730222,2.1625150026977806,validation
img06020,3168,images/img06020.jpg,68.0,69.4552806666333,1.4552806666332998,validation
img06021,3168,images/img06021.jpg,68.0,68.63646125986665,0.6364612598666497,validation
img06043,3180,images/img06043.jpg,54.0,49.24315347470047,4.75684652529953,validation
img06044,3180,images/img06044.jpg,54.0,52.48720419855282,1.512795801447183,validation
img06065,3191,images/img06065.jpg,51.0,51.61641774997323,0.6164177499732304,validation
img06066,3191,images/img06066.jpg,51.0,51.59353892431606,0.5935389243160571,validation
img06166,3243,images/img06166.jpg,51.0,50.45620346884814,0.5437965311518624,validation
img06182,3252,images/img06182.jpg,66.0,66.89374867480531,0.893748674805309,validation
img06183,3252,images/img06183.jpg,66.0,58.77448732116907,7.225512678830931,validation
img06198,3260,images/img06198.jpg,50.0,55.7603828095154,5.760382809515399,validation
img06199,3261,images/img06199.jpg,51.0,48.388041279259646,2.611958720740354,validation
img06200,3261,images/img06200.jpg,51.0,49.86605071558999,1.133949284410008,validation
img06201,3262,images/img06201.jpg,32.0,32.55172724733599,0.5517272473359895,validation
img06202,3262,images/img06202.jpg,32.0,34.43469233404251,2.4346923340425093,validation
img06216,3271,images/img06216.jpg,67.0,67.55293434192727,0.5529343419272692,validation
img06239,3283,images/img06239.jpg,38.0,43.46499906609732,5.46499906609732,validation
img06244,3286,images/img06244.jpg,51.0,53.87038887489643,2.8703888748964275,validation
img06245,3286,images/img06245.jpg,51.0,50.50508790027304,0.4949120997269602,validation
img06282,3305,images/img06282.jpg,58.0,62.59038749236647,4.590387492366467,validation
img06283,3305,images/img06283.jpg,58.0,62.42563824448719,4.425638244487189,validation
img06299,3314,images/img06299.jpg,83.0,77.22742321338137,5.772576786618629,validation
img06310,3320,images/img06310.jpg,44.0,48.08807051566123,4.088070515661229,validation
img06311,3320,images/img06311.jpg,44.0,49.10977181878129,5.10977181878129,validation
img06337,3334,images/img06337.jpg,53.0,56.89409784732567,3.894097847325668,validation
img06338,3334,images/img06338.jpg,53.0,58.09624514530394,5.096245145303939,validation
img06392,3362,images/img06392.jpg,40.0,39.21131627947838,0.7886837205216182,validation
img06393,3362,images/img06393.jpg,40.0,30.850300810814932,9.149699189185068,validation
img06462,3398,images/img06462.jpg,67.0,75.2462072140138,8.246207214013793,validation
img06463,3398,images/img06463.jpg,67.0,63.803134296813845,3.1968657031861554,validation
img06473,3404,images/img06473.jpg,42.0,42.81985173646507,0.8198517364650684,validation
img06474,3404,images/img06474.jpg,42.0,37.22148118586118,4.77851881413882,validation
img06499,3417,images/img06499.jpg,64.0,68.03981337617655,4.039813376176554,validation
img06558,3448,images/img06558.jpg,36.0,42.17168123471338,6.1716812347133825,validation
img06559,3448,images/img06559.jpg,36.0,45.119119184489584,9.119119184489584,validation
img06572,3455,images/img06572.jpg,87.0,82.58232480037894,4.417675199621058,validation
img06573,3455,images/img06573.jpg,87.0,88.21966177113276,1.2196617711327633,validation
img06587,3464,images/img06587.jpg,55.0,49.52419942076547,5.47580057923453,validation
img06588,3464,images/img06588.jpg,55.0,55.4832258439271,0.4832258439271015,validation
img06616,3481,images/img06616.jpg,57.0,59.094994006562615,2.094994006562615,validation
img06617,3481,images/img06617.jpg,57.0,58.845634656009274,1.845634656009274,validation
img06639,3493,images/img06639.jpg,86.0,84.16647571585094,1.833524284149064,validation
img06640,3493,images/img06640.jpg,86.0,79.64021121073517,6.359788789264826,validation
img06656,3502,images/img06656.jpg,73.0,72.37559295372739,0.6244070462726086,validation
img06657,3502,images/img06657.jpg,73.0,63.418122639420446,9.581877360579554,validation
img06692,3521,images/img06692.jpg,75.0,79.91580410463668,4.915804104636678,validation
img06695,3523,images/img06695.jpg,85.0,80.14413212360583,4.855867876394171,validation
img06755,3555,images/img06755.jpg,49.0,61.069604860170855,12.069604860170855,validation
img06756,3555,images/img06756.jpg,49.0,59.60105142527093,10.601051425270931,validation
img06774,3565,images/img06774.jpg,58.0,55.49709322823149,2.502906771768508,validation
img06782,3569,images/img06782.jpg,25.0,39.658333502412496,14.658333502412496,validation
img06783,3569,images/img06783.jpg,25.0,25.151486129969825,0.1514861299698253,validation
img06834,3595,images/img06834.jpg,67.0,66.4105111887908,0.5894888112091934,validation
img06835,3595,images/img06835.jpg,67.0,70.05839150774756,3.058391507747558,validation
img06906,3632,images/img06906.jpg,87.0,78.63404020017677,8.36595979982323,validation
img06907,3632,images/img06907.jpg,87.0,66.18014263770206,20.819857362297935,validation
img06908,3633,images/img06908.jpg,82.0,78.24657466930978,3.75342533069022,validation
img06909,3633,images/img06909.jpg,82.0,71.87078973701668,10.12921026298332,validation
img06910,3634,images/img06910.jpg,51.0,53.34014444331691,2.340144443316916,validation
img06911,3634,images/img06911.jpg,51.0,53.990469445978405,2.990469445978406,validation
img06924,3641,images/img06924.jpg,72.0,63.47012294485157,8.529877055148432,validation
img06925,3641,images/img06925.jpg,72.0,66.79631681057921,5.2036831894207864,validation
img06939,3649,images/img06939.jpg,70.0,75.40931454788665,5.409314547886652,validation
img06971,3667,images/img06971.jpg,59.0,54.78542411525672,4.214575884743283,validation
img06997,3681,images/img06997.jpg,75.0,72.51138813053414,2.4886118694658563,validation
img06998,3681,images/img06998.jpg,75.0,70.36069126992501,4.639308730074987,validation
img07005,3685,images/img07005.jpg,78.0,78.99908496176829,0.9990849617682898,validation
img07006,3685,images/img07006.jpg,78.0,76.44191104922938,1.5580889507706246,validation
img07103,3737,images/img07103.jpg,80.0,75.92503368441825,4.074966315581747,validation
img07104,3737,images/img07104.jpg,80.0,75.37423397270842,4.625766027291576,validation
img07129,3750,images/img07129.jpg,53.0,42.83593278729523,10.164067212704772,validation
img07130,3750,images/img07130.jpg,53.0,36.072049770084185,16.927950229915815,validation
img07135,3753,images/img07135.jpg,34.0,37.53175985396426,3.5317598539642603,validation
img07136,3753,images/img07136.jpg,34.0,31.42237178840413,2.5776282115958686,validation
img07139,3755,images/img07139.jpg,80.0,77.46158163572375,2.5384183642762537,validation
img07140,3755,images/img07140.jpg,80.0,78.13736748424182,1.862632515758179,validation
img07151,3761,images/img07151.jpg,56.0,56.1028269874364,0.1028269874364014,validation
img07152,3761,images/img07152.jpg,56.0,63.13935116141284,7.13935116141284,validation
img07163,3768,images/img07163.jpg,37.0,37.755047071513474,0.7550470715134736,validation
img07164,3768,images/img07164.jpg,37.0,37.19957300348911,0.1995730034891067,validation
img07167,3770,images/img07167.jpg,44.0,65.1056781471532,21.1056781471532,validation
img07168,3770,images/img07168.jpg,44.0,59.42044688292107,15.42044688292107,validation
img07179,3776,images/img07179.jpg,28.0,28.713912759082827,0.7139127590828274,validation
img07180,3776,images/img07180.jpg,28.0,20.78230006425495,7.217699935745045,validation
img07277,3827,images/img07277.jpg,16.0,17.302122911534433,1.3021229115344326,validation
img07281,3829,images/img07281.jpg,22.0,24.343793130837568,2.343793130837568,validation
img07282,3829,images/img07282.jpg,22.0,16.646570067763804,5.353429932236196,validation
img07303,3840,images/img07303.jpg,34.0,36.01168230141339,2.011682301413387,validation
img07319,3848,images/img07319.jpg,22.0,16.120276372476738,5.879723627523262,validation
img07320,3848,images/img07320.jpg,22.0,16.753510964352607,5.246489035647393,validation
img07321,3849,images/img07321.jpg,29.0,36.04520766611458,7.045207666114578,validation
img07341,3859,images/img07341.jpg,39.0,32.14080268606164,6.85919731393836,validation
img07342,3859,images/img07342.jpg,39.0,34.7136966573775,4.286303342622503,validation
img07373,3875,images/img07373.jpg,57.0,53.0821310989801,3.917868901019901,validation
img07374,3875,images/img07374.jpg,57.0,57.29864629103154,0.2986462910315381,validation
img07398,3888,images/img07398.jpg,41.0,47.385824276824984,6.385824276824984,validation
img07399,3888,images/img07399.jpg,41.0,46.66989523950009,5.669895239500093,validation
img07436,3908,images/img07436.jpg,83.0,59.62072194768771,23.379278052312287,validation
img07437,3908,images/img07437.jpg,83.0,44.063354845725016,38.936645154274984,validation
img07444,3912,images/img07444.jpg,73.0,74.36097617555832,1.3609761755583207,validation
img07493,3937,images/img07493.jpg,71.0,76.95192193075623,5.951921930756228,validation
img07498,3940,images/img07498.jpg,72.0,72.39317795634425,0.3931779563442461,validation
img07499,3940,images/img07499.jpg,72.0,72.29377426845582,0.2937742684558202,validation
img07502,3942,images/img07502.jpg,35.0,35.99072731255949,0.9907273125594926,validation
img07503,3942,images/img07503.jpg,35.0,37.05868794779295,2.058687947792947,validation
img07504,3943,images/img07504.jpg,69.0,51.86335485475554,17.136645145244458,validation
img07505,3943,images/img07505.jpg,69.0,56.96405900699401,12.035940993005989,validation
img07542,3963,images/img07542.jpg,54.0,73.90285981025062,19.902859810250614,validation
img07583,3985,images/img07583.jpg,80.0,74.53980138698724,5.460198613012764,validation
img07584,3985,images/img07584.jpg,80.0,78.28559452937091,1.7144054706290888,validation
img07611,3999,images/img07611.jpg,47.0,52.2413009924607,5.241300992460701,validation
img07612,3999,images/img07612.jpg,47.0,51.05584725939685,4.055847259396849,validation
img07647,4017,images/img07647.jpg,59.0,66.91536021113969,7.915360211139685,validation
img07648,4017,images/img07648.jpg,59.0,65.26454955010544,6.264549550105443,validation
img07655,4021,images/img07655.jpg,84.0,77.65020489128004,6.34979510871996,validation
img07673,4030,images/img07673.jpg,78.0,81.37782628263408,3.377826282634075,validation
img07674,4030,images/img07674.jpg,78.0,75.97940279570919,2.0205972042908087,validation
img07692,4040,images/img07692.jpg,57.0,57.08767540526195,0.0876754052619475,validation
img07715,4052,images/img07715.jpg,82.0,58.181008069764886,23.81899193023511,validation
img07716,4052,images/img07716.jpg,82.0,62.66163052827215,19.33836947172785,validation
img07721,4055,images/img07721.jpg,65.0,62.01807985231337,2.9819201476866297,validation
img07722,4055,images/img07722.jpg,65.0,48.85775846773998,16.142241532260023,validation
img07732,4062,images/img07732.jpg,59.0,62.62924267025226,3.629242670252261,validation
img07733,4062,images/img07733.jpg,59.0,61.22226687262451,2.222266872624516,validation
img07778,4087,images/img07778.jpg,49.0,54.95926251048211,5.959262510482112,validation
img07779,4087,images/img07779.jpg,49.0,52.86605172578059,3.8660517257805935,validation
img07823,4110,images/img07823.jpg,65.0,58.450666270670546,6.5493337293294545,validation
img07824,4110,images/img07824.jpg,65.0,65.64735326667784,0.6473532666778397,validation
img07828,4113,images/img07828.jpg,54.0,61.28273740398121,7.282737403981208,validation
img07829,4113,images/img07829.jpg,54.0,59.79016286532216,5.790162865322159,validation
img07832,4115,images/img07832.jpg,75.0,26.85722484014177,48.14277515985823,validation
img07833,4115,images/img07833.jpg,75.0,20.793716574264455,54.20628342573554,validation
img07861,4130,images/img07861.jpg,64.0,53.379757595453434,10.620242404546566,validation
img07878,4138,images/img07878.jpg,45.0,43.53452984362366,1.465470156376341,validation
img07893,4146,images/img07893.jpg,27.0,22.047530314555143,4.9524696854448536,validation
img07904,4152,images/img07904.jpg,77.0,70.41929194969484,6.580708050305162,validation
img07905,4152,images/img07905.jpg,77.0,71.42733771958707,5.572662280412928,validation
img07935,4168,images/img07935.jpg,71.0,74.01329393205538,3.013293932055376,validation
img07936,4168,images/img07936.jpg,71.0,67.51267554841459,3.4873244515854083,validation
img07957,4179,images/img07957.jpg,80.0,85.07836127328159,5.078361273281587,validation
img07969,4186,images/img07969.jpg,43.0,48.60811828500022,5.6081182850002165,validation
img07970,4186,images/img07970.jpg,43.0,52.10346037578743,9.103460375787428,validation
img07981,4192,images/img07981.jpg,34.0,36.764849141352386,2.7648491413523857,validation
img07982,4192,images/img07982.jpg,34.0,39.867624916278885,5.867624916278885,validation
img08001,4203,images/img08001.jpg,83.0,71.82173844219558,11.17826155780442,validation
img08002,4203,images/img08002.jpg,83.0,66.64441549890235,16.355584501097653,validation
img08003,4204,images/img08003.jpg,63.0,59.51675759962235,3.483242400377648,validation
img08004,4204,images/img08004.jpg,63.0,66.90921789318273,3.909217893182728,validation
img08049,4227,images/img08049.jpg,61.0,56.03931010848857,4.960689891511429,validation
img08050,4227,images/img08050.jpg,61.0,55.137845197416055,5.8621548025839445,validation
img08057,4231,images/img08057.jpg,66.0,70.44504017140045,4.44504017140045,validation
img08058,4231,images/img08058.jpg,66.0,68.75596926047145,2.7559692604714456,validation
img08106,4256,images/img08106.jpg,54.0,48.418527112684906,5.581472887315094,validation
img08107,4256,images/img08107.jpg,54.0,47.592678176374285,6.407321823625715,validation
img08117,4262,images/img08117.jpg,71.0,71.6565720358258,0.6565720358258034,validation
img08118,4262,images/img08118.jpg,71.0,71.42538007386037,0.4253800738603672,validation
img08125,4266,images/img08125.jpg,77.0,62.93126923451632,14.06873076548368,validation
img08126,4266,images/img08126.jpg,77.0,77.27841579477268,0.2784157947726839,validation
img08135,4271,images/img08135.jpg,27.0,29.91310218524131,2.913102185241314,validation
img08136,4271,images/img08136.jpg,27.0,27.95461232607033,0.954612326070329,validation
img08141,4274,images/img08141.jpg,68.0,74.62583637219163,6.625836372191628,validation
img08142,4274,images/img08142.jpg,68.0,77.40539120501019,9.40539120501019,validation
img08161,4284,images/img08161.jpg,70.0,70.59175017741765,0.5917501774176515,validation
img08162,4284,images/img08162.jpg,70.0,75.28434149840358,5.2843414984035775,validation
img08169,4288,images/img08169.jpg,61.0,58.28623220920632,2.713767790793682,validation
img08170,4288,images/img08170.jpg,61.0,65.73654120664317,4.736541206643167,validation
img08209,4309,images/img08209.jpg,72.0,76.22157066106931,4.221570661069308,validation
img08210,4309,images/img08210.jpg,72.0,67.41789604876081,4.582103951239191,validation
img08244,4327,images/img08244.jpg,34.0,50.2358205468812,16.2358205468812,validation
img08261,4336,images/img08261.jpg,64.0,63.295551659415395,0.7044483405846051,validation
img08315,4365,images/img08315.jpg,32.0,42.27009792016021,10.270097920160213,validation
img08316,4365,images/img08316.jpg,32.0,34.91363390556261,2.9136339055626124,validation
img08317,4366,images/img08317.jpg,55.0,56.396974845608334,1.3969748456083335,validation
img08318,4366,images/img08318.jpg,55.0,48.22629993495376,6.773700065046242,validation
img08323,4369,images/img08323.jpg,35.0,31.29853297377107,3.7014670262289258,validation
img08377,4399,images/img08377.jpg,38.0,43.35573953172859,5.355739531728588,validation
img08378,4399,images/img08378.jpg,38.0,33.641401936284495,4.358598063715505,validation
img08381,4401,images/img08381.jpg,46.0,49.009050673490165,3.009050673490165,validation
img08382,4401,images/img08382.jpg,46.0,49.83644718600479,3.83644718600479,validation
img08399,4410,images/img08399.jpg,51.0,44.8159611119016,6.184038888098399,validation
img08422,4422,images/img08422.jpg,33.0,30.394022124086337,2.6059778759136663,validation
img08432,4429,images/img08432.jpg,54.0,48.76778474295789,5.232215257042107,validation
img08433,4429,images/img08433.jpg,54.0,48.44529123800857,5.554708761991428,validation
img08442,4434,images/img08442.jpg,62.0,62.7691499936955,0.7691499936954997,validation
img08456,4442,images/img08456.jpg,72.0,34.52929842663748,37.47070157336252,validation
img08457,4442,images/img08457.jpg,72.0,71.65540508266281,0.34459491733719,validation
img08493,4463,images/img08493.jpg,33.0,35.084177021365605,2.084177021365605,validation
img08494,4463,images/img08494.jpg,33.0,36.70357210358071,3.703572103580711,validation
img08524,4479,images/img08524.jpg,78.0,75.90052984921635,2.0994701507836453,validation
img08525,4479,images/img08525.jpg,78.0,84.08866284269867,6.0886628426986675,validation
img08532,4483,images/img08532.jpg,54.0,53.813289420387214,0.1867105796127859,validation
img08533,4483,images/img08533.jpg,54.0,62.22125130573666,8.221251305736658,validation
img08538,4486,images/img08538.jpg,16.0,13.572558052389326,2.4274419476106743,validation
img08581,4508,images/img08581.jpg,75.0,72.46139891074091,2.538601089259089,validation
img08582,4508,images/img08582.jpg,75.0,48.70960013106814,26.290399868931857,validation
img08653,4548,images/img08653.jpg,70.0,74.4591747389186,4.459174738918605,validation
img08654,4548,images/img08654.jpg,70.0,69.59159497400601,0.4084050259939857,validation
img08655,4549,images/img08655.jpg,64.0,65.68702422116729,1.6870242211672917,validation
img08656,4549,images/img08656.jpg,64.0,58.304239005408014,5.695760994591986,validation
img08724,4584,images/img08724.jpg,55.0,62.31047250932018,7.310472509320178,validation
img08725,4584,images/img08725.jpg,55.0,79.01550083000129,24.015500830001287,validation
img08728,4586,images/img08728.jpg,64.0,59.45322763334933,4.546772366650671,validation
img08729,4586,images/img08729.jpg,64.0,62.01804440747431,1.9819555925256935,validation
img08741,4593,images/img08741.jpg,36.0,36.59731611034364,0.5973161103436411,validation
img08742,4593,images/img08742.jpg,36.0,42.39087866313997,6.390878663139972,validation
img08778,4612,images/img08778.jpg,78.0,77.65045791290042,0.3495420870995787,validation
img08779,4612,images/img08779.jpg,78.0,71.51717348214942,6.482826517850583,validation
img08857,4653,images/img08857.jpg,76.0,74.61689445725392,1.3831055427460797,validation
img08858,4653,images/img08858.jpg,76.0,74.10111424653809,1.8988857534619117,validation
img08870,4660,images/img08870.jpg,63.0,61.08477852312101,1.9152214768789904,validation
img08871,4660,images/img08871.jpg,63.0,70.04356029647329,7.043560296473288,validation
img08886,4668,images/img08886.jpg,81.0,77.82449752575064,3.175502474249356,validation
img08887,4668,images/img08887.jpg,81.0,76.44474881757526,4.55525118242474,validation
img08890,4670,images/img08890.jpg,33.0,40.07873655895744,7.078736558957438,validation
img08891,4670,images/img08891.jpg,33.0,38.333380334207234,5.333380334207234,validation
img08903,4676,images/img08903.jpg,64.0,65.29510463729318,1.2951046372931785,validation
img08926,4689,images/img08926.jpg,79.0,74.67847250350502,4.32152749649498,validation
img08934,4693,images/img08934.jpg,81.0,77.21714311944275,3.7828568805572473,validation
img08935,4693,images/img08935.jpg,81.0,81.19577504554523,0.1957750455452327,validation
img08954,4704,images/img08954.jpg,82.0,78.45217436686148,3.5478256331385154,validation
img08955,4704,images/img08955.jpg,82.0,78.79110991469418,3.208890085305825,validation
img08971,4713,images/img08971.jpg,63.0,58.86095609667306,4.139043903326943,validation
img08972,4713,images/img08972.jpg,63.0,61.0508725353788,1.9491274646211991,validation
img08979,4717,images/img08979.jpg,68.0,77.25922977604063,9.259229776040629,validation
img08980,4717,images/img08980.jpg,68.0,70.33100485394692,2.331004853946922,validation
img08993,4724,images/img08993.jpg,48.0,48.75408340409189,0.7540834040918867,validation
img08994,4724,images/img08994.jpg,48.0,52.82771513315555,4.82771513315555,validation
img09017,4737,images/img09017.jpg,56.0,51.13433849223826,4.865661507761743,validation
img09018,4737,images/img09018.jpg,56.0,60.147028048668446,4.147028048668446,validation
img09019,4738,images/img09019.jpg,62.0,62.79249451000744,0.7924945100074439,validation
img09020,4738,images/img09020.jpg,62.0,57.113652314342666,4.886347685657334,validation
img09021,4739,images/img09021.jpg,60.0,65.62596094304044,5.62596094304044,validation
img09022,4739,images/img09022.jpg,60.0,66.1432494679847,6.1432494679847025,validation
img09066,4762,images/img09066.jpg,66.0,67.06497560334961,1.064975603349609,validation
img09067,4762,images/img09067.jpg,66.0,60.42622104760829,5.573778952391713,validation
img09102,4782,images/img09102.jpg,70.0,71.51489519695551,1.5148951969555071,validation
img09103,4782,images/img09103.jpg,70.0,70.94001807872297,0.9400180787229716,validation
img09112,4787,images/img09112.jpg,58.0,51.41225656758227,6.5877434324177315,validation
img09161,4812,images/img09161.jpg,52.0,22.68064493928341,29.31935506071659,validation
img09162,4812,images/img09162.jpg,52.0,23.126641350852523,28.873358649147477,validation
img09163,4813,images/img09163.jpg,78.0,70.8756295293868,7.124370470613201,validation
img09164,4813,images/img09164.jpg,78.0,80.526214401377,2.526214401377004,validation
img09168,4815,images/img09168.jpg,40.0,44.376098293405995,4.376098293405995,validation
img09190,4827,images/img09190.jpg,69.0,77.99468946499431,8.994689464994309,validation
img09191,4827,images/img09191.jpg,69.0,64.45622072509093,4.54377927490907,validation
img09211,4838,images/img09211.jpg,77.0,68.17689874512519,8.823101254874814,validation
img09212,4838,images/img09212.jpg,77.0,69.90111239602706,7.0988876039729405,validation
img09218,4842,images/img09218.jpg,49.0,46.47858471983763,2.5214152801623726,validation
img09219,4842,images/img09219.jpg,49.0,49.45688040119664,0.4568804011966421,validation
img09222,4844,images/img09222.jpg,58.0,54.57639335728376,3.423606642716244,validation
img09223,4844,images/img09223.jpg,58.0,59.99178728784666,1.9917872878466625,validation
img09246,4856,images/img09246.jpg,58.0,58.55573199894663,0.5557319989466265,validation
img09247,4856,images/img09247.jpg,58.0,68.08906316209641,10.089063162096409,validation
img09268,4867,images/img09268.jpg,31.0,31.240824413335197,0.2408244133351971,validation
img09269,4867,images/img09269.jpg,31.0,36.31322954239228,5.313229542392278,validation
img09322,4895,images/img09322.jpg,68.0,73.79300807441695,5.793008074416946,validation
img09323,4895,images/img09323.jpg,68.0,74.07373774345646,6.073737743456462,validation
img09459,4966,images/img09459.jpg,64.0,64.2323227656994,0.2323227656993935,validation
img09460,4966,images/img09460.jpg,64.0,61.988264744304225,2.0117352556957755,validation
img09481,4978,images/img09481.jpg,54.0,55.20553706942656,1.205537069426562,validation
img09497,4986,images/img09497.jpg,60.0,62.24985747208116,2.2498574720811604,validation
img09498,4986,images/img09498.jpg,60.0,72.25072133101457,12.250721331014574,validation
img09511,4993,images/img09511.jpg,54.0,43.459270089494346,10.540729910505654,validation
img09512,4993,images/img09512.jpg,54.0,43.61570615935037,10.384293840649631,validation
img09545,5011,images/img09545.jpg,64.0,67.51896182694867,3.5189618269486687,validation
img09575,5027,images/img09575.jpg,62.0,64.73315234329857,2.7331523432985705,validation
img09576,5027,images/img09576.jpg,62.0,60.667015289128415,1.332984710871585,validation
img09596,5038,images/img09596.jpg,68.0,65.9135429174286,2.0864570825713997,validation
img09597,5038,images/img09597.jpg,68.0,71.47028704903721,3.47028704903721,validation
img09607,5044,images/img09607.jpg,62.0,51.32259966513089,10.677400334869112,validation
img09608,5044,images/img09608.jpg,62.0,61.7149288686932,0.2850711313068004,validation
img09626,5054,images/img09626.jpg,78.0,82.31760747371233,4.317607473712329,validation
img09636,5059,images/img09636.jpg,69.0,59.845310672462055,9.154689327537945,validation
img09637,5059,images/img09637.jpg,69.0,67.72951943952742,1.2704805604725775,validation
img09701,5093,images/img09701.jpg,46.0,38.326771234985074,7.673228765014926,validation
img09702,5093,images/img09702.jpg,46.0,39.54833889661213,6.45166110338787,validation
img09716,5101,images/img09716.jpg,73.0,73.3207955692666,0.3207955692665933,validation
img09717,5101,images/img09717.jpg,73.0,43.56302967545097,29.43697032454903,validation
img09720,5103,images/img09720.jpg,68.0,57.15538268214482,10.844617317855182,validation
img09721,5103,images/img09721.jpg,68.0,58.59701651157126,9.402983488428738,validation
img09722,5104,images/img09722.jpg,55.0,58.641147108446326,3.641147108446326,validation
img09723,5104,images/img09723.jpg,55.0,59.53930378909755,4.539303789097552,validation
img09730,5108,images/img09730.jpg,65.0,62.5414507116408,2.458549288359201,validation
img09731,5108,images/img09731.jpg,65.0,64.21528579482498,0.7847142051750211,validation
img09767,5129,images/img09767.jpg,71.0,69.99568140786732,1.0043185921326767,validation
img09771,5131,images/img09771.jpg,32.0,45.86023041670552,13.86023041670552,validation
img09772,5131,images/img09772.jpg,32.0,33.48028605706176,1.480286057061761,validation
img09789,5140,images/img09789.jpg,80.0,82.72688303201244,2.726883032012438,validation
img09790,5140,images/img09790.jpg,80.0,79.68070993854306,0.3192900614569396,validation
img09820,5157,images/img09820.jpg,39.0,40.836551580560595,1.8365515805605952,validation
img09821,5157,images/img09821.jpg,39.0,35.300970744398526,3.6990292556014737,validation
img09863,5179,images/img09863.jpg,77.0,68.27892535110425,8.721074648895751,validation
img09864,5179,images/img09864.jpg,77.0,70.94073351916681,6.0592664808331875,validation
img09902,5199,images/img09902.jpg,54.0,45.20199030882871,8.798009691171288,validation
img09903,5199,images/img09903.jpg,54.0,48.88239208558336,5.117607914416638,validation
img09967,5232,images/img09967.jpg,27.0,26.116305555361993,0.8836944446380066,validation
img09968,5232,images/img09968.jpg,27.0,25.23939151206629,1.760608487933709,validation
img09992,5245,images/img09992.jpg,55.0,73.95031227017739,18.950312270177392,validation
img09993,5245,images/img09993.jpg,55.0,61.20082547151764,6.200825471517639,validation
img09997,5248,images/img09997.jpg,48.0,52.77511880912296,4.775118809122958,validation
img10029,5264,images/img10029.jpg,80.0,85.5736859947217,5.5736859947217,validation
img10030,5265,images/img10030.jpg,84.0,77.95389409114875,6.046105908851246,validation
img10041,5271,images/img10041.jpg,45.0,52.07925209601279,7.079252096012787,validation
img10073,5289,images/img10073.jpg,65.0,59.680612274294205,5.319387725705795,validation
img10074,5289,images/img10074.jpg,65.0,60.70443467837956,4.295565321620437,validation
img10088,5297,images/img10088.jpg,14.0,18.499237996649924,4.499237996649924,validation
img10089,5297,images/img10089.jpg,14.0,13.171745631046967,0.8282543689530328,validation
img10124,5315,images/img10124.jpg,59.0,56.31358418172433,2.6864158182756697,validation
img10125,5315,images/img10125.jpg,59.0,51.181128406327154,7.818871593672846,validation
img10136,5321,images/img10136.jpg,57.0,53.48811028724737,3.5118897127526267,validation
img10137,5321,images/img10137.jpg,57.0,58.26480743990854,1.2648074399085374,validation
img10188,5347,images/img10188.jpg,72.0,76.87710387385215,4.87710387385215,validation
img10189,5347,images/img10189.jpg,72.0,76.20051315483474,4.200513154834738,validation
img10196,5351,images/img10196.jpg,66.0,56.64788334011817,9.35211665988183,validation
img10197,5351,images/img10197.jpg,66.0,60.81993850278071,5.180061497219292,validation
img10200,5354,images/img10200.jpg,78.0,70.30474731716924,7.6952526828307555,validation
img10201,5354,images/img10201.jpg,78.0,79.04776108660056,1.047761086600559,validation
img10208,5358,images/img10208.jpg,71.0,65.4874779568223,5.512522043177697,validation
img10209,5358,images/img10209.jpg,71.0,67.16893258979454,3.8310674102054634,validation
img10214,5361,images/img10214.jpg,44.0,39.60262403089976,4.3973759691002385,validation
img10215,5361,images/img10215.jpg,44.0,44.567124163745525,0.5671241637455253,validation
img10234,5371,images/img10234.jpg,60.0,62.320990356333134,2.3209903563331338,validation
img10235,5371,images/img10235.jpg,60.0,64.32638464368846,4.326384643688456,validation
img10244,5376,images/img10244.jpg,60.0,58.86645059203301,1.1335494079669957,validation
img10245,5376,images/img10245.jpg,60.0,58.26908726789906,1.73091273210094,validation
img10274,5391,images/img10274.jpg,57.0,47.00202974067447,9.997970259325529,validation
img10275,5391,images/img10275.jpg,57.0,52.968779594267886,4.031220405732114,validation
img10293,5401,images/img10293.jpg,86.0,76.1876308644037,9.8123691355963,validation
img10351,5431,images/img10351.jpg,59.0,51.786295048107064,7.213704951892936,validation
img10352,5431,images/img10352.jpg,59.0,59.18130655212212,0.1813065521221233,validation
img10362,5437,images/img10362.jpg,59.0,74.67020022337299,15.670200223372987,validation
img10363,5437,images/img10363.jpg,59.0,72.70129612518015,13.70129612518015,validation
img10423,5470,images/img10423.jpg,58.0,59.55472720183679,1.5547272018367906,validation
img10424,5470,images/img10424.jpg,58.0,65.47502536690175,7.475025366901747,validation
img10440,5479,images/img10440.jpg,68.0,57.6589760710699,10.3410239289301,validation
img10441,5479,images/img10441.jpg,68.0,66.33688735031053,1.6631126496894666,validation
img10442,5480,images/img10442.jpg,59.0,56.2889926887089,2.711007311291098,validation
img10443,5480,images/img10443.jpg,59.0,65.25959926935143,6.259599269351426,validation
img10488,5505,images/img10488.jpg,69.0,63.349505248131486,5.650494751868514,validation
img10489,5505,images/img10489.jpg,69.0,68.57978114506881,0.4202188549311927,validation
img10496,5509,images/img10496.jpg,77.0,60.752027827052146,16.247972172947854,validation
img10497,5509,images/img10497.jpg,77.0,58.675341835300586,18.324658164699414,validation
img10522,5522,images/img10522.jpg,17.0,26.395331690905632,9.395331690905632,validation
img10523,5522,images/img10523.jpg,17.0,26.214986168533535,9.214986168533535,validation
img10543,5533,images/img10543.jpg,50.0,51.00139417110258,1.0013941711025822,validation
img10544,5533,images/img10544.jpg,50.0,49.50833921854793,0.4916607814520688,validation
img10604,5564,images/img10604.jpg,72.0,65.3911296140611,6.6088703859389,validation
img10605,5564,images/img10605.jpg,72.0,64.42904543963414,7.570954560365863,validation
img10615,5570,images/img10615.jpg,74.0,84.18986712841146,10.189867128411464,validation
img10616,5570,images/img10616.jpg,74.0,75.48448596257091,1.4844859625709148,validation
img10623,5574,images/img10623.jpg,35.0,31.90839360285332,3.0916063971466805,validation
img10624,5574,images/img10624.jpg,35.0,30.751312645501372,4.248687354498628,validation
img10645,5586,images/img10645.jpg,21.0,34.26579385877203,13.265793858772028,validation
img10646,5586,images/img10646.jpg,21.0,20.541558717340813,0.4584412826591872,validation
img10672,5600,images/img10672.jpg,48.0,49.80957618085871,1.8095761808587127,validation
img10673,5600,images/img10673.jpg,48.0,47.539348416825696,0.4606515831743039,validation
img10694,5612,images/img10694.jpg,54.0,47.75846077763854,6.24153922236146,validation
img10695,5612,images/img10695.jpg,54.0,52.521328308381555,1.4786716916184446,validation
img10709,5620,images/img10709.jpg,49.0,66.44554050527869,17.445540505278686,validation
img10710,5620,images/img10710.jpg,49.0,43.08091769940301,5.91908230059699,validation
img10731,5632,images/img10731.jpg,62.0,59.01622003296654,2.9837799670334633,validation
img10732,5632,images/img10732.jpg,62.0,74.13849819095017,12.138498190950171,validation
img10765,5649,images/img10765.jpg,66.0,53.981553160385864,12.018446839614136,validation
img10801,5667,images/img10801.jpg,57.0,51.27065607144226,5.729343928557739,validation
img10802,5667,images/img10802.jpg,57.0,55.07160356462844,1.9283964353715604,validation
img10810,5672,images/img10810.jpg,58.0,52.73701560713051,5.262984392869491,validation
img10811,5672,images/img10811.jpg,58.0,58.82506628855378,0.8250662885537778,validation
img10839,5687,images/img10839.jpg,54.0,46.92571536625674,7.074284633743261,validation
img10840,5687,images/img10840.jpg,54.0,49.25112038391134,4.748879616088658,validation
img10841,5688,images/img10841.jpg,55.0,53.32445328571645,1.6755467142835556,validation
img10842,5688,images/img10842.jpg,55.0,59.31884806888423,4.318848068884229,validation
img10868,5703,images/img10868.jpg,82.0,83.88946502838692,1.8894650283869223,validation
img10875,5707,images/img10875.jpg,75.0,65.23401463921071,9.765985360789289,validation
img10886,5713,images/img10886.jpg,77.0,73.5652439010415,3.434756098958502,validation
img10887,5713,images/img10887.jpg,77.0,72.70543499177225,4.29456500822775,validation
img10909,5725,images/img10909.jpg,53.0,69.25990544188817,16.259905441888165,validation
img10910,5725,images/img10910.jpg,53.0,72.23048287321497,19.230482873214967,validation
img10926,5735,images/img10926.jpg,71.0,66.65514383372881,4.344856166271185,validation
img10927,5735,images/img10927.jpg,71.0,72.59646446916818,1.5964644691681826,validation
img10945,5745,images/img10945.jpg,66.0,59.65013380248936,6.349866197510636,validation
img10946,5745,images/img10946.jpg,66.0,62.44503747755884,3.5549625224411585,validation
img10955,5750,images/img10955.jpg,53.0,42.39290501732393,10.607094982676069,validation
img10956,5750,images/img10956.jpg,53.0,42.76583925478562,10.234160745214382,validation
img10965,5755,images/img10965.jpg,68.0,66.25954998330694,1.7404500166930603,validation
img10987,5767,images/img10987.jpg,19.0,17.792007668136243,1.2079923318637569,validation
img10988,5767,images/img10988.jpg,19.0,22.283926669505412,3.283926669505412,validation
img11032,5792,images/img11032.jpg,66.0,63.94623983535098,2.05376016464902,validation
img11033,5792,images/img11033.jpg,66.0,69.29488349968571,3.29488349968571,validation
img11042,5797,images/img11042.jpg,57.0,57.16966422576102,0.1696642257610179,validation
img11043,5797,images/img11043.jpg,57.0,59.49754867807121,2.4975486780712117,validation
img11050,5802,images/img11050.jpg,52.0,57.524668555056515,5.524668555056515,validation
img11051,5802,images/img11051.jpg,52.0,48.82972923431437,3.170270765685629,validation
img11058,5807,images/img11058.jpg,84.0,76.88416012335172,7.11583987664828,validation
img11082,5821,images/img11082.jpg,65.0,63.60629874469932,1.393701255300677,validation
img11089,5825,images/img11089.jpg,70.0,70.45588411093279,0.4558841109327858,validation
img11090,5825,images/img11090.jpg,70.0,73.91985479262338,3.919854792623383,validation
img11134,5849,images/img11134.jpg,74.0,66.69928083794018,7.300719162059821,validation
img11135,5849,images/img11135.jpg,74.0,68.76518382801733,5.234816171982672,validation
img11138,5852,images/img11138.jpg,74.0,77.13560908349412,3.135609083494117,validation
img11150,5859,images/img11150.jpg,57.0,53.68251050626567,3.317489493734328,validation
img11151,5859,images/img11151.jpg,57.0,52.27542128515293,4.72457871484707,validation
img11177,5874,images/img11177.jpg,69.0,71.25472571579324,2.254725715793242,validation
img11187,5880,images/img11187.jpg,80.0,73.62103080589495,6.3789691941050535,validation
img11188,5880,images/img11188.jpg,80.0,72.50902259650562,7.490977403494384,validation
img11205,5888,images/img11205.jpg,63.0,59.70642293344709,3.2935770665529134,validation
img11206,5888,images/img11206.jpg,63.0,59.74080674488511,3.2591932551148872,validation
img11208,5890,images/img11208.jpg,68.0,67.13100988382871,0.8689901161712896,validation
img11209,5890,images/img11209.jpg,68.0,64.99302136128662,3.0069786387133774,validation
img11214,5893,images/img11214.jpg,53.0,50.14617455053414,2.853825449465859,validation
img11215,5893,images/img11215.jpg,53.0,47.50198628462227,5.498013715377731,validation
img11249,5913,images/img11249.jpg,66.0,68.18265825882027,2.1826582588202683,validation
img11250,5913,images/img11250.jpg,66.0,63.036853957032065,2.963146042967935,validation
img11275,5926,images/img11275.jpg,59.0,55.979641448452526,3.0203585515474742,validation
img11276,5926,images/img11276.jpg,59.0,58.48279933482809,0.517200665171913,validation
img11285,5932,images/img11285.jpg,60.0,54.45410811721207,5.545891882787927,validation
img11286,5932,images/img11286.jpg,60.0,52.26355271711907,7.736447282880924,validation
img11301,5941,images/img11301.jpg,65.0,72.25788009789481,7.257880097894812,validation
img11302,5941,images/img11302.jpg,65.0,53.962239540233185,11.037760459766815,validation
img11318,5951,images/img11318.jpg,82.0,73.59148725988354,8.408512740116464,validation
img11319,5951,images/img11319.jpg,82.0,76.58881627451403,5.411183725485969,validation
img11320,5952,images/img11320.jpg,56.0,52.07281095079726,3.927189049202738,validation
img11321,5952,images/img11321.jpg,56.0,45.50248183890874,10.497518161091255,validation
img11324,5954,images/img11324.jpg,47.0,41.82988610632614,5.170113893673857,validation
img11325,5954,images/img11325.jpg,47.0,53.67468046866411,6.674680468664107,validation
img11351,5968,images/img11351.jpg,49.0,47.467969054615935,1.532030945384065,validation
img11363,5975,images/img11363.jpg,70.0,66.50350754038712,3.496492459612881,validation
img11364,5975,images/img11364.jpg,70.0,61.80889531826939,8.191104681730607,validation
img11390,5989,images/img11390.jpg,62.0,56.33143215778176,5.668567842218238,validation
img11391,5989,images/img11391.jpg,62.0,59.80568715952642,2.1943128404735788,validation
img11396,5992,images/img11396.jpg,66.0,66.56580538952379,0.5658053895237884,validation
img11409,6001,images/img11409.jpg,61.0,62.41733924439957,1.4173392443995638,validation
img11410,6001,images/img11410.jpg,61.0,52.00078649251655,8.999213507483447,validation
img11417,6005,images/img11417.jpg,77.0,74.57088160309831,2.4291183969016856,validation
img11418,6005,images/img11418.jpg,77.0,72.70315670657834,4.296843293421659,validation
img11426,6010,images/img11426.jpg,67.0,80.45622338624807,13.45622338624807,validation
img11427,6010,images/img11427.jpg,67.0,69.59264414124226,2.5926441412422605,validation
img11428,6011,images/img11428.jpg,70.0,68.84561961926023,1.1543803807397666,validation
img11429,6011,images/img11429.jpg,70.0,65.89838343241408,4.101616567585921,validation
img11457,6026,images/img11457.jpg,70.0,71.85652019011525,1.8565201901152475,validation
img11458,6026,images/img11458.jpg,70.0,68.10746394131692,1.8925360586830775,validation
img11459,6027,images/img11459.jpg,74.0,75.96353441391341,1.9635344139134077,validation
img11460,6027,images/img11460.jpg,74.0,69.15800098427756,4.841999015722436,validation
img11466,6030,images/img11466.jpg,68.0,68.539151544009,0.5391515440090018,validation
img11475,6036,images/img11475.jpg,59.0,66.33279865179834,7.332798651798342,validation
img11476,6036,images/img11476.jpg,59.0,74.41778171055591,15.417781710555914,validation
img11509,6056,images/img11509.jpg,25.0,25.27395731912028,0.273957319120278,validation
img11510,6056,images/img11510.jpg,25.0,26.59998691982261,1.5999869198226089,validation
img11556,6080,images/img11556.jpg,83.0,78.42191647101666,4.578083528983342,validation
img11557,6080,images/img11557.jpg,83.0,82.494216564742,0.505783435257996,validation
img11634,6121,images/img11634.jpg,49.0,56.69737312849637,7.697373128496373,validation
img11649,6131,images/img11649.jpg,60.0,77.23191216592237,17.231912165922367,validation
img11650,6131,images/img11650.jpg,60.0,68.95650634439455,8.956506344394555,validation
img11666,6141,images/img11666.jpg,72.0,64.01564791920364,7.984352080796356,validation
img11667,6141,images/img11667.jpg,72.0,59.52585738042019,12.474142619579808,validation
img11682,6150,images/img11682.jpg,61.0,62.70747542842111,1.7074754284211124,validation
img11683,6150,images/img11683.jpg,61.0,54.9068390482031,6.0931609517968965,validation
img11707,6163,images/img11707.jpg,67.0,72.87313488617718,5.8731348861771835,validation
img11708,6163,images/img11708.jpg,67.0,69.03573373927803,2.0357337392780295,validation
img11740,6180,images/img11740.jpg,14.0,27.566239407323348,13.566239407323348,validation
img11741,6180,images/img11741.jpg,14.0,19.3459704868311,5.345970486831099,validation
img11788,6205,images/img11788.jpg,32.0,39.46952266186179,7.469522661861788,validation
img11789,6205,images/img11789.jpg,32.0,30.623837735685697,1.3761622643143063,validation
img11821,6222,images/img11821.jpg,72.0,71.82217686758952,0.1778231324104808,validation
img11822,6222,images/img11822.jpg,72.0,77.369904922751,5.3699049227510045,validation
img11827,6225,images/img11827.jpg,88.0,82.08758028368902,5.912419716310978,validation
img11828,6225,images/img11828.jpg,88.0,81.62038894897083,6.379611051029173,validation
img11847,6235,images/img11847.jpg,39.0,43.712103034275835,4.7121030342758345,validation
img11848,6235,images/img11848.jpg,39.0,42.9364020015764,3.936402001576397,validation
img11877,6251,images/img11877.jpg,72.0,62.29187814674786,9.708121853252138,validation
img11878,6251,images/img11878.jpg,72.0,79.05566146857502,7.055661468575025,validation
img11901,6263,images/img11901.jpg,63.0,67.29167752216361,4.29167752216361,validation
img11902,6263,images/img11902.jpg,63.0,67.7873817760343,4.7873817760342945,validation
img11982,6305,images/img11982.jpg,83.0,80.45441733537152,2.5455826646284834,validation
img11983,6305,images/img11983.jpg,83.0,73.08977701435997,9.910222985640033,validation
img11986,6307,images/img11986.jpg,83.0,60.14987017945606,22.85012982054394,validation
img11987,6307,images/img11987.jpg,83.0,53.278765433469786,29.721234566530217,validation
img12008,6318,images/img12008.jpg,36.0,36.62995153693175,0.629951536931749,validation
img12009,6318,images/img12009.jpg,36.0,35.99836158558839,0.0016384144116088,validation
img12023,6327,images/img12023.jpg,24.0,25.26989152342717,1.2698915234271697,validation
img12024,6327,images/img12024.jpg,24.0,30.03147049794395,6.03147049794395,validation
img12029,6330,images/img12029.jpg,11.0,15.324261629857835,4.324261629857837,validation
img12030,6330,images/img12030.jpg,11.0,16.813250241414174,5.813250241414174,validation
img12061,6346,images/img12061.jpg,75.0,72.95043517242608,2.049564827573917,validation
img12062,6346,images/img12062.jpg,75.0,70.75248870543068,4.247511294569321,validation
img12063,6347,images/img12063.jpg,40.0,40.64945299838922,0.6494529983892221,validation
img12064,6347,images/img12064.jpg,40.0,45.441562521359,5.441562521359003,validation
img12078,6355,images/img12078.jpg,77.0,82.36895777532555,5.368957775325555,validation
img12079,6355,images/img12079.jpg,77.0,82.45769420257174,5.457694202571744,validation
img12080,6356,images/img12080.jpg,32.0,31.734186035996455,0.265813964003545,validation
img12081,6356,images/img12081.jpg,32.0,29.737847632369057,2.262152367630943,validation
img12094,6363,images/img12094.jpg,25.0,39.06853901468149,14.068539014681493,validation
img12095,6363,images/img12095.jpg,25.0,31.64638535250153,6.646385352501529,validation
img12104,6368,images/img12104.jpg,25.0,23.745833242796948,1.254166757203052,validation
img12105,6368,images/img12105.jpg,25.0,26.038438151688094,1.0384381516880978,validation
img12116,6374,images/img12116.jpg,89.0,77.0837723696279,11.916227630372106,validation
img12118,6375,images/img12118.jpg,58.0,46.02051634138897,11.97948365861103,validation
img12119,6375,images/img12119.jpg,58.0,47.317324126157544,10.682675873842456,validation
img12166,6403,images/img12166.jpg,58.0,55.38340854203208,2.616591457967921,validation
img12167,6403,images/img12167.jpg,58.0,56.6027872121944,1.3972127878056,validation
img12176,6408,images/img12176.jpg,76.0,68.85113374560797,7.148866254392033,validation
img12177,6408,images/img12177.jpg,76.0,72.92668931147492,3.0733106885250834,validation
img12208,6426,images/img12208.jpg,71.0,65.5003984186185,5.499601581381498,validation
img12209,6426,images/img12209.jpg,71.0,72.64307279662005,1.6430727966200465,validation
img12286,6466,images/img12286.jpg,63.0,53.59337818743242,9.40662181256758,validation
img12287,6466,images/img12287.jpg,63.0,55.66116916049488,7.338830839505121,validation
img12294,6470,images/img12294.jpg,37.0,68.73192675348258,31.731926753482583,validation
img12295,6470,images/img12295.jpg,37.0,70.3191237438931,33.3191237438931,validation
img12304,6475,images/img12304.jpg,37.0,44.496829958916294,7.496829958916294,validation
img12335,6493,images/img12335.jpg,71.0,78.62632740319671,7.626327403196711,validation
img12340,6496,images/img12340.jpg,82.0,81.99304180894087,0.0069581910591267,validation
img12341,6496,images/img12341.jpg,82.0,76.01421071827924,5.985789281720756,validation
img12348,6500,images/img12348.jpg,85.0,77.13066207457139,7.86933792542861,validation
img12349,6500,images/img12349.jpg,85.0,78.96928948474694,6.0307105152530625,validation
img12404,6530,images/img12404.jpg,62.0,74.8788721705136,12.878872170513604,validation
img12405,6530,images/img12405.jpg,62.0,74.71454117173526,12.714541171735265,validation
img12422,6539,images/img12422.jpg,43.0,47.000282582761294,4.000282582761294,validation
img12423,6539,images/img12423.jpg,43.0,49.56613121068191,6.56613121068191,validation
img12470,6563,images/img12470.jpg,88.0,75.35576121319936,12.644238786800642,validation
img12471,6563,images/img12471.jpg,88.0,77.1426195273555,10.857380472644492,validation
img12548,6603,images/img12548.jpg,8.0,13.111570109812329,5.111570109812327,validation
img12549,6603,images/img12549.jpg,8.0,10.20902822910864,2.2090282291086396,validation
img12552,6605,images/img12552.jpg,48.0,47.53453882481749,0.4654611751825115,validation
img12553,6605,images/img12553.jpg,48.0,56.88347407477443,8.883474074774433,validation
img12558,6608,images/img12558.jpg,38.0,41.46848398357982,3.468483983579823,validation
img12559,6608,images/img12559.jpg,38.0,42.107732201381594,4.1077322013815945,validation
img12584,6622,images/img12584.jpg,65.0,61.850575722481096,3.1494242775189036,validation
img12585,6622,images/img12585.jpg,65.0,64.61130225678954,0.3886977432104572,validation
img12620,6640,images/img12620.jpg,51.0,50.40452053105293,0.5954794689470759,validation
img12621,6640,images/img12621.jpg,51.0,46.55108086713048,4.44891913286952,validation
img12625,6642,images/img12625.jpg,80.0,70.79956381414773,9.200436185852269,validation
img12626,6643,images/img12626.jpg,77.0,74.28879303345965,2.7112069665403453,validation
img12627,6643,images/img12627.jpg,77.0,78.37449891062374,1.3744989106237426,validation
img12646,6653,images/img12646.jpg,16.0,13.208590813905296,2.791409186094704,validation
img12647,6653,images/img12647.jpg,16.0,15.047447252271716,0.9525527477282836,validation
img12667,6664,images/img12667.jpg,34.0,38.92499068830868,4.924990688308682,validation
img12668,6664,images/img12668.jpg,34.0,40.55748291121009,6.557482911210087,validation
img12719,6691,images/img12719.jpg,73.0,52.39371325512528,20.606286744874723,validation
img12720,6691,images/img12720.jpg,73.0,70.31187118451564,2.6881288154843617,validation
img12727,6695,images/img12727.jpg,58.0,62.91778547243164,4.917785472431639,validation
img12728,6695,images/img12728.jpg,58.0,57.41559640119275,0.5844035988072491,validation
img12757,6710,images/img12757.jpg,51.0,54.12470286864552,3.124702868645521,validation
img12758,6710,images/img12758.jpg,51.0,44.797344391815415,6.202655608184585,validation
img12771,6717,images/img12771.jpg,71.0,67.62756372322647,3.372436276773527,validation
img12772,6717,images/img12772.jpg,71.0,65.39450450804509,5.605495491954912,validation
img12777,6720,images/img12777.jpg,57.0,69.65113794118969,12.651137941189688,validation
img12778,6720,images/img12778.jpg,57.0,74.99303727060861,17.99303727060861,validation
img12789,6726,images/img12789.jpg,59.0,59.26374470411947,0.2637447041194676,validation
img12790,6726,images/img12790.jpg,59.0,56.68089059670068,2.319109403299322,validation
img12817,6740,images/img12817.jpg,41.0,45.277497631526245,4.277497631526245,validation
img12818,6740,images/img12818.jpg,41.0,51.44650500700034,10.44650500700034,validation
img12823,6743,images/img12823.jpg,49.0,55.64873811013035,6.648738110130353,validation
img12824,6743,images/img12824.jpg,49.0,52.78575389675743,3.785753896757427,validation
img12843,6754,images/img12843.jpg,39.0,40.10263946781092,1.102639467810917,validation
img12844,6754,images/img12844.jpg,39.0,33.30869377402251,5.691306225977492,validation
img12868,6767,images/img12868.jpg,45.0,47.68815021365282,2.6881502136528184,validation
img12869,6767,images/img12869.jpg,45.0,48.540565874798794,3.5405658747987943,validation
img12880,6773,images/img12880.jpg,44.0,42.65361326003995,1.346386739960053,validation
img12881,6773,images/img12881.jpg,44.0,43.90059105413847,0.0994089458615334,validation
img12882,6774,images/img12882.jpg,51.0,43.345566317612366,7.6544336823876336,validation
img12883,6774,images/img12883.jpg,51.0,43.12275460621181,7.877245393788193,validation
img12938,6805,images/img12938.jpg,63.0,68.16334136683629,5.163341366836292,validation
img12939,6805,images/img12939.jpg,63.0,68.67768415300183,5.6776841530018345,validation
img12940,6806,images/img12940.jpg,48.0,50.961560715658656,2.9615607156586563,validation
img12941,6806,images/img12941.jpg,48.0,46.98817244451659,1.011827555483407,validation
img12944,6808,images/img12944.jpg,62.0,76.55691155691584,14.556911556915836,validation
img12945,6808,images/img12945.jpg,62.0,66.78479778318903,4.784797783189035,validation
img12952,6812,images/img12952.jpg,48.0,41.60265633206271,6.397343667937292,validation
img12953,6812,images/img12953.jpg,48.0,41.41549558509667,6.5845044149033285,validation
img12963,6818,images/img12963.jpg,76.0,77.28677205190803,1.2867720519080308,validation
img12964,6818,images/img12964.jpg,76.0,72.80678323806217,3.1932167619378333,validation
img12968,6821,images/img12968.jpg,51.0,53.55749110583922,2.557491105839219,validation
img12969,6821,images/img12969.jpg,51.0,46.53488966464662,4.46511033535338,validation
img12994,6835,images/img12994.jpg,66.0,68.27793943927308,2.2779394392730836,validation
img13033,6856,images/img13033.jpg,77.0,64.27964926012119,12.72035073987881,validation
img13034,6856,images/img13034.jpg,77.0,48.44811810025013,28.551881899749873,validation
img13044,6862,images/img13044.jpg,60.0,63.22831279971338,3.228312799713379,validation
img13045,6862,images/img13045.jpg,60.0,57.82902309545232,2.170976904547679,validation
img13052,6866,images/img13052.jpg,68.0,73.43123187229222,5.431231872292216,validation
img13096,6889,images/img13096.jpg,85.0,80.80086937030639,4.199130629693613,validation
img13097,6889,images/img13097.jpg,85.0,82.38941326460127,2.6105867353987264,validation
img13112,6897,images/img13112.jpg,64.0,63.76431892620885,0.2356810737911558,validation
img13113,6897,images/img13113.jpg,64.0,60.769817864430344,3.230182135569656,validation
img13129,6906,images/img13129.jpg,83.0,61.33306035056684,21.66693964943316,validation
img13182,6936,images/img13182.jpg,26.0,30.075766731278485,4.075766731278485,validation
img13183,6936,images/img13183.jpg,26.0,30.79744546680457,4.797445466804572,validation
img13226,6961,images/img13226.jpg,70.0,67.36618584570479,2.6338141542952087,validation
img13227,6961,images/img13227.jpg,70.0,67.17634655951603,2.823653440483966,validation
img13233,6965,images/img13233.jpg,79.0,75.64639580618865,3.35360419381135,validation
img13234,6965,images/img13234.jpg,79.0,73.24156163072053,5.7584383692794745,validation
img13276,6988,images/img13276.jpg,56.0,64.95220799236891,8.952207992368912,validation
img13323,7012,images/img13323.jpg,37.0,48.00122302568448,11.001223025684482,validation
img13324,7012,images/img13324.jpg,37.0,39.43303847105667,2.433038471056676,validation
img13342,7022,images/img13342.jpg,75.0,65.56979177923031,9.430208220769686,validation
img13343,7022,images/img13343.jpg,75.0,70.91413353071327,4.085866469286728,validation
img13344,7023,images/img13344.jpg,45.0,52.895825935898515,7.895825935898515,validation
img13345,7023,images/img13345.jpg,45.0,61.12400287263827,16.124002872638272,validation
img13358,7030,images/img13358.jpg,55.0,56.01658901236522,1.0165890123652233,validation
img13359,7030,images/img13359.jpg,55.0,54.69813547335995,0.3018645266400526,validation
img13360,7031,images/img13360.jpg,19.0,19.23475003490438,0.2347500349043798,validation
img13361,7031,images/img13361.jpg,19.0,20.786841366096716,1.7868413660967164,validation
img13415,7060,images/img13415.jpg,82.0,64.25285241648454,17.747147583515456,validation
img13423,7065,images/img13423.jpg,68.0,69.84910336571248,1.84910336571248,validation
img13424,7065,images/img13424.jpg,68.0,75.17021347906328,7.170213479063278,validation
img13437,7072,images/img13437.jpg,64.0,60.53785756741508,3.462142432584919,validation
img13438,7072,images/img13438.jpg,64.0,68.92086955789566,4.9208695578956565,validation
img13442,7075,images/img13442.jpg,53.0,53.64409757091034,0.6440975709103398,validation
img13443,7075,images/img13443.jpg,53.0,57.02784233570318,4.027842335703177,validation
img13478,7094,images/img13478.jpg,67.0,77.72223316669727,10.722233166697263,validation
img13479,7094,images/img13479.jpg,67.0,76.93245889697427,9.932458896974268,validation
img13482,7096,images/img13482.jpg,74.0,66.14664235704083,7.853357642959168,validation
img13483,7096,images/img13483.jpg,74.0,74.83491184519232,0.8349118451923232,validation
img13513,7112,images/img13513.jpg,33.0,40.3627129752551,7.3627129752551,validation
img13514,7112,images/img13514.jpg,33.0,38.92555344329196,5.92555344329196,validation
img13539,7125,images/img13539.jpg,40.0,42.87794310116283,2.8779431011628276,validation
img13540,7125,images/img13540.jpg,40.0,49.59344009591671,9.593440095916712,validation
img13543,7127,images/img13543.jpg,45.0,46.70276732855209,1.702767328552092,validation
img13544,7127,images/img13544.jpg,45.0,46.02809717450667,1.0280971745066694,validation
img13585,7149,images/img13585.jpg,66.0,67.4731736385422,1.4731736385422067,validation
img13586,7149,images/img13586.jpg,66.0,61.249436159723935,4.750563840276065,validation
img13597,7155,images/img13597.jpg,52.0,46.982772832264295,5.0172271677357045,validation
img13598,7155,images/img13598.jpg,52.0,50.14475130391947,1.8552486960805297,validation
img13611,7162,images/img13611.jpg,55.0,55.06843806784752,0.0684380678475236,validation
img13612,7162,images/img13612.jpg,55.0,58.683833600782194,3.6838336007821937,validation
img13623,7168,images/img13623.jpg,47.0,61.607615528641624,14.607615528641624,validation
img13624,7168,images/img13624.jpg,47.0,50.799154644294035,3.7991546442940343,validation
img13627,7170,images/img13627.jpg,50.0,55.89802697998448,5.898026979984479,validation
img13628,7170,images/img13628.jpg,50.0,55.30905085905692,5.309050859056917,validation
img13657,7185,images/img13657.jpg,58.0,53.59044553597889,4.409554464021113,validation
img13658,7185,images/img13658.jpg,58.0,55.155073434095115,2.844926565904885,validation
img13690,7202,images/img13690.jpg,56.0,57.14060927322347,1.1406092732234685,validation
img13691,7202,images/img13691.jpg,56.0,59.05280156075276,3.052801560752762,validation
img13697,7206,images/img13697.jpg,38.0,42.86063075115415,4.860630751154147,validation
img13698,7206,images/img13698.jpg,38.0,44.51686447256499,6.51686447256499,validation
img13707,7211,images/img13707.jpg,36.0,33.617066055089225,2.382933944910775,validation
img13732,7224,images/img13732.jpg,37.0,38.33277177358579,1.3327717735857902,validation
img13733,7224,images/img13733.jpg,37.0,62.18089108545374,25.180891085453737,validation
img13742,7229,images/img13742.jpg,47.0,56.41791531571084,9.417915315710845,validation
img13743,7229,images/img13743.jpg,47.0,61.485857598714155,14.485857598714157,validation
img13752,7234,images/img13752.jpg,64.0,62.901366332367346,1.0986336676326545,validation
img13753,7234,images/img13753.jpg,64.0,64.11012968220929,0.1101296822092905,validation
img13764,7240,images/img13764.jpg,63.0,68.8066662864355,5.806666286435501,validation
img13765,7240,images/img13765.jpg,63.0,68.50713776536753,5.507137765367531,validation
img13766,7241,images/img13766.jpg,34.0,45.066175501034174,11.066175501034174,validation
img13767,7241,images/img13767.jpg,34.0,43.916489973026366,9.916489973026366,validation
img13805,7261,images/img13805.jpg,46.0,42.00816819375957,3.991831806240427,validation
img13806,7261,images/img13806.jpg,46.0,41.00299400113664,4.997005998863358,validation
img13811,7264,images/img13811.jpg,68.0,59.37908384634528,8.620916153654719,validation
img13812,7264,images/img13812.jpg,68.0,58.57190425207422,9.42809574792578,validation
img13827,7272,images/img13827.jpg,26.0,24.30387024533816,1.6961297546618397,validation
img13828,7272,images/img13828.jpg,26.0,29.381652083828453,3.3816520838284525,validation
img13829,7273,images/img13829.jpg,57.0,58.33166922105345,1.3316692210534526,validation
img13830,7273,images/img13830.jpg,57.0,55.01434051855432,1.98565948144568,validation
img13859,7288,images/img13859.jpg,63.0,56.62507192781836,6.374928072181639,validation
img13860,7288,images/img13860.jpg,63.0,55.87733414661335,7.12266585338665,validation
img13903,7311,images/img13903.jpg,69.0,66.08859461676037,2.911405383239625,validation
img13904,7311,images/img13904.jpg,69.0,64.91758056582547,4.0824194341745255,validation
img13945,7332,images/img13945.jpg,67.0,66.36082733991873,0.6391726600812717,validation
img13946,7332,images/img13946.jpg,67.0,62.72336889425685,4.276631105743149,validation
img13953,7336,images/img13953.jpg,86.0,73.61840352536257,12.381596474637432,validation
img13954,7336,images/img13954.jpg,86.0,68.770682685819,17.229317314181003,validation
img13983,7351,images/img13983.jpg,92.0,82.24869398169089,9.751306018309108,validation
img13984,7351,images/img13984.jpg,92.0,80.26065948589807,11.739340514101926,validation
img14005,7362,images/img14005.jpg,70.0,75.29638183758058,5.296381837580583,validation
img14006,7362,images/img14006.jpg,70.0,78.52196470967081,8.521964709670812,validation
img14007,7363,images/img14007.jpg,74.0,82.31693347646492,8.316933476464925,validation
img14045,7382,images/img14045.jpg,45.0,47.108945553223336,2.108945553223336,validation
img14046,7382,images/img14046.jpg,45.0,50.67935272417762,5.679352724177619,validation
img14058,7389,images/img14058.jpg,60.0,52.461538317934874,7.538461682065126,validation
img14059,7389,images/img14059.jpg,60.0,56.30739442221354,3.692605577786459,validation
img14089,7405,images/img14089.jpg,63.0,51.66722765411706,11.332772345882937,validation
img14090,7405,images/img14090.jpg,63.0,53.41593968716868,9.58406031283132,validation
img14132,7426,images/img14132.jpg,63.0,59.47514972100442,3.5248502789955793,validation
img14133,7426,images/img14133.jpg,63.0,70.69457838206475,7.694578382064748,validation
img14154,7438,images/img14154.jpg,47.0,46.156708500393215,0.8432914996067851,validation
img14155,7438,images/img14155.jpg,47.0,38.98727763134104,8.012722368658963,validation
img14173,7448,images/img14173.jpg,57.0,52.079853567666426,4.920146432333574,validation
img14174,7448,images/img14174.jpg,57.0,48.31113688459782,8.688863115402178,validation
img14183,7453,images/img14183.jpg,31.0,58.28733045391205,27.28733045391205,validation
img14184,7453,images/img14184.jpg,31.0,67.44517221568263,36.44517221568263,validation
img14203,7463,images/img14203.jpg,34.0,56.71219616019241,22.712196160192413,validation
img14204,7463,images/img14204.jpg,34.0,37.53938322088883,3.53938322088883,validation
img14231,7477,images/img14231.jpg,53.0,59.03939495935619,6.039394959356187,validation
img14232,7477,images/img14232.jpg,53.0,75.77284990463932,22.772849904639315,validation
img14269,7496,images/img14269.jpg,88.0,69.11333394339592,18.886666056604085,validation
img14270,7496,images/img14270.jpg,88.0,79.51645310127414,8.483546898725862,validation
img14321,7521,images/img14321.jpg,68.0,63.87042332459577,4.1295766754042305,validation
img14322,7521,images/img14322.jpg,68.0,63.77672189335472,4.223278106645282,validation
img14346,7534,images/img14346.jpg,67.0,71.43032272034137,4.4303227203413655,validation
img14347,7534,images/img14347.jpg,67.0,69.4711763136899,2.471176313689895,validation
img14350,7536,images/img14350.jpg,79.0,79.15422211459898,0.1542221145989799,validation
img14351,7536,images/img14351.jpg,79.0,60.48441220316063,18.51558779683937,validation
img14362,7542,images/img14362.jpg,87.0,84.8249513955812,2.175048604418805,validation
img14372,7547,images/img14372.jpg,47.0,51.788038388883734,4.788038388883734,validation
img14373,7547,images/img14373.jpg,47.0,43.78615548265615,3.2138445173438512,validation
img14374,7548,images/img14374.jpg,53.0,52.96877141468964,0.0312285853103588,validation
img14375,7548,images/img14375.jpg,53.0,54.06610982314873,1.0661098231487287,validation
img14394,7559,images/img14394.jpg,89.0,74.89170429286474,14.108295707135255,validation
img14395,7559,images/img14395.jpg,89.0,83.0958910719164,5.904108928083602,validation
img14426,7575,images/img14426.jpg,61.0,60.72815872712208,0.2718412728779213,validation
img14427,7575,images/img14427.jpg,61.0,70.20516040672814,9.20516040672814,validation
img14429,7576,images/img14429.jpg,59.0,54.71876491499968,4.2812350850003185,validation
img14440,7582,images/img14440.jpg,64.0,65.53221861390816,1.5322186139081566,validation
img14441,7582,images/img14441.jpg,64.0,65.49280886061734,1.4928088606173446,validation
img14456,7590,images/img14456.jpg,91.0,83.5440119926084,7.455988007391596,validation
img14457,7590,images/img14457.jpg,91.0,83.66336839836306,7.336631601636938,validation
img14504,7614,images/img14504.jpg,67.0,70.52059657156745,3.5205965715674523,validation
img14505,7614,images/img14505.jpg,67.0,64.77028599261635,2.2297140073836488,validation
img14645,7685,images/img14645.jpg,63.0,57.049075975522626,5.950924024477374,validation
img14646,7685,images/img14646.jpg,63.0,52.18194233844015,10.818057661559848,validation
img14649,7687,images/img14649.jpg,46.0,45.63428101909008,0.3657189809099179,validation
img14650,7687,images/img14650.jpg,46.0,53.94904860704968,7.949048607049683,validation
img14659,7692,images/img14659.jpg,53.0,52.32152356936401,0.678476430635989,validation
img14660,7692,images/img14660.jpg,53.0,52.38502436180796,0.6149756381920426,validation
img14675,7700,images/img14675.jpg,57.0,63.55527344499504,6.555273444995038,validation
img14676,7700,images/img14676.jpg,57.0,60.94100716691472,3.941007166914716,validation
img14679,7702,images/img14679.jpg,77.0,72.89099036018135,4.109009639818652,validation
img14680,7702,images/img14680.jpg,77.0,70.16686689321519,6.833133106784814,validation
img14681,7703,images/img14681.jpg,58.0,72.49424809697383,14.494248096973834,validation
img14682,7703,images/img14682.jpg,58.0,61.56454132429693,3.5645413242969326,validation
img14689,7707,images/img14689.jpg,66.0,56.80846925083377,9.191530749166231,validation
img14690,7707,images/img14690.jpg,66.0,74.6132987146573,8.613298714657304,validation
img14729,7728,images/img14729.jpg,87.0,84.01312716412988,2.986872835870116,validation
img14730,7728,images/img14730.jpg,87.0,70.6383083367896,16.361691663210394,validation
img14778,7753,images/img14778.jpg,60.0,56.67941145630133,3.320588543698676,validation
img14779,7753,images/img14779.jpg,60.0,56.79419043374365,3.205809566256356,validation
img14811,7770,images/img14811.jpg,79.0,69.067690806177,9.932309193823002,validation
img14854,7793,images/img14854.jpg,66.0,58.677510514146014,7.3224894858539855,validation
img14855,7793,images/img14855.jpg,66.0,60.537903918358474,5.462096081641526,validation
img14915,7823,images/img14915.jpg,67.0,60.7691226002795,6.230877399720498,validation
img14916,7823,images/img14916.jpg,67.0,51.7610588679996,15.2389411320004,validation
img14931,7831,images/img14931.jpg,73.0,71.24713070473992,1.7528692952600835,validation
img14937,7834,images/img14937.jpg,69.0,72.55761038189283,3.557610381892829,validation
img14938,7834,images/img14938.jpg,69.0,59.139769835834926,9.860230164165074,validation
img14959,7845,images/img14959.jpg,63.0,54.11422701013422,8.885772989865778,validation
img14960,7845,images/img14960.jpg,63.0,65.73379395896319,2.73379395896319,validation
img14989,7861,images/img14989.jpg,60.0,63.327250251641814,3.3272502516418143,validation
img14990,7861,images/img14990.jpg,60.0,64.84922546634559,4.849225466345587,validation
img14999,7866,images/img14999.jpg,68.0,61.77038640919598,6.229613590804021,validation
img15000,7866,images/img15000.jpg,68.0,58.67960993922896,9.32039006077104,validation
img15005,7869,images/img15005.jpg,49.0,46.64105077477605,2.3589492252239523,validation
img15006,7869,images/img15006.jpg,49.0,51.165913845485775,2.1659138454857754,validation
img15007,7870,images/img15007.jpg,61.0,51.50518966377348,9.49481033622652,validation
img15008,7870,images/img15008.jpg,61.0,48.356812194824506,12.643187805175494,validation
img15021,7877,images/img15021.jpg,57.0,51.79110791194657,5.208892088053432,validation
img15022,7877,images/img15022.jpg,57.0,57.19926318841504,0.1992631884150384,validation
img15027,7880,images/img15027.jpg,59.0,54.568067091935305,4.431932908064695,validation
img15028,7880,images/img15028.jpg,59.0,55.59742216274575,3.402577837254249,validation
img15053,7893,images/img15053.jpg,74.0,54.91369080824654,19.086309191753458,validation
img15054,7893,images/img15054.jpg,74.0,66.04430056464672,7.9556994353532815,validation
img15064,7899,images/img15064.jpg,64.0,56.82223554918367,7.177764450816333,validation
img15065,7899,images/img15065.jpg,64.0,58.85040062360017,5.149599376399827,validation
img15072,7903,images/img15072.jpg,64.0,78.6191293743409,14.6191293743409,validation
img15073,7903,images/img15073.jpg,64.0,65.62992640257373,1.62992640257373,validation
img15082,7908,images/img15082.jpg,54.0,86.32820955403898,32.32820955403898,validation
img15083,7908,images/img15083.jpg,54.0,81.10959500915331,27.10959500915331,validation
img15098,7917,images/img15098.jpg,58.0,58.12817903673121,0.1281790367312112,validation
img15099,7917,images/img15099.jpg,58.0,51.49571334972375,6.504286650276249,validation
img15110,7923,images/img15110.jpg,73.0,72.45523696179616,0.5447630382038398,validation
img15111,7923,images/img15111.jpg,73.0,70.9722074456441,2.027792554355898,validation
img15140,7938,images/img15140.jpg,42.0,44.67994235995615,2.6799423599561507,validation
img15141,7938,images/img15141.jpg,42.0,44.98414741855953,2.9841474185595303,validation
img15174,7957,images/img15174.jpg,57.0,56.49333634385789,0.5066636561421092,validation
img15175,7957,images/img15175.jpg,57.0,52.794187587233495,4.205812412766505,validation
img15188,7964,images/img15188.jpg,39.0,54.13566295818894,15.135662958188938,validation
img15189,7964,images/img15189.jpg,39.0,51.49713768694886,12.49713768694886,validation
img15190,7965,images/img15190.jpg,75.0,58.658733746978825,16.341266253021175,validation
img15191,7965,images/img15191.jpg,75.0,71.91810587063937,3.0818941293606343,validation
img15192,7966,images/img15192.jpg,71.0,68.47047144262017,2.529528557379834,validation
img15193,7966,images/img15193.jpg,71.0,56.286959586372895,14.713040413627104,validation
img15211,7977,images/img15211.jpg,58.0,62.39548777376999,4.395487773769993,validation
img15212,7978,images/img15212.jpg,47.0,42.04618578283305,4.953814217166951,validation
img15213,7978,images/img15213.jpg,47.0,43.41825768417267,3.581742315827327,validation
img15226,7985,images/img15226.jpg,65.0,68.72288123055377,3.7228812305537673,validation
img15227,7985,images/img15227.jpg,65.0,60.83434982903841,4.165650170961591,validation
img15246,7995,images/img15246.jpg,78.0,59.826795924451325,18.173204075548675,validation
img15247,7995,images/img15247.jpg,78.0,56.81148424337496,21.188515756625037,validation
img15257,8001,images/img15257.jpg,40.0,38.09669169566101,1.903308304338992,validation
img15258,8001,images/img15258.jpg,40.0,32.72471551172909,7.275284488270913,validation
img15271,8008,images/img15271.jpg,77.0,74.65349534337533,2.346504656624674,validation
img15272,8008,images/img15272.jpg,77.0,67.17856922357788,9.82143077642212,validation
img15283,8014,images/img15283.jpg,76.0,66.22948076306697,9.770519236933026,validation
img15284,8014,images/img15284.jpg,76.0,58.4716432080594,17.528356791940602,validation
img15300,8023,images/img15300.jpg,64.0,61.42420266442756,2.575797335572439,validation
img15301,8023,images/img15301.jpg,64.0,62.161908465567386,1.838091534432614,validation
img15340,8045,images/img15340.jpg,64.0,67.0533856862813,3.0533856862813025,validation
img15341,8045,images/img15341.jpg,64.0,63.794930725139075,0.205069274860925,validation
img15375,8063,images/img15375.jpg,54.0,70.60078915668387,16.600789156683874,validation
img15376,8063,images/img15376.jpg,54.0,64.32022105882805,10.320221058828054,validation
img15381,8066,images/img15381.jpg,54.0,56.43415920831123,2.434159208311229,validation
img15388,8070,images/img15388.jpg,62.0,64.3680197875672,2.3680197875672064,validation
img15389,8070,images/img15389.jpg,62.0,60.0736348742947,1.9263651257053027,validation
img15404,8078,images/img15404.jpg,58.0,60.25434902299305,2.254349022993047,validation
img15405,8078,images/img15405.jpg,58.0,63.68514060879484,5.685140608794839,validation
img15410,8081,images/img15410.jpg,51.0,58.19139654311526,7.19139654311526,validation
img15411,8081,images/img15411.jpg,51.0,58.09988533027568,7.099885330275683,validation
img15412,8082,images/img15412.jpg,53.0,51.23281079881715,1.7671892011828518,validation
img15413,8082,images/img15413.jpg,53.0,49.76541845504914,3.2345815449508635,validation
img15422,8088,images/img15422.jpg,72.0,68.96288423420498,3.037115765795022,validation
img15423,8088,images/img15423.jpg,72.0,65.10308522084947,6.896914779150535,validation
img15424,8089,images/img15424.jpg,68.0,70.178480803713,2.178480803713001,validation
img15425,8089,images/img15425.jpg,68.0,64.68402688696804,3.3159731130319585,validation
img15428,8091,images/img15428.jpg,71.0,62.50163579657423,8.498364203425773,validation
img15429,8091,images/img15429.jpg,71.0,64.25029275379899,6.749707246201012,validation
img15446,8100,images/img15446.jpg,87.0,78.97874071475671,8.02125928524329,validation
img15447,8100,images/img15447.jpg,87.0,82.94584706980643,4.054152930193567,validation
img15476,8115,images/img15476.jpg,53.0,51.93502704586649,1.0649729541335091,validation
img15477,8115,images/img15477.jpg,53.0,55.191650463113305,2.191650463113305,validation
img15505,8130,images/img15505.jpg,45.0,49.127990466059536,4.127990466059536,validation
img15506,8130,images/img15506.jpg,45.0,53.45518039584243,8.455180395842433,validation
img15511,8133,images/img15511.jpg,71.0,63.41216190810052,7.587838091899478,validation
img15512,8133,images/img15512.jpg,71.0,66.28393712319253,4.71606287680747,validation
img15513,8134,images/img15513.jpg,57.0,53.46414412298879,3.5358558770112083,validation
img15514,8134,images/img15514.jpg,57.0,43.46506886516501,13.534931134834991,validation
img15523,8139,images/img15523.jpg,91.0,65.23840271028668,25.76159728971332,validation
img15524,8139,images/img15524.jpg,91.0,74.66552913888972,16.334470861110276,validation
img15554,8155,images/img15554.jpg,59.0,65.50131671260283,6.501316712602829,validation
img15555,8155,images/img15555.jpg,59.0,74.85709486139345,15.857094861393447,validation
img15585,8171,images/img15585.jpg,64.0,64.0479250802646,0.0479250802646049,validation
img15586,8171,images/img15586.jpg,64.0,66.7364859222413,2.7364859222413003,validation
img15587,8172,images/img15587.jpg,77.0,69.42031460555052,7.579685394449484,validation
img15588,8172,images/img15588.jpg,77.0,67.37498598128624,9.625014018713756,validation
img15598,8178,images/img15598.jpg,72.0,75.75356791218918,3.753567912189183,validation
img15599,8178,images/img15599.jpg,72.0,77.03771370983412,5.037713709834122,validation
img15608,8183,images/img15608.jpg,65.0,66.15922800143419,1.1592280014341867,validation
img15609,8183,images/img15609.jpg,65.0,67.39051845506876,2.390518455068758,validation
img15612,8185,images/img15612.jpg,76.0,69.62406244658749,6.375937553412513,validation
img15617,8188,images/img15617.jpg,43.0,53.727681954472445,10.727681954472445,validation
img15618,8188,images/img15618.jpg,43.0,48.01292636623778,5.012926366237778,validation
img15621,8190,images/img15621.jpg,51.0,56.081582850491536,5.081582850491536,validation
img15622,8190,images/img15622.jpg,51.0,62.11691096972463,11.116910969724628,validation
img15636,8198,images/img15636.jpg,71.0,65.85240874962362,5.147591250376379,validation
img15637,8198,images/img15637.jpg,71.0,73.49133432262786,2.491334322627864,validation
img15640,8200,images/img15640.jpg,60.0,60.680420527261944,0.6804205272619441,validation
img15641,8200,images/img15641.jpg,60.0,67.54904522512426,7.54904522512426,validation
img15734,8249,images/img15734.jpg,68.0,71.01357866179814,3.0135786617981353,validation
img15735,8249,images/img15735.jpg,68.0,67.97992577609614,0.0200742239038618,validation
img15751,8259,images/img15751.jpg,76.0,76.97877494083016,0.9787749408301636,validation
img15752,8259,images/img15752.jpg,76.0,62.444023209856425,13.555976790143577,validation
img15771,8270,images/img15771.jpg,45.0,37.34930727223619,7.650692727763811,validation
img15772,8270,images/img15772.jpg,45.0,23.55200123181408,21.44799876818592,validation
img15788,8279,images/img15788.jpg,74.0,70.5507650373568,3.449234962643203,validation
img15789,8279,images/img15789.jpg,74.0,75.78835184132971,1.788351841329714,validation
img15798,8284,images/img15798.jpg,58.0,65.94137529567111,7.941375295671108,validation
img15799,8284,images/img15799.jpg,58.0,58.95700588482832,0.9570058848283196,validation
img15802,8286,images/img15802.jpg,59.0,62.76493151254182,3.764931512541821,validation
img15803,8286,images/img15803.jpg,59.0,55.16075360588122,3.8392463941187818,validation
img15812,8291,images/img15812.jpg,70.0,75.9636107566437,5.963610756643703,validation
img15813,8291,images/img15813.jpg,70.0,78.44418455483152,8.444184554831523,validation
img15814,8292,images/img15814.jpg,48.0,65.02436932225892,17.02436932225892,validation
img15815,8292,images/img15815.jpg,48.0,52.50259489297907,4.502594892979076,validation
img15816,8293,images/img15816.jpg,68.0,72.36017935648205,4.36017935648205,validation
img15817,8293,images/img15817.jpg,68.0,64.59235235521616,3.407647644783836,validation
img15818,8294,images/img15818.jpg,73.0,69.24404578497584,3.755954215024161,validation
img15819,8294,images/img15819.jpg,73.0,78.52238568529782,5.52238568529782,validation
img15829,8300,images/img15829.jpg,15.0,14.382044015072935,0.6179559849270646,validation
img15830,8300,images/img15830.jpg,15.0,14.17850993368078,0.8214900663192211,validation
img15886,8330,images/img15886.jpg,71.0,68.13167658353329,2.8683234164667084,validation
img15887,8330,images/img15887.jpg,71.0,73.26364867320356,2.263648673203562,validation
img15917,8346,images/img15917.jpg,60.0,63.62139442900354,3.621394429003537,validation
img15918,8346,images/img15918.jpg,60.0,58.705577918936754,1.294422081063246,validation
img15962,8369,images/img15962.jpg,73.0,64.19480522150931,8.805194778490687,validation
img15963,8369,images/img15963.jpg,73.0,73.08128879336226,0.0812887933622619,validation
img15971,8373,images/img15971.jpg,75.0,68.99285639011643,6.00714360988357,validation
img15972,8373,images/img15972.jpg,75.0,78.14307573924658,3.1430757392465836,validation
img15975,8375,images/img15975.jpg,73.0,67.64872810928345,5.351271890716546,validation
img15977,8377,images/img15977.jpg,67.0,61.00385468370947,5.99614531629053,validation
img15978,8377,images/img15978.jpg,67.0,62.78875698805458,4.21124301194542,validation
img15985,8381,images/img15985.jpg,89.0,80.35179743731706,8.64820256268294,validation
img15986,8381,images/img15986.jpg,89.0,78.5866815327472,10.413318467252791,validation
img15991,8384,images/img15991.jpg,73.0,70.08418662570178,2.9158133742982244,validation
img15992,8384,images/img15992.jpg,73.0,68.64980487851072,4.3501951214892784,validation
img15994,8386,images/img15994.jpg,70.0,73.19474935911775,3.1947493591177505,validation
img15995,8386,images/img15995.jpg,70.0,64.26512341976806,5.734876580231941,validation
img16010,8395,images/img16010.jpg,54.0,53.9628802738624,0.0371197261376039,validation
img16011,8395,images/img16011.jpg,54.0,54.7601323140172,0.7601323140171985,validation
img16045,8413,images/img16045.jpg,59.0,66.83448599450284,7.834485994502842,validation
img16046,8413,images/img16046.jpg,59.0,67.85675550565833,8.856755505658327,validation
img16053,8417,images/img16053.jpg,43.0,44.43994371874667,1.439943718746676,validation
img16054,8417,images/img16054.jpg,43.0,39.84262485333011,3.1573751466698923,validation
img16069,8425,images/img16069.jpg,65.0,57.584940527151296,7.415059472848704,validation
img16070,8425,images/img16070.jpg,65.0,62.09544557518823,2.9045544248117707,validation
img16096,8439,images/img16096.jpg,80.0,85.73912287247879,5.739122872478788,validation
img16097,8439,images/img16097.jpg,80.0,82.04888324431597,2.0488832443159737,validation
img16100,8441,images/img16100.jpg,80.0,79.33672486440695,0.6632751355930537,validation
img16101,8441,images/img16101.jpg,80.0,81.32250834026668,1.3225083402666795,validation
img16138,8460,images/img16138.jpg,67.0,60.73922406057225,6.260775939427752,validation
img16139,8460,images/img16139.jpg,67.0,58.21291265103678,8.787087348963219,validation
img16142,8462,images/img16142.jpg,62.0,55.00137861356168,6.998621386438316,validation
img16143,8462,images/img16143.jpg,62.0,52.07950239110709,9.920497608892909,validation
img16158,8470,images/img16158.jpg,48.0,45.24611422571488,2.7538857742851235,validation
img16167,8475,images/img16167.jpg,45.0,50.3579100223802,5.357910022380203,validation
img16168,8475,images/img16168.jpg,45.0,53.04812913751982,8.048129137519823,validation
img16179,8481,images/img16179.jpg,62.0,59.695334969830434,2.3046650301695664,validation
img16180,8481,images/img16180.jpg,62.0,55.632214407790826,6.367785592209174,validation
img16183,8483,images/img16183.jpg,79.0,78.64665638166224,0.3533436183377603,validation
img16184,8483,images/img16184.jpg,79.0,80.90788442840461,1.907884428404614,validation
img16207,8495,images/img16207.jpg,49.0,44.408389087097376,4.591610912902624,validation
img16208,8495,images/img16208.jpg,49.0,43.35201836893222,5.647981631067779,validation
img16211,8497,images/img16211.jpg,49.0,48.32595718976778,0.6740428102322227,validation
img16233,8508,images/img16233.jpg,19.0,19.189594400548877,0.1895944005488772,validation
img16234,8508,images/img16234.jpg,19.0,20.10015377569337,1.1001537756933717,validation
img16241,8512,images/img16241.jpg,22.0,21.495559287240603,0.5044407127593971,validation
img16242,8512,images/img16242.jpg,22.0,22.3003556250636,0.3003556250636023,validation
img00003,2,images/img00003.jpg,18.0,15.547034079282824,2.452965920717176,test
img00004,2,images/img00004.jpg,18.0,16.60579432490602,1.3942056750939784,test
img00009,5,images/img00009.jpg,23.0,19.446411345241017,3.5535886547589826,test
img00010,5,images/img00010.jpg,23.0,19.32735158552405,3.672648414475951,test
img00051,26,images/img00051.jpg,13.0,14.596318428006327,1.5963184280063274,test
img00052,26,images/img00052.jpg,13.0,15.052830505367524,2.052830505367524,test
img00068,35,images/img00068.jpg,20.0,17.705552797915267,2.294447202084733,test
img00069,35,images/img00069.jpg,20.0,17.29459769954881,2.7054023004511905,test
img00110,56,images/img00110.jpg,15.0,15.46182686739686,0.4618268673968586,test
img00111,56,images/img00111.jpg,15.0,12.705400610024554,2.2945993899754455,test
img00128,65,images/img00128.jpg,30.0,28.60024933978686,1.3997506602131402,test
img00129,65,images/img00129.jpg,30.0,29.83555323981377,0.1644467601862338,test
img00156,79,images/img00156.jpg,20.0,26.715770485799748,6.715770485799748,test
img00157,79,images/img00157.jpg,20.0,23.886532894719544,3.886532894719544,test
img00164,83,images/img00164.jpg,22.0,18.790640379383845,3.209359620616155,test
img00165,83,images/img00165.jpg,22.0,20.989952290640993,1.0100477093590072,test
img00217,110,images/img00217.jpg,22.0,25.19787633533514,3.1978763353351383,test
img00218,110,images/img00218.jpg,22.0,26.086178532769097,4.086178532769097,test
img00221,112,images/img00221.jpg,26.0,33.475596432201144,7.475596432201144,test
img00222,112,images/img00222.jpg,26.0,35.58513801752191,9.585138017521912,test
img00225,114,images/img00225.jpg,13.0,18.70856103821886,5.7085610382188605,test
img00226,114,images/img00226.jpg,13.0,16.840279930378202,3.840279930378202,test
img00231,117,images/img00231.jpg,19.0,19.40189262737821,0.4018926273782099,test
img00232,117,images/img00232.jpg,19.0,23.33271873577374,4.332718735773739,test
img00273,138,images/img00273.jpg,13.0,12.724438305737756,0.2755616942622438,test
img00274,138,images/img00274.jpg,13.0,11.219875777202477,1.7801242227975251,test
img00287,145,images/img00287.jpg,15.0,14.84178866175666,0.1582113382433405,test
img00288,145,images/img00288.jpg,15.0,13.278093235560393,1.721906764439609,test
img00291,147,images/img00291.jpg,10.0,11.111416750891353,1.111416750891351,test
img00292,147,images/img00292.jpg,10.0,11.588502103454992,1.5885021034549922,test
img00293,148,images/img00293.jpg,19.0,14.30469792318587,4.69530207681413,test
img00294,148,images/img00294.jpg,19.0,15.016779286904196,3.983220713095804,test
img00299,151,images/img00299.jpg,23.0,24.98737325327803,1.9873732532780295,test
img00300,151,images/img00300.jpg,23.0,21.861297677067338,1.1387023229326658,test
img00305,154,images/img00305.jpg,28.0,30.91587049124971,2.9158704912497093,test
img00306,154,images/img00306.jpg,28.0,28.546277210693415,0.5462772106934146,test
img00311,157,images/img00311.jpg,25.0,17.972446983005554,7.027553016994446,test
img00312,157,images/img00312.jpg,25.0,20.820205320453866,4.179794679546134,test
img00317,160,images/img00317.jpg,24.0,19.525986644852523,4.474013355147477,test
img00318,160,images/img00318.jpg,24.0,24.81113715101634,0.8111371510163394,test
img00344,174,images/img00344.jpg,76.0,80.73950290247923,4.739502902479231,test
img00345,174,images/img00345.jpg,76.0,78.43985701263458,2.439857012634576,test
img00394,202,images/img00394.jpg,74.0,68.25642714848809,5.743572851511914,test
img00395,202,images/img00395.jpg,74.0,61.884271767715006,12.115728232284994,test
img00424,218,images/img00424.jpg,38.0,41.84255681833325,3.84255681833325,test
img00425,218,images/img00425.jpg,38.0,40.07744309498426,2.077443094984261,test
img00427,220,images/img00427.jpg,49.0,46.89640302965707,2.1035969703429274,test
img00428,220,images/img00428.jpg,49.0,51.09118849046849,2.0911884904684896,test
img00441,227,images/img00441.jpg,41.0,37.41250160314854,3.5874983968514584,test
img00442,227,images/img00442.jpg,41.0,34.54877672896551,6.451223271034493,test
img00451,232,images/img00451.jpg,60.0,62.516711849890655,2.5167118498906547,test
img00452,232,images/img00452.jpg,60.0,63.21064491070364,3.2106449107036426,test
img00463,238,images/img00463.jpg,49.0,47.60107478609564,1.3989252139043629,test
img00464,238,images/img00464.jpg,49.0,45.01797051990884,3.982029480091157,test
img00478,246,images/img00478.jpg,59.0,61.33241034674895,2.3324103467489508,test
img00479,246,images/img00479.jpg,59.0,62.653088867363245,3.6530888673632447,test
img00482,248,images/img00482.jpg,37.0,59.74825779536132,22.74825779536132,test
img00483,248,images/img00483.jpg,37.0,61.81586213771348,24.81586213771348,test
img00487,251,images/img00487.jpg,64.0,64.8984703445185,0.8984703445185005,test
img00488,251,images/img00488.jpg,64.0,63.36423121549902,0.6357687845009821,test
img00495,255,images/img00495.jpg,87.0,70.3270546629597,16.672945337040304,test
img00509,264,images/img00509.jpg,57.0,61.477693289014965,4.477693289014965,test
img00510,264,images/img00510.jpg,57.0,57.53858822049852,0.538588220498518,test
img00526,273,images/img00526.jpg,51.0,57.451847065038955,6.4518470650389546,test
img00527,273,images/img00527.jpg,51.0,54.035705785505925,3.0357057855059253,test
img00530,275,images/img00530.jpg,77.0,80.71632088712177,3.716320887121768,test
img00531,275,images/img00531.jpg,77.0,80.29410196420638,3.2941019642063765,test
img00546,283,images/img00546.jpg,53.0,60.38270569134357,7.382705691343567,test
img00547,283,images/img00547.jpg,53.0,53.19122486056306,0.1912248605630608,test
img00575,298,images/img00575.jpg,75.0,78.00131165154167,3.00131165154167,test
img00576,298,images/img00576.jpg,75.0,78.22507001279781,3.225070012797815,test
img00593,307,images/img00593.jpg,11.0,7.99235379976291,3.0076462002370903,test
img00594,307,images/img00594.jpg,11.0,12.3936954234755,1.3936954234754992,test
img00609,316,images/img00609.jpg,62.0,66.11568537990864,4.115685379908641,test
img00610,316,images/img00610.jpg,62.0,61.67282476232839,0.3271752376716108,test
img00611,317,images/img00611.jpg,78.0,71.80689305298567,6.1931069470143285,test
img00635,329,images/img00635.jpg,68.0,73.1512296404113,5.151229640411302,test
img00636,329,images/img00636.jpg,68.0,69.83825615434885,1.838256154348855,test
img00645,334,images/img00645.jpg,68.0,63.06280285105729,4.937197148942708,test
img00646,334,images/img00646.jpg,68.0,73.08465987020975,5.084659870209748,test
img00651,337,images/img00651.jpg,30.0,36.10148098322102,6.101480983221023,test
img00652,337,images/img00652.jpg,30.0,35.869769890689625,5.869769890689625,test
img00655,339,images/img00655.jpg,52.0,49.32824181004927,2.6717581899507294,test
img00656,339,images/img00656.jpg,52.0,52.59072439551946,0.5907243955194588,test
img00669,346,images/img00669.jpg,49.0,56.608932733819515,7.608932733819515,test
img00670,346,images/img00670.jpg,49.0,59.79789638390043,10.79789638390043,test
img00677,350,images/img00677.jpg,77.0,77.62557018282621,0.625570182826209,test
img00678,350,images/img00678.jpg,77.0,68.27458908402383,8.72541091597617,test
img00695,360,images/img00695.jpg,75.0,66.5673235192461,8.432676480753898,test
img00707,366,images/img00707.jpg,74.0,72.42710684690553,1.5728931530944692,test
img00722,374,images/img00722.jpg,9.0,12.120026366377282,3.1200263663772816,test
img00723,374,images/img00723.jpg,9.0,16.685880030200032,7.685880030200032,test
img00753,390,images/img00753.jpg,47.0,51.38370111462289,4.3837011146228875,test
img00754,390,images/img00754.jpg,47.0,55.00497217493743,8.004972174937429,test
img00784,406,images/img00784.jpg,78.0,71.83291938035163,6.167080619648374,test
img00785,406,images/img00785.jpg,78.0,76.06354120937112,1.936458790628876,test
img00794,411,images/img00794.jpg,68.0,66.20696511068388,1.793034889316118,test
img00808,418,images/img00808.jpg,80.0,79.74530679447186,0.2546932055281417,test
img00809,418,images/img00809.jpg,80.0,77.90430839721563,2.0956916027843704,test
img00813,421,images/img00813.jpg,84.0,70.19751195576362,13.802488044236384,test
img00814,421,images/img00814.jpg,84.0,76.90529833475831,7.094701665241686,test
img00821,425,images/img00821.jpg,57.0,56.13693950952929,0.8630604904707084,test
img00822,425,images/img00822.jpg,57.0,58.25754152055329,1.2575415205532892,test
img00860,446,images/img00860.jpg,69.0,67.69465044277314,1.3053495572268616,test
img00861,446,images/img00861.jpg,69.0,69.51524897188573,0.5152489718857254,test
img00896,464,images/img00896.jpg,77.0,77.01760285345514,0.0176028534551448,test
img00897,464,images/img00897.jpg,77.0,72.91307740266438,4.086922597335615,test
img00898,465,images/img00898.jpg,84.0,79.22461665558801,4.775383344411992,test
img00899,465,images/img00899.jpg,84.0,79.32611976855938,4.67388023144062,test
img00910,471,images/img00910.jpg,54.0,58.92647833555401,4.926478335554009,test
img00911,471,images/img00911.jpg,54.0,56.07796025161302,2.077960251613021,test
img00927,480,images/img00927.jpg,62.0,62.22489885232883,0.2248988523288275,test
img00928,480,images/img00928.jpg,62.0,63.572946787056935,1.5729467870569351,test
img00929,481,images/img00929.jpg,65.0,59.24438227914992,5.755617720850076,test
img00934,484,images/img00934.jpg,59.0,54.62834022280367,4.371659777196328,test
img00935,484,images/img00935.jpg,59.0,54.0413415149169,4.958658485083099,test
img00982,509,images/img00982.jpg,73.0,41.32875279372146,31.671247206278537,test
img00983,509,images/img00983.jpg,73.0,61.04658480046265,11.953415199537352,test
img01004,520,images/img01004.jpg,43.0,46.73730914217656,3.737309142176563,test
img01009,523,images/img01009.jpg,88.0,83.10915725721975,4.890842742780251,test
img01022,531,images/img01022.jpg,46.0,46.555016880182094,0.5550168801820945,test
img01023,531,images/img01023.jpg,46.0,47.49211298837504,1.492112988375041,test
img01047,544,images/img01047.jpg,78.0,76.04069292080605,1.959307079193948,test
img01056,549,images/img01056.jpg,78.0,71.42759292242832,6.5724070775716825,test
img01057,549,images/img01057.jpg,78.0,72.95249642614388,5.047503573856119,test
img01145,596,images/img01145.jpg,77.0,77.54132052690017,0.5413205269001651,test
img01146,596,images/img01146.jpg,77.0,79.1817818402333,2.181781840233299,test
img01194,622,images/img01194.jpg,61.0,65.59663770033644,4.596637700336444,test
img01195,622,images/img01195.jpg,61.0,60.512539591525176,0.4874604084748242,test
img01196,623,images/img01196.jpg,68.0,64.73261358174481,3.2673864182551853,test
img01267,661,images/img01267.jpg,29.0,46.99180635847835,17.99180635847835,test
img01268,661,images/img01268.jpg,29.0,43.84739762089397,14.847397620893972,test
img01308,684,images/img01308.jpg,55.0,56.64319603280473,1.643196032804731,test
img01309,684,images/img01309.jpg,55.0,55.81779049779815,0.8177904977981498,test
img01341,701,images/img01341.jpg,61.0,67.70684892046289,6.706848920462889,test
img01354,708,images/img01354.jpg,63.0,55.97354084634461,7.026459153655388,test
img01355,708,images/img01355.jpg,63.0,64.40683134103568,1.4068313410356836,test
img01393,728,images/img01393.jpg,65.0,68.020457222217,3.0204572222170043,test
img01396,730,images/img01396.jpg,76.0,78.43333734346788,2.4333373434678833,test
img01397,730,images/img01397.jpg,76.0,81.08252169577196,5.082521695771959,test
img01405,735,images/img01405.jpg,72.0,61.376684222569615,10.623315777430385,test
img01406,735,images/img01406.jpg,72.0,77.71889371755233,5.7188937175523336,test
img01473,772,images/img01473.jpg,91.0,85.9401572747592,5.059842725240799,test
img01474,772,images/img01474.jpg,91.0,79.92658587937436,11.073414120625642,test
img01479,775,images/img01479.jpg,43.0,49.5232265962595,6.523226596259498,test
img01480,775,images/img01480.jpg,43.0,58.85389221290046,15.853892212900462,test
img01535,804,images/img01535.jpg,43.0,42.326523922727226,0.6734760772727739,test
img01536,804,images/img01536.jpg,43.0,45.86780470616062,2.8678047061606193,test
img01541,807,images/img01541.jpg,43.0,42.08679575290506,0.9132042470949386,test
img01542,807,images/img01542.jpg,43.0,44.38972874259388,1.3897287425938811,test
img01551,812,images/img01551.jpg,19.0,42.68330403845977,23.683304038459767,test
img01552,812,images/img01552.jpg,19.0,38.68194815338154,19.68194815338154,test
img01586,830,images/img01586.jpg,44.0,37.83976132748386,6.160238672516137,test
img01587,830,images/img01587.jpg,44.0,32.735488561583296,11.264511438416704,test
img01620,848,images/img01620.jpg,49.0,51.55424313981545,2.5542431398154477,test
img01621,848,images/img01621.jpg,49.0,44.991442511743855,4.0085574882561446,test
img01637,857,images/img01637.jpg,60.0,55.81768743511226,4.182312564887738,test
img01643,860,images/img01643.jpg,80.0,69.30866445311331,10.691335546886693,test
img01644,860,images/img01644.jpg,80.0,71.21350500387892,8.786494996121078,test
img01700,892,images/img01700.jpg,31.0,29.25981999239156,1.7401800076084406,test
img01701,892,images/img01701.jpg,31.0,29.498875255576753,1.5011247444232474,test
img01704,894,images/img01704.jpg,28.0,37.64735147250524,9.647351472505242,test
img01720,902,images/img01720.jpg,8.0,24.69039567001215,16.69039567001215,test
img01721,902,images/img01721.jpg,8.0,25.393632183121284,17.393632183121284,test
img01728,906,images/img01728.jpg,28.0,33.848231842404275,5.8482318424042745,test
img01729,906,images/img01729.jpg,28.0,28.71666545981496,0.716665459814962,test
img01744,915,images/img01744.jpg,58.0,50.59314923966138,7.406850760338621,test
img01745,915,images/img01745.jpg,58.0,51.9314487530368,6.068551246963196,test
img01757,923,images/img01757.jpg,35.0,37.87581036472632,2.87581036472632,test
img01778,935,images/img01778.jpg,59.0,64.4023691084503,5.402369108450301,test
img01779,935,images/img01779.jpg,59.0,59.29523826158454,0.2952382615845366,test
img01782,937,images/img01782.jpg,84.0,79.20187088440363,4.7981291155963675,test
img01783,937,images/img01783.jpg,84.0,73.00772057601407,10.992279423985934,test
img01808,950,images/img01808.jpg,71.0,80.45658983135345,9.456589831353456,test
img01819,957,images/img01819.jpg,25.0,28.704622939417092,3.704622939417092,test
img01820,957,images/img01820.jpg,25.0,30.772413776153247,5.772413776153247,test
img01823,959,images/img01823.jpg,32.0,70.50195149561002,38.501951495610015,test
img01838,967,images/img01838.jpg,25.0,34.081971470340484,9.081971470340484,test
img01842,969,images/img01842.jpg,82.0,74.41833246882443,7.581667531175569,test
img01843,969,images/img01843.jpg,82.0,70.3389619476639,11.661038052336096,test
img01894,999,images/img01894.jpg,54.0,50.57362513169519,3.426374868304812,test
img01895,999,images/img01895.jpg,54.0,49.16131952088284,4.8386804791171585,test
img01958,1033,images/img01958.jpg,47.0,59.02722183835901,12.027221838359004,test
img01959,1033,images/img01959.jpg,47.0,61.058378116376645,14.058378116376645,test
img01963,1036,images/img01963.jpg,34.0,42.725156213814614,8.725156213814614,test
img01964,1036,images/img01964.jpg,34.0,44.52129016970088,10.521290169700883,test
img01965,1037,images/img01965.jpg,59.0,50.16883525410478,8.831164745895222,test
img02032,1072,images/img02032.jpg,78.0,81.38941947153367,3.389419471533671,test
img02041,1077,images/img02041.jpg,60.0,63.90217099429166,3.9021709942916583,test
img02042,1077,images/img02042.jpg,60.0,64.23538465448921,4.235384654489209,test
img02050,1082,images/img02050.jpg,56.0,53.77000800006031,2.229991999939692,test
img02051,1082,images/img02051.jpg,56.0,55.52367794813898,0.4763220518610183,test
img02059,1087,images/img02059.jpg,62.0,62.68679799992234,0.6867979999223408,test
img02075,1096,images/img02075.jpg,64.0,71.31666366348713,7.316663663487134,test
img02091,1105,images/img02091.jpg,71.0,72.65950502400953,1.6595050240095333,test
img02092,1105,images/img02092.jpg,71.0,65.52613846074587,5.4738615392541305,test
img02099,1109,images/img02099.jpg,52.0,42.979629436686885,9.020370563313117,test
img02100,1109,images/img02100.jpg,54.0,55.32895109129608,1.3289510912960836,test
img02114,1117,images/img02114.jpg,42.0,45.018005419442694,3.0180054194426944,test
img02115,1117,images/img02115.jpg,42.0,48.70075582576416,6.700755825764162,test
img02167,1144,images/img02167.jpg,40.0,55.07480396094319,15.074803960943193,test
img02217,1170,images/img02217.jpg,56.0,51.78652025916141,4.2134797408385865,test
img02218,1170,images/img02218.jpg,56.0,64.30454571507886,8.30454571507886,test
img02259,1192,images/img02259.jpg,38.0,34.98237508113568,3.017624918864321,test
img02260,1192,images/img02260.jpg,38.0,37.48167247923209,0.5183275207679117,test
img02261,1193,images/img02261.jpg,42.0,44.38360387440384,2.383603874403839,test
img02262,1193,images/img02262.jpg,42.0,49.43248126459629,7.432481264596284,test
img02275,1200,images/img02275.jpg,33.0,44.81050915034854,11.810509150348537,test
img02276,1200,images/img02276.jpg,33.0,45.9871851053448,12.9871851053448,test
img02284,1205,images/img02284.jpg,36.0,38.94479399254565,2.944793992545648,test
img02285,1205,images/img02285.jpg,36.0,41.85536494725487,5.85536494725487,test
img02303,1215,images/img02303.jpg,47.0,51.92834051330361,4.92834051330361,test
img02311,1219,images/img02311.jpg,31.0,35.65373087007613,4.6537308700761315,test
img02312,1219,images/img02312.jpg,31.0,35.199546155378314,4.199546155378314,test
img02314,1221,images/img02314.jpg,17.0,26.330422920393072,9.330422920393072,test
img02315,1221,images/img02315.jpg,17.0,21.470145882937828,4.470145882937828,test
img02321,1225,images/img02321.jpg,51.0,55.07304262509438,4.073042625094381,test
img02322,1225,images/img02322.jpg,51.0,58.14022810079168,7.140228100791681,test
img02381,1255,images/img02381.jpg,28.0,23.25102328948106,4.748976710518939,test
img02382,1255,images/img02382.jpg,28.0,24.331137687376525,3.6688623126234745,test
img02390,1260,images/img02390.jpg,63.0,73.26942781788644,10.269427817886438,test
img02391,1260,images/img02391.jpg,63.0,62.91085464313183,0.0891453568681726,test
img02414,1272,images/img02414.jpg,60.0,62.29508454142,2.295084541420003,test
img02415,1272,images/img02415.jpg,60.0,61.56726621446303,1.5672662144630325,test
img02444,1287,images/img02444.jpg,34.0,36.254530707683514,2.2545307076835144,test
img02473,1302,images/img02473.jpg,78.0,77.58034911184475,0.4196508881552461,test
img02474,1302,images/img02474.jpg,78.0,80.77104989985551,2.7710498998555124,test
img02525,1329,images/img02525.jpg,59.0,62.540157247667615,3.540157247667615,test
img02526,1329,images/img02526.jpg,59.0,54.96033185401138,4.039668145988621,test
img02552,1343,images/img02552.jpg,82.0,66.16220863974675,15.837791360253249,test
img02563,1349,images/img02563.jpg,68.0,72.97435116860476,4.9743511686047555,test
img02564,1349,images/img02564.jpg,68.0,72.71130792895234,4.711307928952337,test
img02567,1351,images/img02567.jpg,79.0,79.69690114102691,0.6969011410269133,test
img02568,1351,images/img02568.jpg,79.0,76.44007009881898,2.5599299011810217,test
img02584,1360,images/img02584.jpg,78.0,77.63576084670936,0.3642391532906401,test
img02628,1384,images/img02628.jpg,74.0,81.63837093378518,7.638370933785183,test
img02629,1384,images/img02629.jpg,74.0,77.3897060457671,3.389706045767099,test
img02632,1386,images/img02632.jpg,51.0,50.3811498400906,0.6188501599093996,test
img02633,1386,images/img02633.jpg,51.0,61.13796922983943,10.137969229839427,test
img02691,1419,images/img02691.jpg,42.0,52.37972890285198,10.37972890285198,test
img02713,1430,images/img02713.jpg,49.0,51.03627843640292,2.0362784364029167,test
img02714,1430,images/img02714.jpg,49.0,50.111879214867464,1.1118792148674643,test
img02737,1444,images/img02737.jpg,60.0,67.85174633194094,7.851746331940944,test
img02748,1450,images/img02748.jpg,61.0,71.77816201174663,10.77816201174663,test
img02749,1450,images/img02749.jpg,61.0,53.95583656638281,7.044163433617193,test
img02780,1468,images/img02780.jpg,75.0,76.23755901001269,1.2375590100126883,test
img02781,1468,images/img02781.jpg,75.0,77.17426686089159,2.174266860891592,test
img02813,1485,images/img02813.jpg,64.0,67.17335828693044,3.173358286930437,test
img02826,1492,images/img02826.jpg,67.0,62.15122702698952,4.848772973010476,test
img02827,1492,images/img02827.jpg,67.0,65.59323063334469,1.4067693666553112,test
img02840,1499,images/img02840.jpg,74.0,75.99360036232208,1.993600362322084,test
img02858,1510,images/img02858.jpg,58.0,63.0969989411746,5.096998941174597,test
img02859,1510,images/img02859.jpg,58.0,61.91538306622341,3.915383066223413,test
img02866,1514,images/img02866.jpg,47.0,45.905199556677026,1.094800443322974,test
img02867,1514,images/img02867.jpg,47.0,47.88548744656638,0.8854874465663798,test
img02888,1526,images/img02888.jpg,75.0,72.62702010166113,2.372979898338869,test
img02899,1532,images/img02899.jpg,70.0,54.39675564108248,15.603244358917522,test
img02902,1534,images/img02902.jpg,63.0,64.81135020193358,1.8113502019335783,test
img02913,1540,images/img02913.jpg,72.0,75.97407189191415,3.97407189191415,test
img02914,1540,images/img02914.jpg,72.0,66.35875081765488,5.6412491823451205,test
img02939,1554,images/img02939.jpg,74.0,81.69917900907079,7.699179009070789,test
img02940,1554,images/img02940.jpg,74.0,74.74806217399473,0.7480621739947253,test
img02951,1560,images/img02951.jpg,59.0,58.598917036576545,0.4010829634234554,test
img02952,1560,images/img02952.jpg,59.0,62.27080918910375,3.270809189103751,test
img02955,1562,images/img02955.jpg,59.0,47.487689472460005,11.512310527539997,test
img02956,1562,images/img02956.jpg,59.0,47.08615179517991,11.913848204820091,test
img02974,1573,images/img02974.jpg,80.0,72.72419130999381,7.275808690006187,test
img02975,1573,images/img02975.jpg,80.0,77.17088378732936,2.829116212670641,test
img02976,1574,images/img02976.jpg,58.0,53.19063156848767,4.809368431512333,test
img02977,1574,images/img02977.jpg,58.0,58.53072280213548,0.5307228021354788,test
img02978,1575,images/img02978.jpg,77.0,79.42186663966696,2.421866639666959,test
img02979,1575,images/img02979.jpg,77.0,77.43451704722587,0.4345170472258672,test
img02998,1586,images/img02998.jpg,66.0,46.29610814468003,19.703891855319966,test
img02999,1586,images/img02999.jpg,66.0,49.79292583138269,16.20707416861731,test
img03007,1591,images/img03007.jpg,49.0,47.12099679850466,1.8790032014953368,test
img03008,1591,images/img03008.jpg,49.0,48.9598772303006,0.0401227696994013,test
img03037,1607,images/img03037.jpg,74.0,68.95808336708023,5.041916632919765,test
img03052,1615,images/img03052.jpg,74.0,52.92851589300826,21.07148410699174,test
img03053,1615,images/img03053.jpg,74.0,66.93577971027112,7.06422028972888,test
img03062,1622,images/img03062.jpg,43.0,41.842906904282145,1.157093095717855,test
img03088,1637,images/img03088.jpg,61.0,57.70063725327273,3.299362746727269,test
img03089,1637,images/img03089.jpg,61.0,57.85449798291823,3.1455020170817676,test
img03126,1658,images/img03126.jpg,53.0,56.96568067654428,3.965680676544281,test
img03127,1658,images/img03127.jpg,53.0,51.99682157828848,1.0031784217115245,test
img03133,1662,images/img03133.jpg,69.0,76.33390789807912,7.333907898079119,test
img03153,1673,images/img03153.jpg,46.0,61.198965435424675,15.198965435424675,test
img03154,1673,images/img03154.jpg,46.0,57.02767976658555,11.02767976658555,test
img03159,1676,images/img03159.jpg,66.0,42.25039604269349,23.749603957306512,test
img03160,1676,images/img03160.jpg,66.0,61.92308659301479,4.076913406985213,test
img03161,1677,images/img03161.jpg,72.0,74.83370344883289,2.8337034488328925,test
img03162,1677,images/img03162.jpg,72.0,68.59354464872948,3.406455351270523,test
img03197,1697,images/img03197.jpg,78.0,74.28104533694575,3.718954663054248,test
img03198,1697,images/img03198.jpg,78.0,74.95275012122468,3.047249878775318,test
img03205,1701,images/img03205.jpg,74.0,68.4592359739425,5.540764026057502,test
img03206,1701,images/img03206.jpg,74.0,65.44254317107942,8.557456828920579,test
img03207,1702,images/img03207.jpg,68.0,75.73911514273505,7.739115142735045,test
img03208,1702,images/img03208.jpg,68.0,77.23531705169326,9.235317051693258,test
img03223,1711,images/img03223.jpg,71.0,67.78504459787703,3.2149554021229676,test
img03224,1711,images/img03224.jpg,71.0,73.43396385142611,2.433963851426114,test
img03259,1730,images/img03259.jpg,55.0,51.03070759831269,3.969292401687312,test
img03260,1730,images/img03260.jpg,55.0,41.07620886070464,13.92379113929536,test
img03275,1737,images/img03275.jpg,53.0,54.99583667664792,1.9958366766479188,test
img03276,1737,images/img03276.jpg,53.0,65.15910878816682,12.15910878816682,test
img03346,1777,images/img03346.jpg,56.0,51.67294463400528,4.327055365994724,test
img03347,1777,images/img03347.jpg,56.0,47.46201759348469,8.537982406515312,test
img03377,1793,images/img03377.jpg,68.0,71.48832574559407,3.488325745594068,test
img03378,1793,images/img03378.jpg,68.0,77.55541775735324,9.55541775735324,test
img03444,1828,images/img03444.jpg,78.0,72.22490658207256,5.775093417927437,test
img03472,1846,images/img03472.jpg,67.0,81.48014299098824,14.480142990988242,test
img03473,1846,images/img03473.jpg,67.0,72.4980924987491,5.498092498749102,test
img03479,1850,images/img03479.jpg,63.0,63.193766078341966,0.1937660783419659,test
img03480,1850,images/img03480.jpg,63.0,61.71541146380967,1.284588536190327,test
img03491,1856,images/img03491.jpg,33.0,45.83541139508857,12.83541139508857,test
img03492,1856,images/img03492.jpg,33.0,46.66648817250834,13.666488172508338,test
img03524,1875,images/img03524.jpg,81.0,81.81235383489292,0.8123538348929173,test
img03534,1880,images/img03534.jpg,61.0,63.86525982950215,2.8652598295021505,test
img03535,1880,images/img03535.jpg,61.0,61.534442112270064,0.5344421122700638,test
img03554,1890,images/img03554.jpg,57.0,52.232227113660635,4.767772886339365,test
img03555,1890,images/img03555.jpg,57.0,55.37295258716118,1.6270474128388202,test
img03562,1894,images/img03562.jpg,19.0,15.399827845518743,3.600172154481257,test
img03563,1894,images/img03563.jpg,19.0,11.348131564087964,7.651868435912036,test
img03570,1898,images/img03570.jpg,56.0,64.05368568457013,8.053685684570127,test
img03571,1898,images/img03571.jpg,56.0,59.2852313655593,3.285231365559298,test
img03593,1910,images/img03593.jpg,8.0,12.825184535068836,4.825184535068836,test
img03594,1910,images/img03594.jpg,8.0,8.6445999127016,0.6445999127016009,test
img03614,1921,images/img03614.jpg,58.0,56.65960556186459,1.3403944381354125,test
img03615,1921,images/img03615.jpg,58.0,52.18360279282393,5.816397207176067,test
img03646,1937,images/img03646.jpg,66.0,71.18602053036446,5.186020530364459,test
img03665,1947,images/img03665.jpg,71.0,69.17266751337651,1.82733248662349,test
img03666,1947,images/img03666.jpg,71.0,66.2598891631515,4.740110836848501,test
img03667,1948,images/img03667.jpg,72.0,60.81519870984019,11.184801290159804,test
img03668,1948,images/img03668.jpg,72.0,61.50608624101987,10.493913758980128,test
img03673,1951,images/img03673.jpg,73.0,76.39506060626147,3.3950606062614668,test
img03674,1951,images/img03674.jpg,73.0,72.77994658714472,0.2200534128552789,test
img03710,1970,images/img03710.jpg,68.0,62.16084566570072,5.83915433429928,test
img03711,1970,images/img03711.jpg,68.0,71.16276108166628,3.1627610816662752,test
img03723,1977,images/img03723.jpg,68.0,67.21374141003244,0.7862585899675594,test
img03724,1977,images/img03724.jpg,68.0,33.26046043702593,34.73953956297407,test
img03727,1979,images/img03727.jpg,50.0,60.41907318683237,10.419073186832373,test
img03728,1979,images/img03728.jpg,50.0,47.08175009147353,2.9182499085264695,test
img03775,2005,images/img03775.jpg,78.0,80.79367788511317,2.793677885113169,test
img03794,2016,images/img03794.jpg,30.0,28.225735898418627,1.7742641015813732,test
img03795,2016,images/img03795.jpg,30.0,24.990922099626033,5.009077900373967,test
img03804,2021,images/img03804.jpg,15.0,11.070488322572992,3.929511677427009,test
img03805,2021,images/img03805.jpg,15.0,12.040416167231932,2.959583832768068,test
img03854,2046,images/img03854.jpg,32.0,28.33139205591771,3.668607944082286,test
img03855,2046,images/img03855.jpg,32.0,30.25565637848971,1.7443436215102857,test
img03923,2081,images/img03923.jpg,21.0,20.311173807095585,0.6888261929044148,test
img03924,2081,images/img03924.jpg,21.0,14.623413553596317,6.376586446403685,test
img03943,2091,images/img03943.jpg,56.0,52.78500519269538,3.2149948073046204,test
img03944,2091,images/img03944.jpg,56.0,53.88392116914537,2.116078830854633,test
img03956,2098,images/img03956.jpg,60.0,56.41650304336365,3.5834969566363526,test
img03957,2098,images/img03957.jpg,60.0,60.22426453420702,0.2242645342070233,test
img04035,2142,images/img04035.jpg,60.0,60.2687123623917,0.2687123623917031,test
img04036,2142,images/img04036.jpg,60.0,67.52432435844625,7.524324358446251,test
img04043,2146,images/img04043.jpg,48.0,50.33963575396989,2.339635753969887,test
img04044,2146,images/img04044.jpg,48.0,57.68762477122128,9.68762477122128,test
img04048,2148,images/img04048.jpg,56.0,44.30063350451534,11.69936649548466,test
img04049,2149,images/img04049.jpg,36.0,44.00731164741987,8.007311647419868,test
img04050,2149,images/img04050.jpg,36.0,34.703235522107036,1.296764477892964,test
img04163,2207,images/img04163.jpg,39.0,45.52525160352265,6.525251603522648,test
img04164,2207,images/img04164.jpg,39.0,46.57353326410847,7.57353326410847,test
img04165,2208,images/img04165.jpg,71.0,72.88355894069294,1.883558940692936,test
img04166,2208,images/img04166.jpg,71.0,64.26248087068963,6.737519129310371,test
img04195,2225,images/img04195.jpg,82.0,75.95546825915316,6.0445317408468355,test
img04196,2225,images/img04196.jpg,82.0,75.48251195768772,6.51748804231228,test
img04209,2233,images/img04209.jpg,75.0,73.18734847672145,1.8126515232785465,test
img04210,2233,images/img04210.jpg,75.0,78.31815797567047,3.3181579756704735,test
img04225,2241,images/img04225.jpg,58.0,56.94256293903919,1.057437060960808,test
img04226,2241,images/img04226.jpg,58.0,57.16344501976855,0.8365549802314476,test
img04233,2246,images/img04233.jpg,76.0,85.79950342847478,9.79950342847478,test
img04234,2246,images/img04234.jpg,76.0,79.57904323400678,3.5790432340067753,test
img04253,2256,images/img04253.jpg,67.0,70.12338643648431,3.12338643648431,test
img04254,2256,images/img04254.jpg,67.0,71.70621880394316,4.706218803943159,test
img04286,2273,images/img04286.jpg,45.0,44.185343985064215,0.8146560149357853,test
img04295,2278,images/img04295.jpg,50.0,45.84734703566403,4.152652964335964,test
img04296,2278,images/img04296.jpg,50.0,48.063827336352745,1.9361726636472552,test
img04306,2284,images/img04306.jpg,79.0,73.28729419799492,5.712705802005075,test
img04307,2284,images/img04307.jpg,79.0,75.35307613031405,3.646923869685949,test
img04372,2320,images/img04372.jpg,27.0,32.85406190904729,5.854061909047289,test
img04373,2320,images/img04373.jpg,27.0,28.84225143236121,1.8422514323612056,test
img04381,2325,images/img04381.jpg,77.0,82.69410364484722,5.6941036448472175,test
img04391,2330,images/img04391.jpg,33.0,35.34511647349335,2.3451164734933485,test
img04392,2330,images/img04392.jpg,33.0,25.992538721017496,7.007461278982504,test
img04403,2336,images/img04403.jpg,78.0,72.51312656356386,5.486873436436142,test
img04473,2372,images/img04473.jpg,43.0,45.754020229106615,2.754020229106615,test
img04474,2373,images/img04474.jpg,32.0,39.95585748150515,7.955857481505156,test
img04475,2373,images/img04475.jpg,32.0,37.70348737269717,5.703487372697168,test
img04492,2382,images/img04492.jpg,73.0,72.1272424178243,0.8727575821756943,test
img04493,2382,images/img04493.jpg,73.0,80.46371369869985,7.463713698699848,test
img04528,2400,images/img04528.jpg,74.0,72.11826669396318,1.881733306036821,test
img04529,2400,images/img04529.jpg,74.0,75.80403918179367,1.8040391817936696,test
img04540,2406,images/img04540.jpg,68.0,68.00553112783507,0.00553112783507,test
img04541,2406,images/img04541.jpg,68.0,65.02431042929555,2.9756895707044464,test
img04564,2419,images/img04564.jpg,58.0,63.159379676704155,5.159379676704155,test
img04565,2419,images/img04565.jpg,58.0,70.02899519414457,12.02899519414457,test
img04568,2421,images/img04568.jpg,70.0,69.01459007481928,0.9854099251807183,test
img04569,2421,images/img04569.jpg,70.0,64.13287490808845,5.8671250919115465,test
img04570,2422,images/img04570.jpg,32.0,29.76435819076713,2.235641809232874,test
img04571,2422,images/img04571.jpg,32.0,27.22963558459576,4.7703644154042415,test
img04580,2427,images/img04580.jpg,44.0,51.96699720009065,7.966997200090653,test
img04581,2427,images/img04581.jpg,61.0,47.209038506905216,13.790961493094784,test
img04586,2430,images/img04586.jpg,39.0,43.577425733162606,4.577425733162606,test
img04587,2430,images/img04587.jpg,39.0,44.118806933175634,5.118806933175634,test
img04588,2431,images/img04588.jpg,44.0,46.09816889480763,2.098168894807628,test
img04589,2431,images/img04589.jpg,44.0,46.53729555126115,2.5372955512611526,test
img04609,2442,images/img04609.jpg,45.0,45.37990813237762,0.3799081323776221,test
img04610,2442,images/img04610.jpg,45.0,43.08059815054623,1.91940184945377,test
img04619,2447,images/img04619.jpg,37.0,47.188142411014695,10.188142411014695,test
img04625,2450,images/img04625.jpg,64.0,58.60372935511083,5.396270644889171,test
img04626,2450,images/img04626.jpg,64.0,61.82198591529309,2.178014084706909,test
img04657,2466,images/img04657.jpg,67.0,64.62611165585517,2.373888344144831,test
img04658,2466,images/img04658.jpg,67.0,68.03095434763173,1.0309543476317344,test
img04705,2490,images/img04705.jpg,35.0,40.28614448860655,5.286144488606553,test
img04706,2490,images/img04706.jpg,35.0,35.884715616059346,0.8847156160593457,test
img04723,2499,images/img04723.jpg,61.0,57.58265433503175,3.417345664968252,test
img04829,2552,images/img04829.jpg,58.0,58.014845936070046,0.0148459360700456,test
img04830,2552,images/img04830.jpg,58.0,61.84499997664392,3.844999976643919,test
img04837,2556,images/img04837.jpg,53.0,64.96054025607474,11.960540256074736,test
img04838,2556,images/img04838.jpg,53.0,56.09522802292026,3.09522802292026,test
img04861,2568,images/img04861.jpg,43.0,40.191830679607534,2.808169320392466,test
img04888,2582,images/img04888.jpg,47.0,43.98466294056399,3.015337059436007,test
img04889,2582,images/img04889.jpg,47.0,47.05894324610492,0.058943246104917,test
img04920,2599,images/img04920.jpg,60.0,69.16504523706237,9.165045237062373,test
img04952,2616,images/img04952.jpg,52.0,52.62141580901128,0.6214158090112818,test
img04953,2616,images/img04953.jpg,52.0,56.71611308756145,4.716113087561453,test
img04963,2622,images/img04963.jpg,80.0,83.41525016248214,3.4152501624821383,test
img04964,2622,images/img04964.jpg,80.0,80.41812182017127,0.4181218201712653,test
img04985,2633,images/img04985.jpg,79.0,72.69726086657916,6.302739133420843,test
img04986,2633,images/img04986.jpg,79.0,74.67829255278362,4.321707447216383,test
img04987,2634,images/img04987.jpg,60.0,73.02350170897523,13.023501708975232,test
img04988,2634,images/img04988.jpg,60.0,61.9520368469508,1.9520368469508045,test
img05014,2648,images/img05014.jpg,39.0,39.888470844089504,0.8884708440895039,test
img05015,2648,images/img05015.jpg,39.0,42.53054223515151,3.5305422351515077,test
img05017,2649,images/img05017.jpg,49.0,54.49487431722857,5.494874317228572,test
img05035,2659,images/img05035.jpg,43.0,47.68563526599502,4.685635265995018,test
img05036,2659,images/img05036.jpg,43.0,45.824833564501816,2.824833564501816,test
img05047,2665,images/img05047.jpg,30.0,31.934666408177055,1.9346664081770548,test
img05051,2667,images/img05051.jpg,32.0,35.559006991554426,3.5590069915544262,test
img05052,2667,images/img05052.jpg,32.0,34.54996331311628,2.5499633131162796,test
img05053,2668,images/img05053.jpg,56.0,48.81028583152021,7.189714168479796,test
img05054,2668,images/img05054.jpg,56.0,53.27178934383702,2.728210656162979,test
img05061,2672,images/img05061.jpg,69.0,63.81105703630219,5.188942963697812,test
img05062,2672,images/img05062.jpg,69.0,60.6446321459129,8.355367854087099,test
img05069,2676,images/img05069.jpg,58.0,56.87143216784493,1.1285678321550705,test
img05070,2676,images/img05070.jpg,58.0,53.77181350563164,4.228186494368359,test
img05124,2705,images/img05124.jpg,35.0,39.63168661771034,4.6316866177103435,test
img05125,2705,images/img05125.jpg,35.0,38.57847757918959,3.578477579189588,test
img05139,2713,images/img05139.jpg,26.0,26.90346672248824,0.9034667224882398,test
img05140,2713,images/img05140.jpg,26.0,21.739048972445147,4.260951027554853,test
img05159,2723,images/img05159.jpg,33.0,38.92035777519058,5.920357775190581,test
img05160,2723,images/img05160.jpg,33.0,38.05962184705354,5.059621847053542,test
img05169,2728,images/img05169.jpg,38.0,38.16408269551839,0.1640826955183882,test
img05170,2728,images/img05170.jpg,38.0,40.98759676304779,2.98759676304779,test
img05171,2729,images/img05171.jpg,33.0,30.255294295826054,2.744705704173942,test
img05172,2729,images/img05172.jpg,33.0,30.99777315352459,2.0022268464754056,test
img05189,2738,images/img05189.jpg,69.0,76.02771247543606,7.027712475436061,test
img05190,2739,images/img05190.jpg,55.0,59.74322790004571,4.74322790004571,test
img05191,2739,images/img05191.jpg,55.0,54.794332766576225,0.2056672334237745,test
img05192,2740,images/img05192.jpg,81.0,82.61546408898695,1.615464088986954,test
img05202,2745,images/img05202.jpg,63.0,51.056490719552144,11.943509280447856,test
img05203,2745,images/img05203.jpg,63.0,54.82664155533974,8.17335844466026,test
img05218,2753,images/img05218.jpg,8.0,15.711903839614912,7.711903839614912,test
img05231,2760,images/img05231.jpg,65.0,57.27572179606249,7.724278203937509,test
img05232,2760,images/img05232.jpg,65.0,56.68590195163893,8.314098048361068,test
img05235,2762,images/img05235.jpg,34.0,36.972152372399954,2.972152372399954,test
img05236,2762,images/img05236.jpg,34.0,36.16709865051483,2.16709865051483,test
img05238,2763,images/img05238.jpg,32.0,36.88027280588673,4.880272805886733,test
img05249,2769,images/img05249.jpg,67.0,54.84608822996521,12.153911770034789,test
img05250,2769,images/img05250.jpg,67.0,62.482269827120774,4.517730172879226,test
img05267,2778,images/img05267.jpg,84.0,75.12092224994697,8.879077750053028,test
img05268,2778,images/img05268.jpg,84.0,72.79478979513377,11.205210204866232,test
img05285,2787,images/img05285.jpg,70.0,73.9680990357243,3.968099035724294,test
img05286,2787,images/img05286.jpg,70.0,66.17929632400629,3.820703675993713,test
img05287,2788,images/img05287.jpg,77.0,77.95247411636538,0.95247411636538,test
img05288,2788,images/img05288.jpg,77.0,83.38103116954575,6.38103116954575,test
img05289,2789,images/img05289.jpg,61.0,51.78054044215892,9.219459557841075,test
img05290,2789,images/img05290.jpg,61.0,47.194489763733,13.805510236266995,test
img05311,2800,images/img05311.jpg,86.0,77.50134747332085,8.498652526679152,test
img05312,2800,images/img05312.jpg,86.0,79.09146620908056,6.908533790919435,test
img05317,2803,images/img05317.jpg,64.0,79.93892068336818,15.93892068336818,test
img05318,2803,images/img05318.jpg,64.0,81.2600599868903,17.260059986890298,test
img05319,2804,images/img05319.jpg,83.0,78.3006056913666,4.699394308633401,test
img05320,2804,images/img05320.jpg,83.0,71.11387665024137,11.886123349758634,test
img05324,2807,images/img05324.jpg,75.0,72.22400464724473,2.775995352755274,test
img05325,2807,images/img05325.jpg,75.0,72.9960815814763,2.003918418523696,test
img05344,2817,images/img05344.jpg,48.0,50.89639892352571,2.896398923525716,test
img05345,2817,images/img05345.jpg,48.0,43.21298953219251,4.787010467807484,test
img05376,2833,images/img05376.jpg,55.0,62.91861869880222,7.91861869880222,test
img05377,2833,images/img05377.jpg,55.0,51.89161966003461,3.108380339965393,test
img05394,2842,images/img05394.jpg,58.0,51.99385566321675,6.006144336783251,test
img05395,2842,images/img05395.jpg,58.0,59.43227646163195,1.4322764616319503,test
img05398,2844,images/img05398.jpg,77.0,76.00324353976801,0.9967564602319924,test
img05399,2844,images/img05399.jpg,77.0,78.13197550626256,1.1319755062625632,test
img05448,2870,images/img05448.jpg,59.0,54.840474858068106,4.159525141931894,test
img05449,2870,images/img05449.jpg,59.0,64.75846104899979,5.758461048999791,test
img05454,2873,images/img05454.jpg,61.0,62.21511934857881,1.21511934857881,test
img05455,2873,images/img05455.jpg,61.0,66.10288488526004,5.102884885260039,test
img05465,2879,images/img05465.jpg,61.0,75.94235257808953,14.942352578089526,test
img05466,2879,images/img05466.jpg,61.0,78.89100764910862,17.891007649108616,test
img05467,2880,images/img05467.jpg,58.0,50.70058309216577,7.299416907834228,test
img05468,2880,images/img05468.jpg,58.0,47.797058571462216,10.202941428537784,test
img05475,2884,images/img05475.jpg,60.0,61.84683220217086,1.8468322021708587,test
img05476,2884,images/img05476.jpg,60.0,76.57134469538218,16.57134469538218,test
img05481,2887,images/img05481.jpg,45.0,46.22266316631074,1.2226631663107383,test
img05483,2888,images/img05483.jpg,66.0,63.09151098947725,2.90848901052275,test
img05488,2891,images/img05488.jpg,56.0,73.7538813345334,17.753881334533403,test
img05510,2903,images/img05510.jpg,59.0,55.371524296473254,3.628475703526746,test
img05511,2903,images/img05511.jpg,59.0,48.144900044088345,10.855099955911657,test
img05521,2908,images/img05521.jpg,78.0,73.99401412082611,4.005985879173892,test
img05548,2922,images/img05548.jpg,33.0,37.792149638433926,4.792149638433926,test
img05549,2922,images/img05549.jpg,33.0,37.65596729492357,4.65596729492357,test
img05570,2933,images/img05570.jpg,58.0,57.874415255945415,0.1255847440545849,test
img05571,2933,images/img05571.jpg,58.0,60.768147049247446,2.768147049247446,test
img05585,2942,images/img05585.jpg,58.0,56.056445643280846,1.9435543567191544,test
img05586,2942,images/img05586.jpg,58.0,52.4019653589643,5.598034641035703,test
img05594,2946,images/img05594.jpg,71.0,74.05762942736548,3.057629427365484,test
img05624,2962,images/img05624.jpg,72.0,29.62164745320663,42.378352546793366,test
img05625,2962,images/img05625.jpg,72.0,37.89919523362427,34.10080476637573,test
img05656,2978,images/img05656.jpg,58.0,58.48347183248615,0.4834718324861526,test
img05657,2978,images/img05657.jpg,58.0,48.1544974158961,9.845502584103896,test
img05658,2979,images/img05658.jpg,49.0,54.52352765247428,5.523527652474279,test
img05659,2979,images/img05659.jpg,49.0,56.64108488365963,7.64108488365963,test
img05664,2982,images/img05664.jpg,58.0,56.08808220703891,1.911917792961091,test
img05665,2982,images/img05665.jpg,58.0,52.2053539272937,5.7946460727063,test
img05674,2987,images/img05674.jpg,50.0,50.4188844157568,0.4188844157567999,test
img05675,2987,images/img05675.jpg,50.0,51.35429880266252,1.3542988026625196,test
img05709,3006,images/img05709.jpg,39.0,43.83475635536855,4.8347563553685475,test
img05710,3006,images/img05710.jpg,39.0,43.050960812037616,4.050960812037616,test
img05745,3024,images/img05745.jpg,83.0,76.61615569684095,6.3838443031590515,test
img05746,3024,images/img05746.jpg,83.0,63.92958566873843,19.070414331261567,test
img05760,3031,images/img05760.jpg,72.0,65.72169145499153,6.278308545008471,test
img05788,3046,images/img05788.jpg,50.0,57.955478829818645,7.955478829818645,test
img05789,3046,images/img05789.jpg,50.0,54.96758550399927,4.967585503999267,test
img05793,3048,images/img05793.jpg,69.0,76.60126450199287,7.601264501992873,test
img05816,3060,images/img05816.jpg,47.0,45.938052014741245,1.0619479852587546,test
img05817,3060,images/img05817.jpg,47.0,47.76140651641727,0.7614065164172672,test
img05836,3070,images/img05836.jpg,72.0,82.85497740855388,10.85497740855388,test
img05837,3070,images/img05837.jpg,72.0,78.5531452619417,6.553145261941694,test
img05853,3079,images/img05853.jpg,65.0,65.83189545799497,0.8318954579949747,test
img05854,3079,images/img05854.jpg,65.0,62.54357467545848,2.45642532454152,test
img05863,3084,images/img05863.jpg,50.0,50.918602661325046,0.9186026613250462,test
img05864,3084,images/img05864.jpg,50.0,50.22315310670539,0.2231531067053893,test
img05884,3095,images/img05884.jpg,50.0,56.416324728557896,6.416324728557896,test
img05885,3095,images/img05885.jpg,50.0,47.35543550772824,2.644564492271762,test
img05910,3109,images/img05910.jpg,54.0,48.232086713909666,5.767913286090334,test
img05911,3109,images/img05911.jpg,54.0,61.65924011877868,7.659240118778683,test
img05924,3116,images/img05924.jpg,69.0,63.129953916619485,5.870046083380515,test
img05925,3116,images/img05925.jpg,69.0,72.40269353236955,3.402693532369554,test
img05938,3124,images/img05938.jpg,45.0,57.847212159922584,12.847212159922584,test
img05939,3124,images/img05939.jpg,45.0,39.707680352660866,5.292319647339134,test
img05956,3133,images/img05956.jpg,45.0,47.269842219749094,2.269842219749094,test
img05975,3143,images/img05975.jpg,68.0,73.05812204655086,5.058122046550864,test
img05976,3143,images/img05976.jpg,68.0,72.58569360053484,4.585693600534839,test
img05995,3154,images/img05995.jpg,56.0,53.737970773294535,2.262029226705465,test
img05996,3154,images/img05996.jpg,56.0,60.19359656883951,4.19359656883951,test
img06022,3169,images/img06022.jpg,82.0,74.23739692620825,7.762603073791752,test
img06023,3169,images/img06023.jpg,82.0,56.8380771428607,25.161922857139302,test
img06034,3175,images/img06034.jpg,88.0,76.75036839790985,11.249631602090147,test
img06035,3175,images/img06035.jpg,88.0,76.40787309762482,11.592126902375185,test
img06053,3185,images/img06053.jpg,42.0,46.496616872731884,4.4966168727318845,test
img06054,3185,images/img06054.jpg,42.0,41.43908766997683,0.5609123300231644,test
img06071,3194,images/img06071.jpg,42.0,40.991069266665505,1.0089307333344948,test
img06072,3194,images/img06072.jpg,42.0,36.58616134683798,5.413838653162017,test
img06125,3222,images/img06125.jpg,61.0,55.04397513053685,5.95602486946315,test
img06126,3222,images/img06126.jpg,61.0,59.24163912125908,1.7583608787409233,test
img06131,3225,images/img06131.jpg,65.0,63.20561174355673,1.7943882564432698,test
img06132,3225,images/img06132.jpg,65.0,68.27250710870781,3.2725071087078135,test
img06163,3242,images/img06163.jpg,23.0,23.400144635164963,0.4001446351649633,test
img06164,3242,images/img06164.jpg,23.0,31.76482564549272,8.76482564549272,test
img06175,3248,images/img06175.jpg,51.0,50.13808113051308,0.8619188694869209,test
img06176,3248,images/img06176.jpg,51.0,56.097385114029834,5.097385114029834,test
img06180,3251,images/img06180.jpg,56.0,58.75015225793163,2.7501522579316315,test
img06181,3251,images/img06181.jpg,56.0,59.31719552142608,3.317195521426079,test
img06203,3263,images/img06203.jpg,52.0,53.587206968298986,1.587206968298986,test
img06204,3263,images/img06204.jpg,52.0,46.82597031730289,5.17402968269711,test
img06217,3272,images/img06217.jpg,59.0,55.39030201792457,3.6096979820754314,test
img06218,3272,images/img06218.jpg,59.0,56.619316231259795,2.380683768740205,test
img06250,3289,images/img06250.jpg,60.0,53.363031448552334,6.636968551447666,test
img06251,3289,images/img06251.jpg,60.0,51.52385273480306,8.476147265196943,test
img06256,3292,images/img06256.jpg,69.0,62.312248023104615,6.687751976895385,test
img06257,3292,images/img06257.jpg,69.0,60.8845582615286,8.115441738471397,test
img06284,3306,images/img06284.jpg,54.0,55.053199240924016,1.053199240924016,test
img06285,3306,images/img06285.jpg,54.0,53.62827772127881,0.3717222787211867,test
img06287,3307,images/img06287.jpg,57.0,42.736719956232534,14.263280043767466,test
img06304,3317,images/img06304.jpg,43.0,42.271671671014595,0.7283283289854054,test
img06305,3317,images/img06305.jpg,43.0,41.71258986367885,1.2874101363211494,test
img06343,3337,images/img06343.jpg,35.0,38.573473858524366,3.573473858524366,test
img06350,3340,images/img06350.jpg,51.0,52.76420125338641,1.7642012533864104,test
img06363,3347,images/img06363.jpg,67.0,75.02160690150362,8.021606901503617,test
img06380,3356,images/img06380.jpg,56.0,56.27711021539203,0.2771102153920282,test
img06381,3356,images/img06381.jpg,56.0,47.64900929583366,8.350990704166342,test
img06440,3387,images/img06440.jpg,46.0,48.753277442982125,2.7532774429821245,test
img06441,3387,images/img06441.jpg,46.0,51.41241797792631,5.41241797792631,test
img06511,3423,images/img06511.jpg,65.0,65.86911690145259,0.8691169014525855,test
img06512,3423,images/img06512.jpg,65.0,62.72888411121501,2.2711158887849905,test
img06547,3442,images/img06547.jpg,73.0,78.4590321252623,5.459032125262297,test
img06548,3443,images/img06548.jpg,64.0,65.86047163255257,1.8604716325525743,test
img06549,3443,images/img06549.jpg,64.0,57.99057453721662,6.009425462783383,test
img06598,3470,images/img06598.jpg,68.0,80.38821291966491,12.388212919664907,test
img06624,3485,images/img06624.jpg,76.0,82.8616083199847,6.861608319984697,test
img06625,3485,images/img06625.jpg,76.0,80.71855009484621,4.718550094846208,test
img06628,3487,images/img06628.jpg,79.0,66.50859632866609,12.491403671333911,test
img06629,3487,images/img06629.jpg,79.0,71.43951438506816,7.560485614931835,test
img06706,3529,images/img06706.jpg,7.0,17.840352247396964,10.840352247396964,test
img06718,3535,images/img06718.jpg,61.0,51.6969124341795,9.303087565820498,test
img06719,3535,images/img06719.jpg,61.0,82.60075611669157,21.60075611669157,test
img06722,3537,images/img06722.jpg,53.0,51.0796890940661,1.9203109059339027,test
img06723,3537,images/img06723.jpg,53.0,53.1107907052358,0.1107907052358001,test
img06747,3551,images/img06747.jpg,23.0,26.28251458530544,3.2825145853054387,test
img06832,3594,images/img06832.jpg,50.0,49.99404421066642,0.0059557893335835,test
img06833,3594,images/img06833.jpg,50.0,47.99780287136753,2.002197128632467,test
img06836,3596,images/img06836.jpg,77.0,71.3040322134556,5.695967786544401,test
img06837,3596,images/img06837.jpg,77.0,73.63313330986662,3.366866690133378,test
img06844,3600,images/img06844.jpg,39.0,37.1057063447675,1.8942936552325025,test
img06845,3600,images/img06845.jpg,39.0,35.496447395913904,3.503552604086096,test
img06852,3604,images/img06852.jpg,76.0,70.71923599333766,5.280764006662338,test
img06916,3637,images/img06916.jpg,74.0,70.0384813236882,3.9615186763117975,test
img06922,3640,images/img06922.jpg,48.0,61.44207722411429,13.442077224114293,test
img06923,3640,images/img06923.jpg,48.0,62.778481801862895,14.778481801862895,test
img06933,3646,images/img06933.jpg,73.0,69.96265772396518,3.0373422760348205,test
img06934,3646,images/img06934.jpg,73.0,70.98972046797239,2.01027953202761,test
img06964,3662,images/img06964.jpg,73.0,50.32341837683564,22.67658162316436,test
img06993,3679,images/img06993.jpg,53.0,45.8905035810964,7.109496418903603,test
img06994,3679,images/img06994.jpg,53.0,43.63359871410924,9.36640128589076,test
img07022,3695,images/img07022.jpg,76.0,73.67456996264661,2.325430037353385,test
img07023,3695,images/img07023.jpg,76.0,76.551593740446,0.5515937404459947,test
img07071,3720,images/img07071.jpg,70.0,73.59808545300137,3.5980854530013744,test
img07113,3742,images/img07113.jpg,63.0,71.85141177084847,8.851411770848472,test
img07114,3742,images/img07114.jpg,63.0,69.91925906301675,6.919259063016753,test
img07125,3748,images/img07125.jpg,20.0,27.120212458662127,7.120212458662127,test
img07126,3748,images/img07126.jpg,20.0,20.35954019856495,0.3595401985649502,test
img07187,3780,images/img07187.jpg,45.0,42.561880925935135,2.438119074064865,test
img07188,3780,images/img07188.jpg,45.0,40.39774556357428,4.602254436425717,test
img07206,3790,images/img07206.jpg,38.0,37.38276065664881,0.6172393433511871,test
img07207,3790,images/img07207.jpg,38.0,36.002414293956306,1.9975857060436937,test
img07208,3791,images/img07208.jpg,48.0,54.90623048758166,6.906230487581659,test
img07209,3791,images/img07209.jpg,48.0,50.85671815354237,2.856718153542367,test
img07214,3794,images/img07214.jpg,29.0,40.39634849161,11.39634849161,test
img07244,3810,images/img07244.jpg,36.0,36.88753627136851,0.8875362713685107,test
img07245,3810,images/img07245.jpg,36.0,33.60197636914239,2.398023630857608,test
img07285,3831,images/img07285.jpg,27.0,40.039207383824234,13.039207383824234,test
img07286,3831,images/img07286.jpg,27.0,34.58839860598549,7.588398605985489,test
img07305,3841,images/img07305.jpg,74.0,66.1839194216305,7.816080578369494,test
img07306,3841,images/img07306.jpg,74.0,71.98401473091872,2.015985269081284,test
img07317,3847,images/img07317.jpg,38.0,42.93047998692684,4.930479986926841,test
img07318,3847,images/img07318.jpg,38.0,36.15056499635511,1.849435003644892,test
img07335,3856,images/img07335.jpg,42.0,43.154789106451496,1.1547891064514957,test
img07336,3856,images/img07336.jpg,42.0,42.08910675641195,0.0891067564119509,test
img07371,3874,images/img07371.jpg,42.0,49.17944437566388,7.179444375663877,test
img07372,3874,images/img07372.jpg,42.0,51.1441823420038,9.144182342003802,test
img07408,3893,images/img07408.jpg,57.0,54.045906264882966,2.954093735117034,test
img07409,3893,images/img07409.jpg,57.0,56.3788602153001,0.6211397846998992,test
img07414,3896,images/img07414.jpg,42.0,41.19311902725876,0.80688097274124,test
img07419,3899,images/img07419.jpg,73.0,75.16281041544612,2.162810415446117,test
img07420,3899,images/img07420.jpg,73.0,64.82009308046732,8.179906919532684,test
img07454,3917,images/img07454.jpg,87.0,82.0370741145507,4.962925885449295,test
img07455,3917,images/img07455.jpg,87.0,85.79198476015175,1.208015239848251,test
img07470,3925,images/img07470.jpg,72.0,71.29306285372351,0.7069371462764877,test
img07471,3925,images/img07471.jpg,72.0,69.85374936615578,2.146250633844218,test
img07494,3938,images/img07494.jpg,82.0,74.44325618904293,7.556743810957073,test
img07495,3938,images/img07495.jpg,82.0,73.46781203681539,8.532187963184612,test
img07562,3974,images/img07562.jpg,57.0,73.48586818313916,16.48586818313916,test
img07563,3974,images/img07563.jpg,57.0,67.58490994920359,10.584909949203592,test
img07593,3990,images/img07593.jpg,82.0,69.81510685730436,12.184893142695644,test
img07594,3990,images/img07594.jpg,82.0,76.41008921802407,5.589910781975931,test
img07639,4013,images/img07639.jpg,65.0,56.37887493854094,8.621125061459061,test
img07640,4013,images/img07640.jpg,71.0,62.24385966000653,8.756140339993472,test
img07641,4013,images/img07641.jpg,71.0,74.11445786518217,3.1144578651821746,test
img07649,4018,images/img07649.jpg,64.0,64.31355143072687,0.3135514307268749,test
img07650,4018,images/img07650.jpg,64.0,58.69124716152478,5.308752838475222,test
img07701,4045,images/img07701.jpg,38.0,61.31121433298943,23.31121433298943,test
img07702,4045,images/img07702.jpg,38.0,60.910185425476186,22.910185425476183,test
img07712,4050,images/img07712.jpg,44.0,60.57546017921892,16.575460179218922,test
img07727,4059,images/img07727.jpg,65.0,46.6336215365085,18.3663784634915,test
img07762,4078,images/img07762.jpg,48.0,49.7330922165187,1.733092216518699,test
img07844,4121,images/img07844.jpg,73.0,62.720600924978655,10.279399075021344,test
img07845,4121,images/img07845.jpg,73.0,64.63826596382239,8.361734036177609,test
img07848,4123,images/img07848.jpg,12.0,15.9571559512787,3.957155951278701,test
img07867,4133,images/img07867.jpg,58.0,61.86669603528683,3.866696035286836,test
img07868,4133,images/img07868.jpg,58.0,54.697792476378865,3.302207523621135,test
img07869,4134,images/img07869.jpg,13.0,14.496584285156793,1.4965842851567928,test
img07870,4134,images/img07870.jpg,13.0,12.435382916655016,0.5646170833449844,test
img07897,4148,images/img07897.jpg,27.0,37.49982459927395,10.49982459927395,test
img07898,4148,images/img07898.jpg,27.0,31.373353211896006,4.373353211896006,test
img07937,4169,images/img07937.jpg,65.0,65.15556321365011,0.1555632136501117,test
img07938,4169,images/img07938.jpg,65.0,58.87000543673839,6.1299945632616115,test
img07965,4184,images/img07965.jpg,79.0,81.94704422333133,2.947044223331332,test
img07966,4184,images/img07966.jpg,79.0,79.82795761550358,0.8279576155035784,test
img08005,4205,images/img08005.jpg,58.0,60.95262271332818,2.952622713328182,test
img08013,4209,images/img08013.jpg,65.0,64.75256520900062,0.2474347909993781,test
img08059,4232,images/img08059.jpg,61.0,59.74471549267591,1.2552845073240917,test
img08060,4232,images/img08060.jpg,61.0,57.125306645589646,3.874693354410354,test
img08087,4246,images/img08087.jpg,60.0,54.25627901899337,5.743720981006632,test
img08088,4246,images/img08088.jpg,60.0,58.7772364774173,1.222763522582703,test
img08089,4247,images/img08089.jpg,63.0,66.83151517168416,3.83151517168416,test
img08090,4247,images/img08090.jpg,63.0,65.06924903217495,2.0692490321749517,test
img08101,4253,images/img08101.jpg,63.0,58.303196381834354,4.696803618165646,test
img08102,4253,images/img08102.jpg,63.0,56.029766449244626,6.970233550755374,test
img08114,4260,images/img08114.jpg,71.0,64.21870049608977,6.781299503910233,test
img08115,4260,images/img08115.jpg,71.0,62.08840677545558,8.911593224544418,test
img08143,4275,images/img08143.jpg,64.0,57.74958494010273,6.250415059897271,test
img08167,4287,images/img08167.jpg,52.0,53.8906262420856,1.8906262420856024,test
img08168,4287,images/img08168.jpg,52.0,50.88685062918743,1.1131493708125717,test
img08176,4291,images/img08176.jpg,72.0,61.10489101541564,10.89510898458436,test
img08201,4305,images/img08201.jpg,46.0,43.41695440470559,2.583045595294408,test
img08202,4305,images/img08202.jpg,46.0,41.65350277165603,4.346497228343964,test
img08215,4312,images/img08215.jpg,33.0,50.99145598353461,17.991455983534607,test
img08216,4312,images/img08216.jpg,33.0,41.50136806934658,8.501368069346583,test
img08232,4321,images/img08232.jpg,59.0,56.24901377309852,2.7509862269014818,test
img08233,4321,images/img08233.jpg,59.0,63.58836365613358,4.5883636561335805,test
img08251,4331,images/img08251.jpg,60.0,71.23549171020215,11.235491710202156,test
img08252,4331,images/img08252.jpg,60.0,61.11561062535865,1.1156106253586486,test
img08299,4357,images/img08299.jpg,45.0,39.69580469565919,5.3041953043408085,test
img08300,4357,images/img08300.jpg,45.0,36.253254693477245,8.746745306522755,test
img08304,4359,images/img08304.jpg,63.0,59.726096046063645,3.2739039539363546,test
img08365,4392,images/img08365.jpg,17.0,26.405031580094064,9.405031580094064,test
img08366,4392,images/img08366.jpg,17.0,14.871047558445127,2.1289524415548726,test
img08369,4394,images/img08369.jpg,22.0,22.123929756586627,0.1239297565866266,test
img08370,4394,images/img08370.jpg,22.0,20.909220943970823,1.0907790560291772,test
img08375,4398,images/img08375.jpg,19.0,23.73717815840304,4.73717815840304,test
img08376,4398,images/img08376.jpg,19.0,17.976155058476735,1.023844941523265,test
img08391,4406,images/img08391.jpg,39.0,41.18036542885877,2.1803654288587637,test
img08392,4406,images/img08392.jpg,39.0,38.267865184294095,0.7321348157059049,test
img08508,4471,images/img08508.jpg,18.0,19.611826410789455,1.6118264107894549,test
img08509,4471,images/img08509.jpg,18.0,19.399755030930123,1.3997550309301232,test
img08522,4478,images/img08522.jpg,69.0,65.30681670272995,3.693183297270054,test
img08523,4478,images/img08523.jpg,69.0,68.04920135078123,0.9507986492187684,test
img08632,4537,images/img08632.jpg,49.0,41.99693054386103,7.003069456138967,test
img08633,4537,images/img08633.jpg,49.0,45.30042880648419,3.699571193515808,test
img08640,4541,images/img08640.jpg,73.0,79.29294994285925,6.292949942859252,test
img08659,4551,images/img08659.jpg,63.0,48.90462363394873,14.09537636605127,test
img08660,4551,images/img08660.jpg,63.0,56.54546241030453,6.4545375896954695,test
img08690,4567,images/img08690.jpg,65.0,60.5918187904042,4.408181209595803,test
img08691,4567,images/img08691.jpg,65.0,63.149055413043,1.8509445869569987,test
img08733,4589,images/img08733.jpg,12.0,15.01366014106668,3.01366014106668,test
img08734,4589,images/img08734.jpg,12.0,17.06054833824971,5.06054833824971,test
img08745,4595,images/img08745.jpg,14.0,13.310061208563688,0.6899387914363118,test
img08746,4595,images/img08746.jpg,14.0,15.576637608868026,1.576637608868026,test
img08786,4616,images/img08786.jpg,53.0,51.317462344687655,1.6825376553123448,test
img08787,4616,images/img08787.jpg,53.0,52.79540416317117,0.2045958368288296,test
img08832,4640,images/img08832.jpg,71.0,78.90746059809632,7.907460598096321,test
img08833,4640,images/img08833.jpg,71.0,75.40002909066264,4.400029090662642,test
img08834,4641,images/img08834.jpg,76.0,72.0337760131315,3.966223986868499,test
img08835,4641,images/img08835.jpg,76.0,77.1015427760183,1.101542776018306,test
img08845,4647,images/img08845.jpg,76.0,67.92529928074308,8.074700719256924,test
img08846,4647,images/img08846.jpg,76.0,73.28080506592036,2.7191949340796384,test
img08896,4673,images/img08896.jpg,63.0,59.5578059950883,3.4421940049116984,test
img08897,4673,images/img08897.jpg,63.0,60.857528572564576,2.1424714274354244,test
img08911,4681,images/img08911.jpg,69.0,77.88695896645223,8.886958966452227,test
img08912,4681,images/img08912.jpg,69.0,75.6667793151758,6.666779315175802,test
img08940,4696,images/img08940.jpg,89.0,83.602891868649,5.397108131351004,test
img08983,4719,images/img08983.jpg,71.0,72.30857276141712,1.3085727614171248,test
img08984,4719,images/img08984.jpg,71.0,73.59595876265762,2.5959587626576166,test
img08987,4721,images/img08987.jpg,64.0,59.73852573316512,4.261474266834881,test
img08988,4721,images/img08988.jpg,64.0,60.63234696469375,3.3676530353062475,test
img08999,4727,images/img08999.jpg,43.0,48.48870407689262,5.488704076892617,test
img09027,4742,images/img09027.jpg,71.0,65.9203101551635,5.079689844836494,test
img09028,4742,images/img09028.jpg,71.0,70.1921287026678,0.8078712973321984,test
img09083,4771,images/img09083.jpg,68.0,60.69161782457447,7.308382175425528,test
img09108,4785,images/img09108.jpg,57.0,54.44607740729089,2.5539225927091067,test
img09109,4785,images/img09109.jpg,57.0,55.46906508541632,1.530934914583682,test
img09114,4788,images/img09114.jpg,83.0,78.91756183192399,4.08243816807601,test
img09115,4788,images/img09115.jpg,83.0,80.20998972519484,2.790010274805155,test
img09129,4796,images/img09129.jpg,69.0,71.12522881423534,2.125228814235342,test
img09130,4796,images/img09130.jpg,69.0,71.92272133399055,2.922721333990552,test
img09131,4797,images/img09131.jpg,78.0,72.56249195418958,5.437508045810418,test
img09132,4797,images/img09132.jpg,78.0,72.0005440226367,5.999455977363297,test
img09155,4809,images/img09155.jpg,76.0,79.87346660763927,3.8734666076392728,test
img09156,4809,images/img09156.jpg,76.0,77.09245799111392,1.0924579911139176,test
img09177,4820,images/img09177.jpg,71.0,60.5114566153655,10.488543384634497,test
img09178,4820,images/img09178.jpg,71.0,55.8533787521328,15.146621247867202,test
img09180,4821,images/img09180.jpg,70.0,73.84284460874959,3.842844608749587,test
img09232,4849,images/img09232.jpg,52.0,51.81787858093283,0.1821214190671725,test
img09233,4849,images/img09233.jpg,52.0,55.64875037949773,3.648750379497727,test
img09248,4857,images/img09248.jpg,71.0,70.30346694052126,0.6965330594787389,test
img09249,4857,images/img09249.jpg,71.0,64.8048807008468,6.195119299153205,test
img09272,4869,images/img09272.jpg,47.0,44.4305492004794,2.5694507995206024,test
img09273,4869,images/img09273.jpg,47.0,50.72801085393773,3.728010853937732,test
img09290,4879,images/img09290.jpg,75.0,80.98001085876078,5.980010858760778,test
img09291,4879,images/img09291.jpg,75.0,82.37343364054136,7.373433640541364,test
img09325,4897,images/img09325.jpg,51.0,73.05999135283251,22.059991352832512,test
img09326,4897,images/img09326.jpg,51.0,59.38841674512311,8.38841674512311,test
img09353,4911,images/img09353.jpg,59.0,54.55436411715365,4.4456358828463465,test
img09354,4911,images/img09354.jpg,59.0,63.228232094541355,4.2282320945413545,test
img09359,4914,images/img09359.jpg,23.0,20.772628530937773,2.227371469062227,test
img09360,4914,images/img09360.jpg,23.0,23.457502019041513,0.4575020190415131,test
img09367,4918,images/img09367.jpg,11.0,21.46236328689009,10.462363286890088,test
img09368,4918,images/img09368.jpg,11.0,19.708262547690502,8.708262547690502,test
img09385,4928,images/img09385.jpg,83.0,79.51948281705619,3.4805171829438137,test
img09386,4928,images/img09386.jpg,83.0,78.91664571916053,4.0833542808394725,test
img09404,4938,images/img09404.jpg,87.0,83.601757633799,3.3982423662010035,test
img09405,4938,images/img09405.jpg,87.0,81.798982950988,5.201017049011995,test
img09408,4940,images/img09408.jpg,59.0,60.97046946244888,1.9704694624488823,test
img09409,4940,images/img09409.jpg,59.0,55.2672633023702,3.7327366976297967,test
img09417,4945,images/img09417.jpg,83.0,82.93720943517945,0.0627905648205455,test
img09418,4945,images/img09418.jpg,83.0,79.18019173022242,3.8198082697775817,test
img09441,4957,images/img09441.jpg,59.0,61.54966976043664,2.549669760436636,test
img09442,4957,images/img09442.jpg,59.0,57.678389754729785,1.3216102452702143,test
img09530,5003,images/img09530.jpg,64.0,58.63205291702696,5.367947082973039,test
img09531,5003,images/img09531.jpg,64.0,60.531819948059656,3.468180051940344,test
img09537,5007,images/img09537.jpg,67.0,46.828829897857425,20.171170102142575,test
img09538,5007,images/img09538.jpg,67.0,35.80453829948899,31.19546170051101,test
img09543,5010,images/img09543.jpg,50.0,49.820198181168,0.1798018188320043,test
img09544,5010,images/img09544.jpg,50.0,47.36147203647323,2.6385279635267693,test
img09546,5012,images/img09546.jpg,40.0,38.564960553486706,1.4350394465132936,test
img09555,5016,images/img09555.jpg,61.0,56.78445141890594,4.215548581094062,test
img09556,5017,images/img09556.jpg,66.0,65.52656161759376,0.4734383824062433,test
img09557,5017,images/img09557.jpg,66.0,72.18970167730502,6.189701677305024,test
img09585,5032,images/img09585.jpg,66.0,56.62406379479964,9.37593620520036,test
img09586,5032,images/img09586.jpg,66.0,60.714695686635615,5.285304313364385,test
img09605,5043,images/img09605.jpg,56.0,59.07559095635445,3.0755909563544535,test
img09628,5055,images/img09628.jpg,59.0,63.57557843003104,4.575578430031037,test
img09629,5055,images/img09629.jpg,59.0,64.22722143540045,5.227221435400452,test
img09654,5068,images/img09654.jpg,69.0,68.22158868882592,0.7784113111740822,test
img09655,5068,images/img09655.jpg,69.0,64.88946844600699,4.110531553993013,test
img09687,5085,images/img09687.jpg,53.0,54.962926961535985,1.9629269615359848,test
img09688,5085,images/img09688.jpg,53.0,49.773004741219,3.2269952587810025,test
img09737,5112,images/img09737.jpg,83.0,70.6433709504182,12.356629049581798,test
img09738,5112,images/img09738.jpg,83.0,76.87157666017923,6.12842333982077,test
img09743,5115,images/img09743.jpg,85.0,77.33263440182392,7.667365598176076,test
img09744,5115,images/img09744.jpg,85.0,75.85751181130894,9.14248818869106,test
img09746,5117,images/img09746.jpg,82.0,78.68728598272203,3.312714017277969,test
img09747,5118,images/img09747.jpg,80.0,76.26396486980921,3.7360351301907855,test
img09769,5130,images/img09769.jpg,74.0,68.2458449554596,5.754155044540397,test
img09770,5130,images/img09770.jpg,74.0,72.14610561586828,1.8538943841317208,test
img09799,5146,images/img09799.jpg,28.0,33.2652787539176,5.265278753917599,test
img09800,5146,images/img09800.jpg,28.0,30.21359807776308,2.2135980777630806,test
img09845,5170,images/img09845.jpg,60.0,55.25119602049676,4.7488039795032435,test
img09846,5170,images/img09846.jpg,60.0,59.9006869624876,0.0993130375124025,test
img09851,5173,images/img09851.jpg,63.0,49.491586896996445,13.508413103003557,test
img09852,5173,images/img09852.jpg,63.0,63.07356008706023,0.0735600870602297,test
img09853,5174,images/img09853.jpg,57.0,49.88856255083657,7.111437449163432,test
img09854,5174,images/img09854.jpg,57.0,52.28762303467397,4.71237696532603,test
img09855,5175,images/img09855.jpg,76.0,79.87937553496364,3.8793755349636423,test
img09856,5175,images/img09856.jpg,76.0,75.17378195639907,0.8262180436009317,test
img09912,5204,images/img09912.jpg,57.0,50.16772065024256,6.832279349757442,test
img09913,5204,images/img09913.jpg,57.0,50.71828969784587,6.281710302154131,test
img09928,5212,images/img09928.jpg,67.0,68.00506434656988,1.0050643465698812,test
img09929,5212,images/img09929.jpg,67.0,66.45535381795212,0.5446461820478845,test
img09938,5217,images/img09938.jpg,62.0,69.05744343055134,7.057443430551345,test
img09939,5217,images/img09939.jpg,62.0,67.34984850142294,5.34984850142294,test
img09943,5220,images/img09943.jpg,72.0,71.50194310745675,0.4980568925432465,test
img09944,5220,images/img09944.jpg,72.0,66.03070174316137,5.969298256838627,test
img10002,5251,images/img10002.jpg,79.0,68.77969221860354,10.220307781396455,test
img10003,5251,images/img10003.jpg,79.0,69.67178319668069,9.328216803319307,test
img10036,5268,images/img10036.jpg,53.0,47.84628654517342,5.15371345482658,test
img10040,5270,images/img10040.jpg,80.0,80.07299596752256,0.0729959675225586,test
img10052,5277,images/img10052.jpg,22.0,20.343874670309653,1.656125329690347,test
img10053,5277,images/img10053.jpg,22.0,25.208760627453486,3.2087606274534863,test
img10062,5282,images/img10062.jpg,25.0,31.43403041392969,6.43403041392969,test
img10063,5282,images/img10063.jpg,25.0,31.925066855148433,6.925066855148433,test
img10079,5292,images/img10079.jpg,65.0,60.353360636430914,4.646639363569086,test
img10090,5298,images/img10090.jpg,15.0,28.657951356560137,13.657951356560137,test
img10091,5298,images/img10091.jpg,15.0,15.306061522956943,0.306061522956945,test
img10106,5306,images/img10106.jpg,62.0,60.59748014916035,1.4025198508396528,test
img10107,5306,images/img10107.jpg,62.0,63.61775179015832,1.617751790158323,test
img10111,5308,images/img10111.jpg,57.0,52.94490504128565,4.055094958714349,test
img10148,5327,images/img10148.jpg,87.0,83.73797051440147,3.262029485598532,test
img10149,5327,images/img10149.jpg,87.0,79.4982617192567,7.501738280743297,test
img10156,5331,images/img10156.jpg,50.0,51.70633694423368,1.7063369442336764,test
img10157,5331,images/img10157.jpg,50.0,56.399354693898786,6.399354693898786,test
img10178,5342,images/img10178.jpg,75.0,64.01054767951511,10.989452320484888,test
img10179,5342,images/img10179.jpg,75.0,70.3707128891911,4.629287110808903,test
img10186,5346,images/img10186.jpg,61.0,63.611033084587675,2.6110330845876746,test
img10187,5346,images/img10187.jpg,61.0,63.427157256244925,2.427157256244925,test
img10327,5419,images/img10327.jpg,76.0,81.67167817639984,5.671678176399837,test
img10328,5419,images/img10328.jpg,76.0,81.77018865434388,5.770188654343883,test
img10331,5421,images/img10331.jpg,68.0,67.83776143436243,0.1622385656375655,test
img10332,5421,images/img10332.jpg,68.0,62.99459171215452,5.0054082878454835,test
img10345,5428,images/img10345.jpg,90.0,78.01355048181742,11.986449518182582,test
img10346,5428,images/img10346.jpg,90.0,81.24160249592728,8.758397504072718,test
img10349,5430,images/img10349.jpg,72.0,76.50433977161798,4.504339771617978,test
img10350,5430,images/img10350.jpg,72.0,66.26314027285139,5.736859727148612,test
img10369,5440,images/img10369.jpg,82.0,72.70304982675593,9.29695017324407,test
img10371,5442,images/img10371.jpg,75.0,75.2098767992797,0.2098767992796979,test
img10372,5442,images/img10372.jpg,75.0,71.25307235037727,3.7469276496227337,test
img10382,5448,images/img10382.jpg,63.0,69.27638347491583,6.276383474915832,test
img10384,5450,images/img10384.jpg,63.0,69.79420421775124,6.794204217751243,test
img10385,5450,images/img10385.jpg,63.0,64.81205582688352,1.8120558268835223,test
img10433,5475,images/img10433.jpg,61.0,75.49778486618725,14.497784866187246,test
img10434,5475,images/img10434.jpg,61.0,64.9580242178065,3.958024217806496,test
img10449,5484,images/img10449.jpg,72.0,64.31465840031606,7.685341599683937,test
img10463,5491,images/img10463.jpg,16.0,13.576706734475316,2.423293265524684,test
img10464,5491,images/img10464.jpg,16.0,12.67928703382399,3.32071296617601,test
img10479,5500,images/img10479.jpg,61.0,72.39446160482353,11.394461604823531,test
img10480,5500,images/img10480.jpg,61.0,72.63214488008438,11.632144880084384,test
img10526,5524,images/img10526.jpg,25.0,27.03375322599942,2.033753225999419,test
img10539,5531,images/img10539.jpg,61.0,62.797724532337455,1.7977245323374549,test
img10540,5531,images/img10540.jpg,61.0,66.92366957202643,5.9236695720264265,test
img10587,5555,images/img10587.jpg,13.0,22.44039436706398,9.44039436706398,test
img10588,5555,images/img10588.jpg,13.0,21.467600398187912,8.467600398187912,test
img10595,5559,images/img10595.jpg,36.0,39.14916130030839,3.1491613003083927,test
img10619,5572,images/img10619.jpg,31.0,36.49615108660641,5.49615108660641,test
img10620,5572,images/img10620.jpg,31.0,41.06919841684325,10.06919841684325,test
img10625,5575,images/img10625.jpg,38.0,37.1376110623657,0.8623889376343001,test
img10640,5583,images/img10640.jpg,81.0,81.09577479375014,0.095774793750138,test
img10641,5583,images/img10641.jpg,81.0,75.59064598208991,5.40935401791009,test
img10644,5585,images/img10644.jpg,35.0,45.37416715905989,10.374167159059889,test
img10659,5593,images/img10659.jpg,66.0,59.95789166090357,6.04210833909643,test
img10660,5593,images/img10660.jpg,66.0,57.89062322656468,8.109376773435322,test
img10665,5596,images/img10665.jpg,85.0,72.45739527984247,12.542604720157527,test
img10666,5596,images/img10666.jpg,85.0,69.65531716036779,15.344682839632211,test
img10680,5605,images/img10680.jpg,53.0,53.79253019610599,0.792530196105993,test
img10681,5605,images/img10681.jpg,53.0,59.73807858288772,6.7380785828877165,test
img10747,5640,images/img10747.jpg,76.0,69.19476109952214,6.80523890047786,test
img10748,5640,images/img10748.jpg,76.0,69.00285510656343,6.99714489343657,test
img10753,5643,images/img10753.jpg,62.0,47.6326883107083,14.367311689291697,test
img10754,5643,images/img10754.jpg,62.0,52.476219570274665,9.523780429725337,test
img10758,5645,images/img10758.jpg,80.0,77.17174755079205,2.8282524492079517,test
img10763,5648,images/img10763.jpg,78.0,68.5367467480049,9.463253251995098,test
img10764,5648,images/img10764.jpg,78.0,69.86163884202594,8.13836115797406,test
img10772,5653,images/img10772.jpg,65.0,68.89940198213839,3.899401982138386,test
img10773,5653,images/img10773.jpg,65.0,63.95824309377327,1.0417569062267305,test
img10822,5678,images/img10822.jpg,55.0,52.952250302549885,2.047749697450115,test
img10823,5678,images/img10823.jpg,55.0,61.321975931434096,6.321975931434096,test
img10850,5693,images/img10850.jpg,68.0,57.01175310529477,10.988246894705227,test
img10851,5693,images/img10851.jpg,68.0,56.32749805329841,11.672501946701589,test
img10852,5694,images/img10852.jpg,59.0,71.4667414745205,12.466741474520504,test
img10853,5694,images/img10853.jpg,59.0,61.17359838206529,2.1735983820652933,test
img10869,5704,images/img10869.jpg,80.0,77.67470000159847,2.3252999984015332,test
img10870,5704,images/img10870.jpg,80.0,77.93031291237291,2.069687087627088,test
img10918,5730,images/img10918.jpg,65.0,75.56918494999523,10.569184949995233,test
img10919,5730,images/img10919.jpg,65.0,67.18415533021417,2.1841553302141676,test
img10953,5749,images/img10953.jpg,48.0,45.914892902202865,2.0851070977971347,test
img10954,5749,images/img10954.jpg,48.0,53.03425221037415,5.034252210374149,test
img10985,5766,images/img10985.jpg,59.0,60.63148483714671,1.631484837146708,test
img10986,5766,images/img10986.jpg,59.0,55.39420667592624,3.6057933240737583,test
img11007,5778,images/img11007.jpg,71.0,67.00990850138173,3.99009149861827,test
img11020,5785,images/img11020.jpg,51.0,40.818883691550866,10.181116308449134,test
img11021,5785,images/img11021.jpg,51.0,45.08713376171937,5.912866238280628,test
img11029,5790,images/img11029.jpg,81.0,71.28001697172755,9.719983028272452,test
img11030,5790,images/img11030.jpg,81.0,73.15273468280843,7.847265317191571,test
img11040,5796,images/img11040.jpg,49.0,50.15102776695966,1.1510277669596576,test
img11041,5796,images/img11041.jpg,49.0,50.21872304712776,1.21872304712776,test
img11054,5805,images/img11054.jpg,73.0,75.78821224319432,2.788212243194323,test
img11055,5805,images/img11055.jpg,73.0,78.1490697341847,5.149069734184707,test
img11059,5808,images/img11059.jpg,77.0,79.84738793097256,2.847387930972559,test
img11091,5826,images/img11091.jpg,58.0,58.141066098582904,0.1410660985829039,test
img11092,5826,images/img11092.jpg,58.0,58.318177824695745,0.3181778246957449,test
img11103,5832,images/img11103.jpg,72.0,71.9807592587771,0.0192407412229016,test
img11158,5864,images/img11158.jpg,84.0,82.21252497730084,1.7874750226991551,test
img11159,5864,images/img11159.jpg,84.0,75.93303876499427,8.066961235005735,test
img11173,5872,images/img11173.jpg,61.0,49.63708632543336,11.36291367456664,test
img11174,5872,images/img11174.jpg,61.0,48.894531670309746,12.105468329690254,test
img11195,5883,images/img11195.jpg,65.0,67.01079625827394,2.010796258273942,test
img11196,5883,images/img11196.jpg,65.0,61.78842892288935,3.211571077110648,test
img11201,5886,images/img11201.jpg,74.0,69.74527289007773,4.254727109922271,test
img11202,5886,images/img11202.jpg,74.0,74.39474365577557,0.3947436557755708,test
img11228,5902,images/img11228.jpg,59.0,68.37329914367706,9.37329914367706,test
img11229,5902,images/img11229.jpg,59.0,67.27830772886914,8.278307728869137,test
img11255,5916,images/img11255.jpg,79.0,70.18145271714211,8.818547282857892,test
img11256,5916,images/img11256.jpg,79.0,73.45789184431956,5.542108155680438,test
img11291,5935,images/img11291.jpg,77.0,72.70432911279349,4.295670887206512,test
img11337,5961,images/img11337.jpg,54.0,55.79741366879989,1.7974136687998907,test
img11338,5961,images/img11338.jpg,54.0,55.90882470489973,1.9088247048997289,test
img11345,5965,images/img11345.jpg,64.0,78.40552677743405,14.405526777434048,test
img11346,5965,images/img11346.jpg,64.0,76.5731660148048,12.573166014804798,test
img11349,5967,images/img11349.jpg,30.0,31.20958278688008,1.2095827868800804,test
img11350,5967,images/img11350.jpg,30.0,29.413929790194633,0.5860702098053672,test
img11356,5971,images/img11356.jpg,68.0,71.50371971185163,3.5037197118516303,test
img11357,5971,images/img11357.jpg,68.0,69.51841719519273,1.5184171951927254,test
img11371,5979,images/img11371.jpg,74.0,64.99267672838988,9.00732327161012,test
img11372,5979,images/img11372.jpg,74.0,74.33271409680535,0.332714096805347,test
img11382,5985,images/img11382.jpg,74.0,80.0954799922031,6.095479992203096,test
img11383,5985,images/img11383.jpg,74.0,75.4191823910817,1.419182391081705,test
img11394,5991,images/img11394.jpg,81.0,82.35005095286428,1.3500509528642797,test
img11395,5991,images/img11395.jpg,81.0,79.59653880656815,1.403461193431852,test
img11402,5996,images/img11402.jpg,61.0,68.00014133107666,7.000141331076662,test
img11432,6013,images/img11432.jpg,44.0,42.21301973255443,1.7869802674455713,test
img11433,6013,images/img11433.jpg,44.0,45.30165356200011,1.3016535620001122,test
img11440,6017,images/img11440.jpg,35.0,32.33533705016316,2.6646629498368384,test
img11441,6017,images/img11441.jpg,35.0,33.65009846387484,1.3499015361251594,test
img11472,6034,images/img11472.jpg,56.0,62.90469487540794,6.904694875407941,test
img11473,6034,images/img11473.jpg,56.0,59.664897395916825,3.664897395916825,test
img11489,6043,images/img11489.jpg,46.0,65.86235184493854,19.862351844938544,test
img11496,6047,images/img11496.jpg,43.0,42.3090196252824,0.6909803747176042,test
img11497,6047,images/img11497.jpg,43.0,42.26241784149313,0.7375821585068678,test
img11500,6050,images/img11500.jpg,79.0,87.81893441740417,8.818934417404165,test
img11525,6064,images/img11525.jpg,81.0,81.5822263087098,0.5822263087098065,test
img11526,6064,images/img11526.jpg,81.0,81.33421713387214,0.3342171338721442,test
img11527,6065,images/img11527.jpg,71.0,69.81627926351952,1.1837207364804812,test
img11528,6065,images/img11528.jpg,71.0,70.0503580713003,0.9496419286997052,test
img11544,6074,images/img11544.jpg,79.0,75.08306061816538,3.916939381834624,test
img11545,6074,images/img11545.jpg,79.0,75.11502422872694,3.884975771273062,test
img11568,6086,images/img11568.jpg,77.0,67.19103162899233,9.808968371007666,test
img11569,6086,images/img11569.jpg,77.0,70.4761661931497,6.5238338068503055,test
img11603,6105,images/img11603.jpg,77.0,61.25244406329732,15.747555936702682,test
img11604,6105,images/img11604.jpg,77.0,71.48777716854642,5.512222831453585,test
img11621,6114,images/img11621.jpg,62.0,66.52040109598963,4.520401095989627,test
img11622,6114,images/img11622.jpg,62.0,65.65290447378028,3.652904473780282,test
img11628,6118,images/img11628.jpg,31.0,29.272652114742705,1.727347885257295,test
img11629,6118,images/img11629.jpg,31.0,30.582630111096563,0.4173698889034369,test
img11674,6145,images/img11674.jpg,36.0,45.84010647300134,9.840106473001342,test
img11675,6145,images/img11675.jpg,36.0,41.927356141917386,5.927356141917386,test
img11681,6149,images/img11681.jpg,19.0,22.424366756145027,3.4243667561450266,test
img11687,6153,images/img11687.jpg,82.0,83.6376648916852,1.6376648916852048,test
img11688,6153,images/img11688.jpg,82.0,75.58853674151305,6.411463258486947,test
img11689,6154,images/img11689.jpg,50.0,57.24125169007398,7.24125169007398,test
img11690,6154,images/img11690.jpg,50.0,55.29269170256642,5.292691702566422,test
img11717,6168,images/img11717.jpg,69.0,64.38294969908564,4.617050300914357,test
img11718,6168,images/img11718.jpg,69.0,64.55588016112581,4.444119838874187,test
img11721,6170,images/img11721.jpg,78.0,69.726697613188,8.273302386812006,test
img11722,6170,images/img11722.jpg,78.0,69.49325790312076,8.506742096879236,test
img11757,6189,images/img11757.jpg,75.0,66.61186623053842,8.388133769461575,test
img11758,6189,images/img11758.jpg,75.0,69.43352844155311,5.566471558446892,test
img11814,6218,images/img11814.jpg,22.0,19.524944021278863,2.4750559787211373,test
img11815,6218,images/img11815.jpg,22.0,17.907250291338762,4.092749708661238,test
img11839,6231,images/img11839.jpg,44.0,47.57957776385669,3.5795777638566904,test
img11840,6231,images/img11840.jpg,44.0,45.322166853628765,1.3221668536287652,test
img11857,6240,images/img11857.jpg,76.0,71.063095647274,4.936904352726003,test
img11879,6252,images/img11879.jpg,61.0,52.69662866689198,8.303371333108018,test
img11880,6252,images/img11880.jpg,61.0,59.50329210526242,1.4967078947375825,test
img11891,6258,images/img11891.jpg,58.0,75.79535792274937,17.795357922749375,test
img11892,6258,images/img11892.jpg,58.0,71.02615994374976,13.02615994374976,test
img11893,6259,images/img11893.jpg,61.0,60.29612321970196,0.7038767802980388,test
img11894,6259,images/img11894.jpg,61.0,60.639437568421954,0.360562431578046,test
img11946,6287,images/img11946.jpg,25.0,30.787573261167772,5.787573261167772,test
img11947,6287,images/img11947.jpg,25.0,29.513131715153005,4.513131715153005,test
img11962,6295,images/img11962.jpg,31.0,30.909123975113022,0.090876024886974,test
img11963,6295,images/img11963.jpg,31.0,30.527606633545997,0.4723933664540034,test
img11980,6304,images/img11980.jpg,24.0,26.568544621047874,2.5685446210478737,test
img11981,6304,images/img11981.jpg,24.0,16.993794254885017,7.006205745114983,test
img12012,6320,images/img12012.jpg,18.0,10.97132129714847,7.028678702851529,test
img12013,6321,images/img12013.jpg,12.0,8.004860920205111,3.995139079794889,test
img12014,6321,images/img12014.jpg,12.0,16.108475967594927,4.108475967594927,test
img12019,6324,images/img12019.jpg,57.0,46.24830014575221,10.75169985424779,test
img12148,6391,images/img12148.jpg,49.0,56.47138521870003,7.4713852187000285,test
img12151,6394,images/img12151.jpg,73.0,71.44105214577827,1.558947854221728,test
img12152,6394,images/img12152.jpg,73.0,68.01261573320589,4.987384266794109,test
img12216,6430,images/img12216.jpg,64.0,63.70515494615053,0.2948450538494711,test
img12217,6430,images/img12217.jpg,64.0,66.58363468887757,2.5836346888775665,test
img12234,6439,images/img12234.jpg,48.0,50.213010974986496,2.2130109749864957,test
img12235,6439,images/img12235.jpg,48.0,46.64251873641846,1.3574812635815403,test
img12278,6462,images/img12278.jpg,60.0,57.82220909779512,2.177790902204883,test
img12279,6462,images/img12279.jpg,60.0,64.42058230267638,4.4205823026763795,test
img12305,6476,images/img12305.jpg,78.0,46.09159360450888,31.90840639549112,test
img12308,6478,images/img12308.jpg,80.0,83.33428106273765,3.334281062737645,test
img12309,6478,images/img12309.jpg,80.0,71.63287525234409,8.367124747655907,test
img12316,6483,images/img12316.jpg,83.0,76.08066815560623,6.919331844393767,test
img12317,6483,images/img12317.jpg,83.0,73.3822536483701,9.617746351629904,test
img12318,6484,images/img12318.jpg,66.0,67.49036056835112,1.4903605683511216,test
img12319,6484,images/img12319.jpg,66.0,64.09465337486405,1.905346625135948,test
img12392,6523,images/img12392.jpg,79.0,72.75536749982297,6.244632500177033,test
img12393,6523,images/img12393.jpg,79.0,80.96261998480095,1.962619984800952,test
img12394,6524,images/img12394.jpg,64.0,71.14328714177998,7.143287141779979,test
img12395,6524,images/img12395.jpg,64.0,68.61870612202229,4.618706122022289,test
img12397,6526,images/img12397.jpg,71.0,74.7858125635122,3.785812563512195,test
img12400,6528,images/img12400.jpg,65.0,72.82932288387478,7.829322883874781,test
img12401,6528,images/img12401.jpg,65.0,73.53324102850435,8.53324102850435,test
img12412,6534,images/img12412.jpg,67.0,66.49018900578298,0.5098109942170197,test
img12413,6534,images/img12413.jpg,67.0,69.36757377563558,2.3675737756355772,test
img12449,6552,images/img12449.jpg,41.0,43.29999407007158,2.299994070071577,test
img12458,6557,images/img12458.jpg,38.0,42.17974084581103,4.179740845811033,test
img12459,6557,images/img12459.jpg,38.0,43.24624660672727,5.246246606727269,test
img12468,6562,images/img12468.jpg,33.0,37.342501863136135,4.342501863136135,test
img12469,6562,images/img12469.jpg,33.0,27.895647382415984,5.104352617584016,test
img12525,6591,images/img12525.jpg,66.0,58.857496680380535,7.142503319619465,test
img12526,6591,images/img12526.jpg,66.0,64.57927484551766,1.4207251544823407,test
img12527,6592,images/img12527.jpg,65.0,52.77271455842407,12.22728544157593,test
img12528,6592,images/img12528.jpg,65.0,58.84209862433386,6.1579013756661425,test
img12579,6619,images/img12579.jpg,57.0,64.1775321334762,7.1775321334762054,test
img12588,6624,images/img12588.jpg,73.0,70.3876358912753,2.612364108724705,test
img12589,6624,images/img12589.jpg,73.0,72.50365134012456,0.4963486598754372,test
img12604,6632,images/img12604.jpg,87.0,83.26202375912955,3.737976240870452,test
img12605,6632,images/img12605.jpg,87.0,84.92331573172726,2.076684268272743,test
img12634,6647,images/img12634.jpg,64.0,75.69032341319692,11.69032341319692,test
img12635,6647,images/img12635.jpg,64.0,69.57801469289804,5.578014692898037,test
img12665,6663,images/img12665.jpg,29.0,28.632583757895546,0.3674162421044578,test
img12666,6663,images/img12666.jpg,29.0,24.558970569209237,4.441029430790763,test
img12676,6669,images/img12676.jpg,31.0,25.89982156569196,5.100178434308042,test
img12677,6669,images/img12677.jpg,31.0,24.967757534035492,6.032242465964508,test
img12707,6685,images/img12707.jpg,18.0,25.819786028477857,7.819786028477853,test
img12708,6685,images/img12708.jpg,18.0,19.16065832454849,1.1606583245484856,test
img12731,6697,images/img12731.jpg,60.0,63.03864473936256,3.03864473936256,test
img12732,6697,images/img12732.jpg,60.0,50.851827856362135,9.148172143637863,test
img12739,6701,images/img12739.jpg,78.0,69.33976866265391,8.66023133734609,test
img12740,6701,images/img12740.jpg,78.0,71.61755762881683,6.382442371183174,test
img12759,6711,images/img12759.jpg,56.0,55.83029598232471,0.1697040176752935,test
img12760,6711,images/img12760.jpg,56.0,48.39383732840423,7.606162671595769,test
img12765,6714,images/img12765.jpg,64.0,55.444218525885944,8.555781474114056,test
img12766,6714,images/img12766.jpg,64.0,55.8255263339236,8.174473666076402,test
img12783,6723,images/img12783.jpg,69.0,69.39197945589854,0.3919794558985359,test
img12784,6723,images/img12784.jpg,69.0,73.49286772089624,4.492867720896243,test
img12791,6727,images/img12791.jpg,74.0,67.29240059688048,6.7075994031195165,test
img12792,6727,images/img12792.jpg,74.0,76.42746264221697,2.427462642216966,test
img12807,6735,images/img12807.jpg,42.0,57.73867161048161,15.73867161048161,test
img12828,6746,images/img12828.jpg,41.0,41.276726313639955,0.2767263136399549,test
img12829,6746,images/img12829.jpg,41.0,44.76352892473913,3.763528924739127,test
img12849,6757,images/img12849.jpg,47.0,46.29583549207186,0.7041645079281409,test
img12866,6766,images/img12866.jpg,44.0,56.93420375088831,12.934203750888308,test
img12867,6766,images/img12867.jpg,44.0,51.32941161789353,7.329411617893527,test
img12870,6768,images/img12870.jpg,40.0,42.11014572226916,2.1101457222691593,test
img12871,6768,images/img12871.jpg,40.0,48.17334643600445,8.17334643600445,test
img12878,6772,images/img12878.jpg,42.0,40.82992503157152,1.17007496842848,test
img12879,6772,images/img12879.jpg,42.0,34.98827746479745,7.011722535202551,test
img12889,6777,images/img12889.jpg,45.0,62.054912493151726,17.054912493151726,test
img12899,6783,images/img12899.jpg,55.0,52.47222139242838,2.5277786075716193,test
img12912,6790,images/img12912.jpg,46.0,40.78632242647218,5.213677573527818,test
img12913,6790,images/img12913.jpg,46.0,43.39441584950342,2.6055841504965827,test
img12931,6800,images/img12931.jpg,58.0,64.5026692781144,6.502669278114396,test
img12932,6800,images/img12932.jpg,58.0,63.10077354388217,5.10077354388217,test
img12946,6809,images/img12946.jpg,47.0,41.60162788642468,5.39837211357532,test
img12947,6809,images/img12947.jpg,47.0,57.43981436013498,10.439814360134982,test
img12977,6826,images/img12977.jpg,58.0,58.2256539800694,0.2256539800694028,test
img12978,6826,images/img12978.jpg,58.0,52.13069619012324,5.869303809876762,test
img12997,6837,images/img12997.jpg,52.0,46.069635254056905,5.930364745943095,test
img12998,6837,images/img12998.jpg,52.0,48.17989009860065,3.820109901399349,test
img13020,6849,images/img13020.jpg,55.0,48.139503703667344,6.860496296332656,test
img13021,6849,images/img13021.jpg,55.0,54.389968772359786,0.6100312276402136,test
img13035,6857,images/img13035.jpg,63.0,57.89694413198,5.10305586802,test
img13036,6857,images/img13036.jpg,63.0,72.86054706056296,9.860547060562965,test
img13048,6864,images/img13048.jpg,73.0,78.36205504558663,5.362055045586629,test
img13049,6864,images/img13049.jpg,73.0,71.12452973294798,1.8754702670520231,test
img13064,6872,images/img13064.jpg,61.0,78.77518263993504,17.77518263993504,test
img13065,6872,images/img13065.jpg,61.0,72.41915411563029,11.419154115630292,test
img13122,6902,images/img13122.jpg,77.0,72.29830030175152,4.701699698248476,test
img13130,6907,images/img13130.jpg,62.0,56.75427995393791,5.24572004606209,test
img13136,6911,images/img13136.jpg,52.0,49.18657424136765,2.813425758632349,test
img13137,6911,images/img13137.jpg,52.0,47.46852090349488,4.531479096505123,test
img13172,6931,images/img13172.jpg,76.0,83.13317031772694,7.133170317726936,test
img13173,6931,images/img13173.jpg,76.0,84.15333167891603,8.153331678916032,test
img13174,6932,images/img13174.jpg,61.0,65.86085007437272,4.8608500743727205,test
img13175,6932,images/img13175.jpg,61.0,67.33708072508733,6.337080725087333,test
img13178,6934,images/img13178.jpg,94.0,76.07680303223275,17.923196967767254,test
img13179,6934,images/img13179.jpg,94.0,78.34778113624346,15.652218863756543,test
img13184,6937,images/img13184.jpg,54.0,47.55748199649019,6.442518003509804,test
img13185,6937,images/img13185.jpg,54.0,46.88825507911437,7.111744920885627,test
img13230,6963,images/img13230.jpg,66.0,65.30872090854544,0.691279091454561,test
img13231,6963,images/img13231.jpg,66.0,53.445825139550735,12.554174860449264,test
img13243,6970,images/img13243.jpg,66.0,56.64857730916913,9.351422690830873,test
img13244,6970,images/img13244.jpg,66.0,60.579185704457025,5.420814295542975,test
img13262,6981,images/img13262.jpg,90.0,79.9957632991205,10.004236700879504,test
img13263,6981,images/img13263.jpg,90.0,80.12392529350878,9.876074706491224,test
img13270,6985,images/img13270.jpg,84.0,77.92256957830074,6.077430421699262,test
img13271,6985,images/img13271.jpg,84.0,77.92461774469336,6.075382255306636,test
img13287,6994,images/img13287.jpg,43.0,41.04744510115262,1.9525548988473815,test
img13288,6994,images/img13288.jpg,43.0,42.664335051203814,0.335664948796186,test
img13303,7002,images/img13303.jpg,80.0,77.6545193461518,2.345480653848199,test
img13304,7002,images/img13304.jpg,80.0,75.87581661681136,4.124183383188637,test
img13321,7011,images/img13321.jpg,36.0,33.60345523688913,2.3965447631108674,test
img13322,7011,images/img13322.jpg,36.0,38.32973769536202,2.32973769536202,test
img13333,7017,images/img13333.jpg,55.0,54.76586074531495,0.2341392546850471,test
img13334,7017,images/img13334.jpg,55.0,56.53343761232619,1.533437612326196,test
img13350,7026,images/img13350.jpg,59.0,53.160548715617296,5.839451284382704,test
img13351,7026,images/img13351.jpg,59.0,61.12996414926341,2.129964149263408,test
img13392,7048,images/img13392.jpg,40.0,49.07984001545584,9.079840015455844,test
img13393,7048,images/img13393.jpg,40.0,45.44462604606446,5.444626046064457,test
img13416,7061,images/img13416.jpg,66.0,70.1622852387874,4.162285238787405,test
img13417,7061,images/img13417.jpg,66.0,67.29071124132024,1.2907112413202384,test
img13448,7078,images/img13448.jpg,71.0,76.15121320083499,5.151213200834988,test
img13449,7078,images/img13449.jpg,71.0,74.93232298782021,3.932322987820214,test
img13492,7101,images/img13492.jpg,43.0,52.093157924334925,9.093157924334925,test
img13501,7106,images/img13501.jpg,34.0,31.47634827993931,2.523651720060691,test
img13502,7106,images/img13502.jpg,34.0,30.570685745637636,3.429314254362364,test
img13509,7110,images/img13509.jpg,42.0,49.86442188890875,7.864421888908751,test
img13510,7110,images/img13510.jpg,42.0,44.53129106736874,2.531291067368741,test
img13511,7111,images/img13511.jpg,53.0,42.91029933148016,10.08970066851984,test
img13512,7111,images/img13512.jpg,53.0,47.46518908862298,5.534810911377022,test
img13515,7113,images/img13515.jpg,45.0,51.492593113275795,6.492593113275795,test
img13516,7113,images/img13516.jpg,45.0,43.00929622167718,1.9907037783228176,test
img13519,7115,images/img13519.jpg,37.0,39.62703843604618,2.6270384360461776,test
img13520,7115,images/img13520.jpg,37.0,67.78793144369239,30.787931443692383,test
img13533,7122,images/img13533.jpg,53.0,49.698986647067315,3.301013352932685,test
img13534,7122,images/img13534.jpg,53.0,40.77978312631771,12.22021687368229,test
img13548,7130,images/img13548.jpg,35.0,46.96118201752814,11.961182017528138,test
img13549,7130,images/img13549.jpg,35.0,45.0348586224592,10.034858622459204,test
img13554,7133,images/img13554.jpg,38.0,42.91018263616386,4.91018263616386,test
img13555,7133,images/img13555.jpg,38.0,38.880114250223954,0.8801142502239543,test
img13562,7137,images/img13562.jpg,47.0,42.70042662225315,4.299573377746853,test
img13563,7137,images/img13563.jpg,47.0,41.09283303553028,5.907166964469717,test
img13567,7140,images/img13567.jpg,33.0,55.62654500578274,22.626545005782734,test
img13568,7140,images/img13568.jpg,33.0,37.06756115427339,4.067561154273392,test
img13571,7142,images/img13571.jpg,52.0,51.51936214634641,0.4806378536535902,test
img13572,7142,images/img13572.jpg,52.0,55.65000635373728,3.6500063537372824,test
img13605,7159,images/img13605.jpg,55.0,53.802393676859325,1.1976063231406755,test
img13606,7159,images/img13606.jpg,55.0,50.05397598046935,4.946024019530647,test
img13609,7161,images/img13609.jpg,57.0,58.865716065906575,1.8657160659065752,test
img13610,7161,images/img13610.jpg,57.0,60.949490480165466,3.9494904801654656,test
img13648,7180,images/img13648.jpg,62.0,47.2862515443195,14.713748455680502,test
img13665,7189,images/img13665.jpg,56.0,49.94839998283707,6.051600017162933,test
img13666,7189,images/img13666.jpg,56.0,51.13460514648905,4.865394853510949,test
img13673,7193,images/img13673.jpg,36.0,40.48673392183042,4.486733921830421,test
img13674,7193,images/img13674.jpg,36.0,37.86859488610358,1.8685948861035797,test
img13684,7199,images/img13684.jpg,32.0,32.74403894737567,0.744038947375671,test
img13692,7203,images/img13692.jpg,78.0,79.22854503436659,1.22854503436659,test
img13695,7205,images/img13695.jpg,40.0,58.98574919543473,18.985749195434728,test
img13696,7205,images/img13696.jpg,40.0,48.47269609696146,8.472696096961457,test
img13704,7209,images/img13704.jpg,41.0,37.051188910457704,3.948811089542296,test
img13734,7225,images/img13734.jpg,42.0,41.21774610143955,0.7822538985604481,test
img13735,7225,images/img13735.jpg,42.0,40.51064228373606,1.4893577162639389,test
img13748,7232,images/img13748.jpg,75.0,71.37463506103728,3.6253649389627185,test
img13749,7232,images/img13749.jpg,75.0,67.09647134203554,7.903528657964458,test
img13756,7236,images/img13756.jpg,42.0,47.94416228784563,5.944162287845629,test
img13757,7236,images/img13757.jpg,42.0,51.04687371675659,9.046873716756592,test
img13770,7243,images/img13770.jpg,65.0,62.98421509919259,2.015784900807404,test
img13771,7243,images/img13771.jpg,65.0,71.68559099821907,6.6855909982190695,test
img13831,7274,images/img13831.jpg,66.0,76.67945690757571,10.679456907575712,test
img13832,7274,images/img13832.jpg,66.0,79.32714712358698,13.327147123586984,test
img13839,7278,images/img13839.jpg,36.0,28.171364605906813,7.828635394093187,test
img13840,7278,images/img13840.jpg,36.0,27.53408821176736,8.465911788232638,test
img13868,7293,images/img13868.jpg,77.0,74.53193045149445,2.4680695485055537,test
img13869,7293,images/img13869.jpg,77.0,68.79506110082114,8.204938899178856,test
img13893,7306,images/img13893.jpg,73.0,74.20669842374862,1.2066984237486196,test
img13894,7306,images/img13894.jpg,73.0,77.44033654449476,4.440336544494755,test
img13895,7307,images/img13895.jpg,62.0,62.808559746986326,0.8085597469863259,test
img13896,7307,images/img13896.jpg,62.0,54.12748992360629,7.872510076393716,test
img13909,7314,images/img13909.jpg,79.0,75.21127714307529,3.788722856924707,test
img13910,7314,images/img13910.jpg,79.0,75.07289176649088,3.927108233509117,test
img13912,7315,images/img13912.jpg,82.0,80.6849811057277,1.3150188942722991,test
img13931,7325,images/img13931.jpg,63.0,67.17035583640921,4.170355836409215,test
img13932,7325,images/img13932.jpg,63.0,65.7421523973194,2.7421523973194013,test
img14017,7368,images/img14017.jpg,77.0,78.27834415121433,1.278344151214327,test
img14018,7368,images/img14018.jpg,77.0,71.4789344991581,5.5210655008419,test
img14027,7373,images/img14027.jpg,81.0,77.76510942524843,3.2348905747515744,test
img14052,7386,images/img14052.jpg,70.0,63.260753552339246,6.739246447660754,test
img14053,7386,images/img14053.jpg,70.0,64.21460634452541,5.785393655474593,test
img14054,7387,images/img14054.jpg,69.0,70.6027980611009,1.6027980611008985,test
img14055,7387,images/img14055.jpg,69.0,72.51425207353041,3.5142520735304146,test
img14060,7390,images/img14060.jpg,79.0,74.93198053614434,4.068019463855663,test
img14061,7390,images/img14061.jpg,79.0,77.047455042219,1.9525449577810008,test
img14078,7399,images/img14078.jpg,73.0,62.87659802413552,10.123401975864482,test
img14079,7399,images/img14079.jpg,73.0,62.48291874032823,10.51708125967177,test
img14088,7404,images/img14088.jpg,80.0,76.42644183085196,3.5735581691480434,test
img14101,7411,images/img14101.jpg,62.0,63.07336050535104,1.0733605053510402,test
img14102,7411,images/img14102.jpg,62.0,57.34692720590824,4.653072794091756,test
img14125,7422,images/img14125.jpg,76.0,80.3749052911651,4.374905291165106,test
img14126,7422,images/img14126.jpg,76.0,77.6031101515752,1.6031101515751942,test
img14136,7428,images/img14136.jpg,69.0,62.39242424906454,6.60757575093546,test
img14149,7435,images/img14149.jpg,56.0,64.22812773267002,8.228127732670018,test
img14150,7435,images/img14150.jpg,56.0,59.763464721929665,3.7634647219296657,test
img14211,7467,images/img14211.jpg,77.0,77.2634177201022,0.263417720102197,test
img14212,7467,images/img14212.jpg,77.0,71.69330597641999,5.3066940235800075,test
img14234,7478,images/img14234.jpg,66.0,66.72678821427374,0.7267882142737392,test
img14235,7479,images/img14235.jpg,69.0,73.0406766420694,4.0406766420694,test
img14236,7479,images/img14236.jpg,69.0,71.41852558729086,2.4185255872908584,test
img14241,7482,images/img14241.jpg,67.0,71.13419363199213,4.134193631992133,test
img14242,7482,images/img14242.jpg,67.0,70.80957670853034,3.809576708530344,test
img14273,7498,images/img14273.jpg,56.0,57.07365540366014,1.0736554036601405,test
img14274,7498,images/img14274.jpg,56.0,55.231156326448506,0.7688436735514941,test
img14285,7504,images/img14285.jpg,64.0,79.64770806684956,15.64770806684956,test
img14286,7504,images/img14286.jpg,64.0,70.66081308306836,6.660813083068362,test
img14297,7510,images/img14297.jpg,67.0,64.91867717461555,2.081322825384447,test
img14298,7510,images/img14298.jpg,67.0,66.59606001353731,0.4039399864626887,test
img14319,7520,images/img14319.jpg,64.0,63.82768066582262,0.1723193341773807,test
img14327,7524,images/img14327.jpg,51.0,52.28147253713876,1.281472537138761,test
img14328,7524,images/img14328.jpg,51.0,51.576348177370626,0.576348177370626,test
img14331,7526,images/img14331.jpg,61.0,48.22283397499864,12.777166025001364,test
img14332,7526,images/img14332.jpg,61.0,56.94147525962203,4.058524740377969,test
img14352,7537,images/img14352.jpg,59.0,52.77008291544996,6.2299170845500385,test
img14353,7537,images/img14353.jpg,59.0,59.078824616287406,0.078824616287406,test
img14418,7571,images/img14418.jpg,73.0,69.4432872237049,3.5567127762951003,test
img14419,7571,images/img14419.jpg,73.0,64.44216112069778,8.557838879302224,test
img14422,7573,images/img14422.jpg,83.0,81.35107797116169,1.6489220288383135,test
img14423,7573,images/img14423.jpg,83.0,70.69639861087693,12.303601389123074,test
img14454,7589,images/img14454.jpg,75.0,71.27055919805518,3.7294408019448184,test
img14455,7589,images/img14455.jpg,75.0,73.71379921991083,1.2862007800891746,test
img14470,7597,images/img14470.jpg,83.0,80.81283554797396,2.187164452026039,test
img14471,7597,images/img14471.jpg,83.0,87.60412778657962,4.604127786579625,test
img14476,7600,images/img14476.jpg,69.0,69.91547464481529,0.9154746448152906,test
img14477,7600,images/img14477.jpg,69.0,61.65492948104344,7.345070518956561,test
img14484,7604,images/img14484.jpg,42.0,47.081078275446984,5.081078275446984,test
img14485,7604,images/img14485.jpg,42.0,46.786706160504835,4.786706160504835,test
img14502,7613,images/img14502.jpg,56.0,48.99692744792028,7.003072552079722,test
img14503,7613,images/img14503.jpg,56.0,47.97634074866244,8.023659251337563,test
img14512,7618,images/img14512.jpg,77.0,73.6732590489065,3.326740951093498,test
img14513,7618,images/img14513.jpg,77.0,71.01001018446235,5.989989815537655,test
img14518,7621,images/img14518.jpg,56.0,54.02790137724952,1.9720986227504795,test
img14519,7621,images/img14519.jpg,56.0,58.69519421700702,2.695194217007021,test
img14532,7628,images/img14532.jpg,65.0,71.16137600641675,6.161376006416745,test
img14533,7628,images/img14533.jpg,65.0,66.69748896499925,1.697488964999252,test
img14548,7636,images/img14548.jpg,73.0,69.07607650979402,3.923923490205979,test
img14579,7652,images/img14579.jpg,74.0,75.26369842413344,1.2636984241334377,test
img14580,7652,images/img14580.jpg,74.0,75.05618361466192,1.0561836146619186,test
img14591,7658,images/img14591.jpg,63.0,61.64046198834846,1.3595380116515372,test
img14592,7658,images/img14592.jpg,63.0,63.00477583237507,0.004775832375067,test
img14595,7660,images/img14595.jpg,56.0,45.187384853914,10.812615146086005,test
img14596,7660,images/img14596.jpg,56.0,56.40980505939122,0.4098050593912177,test
img14615,7670,images/img14615.jpg,65.0,57.16956702510621,7.830432974893796,test
img14616,7670,images/img14616.jpg,65.0,54.745151143808414,10.254848856191586,test
img14631,7678,images/img14631.jpg,59.0,60.69052557822612,1.690525578226122,test
img14632,7678,images/img14632.jpg,59.0,64.675373983795,5.675373983794998,test
img14653,7689,images/img14653.jpg,58.0,57.49185106468929,0.5081489353107074,test
img14654,7689,images/img14654.jpg,58.0,58.079044855517225,0.0790448555172247,test
img14687,7706,images/img14687.jpg,72.0,62.76234403929024,9.23765596070976,test
img14688,7706,images/img14688.jpg,72.0,69.29126921671174,2.70873078328826,test
img14693,7709,images/img14693.jpg,61.0,60.45115676454153,0.5488432354584702,test
img14694,7709,images/img14694.jpg,61.0,63.80362452620334,2.8036245262033432,test
img14784,7756,images/img14784.jpg,81.0,74.59199145863366,6.408008541366343,test
img14785,7756,images/img14785.jpg,81.0,67.294272084383,13.705727915617004,test
img14819,7774,images/img14819.jpg,67.0,75.71185424435929,8.711854244359287,test
img14820,7774,images/img14820.jpg,67.0,73.51901401540978,6.51901401540978,test
img14860,7796,images/img14860.jpg,50.0,47.511389527773005,2.488610472226995,test
img14861,7796,images/img14861.jpg,50.0,46.59222523631451,3.407774763685488,test
img14876,7804,images/img14876.jpg,60.0,54.63366131110482,5.366338688895183,test
img14877,7804,images/img14877.jpg,60.0,61.84953037238135,1.849530372381352,test
img14884,7808,images/img14884.jpg,70.0,66.88807422872397,3.1119257712760344,test
img14885,7808,images/img14885.jpg,70.0,64.77683347234905,5.223166527650946,test
img14890,7811,images/img14890.jpg,54.0,60.634179735525905,6.634179735525905,test
img14891,7811,images/img14891.jpg,54.0,55.82135447636591,1.8213544763659115,test
img14945,7838,images/img14945.jpg,52.0,55.05984133111177,3.0598413311117696,test
img14946,7838,images/img14946.jpg,52.0,61.903834047046345,9.903834047046344,test
img14988,7860,images/img14988.jpg,42.0,61.406363549579886,19.406363549579886,test
img15003,7868,images/img15003.jpg,61.0,59.95120022059374,1.0487997794062591,test
img15004,7868,images/img15004.jpg,61.0,60.713516191452655,0.2864838085473451,test
img15047,7890,images/img15047.jpg,52.0,56.50314536225274,4.503145362252738,test
img15048,7890,images/img15048.jpg,52.0,52.305902210831235,0.3059022108312348,test
img15097,7916,images/img15097.jpg,70.0,72.27757434108851,2.27757434108851,test
img15114,7925,images/img15114.jpg,77.0,73.13580622767206,3.864193772327937,test
img15115,7925,images/img15115.jpg,77.0,74.37465024916351,2.6253497508364916,test
img15132,7934,images/img15132.jpg,64.0,64.84243368987595,0.8424336898759464,test
img15133,7934,images/img15133.jpg,64.0,68.35476421937332,4.3547642193733225,test
img15138,7937,images/img15138.jpg,52.0,55.378236322055,3.3782363220550025,test
img15139,7937,images/img15139.jpg,52.0,60.32710364495845,8.327103644958449,test
img15147,7941,images/img15147.jpg,68.0,66.79710750314291,1.202892496857089,test
img15168,7954,images/img15168.jpg,54.0,50.218291165396415,3.781708834603585,test
img15169,7954,images/img15169.jpg,54.0,53.751242956955274,0.2487570430447263,test
img15182,7961,images/img15182.jpg,83.0,70.51461021090236,12.485389789097638,test
img15183,7961,images/img15183.jpg,83.0,57.716088885556914,25.28391111444309,test
img15209,7975,images/img15209.jpg,85.0,83.68761266828199,1.312387331718014,test
img15242,7993,images/img15242.jpg,63.0,56.13446259691033,6.865537403089668,test
img15243,7993,images/img15243.jpg,63.0,58.47631742804764,4.523682571952357,test
img15275,8010,images/img15275.jpg,61.0,51.82214450364033,9.177855496359667,test
img15276,8010,images/img15276.jpg,61.0,60.4360070950209,0.5639929049791021,test
img15295,8020,images/img15295.jpg,47.0,52.65992744461077,5.659927444610773,test
img15296,8020,images/img15296.jpg,47.0,47.34190866653147,0.3419086665314665,test
img15307,8026,images/img15307.jpg,56.0,68.21279509690706,12.212795096907058,test
img15308,8027,images/img15308.jpg,64.0,62.20620578951235,1.793794210487647,test
img15313,8030,images/img15313.jpg,48.0,54.20803313997681,6.208033139976813,test
img15314,8030,images/img15314.jpg,48.0,58.44272826263614,10.442728262636138,test
img15319,8033,images/img15319.jpg,68.0,74.2269663280299,6.226966328029903,test
img15320,8033,images/img15320.jpg,68.0,67.21555618579247,0.7844438142075347,test
img15335,8042,images/img15335.jpg,67.0,74.97785379216455,7.977853792164552,test
img15336,8042,images/img15336.jpg,67.0,66.89753854605894,0.1024614539410606,test
img15339,8044,images/img15339.jpg,74.0,77.36822974512638,3.368229745126385,test
img15342,8046,images/img15342.jpg,60.0,65.7363252657775,5.736325265777495,test
img15343,8046,images/img15343.jpg,60.0,66.51067066970909,6.510670669709086,test
img15358,8054,images/img15358.jpg,83.0,74.85985410578817,8.140145894211827,test
img15394,8073,images/img15394.jpg,69.0,69.41931451578373,0.419314515783725,test
img15400,8076,images/img15400.jpg,66.0,68.62780726608317,2.627807266083167,test
img15401,8076,images/img15401.jpg,66.0,66.01446909748108,0.0144690974810828,test
img15402,8077,images/img15402.jpg,78.0,78.01741996763265,0.017419967632648,test
img15403,8077,images/img15403.jpg,78.0,77.65102939276716,0.3489706072328431,test
img15408,8080,images/img15408.jpg,55.0,55.53533739162236,0.5353373916223632,test
img15409,8080,images/img15409.jpg,55.0,52.306625830853335,2.693374169146665,test
img15420,8086,images/img15420.jpg,65.0,65.29425941420783,0.2942594142078292,test
img15426,8090,images/img15426.jpg,63.0,58.613431425520126,4.386568574479874,test
img15427,8090,images/img15427.jpg,63.0,65.4425524412681,2.4425524412681057,test
img15432,8093,images/img15432.jpg,58.0,54.92588001574761,3.074119984252391,test
img15433,8093,images/img15433.jpg,58.0,71.54203830940453,13.542038309404532,test
img15440,8097,images/img15440.jpg,59.0,59.382064484657846,0.382064484657846,test
img15441,8097,images/img15441.jpg,59.0,60.23413783045426,1.2341378304542587,test
img15442,8098,images/img15442.jpg,74.0,79.59974302001942,5.599743020019417,test
img15443,8098,images/img15443.jpg,74.0,81.842380521326,7.842380521326007,test
img15448,8101,images/img15448.jpg,72.0,81.42013542376023,9.420135423760229,test
img15449,8101,images/img15449.jpg,72.0,76.51958650546712,4.519586505467117,test
img15464,8109,images/img15464.jpg,68.0,74.48045800151274,6.480458001512744,test
img15465,8109,images/img15465.jpg,68.0,62.65777031264561,5.34222968735439,test
img15466,8110,images/img15466.jpg,70.0,65.90829708124733,4.091702918752674,test
img15467,8110,images/img15467.jpg,70.0,68.00273262146476,1.9972673785352413,test
img15519,8137,images/img15519.jpg,74.0,47.60863380700468,26.39136619299532,test
img15520,8137,images/img15520.jpg,74.0,68.1317038487941,5.868296151205897,test
img15531,8143,images/img15531.jpg,63.0,51.812807787725994,11.187192212274006,test
img15532,8143,images/img15532.jpg,63.0,48.46342699889394,14.536573001106063,test
img15535,8145,images/img15535.jpg,81.0,73.50072884089514,7.499271159104865,test
img15538,8147,images/img15538.jpg,58.0,52.692747184362005,5.307252815637995,test
img15539,8147,images/img15539.jpg,58.0,54.136969509487315,3.863030490512685,test
img15544,8150,images/img15544.jpg,63.0,63.05099426659723,0.050994266597236,test
img15545,8150,images/img15545.jpg,63.0,60.942191569844624,2.057808430155376,test
img15558,8157,images/img15558.jpg,46.0,45.075009445539045,0.9249905544609548,test
img15559,8158,images/img15559.jpg,60.0,61.66266354492693,1.6626635449269287,test
img15560,8158,images/img15560.jpg,60.0,63.67390459481195,3.673904594811951,test
img15569,8163,images/img15569.jpg,54.0,54.87160687817474,0.8716068781747381,test
img15570,8163,images/img15570.jpg,54.0,48.47357512897021,5.526424871029789,test
img15579,8168,images/img15579.jpg,73.0,67.33463775771808,5.665362242281915,test
img15580,8168,images/img15580.jpg,73.0,68.52483291963809,4.4751670803619135,test
img15583,8170,images/img15583.jpg,77.0,73.75893195144724,3.241068048552762,test
img15584,8170,images/img15584.jpg,77.0,74.15435239481033,2.8456476051896686,test
img15596,8177,images/img15596.jpg,63.0,60.4814762798758,2.5185237201242003,test
img15597,8177,images/img15597.jpg,63.0,64.48287524406611,1.4828752440661075,test
img15638,8199,images/img15638.jpg,70.0,66.27310518037496,3.726894819625045,test
img15639,8199,images/img15639.jpg,70.0,63.08324688892347,6.916753111076531,test
img15667,8214,images/img15667.jpg,59.0,55.88500250121827,3.114997498781733,test
img15668,8214,images/img15668.jpg,59.0,60.94131744558282,1.9413174455828184,test
img15681,8221,images/img15681.jpg,60.0,58.76535591266868,1.2346440873313185,test
img15682,8221,images/img15682.jpg,60.0,62.6543479771078,2.654347977107797,test
img15693,8227,images/img15693.jpg,58.0,50.48774937561398,7.51225062438602,test
img15694,8227,images/img15694.jpg,58.0,50.82279035359151,7.1772096464084925,test
img15699,8230,images/img15699.jpg,73.0,77.98339074091155,4.983390740911545,test
img15700,8230,images/img15700.jpg,73.0,67.38567832596843,5.614321674031572,test
img15705,8233,images/img15705.jpg,61.0,58.65168976684663,2.34831023315337,test
img15706,8233,images/img15706.jpg,61.0,62.73999634091379,1.739996340913791,test
img15709,8235,images/img15709.jpg,58.0,49.917985584395154,8.082014415604846,test
img15710,8235,images/img15710.jpg,58.0,47.786666144649026,10.213333855350974,test
img15724,8243,images/img15724.jpg,66.0,69.0266478637632,3.026647863763202,test
img15758,8263,images/img15758.jpg,62.0,58.7789978132661,3.221002186733898,test
img15759,8263,images/img15759.jpg,62.0,65.75020110231273,3.7502011023127295,test
img15800,8285,images/img15800.jpg,63.0,66.3201901045859,3.3201901045859046,test
img15801,8285,images/img15801.jpg,63.0,61.18424164927801,1.8157583507219923,test
img15810,8290,images/img15810.jpg,70.0,69.66916136920048,0.3308386307995192,test
img15811,8290,images/img15811.jpg,70.0,59.91912809429412,10.080871905705877,test
img15837,8304,images/img15837.jpg,59.0,65.57655410921828,6.576554109218279,test
img15838,8304,images/img15838.jpg,59.0,60.0513324362512,1.0513324362512009,test
img15841,8306,images/img15841.jpg,71.0,79.87002027867194,8.870020278671944,test
img15842,8306,images/img15842.jpg,71.0,74.62258417188131,3.6225841718813143,test
img15845,8308,images/img15845.jpg,70.0,73.98549100029456,3.9854910002945583,test
img15846,8308,images/img15846.jpg,70.0,71.4901776021088,1.4901776021088011,test
img15864,8318,images/img15864.jpg,63.0,66.36079134977444,3.360791349774445,test
img15865,8318,images/img15865.jpg,63.0,68.4889060307641,5.488906030764099,test
img15868,8320,images/img15868.jpg,62.0,50.71775529873384,11.282244701266158,test
img15869,8320,images/img15869.jpg,62.0,47.09906789453437,14.900932105465628,test
img15874,8323,images/img15874.jpg,63.0,58.09012259466107,4.909877405338932,test
img15875,8323,images/img15875.jpg,63.0,60.10447024836363,2.895529751636367,test
img15881,8327,images/img15881.jpg,38.0,48.32613386865788,10.326133868657877,test
img15882,8327,images/img15882.jpg,38.0,50.40451998574771,12.404519985747712,test
img15898,8336,images/img15898.jpg,63.0,63.6971727683936,0.6971727683935995,test
img15899,8336,images/img15899.jpg,63.0,63.670309942825774,0.6703099428257744,test
img15919,8347,images/img15919.jpg,70.0,74.005650934143,4.005650934143006,test
img15920,8347,images/img15920.jpg,70.0,71.25022585714792,1.2502258571479246,test
img15941,8358,images/img15941.jpg,69.0,67.21004860310732,1.7899513968926757,test
img15942,8358,images/img15942.jpg,69.0,75.71374318162873,6.713743181628729,test
img15954,8365,images/img15954.jpg,54.0,50.00458496049846,3.9954150395015375,test
img15955,8365,images/img15955.jpg,54.0,49.699940385890706,4.300059614109294,test
img16037,8409,images/img16037.jpg,63.0,60.6714039055096,2.3285960944904005,test
img16038,8409,images/img16038.jpg,63.0,74.41195785084531,11.411957850845312,test
img16059,8420,images/img16059.jpg,57.0,62.25282611367897,5.252826113678971,test
img16060,8420,images/img16060.jpg,57.0,52.25352400888518,4.746475991114821,test
img16071,8426,images/img16071.jpg,87.0,83.15190046129813,3.8480995387018737,test
img16072,8426,images/img16072.jpg,87.0,81.45557590038125,5.544424099618752,test
img16079,8430,images/img16079.jpg,52.0,55.902673525733,3.902673525733,test
img16080,8430,images/img16080.jpg,52.0,58.14434065640709,6.144340656407088,test
img16082,8432,images/img16082.jpg,50.0,52.40065989827636,2.400659898276359,test
img16083,8432,images/img16083.jpg,50.0,64.0475815379783,14.047581537978305,test
img16087,8434,images/img16087.jpg,67.0,64.70475666476759,2.2952433352324135,test
img16088,8435,images/img16088.jpg,69.0,71.06229404860596,2.0622940486059633,test
img16089,8435,images/img16089.jpg,69.0,68.79281226210891,0.2071877378910898,test
img16110,8446,images/img16110.jpg,61.0,79.28721987564585,18.28721987564585,test
img16111,8446,images/img16111.jpg,61.0,72.71431147008398,11.714311470083985,test
img16118,8450,images/img16118.jpg,59.0,61.70781972458765,2.707819724587644,test
img16119,8450,images/img16119.jpg,59.0,60.91970754516409,1.919707545164087,test
img16124,8453,images/img16124.jpg,54.0,53.872180747837355,0.1278192521626451,test
img16125,8453,images/img16125.jpg,54.0,59.339950562799146,5.339950562799146,test
img16130,8456,images/img16130.jpg,63.0,62.65548766500997,0.3445123349900356,test
img16131,8456,images/img16131.jpg,63.0,66.60399856687692,3.6039985668769248,test
img16150,8466,images/img16150.jpg,72.0,73.60060912554265,1.600609125542647,test
img16151,8466,images/img16151.jpg,72.0,73.81765805141683,1.817658051416828,test
img16154,8468,images/img16154.jpg,66.0,74.19140370304044,8.191403703040436,test
img16155,8468,images/img16155.jpg,66.0,71.34201272177437,5.342012721774367,test
img16161,8472,images/img16161.jpg,68.0,78.52175095002599,10.52175095002599,test
img16162,8472,images/img16162.jpg,68.0,75.86431285796725,7.864312857967249,test
img16239,8511,images/img16239.jpg,34.0,37.51530908619742,3.515309086197419,test
img16240,8511,images/img16240.jpg,34.0,36.16617817530964,2.166178175309639,test
img16243,8513,images/img16243.jpg,29.0,32.92516098437585,3.92516098437585,test
img16244,8513,images/img16244.jpg,29.0,32.24219019432714,3.2421901943271365,test
img16247,8515,images/img16247.jpg,20.0,24.990001624420835,4.9900016244208345,test
img16248,8515,images/img16248.jpg,20.0,25.205846516377303,5.205846516377306,test
img16261,8522,images/img16261.jpg,33.0,27.24664910734587,5.753350892654126,test
img16262,8522,images/img16262.jpg,33.0,26.74958377165517,6.250416228344829,test
img16263,8523,images/img16263.jpg,19.0,16.85484176087561,2.1451582391243917,test
img16264,8523,images/img16264.jpg,19.0,16.094485616964256,2.9055143830357437,test
img16265,8524,images/img16265.jpg,20.0,28.26034969233165,8.260349692331651,test
img16266,8524,images/img16266.jpg,20.0,19.64611520279354,0.3538847972064616,test
