image_id,patient_id,image_path,age_true,age_pred,absolute_error,split
img00001,1,images/img00001.jpg,48.0,44.6817418671701,3.318258132829897,validation
img00002,1,images/img00002.jpg,48.0,43.68400563769819,4.315994362301808,validation
img00015,8,images/img00015.jpg,28.0,30.204471849662248,2.204471849662248,validation
img00016,8,images/img00016.jpg,28.0,35.351557618708874,7.351557618708874,validation
img00029,15,images/img00029.jpg,26.0,27.584016357376356,1.5840163573763562,validation
img00030,15,images/img00030.jpg,26.0,30.120726055756094,4.120726055756098,validation
img00047,24,images/img00047.jpg,13.0,17.997456861448228,4.997456861448228,validation
img00048,24,images/img00048.jpg,13.0,17.498463326512507,4.498463326512507,validation
img00070,36,images/img00070.jpg,39.0,36.40356698575366,2.5964330142463368,validation
img00071,36,images/img00071.jpg,39.0,41.13226405572455,2.132264055724548,validation
img00074,38,images/img00074.jpg,37.0,35.68192751220315,1.3180724877968473,validation
img00075,38,images/img00075.jpg,37.0,32.45437063522974,4.545629364770257,validation
img00094,48,images/img00094.jpg,20.0,18.99346774521561,1.0065322547843891,validation
img00095,48,images/img00095.jpg,20.0,19.526654098437337,0.4733459015626664,validation
img00096,49,images/img00096.jpg,20.0,20.462581072246422,0.4625810722464223,validation
img00097,49,images/img00097.jpg,20.0,18.284474990242693,1.7155250097573074,validation
img00118,60,images/img00118.jpg,20.0,24.74807805579764,4.748078055797642,validation
img00119,60,images/img00119.jpg,20.0,23.324303585675025,3.324303585675026,validation
img00130,66,images/img00130.jpg,27.0,23.345094982964017,3.6549050170359862,validation
img00131,66,images/img00131.jpg,27.0,22.046666551092443,4.953333448907557,validation
img00132,67,images/img00132.jpg,18.0,21.90293718338781,3.902937183387806,validation
img00133,67,images/img00133.jpg,18.0,21.611761647623897,3.6117616476238936,validation
img00160,81,images/img00160.jpg,28.0,37.5206683458637,9.520668345863696,validation
img00161,81,images/img00161.jpg,28.0,31.7412248357291,3.741224835729099,validation
img00177,90,images/img00177.jpg,25.0,23.497924404119097,1.5020755958809031,validation
img00178,90,images/img00178.jpg,25.0,21.95809589663203,3.041904103367969,validation
img00191,97,images/img00191.jpg,19.0,24.83471178612958,5.834711786129581,validation
img00192,97,images/img00192.jpg,19.0,28.200479542018165,9.200479542018163,validation
img00197,100,images/img00197.jpg,15.0,22.07082139095588,7.070821390955878,validation
img00198,100,images/img00198.jpg,15.0,24.95622760054099,9.956227600540991,validation
img00209,106,images/img00209.jpg,24.0,22.54093556163371,1.4590644383662903,validation
img00210,106,images/img00210.jpg,24.0,23.368479851861963,0.631520148138037,validation
img00223,113,images/img00223.jpg,16.0,18.24555764756223,2.2455576475622294,validation
img00224,113,images/img00224.jpg,16.0,18.073498583257788,2.0734985832577877,validation
img00227,115,images/img00227.jpg,18.0,18.917866630020868,0.9178666300208675,validation
img00228,115,images/img00228.jpg,18.0,19.56127443601296,1.5612744360129582,validation
img00253,128,images/img00253.jpg,18.0,21.79048216045127,3.790482160451269,validation
img00254,128,images/img00254.jpg,18.0,21.90021501974779,3.9002150197477903,validation
img00255,129,images/img00255.jpg,47.0,55.158170495071374,8.158170495071374,validation
img00256,129,images/img00256.jpg,47.0,54.21751190790001,7.217511907900011,validation
img00269,136,images/img00269.jpg,17.0,22.14930389891382,5.149303898913821,validation
img00270,136,images/img00270.jpg,17.0,20.05953071829617,3.059530718296166,validation
img00271,137,images/img00271.jpg,17.0,19.577524531460185,2.5775245314601847,validation
img00272,137,images/img00272.jpg,17.0,20.159613856484164,3.159613856484164,validation
img00275,139,images/img00275.jpg,15.0,21.215412004172144,6.215412004172144,validation
img00276,139,images/img00276.jpg,15.0,18.028966778069787,3.028966778069787,validation
img00277,140,images/img00277.jpg,18.0,19.766008188881088,1.766008188881088,validation
img00278,140,images/img00278.jpg,18.0,20.585279108366876,2.585279108366876,validation
img00281,142,images/img00281.jpg,16.0,19.895873716765244,3.895873716765245,validation
img00282,142,images/img00282.jpg,16.0,20.55048863556376,4.5504886355637595,validation
img00283,143,images/img00283.jpg,14.0,19.18720814492213,5.187208144922131,validation
img00284,143,images/img00284.jpg,14.0,17.229383558115096,3.229383558115096,validation
img00285,144,images/img00285.jpg,24.0,24.464091824006083,0.4640918240060827,validation
img00286,144,images/img00286.jpg,24.0,26.094510796474925,2.0945107964749248,validation
img00295,149,images/img00295.jpg,17.0,19.531173588070445,2.5311735880704447,validation
img00296,149,images/img00296.jpg,17.0,18.713303012380237,1.713303012380237,validation
img00319,161,images/img00319.jpg,17.0,20.556988673742644,3.5569886737426444,validation
img00320,161,images/img00320.jpg,17.0,23.02154576711584,6.021545767115839,validation
img00329,166,images/img00329.jpg,66.0,56.64945695464625,9.350543045353753,validation
img00330,166,images/img00330.jpg,66.0,59.4348196288347,6.565180371165297,validation
img00334,169,images/img00334.jpg,68.0,64.04302714881135,3.956972851188653,validation
img00335,169,images/img00335.jpg,68.0,65.70699275288482,2.293007247115185,validation
img00342,173,images/img00342.jpg,41.0,59.60402647420503,18.60402647420503,validation
img00343,173,images/img00343.jpg,41.0,56.77566723350206,15.775667233502062,validation
img00357,181,images/img00357.jpg,28.0,33.27173516767918,5.271735167679182,validation
img00358,181,images/img00358.jpg,28.0,34.93754881113085,6.937548811130853,validation
img00366,186,images/img00366.jpg,68.0,67.39618199504577,0.6038180049542348,validation
img00367,186,images/img00367.jpg,68.0,73.51996611831753,5.519966118317527,validation
img00370,188,images/img00370.jpg,83.0,84.46634559798433,1.4663455979843292,validation
img00371,188,images/img00371.jpg,83.0,83.20687158954793,0.20687158954793,validation
img00375,191,images/img00375.jpg,61.0,72.19465304866948,11.19465304866948,validation
img00376,191,images/img00376.jpg,61.0,71.54998885945892,10.54998885945892,validation
img00388,198,images/img00388.jpg,64.0,61.248535588159136,2.751464411840864,validation
img00389,198,images/img00389.jpg,64.0,59.93557449961923,4.064425500380764,validation
img00405,208,images/img00405.jpg,53.0,49.99474492786943,3.0052550721305735,validation
img00406,208,images/img00406.jpg,53.0,50.06753335875825,2.932466641241753,validation
img00418,215,images/img00418.jpg,66.0,63.58618788832034,2.413812111679661,validation
img00419,215,images/img00419.jpg,66.0,63.11347097584488,2.8865290241551236,validation
img00439,226,images/img00439.jpg,65.0,65.22819677785748,0.2281967778574767,validation
img00440,226,images/img00440.jpg,65.0,56.683872189297375,8.316127810702625,validation
img00453,233,images/img00453.jpg,78.0,63.670696018918946,14.329303981081054,validation
img00454,233,images/img00454.jpg,78.0,74.18541407054404,3.8145859294559585,validation
img00457,235,images/img00457.jpg,54.0,54.32109754149262,0.3210975414926196,validation
img00458,235,images/img00458.jpg,54.0,58.756038691415824,4.756038691415824,validation
img00467,240,images/img00467.jpg,65.0,71.78557270963682,6.785572709636824,validation
img00472,243,images/img00472.jpg,77.0,66.11764466155098,10.882355338449017,validation
img00473,243,images/img00473.jpg,77.0,74.79278483600844,2.207215163991563,validation
img00474,244,images/img00474.jpg,42.0,39.392343433370925,2.6076565666290747,validation
img00475,244,images/img00475.jpg,42.0,59.67974728389477,17.67974728389477,validation
img00498,257,images/img00498.jpg,59.0,52.400744965890105,6.599255034109895,validation
img00499,257,images/img00499.jpg,59.0,53.27522803853133,5.724771961468676,validation
img00516,268,images/img00516.jpg,84.0,73.87960472399416,10.120395276005835,validation
img00517,268,images/img00517.jpg,84.0,76.21873725516515,7.781262744834848,validation
img00542,281,images/img00542.jpg,85.0,81.44756863858436,3.552431361415642,validation
img00543,281,images/img00543.jpg,85.0,81.45873430819434,3.541265691805662,validation
img00550,285,images/img00550.jpg,63.0,49.305582742394286,13.694417257605714,validation
img00551,285,images/img00551.jpg,63.0,57.84736654946197,5.152633450538033,validation
img00560,290,images/img00560.jpg,62.0,58.32874454468872,3.6712554553112824,validation
img00561,290,images/img00561.jpg,62.0,56.79439751339955,5.205602486600448,validation
img00568,294,images/img00568.jpg,65.0,68.7482531916601,3.7482531916600976,validation
img00569,294,images/img00569.jpg,65.0,53.2270200582273,11.772979941772697,validation
img00572,296,images/img00572.jpg,65.0,73.78645350571642,8.786453505716423,validation
img00573,296,images/img00573.jpg,65.0,64.72606283018081,0.2739371698191917,validation
img00577,299,images/img00577.jpg,56.0,51.83619102070829,4.163808979291709,validation
img00578,299,images/img00578.jpg,56.0,53.233935891633664,2.7660641083663364,validation
img00589,305,images/img00589.jpg,59.0,64.16605945702943,5.166059457029434,validation
img00590,305,images/img00590.jpg,59.0,60.15191343810172,1.1519134381017224,validation
img00598,310,images/img00598.jpg,78.0,78.25852775965218,0.258527759652182,validation
img00599,310,images/img00599.jpg,78.0,72.6957580054029,5.304241994597106,validation
img00600,311,images/img00600.jpg,27.0,31.72310325277936,4.72310325277936,validation
img00601,311,images/img00601.jpg,27.0,28.590008507823807,1.590008507823807,validation
img00602,312,images/img00602.jpg,60.0,66.48040350367559,6.480403503675589,validation
img00603,312,images/img00603.jpg,60.0,68.66215058860888,8.662150588608881,validation
img00621,322,images/img00621.jpg,45.0,41.492602833298974,3.5073971667010255,validation
img00622,322,images/img00622.jpg,45.0,44.24461320902928,0.7553867909707179,validation
img00641,332,images/img00641.jpg,17.0,16.278955827992824,0.7210441720071756,validation
img00642,332,images/img00642.jpg,17.0,16.392571260429754,0.6074287395702456,validation
img00661,342,images/img00661.jpg,70.0,62.858081640209136,7.141918359790864,validation
img00662,342,images/img00662.jpg,70.0,64.74819404238636,5.251805957613641,validation
img00667,345,images/img00667.jpg,60.0,64.58532664280871,4.58532664280871,validation
img00668,345,images/img00668.jpg,60.0,67.0359588221772,7.035958822177193,validation
img00686,355,images/img00686.jpg,22.0,27.360735683489732,5.360735683489732,validation
img00732,379,images/img00732.jpg,49.0,45.550582121432534,3.4494178785674663,validation
img00733,379,images/img00733.jpg,49.0,48.638817332765065,0.3611826672349352,validation
img00772,400,images/img00772.jpg,90.0,84.05943012066058,5.940569879339421,validation
img00773,400,images/img00773.jpg,90.0,85.7527206033537,4.247279396646306,validation
img00776,402,images/img00776.jpg,55.0,49.790837857709285,5.209162142290715,validation
img00777,402,images/img00777.jpg,55.0,49.33406403384424,5.665935966155757,validation
img00782,405,images/img00782.jpg,63.0,67.83038672661652,4.830386726616524,validation
img00783,405,images/img00783.jpg,63.0,55.549662832308485,7.450337167691515,validation
img00792,410,images/img00792.jpg,60.0,67.51587321820327,7.515873218203268,validation
img00793,410,images/img00793.jpg,60.0,58.486823755487904,1.5131762445120955,validation
img00800,414,images/img00800.jpg,50.0,52.02089571297989,2.0208957129798932,validation
img00801,414,images/img00801.jpg,50.0,52.294589308812846,2.2945893088128457,validation
img00810,419,images/img00810.jpg,55.0,62.879613016676714,7.879613016676714,validation
img00811,419,images/img00811.jpg,55.0,55.74298716413493,0.7429871641349237,validation
img00823,426,images/img00823.jpg,66.0,67.64276137960616,1.6427613796061564,validation
img00824,426,images/img00824.jpg,66.0,57.27513825131785,8.724861748682152,validation
img00825,427,images/img00825.jpg,69.0,65.67477175826113,3.32522824173887,validation
img00826,427,images/img00826.jpg,69.0,69.68586624919814,0.685866249198142,validation
img00829,429,images/img00829.jpg,60.0,84.64693323587248,24.64693323587248,validation
img00839,435,images/img00839.jpg,63.0,63.108498882882195,0.1084988828821948,validation
img00840,435,images/img00840.jpg,63.0,58.32619701504423,4.6738029849557705,validation
img00866,449,images/img00866.jpg,64.0,60.85954811043332,3.140451889566677,validation
img00867,449,images/img00867.jpg,64.0,63.78503289015711,0.2149671098428882,validation
img00901,466,images/img00901.jpg,71.0,67.05813747593658,3.941862524063424,validation
img00912,472,images/img00912.jpg,76.0,65.57667353106065,10.42332646893935,validation
img00913,472,images/img00913.jpg,76.0,72.74135860881495,3.2586413911850514,validation
img00954,494,images/img00954.jpg,45.0,43.41066921678195,1.5893307832180523,validation
img00955,494,images/img00955.jpg,45.0,45.82662216561144,0.8266221656114396,validation
img00996,516,images/img00996.jpg,38.0,39.11333692881507,1.1133369288150732,validation
img00997,516,images/img00997.jpg,38.0,57.2701005854029,19.2701005854029,validation
img01052,547,images/img01052.jpg,66.0,70.5817361924246,4.5817361924246,validation
img01053,547,images/img01053.jpg,66.0,70.06323708990006,4.063237089900056,validation
img01058,550,images/img01058.jpg,79.0,79.53938209501122,0.53938209501122,validation
img01059,550,images/img01059.jpg,79.0,78.44776393827165,0.552236061728351,validation
img01066,554,images/img01066.jpg,88.0,79.06863537028242,8.931364629717578,validation
img01067,554,images/img01067.jpg,88.0,81.63040511518474,6.369594884815257,validation
img01089,566,images/img01089.jpg,54.0,49.80179631133705,4.19820368866295,validation
img01090,566,images/img01090.jpg,54.0,51.99349957891047,2.0065004210895268,validation
img01110,577,images/img01110.jpg,70.0,71.02585893527034,1.0258589352703351,validation
img01111,577,images/img01111.jpg,70.0,66.58106084825639,3.418939151743615,validation
img01113,579,images/img01113.jpg,67.0,59.59850416827906,7.401495831720943,validation
img01114,579,images/img01114.jpg,67.0,57.916394419252526,9.083605580747474,validation
img01123,584,images/img01123.jpg,50.0,49.93731447309389,0.0626855269061081,validation
img01124,584,images/img01124.jpg,50.0,46.66508346627102,3.334916533728979,validation
img01189,619,images/img01189.jpg,87.0,79.13532401702115,7.864675982978852,validation
img01212,631,images/img01212.jpg,30.0,32.906158188196486,2.9061581881964855,validation
img01213,631,images/img01213.jpg,30.0,29.326290517043745,0.6737094829562551,validation
img01229,640,images/img01229.jpg,47.0,52.914643328304315,5.914643328304315,validation
img01247,650,images/img01247.jpg,43.0,39.9118971561839,3.0881028438161024,validation
img01248,650,images/img01248.jpg,43.0,39.7395894327008,3.2604105672992034,validation
img01276,666,images/img01276.jpg,79.0,80.85775342925514,1.8577534292551403,validation
img01277,666,images/img01277.jpg,79.0,83.43431839528746,4.4343183952874625,validation
img01303,681,images/img01303.jpg,59.0,46.400699866396806,12.599300133603194,validation
img01305,682,images/img01305.jpg,71.0,71.11642758804345,0.1164275880434502,validation
img01335,698,images/img01335.jpg,18.0,22.08539630877848,4.085396308778478,validation
img01336,698,images/img01336.jpg,18.0,21.70776154035186,3.7077615403518607,validation
img01345,703,images/img01345.jpg,41.0,45.75435831834075,4.754358318340756,validation
img01350,706,images/img01350.jpg,65.0,58.61393024346678,6.386069756533217,validation
img01424,745,images/img01424.jpg,74.0,74.29023263923082,0.2902326392308225,validation
img01425,745,images/img01425.jpg,74.0,75.91177186155662,1.911771861556616,validation
img01437,753,images/img01437.jpg,86.0,76.30563273200094,9.694367267999056,validation
img01438,753,images/img01438.jpg,86.0,78.63446335702466,7.365536642975343,validation
img01439,754,images/img01439.jpg,67.0,71.71577691377533,4.715776913775329,validation
img01440,754,images/img01440.jpg,67.0,63.05176750939402,3.9482324906059816,validation
img01475,773,images/img01475.jpg,65.0,68.8978249594527,3.8978249594527057,validation
img01476,773,images/img01476.jpg,65.0,65.30514588754704,0.3051458875470416,validation
img01490,780,images/img01490.jpg,59.0,60.02903136147075,1.02903136147075,validation
img01549,811,images/img01549.jpg,42.0,44.82341434359867,2.823414343598671,validation
img01550,811,images/img01550.jpg,42.0,49.16476094210323,7.164760942103229,validation
img01650,864,images/img01650.jpg,51.0,64.48693776792791,13.486937767927913,validation
img01678,881,images/img01678.jpg,76.0,30.824632203670912,45.17536779632909,validation
img01679,881,images/img01679.jpg,76.0,34.071379461818104,41.928620538181896,validation
img01698,891,images/img01698.jpg,21.0,27.172797331285174,6.172797331285178,validation
img01699,891,images/img01699.jpg,21.0,23.453706694735715,2.4537066947357147,validation
img01724,904,images/img01724.jpg,13.0,13.956631784810604,0.9566317848106038,validation
img01725,904,images/img01725.jpg,13.0,15.271161989110553,2.271161989110553,validation
img01765,928,images/img01765.jpg,82.0,66.20506254078404,15.79493745921596,validation
img01766,928,images/img01766.jpg,82.0,76.6477288688676,5.352271131132397,validation
img01790,941,images/img01790.jpg,77.0,76.83831086076103,0.1616891392389732,validation
img01791,941,images/img01791.jpg,77.0,81.05078275095954,4.0507827509595415,validation
img01794,943,images/img01794.jpg,62.0,68.28717472841718,6.287174728417185,validation
img01795,943,images/img01795.jpg,62.0,64.72097295129139,2.7209729512913867,validation
img01827,961,images/img01827.jpg,41.0,21.652888567041003,19.347111432958997,validation
img01828,961,images/img01828.jpg,41.0,24.761182830756965,16.238817169243035,validation
img01854,975,images/img01854.jpg,53.0,56.4154575569376,3.4154575569375965,validation
img01855,975,images/img01855.jpg,53.0,54.86237158903064,1.8623715890306372,validation
img01862,979,images/img01862.jpg,55.0,54.820059994031006,0.1799400059689944,validation
img01883,993,images/img01883.jpg,69.0,61.279328428421195,7.720671571578805,validation
img01884,993,images/img01884.jpg,69.0,65.16540760872087,3.83459239127913,validation
img01892,998,images/img01892.jpg,71.0,75.6163538512095,4.616353851209496,validation
img01893,998,images/img01893.jpg,71.0,66.63806596496318,4.361934035036825,validation
img01911,1008,images/img01911.jpg,81.0,57.50267271487091,23.49732728512909,validation
img01912,1008,images/img01912.jpg,81.0,78.58105398291448,2.418946017085517,validation
img01918,1012,images/img01918.jpg,58.0,56.59490346202902,1.4050965379709766,validation
img01919,1012,images/img01919.jpg,58.0,58.68116092359056,0.6811609235905607,validation
img01932,1019,images/img01932.jpg,59.0,60.669076270193614,1.6690762701936137,validation
img01933,1019,images/img01933.jpg,59.0,64.31904265425553,5.319042654255526,validation
img01939,1023,images/img01939.jpg,32.0,35.48513122206421,3.485131222064211,validation
img01940,1023,images/img01940.jpg,32.0,33.67484005215107,1.674840052151069,validation
img01947,1027,images/img01947.jpg,59.0,55.10874539352446,3.8912546064755418,validation
img01948,1027,images/img01948.jpg,59.0,62.65494126918318,3.6549412691831833,validation
img01951,1029,images/img01951.jpg,33.0,28.4533441145022,4.546655885497799,validation
img01952,1029,images/img01952.jpg,33.0,31.709549146321766,1.2904508536782338,validation
img01979,1045,images/img01979.jpg,55.0,49.827539625295714,5.172460374704286,validation
img01980,1045,images/img01980.jpg,55.0,40.90847733859715,14.091522661402848,validation
img02010,1061,images/img02010.jpg,76.0,76.9506568226543,0.9506568226542952,validation
img02027,1070,images/img02027.jpg,37.0,42.60273846457537,5.602738464575367,validation
img02028,1070,images/img02028.jpg,37.0,38.03473411697934,1.0347341169793367,validation
img02087,1103,images/img02087.jpg,69.0,62.297210141153336,6.702789858846664,validation
img02088,1103,images/img02088.jpg,69.0,61.49400091416252,7.50599908583748,validation
img02097,1108,images/img02097.jpg,55.0,60.233061670609786,5.233061670609786,validation
img02098,1108,images/img02098.jpg,55.0,64.00741599165762,9.007415991657624,validation
img02121,1121,images/img02121.jpg,36.0,32.51298003988303,3.4870199601169674,validation
img02122,1121,images/img02122.jpg,36.0,30.892620858045415,5.107379141954585,validation
img02171,1146,images/img02171.jpg,49.0,53.014535882319194,4.014535882319194,validation
img02172,1146,images/img02172.jpg,49.0,49.907680951721794,0.907680951721794,validation
img02179,1150,images/img02179.jpg,34.0,31.72444470361158,2.2755552963884185,validation
img02180,1150,images/img02180.jpg,34.0,38.85224261000588,4.852242610005881,validation
img02187,1154,images/img02187.jpg,45.0,50.62863824844665,5.628638248446649,validation
img02188,1154,images/img02188.jpg,45.0,50.41076209455927,5.410762094559267,validation
img02189,1155,images/img02189.jpg,40.0,36.59663556943364,3.403364430566363,validation
img02206,1164,images/img02206.jpg,56.0,51.73583141277561,4.26416858722439,validation
img02207,1164,images/img02207.jpg,56.0,47.43583203699556,8.564167963004437,validation
img02219,1171,images/img02219.jpg,77.0,70.54679412477134,6.453205875228662,validation
img02220,1171,images/img02220.jpg,77.0,64.40614425646308,12.59385574353692,validation
img02226,1175,images/img02226.jpg,76.0,66.05347750613267,9.946522493867334,validation
img02227,1175,images/img02227.jpg,76.0,68.97905035264888,7.020949647351117,validation
img02232,1178,images/img02232.jpg,89.0,81.43035226229377,7.569647737706234,validation
img02233,1178,images/img02233.jpg,89.0,82.13053288497048,6.869467115029522,validation
img02247,1186,images/img02247.jpg,40.0,48.240520404385734,8.240520404385734,validation
img02248,1186,images/img02248.jpg,40.0,48.74649002895421,8.746490028954213,validation
img02257,1191,images/img02257.jpg,79.0,70.65057334171576,8.349426658284244,validation
img02258,1191,images/img02258.jpg,79.0,67.0659724212851,11.934027578714904,validation
img02279,1202,images/img02279.jpg,35.0,30.613614353489563,4.386385646510437,validation
img02280,1202,images/img02280.jpg,35.0,33.03662137059776,1.9633786294022428,validation
img02286,1206,images/img02286.jpg,31.0,33.44067072370437,2.440670723704372,validation
img02297,1212,images/img02297.jpg,51.0,62.941284310119805,11.941284310119803,validation
img02298,1212,images/img02298.jpg,51.0,55.29476999707224,4.294769997072237,validation
img02338,1233,images/img02338.jpg,19.0,20.65348152238619,1.653481522386194,validation
img02375,1252,images/img02375.jpg,29.0,40.4130413748929,11.4130413748929,validation
img02376,1252,images/img02376.jpg,29.0,33.104326466259764,4.104326466259764,validation
img02383,1256,images/img02383.jpg,18.0,21.32102671847479,3.3210267184747906,validation
img02408,1269,images/img02408.jpg,63.0,69.37653750278194,6.376537502781943,validation
img02426,1278,images/img02426.jpg,75.0,77.39907657060486,2.399076570604862,validation
img02445,1288,images/img02445.jpg,63.0,70.60404790065678,7.604047900656781,validation
img02446,1288,images/img02446.jpg,63.0,62.731039702735245,0.2689602972647549,validation
img02453,1292,images/img02453.jpg,63.0,68.88246698333943,5.882466983339427,validation
img02454,1292,images/img02454.jpg,63.0,66.8807813167605,3.8807813167605048,validation
img02457,1294,images/img02457.jpg,61.0,62.06654330811125,1.0665433081112496,validation
img02458,1294,images/img02458.jpg,61.0,62.41268015663107,1.412680156631069,validation
img02479,1305,images/img02479.jpg,80.0,78.12069641316758,1.879303586832421,validation
img02480,1305,images/img02480.jpg,80.0,80.072697140264,0.0726971402639975,validation
img02487,1309,images/img02487.jpg,44.0,41.87724041131396,2.122759588686037,validation
img02488,1309,images/img02488.jpg,44.0,41.89618104269866,2.1038189573013426,validation
img02555,1345,images/img02555.jpg,78.0,70.53345595917942,7.46654404082058,validation
img02556,1345,images/img02556.jpg,78.0,72.38151387776652,5.618486122233477,validation
img02569,1352,images/img02569.jpg,73.0,68.0416357862096,4.958364213790404,validation
img02570,1352,images/img02570.jpg,73.0,69.09283701092376,3.907162989076241,validation
img02571,1353,images/img02571.jpg,82.0,66.01855834129849,15.981441658701511,validation
img02572,1353,images/img02572.jpg,82.0,71.41846778493792,10.581532215062085,validation
img02614,1377,images/img02614.jpg,63.0,59.561444407818094,3.438555592181906,validation
img02615,1377,images/img02615.jpg,63.0,61.13411037747592,1.8658896225240795,validation
img02634,1387,images/img02634.jpg,75.0,69.41050783653968,5.589492163460321,validation
img02635,1387,images/img02635.jpg,75.0,69.65069297213314,5.349307027866857,validation
img02636,1388,images/img02636.jpg,52.0,56.79270795334985,4.792707953349847,validation
img02637,1388,images/img02637.jpg,52.0,53.68902281381193,1.6890228138119312,validation
img02642,1391,images/img02642.jpg,64.0,63.994270318807075,0.0057296811929248,validation
img02643,1391,images/img02643.jpg,64.0,61.895626930887666,2.1043730691123343,validation
img02655,1398,images/img02655.jpg,64.0,65.71583215044184,1.715832150441841,validation
img02666,1405,images/img02666.jpg,68.0,71.4622187130561,3.462218713056103,validation
img02669,1407,images/img02669.jpg,62.0,77.33171174539785,15.331711745397854,validation
img02670,1407,images/img02670.jpg,62.0,69.65268987983542,7.652689879835421,validation
img02759,1455,images/img02759.jpg,59.0,54.566617125365035,4.433382874634965,validation
img02775,1465,images/img02775.jpg,67.0,70.4786506037154,3.478650603715394,validation
img02776,1465,images/img02776.jpg,67.0,70.91975344627298,3.9197534462729777,validation
img02845,1502,images/img02845.jpg,68.0,65.36673374929204,2.633266250707962,validation
img02847,1502,images/img02847.jpg,68.0,65.02066397331383,2.9793360266861697,validation
img02872,1518,images/img02872.jpg,89.0,85.30225050778965,3.697749492210349,validation
img02873,1518,images/img02873.jpg,89.0,83.997989491324,5.002010508675994,validation
img02949,1559,images/img02949.jpg,59.0,54.80036302431123,4.199636975688769,validation
img02950,1559,images/img02950.jpg,59.0,51.09442051448579,7.90557948551421,validation
img02960,1565,images/img02960.jpg,52.0,53.934855402878526,1.934855402878526,validation
img02961,1565,images/img02961.jpg,52.0,47.80839873874143,4.191601261258569,validation
img02962,1566,images/img02962.jpg,44.0,43.161947873331734,0.8380521266682663,validation
img02963,1566,images/img02963.jpg,44.0,46.752293038911425,2.752293038911425,validation
img03013,1594,images/img03013.jpg,64.0,61.862091750692585,2.137908249307415,validation
img03014,1594,images/img03014.jpg,64.0,59.727697880136674,4.272302119863326,validation
img03027,1601,images/img03027.jpg,56.0,55.64400608778918,0.3559939122108204,validation
img03035,1606,images/img03035.jpg,61.0,62.94226913134053,1.942269131340531,validation
img03036,1606,images/img03036.jpg,61.0,61.8080683629088,0.8080683629087986,validation
img03043,1610,images/img03043.jpg,69.0,64.31728131840671,4.682718681593286,validation
img03044,1610,images/img03044.jpg,69.0,63.17022198032084,5.829778019679161,validation
img03090,1638,images/img03090.jpg,73.0,71.19043641200646,1.8095635879935372,validation
img03091,1638,images/img03091.jpg,73.0,69.45043399387038,3.5495660061296235,validation
img03095,1640,images/img03095.jpg,54.0,60.096095178198325,6.0960951781983255,validation
img03098,1642,images/img03098.jpg,68.0,69.47571107186906,1.475711071869057,validation
img03099,1642,images/img03099.jpg,68.0,68.48819495276197,0.4881949527619724,validation
img03107,1647,images/img03107.jpg,88.0,45.84693587553091,42.15306412446909,validation
img03108,1647,images/img03108.jpg,88.0,52.8187050550658,35.1812949449342,validation
img03120,1655,images/img03120.jpg,72.0,76.95241924911353,4.952419249113532,validation
img03121,1655,images/img03121.jpg,72.0,76.83347291288158,4.833472912881575,validation
img03124,1657,images/img03124.jpg,47.0,58.95262858353038,11.952628583530377,validation
img03125,1657,images/img03125.jpg,47.0,54.09544588052531,7.095445880525311,validation
img03136,1664,images/img03136.jpg,76.0,79.3341183054728,3.334118305472799,validation
img03137,1664,images/img03137.jpg,76.0,72.15801071935164,3.841989280648363,validation
img03142,1667,images/img03142.jpg,71.0,81.43849257856343,10.438492578563428,validation
img03143,1667,images/img03143.jpg,71.0,70.58897893630817,0.4110210636918339,validation
img03180,1688,images/img03180.jpg,66.0,66.79295773044649,0.7929577304464885,validation
img03181,1688,images/img03181.jpg,66.0,68.99377795593207,2.9937779559320745,validation
img03214,1706,images/img03214.jpg,69.0,71.92208659871872,2.922086598718721,validation
img03215,1706,images/img03215.jpg,69.0,83.92122360418713,14.921223604187134,validation
img03237,1718,images/img03237.jpg,81.0,69.16519028824992,11.834809711750085,validation
img03238,1718,images/img03238.jpg,81.0,75.30847016361662,5.691529836383381,validation
img03243,1721,images/img03243.jpg,70.0,72.52661305217462,2.526613052174625,validation
img03244,1721,images/img03244.jpg,70.0,70.77045433108854,0.7704543310885441,validation
img03263,1732,images/img03263.jpg,56.0,50.816836165934184,5.183163834065816,validation
img03264,1732,images/img03264.jpg,56.0,48.590161384225816,7.409838615774184,validation
img03290,1746,images/img03290.jpg,61.0,60.30888445237498,0.6911155476250173,validation
img03291,1746,images/img03291.jpg,61.0,54.86510656734324,6.13489343265676,validation
img03314,1758,images/img03314.jpg,47.0,25.463570848949455,21.536429151050545,validation
img03315,1758,images/img03315.jpg,47.0,51.92149420631233,4.921494206312332,validation
img03358,1783,images/img03358.jpg,60.0,62.66039704787276,2.660397047872763,validation
img03361,1784,images/img03361.jpg,62.0,69.48713630676203,7.487136306762025,validation
img03368,1788,images/img03368.jpg,77.0,76.90868795198314,0.0913120480168601,validation
img03369,1788,images/img03369.jpg,77.0,78.84379948591877,1.8437994859187656,validation
img03370,1789,images/img03370.jpg,61.0,65.9265031865056,4.926503186505599,validation
img03371,1789,images/img03371.jpg,61.0,66.75566321608989,5.755663216089886,validation
img03412,1811,images/img03412.jpg,71.0,71.8673346831659,0.8673346831658932,validation
img03413,1811,images/img03413.jpg,71.0,67.9624607406269,3.037539259373105,validation
img03432,1822,images/img03432.jpg,77.0,73.54729136270882,3.452708637291181,validation
img03433,1822,images/img03433.jpg,77.0,73.62300153894684,3.3769984610531623,validation
img03437,1825,images/img03437.jpg,57.0,57.09624501306319,0.0962450130631893,validation
img03438,1825,images/img03438.jpg,57.0,58.79057805116682,1.7905780511668183,validation
img03474,1847,images/img03474.jpg,31.0,28.166792766972936,2.833207233027064,validation
img03475,1847,images/img03475.jpg,31.0,25.29619050340129,5.7038094965987085,validation
img03487,1854,images/img03487.jpg,75.0,65.03500931764034,9.964990682359655,validation
img03488,1854,images/img03488.jpg,75.0,65.01964316194882,9.98035683805118,validation
img03493,1857,images/img03493.jpg,73.0,74.44094845736733,1.4409484573673268,validation
img03494,1857,images/img03494.jpg,73.0,76.30542333479787,3.305423334797865,validation
img03515,1870,images/img03515.jpg,65.0,59.37840944011896,5.621590559881042,validation
img03516,1870,images/img03516.jpg,65.0,59.19964748409514,5.800352515904862,validation
img03517,1871,images/img03517.jpg,67.0,67.74977752831481,0.7497775283148087,validation
img03518,1871,images/img03518.jpg,67.0,59.10482872246579,7.89517127753421,validation
img03540,1883,images/img03540.jpg,65.0,56.25417904043409,8.745820959565911,validation
img03541,1883,images/img03541.jpg,65.0,52.905142202867246,12.094857797132754,validation
img03632,1930,images/img03632.jpg,79.0,77.6102776433389,1.389722356661096,validation
img03633,1930,images/img03633.jpg,79.0,76.55665853529544,2.4433414647045595,validation
img03653,1941,images/img03653.jpg,73.0,67.93031390751264,5.069686092487359,validation
img03701,1965,images/img03701.jpg,66.0,67.55260497757659,1.5526049775765929,validation
img03702,1965,images/img03702.jpg,66.0,60.990769812390546,5.009230187609454,validation
img03736,1984,images/img03736.jpg,69.0,62.841370761854094,6.158629238145906,validation
img03737,1984,images/img03737.jpg,69.0,67.66090259354368,1.339097406456318,validation
img03743,1988,images/img03743.jpg,60.0,69.88805015487462,9.88805015487462,validation
img03744,1988,images/img03744.jpg,60.0,70.83769591731664,10.837695917316635,validation
img03757,1995,images/img03757.jpg,70.0,71.27555528444738,1.2755552844473783,validation
img03758,1995,images/img03758.jpg,70.0,69.63059084063762,0.3694091593623767,validation
img03759,1996,images/img03759.jpg,84.0,83.28421113777239,0.7157888622276118,validation
img03796,2017,images/img03796.jpg,37.0,35.91039949174943,1.0896005082505695,validation
img03797,2017,images/img03797.jpg,37.0,34.43030371766133,2.5696962823386684,validation
img03814,2026,images/img03814.jpg,16.0,27.763849292845084,11.763849292845084,validation
img03815,2026,images/img03815.jpg,16.0,16.47706303187187,0.4770630318718716,validation
img03858,2048,images/img03858.jpg,23.0,29.421729836009305,6.421729836009302,validation
img03859,2048,images/img03859.jpg,23.0,26.057973165758614,3.0579731657586144,validation
img03874,2056,images/img03874.jpg,29.0,26.243605967508444,2.7563940324915563,validation
img03875,2056,images/img03875.jpg,29.0,30.711485733720043,1.7114857337200426,validation
img03894,2066,images/img03894.jpg,38.0,36.30405532743241,1.6959446725675915,validation
img03895,2066,images/img03895.jpg,38.0,35.637548392475736,2.362451607524264,validation
img03933,2086,images/img03933.jpg,38.0,36.87791926857297,1.1220807314270331,validation
img03934,2086,images/img03934.jpg,38.0,36.43532992399561,1.56467007600439,validation
img03947,2093,images/img03947.jpg,63.0,62.12431894108874,0.8756810589112618,validation
img04017,2132,images/img04017.jpg,71.0,68.03341367415747,2.9665863258425276,validation
img04024,2136,images/img04024.jpg,45.0,41.0821374190168,3.917862580983197,validation
img04025,2136,images/img04025.jpg,45.0,43.56887207553894,1.4311279244610589,validation
img04033,2141,images/img04033.jpg,68.0,56.135025897198815,11.864974102801185,validation
img04034,2141,images/img04034.jpg,68.0,70.01507028013987,2.0150702801398666,validation
img04053,2151,images/img04053.jpg,46.0,42.84123751643988,3.1587624835601176,validation
img04054,2151,images/img04054.jpg,46.0,41.98897781258579,4.011022187414213,validation
img04096,2173,images/img04096.jpg,72.0,67.97150081050354,4.028499189496458,validation
img04097,2173,images/img04097.jpg,72.0,69.50985590329603,2.490144096703972,validation
img04119,2185,images/img04119.jpg,49.0,57.59000048241696,8.590000482416961,validation
img04120,2185,images/img04120.jpg,49.0,60.97531668051701,11.975316680517013,validation
img04180,2216,images/img04180.jpg,50.0,52.28495485625037,2.2849548562503728,validation
img04181,2216,images/img04181.jpg,50.0,50.84788857147923,0.8478885714792312,validation
img04197,2226,images/img04197.jpg,47.0,49.11416316168855,2.114163161688552,validation
img04199,2228,images/img04199.jpg,64.0,62.18879528456473,1.8112047154352664,validation
img04200,2228,images/img04200.jpg,64.0,61.25688366571623,2.743116334283769,validation
img04203,2230,images/img04203.jpg,22.0,26.01763802951565,4.017638029515648,validation
img04204,2230,images/img04204.jpg,22.0,23.169918954042913,1.1699189540429131,validation
img04215,2236,images/img04215.jpg,72.0,69.93481225839749,2.0651877416025144,validation
img04216,2236,images/img04216.jpg,72.0,79.19612118620243,7.196121186202433,validation
img04219,2238,images/img04219.jpg,63.0,60.874157382484555,2.1258426175154455,validation
img04220,2238,images/img04220.jpg,63.0,66.59981062281537,3.599810622815369,validation
img04278,2269,images/img04278.jpg,54.0,53.39483037693856,0.6051696230614425,validation
img04279,2269,images/img04279.jpg,54.0,53.478614069557246,0.5213859304427544,validation
img04284,2272,images/img04284.jpg,56.0,50.76219767386636,5.2378023261336395,validation
img04285,2272,images/img04285.jpg,56.0,56.90842349250124,0.9084234925012424,validation
img04304,2283,images/img04304.jpg,64.0,64.90649614669273,0.9064961466927316,validation
img04305,2283,images/img04305.jpg,64.0,66.66596487044207,2.6659648704420675,validation
img04319,2292,images/img04319.jpg,73.0,74.07352071198035,1.0735207119803505,validation
img04320,2292,images/img04320.jpg,73.0,59.42811782772576,13.571882172274236,validation
img04340,2303,images/img04340.jpg,77.0,78.76837068717239,1.7683706871723928,validation
img04349,2308,images/img04349.jpg,77.0,77.37409286681257,0.3740928668125747,validation
img04350,2308,images/img04350.jpg,77.0,80.30953192060821,3.309531920608208,validation
img04351,2309,images/img04351.jpg,84.0,83.48437305170665,0.5156269482933453,validation
img04352,2309,images/img04352.jpg,84.0,86.38588539616187,2.385885396161868,validation
img04359,2313,images/img04359.jpg,29.0,31.38771873251553,2.3877187325155305,validation
img04360,2313,images/img04360.jpg,29.0,31.19298369609439,2.192983696094391,validation
img04363,2315,images/img04363.jpg,43.0,45.4366296903719,2.436629690371902,validation
img04364,2315,images/img04364.jpg,43.0,60.77881294662664,17.778812946626644,validation
img04395,2332,images/img04395.jpg,63.0,61.60717519467942,1.3928248053205792,validation
img04396,2332,images/img04396.jpg,63.0,56.65859347538304,6.341406524616957,validation
img04425,2348,images/img04425.jpg,65.0,63.62521374673885,1.3747862532611492,validation
img04426,2348,images/img04426.jpg,65.0,62.0697502480886,2.930249751911397,validation
img04449,2360,images/img04449.jpg,52.0,50.03638279827426,1.9636172017257392,validation
img04450,2360,images/img04450.jpg,52.0,73.38654410981233,21.386544109812338,validation
img04470,2371,images/img04470.jpg,33.0,35.98922227016237,2.9892222701623723,validation
img04471,2371,images/img04471.jpg,33.0,32.58048010078368,0.4195198992163185,validation
img04530,2401,images/img04530.jpg,74.0,84.68198109273771,10.681981092737717,validation
img04531,2401,images/img04531.jpg,74.0,61.877477537371895,12.122522462628105,validation
img04534,2403,images/img04534.jpg,77.0,74.00439564153497,2.9956043584650303,validation
img04535,2403,images/img04535.jpg,77.0,75.92846692606038,1.0715330739396194,validation
img04562,2418,images/img04562.jpg,68.0,62.99100960218831,5.0089903978116865,validation
img04563,2418,images/img04563.jpg,68.0,66.80383766012311,1.196162339876892,validation
img04590,2432,images/img04590.jpg,40.0,45.71528610897885,5.715286108978852,validation
img04591,2432,images/img04591.jpg,40.0,41.42618683916843,1.4261868391684305,validation
img04597,2436,images/img04597.jpg,29.0,25.52597994035027,3.4740200596497317,validation
img04598,2436,images/img04598.jpg,29.0,21.70213399051913,7.29786600948087,validation
img04600,2437,images/img04600.jpg,50.0,53.45360119193589,3.4536011919358884,validation
img04651,2463,images/img04651.jpg,77.0,76.32861843748051,0.6713815625194854,validation
img04652,2463,images/img04652.jpg,77.0,67.05124263678104,9.94875736321896,validation
img04669,2472,images/img04669.jpg,69.0,74.07228614097053,5.072286140970533,validation
img04670,2472,images/img04670.jpg,69.0,67.21979429793393,1.7802057020660698,validation
img04687,2481,images/img04687.jpg,49.0,51.12535949654583,2.1253594965458333,validation
img04688,2481,images/img04688.jpg,49.0,52.28004492808236,3.280044928082362,validation
img04743,2509,images/img04743.jpg,39.0,33.36559746395905,5.634402536040952,validation
img04744,2509,images/img04744.jpg,39.0,37.46778028354037,1.532219716459636,validation
img04747,2511,images/img04747.jpg,58.0,66.57472876408414,8.574728764084142,validation
img04748,2511,images/img04748.jpg,58.0,65.64871162197177,7.648711621971771,validation
img04763,2519,images/img04763.jpg,56.0,60.021161516588386,4.021161516588386,validation
img04764,2519,images/img04764.jpg,56.0,58.26010288731763,2.260102887317636,validation
img04841,2558,images/img04841.jpg,77.0,73.96192509006478,3.0380749099352187,validation
img04842,2558,images/img04842.jpg,77.0,66.97582474413899,10.02417525586101,validation
img04899,2589,images/img04899.jpg,56.0,54.58284731717186,1.4171526828281389,validation
img04900,2589,images/img04900.jpg,56.0,53.401176366393834,2.598823633606166,validation
img04909,2594,images/img04909.jpg,60.0,63.50940891385828,3.50940891385828,validation
img04910,2594,images/img04910.jpg,60.0,67.15057979743307,7.150579797433068,validation
img04937,2608,images/img04937.jpg,42.0,46.66203302889076,4.662033028890761,validation
img04938,2608,images/img04938.jpg,42.0,42.14470280443969,0.1447028044396887,validation
img04948,2614,images/img04948.jpg,70.0,71.51065708481403,1.510657084814028,validation
img04949,2614,images/img04949.jpg,70.0,74.77457382300321,4.774573823003209,validation
img04954,2617,images/img04954.jpg,42.0,55.73340015312627,13.733400153126276,validation
img04957,2619,images/img04957.jpg,89.0,82.85505593250504,6.144944067494961,validation
img04958,2619,images/img04958.jpg,89.0,78.6442308640599,10.355769135940092,validation
img04961,2621,images/img04961.jpg,60.0,55.66642058605463,4.3335794139453725,validation
img05037,2660,images/img05037.jpg,68.0,69.23231517916173,1.2323151791617306,validation
img05038,2660,images/img05038.jpg,68.0,67.69624164339444,0.3037583566055559,validation
img05041,2662,images/img05041.jpg,57.0,60.697395878646915,3.697395878646915,validation
img05042,2662,images/img05042.jpg,57.0,56.605837036106294,0.3941629638937058,validation
img05049,2666,images/img05049.jpg,49.0,44.82949449676097,4.170505503239028,validation
img05050,2666,images/img05050.jpg,49.0,46.067059232214866,2.9329407677851336,validation
img05055,2669,images/img05055.jpg,50.0,51.810783069457685,1.8107830694576847,validation
img05056,2669,images/img05056.jpg,50.0,43.549919447439486,6.4500805525605145,validation
img05082,2683,images/img05082.jpg,31.0,38.174744503108464,7.174744503108464,validation
img05083,2683,images/img05083.jpg,31.0,36.56107730688589,5.561077306885892,validation
img05084,2684,images/img05084.jpg,71.0,64.17526093725012,6.8247390627498845,validation
img05085,2684,images/img05085.jpg,71.0,59.2169827369229,11.7830172630771,validation
img05100,2692,images/img05100.jpg,13.0,19.58046045474501,6.580460454745008,validation
img05101,2692,images/img05101.jpg,13.0,27.294380763543412,14.294380763543412,validation
img05102,2693,images/img05102.jpg,58.0,62.39522711787657,4.395227117876573,validation
img05103,2693,images/img05103.jpg,58.0,52.95457139420328,5.045428605796722,validation
img05115,2700,images/img05115.jpg,55.0,61.571297928580115,6.571297928580115,validation
img05126,2706,images/img05126.jpg,60.0,63.09931267120757,3.0993126712075707,validation
img05127,2706,images/img05127.jpg,60.0,60.449326447582855,0.4493264475828553,validation
img05132,2709,images/img05132.jpg,54.0,58.566813896042746,4.566813896042746,validation
img05133,2709,images/img05133.jpg,54.0,61.14390733099287,7.143907330992867,validation
img05135,2711,images/img05135.jpg,21.0,47.39479236641307,26.39479236641307,validation
img05136,2711,images/img05136.jpg,21.0,39.656892806030896,18.656892806030896,validation
img05143,2715,images/img05143.jpg,36.0,41.61543065206092,5.6154306520609225,validation
img05144,2715,images/img05144.jpg,36.0,38.650588740999694,2.6505887409996944,validation
img05153,2720,images/img05153.jpg,23.0,37.414589031516726,14.414589031516726,validation
img05154,2720,images/img05154.jpg,23.0,29.942182221818825,6.942182221818822,validation
img05175,2731,images/img05175.jpg,34.0,33.37851901636567,0.6214809836343278,validation
img05176,2731,images/img05176.jpg,34.0,31.449599968466913,2.550400031533087,validation
img05186,2737,images/img05186.jpg,28.0,26.20881549470532,1.7911845052946802,validation
img05187,2737,images/img05187.jpg,28.0,24.046004133409767,3.9539958665902337,validation
img05198,2743,images/img05198.jpg,74.0,83.73903713140464,9.739037131404643,validation
img05199,2743,images/img05199.jpg,74.0,82.3967247169421,8.396724716942103,validation
img05210,2749,images/img05210.jpg,63.0,60.5298535774495,2.470146422550499,validation
img05211,2749,images/img05211.jpg,63.0,60.97987079703136,2.02012920296864,validation
img05241,2765,images/img05241.jpg,37.0,46.45988511335856,9.45988511335856,validation
img05242,2765,images/img05242.jpg,37.0,42.01687126501251,5.016871265012512,validation
img05243,2766,images/img05243.jpg,47.0,52.452177063285795,5.452177063285795,validation
img05244,2766,images/img05244.jpg,47.0,58.72326203077668,11.72326203077668,validation
img05271,2780,images/img05271.jpg,75.0,58.61506256974854,16.384937430251462,validation
img05272,2780,images/img05272.jpg,75.0,68.50283203537924,6.497167964620758,validation
img05273,2781,images/img05273.jpg,74.0,72.33184529744051,1.668154702559491,validation
img05274,2781,images/img05274.jpg,74.0,65.20519853035792,8.794801469642081,validation
img05295,2792,images/img05295.jpg,59.0,59.175825825718896,0.1758258257188956,validation
img05296,2792,images/img05296.jpg,59.0,59.28304237409457,0.2830423740945704,validation
img05299,2794,images/img05299.jpg,35.0,34.73593202287938,0.264067977120618,validation
img05300,2794,images/img05300.jpg,35.0,38.71038691102463,3.710386911024628,validation
img05304,2796,images/img05304.jpg,66.0,74.41579243712668,8.415792437126683,validation
img05305,2797,images/img05305.jpg,27.0,43.595248488853784,16.595248488853784,validation
img05306,2797,images/img05306.jpg,27.0,23.3366798328653,3.663320167134699,validation
img05313,2801,images/img05313.jpg,64.0,51.2689661705768,12.731033829423204,validation
img05314,2801,images/img05314.jpg,64.0,57.81511174591487,6.184888254085131,validation
img05336,2813,images/img05336.jpg,69.0,66.51959786140594,2.4804021385940587,validation
img05339,2814,images/img05339.jpg,75.0,64.29663170047397,10.703368299526034,validation
img05342,2816,images/img05342.jpg,73.0,70.57463631850773,2.425363681492271,validation
img05343,2816,images/img05343.jpg,73.0,74.19795172807837,1.1979517280783654,validation
img05358,2824,images/img05358.jpg,24.0,22.92840327372155,1.0715967262784505,validation
img05439,2865,images/img05439.jpg,58.0,51.308739097141704,6.691260902858296,validation
img05440,2865,images/img05440.jpg,58.0,52.95273044379288,5.0472695562071195,validation
img05445,2868,images/img05445.jpg,67.0,62.158868388986235,4.841131611013765,validation
img05446,2868,images/img05446.jpg,67.0,63.289170497773675,3.710829502226325,validation
img05450,2871,images/img05450.jpg,67.0,73.29594928238883,6.295949282388833,validation
img05451,2871,images/img05451.jpg,67.0,65.47177480250707,1.5282251974929295,validation
img05457,2874,images/img05457.jpg,69.0,69.43212591653665,0.4321259165366484,validation
img05460,2876,images/img05460.jpg,69.0,66.05190266466785,2.9480973353321502,validation
img05461,2876,images/img05461.jpg,69.0,67.74001111188998,1.2599888881100156,validation
img05477,2885,images/img05477.jpg,69.0,73.52938353940388,4.529383539403881,validation
img05478,2885,images/img05478.jpg,69.0,66.44580497830862,2.5541950216913847,validation
img05489,2892,images/img05489.jpg,56.0,53.59759476001784,2.4024052399821585,validation
img05504,2900,images/img05504.jpg,76.0,76.51549889756535,0.5154988975653509,validation
img05505,2900,images/img05505.jpg,76.0,73.45571280467502,2.5442871953249835,validation
img05522,2909,images/img05522.jpg,68.0,61.08310361814899,6.916896381851011,validation
img05523,2909,images/img05523.jpg,68.0,64.11258082915677,3.88741917084323,validation
img05546,2921,images/img05546.jpg,82.0,73.36607553321143,8.63392446678857,validation
img05547,2921,images/img05547.jpg,82.0,75.96301092090572,6.036989079094283,validation
img05552,2924,images/img05552.jpg,38.0,47.35543659833867,9.35543659833867,validation
img05560,2928,images/img05560.jpg,57.0,55.19040375906242,1.80959624093758,validation
img05561,2928,images/img05561.jpg,57.0,52.760392841755426,4.239607158244574,validation
img05563,2929,images/img05563.jpg,79.0,80.41842719109242,1.4184271910924195,validation
img05603,2951,images/img05603.jpg,66.0,63.98201785590091,2.0179821440990935,validation
img05650,2975,images/img05650.jpg,53.0,54.2488525072519,1.2488525072518968,validation
img05651,2975,images/img05651.jpg,53.0,55.516366768450766,2.516366768450766,validation
img05689,2996,images/img05689.jpg,48.0,49.59795522310809,1.5979552231080874,validation
img05690,2996,images/img05690.jpg,48.0,45.94891122281963,2.051088777180368,validation
img05697,3000,images/img05697.jpg,89.0,84.88422389137756,4.115776108622441,validation
img05698,3000,images/img05698.jpg,89.0,84.95538622211123,4.04461377788877,validation
img05706,3004,images/img05706.jpg,46.0,58.26991974447497,12.269919744474969,validation
img05707,3005,images/img05707.jpg,35.0,39.00289299151643,4.002892991516433,validation
img05708,3005,images/img05708.jpg,35.0,35.664634793182266,0.664634793182266,validation
img05725,3014,images/img05725.jpg,84.0,78.64671527462559,5.353284725374408,validation
img05726,3014,images/img05726.jpg,84.0,77.64325115916114,6.356748840838861,validation
img05731,3017,images/img05731.jpg,73.0,78.54284335579442,5.5428433557944174,validation
img05732,3017,images/img05732.jpg,73.0,72.4236605179382,0.5763394820617975,validation
img05735,3019,images/img05735.jpg,87.0,75.70395386238481,11.296046137615193,validation
img05736,3019,images/img05736.jpg,87.0,67.28455910786937,19.71544089213063,validation
img05743,3023,images/img05743.jpg,82.0,75.19551127866018,6.804488721339823,validation
img05744,3023,images/img05744.jpg,82.0,80.50804919400996,1.4919508059900437,validation
img05747,3025,images/img05747.jpg,55.0,54.84602006681317,0.1539799331868323,validation
img05748,3025,images/img05748.jpg,55.0,54.962366660426184,0.0376333395738157,validation
img05753,3028,images/img05753.jpg,73.0,50.423935032670634,22.57606496732937,validation
img05754,3028,images/img05754.jpg,73.0,35.399343805428046,37.600656194571954,validation
img05757,3030,images/img05757.jpg,31.0,41.896526766205824,10.896526766205824,validation
img05769,3036,images/img05769.jpg,65.0,51.39937973020338,13.600620269796622,validation
img05770,3036,images/img05770.jpg,65.0,64.21499187531336,0.7850081246866409,validation
img05771,3037,images/img05771.jpg,75.0,75.16015805087379,0.1601580508737896,validation
img05772,3037,images/img05772.jpg,75.0,73.96190109663526,1.038098903364741,validation
img05804,3054,images/img05804.jpg,67.0,68.41988456830983,1.4198845683098256,validation
img05805,3054,images/img05805.jpg,67.0,66.42992350918765,0.5700764908123546,validation
img05931,3120,images/img05931.jpg,39.0,51.90939824600326,12.909398246003263,validation
img05932,3120,images/img05932.jpg,39.0,52.22511960547073,13.22511960547073,validation
img05983,3147,images/img05983.jpg,81.0,80.79748411552328,0.2025158844767247,validation
img05989,3151,images/img05989.jpg,60.0,54.43437379408498,5.5656262059150166,validation
img05990,3151,images/img05990.jpg,60.0,61.62987897736215,1.6298789773621465,validation
img06001,3157,images/img06001.jpg,62.0,56.03913206633543,5.9608679336645665,validation
img06002,3157,images/img06002.jpg,62.0,58.281183569023895,3.718816430976105,validation
img06020,3168,images/img06020.jpg,68.0,70.5338191324535,2.5338191324535018,validation
img06021,3168,images/img06021.jpg,68.0,71.01240516497255,3.0124051649725487,validation
img06043,3180,images/img06043.jpg,54.0,53.33779008804533,0.662209911954676,validation
img06044,3180,images/img06044.jpg,54.0,56.79928467507478,2.79928467507478,validation
img06065,3191,images/img06065.jpg,51.0,55.07349468311874,4.073494683118739,validation
img06066,3191,images/img06066.jpg,51.0,45.973169670674174,5.026830329325826,validation
img06166,3243,images/img06166.jpg,51.0,55.30816950950099,4.308169509500992,validation
img06182,3252,images/img06182.jpg,66.0,70.69009270135506,4.690092701355056,validation
img06183,3252,images/img06183.jpg,66.0,68.02302015673385,2.0230201567338497,validation
img06198,3260,images/img06198.jpg,50.0,51.455492182271,1.4554921822710014,validation
img06199,3261,images/img06199.jpg,51.0,52.918926428126134,1.9189264281261345,validation
img06200,3261,images/img06200.jpg,51.0,51.83858327469242,0.838583274692418,validation
img06201,3262,images/img06201.jpg,32.0,30.900647750830085,1.0993522491699146,validation
img06202,3262,images/img06202.jpg,32.0,34.17027165341359,2.170271653413593,validation
img06216,3271,images/img06216.jpg,67.0,62.032095832289215,4.967904167710785,validation
img06239,3283,images/img06239.jpg,38.0,43.22099570337897,5.220995703378968,validation
img06244,3286,images/img06244.jpg,51.0,54.41604199597434,3.4160419959743393,validation
img06245,3286,images/img06245.jpg,51.0,45.12812435483239,5.871875645167613,validation
img06282,3305,images/img06282.jpg,58.0,64.79765049898322,6.7976504989832165,validation
img06283,3305,images/img06283.jpg,58.0,60.80180874025272,2.8018087402527243,validation
img06299,3314,images/img06299.jpg,83.0,81.84984684034826,1.1501531596517367,validation
img06310,3320,images/img06310.jpg,44.0,44.624204532572165,0.6242045325721648,validation
img06311,3320,images/img06311.jpg,44.0,47.88368902996286,3.8836890299628593,validation
img06337,3334,images/img06337.jpg,53.0,56.72957210642194,3.7295721064219407,validation
img06338,3334,images/img06338.jpg,53.0,53.63441649475187,0.6344164947518678,validation
img06392,3362,images/img06392.jpg,40.0,32.966950994936035,7.033049005063965,validation
img06393,3362,images/img06393.jpg,40.0,32.225226839656926,7.774773160343074,validation
img06462,3398,images/img06462.jpg,67.0,68.7151978800554,1.715197880055399,validation
img06463,3398,images/img06463.jpg,67.0,69.99950072560264,2.999500725602644,validation
img06473,3404,images/img06473.jpg,42.0,38.55525412063568,3.4447458793643193,validation
img06474,3404,images/img06474.jpg,42.0,39.07998824300398,2.9200117569960184,validation
img06499,3417,images/img06499.jpg,64.0,64.05965295955264,0.0596529595526362,validation
img06558,3448,images/img06558.jpg,36.0,40.94621682201029,4.9462168220102924,validation
img06559,3448,images/img06559.jpg,36.0,47.90113443444432,11.901134434444325,validation
img06572,3455,images/img06572.jpg,87.0,84.75369309112946,2.2463069088705367,validation
img06573,3455,images/img06573.jpg,87.0,91.039354339706,4.039354339705994,validation
img06587,3464,images/img06587.jpg,55.0,54.21057644350587,0.7894235564941283,validation
img06588,3464,images/img06588.jpg,55.0,60.265168696443254,5.265168696443254,validation
img06616,3481,images/img06616.jpg,57.0,51.74724356034338,5.252756439656622,validation
img06617,3481,images/img06617.jpg,57.0,57.915073008387004,0.9150730083870044,validation
img06639,3493,images/img06639.jpg,86.0,85.49568117413328,0.5043188258667186,validation
img06640,3493,images/img06640.jpg,86.0,82.13455069380454,3.8654493061954582,validation
img06656,3502,images/img06656.jpg,73.0,70.9607974792972,2.0392025207028013,validation
img06657,3502,images/img06657.jpg,73.0,71.42800408256144,1.5719959174385565,validation
img06692,3521,images/img06692.jpg,75.0,82.06278634611203,7.062786346112034,validation
img06695,3523,images/img06695.jpg,85.0,82.52017963670285,2.4798203632971507,validation
img06755,3555,images/img06755.jpg,49.0,57.15699105988044,8.15699105988044,validation
img06756,3555,images/img06756.jpg,49.0,57.771257209805576,8.771257209805576,validation
img06774,3565,images/img06774.jpg,58.0,65.23842452249534,7.238424522495336,validation
img06782,3569,images/img06782.jpg,25.0,35.41562225674652,10.415622256746524,validation
img06783,3569,images/img06783.jpg,25.0,29.166594612604385,4.166594612604385,validation
img06834,3595,images/img06834.jpg,67.0,67.55276965975193,0.5527696597519309,validation
img06835,3595,images/img06835.jpg,67.0,71.62746364337704,4.627463643377041,validation
img06906,3632,images/img06906.jpg,87.0,81.78472212897003,5.2152778710299685,validation
img06907,3632,images/img06907.jpg,87.0,73.52716523778378,13.472834762216223,validation
img06908,3633,images/img06908.jpg,82.0,77.70945993730948,4.290540062690525,validation
img06909,3633,images/img06909.jpg,82.0,75.54222724131976,6.457772758680235,validation
img06910,3634,images/img06910.jpg,51.0,48.51828524896395,2.4817147510360513,validation
img06911,3634,images/img06911.jpg,51.0,58.42787557996896,7.427875579968962,validation
img06924,3641,images/img06924.jpg,72.0,66.00588981051224,5.994110189487756,validation
img06925,3641,images/img06925.jpg,72.0,66.34516999124168,5.654830008758324,validation
img06939,3649,images/img06939.jpg,70.0,75.22470255750183,5.224702557501828,validation
img06971,3667,images/img06971.jpg,59.0,53.22205178240114,5.777948217598862,validation
img06997,3681,images/img06997.jpg,75.0,72.0432981328194,2.9567018671805982,validation
img06998,3681,images/img06998.jpg,75.0,73.61450786489698,1.3854921351030214,validation
img07005,3685,images/img07005.jpg,78.0,72.94205601247165,5.057943987528347,validation
img07006,3685,images/img07006.jpg,78.0,79.8059992650516,1.8059992650515968,validation
img07103,3737,images/img07103.jpg,80.0,78.1850969592185,1.814903040781502,validation
img07104,3737,images/img07104.jpg,80.0,74.5832611221199,5.416738877880107,validation
img07129,3750,images/img07129.jpg,53.0,41.533676312804886,11.466323687195114,validation
img07130,3750,images/img07130.jpg,53.0,38.83624553617904,14.163754463820958,validation
img07135,3753,images/img07135.jpg,34.0,33.39167614062576,0.6083238593742379,validation
img07136,3753,images/img07136.jpg,34.0,34.88076945078364,0.8807694507836388,validation
img07139,3755,images/img07139.jpg,80.0,81.52350348057152,1.5235034805715202,validation
img07140,3755,images/img07140.jpg,80.0,76.60450143375712,3.3954985662428783,validation
img07151,3761,images/img07151.jpg,56.0,54.83832744612612,1.1616725538738777,validation
img07152,3761,images/img07152.jpg,56.0,63.05901188919323,7.059011889193229,validation
img07163,3768,images/img07163.jpg,37.0,36.7875360195734,0.2124639804265982,validation
img07164,3768,images/img07164.jpg,37.0,35.84421906947234,1.155780930527662,validation
img07167,3770,images/img07167.jpg,44.0,59.94934263837424,15.94934263837424,validation
img07168,3770,images/img07168.jpg,44.0,51.36482046681199,7.364820466811992,validation
img07179,3776,images/img07179.jpg,28.0,30.48298103586079,2.4829810358607887,validation
img07180,3776,images/img07180.jpg,28.0,25.973551193384193,2.0264488066158073,validation
img07277,3827,images/img07277.jpg,16.0,11.962097250838896,4.0379027491611055,validation
img07281,3829,images/img07281.jpg,22.0,23.416143890212673,1.4161438902126733,validation
img07282,3829,images/img07282.jpg,22.0,23.45404260274899,1.4540426027489914,validation
img07303,3840,images/img07303.jpg,34.0,27.17991465496898,6.820085345031021,validation
img07319,3848,images/img07319.jpg,22.0,20.143054027674047,1.8569459723259527,validation
img07320,3848,images/img07320.jpg,22.0,20.81737845821231,1.1826215417876895,validation
img07321,3849,images/img07321.jpg,29.0,32.653075493625906,3.653075493625906,validation
img07341,3859,images/img07341.jpg,39.0,35.07563099801497,3.924369001985028,validation
img07342,3859,images/img07342.jpg,39.0,37.133320600923454,1.8666793990765456,validation
img07373,3875,images/img07373.jpg,57.0,58.32754378260231,1.3275437826023122,validation
img07374,3875,images/img07374.jpg,57.0,61.195288169698216,4.195288169698216,validation
img07398,3888,images/img07398.jpg,41.0,49.57511620473171,8.575116204731707,validation
img07399,3888,images/img07399.jpg,41.0,39.38510396131866,1.6148960386813371,validation
img07436,3908,images/img07436.jpg,83.0,72.11622507123317,10.883774928766826,validation
img07437,3908,images/img07437.jpg,83.0,36.2387648432684,46.7612351567316,validation
img07444,3912,images/img07444.jpg,73.0,71.45471749449999,1.545282505500012,validation
img07493,3937,images/img07493.jpg,71.0,73.46682939681553,2.466829396815527,validation
img07498,3940,images/img07498.jpg,72.0,72.43450227624967,0.4345022762496739,validation
img07499,3940,images/img07499.jpg,72.0,76.71792928119963,4.7179292811996305,validation
img07502,3942,images/img07502.jpg,35.0,35.08958208667006,0.0895820866700631,validation
img07503,3942,images/img07503.jpg,35.0,35.04710062909554,0.0471006290955386,validation
img07504,3943,images/img07504.jpg,69.0,59.60896775742299,9.391032242577012,validation
img07505,3943,images/img07505.jpg,69.0,66.27112299591353,2.7288770040864705,validation
img07542,3963,images/img07542.jpg,54.0,78.59442486681938,24.59442486681938,validation
img07583,3985,images/img07583.jpg,80.0,64.14966703692073,15.850332963079268,validation
img07584,3985,images/img07584.jpg,80.0,62.39696064315935,17.603039356840647,validation
img07611,3999,images/img07611.jpg,47.0,57.32059128150571,10.320591281505711,validation
img07612,3999,images/img07612.jpg,47.0,55.98342095890705,8.983420958907047,validation
img07647,4017,images/img07647.jpg,59.0,65.76589007869234,6.765890078692337,validation
img07648,4017,images/img07648.jpg,59.0,57.2871735464216,1.7128264535784012,validation
img07655,4021,images/img07655.jpg,84.0,73.80096298691305,10.19903701308695,validation
img07673,4030,images/img07673.jpg,78.0,78.94889506965545,0.9488950696554496,validation
img07674,4030,images/img07674.jpg,78.0,68.53587535026918,9.46412464973082,validation
img07692,4040,images/img07692.jpg,57.0,56.958984396650656,0.0410156033493436,validation
img07715,4052,images/img07715.jpg,82.0,62.27068758604051,19.72931241395949,validation
img07716,4052,images/img07716.jpg,82.0,46.42334639203182,35.57665360796818,validation
img07721,4055,images/img07721.jpg,65.0,60.07758479262933,4.922415207370676,validation
img07722,4055,images/img07722.jpg,65.0,59.348880344695786,5.651119655304214,validation
img07732,4062,images/img07732.jpg,59.0,61.04735504408074,2.0473550440807387,validation
img07733,4062,images/img07733.jpg,59.0,57.69095747221415,1.3090425277858486,validation
img07778,4087,images/img07778.jpg,49.0,53.665143353082755,4.665143353082755,validation
img07779,4087,images/img07779.jpg,49.0,50.92067318523153,1.9206731852315289,validation
img07823,4110,images/img07823.jpg,65.0,62.81209168887262,2.18790831112738,validation
img07824,4110,images/img07824.jpg,65.0,62.678724756194285,2.321275243805715,validation
img07828,4113,images/img07828.jpg,54.0,54.72729894163555,0.7272989416355529,validation
img07829,4113,images/img07829.jpg,54.0,59.87155812109323,5.87155812109323,validation
img07832,4115,images/img07832.jpg,75.0,26.621297447677563,48.37870255232244,validation
img07833,4115,images/img07833.jpg,75.0,20.529963347220345,54.470036652779655,validation
img07861,4130,images/img07861.jpg,64.0,62.26306858155767,1.7369314184423317,validation
img07878,4138,images/img07878.jpg,45.0,44.850939169699146,0.1490608303008542,validation
img07893,4146,images/img07893.jpg,27.0,24.256105870827646,2.7438941291723538,validation
img07904,4152,images/img07904.jpg,77.0,74.83842361078563,2.1615763892143747,validation
img07905,4152,images/img07905.jpg,77.0,77.80353817445503,0.8035381744550278,validation
img07935,4168,images/img07935.jpg,71.0,81.37696251917137,10.376962519171371,validation
img07936,4168,images/img07936.jpg,71.0,73.34853633623274,2.3485363362327405,validation
img07957,4179,images/img07957.jpg,80.0,84.89600684649245,4.896006846492455,validation
img07969,4186,images/img07969.jpg,43.0,49.37794801643521,6.377948016435212,validation
img07970,4186,images/img07970.jpg,43.0,52.90263870661898,9.90263870661898,validation
img07981,4192,images/img07981.jpg,34.0,32.974923357199074,1.0250766428009257,validation
img07982,4192,images/img07982.jpg,34.0,38.337188745838226,4.337188745838226,validation
img08001,4203,images/img08001.jpg,83.0,71.96055897234264,11.03944102765736,validation
img08002,4203,images/img08002.jpg,83.0,61.323174239647024,21.676825760352976,validation
img08003,4204,images/img08003.jpg,63.0,65.06715233361808,2.0671523336180826,validation
img08004,4204,images/img08004.jpg,63.0,69.67082782194164,6.670827821941643,validation
img08049,4227,images/img08049.jpg,61.0,53.74493786539123,7.255062134608771,validation
img08050,4227,images/img08050.jpg,61.0,50.02327965923059,10.976720340769411,validation
img08057,4231,images/img08057.jpg,66.0,70.61264845452905,4.612648454529051,validation
img08058,4231,images/img08058.jpg,66.0,75.44701476932421,9.447014769324213,validation
img08106,4256,images/img08106.jpg,54.0,50.84069326914949,3.15930673085051,validation
img08107,4256,images/img08107.jpg,54.0,46.907707206792,7.092292793207996,validation
img08117,4262,images/img08117.jpg,71.0,73.39366252410656,2.39366252410656,validation
img08118,4262,images/img08118.jpg,71.0,70.55194616845542,0.4480538315445841,validation
img08125,4266,images/img08125.jpg,77.0,65.18174222647663,11.81825777352337,validation
img08126,4266,images/img08126.jpg,77.0,74.47664522744003,2.523354772559969,validation
img08135,4271,images/img08135.jpg,27.0,31.309308204846147,4.309308204846147,validation
img08136,4271,images/img08136.jpg,27.0,31.339714423709815,4.339714423709818,validation
img08141,4274,images/img08141.jpg,68.0,68.01458101320561,0.0145810132056141,validation
img08142,4274,images/img08142.jpg,68.0,73.16015628680294,5.160156286802945,validation
img08161,4284,images/img08161.jpg,70.0,70.91885478327643,0.91885478327643,validation
img08162,4284,images/img08162.jpg,70.0,79.15513604614158,9.155136046141578,validation
img08169,4288,images/img08169.jpg,61.0,59.01518190816091,1.984818091839088,validation
img08170,4288,images/img08170.jpg,61.0,60.04016322215732,0.959836777842682,validation
img08209,4309,images/img08209.jpg,72.0,72.75885854381805,0.7588585438180502,validation
img08210,4309,images/img08210.jpg,72.0,58.924159834100394,13.075840165899606,validation
img08244,4327,images/img08244.jpg,34.0,61.89227057728103,27.89227057728103,validation
img08261,4336,images/img08261.jpg,64.0,64.68121583857776,0.6812158385777565,validation
img08315,4365,images/img08315.jpg,32.0,36.833904412730064,4.833904412730064,validation
img08316,4365,images/img08316.jpg,32.0,35.02590134350473,3.025901343504728,validation
img08317,4366,images/img08317.jpg,55.0,60.49848789405766,5.498487894057661,validation
img08318,4366,images/img08318.jpg,55.0,52.077038156834405,2.922961843165595,validation
img08323,4369,images/img08323.jpg,35.0,31.746001709424323,3.253998290575677,validation
img08377,4399,images/img08377.jpg,38.0,32.86828346908969,5.13171653091031,validation
img08378,4399,images/img08378.jpg,38.0,35.10468485994209,2.8953151400579102,validation
img08381,4401,images/img08381.jpg,46.0,58.46366246172866,12.46366246172866,validation
img08382,4401,images/img08382.jpg,46.0,53.56898832102074,7.56898832102074,validation
img08399,4410,images/img08399.jpg,51.0,48.99022564681134,2.0097743531886607,validation
img08422,4422,images/img08422.jpg,33.0,29.48912301708755,3.5108769829124498,validation
img08432,4429,images/img08432.jpg,54.0,50.27255612339104,3.727443876608959,validation
img08433,4429,images/img08433.jpg,54.0,54.021480408327,0.021480408327001,validation
img08442,4434,images/img08442.jpg,62.0,61.37482554973968,0.6251744502603174,validation
img08456,4442,images/img08456.jpg,72.0,33.87951273083497,38.12048726916503,validation
img08457,4442,images/img08457.jpg,72.0,68.87812199137555,3.1218780086244493,validation
img08493,4463,images/img08493.jpg,33.0,36.82359160047846,3.8235916004784585,validation
img08494,4463,images/img08494.jpg,33.0,44.72879189184721,11.728791891847209,validation
img08524,4479,images/img08524.jpg,78.0,71.58636507983118,6.413634920168818,validation
img08525,4479,images/img08525.jpg,78.0,79.62480742898373,1.624807428983729,validation
img08532,4483,images/img08532.jpg,54.0,62.104214083067134,8.104214083067134,validation
img08533,4483,images/img08533.jpg,54.0,61.00441852930317,7.004418529303173,validation
img08538,4486,images/img08538.jpg,16.0,14.963034004780752,1.0369659952192478,validation
img08581,4508,images/img08581.jpg,75.0,72.26500832768293,2.734991672317065,validation
img08582,4508,images/img08582.jpg,75.0,40.87552672559399,34.12447327440601,validation
img08653,4548,images/img08653.jpg,70.0,71.61770704244611,1.6177070424461135,validation
img08654,4548,images/img08654.jpg,70.0,74.70207767571037,4.70207767571037,validation
img08655,4549,images/img08655.jpg,64.0,61.027854656891456,2.9721453431085436,validation
img08656,4549,images/img08656.jpg,64.0,57.56076510201594,6.439234897984058,validation
img08724,4584,images/img08724.jpg,55.0,59.80794935821645,4.807949358216447,validation
img08725,4584,images/img08725.jpg,55.0,65.75989608375421,10.759896083754214,validation
img08728,4586,images/img08728.jpg,64.0,59.36884914906591,4.631150850934091,validation
img08729,4586,images/img08729.jpg,64.0,58.53442631067547,5.465573689324529,validation
img08741,4593,images/img08741.jpg,36.0,37.5973884273624,1.5973884273624035,validation
img08742,4593,images/img08742.jpg,36.0,37.69043058459688,1.690430584596882,validation
img08778,4612,images/img08778.jpg,78.0,69.91530560019822,8.084694399801776,validation
img08779,4612,images/img08779.jpg,78.0,75.5984700213341,2.4015299786659057,validation
img08857,4653,images/img08857.jpg,76.0,75.44329360652785,0.5567063934721546,validation
img08858,4653,images/img08858.jpg,76.0,75.84484764296442,0.1551523570355755,validation
img08870,4660,images/img08870.jpg,63.0,61.50090993125367,1.4990900687463269,validation
img08871,4660,images/img08871.jpg,63.0,64.08602610103618,1.0860261010361825,validation
img08886,4668,images/img08886.jpg,81.0,76.28692003819668,4.713079961803317,validation
img08887,4668,images/img08887.jpg,81.0,80.27235082973661,0.7276491702633905,validation
img08890,4670,images/img08890.jpg,33.0,34.301773096946796,1.3017730969467962,validation
img08891,4670,images/img08891.jpg,33.0,36.53745468491361,3.5374546849136124,validation
img08903,4676,images/img08903.jpg,64.0,66.13922238896195,2.1392223889619544,validation
img08926,4689,images/img08926.jpg,79.0,70.0508684769828,8.9491315230172,validation
img08934,4693,images/img08934.jpg,81.0,73.57958433762106,7.420415662378943,validation
img08935,4693,images/img08935.jpg,81.0,78.73800154906344,2.2619984509365594,validation
img08954,4704,images/img08954.jpg,82.0,79.66447074920015,2.3355292507998513,validation
img08955,4704,images/img08955.jpg,82.0,80.70968779447009,1.290312205529915,validation
img08971,4713,images/img08971.jpg,63.0,61.79451861889294,1.205481381107063,validation
img08972,4713,images/img08972.jpg,63.0,64.34681613953465,1.3468161395346527,validation
img08979,4717,images/img08979.jpg,68.0,75.2505260313273,7.250526031327297,validation
img08980,4717,images/img08980.jpg,68.0,67.61991854409325,0.3800814559067476,validation
img08993,4724,images/img08993.jpg,48.0,49.80805859644161,1.8080585964416116,validation
img08994,4724,images/img08994.jpg,48.0,53.753676654135845,5.753676654135845,validation
img09017,4737,images/img09017.jpg,56.0,59.160554553135015,3.1605545531350145,validation
img09018,4737,images/img09018.jpg,56.0,61.9518064554969,5.9518064554969,validation
img09019,4738,images/img09019.jpg,62.0,59.9307540015067,2.069245998493301,validation
img09020,4738,images/img09020.jpg,62.0,53.804903716770184,8.195096283229816,validation
img09021,4739,images/img09021.jpg,60.0,64.89728594158858,4.897285941588578,validation
img09022,4739,images/img09022.jpg,60.0,64.54985017604342,4.549850176043421,validation
img09066,4762,images/img09066.jpg,66.0,65.28642828599584,0.7135717140041606,validation
img09067,4762,images/img09067.jpg,66.0,62.28818424921231,3.711815750787693,validation
img09102,4782,images/img09102.jpg,70.0,75.87831193348138,5.878311933481385,validation
img09103,4782,images/img09103.jpg,70.0,75.39890576191695,5.39890576191695,validation
img09112,4787,images/img09112.jpg,58.0,49.04094066784752,8.959059332152478,validation
img09161,4812,images/img09161.jpg,52.0,38.21222660245949,13.787773397540512,validation
img09162,4812,images/img09162.jpg,52.0,30.36967751800761,21.63032248199239,validation
img09163,4813,images/img09163.jpg,78.0,70.18538218653113,7.814617813468871,validation
img09164,4813,images/img09164.jpg,78.0,80.64728742795273,2.647287427952733,validation
img09168,4815,images/img09168.jpg,40.0,48.98295945480348,8.982959454803478,validation
img09190,4827,images/img09190.jpg,69.0,79.64089175164519,10.640891751645183,validation
img09191,4827,images/img09191.jpg,69.0,72.08710468206965,3.0871046820696506,validation
img09211,4838,images/img09211.jpg,77.0,74.6873402569333,2.3126597430667033,validation
img09212,4838,images/img09212.jpg,77.0,79.36758477721062,2.367584777210624,validation
img09218,4842,images/img09218.jpg,49.0,51.021538291099766,2.021538291099766,validation
img09219,4842,images/img09219.jpg,49.0,48.18418383187419,0.8158161681258065,validation
img09222,4844,images/img09222.jpg,58.0,60.53706005853617,2.53706005853617,validation
img09223,4844,images/img09223.jpg,58.0,61.0734318121792,3.0734318121792015,validation
img09246,4856,images/img09246.jpg,58.0,60.761816873643454,2.761816873643454,validation
img09247,4856,images/img09247.jpg,58.0,59.93289077999697,1.932890779996967,validation
img09268,4867,images/img09268.jpg,31.0,42.576526733435855,11.576526733435855,validation
img09269,4867,images/img09269.jpg,31.0,33.25013671866999,2.2501367186699923,validation
img09322,4895,images/img09322.jpg,68.0,74.89109136980156,6.891091369801558,validation
img09323,4895,images/img09323.jpg,68.0,77.05378494517038,9.053784945170378,validation
img09459,4966,images/img09459.jpg,64.0,68.45905711383153,4.459057113831534,validation
img09460,4966,images/img09460.jpg,64.0,63.37695591272254,0.6230440872774565,validation
img09481,4978,images/img09481.jpg,54.0,53.10655013922086,0.8934498607791426,validation
img09497,4986,images/img09497.jpg,60.0,61.340993723506905,1.3409937235069052,validation
img09498,4986,images/img09498.jpg,60.0,74.74071691273049,14.740716912730491,validation
img09511,4993,images/img09511.jpg,54.0,41.22127531679977,12.778724683200233,validation
img09512,4993,images/img09512.jpg,54.0,45.57889654948629,8.421103450513712,validation
img09545,5011,images/img09545.jpg,64.0,65.8540157640962,1.8540157640962036,validation
img09575,5027,images/img09575.jpg,62.0,64.77936586977378,2.779365869773784,validation
img09576,5027,images/img09576.jpg,62.0,63.71787746215319,1.71787746215319,validation
img09596,5038,images/img09596.jpg,68.0,65.56617040728854,2.4338295927114615,validation
img09597,5038,images/img09597.jpg,68.0,64.63670257376711,3.36329742623289,validation
img09607,5044,images/img09607.jpg,62.0,54.20950055631401,7.790499443685988,validation
img09608,5044,images/img09608.jpg,62.0,66.47018775575248,4.470187755752477,validation
img09626,5054,images/img09626.jpg,78.0,76.40472341469518,1.5952765853048163,validation
img09636,5059,images/img09636.jpg,69.0,62.798171137309645,6.2018288626903555,validation
img09637,5059,images/img09637.jpg,69.0,65.32997963240483,3.6700203675951713,validation
img09701,5093,images/img09701.jpg,46.0,55.57282112688904,9.57282112688904,validation
img09702,5093,images/img09702.jpg,46.0,55.6103844767173,9.6103844767173,validation
img09716,5101,images/img09716.jpg,73.0,71.93632669913848,1.0636733008615238,validation
img09717,5101,images/img09717.jpg,73.0,52.84531813084454,20.15468186915546,validation
img09720,5103,images/img09720.jpg,68.0,56.00783222854847,11.992167771451529,validation
img09721,5103,images/img09721.jpg,68.0,64.65486778113416,3.3451322188658423,validation
img09722,5104,images/img09722.jpg,55.0,60.743265862835834,5.743265862835834,validation
img09723,5104,images/img09723.jpg,55.0,53.651836269888165,1.3481637301118354,validation
img09730,5108,images/img09730.jpg,65.0,60.363452872722505,4.636547127277495,validation
img09731,5108,images/img09731.jpg,65.0,68.7272545783889,3.7272545783888944,validation
img09767,5129,images/img09767.jpg,71.0,72.87974289478892,1.8797428947889188,validation
img09771,5131,images/img09771.jpg,32.0,43.888207172675166,11.888207172675166,validation
img09772,5131,images/img09772.jpg,32.0,42.17072367875347,10.170723678753468,validation
img09789,5140,images/img09789.jpg,80.0,72.71865864326872,7.281341356731275,validation
img09790,5140,images/img09790.jpg,80.0,77.7250862035892,2.2749137964108,validation
img09820,5157,images/img09820.jpg,39.0,34.156252946911664,4.843747053088336,validation
img09821,5157,images/img09821.jpg,39.0,36.91173909809098,2.088260901909017,validation
img09863,5179,images/img09863.jpg,77.0,74.96333776730532,2.036662232694681,validation
img09864,5179,images/img09864.jpg,77.0,75.67908358207752,1.3209164179224755,validation
img09902,5199,images/img09902.jpg,54.0,53.15265296873716,0.8473470312628422,validation
img09903,5199,images/img09903.jpg,54.0,54.894595582833006,0.8945955828330057,validation
img09967,5232,images/img09967.jpg,27.0,26.15977074354681,0.8402292564531884,validation
img09968,5232,images/img09968.jpg,27.0,25.224502498439072,1.7754975015609276,validation
img09992,5245,images/img09992.jpg,55.0,75.28759369871389,20.28759369871389,validation
img09993,5245,images/img09993.jpg,55.0,66.91548999378118,11.91548999378118,validation
img09997,5248,images/img09997.jpg,48.0,48.0945465604106,0.094546560410599,validation
img10029,5264,images/img10029.jpg,80.0,80.74968266025806,0.7496826602580597,validation
img10030,5265,images/img10030.jpg,84.0,75.54195458871159,8.45804541128841,validation
img10041,5271,images/img10041.jpg,45.0,53.15121799806033,8.151217998060332,validation
img10073,5289,images/img10073.jpg,65.0,54.35341750901307,10.64658249098693,validation
img10074,5289,images/img10074.jpg,65.0,57.41175199941748,7.588248000582517,validation
img10088,5297,images/img10088.jpg,14.0,18.254156020213635,4.254156020213635,validation
img10089,5297,images/img10089.jpg,14.0,19.997326661656707,5.997326661656707,validation
img10124,5315,images/img10124.jpg,59.0,63.20805689214684,4.208056892146843,validation
img10125,5315,images/img10125.jpg,59.0,45.26597206047347,13.734027939526529,validation
img10136,5321,images/img10136.jpg,57.0,52.42417673103666,4.57582326896334,validation
img10137,5321,images/img10137.jpg,57.0,57.71750906482975,0.7175090648297484,validation
img10188,5347,images/img10188.jpg,72.0,80.41861913852858,8.418619138528584,validation
img10189,5347,images/img10189.jpg,72.0,81.56859367830106,9.568593678301056,validation
img10196,5351,images/img10196.jpg,66.0,64.13301505152906,1.866984948470943,validation
img10197,5351,images/img10197.jpg,66.0,62.89078686586494,3.109213134135061,validation
img10200,5354,images/img10200.jpg,78.0,73.05142242666278,4.948577573337218,validation
img10201,5354,images/img10201.jpg,78.0,71.35647312550154,6.643526874498463,validation
img10208,5358,images/img10208.jpg,71.0,68.11061798668828,2.8893820133117174,validation
img10209,5358,images/img10209.jpg,71.0,72.64428664603163,1.644286646031631,validation
img10214,5361,images/img10214.jpg,44.0,48.931011498673115,4.931011498673115,validation
img10215,5361,images/img10215.jpg,44.0,43.65538911055458,0.3446108894454198,validation
img10234,5371,images/img10234.jpg,60.0,65.60800022512953,5.60800022512953,validation
img10235,5371,images/img10235.jpg,60.0,66.39816493338742,6.39816493338742,validation
img10244,5376,images/img10244.jpg,60.0,58.4605354089655,1.539464591034502,validation
img10245,5376,images/img10245.jpg,60.0,59.632481045699386,0.3675189543006141,validation
img10274,5391,images/img10274.jpg,57.0,50.393029314228784,6.606970685771216,validation
img10275,5391,images/img10275.jpg,57.0,54.88361068190225,2.1163893180977524,validation
img10293,5401,images/img10293.jpg,86.0,83.00559943419319,2.9944005658068136,validation
img10351,5431,images/img10351.jpg,59.0,55.9181023915244,3.0818976084756,validation
img10352,5431,images/img10352.jpg,59.0,52.61273018752526,6.387269812474742,validation
img10362,5437,images/img10362.jpg,59.0,67.24532548816343,8.24532548816343,validation
img10363,5437,images/img10363.jpg,59.0,65.74424146160324,6.744241461603238,validation
img10423,5470,images/img10423.jpg,58.0,59.484931269649,1.4849312696490031,validation
img10424,5470,images/img10424.jpg,58.0,70.34257623063787,12.342576230637874,validation
img10440,5479,images/img10440.jpg,68.0,58.38185945398206,9.61814054601794,validation
img10441,5479,images/img10441.jpg,68.0,58.527009205448984,9.472990794551016,validation
img10442,5480,images/img10442.jpg,59.0,58.346648278204526,0.6533517217954738,validation
img10443,5480,images/img10443.jpg,59.0,67.89476218862748,8.894762188627482,validation
img10488,5505,images/img10488.jpg,69.0,63.230108489790815,5.769891510209185,validation
img10489,5505,images/img10489.jpg,69.0,68.54149635643931,0.4585036435606895,validation
img10496,5509,images/img10496.jpg,77.0,65.5872840799604,11.412715920039602,validation
img10497,5509,images/img10497.jpg,77.0,64.34350886339749,12.656491136602511,validation
img10522,5522,images/img10522.jpg,17.0,34.11521109510831,17.115211095108307,validation
img10523,5522,images/img10523.jpg,17.0,24.953693021895397,7.953693021895397,validation
img10543,5533,images/img10543.jpg,50.0,47.18011333700915,2.8198866629908466,validation
img10544,5533,images/img10544.jpg,50.0,46.65015955310996,3.349840446890042,validation
img10604,5564,images/img10604.jpg,72.0,62.87370136282627,9.126298637173733,validation
img10605,5564,images/img10605.jpg,72.0,61.273465306735005,10.726534693264997,validation
img10615,5570,images/img10615.jpg,74.0,79.71713414577437,5.7171341457743665,validation
img10616,5570,images/img10616.jpg,74.0,71.56788359543866,2.4321164045613415,validation
img10623,5574,images/img10623.jpg,35.0,29.75679807924765,5.243201920752352,validation
img10624,5574,images/img10624.jpg,35.0,31.26507958935844,3.734920410641561,validation
img10645,5586,images/img10645.jpg,21.0,32.62678741975611,11.626787419756113,validation
img10646,5586,images/img10646.jpg,21.0,23.671405624427784,2.671405624427784,validation
img10672,5600,images/img10672.jpg,48.0,50.1471304705784,2.1471304705784036,validation
img10673,5600,images/img10673.jpg,48.0,48.780314220913965,0.7803142209139651,validation
img10694,5612,images/img10694.jpg,54.0,54.53850500554655,0.538505005546547,validation
img10695,5612,images/img10695.jpg,54.0,60.48417281417065,6.484172814170648,validation
img10709,5620,images/img10709.jpg,49.0,54.27094691135535,5.270946911355352,validation
img10710,5620,images/img10710.jpg,49.0,41.615426289619194,7.384573710380806,validation
img10731,5632,images/img10731.jpg,62.0,53.46787155679515,8.532128443204847,validation
img10732,5632,images/img10732.jpg,62.0,70.89309783668736,8.89309783668736,validation
img10765,5649,images/img10765.jpg,66.0,53.29394945721905,12.70605054278095,validation
img10801,5667,images/img10801.jpg,57.0,58.46323494243904,1.463234942439037,validation
img10802,5667,images/img10802.jpg,57.0,51.59011767938867,5.409882320611324,validation
img10810,5672,images/img10810.jpg,58.0,53.073401853076774,4.926598146923226,validation
img10811,5672,images/img10811.jpg,58.0,54.20637295824564,3.7936270417543625,validation
img10839,5687,images/img10839.jpg,54.0,48.60136522520094,5.3986347747990635,validation
img10840,5687,images/img10840.jpg,54.0,44.91356747379693,9.086432526203067,validation
img10841,5688,images/img10841.jpg,55.0,50.3472771159666,4.652722884033402,validation
img10842,5688,images/img10842.jpg,55.0,43.7562334948246,11.2437665051754,validation
img10868,5703,images/img10868.jpg,82.0,74.18598773163164,7.814012268368359,validation
img10875,5707,images/img10875.jpg,75.0,61.85117255904039,13.148827440959607,validation
img10886,5713,images/img10886.jpg,77.0,74.98120632863467,2.01879367136533,validation
img10887,5713,images/img10887.jpg,77.0,76.18597749898773,0.8140225010122748,validation
img10909,5725,images/img10909.jpg,53.0,65.04643509783853,12.046435097838526,validation
img10910,5725,images/img10910.jpg,53.0,68.23463348021144,15.234633480211444,validation
img10926,5735,images/img10926.jpg,71.0,63.81172558049744,7.188274419502562,validation
img10927,5735,images/img10927.jpg,71.0,66.86834835782773,4.131651642172272,validation
img10945,5745,images/img10945.jpg,66.0,63.42888314725467,2.5711168527453268,validation
img10946,5745,images/img10946.jpg,66.0,61.536751752513915,4.463248247486085,validation
img10955,5750,images/img10955.jpg,53.0,42.57003542014043,10.429964579859572,validation
img10956,5750,images/img10956.jpg,53.0,49.891699691746226,3.1083003082537743,validation
img10965,5755,images/img10965.jpg,68.0,61.30873673873894,6.6912632612610565,validation
img10987,5767,images/img10987.jpg,19.0,18.19877045999941,0.8012295400005911,validation
img10988,5767,images/img10988.jpg,19.0,18.55837525675264,0.4416247432473597,validation
img11032,5792,images/img11032.jpg,66.0,66.03068701992053,0.0306870199205349,validation
img11033,5792,images/img11033.jpg,66.0,70.18015270950633,4.180152709506331,validation
img11042,5797,images/img11042.jpg,57.0,65.35959134156828,8.359591341568276,validation
img11043,5797,images/img11043.jpg,57.0,64.65843734908039,7.658437349080387,validation
img11050,5802,images/img11050.jpg,52.0,60.77817466687091,8.77817466687091,validation
img11051,5802,images/img11051.jpg,52.0,53.70321901716177,1.7032190171617714,validation
img11058,5807,images/img11058.jpg,84.0,75.02339986505497,8.97660013494503,validation
img11082,5821,images/img11082.jpg,65.0,62.61780598394976,2.382194016050242,validation
img11089,5825,images/img11089.jpg,70.0,72.78334056681129,2.7833405668112903,validation
img11090,5825,images/img11090.jpg,70.0,73.31123636882398,3.311236368823984,validation
img11134,5849,images/img11134.jpg,74.0,70.31554654167384,3.684453458326161,validation
img11135,5849,images/img11135.jpg,74.0,70.87655872947546,3.1234412705245376,validation
img11138,5852,images/img11138.jpg,74.0,72.91689453917884,1.0831054608211588,validation
img11150,5859,images/img11150.jpg,57.0,51.15838972411058,5.841610275889423,validation
img11151,5859,images/img11151.jpg,57.0,54.13021835825629,2.8697816417437068,validation
img11177,5874,images/img11177.jpg,69.0,71.61884563973784,2.6188456397378417,validation
img11187,5880,images/img11187.jpg,80.0,74.59659819710137,5.403401802898628,validation
img11188,5880,images/img11188.jpg,80.0,77.2657690761951,2.734230923804901,validation
img11205,5888,images/img11205.jpg,63.0,59.820399766916154,3.179600233083846,validation
img11206,5888,images/img11206.jpg,63.0,63.814117289176345,0.8141172891763446,validation
img11208,5890,images/img11208.jpg,68.0,65.85056507268715,2.1494349273128535,validation
img11209,5890,images/img11209.jpg,68.0,66.26437320794555,1.7356267920544468,validation
img11214,5893,images/img11214.jpg,53.0,49.40836077896148,3.5916392210385197,validation
img11215,5893,images/img11215.jpg,53.0,52.99851917750456,0.0014808224954379,validation
img11249,5913,images/img11249.jpg,66.0,71.22688025022555,5.226880250225548,validation
img11250,5913,images/img11250.jpg,66.0,56.562668562122326,9.437331437877674,validation
img11275,5926,images/img11275.jpg,59.0,57.70952606911499,1.2904739308850068,validation
img11276,5926,images/img11276.jpg,59.0,54.379233348565506,4.620766651434494,validation
img11285,5932,images/img11285.jpg,60.0,39.28784877598265,20.712151224017347,validation
img11286,5932,images/img11286.jpg,60.0,54.2715020320656,5.728497967934402,validation
img11301,5941,images/img11301.jpg,65.0,63.4056040675687,1.594395932431297,validation
img11302,5941,images/img11302.jpg,65.0,59.47174115442332,5.52825884557668,validation
img11318,5951,images/img11318.jpg,82.0,74.28899588700014,7.711004112999859,validation
img11319,5951,images/img11319.jpg,82.0,76.75507329131652,5.244926708683479,validation
img11320,5952,images/img11320.jpg,56.0,47.52604296954676,8.473957030453242,validation
img11321,5952,images/img11321.jpg,56.0,54.74943915137718,1.2505608486228184,validation
img11324,5954,images/img11324.jpg,47.0,47.397123000907754,0.3971230009077544,validation
img11325,5954,images/img11325.jpg,47.0,47.38949636215189,0.3894963621518883,validation
img11351,5968,images/img11351.jpg,49.0,44.702448196845346,4.297551803154654,validation
img11363,5975,images/img11363.jpg,70.0,68.86154471279852,1.1384552872014808,validation
img11364,5975,images/img11364.jpg,70.0,59.777822335623554,10.222177664376446,validation
img11390,5989,images/img11390.jpg,62.0,58.4243013769284,3.5756986230716024,validation
img11391,5989,images/img11391.jpg,62.0,57.60915834976722,4.39084165023278,validation
img11396,5992,images/img11396.jpg,66.0,69.04527003690156,3.045270036901556,validation
img11409,6001,images/img11409.jpg,61.0,66.97872576788997,5.978725767889969,validation
img11410,6001,images/img11410.jpg,61.0,58.05310911698034,2.9468908830196625,validation
img11417,6005,images/img11417.jpg,77.0,68.80213261886676,8.197867381133236,validation
img11418,6005,images/img11418.jpg,77.0,69.9672808215894,7.032719178410602,validation
img11426,6010,images/img11426.jpg,67.0,74.63808174612998,7.638081746129984,validation
img11427,6010,images/img11427.jpg,67.0,61.69438204079374,5.305617959206259,validation
img11428,6011,images/img11428.jpg,70.0,72.62061494658988,2.620614946589882,validation
img11429,6011,images/img11429.jpg,70.0,63.916910048984384,6.083089951015616,validation
img11457,6026,images/img11457.jpg,70.0,66.0813077031543,3.9186922968457054,validation
img11458,6026,images/img11458.jpg,70.0,69.3650926369012,0.6349073630988045,validation
img11459,6027,images/img11459.jpg,74.0,77.38129525811013,3.3812952581101285,validation
img11460,6027,images/img11460.jpg,74.0,75.61767567105393,1.6176756710539308,validation
img11466,6030,images/img11466.jpg,68.0,65.54308327503873,2.4569167249612747,validation
img11475,6036,images/img11475.jpg,59.0,67.46214865767804,8.462148657678043,validation
img11476,6036,images/img11476.jpg,59.0,66.81053946123205,7.810539461232054,validation
img11509,6056,images/img11509.jpg,25.0,30.61730279797295,5.617302797972954,validation
img11510,6056,images/img11510.jpg,25.0,34.0064357917717,9.0064357917717,validation
img11556,6080,images/img11556.jpg,83.0,80.44412197288683,2.5558780271131667,validation
img11557,6080,images/img11557.jpg,83.0,77.14112539106272,5.858874608937285,validation
img11634,6121,images/img11634.jpg,49.0,52.745431302534435,3.745431302534435,validation
img11649,6131,images/img11649.jpg,60.0,73.14325073448568,13.143250734485676,validation
img11650,6131,images/img11650.jpg,60.0,67.86859517251573,7.868595172515725,validation
img11666,6141,images/img11666.jpg,72.0,67.38570231939795,4.61429768060205,validation
img11667,6141,images/img11667.jpg,72.0,63.38488028812654,8.615119711873461,validation
img11682,6150,images/img11682.jpg,61.0,60.89473992787568,0.1052600721243166,validation
img11683,6150,images/img11683.jpg,61.0,57.384725650447905,3.615274349552095,validation
img11707,6163,images/img11707.jpg,67.0,66.79060201191186,0.209397988088142,validation
img11708,6163,images/img11708.jpg,67.0,73.59542109171429,6.595421091714286,validation
img11740,6180,images/img11740.jpg,14.0,26.917066634584007,12.917066634584009,validation
img11741,6180,images/img11741.jpg,14.0,16.926259294450517,2.9262592944505172,validation
img11788,6205,images/img11788.jpg,32.0,37.272853299683064,5.272853299683064,validation
img11789,6205,images/img11789.jpg,32.0,33.02889984873425,1.0288998487342482,validation
img11821,6222,images/img11821.jpg,72.0,76.69552814291197,4.695528142911968,validation
img11822,6222,images/img11822.jpg,72.0,76.96352820698101,4.96352820698101,validation
img11827,6225,images/img11827.jpg,88.0,78.81872417085015,9.181275829149854,validation
img11828,6225,images/img11828.jpg,88.0,84.09622295421813,3.9037770457818657,validation
img11847,6235,images/img11847.jpg,39.0,43.200174859608296,4.200174859608296,validation
img11848,6235,images/img11848.jpg,39.0,44.09518212998249,5.09518212998249,validation
img11877,6251,images/img11877.jpg,72.0,76.04926730002794,4.049267300027935,validation
img11878,6251,images/img11878.jpg,72.0,81.27477886529,9.274778865290005,validation
img11901,6263,images/img11901.jpg,63.0,64.42264519230983,1.4226451923098296,validation
img11902,6263,images/img11902.jpg,63.0,68.01496272685706,5.014962726857064,validation
img11982,6305,images/img11982.jpg,83.0,78.17459656197246,4.825403438027536,validation
img11983,6305,images/img11983.jpg,83.0,76.5741366580899,6.425863341910102,validation
img11986,6307,images/img11986.jpg,83.0,60.20201853525342,22.797981464746577,validation
img11987,6307,images/img11987.jpg,83.0,64.0526741433938,18.9473258566062,validation
img12008,6318,images/img12008.jpg,36.0,35.16832415991099,0.8316758400890123,validation
img12009,6318,images/img12009.jpg,36.0,38.537099819372955,2.537099819372955,validation
img12023,6327,images/img12023.jpg,24.0,22.81691235040752,1.1830876495924798,validation
img12024,6327,images/img12024.jpg,24.0,28.1942805123187,4.194280512318699,validation
img12029,6330,images/img12029.jpg,11.0,15.87033463595234,4.870334635952339,validation
img12030,6330,images/img12030.jpg,11.0,16.862916640519316,5.862916640519316,validation
img12061,6346,images/img12061.jpg,75.0,72.01977148456521,2.9802285154347885,validation
img12062,6346,images/img12062.jpg,75.0,73.23663534339602,1.763364656603983,validation
img12063,6347,images/img12063.jpg,40.0,41.60360625374959,1.6036062537495894,validation
img12064,6347,images/img12064.jpg,40.0,42.92631385507392,2.9263138550739214,validation
img12078,6355,images/img12078.jpg,77.0,83.95223402123052,6.952234021230524,validation
img12079,6355,images/img12079.jpg,77.0,82.24746813556455,5.247468135564546,validation
img12080,6356,images/img12080.jpg,32.0,30.258300018178577,1.741699981821423,validation
img12081,6356,images/img12081.jpg,32.0,30.140138921458156,1.8598610785418437,validation
img12094,6363,images/img12094.jpg,25.0,38.658774862907535,13.658774862907537,validation
img12095,6363,images/img12095.jpg,25.0,33.14245420698695,8.142454206986947,validation
img12104,6368,images/img12104.jpg,25.0,29.970457387896996,4.970457387896996,validation
img12105,6368,images/img12105.jpg,25.0,28.156322906819018,3.1563229068190175,validation
img12116,6374,images/img12116.jpg,89.0,82.38358504244893,6.616414957551072,validation
img12118,6375,images/img12118.jpg,58.0,45.82146248765434,12.178537512345663,validation
img12119,6375,images/img12119.jpg,58.0,49.15883565562237,8.841164344377631,validation
img12166,6403,images/img12166.jpg,58.0,53.885207271498125,4.114792728501875,validation
img12167,6403,images/img12167.jpg,58.0,64.19212504637095,6.192125046370947,validation
img12176,6408,images/img12176.jpg,76.0,73.27777535013833,2.7222246498616727,validation
img12177,6408,images/img12177.jpg,76.0,72.42411312126778,3.57588687873222,validation
img12208,6426,images/img12208.jpg,71.0,73.21731845141204,2.2173184514120408,validation
img12209,6426,images/img12209.jpg,71.0,80.18005028759637,9.180050287596371,validation
img12286,6466,images/img12286.jpg,63.0,54.38986134723216,8.610138652767837,validation
img12287,6466,images/img12287.jpg,63.0,65.25147313101738,2.2514731310173772,validation
img12294,6470,images/img12294.jpg,37.0,64.40364621326698,27.40364621326698,validation
img12295,6470,images/img12295.jpg,37.0,63.36115951121532,26.36115951121532,validation
img12304,6475,images/img12304.jpg,37.0,39.911949505484664,2.911949505484664,validation
img12335,6493,images/img12335.jpg,71.0,76.5107176614284,5.5107176614284015,validation
img12340,6496,images/img12340.jpg,82.0,82.61439092832119,0.6143909283211855,validation
img12341,6496,images/img12341.jpg,82.0,80.32817699656565,1.6718230034343549,validation
img12348,6500,images/img12348.jpg,85.0,82.55231556371278,2.4476844362872185,validation
img12349,6500,images/img12349.jpg,85.0,82.86990568415668,2.1300943158433228,validation
img12404,6530,images/img12404.jpg,62.0,62.16412840310315,0.1641284031031489,validation
img12405,6530,images/img12405.jpg,62.0,67.8509480051042,5.8509480051042,validation
img12422,6539,images/img12422.jpg,43.0,38.69930412780753,4.30069587219247,validation
img12423,6539,images/img12423.jpg,43.0,44.912819315040096,1.912819315040096,validation
img12470,6563,images/img12470.jpg,88.0,85.8431322082245,2.156867791775497,validation
img12471,6563,images/img12471.jpg,88.0,78.43796153170254,9.56203846829746,validation
img12548,6603,images/img12548.jpg,8.0,13.210981431973778,5.210981431973778,validation
img12549,6603,images/img12549.jpg,8.0,13.78614319952925,5.786143199529249,validation
img12552,6605,images/img12552.jpg,48.0,41.552877600082994,6.447122399917006,validation
img12553,6605,images/img12553.jpg,48.0,49.9951440912878,1.9951440912877985,validation
img12558,6608,images/img12558.jpg,38.0,40.817878148731914,2.8178781487319142,validation
img12559,6608,images/img12559.jpg,38.0,43.55599960060179,5.555999600601787,validation
img12584,6622,images/img12584.jpg,65.0,64.31058115321342,0.6894188467865803,validation
img12585,6622,images/img12585.jpg,65.0,59.83622616021027,5.163773839789727,validation
img12620,6640,images/img12620.jpg,51.0,49.842370291264785,1.1576297087352143,validation
img12621,6640,images/img12621.jpg,51.0,48.94130195341086,2.058698046589143,validation
img12625,6642,images/img12625.jpg,80.0,81.28078812877419,1.280788128774191,validation
img12626,6643,images/img12626.jpg,77.0,79.69989813849597,2.6998981384959677,validation
img12627,6643,images/img12627.jpg,77.0,77.95678857123713,0.9567885712371264,validation
img12646,6653,images/img12646.jpg,16.0,15.059622827142377,0.9403771728576232,validation
img12647,6653,images/img12647.jpg,16.0,16.92429183322993,0.9242918332299296,validation
img12667,6664,images/img12667.jpg,34.0,39.17762732321229,5.177627323212292,validation
img12668,6664,images/img12668.jpg,34.0,40.82861629905228,6.828616299052278,validation
img12719,6691,images/img12719.jpg,73.0,69.01360089115681,3.9863991088431874,validation
img12720,6691,images/img12720.jpg,73.0,72.49840114150155,0.5015988584984541,validation
img12727,6695,images/img12727.jpg,58.0,63.96347911446066,5.963479114460661,validation
img12728,6695,images/img12728.jpg,58.0,62.580881731835056,4.580881731835056,validation
img12757,6710,images/img12757.jpg,51.0,43.86219502324484,7.137804976755163,validation
img12758,6710,images/img12758.jpg,51.0,47.827208496874206,3.1727915031257936,validation
img12771,6717,images/img12771.jpg,71.0,68.65995737102872,2.3400426289712755,validation
img12772,6717,images/img12772.jpg,71.0,71.2414966112446,0.2414966112445995,validation
img12777,6720,images/img12777.jpg,57.0,68.87422633090995,11.874226330909949,validation
img12778,6720,images/img12778.jpg,57.0,71.79153616748283,14.791536167482832,validation
img12789,6726,images/img12789.jpg,59.0,64.73475826716071,5.734758267160714,validation
img12790,6726,images/img12790.jpg,59.0,72.86208045883134,13.862080458831343,validation
img12817,6740,images/img12817.jpg,41.0,41.30445181206005,0.3044518120600514,validation
img12818,6740,images/img12818.jpg,41.0,39.542561933150125,1.4574380668498748,validation
img12823,6743,images/img12823.jpg,49.0,55.57677936112822,6.576779361128217,validation
img12824,6743,images/img12824.jpg,49.0,58.61686643940422,9.61686643940422,validation
img12843,6754,images/img12843.jpg,39.0,35.0273213182881,3.9726786817118978,validation
img12844,6754,images/img12844.jpg,39.0,38.80565609476268,0.1943439052373179,validation
img12868,6767,images/img12868.jpg,45.0,49.29055631185255,4.290556311852548,validation
img12869,6767,images/img12869.jpg,45.0,49.8301107393908,4.830110739390804,validation
img12880,6773,images/img12880.jpg,44.0,46.11870836108666,2.118708361086661,validation
img12881,6773,images/img12881.jpg,44.0,42.53406054440739,1.4659394555926042,validation
img12882,6774,images/img12882.jpg,51.0,43.9916570252689,7.0083429747311,validation
img12883,6774,images/img12883.jpg,51.0,48.11176838975336,2.888231610246642,validation
img12938,6805,images/img12938.jpg,63.0,66.11878434945316,3.118784349453165,validation
img12939,6805,images/img12939.jpg,63.0,64.72313999422117,1.723139994221171,validation
img12940,6806,images/img12940.jpg,48.0,45.45910826200028,2.540891737999722,validation
img12941,6806,images/img12941.jpg,48.0,47.373595262043125,0.6264047379568751,validation
img12944,6808,images/img12944.jpg,62.0,77.82683579451836,15.82683579451836,validation
img12945,6808,images/img12945.jpg,62.0,62.88911168824031,0.8891116882403125,validation
img12952,6812,images/img12952.jpg,48.0,40.00281698551635,7.997183014483653,validation
img12953,6812,images/img12953.jpg,48.0,42.98249010785186,5.017509892148141,validation
img12963,6818,images/img12963.jpg,76.0,71.76297308025042,4.237026919749582,validation
img12964,6818,images/img12964.jpg,76.0,74.54759052669758,1.4524094733024242,validation
img12968,6821,images/img12968.jpg,51.0,49.037721731155415,1.9622782688445852,validation
img12969,6821,images/img12969.jpg,51.0,51.43722118569198,0.4372211856919819,validation
img12994,6835,images/img12994.jpg,66.0,53.94681040178917,12.053189598210828,validation
img13033,6856,images/img13033.jpg,77.0,50.58773108703173,26.412268912968273,validation
img13034,6856,images/img13034.jpg,77.0,50.21093936046958,26.78906063953042,validation
img13044,6862,images/img13044.jpg,60.0,64.04724235813373,4.04724235813373,validation
img13045,6862,images/img13045.jpg,60.0,65.06495911603793,5.064959116037926,validation
img13052,6866,images/img13052.jpg,68.0,74.60036516553592,6.600365165535919,validation
img13096,6889,images/img13096.jpg,85.0,84.35693992181761,0.643060078182387,validation
img13097,6889,images/img13097.jpg,85.0,77.90404446949091,7.095955530509087,validation
img13112,6897,images/img13112.jpg,64.0,65.16007725023105,1.1600772502310548,validation
img13113,6897,images/img13113.jpg,64.0,60.11407770831789,3.885922291682107,validation
img13129,6906,images/img13129.jpg,83.0,67.99981414794686,15.000185852053136,validation
img13182,6936,images/img13182.jpg,26.0,27.007482601896548,1.007482601896548,validation
img13183,6936,images/img13183.jpg,26.0,26.540858384603357,0.5408583846033572,validation
img13226,6961,images/img13226.jpg,70.0,66.05257884313612,3.947421156863882,validation
img13227,6961,images/img13227.jpg,70.0,70.10074863573276,0.1007486357327565,validation
img13233,6965,images/img13233.jpg,79.0,79.29221269020674,0.292212690206739,validation
img13234,6965,images/img13234.jpg,79.0,76.18426742182925,2.8157325781707527,validation
img13276,6988,images/img13276.jpg,56.0,67.22198206246193,11.221982062461931,validation
img13323,7012,images/img13323.jpg,37.0,42.28001375021432,5.280013750214316,validation
img13324,7012,images/img13324.jpg,37.0,43.78718174707332,6.787181747073319,validation
img13342,7022,images/img13342.jpg,75.0,72.51567313892421,2.484326861075786,validation
img13343,7022,images/img13343.jpg,75.0,74.65783161045573,0.3421683895442697,validation
img13344,7023,images/img13344.jpg,45.0,60.364171584997656,15.364171584997656,validation
img13345,7023,images/img13345.jpg,45.0,58.60560370546573,13.605603705465732,validation
img13358,7030,images/img13358.jpg,55.0,50.65419343210567,4.3458065678943285,validation
img13359,7030,images/img13359.jpg,55.0,53.32948563490553,1.6705143650944692,validation
img13360,7031,images/img13360.jpg,19.0,24.403750529985672,5.403750529985672,validation
img13361,7031,images/img13361.jpg,19.0,28.990882003350396,9.990882003350396,validation
img13415,7060,images/img13415.jpg,82.0,66.32875412300868,15.67124587699132,validation
img13423,7065,images/img13423.jpg,68.0,70.33543927596628,2.33543927596628,validation
img13424,7065,images/img13424.jpg,68.0,71.38177528754017,3.381775287540165,validation
img13437,7072,images/img13437.jpg,64.0,60.14937340640397,3.850626593596033,validation
img13438,7072,images/img13438.jpg,64.0,69.47845831954903,5.478458319549034,validation
img13442,7075,images/img13442.jpg,53.0,58.94691841995737,5.94691841995737,validation
img13443,7075,images/img13443.jpg,53.0,54.241797348362766,1.2417973483627662,validation
img13478,7094,images/img13478.jpg,67.0,74.86701505388928,7.867015053889276,validation
img13479,7094,images/img13479.jpg,67.0,75.90193019301194,8.901930193011935,validation
img13482,7096,images/img13482.jpg,74.0,60.07398005249664,13.926019947503356,validation
img13483,7096,images/img13483.jpg,74.0,70.28963581901377,3.710364180986232,validation
img13513,7112,images/img13513.jpg,33.0,38.26890126420516,5.268901264205162,validation
img13514,7112,images/img13514.jpg,33.0,36.720511464821406,3.7205114648214064,validation
img13539,7125,images/img13539.jpg,40.0,42.32430889293842,2.3243088929384186,validation
img13540,7125,images/img13540.jpg,40.0,52.31631045149571,12.31631045149571,validation
img13543,7127,images/img13543.jpg,45.0,46.408815098626526,1.4088150986265262,validation
img13544,7127,images/img13544.jpg,45.0,44.70294006215049,0.2970599378495109,validation
img13585,7149,images/img13585.jpg,66.0,64.6229510668212,1.3770489331787985,validation
img13586,7149,images/img13586.jpg,66.0,68.61129215230079,2.6112921523007913,validation
img13597,7155,images/img13597.jpg,52.0,47.82775816453229,4.172241835467716,validation
img13598,7155,images/img13598.jpg,52.0,52.46127657143103,0.4612765714310285,validation
img13611,7162,images/img13611.jpg,55.0,60.4759629714859,5.475962971485899,validation
img13612,7162,images/img13612.jpg,55.0,63.28588339792952,8.285883397929517,validation
img13623,7168,images/img13623.jpg,47.0,65.51736286389914,18.517362863899137,validation
img13624,7168,images/img13624.jpg,47.0,53.12874978723107,6.128749787231072,validation
img13627,7170,images/img13627.jpg,50.0,54.1147832214549,4.1147832214549,validation
img13628,7170,images/img13628.jpg,50.0,53.12564372871874,3.1256437287187424,validation
img13657,7185,images/img13657.jpg,58.0,56.34388147587104,1.6561185241289635,validation
img13658,7185,images/img13658.jpg,58.0,56.93159242053351,1.0684075794664878,validation
img13690,7202,images/img13690.jpg,56.0,64.78587626875179,8.785876268751792,validation
img13691,7202,images/img13691.jpg,56.0,62.227809691573704,6.227809691573704,validation
img13697,7206,images/img13697.jpg,38.0,40.06392606928138,2.0639260692813792,validation
img13698,7206,images/img13698.jpg,38.0,46.41933512686035,8.419335126860346,validation
img13707,7211,images/img13707.jpg,36.0,34.29059652123249,1.7094034787675128,validation
img13732,7224,images/img13732.jpg,37.0,47.91269381442051,10.912693814420509,validation
img13733,7224,images/img13733.jpg,37.0,62.052787984028825,25.052787984028825,validation
img13742,7229,images/img13742.jpg,47.0,52.706229855836256,5.706229855836256,validation
img13743,7229,images/img13743.jpg,47.0,54.350617366727114,7.350617366727114,validation
img13752,7234,images/img13752.jpg,64.0,64.13879855865366,0.1387985586536615,validation
img13753,7234,images/img13753.jpg,64.0,62.244773046243914,1.755226953756086,validation
img13764,7240,images/img13764.jpg,63.0,63.45334935639664,0.4533493563966431,validation
img13765,7240,images/img13765.jpg,63.0,62.85669929148569,0.1433007085143103,validation
img13766,7241,images/img13766.jpg,34.0,41.74762572382933,7.74762572382933,validation
img13767,7241,images/img13767.jpg,34.0,50.19097628180423,16.190976281804232,validation
img13805,7261,images/img13805.jpg,46.0,39.09761687003814,6.902383129961862,validation
img13806,7261,images/img13806.jpg,46.0,44.148580597988335,1.8514194020116648,validation
img13811,7264,images/img13811.jpg,68.0,58.47674215264803,9.523257847351973,validation
img13812,7264,images/img13812.jpg,68.0,59.166656518505974,8.833343481494026,validation
img13827,7272,images/img13827.jpg,26.0,29.884155203136597,3.884155203136597,validation
img13828,7272,images/img13828.jpg,26.0,23.969685396550304,2.030314603449696,validation
img13829,7273,images/img13829.jpg,57.0,57.89728774242945,0.8972877424294481,validation
img13830,7273,images/img13830.jpg,57.0,57.218065380437935,0.2180653804379346,validation
img13859,7288,images/img13859.jpg,63.0,60.743844159017776,2.256155840982224,validation
img13860,7288,images/img13860.jpg,63.0,55.616736191877344,7.383263808122656,validation
img13903,7311,images/img13903.jpg,69.0,71.38033459115857,2.3803345911585723,validation
img13904,7311,images/img13904.jpg,69.0,61.57671608120977,7.423283918790233,validation
img13945,7332,images/img13945.jpg,67.0,64.75809133206312,2.241908667936883,validation
img13946,7332,images/img13946.jpg,67.0,64.5082095791125,2.4917904208874972,validation
img13953,7336,images/img13953.jpg,86.0,72.29882815720096,13.701171842799042,validation
img13954,7336,images/img13954.jpg,86.0,76.11205374263847,9.887946257361534,validation
img13983,7351,images/img13983.jpg,92.0,86.25939421695648,5.74060578304352,validation
img13984,7351,images/img13984.jpg,92.0,86.18964095490188,5.810359045098124,validation
img14005,7362,images/img14005.jpg,70.0,69.89409868033438,0.1059013196656195,validation
img14006,7362,images/img14006.jpg,70.0,68.54384335009048,1.4561566499095164,validation
img14007,7363,images/img14007.jpg,74.0,78.66293265175985,4.662932651759846,validation
img14045,7382,images/img14045.jpg,45.0,52.46456857902213,7.464568579022128,validation
img14046,7382,images/img14046.jpg,45.0,45.74845157223726,0.7484515722372578,validation
img14058,7389,images/img14058.jpg,60.0,59.098806099003816,0.9011939009961836,validation
img14059,7389,images/img14059.jpg,60.0,57.224078461058625,2.7759215389413754,validation
img14089,7405,images/img14089.jpg,63.0,52.788548040686,10.211451959313996,validation
img14090,7405,images/img14090.jpg,63.0,61.99874823708856,1.001251762911444,validation
img14132,7426,images/img14132.jpg,63.0,65.83581783841618,2.835817838416176,validation
img14133,7426,images/img14133.jpg,63.0,64.27312141137627,1.273121411376266,validation
img14154,7438,images/img14154.jpg,47.0,49.37202491117522,2.3720249111752167,validation
img14155,7438,images/img14155.jpg,47.0,44.28827252587112,2.711727474128878,validation
img14173,7448,images/img14173.jpg,57.0,55.084260098699914,1.9157399013000855,validation
img14174,7448,images/img14174.jpg,57.0,44.80502010804076,12.194979891959242,validation
img14183,7453,images/img14183.jpg,31.0,56.94873531694621,25.948735316946212,validation
img14184,7453,images/img14184.jpg,31.0,49.69117133270659,18.69117133270659,validation
img14203,7463,images/img14203.jpg,34.0,39.46121548219591,5.461215482195911,validation
img14204,7463,images/img14204.jpg,34.0,33.829017467800966,0.1709825321990337,validation
img14231,7477,images/img14231.jpg,53.0,55.51491243943876,2.51491243943876,validation
img14232,7477,images/img14232.jpg,53.0,57.79253733689472,4.792537336894718,validation
img14269,7496,images/img14269.jpg,88.0,70.96560489008453,17.034395109915465,validation
img14270,7496,images/img14270.jpg,88.0,83.72599561185042,4.274004388149578,validation
img14321,7521,images/img14321.jpg,68.0,61.068418821325295,6.931581178674705,validation
img14322,7521,images/img14322.jpg,68.0,61.975872410610066,6.024127589389934,validation
img14346,7534,images/img14346.jpg,67.0,70.79673804251661,3.796738042516608,validation
img14347,7534,images/img14347.jpg,67.0,70.74159786964974,3.7415978696497376,validation
img14350,7536,images/img14350.jpg,79.0,62.777544422195994,16.222455577804006,validation
img14351,7536,images/img14351.jpg,79.0,63.051721703755845,15.948278296244156,validation
img14362,7542,images/img14362.jpg,87.0,79.76810709617789,7.231892903822114,validation
img14372,7547,images/img14372.jpg,47.0,54.49399910235633,7.493999102356327,validation
img14373,7547,images/img14373.jpg,47.0,50.18091649117301,3.180916491173008,validation
img14374,7548,images/img14374.jpg,53.0,55.01055610035285,2.0105561003528507,validation
img14375,7548,images/img14375.jpg,53.0,54.89078853446506,1.8907885344650597,validation
img14394,7559,images/img14394.jpg,89.0,77.6122821853142,11.3877178146858,validation
img14395,7559,images/img14395.jpg,89.0,81.7350295552145,7.264970444785504,validation
img14426,7575,images/img14426.jpg,61.0,62.761397934739875,1.7613979347398754,validation
img14427,7575,images/img14427.jpg,61.0,67.3898466390422,6.389846639042204,validation
img14429,7576,images/img14429.jpg,59.0,60.41016044572374,1.41016044572374,validation
img14440,7582,images/img14440.jpg,64.0,60.25981461717653,3.740185382823476,validation
img14441,7582,images/img14441.jpg,64.0,66.11808635877622,2.1180863587762246,validation
img14456,7590,images/img14456.jpg,91.0,85.9646741972863,5.0353258027137,validation
img14457,7590,images/img14457.jpg,91.0,67.32268575798612,23.67731424201388,validation
img14504,7614,images/img14504.jpg,67.0,71.2287397410133,4.2287397410133,validation
img14505,7614,images/img14505.jpg,67.0,72.50290972503034,5.502909725030335,validation
img14645,7685,images/img14645.jpg,63.0,53.39239204466365,9.607607955336348,validation
img14646,7685,images/img14646.jpg,63.0,48.84329915462324,14.15670084537676,validation
img14649,7687,images/img14649.jpg,46.0,46.44808907091848,0.4480890709184777,validation
img14650,7687,images/img14650.jpg,46.0,45.86234947277625,0.137650527223748,validation
img14659,7692,images/img14659.jpg,53.0,55.15880713891146,2.158807138911463,validation
img14660,7692,images/img14660.jpg,53.0,57.52136202871402,4.521362028714023,validation
img14675,7700,images/img14675.jpg,57.0,61.04437276985252,4.044372769852522,validation
img14676,7700,images/img14676.jpg,57.0,69.16455446236766,12.16455446236766,validation
img14679,7702,images/img14679.jpg,77.0,72.31213142325903,4.687868576740968,validation
img14680,7702,images/img14680.jpg,77.0,75.95370147025218,1.0462985297478156,validation
img14681,7703,images/img14681.jpg,58.0,62.80269935182621,4.802699351826213,validation
img14682,7703,images/img14682.jpg,58.0,56.79424039733409,1.205759602665907,validation
img14689,7707,images/img14689.jpg,66.0,65.91759944293304,0.0824005570669612,validation
img14690,7707,images/img14690.jpg,66.0,78.41536844597873,12.415368445978729,validation
img14729,7728,images/img14729.jpg,87.0,79.47214814305615,7.527851856943855,validation
img14730,7728,images/img14730.jpg,87.0,77.64152363223575,9.358476367764254,validation
img14778,7753,images/img14778.jpg,60.0,59.60557977611381,0.3944202238861933,validation
img14779,7753,images/img14779.jpg,60.0,57.74480131825545,2.2551986817445524,validation
img14811,7770,images/img14811.jpg,79.0,73.99638510790679,5.003614892093211,validation
img14854,7793,images/img14854.jpg,66.0,61.92497089518989,4.075029104810113,validation
img14855,7793,images/img14855.jpg,66.0,64.58491384675993,1.4150861532400685,validation
img14915,7823,images/img14915.jpg,67.0,63.3647476195389,3.6352523804610968,validation
img14916,7823,images/img14916.jpg,67.0,52.76060442017937,14.23939557982063,validation
img14931,7831,images/img14931.jpg,73.0,67.07544546350351,5.924554536496487,validation
img14937,7834,images/img14937.jpg,69.0,63.90063923193893,5.099360768061068,validation
img14938,7834,images/img14938.jpg,69.0,75.34487473986015,6.3448747398601455,validation
img14959,7845,images/img14959.jpg,63.0,59.099914704508656,3.900085295491344,validation
img14960,7845,images/img14960.jpg,63.0,65.36233749863781,2.362337498637814,validation
img14989,7861,images/img14989.jpg,60.0,60.84086622637379,0.8408662263737909,validation
img14990,7861,images/img14990.jpg,60.0,55.76539484608517,4.234605153914828,validation
img14999,7866,images/img14999.jpg,68.0,65.62170592643726,2.378294073562742,validation
img15000,7866,images/img15000.jpg,68.0,53.662800449220704,14.337199550779296,validation
img15005,7869,images/img15005.jpg,49.0,57.49403548922284,8.494035489222838,validation
img15006,7869,images/img15006.jpg,49.0,50.89353552583466,1.8935355258346576,validation
img15007,7870,images/img15007.jpg,61.0,57.66114645399413,3.338853546005872,validation
img15008,7870,images/img15008.jpg,61.0,56.45077431743765,4.549225682562351,validation
img15021,7877,images/img15021.jpg,57.0,54.1397939178554,2.8602060821446003,validation
img15022,7877,images/img15022.jpg,57.0,63.23719091394077,6.237190913940772,validation
img15027,7880,images/img15027.jpg,59.0,53.48135668214288,5.518643317857119,validation
img15028,7880,images/img15028.jpg,59.0,59.67394278251933,0.6739427825193332,validation
img15053,7893,images/img15053.jpg,74.0,58.45221255177466,15.547787448225344,validation
img15054,7893,images/img15054.jpg,74.0,75.47035819502571,1.4703581950257103,validation
img15064,7899,images/img15064.jpg,64.0,58.508411980024285,5.491588019975715,validation
img15065,7899,images/img15065.jpg,64.0,62.99164488276536,1.008355117234636,validation
img15072,7903,images/img15072.jpg,64.0,74.65622296006751,10.65622296006751,validation
img15073,7903,images/img15073.jpg,64.0,67.44458655788027,3.444586557880271,validation
img15082,7908,images/img15082.jpg,54.0,85.22183543814496,31.221835438144964,validation
img15083,7908,images/img15083.jpg,54.0,82.68920680400439,28.689206804004385,validation
img15098,7917,images/img15098.jpg,58.0,55.607284143909745,2.3927158560902555,validation
img15099,7917,images/img15099.jpg,58.0,56.57395310826947,1.426046891730529,validation
img15110,7923,images/img15110.jpg,73.0,75.4780688107849,2.4780688107849045,validation
img15111,7923,images/img15111.jpg,73.0,71.97690176967664,1.023098230323356,validation
img15140,7938,images/img15140.jpg,42.0,44.84110622603792,2.8411062260379225,validation
img15141,7938,images/img15141.jpg,42.0,44.0787597180869,2.0787597180869,validation
img15174,7957,images/img15174.jpg,57.0,60.40649763058552,3.4064976305855197,validation
img15175,7957,images/img15175.jpg,57.0,58.738762058898814,1.7387620588988142,validation
img15188,7964,images/img15188.jpg,39.0,60.40865322210575,21.408653222105748,validation
img15189,7964,images/img15189.jpg,39.0,66.38412877711858,27.384128777118576,validation
img15190,7965,images/img15190.jpg,75.0,48.94255779132411,26.057442208675887,validation
img15191,7965,images/img15191.jpg,75.0,77.47424144162653,2.474241441626532,validation
img15192,7966,images/img15192.jpg,71.0,62.53465893517116,8.465341064828841,validation
img15193,7966,images/img15193.jpg,71.0,54.24013525806333,16.759864741936667,validation
img15211,7977,images/img15211.jpg,58.0,66.67463958582377,8.674639585823769,validation
img15212,7978,images/img15212.jpg,47.0,38.242940373465174,8.757059626534826,validation
img15213,7978,images/img15213.jpg,47.0,43.19712551283847,3.802874487161531,validation
img15226,7985,images/img15226.jpg,65.0,70.48632959177203,5.486329591772034,validation
img15227,7985,images/img15227.jpg,65.0,64.32525586189061,0.6747441381093893,validation
img15246,7995,images/img15246.jpg,78.0,57.02175966050425,20.97824033949575,validation
img15247,7995,images/img15247.jpg,78.0,55.529222611578824,22.470777388421176,validation
img15257,8001,images/img15257.jpg,40.0,35.37018088245766,4.62981911754234,validation
img15258,8001,images/img15258.jpg,40.0,35.74352518944204,4.256474810557961,validation
img15271,8008,images/img15271.jpg,77.0,68.9561311744057,8.043868825594302,validation
img15272,8008,images/img15272.jpg,77.0,66.67947317126149,10.320526828738508,validation
img15283,8014,images/img15283.jpg,76.0,66.70659119967057,9.29340880032943,validation
img15284,8014,images/img15284.jpg,76.0,62.353165000013426,13.646834999986574,validation
img15300,8023,images/img15300.jpg,64.0,58.047062091109936,5.952937908890064,validation
img15301,8023,images/img15301.jpg,64.0,61.175911839445654,2.8240881605543464,validation
img15340,8045,images/img15340.jpg,64.0,61.461621781026096,2.5383782189739037,validation
img15341,8045,images/img15341.jpg,64.0,63.65158797883283,0.3484120211671637,validation
img15375,8063,images/img15375.jpg,54.0,65.31313733549266,11.313137335492655,validation
img15376,8063,images/img15376.jpg,54.0,71.31289887627345,17.31289887627345,validation
img15381,8066,images/img15381.jpg,54.0,57.75575677270453,3.7557567727045296,validation
img15388,8070,images/img15388.jpg,62.0,66.22172924941655,4.221729249416555,validation
img15389,8070,images/img15389.jpg,62.0,62.41688282393348,0.4168828239334772,validation
img15404,8078,images/img15404.jpg,58.0,62.108848632100894,4.108848632100894,validation
img15405,8078,images/img15405.jpg,58.0,63.709913824773615,5.709913824773615,validation
img15410,8081,images/img15410.jpg,51.0,51.38253797859642,0.3825379785964173,validation
img15411,8081,images/img15411.jpg,51.0,58.81845105464793,7.81845105464793,validation
img15412,8082,images/img15412.jpg,53.0,49.203639022808105,3.7963609771918954,validation
img15413,8082,images/img15413.jpg,53.0,49.68261440325162,3.3173855967483803,validation
img15422,8088,images/img15422.jpg,72.0,71.51029063970864,0.4897093602913571,validation
img15423,8088,images/img15423.jpg,72.0,66.52663447991773,5.473365520082268,validation
img15424,8089,images/img15424.jpg,68.0,67.9312267484448,0.0687732515551999,validation
img15425,8089,images/img15425.jpg,68.0,65.0289580656545,2.971041934345493,validation
img15428,8091,images/img15428.jpg,71.0,53.15523444363136,17.844765556368642,validation
img15429,8091,images/img15429.jpg,71.0,53.3678696690844,17.6321303309156,validation
img15446,8100,images/img15446.jpg,87.0,80.00452744455767,6.995472555442333,validation
img15447,8100,images/img15447.jpg,87.0,83.41510838312588,3.584891616874117,validation
img15476,8115,images/img15476.jpg,53.0,55.05488696056862,2.0548869605686235,validation
img15477,8115,images/img15477.jpg,53.0,51.507633176447946,1.4923668235520535,validation
img15505,8130,images/img15505.jpg,45.0,43.193344366468295,1.8066556335317048,validation
img15506,8130,images/img15506.jpg,45.0,47.38519390399488,2.3851939039948817,validation
img15511,8133,images/img15511.jpg,71.0,59.7782509455236,11.221749054476398,validation
img15512,8133,images/img15512.jpg,71.0,38.04560750299335,32.95439249700665,validation
img15513,8134,images/img15513.jpg,57.0,65.67386655160199,8.67386655160199,validation
img15514,8134,images/img15514.jpg,57.0,58.05991234485952,1.0599123448595194,validation
img15523,8139,images/img15523.jpg,91.0,79.62125858263572,11.378741417364282,validation
img15524,8139,images/img15524.jpg,91.0,73.10396476547896,17.896035234521037,validation
img15554,8155,images/img15554.jpg,59.0,63.63884092409544,4.63884092409544,validation
img15555,8155,images/img15555.jpg,59.0,74.46926724786282,15.469267247862817,validation
img15585,8171,images/img15585.jpg,64.0,65.60161797287736,1.6016179728773636,validation
img15586,8171,images/img15586.jpg,64.0,66.98919344682302,2.9891934468230232,validation
img15587,8172,images/img15587.jpg,77.0,73.32507185277322,3.674928147226779,validation
img15588,8172,images/img15588.jpg,77.0,73.06238415212185,3.937615847878149,validation
img15598,8178,images/img15598.jpg,72.0,78.18380567646619,6.183805676466193,validation
img15599,8178,images/img15599.jpg,72.0,75.78544209269528,3.785442092695277,validation
img15608,8183,images/img15608.jpg,65.0,66.16975511863582,1.1697551186358195,validation
img15609,8183,images/img15609.jpg,65.0,65.54094404267498,0.5409440426749796,validation
img15612,8185,images/img15612.jpg,76.0,76.59103457613415,0.5910345761341489,validation
img15617,8188,images/img15617.jpg,43.0,54.27651093313038,11.276510933130382,validation
img15618,8188,images/img15618.jpg,43.0,48.06841117200138,5.068411172001383,validation
img15621,8190,images/img15621.jpg,51.0,57.17989060713584,6.179890607135839,validation
img15622,8190,images/img15622.jpg,51.0,54.209710498822304,3.2097104988223037,validation
img15636,8198,images/img15636.jpg,71.0,66.37128138622137,4.628718613778631,validation
img15637,8198,images/img15637.jpg,71.0,69.90753827269654,1.0924617273034585,validation
img15640,8200,images/img15640.jpg,60.0,60.35444879299014,0.3544487929901407,validation
img15641,8200,images/img15641.jpg,60.0,62.709392176256586,2.7093921762565856,validation
img15734,8249,images/img15734.jpg,68.0,66.17711128600438,1.822888713995624,validation
img15735,8249,images/img15735.jpg,68.0,68.59841313370104,0.5984131337010439,validation
img15751,8259,images/img15751.jpg,76.0,70.7698795793905,5.230120420609495,validation
img15752,8259,images/img15752.jpg,76.0,66.27200202792228,9.727997972077716,validation
img15771,8270,images/img15771.jpg,45.0,53.82372274509164,8.823722745091636,validation
img15772,8270,images/img15772.jpg,45.0,49.302238930807626,4.302238930807626,validation
img15788,8279,images/img15788.jpg,74.0,76.67460805359192,2.6746080535919248,validation
img15789,8279,images/img15789.jpg,74.0,77.08172638445615,3.0817263844561467,validation
img15798,8284,images/img15798.jpg,58.0,66.38144369423327,8.381443694233269,validation
img15799,8284,images/img15799.jpg,58.0,61.6693230848816,3.669323084881604,validation
img15802,8286,images/img15802.jpg,59.0,56.90665902114744,2.093340978852559,validation
img15803,8286,images/img15803.jpg,59.0,60.85083822286518,1.8508382228651783,validation
img15812,8291,images/img15812.jpg,70.0,69.98364324991118,0.0163567500888177,validation
img15813,8291,images/img15813.jpg,70.0,74.12520910282772,4.125209102827725,validation
img15814,8292,images/img15814.jpg,48.0,61.42072716163115,13.420727161631149,validation
img15815,8292,images/img15815.jpg,48.0,54.833767603907006,6.833767603907006,validation
img15816,8293,images/img15816.jpg,68.0,61.06154606703103,6.938453932968969,validation
img15817,8293,images/img15817.jpg,68.0,67.01665937996015,0.9833406200398542,validation
img15818,8294,images/img15818.jpg,73.0,67.69162836126412,5.308371638735878,validation
img15819,8294,images/img15819.jpg,73.0,73.69318559212236,0.6931855921223615,validation
img15829,8300,images/img15829.jpg,15.0,13.696176563714978,1.3038234362850218,validation
img15830,8300,images/img15830.jpg,15.0,17.189397417210586,2.1893974172105857,validation
img15886,8330,images/img15886.jpg,71.0,69.84217253641268,1.1578274635873242,validation
img15887,8330,images/img15887.jpg,71.0,70.58680971215752,0.4131902878424824,validation
img15917,8346,images/img15917.jpg,60.0,59.67995313661394,0.3200468633860609,validation
img15918,8346,images/img15918.jpg,60.0,58.73902298744484,1.2609770125551591,validation
img15962,8369,images/img15962.jpg,73.0,62.37263675867885,10.627363241321149,validation
img15963,8369,images/img15963.jpg,73.0,73.60268782902737,0.6026878290273743,validation
img15971,8373,images/img15971.jpg,75.0,67.6588457022676,7.341154297732402,validation
img15972,8373,images/img15972.jpg,75.0,75.5821675765861,0.5821675765861016,validation
img15975,8375,images/img15975.jpg,73.0,68.58964571643257,4.410354283567429,validation
img15977,8377,images/img15977.jpg,67.0,62.59321326399759,4.4067867360024096,validation
img15978,8377,images/img15978.jpg,67.0,58.63193404048979,8.368065959510204,validation
img15985,8381,images/img15985.jpg,89.0,84.95208821616274,4.0479117838372645,validation
img15986,8381,images/img15986.jpg,89.0,82.86068348233778,6.139316517662223,validation
img15991,8384,images/img15991.jpg,73.0,65.3256362763566,7.6743637236433955,validation
img15992,8384,images/img15992.jpg,73.0,65.35679228989275,7.643207710107248,validation
img15994,8386,images/img15994.jpg,70.0,76.1832117109304,6.183211710930394,validation
img15995,8386,images/img15995.jpg,70.0,65.12562759318814,4.874372406811858,validation
img16010,8395,images/img16010.jpg,54.0,54.0234246940759,0.0234246940758993,validation
img16011,8395,images/img16011.jpg,54.0,55.96362256241704,1.9636225624170365,validation
img16045,8413,images/img16045.jpg,59.0,68.96579289222899,9.96579289222899,validation
img16046,8413,images/img16046.jpg,59.0,66.92696539675404,7.926965396754042,validation
img16053,8417,images/img16053.jpg,43.0,45.71364801210894,2.713648012108941,validation
img16054,8417,images/img16054.jpg,43.0,45.05371527684058,2.0537152768405775,validation
img16069,8425,images/img16069.jpg,65.0,62.44261904892433,2.557380951075672,validation
img16070,8425,images/img16070.jpg,65.0,58.314002218164696,6.6859977818353045,validation
img16096,8439,images/img16096.jpg,80.0,85.3771143703319,5.3771143703318955,validation
img16097,8439,images/img16097.jpg,80.0,85.97296719901655,5.972967199016551,validation
img16100,8441,images/img16100.jpg,80.0,81.94127271292149,1.9412727129214888,validation
img16101,8441,images/img16101.jpg,80.0,82.98445904156573,2.984459041565728,validation
img16138,8460,images/img16138.jpg,67.0,55.05716960820426,11.942830391795738,validation
img16139,8460,images/img16139.jpg,67.0,57.79685683583973,9.203143164160268,validation
img16142,8462,images/img16142.jpg,62.0,58.459327285258674,3.5406727147413264,validation
img16143,8462,images/img16143.jpg,62.0,69.39281159165868,7.392811591658685,validation
img16158,8470,images/img16158.jpg,48.0,50.62921300014468,2.6292130001446807,validation
img16167,8475,images/img16167.jpg,45.0,51.22611608667602,6.226116086676022,validation
img16168,8475,images/img16168.jpg,45.0,55.96845369398129,10.968453693981289,validation
img16179,8481,images/img16179.jpg,62.0,61.75507123954219,0.2449287604578103,validation
img16180,8481,images/img16180.jpg,62.0,58.79336347021193,3.206636529788071,validation
img16183,8483,images/img16183.jpg,79.0,76.62039162776156,2.3796083722384367,validation
img16184,8483,images/img16184.jpg,79.0,78.99523728816173,0.0047627118382678,validation
img16207,8495,images/img16207.jpg,49.0,55.75389122356736,6.753891223567358,validation
img16208,8495,images/img16208.jpg,49.0,52.07255574795601,3.0725557479560095,validation
img16211,8497,images/img16211.jpg,49.0,53.34190741508137,4.341907415081373,validation
img16233,8508,images/img16233.jpg,19.0,21.119782918991305,2.119782918991305,validation
img16234,8508,images/img16234.jpg,19.0,21.949811619785244,2.949811619785244,validation
img16241,8512,images/img16241.jpg,22.0,23.970695301810984,1.9706953018109843,validation
img16242,8512,images/img16242.jpg,22.0,26.414002941513452,4.414002941513452,validation
img00003,2,images/img00003.jpg,18.0,18.398836400215583,0.3988364002155862,test
img00004,2,images/img00004.jpg,18.0,20.6040070707172,2.604007070717202,test
img00009,5,images/img00009.jpg,23.0,21.163507672459097,1.8364923275409024,test
img00010,5,images/img00010.jpg,23.0,24.23166310980998,1.231663109809979,test
img00051,26,images/img00051.jpg,13.0,18.79365482661982,5.793654826619822,test
img00052,26,images/img00052.jpg,13.0,16.45998843493753,3.4599884349375287,test
img00068,35,images/img00068.jpg,20.0,22.008390487346414,2.008390487346418,test
img00069,35,images/img00069.jpg,20.0,22.54414631874758,2.544146318747579,test
img00110,56,images/img00110.jpg,15.0,18.679511538733465,3.6795115387334647,test
img00111,56,images/img00111.jpg,15.0,19.06046176287549,4.060461762875491,test
img00128,65,images/img00128.jpg,30.0,32.45991966111132,2.4599196611113214,test
img00129,65,images/img00129.jpg,30.0,35.1174057400291,5.117405740029099,test
img00156,79,images/img00156.jpg,20.0,28.760852632106225,8.760852632106225,test
img00157,79,images/img00157.jpg,20.0,27.00017114955573,7.0001711495557295,test
img00164,83,images/img00164.jpg,22.0,21.97460773858311,0.0253922614168899,test
img00165,83,images/img00165.jpg,22.0,22.381104421500694,0.3811044215006944,test
img00217,110,images/img00217.jpg,22.0,29.414952782780507,7.414952782780507,test
img00218,110,images/img00218.jpg,22.0,27.740924661549737,5.740924661549734,test
img00221,112,images/img00221.jpg,26.0,33.95114620527555,7.951146205275549,test
img00222,112,images/img00222.jpg,26.0,37.1954439523909,11.195443952390905,test
img00225,114,images/img00225.jpg,13.0,18.95489503543189,5.954895035431889,test
img00226,114,images/img00226.jpg,13.0,19.638092672450597,6.638092672450597,test
img00231,117,images/img00231.jpg,19.0,25.28986278167077,6.28986278167077,test
img00232,117,images/img00232.jpg,19.0,28.661201375649583,9.661201375649584,test
img00273,138,images/img00273.jpg,13.0,16.95708867016208,3.9570886701620793,test
img00274,138,images/img00274.jpg,13.0,14.44226752316662,1.4422675231666204,test
img00287,145,images/img00287.jpg,15.0,18.79276925094847,3.7927692509484743,test
img00288,145,images/img00288.jpg,15.0,18.761935512795183,3.761935512795183,test
img00291,147,images/img00291.jpg,10.0,16.35623648325393,6.35623648325393,test
img00292,147,images/img00292.jpg,10.0,15.45183687583333,5.4518368758333295,test
img00293,148,images/img00293.jpg,19.0,19.750901053167325,0.7509010531673255,test
img00294,148,images/img00294.jpg,19.0,19.984444371225656,0.9844443712256564,test
img00299,151,images/img00299.jpg,23.0,28.927857807665543,5.927857807665543,test
img00300,151,images/img00300.jpg,23.0,27.84562544430978,4.845625444309778,test
img00305,154,images/img00305.jpg,28.0,26.35502272931305,1.644977270686951,test
img00306,154,images/img00306.jpg,28.0,26.85081423201836,1.1491857679816384,test
img00311,157,images/img00311.jpg,25.0,23.112910565504833,1.8870894344951663,test
img00312,157,images/img00312.jpg,25.0,24.411151412381976,0.588848587618024,test
img00317,160,images/img00317.jpg,24.0,25.301852952767867,1.3018529527678666,test
img00318,160,images/img00318.jpg,24.0,26.761486693917657,2.7614866939176537,test
img00344,174,images/img00344.jpg,76.0,80.63872177361432,4.638721773614321,test
img00345,174,images/img00345.jpg,76.0,79.06991138448868,3.0699113844886767,test
img00394,202,images/img00394.jpg,74.0,65.65166935746525,8.348330642534748,test
img00395,202,images/img00395.jpg,74.0,68.73858602078465,5.261413979215348,test
img00424,218,images/img00424.jpg,38.0,38.432196183072435,0.4321961830724348,test
img00425,218,images/img00425.jpg,38.0,37.22314327616061,0.7768567238393871,test
img00427,220,images/img00427.jpg,49.0,55.674588031258814,6.674588031258814,test
img00428,220,images/img00428.jpg,49.0,47.42848786634177,1.5715121336582314,test
img00441,227,images/img00441.jpg,41.0,39.934287388367224,1.065712611632776,test
img00442,227,images/img00442.jpg,41.0,36.31388827109363,4.6861117289063685,test
img00451,232,images/img00451.jpg,60.0,72.9356006893205,12.935600689320497,test
img00452,232,images/img00452.jpg,60.0,66.29809270130376,6.298092701303759,test
img00463,238,images/img00463.jpg,49.0,42.502158008030065,6.497841991969935,test
img00464,238,images/img00464.jpg,49.0,42.55200762968791,6.447992370312093,test
img00478,246,images/img00478.jpg,59.0,57.320474654352566,1.6795253456474342,test
img00479,246,images/img00479.jpg,59.0,58.42070876983678,0.5792912301632214,test
img00482,248,images/img00482.jpg,37.0,62.34827197630712,25.348271976307117,test
img00483,248,images/img00483.jpg,37.0,63.007252063362515,26.007252063362515,test
img00487,251,images/img00487.jpg,64.0,65.996203008649,1.9962030086490048,test
img00488,251,images/img00488.jpg,64.0,58.67030035224913,5.329699647750871,test
img00495,255,images/img00495.jpg,87.0,70.03810615369935,16.961893846300654,test
img00509,264,images/img00509.jpg,57.0,60.65098413372555,3.650984133725551,test
img00510,264,images/img00510.jpg,57.0,59.97090782376523,2.9709078237652307,test
img00526,273,images/img00526.jpg,51.0,67.33895984686288,16.338959846862878,test
img00527,273,images/img00527.jpg,51.0,53.55196143829282,2.551961438292821,test
img00530,275,images/img00530.jpg,77.0,79.52291169625659,2.5229116962565854,test
img00531,275,images/img00531.jpg,77.0,82.88029702035945,5.88029702035945,test
img00546,283,images/img00546.jpg,53.0,59.313943730094685,6.313943730094685,test
img00547,283,images/img00547.jpg,53.0,56.37968935188156,3.3796893518815594,test
img00575,298,images/img00575.jpg,75.0,76.03346217363725,1.033462173637247,test
img00576,298,images/img00576.jpg,75.0,81.85106614281202,6.851066142812016,test
img00593,307,images/img00593.jpg,11.0,13.990680642519491,2.990680642519493,test
img00594,307,images/img00594.jpg,11.0,14.363721759803582,3.363721759803582,test
img00609,316,images/img00609.jpg,62.0,62.78226458414872,0.7822645841487201,test
img00610,316,images/img00610.jpg,62.0,67.84628891733571,5.846288917335713,test
img00611,317,images/img00611.jpg,78.0,73.68667137600785,4.313328623992149,test
img00635,329,images/img00635.jpg,68.0,73.02743881263729,5.0274388126372855,test
img00636,329,images/img00636.jpg,68.0,62.995958792331905,5.004041207668095,test
img00645,334,images/img00645.jpg,68.0,68.75793454047118,0.757934540471183,test
img00646,334,images/img00646.jpg,68.0,67.17619169283459,0.8238083071654074,test
img00651,337,images/img00651.jpg,30.0,31.603258253550848,1.6032582535508482,test
img00652,337,images/img00652.jpg,30.0,28.30620331736408,1.69379668263592,test
img00655,339,images/img00655.jpg,52.0,50.246998758511154,1.753001241488846,test
img00656,339,images/img00656.jpg,52.0,46.205458786734894,5.794541213265106,test
img00669,346,images/img00669.jpg,49.0,57.59280682754975,8.592806827549751,test
img00670,346,images/img00670.jpg,49.0,66.50872883783366,17.508728837833658,test
img00677,350,images/img00677.jpg,77.0,76.68991368040443,0.3100863195955696,test
img00678,350,images/img00678.jpg,77.0,79.80213196045725,2.8021319604572454,test
img00695,360,images/img00695.jpg,75.0,72.06206317592444,2.937936824075564,test
img00707,366,images/img00707.jpg,74.0,72.95856458259144,1.0414354174085645,test
img00722,374,images/img00722.jpg,9.0,14.128577425630048,5.1285774256300485,test
img00723,374,images/img00723.jpg,9.0,14.372752014186332,5.372752014186332,test
img00753,390,images/img00753.jpg,47.0,51.46003675594406,4.46003675594406,test
img00754,390,images/img00754.jpg,47.0,55.27755225751859,8.277552257518593,test
img00784,406,images/img00784.jpg,78.0,77.19306898475133,0.8069310152486651,test
img00785,406,images/img00785.jpg,78.0,80.67320687549628,2.673206875496277,test
img00794,411,images/img00794.jpg,68.0,65.87062139854449,2.129378601455514,test
img00808,418,images/img00808.jpg,80.0,78.94242338734782,1.0575766126521842,test
img00809,418,images/img00809.jpg,80.0,80.10147616836208,0.1014761683620832,test
img00813,421,images/img00813.jpg,84.0,72.12345145596024,11.876548544039764,test
img00814,421,images/img00814.jpg,84.0,73.66854106817465,10.331458931825352,test
img00821,425,images/img00821.jpg,57.0,54.19623028122152,2.803769718778476,test
img00822,425,images/img00822.jpg,57.0,55.70826158265255,1.291738417347453,test
img00860,446,images/img00860.jpg,69.0,62.357748835662065,6.642251164337935,test
img00861,446,images/img00861.jpg,69.0,66.57009312443995,2.42990687556005,test
img00896,464,images/img00896.jpg,77.0,77.19338744299769,0.1933874429976896,test
img00897,464,images/img00897.jpg,77.0,67.68019331087727,9.319806689122728,test
img00898,465,images/img00898.jpg,84.0,81.52928153464396,2.4707184653560432,test
img00899,465,images/img00899.jpg,84.0,81.22813781952517,2.7718621804748267,test
img00910,471,images/img00910.jpg,54.0,58.221238575569465,4.2212385755694655,test
img00911,471,images/img00911.jpg,54.0,52.41168269791965,1.5883173020803485,test
img00927,480,images/img00927.jpg,62.0,63.88713802008733,1.8871380200873276,test
img00928,480,images/img00928.jpg,62.0,62.22309062023141,0.2230906202314102,test
img00929,481,images/img00929.jpg,65.0,57.5512482990539,7.448751700946097,test
img00934,484,images/img00934.jpg,59.0,55.239912019654824,3.760087980345176,test
img00935,484,images/img00935.jpg,59.0,59.46367499966308,0.4636749996630769,test
img00982,509,images/img00982.jpg,73.0,54.42539234451909,18.57460765548091,test
img00983,509,images/img00983.jpg,73.0,74.48970746859247,1.4897074685924707,test
img01004,520,images/img01004.jpg,43.0,49.223935828265866,6.223935828265866,test
img01009,523,images/img01009.jpg,88.0,81.78900822797054,6.210991772029459,test
img01022,531,images/img01022.jpg,46.0,48.58257182622466,2.582571826224658,test
img01023,531,images/img01023.jpg,46.0,47.156961858743806,1.1569618587438055,test
img01047,544,images/img01047.jpg,78.0,80.9627552204946,2.9627552204946,test
img01056,549,images/img01056.jpg,78.0,77.03833753900162,0.961662460998383,test
img01057,549,images/img01057.jpg,78.0,76.26911691349329,1.730883086506708,test
img01145,596,images/img01145.jpg,77.0,74.67736662452626,2.3226333754737425,test
img01146,596,images/img01146.jpg,77.0,76.04944834135976,0.9505516586402364,test
img01194,622,images/img01194.jpg,61.0,62.71909642788675,1.7190964278867469,test
img01195,622,images/img01195.jpg,61.0,66.2380262411124,5.238026241112394,test
img01196,623,images/img01196.jpg,68.0,65.16385676068558,2.836143239314424,test
img01267,661,images/img01267.jpg,29.0,43.49120098174293,14.491200981742928,test
img01268,661,images/img01268.jpg,29.0,41.05662149733335,12.056621497333351,test
img01308,684,images/img01308.jpg,55.0,66.58592060834451,11.585920608344509,test
img01309,684,images/img01309.jpg,55.0,60.03365854888408,5.033658548884084,test
img01341,701,images/img01341.jpg,61.0,67.93508969059742,6.935089690597422,test
img01354,708,images/img01354.jpg,63.0,64.97265203023508,1.972652030235082,test
img01355,708,images/img01355.jpg,63.0,61.52872376911881,1.4712762308811875,test
img01393,728,images/img01393.jpg,65.0,71.83282340663354,6.832823406633537,test
img01396,730,images/img01396.jpg,76.0,80.73285890372323,4.732858903723226,test
img01397,730,images/img01397.jpg,76.0,80.25127587373512,4.251275873735125,test
img01405,735,images/img01405.jpg,72.0,71.52546866510053,0.4745313348994671,test
img01406,735,images/img01406.jpg,72.0,72.70843307985174,0.7084330798517442,test
img01473,772,images/img01473.jpg,91.0,87.01921159931408,3.980788400685924,test
img01474,772,images/img01474.jpg,91.0,82.97720648218828,8.02279351781172,test
img01479,775,images/img01479.jpg,43.0,54.16537582147002,11.165375821470022,test
img01480,775,images/img01480.jpg,43.0,53.41278482383949,10.412784823839488,test
img01535,804,images/img01535.jpg,43.0,37.81587695900774,5.184123040992262,test
img01536,804,images/img01536.jpg,43.0,44.68680666201956,1.6868066620195634,test
img01541,807,images/img01541.jpg,43.0,39.98430714525256,3.015692854747442,test
img01542,807,images/img01542.jpg,43.0,46.28914568767768,3.2891456876776815,test
img01551,812,images/img01551.jpg,19.0,42.83584771968148,23.83584771968148,test
img01552,812,images/img01552.jpg,19.0,41.16500854335592,22.165008543355924,test
img01586,830,images/img01586.jpg,44.0,42.44242091218936,1.5575790878106377,test
img01587,830,images/img01587.jpg,44.0,40.06756434568486,3.9324356543151424,test
img01620,848,images/img01620.jpg,49.0,50.98185861172685,1.9818586117268495,test
img01621,848,images/img01621.jpg,49.0,44.23398521036262,4.7660147896373815,test
img01637,857,images/img01637.jpg,60.0,55.04002684811787,4.959973151882124,test
img01643,860,images/img01643.jpg,80.0,72.71379670195975,7.286203298040249,test
img01644,860,images/img01644.jpg,80.0,77.74508145526232,2.254918544737677,test
img01700,892,images/img01700.jpg,31.0,27.9719377634042,3.028062236595801,test
img01701,892,images/img01701.jpg,31.0,31.92744874833345,0.9274487483334504,test
img01704,894,images/img01704.jpg,28.0,41.02202733440812,13.022027334408122,test
img01720,902,images/img01720.jpg,8.0,14.628268951242696,6.628268951242696,test
img01721,902,images/img01721.jpg,8.0,17.755742690028114,9.755742690028114,test
img01728,906,images/img01728.jpg,28.0,32.87266772302914,4.872667723029139,test
img01729,906,images/img01729.jpg,28.0,31.780560972815714,3.7805609728157137,test
img01744,915,images/img01744.jpg,58.0,49.652817290314616,8.347182709685384,test
img01745,915,images/img01745.jpg,58.0,47.91760265197809,10.082397348021908,test
img01757,923,images/img01757.jpg,35.0,32.885962264203755,2.114037735796245,test
img01778,935,images/img01778.jpg,59.0,64.35755483516023,5.357554835160229,test
img01779,935,images/img01779.jpg,59.0,66.72668351567219,7.726683515672192,test
img01782,937,images/img01782.jpg,84.0,82.70098321545669,1.299016784543312,test
img01783,937,images/img01783.jpg,84.0,81.46152627090206,2.5384737290979444,test
img01808,950,images/img01808.jpg,71.0,87.51422876861218,16.514228768612185,test
img01819,957,images/img01819.jpg,25.0,27.143555884363632,2.143555884363632,test
img01820,957,images/img01820.jpg,25.0,31.60811365119723,6.608113651197229,test
img01823,959,images/img01823.jpg,32.0,46.96426190139008,14.96426190139008,test
img01838,967,images/img01838.jpg,25.0,29.94418676379412,4.9441867637941215,test
img01842,969,images/img01842.jpg,82.0,70.63700178549124,11.362998214508764,test
img01843,969,images/img01843.jpg,82.0,72.7699631392438,9.2300368607562,test
img01894,999,images/img01894.jpg,54.0,54.91581913450595,0.915819134505952,test
img01895,999,images/img01895.jpg,54.0,58.191170854918845,4.191170854918845,test
img01958,1033,images/img01958.jpg,47.0,56.33352742491244,9.33352742491244,test
img01959,1033,images/img01959.jpg,47.0,52.19886861235565,5.198868612355653,test
img01963,1036,images/img01963.jpg,34.0,59.37298174464802,25.372981744648023,test
img01964,1036,images/img01964.jpg,34.0,44.33513387494336,10.33513387494336,test
img01965,1037,images/img01965.jpg,59.0,49.522789806781205,9.477210193218797,test
img02032,1072,images/img02032.jpg,78.0,73.80488045958731,4.195119540412691,test
img02041,1077,images/img02041.jpg,60.0,67.56707955923937,7.5670795592393745,test
img02042,1077,images/img02042.jpg,60.0,61.40901727741525,1.409017277415252,test
img02050,1082,images/img02050.jpg,56.0,57.6385525503125,1.6385525503124967,test
img02051,1082,images/img02051.jpg,56.0,56.10648680339593,0.1064868033959314,test
img02059,1087,images/img02059.jpg,62.0,62.19312882511906,0.1931288251190608,test
img02075,1096,images/img02075.jpg,64.0,76.04477834748695,12.044778347486954,test
img02091,1105,images/img02091.jpg,71.0,71.50461292179601,0.50461292179601,test
img02092,1105,images/img02092.jpg,71.0,65.63604418179597,5.363955818204033,test
img02099,1109,images/img02099.jpg,52.0,49.126428166614694,2.8735718333853058,test
img02100,1109,images/img02100.jpg,54.0,57.11874157976371,3.1187415797637073,test
img02114,1117,images/img02114.jpg,42.0,41.758684513616906,0.2413154863830939,test
img02115,1117,images/img02115.jpg,42.0,47.918573295263194,5.918573295263194,test
img02167,1144,images/img02167.jpg,40.0,51.05008938161741,11.050089381617411,test
img02217,1170,images/img02217.jpg,56.0,55.05974808391977,0.9402519160802284,test
img02218,1170,images/img02218.jpg,56.0,63.140230738726814,7.140230738726814,test
img02259,1192,images/img02259.jpg,38.0,35.973081235758414,2.026918764241586,test
img02260,1192,images/img02260.jpg,38.0,37.905400806986336,0.0945991930136642,test
img02261,1193,images/img02261.jpg,42.0,43.54365716233493,1.5436571623349238,test
img02262,1193,images/img02262.jpg,42.0,47.73178226523384,5.731782265233839,test
img02275,1200,images/img02275.jpg,33.0,44.95421561523408,11.954215615234084,test
img02276,1200,images/img02276.jpg,33.0,50.04141542011595,17.041415420115953,test
img02284,1205,images/img02284.jpg,36.0,36.54751229432397,0.5475122943239725,test
img02285,1205,images/img02285.jpg,36.0,36.85010652131825,0.8501065213182528,test
img02303,1215,images/img02303.jpg,47.0,59.35163522664879,12.351635226648789,test
img02311,1219,images/img02311.jpg,31.0,39.65745337979331,8.65745337979331,test
img02312,1219,images/img02312.jpg,31.0,32.37679333393095,1.376793333930948,test
img02314,1221,images/img02314.jpg,17.0,24.953182616212892,7.953182616212892,test
img02315,1221,images/img02315.jpg,17.0,23.49449552491869,6.49449552491869,test
img02321,1225,images/img02321.jpg,51.0,51.25478932556213,0.2547893255621289,test
img02322,1225,images/img02322.jpg,51.0,55.14235746175505,4.142357461755047,test
img02381,1255,images/img02381.jpg,28.0,27.129264525253536,0.8707354747464642,test
img02382,1255,images/img02382.jpg,28.0,28.602181901473603,0.6021819014736032,test
img02390,1260,images/img02390.jpg,63.0,58.02888202417574,4.9711179758242565,test
img02391,1260,images/img02391.jpg,63.0,53.06696016255603,9.933039837443973,test
img02414,1272,images/img02414.jpg,60.0,61.68551701389154,1.6855170138915412,test
img02415,1272,images/img02415.jpg,60.0,56.0443738127276,3.955626187272401,test
img02444,1287,images/img02444.jpg,34.0,38.41015494622757,4.410154946227571,test
img02473,1302,images/img02473.jpg,78.0,79.32842095657237,1.3284209565723728,test
img02474,1302,images/img02474.jpg,78.0,81.68756182674167,3.687561826741671,test
img02525,1329,images/img02525.jpg,59.0,64.63103249012751,5.6310324901275095,test
img02526,1329,images/img02526.jpg,59.0,61.454361587375615,2.4543615873756153,test
img02552,1343,images/img02552.jpg,82.0,74.37144930754354,7.628550692456457,test
img02563,1349,images/img02563.jpg,68.0,69.59981163300597,1.5998116330059702,test
img02564,1349,images/img02564.jpg,68.0,68.98233636188262,0.9823363618826164,test
img02567,1351,images/img02567.jpg,79.0,83.0602041173376,4.060204117337605,test
img02568,1351,images/img02568.jpg,79.0,76.34721116413719,2.6527888358628076,test
img02584,1360,images/img02584.jpg,78.0,75.20657224966862,2.793427750331375,test
img02628,1384,images/img02628.jpg,74.0,83.52406254657346,9.52406254657346,test
img02629,1384,images/img02629.jpg,74.0,79.46725784587592,5.4672578458759205,test
img02632,1386,images/img02632.jpg,51.0,51.48043062573033,0.4804306257303281,test
img02633,1386,images/img02633.jpg,51.0,57.53447900487756,6.534479004877561,test
img02691,1419,images/img02691.jpg,42.0,48.2827166673321,6.282716667332103,test
img02713,1430,images/img02713.jpg,49.0,48.32676260557233,0.673237394427673,test
img02714,1430,images/img02714.jpg,49.0,52.40700397916337,3.4070039791633704,test
img02737,1444,images/img02737.jpg,60.0,67.26361938756153,7.263619387561533,test
img02748,1450,images/img02748.jpg,61.0,64.17556848939213,3.175568489392134,test
img02749,1450,images/img02749.jpg,61.0,57.07941130470817,3.9205886952918334,test
img02780,1468,images/img02780.jpg,75.0,71.58021839943248,3.419781600567518,test
img02781,1468,images/img02781.jpg,75.0,80.93872034777877,5.938720347778769,test
img02813,1485,images/img02813.jpg,64.0,66.43431648801055,2.434316488010552,test
img02826,1492,images/img02826.jpg,67.0,63.60438854052645,3.3956114594735496,test
img02827,1492,images/img02827.jpg,67.0,64.08395230529841,2.9160476947015894,test
img02840,1499,images/img02840.jpg,74.0,76.82186009299419,2.8218600929941857,test
img02858,1510,images/img02858.jpg,58.0,59.4282991417102,1.4282991417101982,test
img02859,1510,images/img02859.jpg,58.0,60.32187225936539,2.321872259365392,test
img02866,1514,images/img02866.jpg,47.0,46.61803344159392,0.3819665584060772,test
img02867,1514,images/img02867.jpg,47.0,49.94648050847552,2.946480508475517,test
img02888,1526,images/img02888.jpg,75.0,72.49038733604208,2.509612663957924,test
img02899,1532,images/img02899.jpg,70.0,56.03862261493706,13.96137738506294,test
img02902,1534,images/img02902.jpg,63.0,65.87893403126253,2.8789340312625313,test
img02913,1540,images/img02913.jpg,72.0,82.3607738346386,10.360773834638591,test
img02914,1540,images/img02914.jpg,72.0,71.28145003383612,0.7185499661638772,test
img02939,1554,images/img02939.jpg,74.0,76.55865217116641,2.5586521711664147,test
img02940,1554,images/img02940.jpg,74.0,78.10983175203702,4.109831752037024,test
img02951,1560,images/img02951.jpg,59.0,57.372956600616035,1.6270433993839646,test
img02952,1560,images/img02952.jpg,59.0,63.010159085470875,4.010159085470875,test
img02955,1562,images/img02955.jpg,59.0,49.08653036515524,9.91346963484476,test
img02956,1562,images/img02956.jpg,59.0,55.79751277802296,3.2024872219770373,test
img02974,1573,images/img02974.jpg,80.0,73.47773659175296,6.522263408247042,test
img02975,1573,images/img02975.jpg,80.0,74.12172569310567,5.878274306894326,test
img02976,1574,images/img02976.jpg,58.0,54.61419773201765,3.3858022679823563,test
img02977,1574,images/img02977.jpg,58.0,58.95779262392921,0.9577926239292084,test
img02978,1575,images/img02978.jpg,77.0,76.79992573597173,0.2000742640282737,test
img02979,1575,images/img02979.jpg,77.0,76.60018916010623,0.3998108398937745,test
img02998,1586,images/img02998.jpg,66.0,54.54395887566787,11.456041124332131,test
img02999,1586,images/img02999.jpg,66.0,50.28133008432211,15.718669915677893,test
img03007,1591,images/img03007.jpg,49.0,49.48585301264653,0.4858530126465297,test
img03008,1591,images/img03008.jpg,49.0,43.06000306313513,5.939996936864873,test
img03037,1607,images/img03037.jpg,74.0,69.12344499271747,4.876555007282533,test
img03052,1615,images/img03052.jpg,74.0,62.58865233116804,11.411347668831958,test
img03053,1615,images/img03053.jpg,74.0,66.08730387931328,7.912696120686718,test
img03062,1622,images/img03062.jpg,43.0,43.9311226932019,0.9311226932018996,test
img03088,1637,images/img03088.jpg,61.0,53.924932211204,7.075067788795998,test
img03089,1637,images/img03089.jpg,61.0,53.59241108863122,7.407588911368776,test
img03126,1658,images/img03126.jpg,53.0,61.8074112701231,8.807411270123097,test
img03127,1658,images/img03127.jpg,53.0,54.14688833872011,1.1468883387201103,test
img03133,1662,images/img03133.jpg,69.0,70.87636896326018,1.8763689632601768,test
img03153,1673,images/img03153.jpg,46.0,55.3720691927107,9.372069192710695,test
img03154,1673,images/img03154.jpg,46.0,55.69427055039036,9.694270550390357,test
img03159,1676,images/img03159.jpg,66.0,40.975666575524485,25.024333424475515,test
img03160,1676,images/img03160.jpg,66.0,48.099729141186785,17.900270858813215,test
img03161,1677,images/img03161.jpg,72.0,75.36108775455266,3.3610877545526563,test
img03162,1677,images/img03162.jpg,72.0,65.42579194013837,6.574208059861633,test
img03197,1697,images/img03197.jpg,78.0,75.24663473330341,2.7533652666965907,test
img03198,1697,images/img03198.jpg,78.0,77.133877194127,0.8661228058730046,test
img03205,1701,images/img03205.jpg,74.0,70.74203193260195,3.2579680673980533,test
img03206,1701,images/img03206.jpg,74.0,67.69031744752402,6.3096825524759765,test
img03207,1702,images/img03207.jpg,68.0,80.5738479026356,12.573847902635606,test
img03208,1702,images/img03208.jpg,68.0,81.44334797620982,13.443347976209822,test
img03223,1711,images/img03223.jpg,71.0,68.22278399786016,2.7772160021398378,test
img03224,1711,images/img03224.jpg,71.0,56.6093792024654,14.390620797534602,test
img03259,1730,images/img03259.jpg,55.0,61.20077612139556,6.200776121395563,test
img03260,1730,images/img03260.jpg,55.0,48.69039557195873,6.309604428041268,test
img03275,1737,images/img03275.jpg,53.0,58.82387166115106,5.82387166115106,test
img03276,1737,images/img03276.jpg,53.0,65.14246389174295,12.142463891742947,test
img03346,1777,images/img03346.jpg,56.0,45.89455628946431,10.105443710535688,test
img03347,1777,images/img03347.jpg,56.0,53.35613688204941,2.6438631179505876,test
img03377,1793,images/img03377.jpg,68.0,70.24669630505751,2.2466963050575117,test
img03378,1793,images/img03378.jpg,68.0,64.0846726534892,3.915327346510793,test
img03444,1828,images/img03444.jpg,78.0,67.21505777682472,10.784942223175278,test
img03472,1846,images/img03472.jpg,67.0,82.02205422767156,15.02205422767156,test
img03473,1846,images/img03473.jpg,67.0,72.92917263143016,5.929172631430163,test
img03479,1850,images/img03479.jpg,63.0,61.05682699568874,1.9431730043112625,test
img03480,1850,images/img03480.jpg,63.0,65.12779245489706,2.1277924548970617,test
img03491,1856,images/img03491.jpg,33.0,51.701697487452975,18.701697487452975,test
img03492,1856,images/img03492.jpg,33.0,37.93037796711602,4.930377967116023,test
img03524,1875,images/img03524.jpg,81.0,81.42754939348173,0.4275493934817262,test
img03534,1880,images/img03534.jpg,61.0,67.35192393307638,6.351923933076378,test
img03535,1880,images/img03535.jpg,61.0,64.8845492476503,3.8845492476502983,test
img03554,1890,images/img03554.jpg,57.0,58.19438965528465,1.1943896552846525,test
img03555,1890,images/img03555.jpg,57.0,56.3556919007362,0.6443080992638031,test
img03562,1894,images/img03562.jpg,19.0,17.21715999638539,1.7828400036146093,test
img03563,1894,images/img03563.jpg,19.0,16.99024322731615,2.0097567726838506,test
img03570,1898,images/img03570.jpg,56.0,61.63967484026866,5.639674840268661,test
img03571,1898,images/img03571.jpg,56.0,62.506125839725655,6.506125839725655,test
img03593,1910,images/img03593.jpg,8.0,14.577376706011194,6.577376706011194,test
img03594,1910,images/img03594.jpg,8.0,13.64066449269056,5.640664492690561,test
img03614,1921,images/img03614.jpg,58.0,57.78737138792763,0.2126286120723719,test
img03615,1921,images/img03615.jpg,58.0,54.37484773136301,3.625152268636988,test
img03646,1937,images/img03646.jpg,66.0,66.09897995460577,0.0989799546057668,test
img03665,1947,images/img03665.jpg,71.0,70.97280619077165,0.0271938092283505,test
img03666,1947,images/img03666.jpg,71.0,70.87825353808788,0.1217464619121244,test
img03667,1948,images/img03667.jpg,72.0,64.51559901009927,7.484400989900735,test
img03668,1948,images/img03668.jpg,72.0,63.294554296174695,8.705445703825305,test
img03673,1951,images/img03673.jpg,73.0,77.90109764010175,4.901097640101753,test
img03674,1951,images/img03674.jpg,73.0,74.27897317712363,1.278973177123632,test
img03710,1970,images/img03710.jpg,68.0,65.53761986207611,2.462380137923887,test
img03711,1970,images/img03711.jpg,68.0,68.86267458520679,0.8626745852067899,test
img03723,1977,images/img03723.jpg,68.0,53.2074986767872,14.792501323212804,test
img03724,1977,images/img03724.jpg,68.0,48.0394085687646,19.9605914312354,test
img03727,1979,images/img03727.jpg,50.0,62.78168710592461,12.781687105924604,test
img03728,1979,images/img03728.jpg,50.0,50.53500388974721,0.5350038897472089,test
img03775,2005,images/img03775.jpg,78.0,82.47356912803012,4.473569128030121,test
img03794,2016,images/img03794.jpg,30.0,29.477039053493236,0.522960946506764,test
img03795,2016,images/img03795.jpg,30.0,31.01762226339973,1.0176222633997298,test
img03804,2021,images/img03804.jpg,15.0,17.997622634234,2.9976226342339984,test
img03805,2021,images/img03805.jpg,15.0,18.67806320807884,3.6780632080788394,test
img03854,2046,images/img03854.jpg,32.0,28.11380218726892,3.88619781273108,test
img03855,2046,images/img03855.jpg,32.0,30.21911220411081,1.780887795889189,test
img03923,2081,images/img03923.jpg,21.0,27.628641955061564,6.628641955061564,test
img03924,2081,images/img03924.jpg,21.0,24.105584181348156,3.1055841813481564,test
img03943,2091,images/img03943.jpg,56.0,53.69856074735111,2.3014392526488905,test
img03944,2091,images/img03944.jpg,56.0,59.1485139413054,3.148513941305403,test
img03956,2098,images/img03956.jpg,60.0,53.47302796292096,6.526972037079041,test
img03957,2098,images/img03957.jpg,60.0,56.151494114732586,3.8485058852674143,test
img04035,2142,images/img04035.jpg,60.0,55.46936336736967,4.530636632630333,test
img04036,2142,images/img04036.jpg,60.0,58.015256482734806,1.9847435172651944,test
img04043,2146,images/img04043.jpg,48.0,51.77999786346865,3.779997863468651,test
img04044,2146,images/img04044.jpg,48.0,47.61374876993404,0.3862512300659588,test
img04048,2148,images/img04048.jpg,56.0,40.94832279075584,15.05167720924416,test
img04049,2149,images/img04049.jpg,36.0,41.26538614636074,5.26538614636074,test
img04050,2149,images/img04050.jpg,36.0,34.52197170575061,1.4780282942493912,test
img04163,2207,images/img04163.jpg,39.0,44.56171255477847,5.561712554778467,test
img04164,2207,images/img04164.jpg,39.0,50.33506446034123,11.33506446034123,test
img04165,2208,images/img04165.jpg,71.0,73.51872173181381,2.5187217318138124,test
img04166,2208,images/img04166.jpg,71.0,72.54648179303756,1.5464817930375574,test
img04195,2225,images/img04195.jpg,82.0,76.64138587859102,5.358614121408976,test
img04196,2225,images/img04196.jpg,82.0,80.14218429337303,1.8578157066269656,test
img04209,2233,images/img04209.jpg,75.0,76.42748881686735,1.4274888168673527,test
img04210,2233,images/img04210.jpg,75.0,76.4527713479182,1.4527713479182012,test
img04225,2241,images/img04225.jpg,58.0,56.85996085466119,1.140039145338811,test
img04226,2241,images/img04226.jpg,58.0,59.651319705008625,1.6513197050086248,test
img04233,2246,images/img04233.jpg,76.0,89.59748228006315,13.597482280063147,test
img04234,2246,images/img04234.jpg,76.0,80.90930658440885,4.909306584408853,test
img04253,2256,images/img04253.jpg,67.0,72.35526942831403,5.355269428314031,test
img04254,2256,images/img04254.jpg,67.0,70.45444232394075,3.4544423239407536,test
img04286,2273,images/img04286.jpg,45.0,44.90494947015774,0.0950505298422612,test
img04295,2278,images/img04295.jpg,50.0,42.083587177012056,7.916412822987944,test
img04296,2278,images/img04296.jpg,50.0,41.7250686282498,8.274931371750199,test
img04306,2284,images/img04306.jpg,79.0,70.39190126867759,8.608098731322414,test
img04307,2284,images/img04307.jpg,79.0,82.39221177097158,3.392211770971585,test
img04372,2320,images/img04372.jpg,27.0,37.074475624416706,10.074475624416706,test
img04373,2320,images/img04373.jpg,27.0,30.836114150306376,3.836114150306376,test
img04381,2325,images/img04381.jpg,77.0,82.5666243725898,5.5666243725898,test
img04391,2330,images/img04391.jpg,33.0,34.43153392622941,1.4315339262294131,test
img04392,2330,images/img04392.jpg,33.0,26.56343183933938,6.43656816066062,test
img04403,2336,images/img04403.jpg,78.0,75.42686901341138,2.573130986588623,test
img04473,2372,images/img04473.jpg,43.0,39.730479563756454,3.269520436243546,test
img04474,2373,images/img04474.jpg,32.0,36.053834394637235,4.053834394637235,test
img04475,2373,images/img04475.jpg,32.0,33.55245393061436,1.5524539306143623,test
img04492,2382,images/img04492.jpg,73.0,75.5132584470064,2.5132584470063932,test
img04493,2382,images/img04493.jpg,73.0,76.59165404285991,3.591654042859915,test
img04528,2400,images/img04528.jpg,74.0,72.99048674995655,1.0095132500434545,test
img04529,2400,images/img04529.jpg,74.0,77.63216401350232,3.6321640135023183,test
img04540,2406,images/img04540.jpg,68.0,65.77927841236415,2.2207215876358504,test
img04541,2406,images/img04541.jpg,68.0,64.0661017390412,3.9338982609587982,test
img04564,2419,images/img04564.jpg,58.0,61.29015982593355,3.29015982593355,test
img04565,2419,images/img04565.jpg,58.0,60.00592541619096,2.005925416190962,test
img04568,2421,images/img04568.jpg,70.0,71.45958816069243,1.4595881606924337,test
img04569,2421,images/img04569.jpg,70.0,72.84300677297387,2.8430067729738653,test
img04570,2422,images/img04570.jpg,32.0,30.782242357372738,1.2177576426272625,test
img04571,2422,images/img04571.jpg,32.0,31.70413753735471,0.2958624626452888,test
img04580,2427,images/img04580.jpg,44.0,50.05608849287749,6.0560884928774925,test
img04581,2427,images/img04581.jpg,61.0,53.8137725608089,7.1862274391911,test
img04586,2430,images/img04586.jpg,39.0,38.85226878465627,0.1477312153437324,test
img04587,2430,images/img04587.jpg,39.0,42.61175563163293,3.6117556316329313,test
img04588,2431,images/img04588.jpg,44.0,44.16990966622065,0.1699096662206471,test
img04589,2431,images/img04589.jpg,44.0,45.83226498399023,1.8322649839902283,test
img04609,2442,images/img04609.jpg,45.0,40.065312235141334,4.934687764858666,test
img04610,2442,images/img04610.jpg,45.0,44.43702742644963,0.5629725735503683,test
img04619,2447,images/img04619.jpg,37.0,47.216408852209405,10.216408852209405,test
img04625,2450,images/img04625.jpg,64.0,57.48826745513375,6.511732544866248,test
img04626,2450,images/img04626.jpg,64.0,62.270796101778565,1.729203898221435,test
img04657,2466,images/img04657.jpg,67.0,62.764591242086816,4.235408757913184,test
img04658,2466,images/img04658.jpg,67.0,62.35249318398689,4.647506816013113,test
img04705,2490,images/img04705.jpg,35.0,39.1556417074995,4.155641707499498,test
img04706,2490,images/img04706.jpg,35.0,34.367259890988684,0.6327401090113156,test
img04723,2499,images/img04723.jpg,61.0,58.87140182707115,2.1285981729288466,test
img04829,2552,images/img04829.jpg,58.0,59.06401644415852,1.0640164441585185,test
img04830,2552,images/img04830.jpg,58.0,65.61919643183163,7.619196431831625,test
img04837,2556,images/img04837.jpg,53.0,63.81156962320556,10.811569623205555,test
img04838,2556,images/img04838.jpg,53.0,55.31044234164274,2.310442341642741,test
img04861,2568,images/img04861.jpg,43.0,40.00081244354104,2.9991875564589634,test
img04888,2582,images/img04888.jpg,47.0,49.95781794922865,2.957817949228648,test
img04889,2582,images/img04889.jpg,47.0,46.9337749773544,0.0662250226456038,test
img04920,2599,images/img04920.jpg,60.0,65.72155240216136,5.721552402161365,test
img04952,2616,images/img04952.jpg,52.0,48.729085522363974,3.270914477636026,test
img04953,2616,images/img04953.jpg,52.0,42.01200059882008,9.98799940117992,test
img04963,2622,images/img04963.jpg,80.0,81.33454867944369,1.3345486794436852,test
img04964,2622,images/img04964.jpg,80.0,77.7620971592333,2.2379028407666937,test
img04985,2633,images/img04985.jpg,79.0,83.51649807261225,4.516498072612251,test
img04986,2633,images/img04986.jpg,79.0,76.32290145759231,2.677098542407691,test
img04987,2634,images/img04987.jpg,60.0,73.70055266559525,13.700552665595254,test
img04988,2634,images/img04988.jpg,60.0,73.96291536433768,13.962915364337675,test
img05014,2648,images/img05014.jpg,39.0,40.95817318418398,1.958173184183977,test
img05015,2648,images/img05015.jpg,39.0,40.272744158219965,1.2727441582199646,test
img05017,2649,images/img05017.jpg,49.0,54.60965915670196,5.609659156701959,test
img05035,2659,images/img05035.jpg,43.0,44.21458652259619,1.2145865225961927,test
img05036,2659,images/img05036.jpg,43.0,45.68235839879478,2.6823583987947828,test
img05047,2665,images/img05047.jpg,30.0,32.97776112554496,2.9777611255449585,test
img05051,2667,images/img05051.jpg,32.0,37.499048084645864,5.499048084645864,test
img05052,2667,images/img05052.jpg,32.0,35.62272699669535,3.6227269966953486,test
img05053,2668,images/img05053.jpg,56.0,58.67781411282522,2.6778141128252173,test
img05054,2668,images/img05054.jpg,56.0,51.648434800446,4.351565199554003,test
img05061,2672,images/img05061.jpg,69.0,68.37910228178946,0.6208977182105428,test
img05062,2672,images/img05062.jpg,69.0,70.0650562281018,1.0650562281017957,test
img05069,2676,images/img05069.jpg,58.0,57.38104545370591,0.6189545462940913,test
img05070,2676,images/img05070.jpg,58.0,54.27852365468393,3.72147634531607,test
img05124,2705,images/img05124.jpg,35.0,36.75902746286263,1.7590274628626332,test
img05125,2705,images/img05125.jpg,35.0,35.50601204940868,0.5060120494086817,test
img05139,2713,images/img05139.jpg,26.0,26.3292930479848,0.3292930479847982,test
img05140,2713,images/img05140.jpg,26.0,24.48707971070653,1.5129202892934686,test
img05159,2723,images/img05159.jpg,33.0,34.62789615341614,1.6278961534161382,test
img05160,2723,images/img05160.jpg,33.0,37.28474967828296,4.284749678282957,test
img05169,2728,images/img05169.jpg,38.0,35.65555437071961,2.3444456292803935,test
img05170,2728,images/img05170.jpg,38.0,35.744703048709354,2.255296951290646,test
img05171,2729,images/img05171.jpg,33.0,34.77936449275121,1.7793644927512131,test
img05172,2729,images/img05172.jpg,33.0,29.67042173297783,3.329578267022171,test
img05189,2738,images/img05189.jpg,69.0,72.86132793763278,3.861327937632779,test
img05190,2739,images/img05190.jpg,55.0,50.56837275185131,4.431627248148693,test
img05191,2739,images/img05191.jpg,55.0,54.789963235877615,0.2100367641223854,test
img05192,2740,images/img05192.jpg,81.0,78.41981159288154,2.580188407118456,test
img05202,2745,images/img05202.jpg,63.0,52.51234931268914,10.48765068731086,test
img05203,2745,images/img05203.jpg,63.0,56.90944478100831,6.090555218991689,test
img05218,2753,images/img05218.jpg,8.0,15.272409647445564,7.2724096474455635,test
img05231,2760,images/img05231.jpg,65.0,56.67753158473111,8.322468415268887,test
img05232,2760,images/img05232.jpg,65.0,62.82120701086913,2.1787929891308693,test
img05235,2762,images/img05235.jpg,34.0,33.721893348659464,0.2781066513405363,test
img05236,2762,images/img05236.jpg,34.0,43.8510707968313,9.8510707968313,test
img05238,2763,images/img05238.jpg,32.0,33.187971924006106,1.1879719240061064,test
img05249,2769,images/img05249.jpg,67.0,58.6530597098764,8.346940290123598,test
img05250,2769,images/img05250.jpg,67.0,63.99867638495518,3.001323615044818,test
img05267,2778,images/img05267.jpg,84.0,71.48891249400687,12.511087505993132,test
img05268,2778,images/img05268.jpg,84.0,75.86695431643525,8.133045683564745,test
img05285,2787,images/img05285.jpg,70.0,74.18119231755907,4.181192317559066,test
img05286,2787,images/img05286.jpg,70.0,70.57522306692053,0.5752230669205289,test
img05287,2788,images/img05287.jpg,77.0,88.10121057203725,11.101210572037246,test
img05288,2788,images/img05288.jpg,77.0,82.19018055075568,5.190180550755684,test
img05289,2789,images/img05289.jpg,61.0,54.4958591384493,6.504140861550702,test
img05290,2789,images/img05290.jpg,61.0,51.16108898493151,9.83891101506849,test
img05311,2800,images/img05311.jpg,86.0,73.76347107206813,12.236528927931872,test
img05312,2800,images/img05312.jpg,86.0,81.24733038191982,4.752669618080176,test
img05317,2803,images/img05317.jpg,64.0,78.91194955063732,14.911949550637315,test
img05318,2803,images/img05318.jpg,64.0,77.03004671849224,13.030046718492244,test
img05319,2804,images/img05319.jpg,83.0,79.36532503239407,3.634674967605932,test
img05320,2804,images/img05320.jpg,83.0,59.86721585565544,23.13278414434456,test
img05324,2807,images/img05324.jpg,75.0,72.52030059899016,2.4796994010098388,test
img05325,2807,images/img05325.jpg,75.0,74.42695592551578,0.5730440744842156,test
img05344,2817,images/img05344.jpg,48.0,50.72509674286156,2.7250967428615596,test
img05345,2817,images/img05345.jpg,48.0,44.66968080639488,3.3303191936051206,test
img05376,2833,images/img05376.jpg,55.0,65.42890945006025,10.428909450060246,test
img05377,2833,images/img05377.jpg,55.0,60.31676574866689,5.316765748666889,test
img05394,2842,images/img05394.jpg,58.0,52.02419917198054,5.975800828019459,test
img05395,2842,images/img05395.jpg,58.0,47.95743828864288,10.042561711357116,test
img05398,2844,images/img05398.jpg,77.0,74.87450754756193,2.125492452438067,test
img05399,2844,images/img05399.jpg,77.0,68.14567456843699,8.854325431563012,test
img05448,2870,images/img05448.jpg,59.0,60.72094461176238,1.720944611762377,test
img05449,2870,images/img05449.jpg,59.0,57.81187563210844,1.188124367891561,test
img05454,2873,images/img05454.jpg,61.0,65.157854040864,4.157854040863995,test
img05455,2873,images/img05455.jpg,61.0,64.6018821091771,3.6018821091770974,test
img05465,2879,images/img05465.jpg,61.0,59.247393318228305,1.7526066817716952,test
img05466,2879,images/img05466.jpg,61.0,70.56855289351412,9.568552893514124,test
img05467,2880,images/img05467.jpg,58.0,58.87899820138752,0.8789982013875175,test
img05468,2880,images/img05468.jpg,58.0,55.298072910767665,2.701927089232335,test
img05475,2884,images/img05475.jpg,60.0,65.04788724562967,5.047887245629667,test
img05476,2884,images/img05476.jpg,60.0,79.45238628201562,19.452386282015624,test
img05481,2887,images/img05481.jpg,45.0,42.936224232075865,2.063775767924134,test
img05483,2888,images/img05483.jpg,66.0,63.31205368587258,2.687946314127423,test
img05488,2891,images/img05488.jpg,56.0,69.56370370280014,13.56370370280014,test
img05510,2903,images/img05510.jpg,59.0,60.234844818667256,1.2348448186672556,test
img05511,2903,images/img05511.jpg,59.0,60.83883278322202,1.838832783222017,test
img05521,2908,images/img05521.jpg,78.0,80.64872921494477,2.6487292149447654,test
img05548,2922,images/img05548.jpg,33.0,36.374572016789905,3.374572016789905,test
img05549,2922,images/img05549.jpg,33.0,38.286758919430184,5.286758919430184,test
img05570,2933,images/img05570.jpg,58.0,61.57665064458381,3.5766506445838075,test
img05571,2933,images/img05571.jpg,58.0,54.1417919161681,3.8582080838318977,test
img05585,2942,images/img05585.jpg,58.0,57.2298526298314,0.7701473701686012,test
img05586,2942,images/img05586.jpg,58.0,53.41812063538147,4.58187936461853,test
img05594,2946,images/img05594.jpg,71.0,82.49956928074569,11.499569280745687,test
img05624,2962,images/img05624.jpg,72.0,53.98631749206111,18.01368250793889,test
img05625,2962,images/img05625.jpg,72.0,35.63699436237592,36.36300563762408,test
img05656,2978,images/img05656.jpg,58.0,56.367465653825555,1.6325343461744453,test
img05657,2978,images/img05657.jpg,58.0,50.99180497887307,7.00819502112693,test
img05658,2979,images/img05658.jpg,49.0,54.12001487970056,5.1200148797005625,test
img05659,2979,images/img05659.jpg,49.0,58.70552543330968,9.70552543330968,test
img05664,2982,images/img05664.jpg,58.0,58.25746960842788,0.2574696084278827,test
img05665,2982,images/img05665.jpg,58.0,56.16437708679515,1.835622913204844,test
img05674,2987,images/img05674.jpg,50.0,53.053311990948615,3.0533119909486146,test
img05675,2987,images/img05675.jpg,50.0,52.29840535471686,2.298405354716863,test
img05709,3006,images/img05709.jpg,39.0,37.17119532003026,1.8288046799697424,test
img05710,3006,images/img05710.jpg,39.0,39.25123371192563,0.2512337119256287,test
img05745,3024,images/img05745.jpg,83.0,76.54823029787154,6.451769702128459,test
img05746,3024,images/img05746.jpg,83.0,64.76352802507012,18.236471974929884,test
img05760,3031,images/img05760.jpg,72.0,68.45599904217825,3.5440009578217513,test
img05788,3046,images/img05788.jpg,50.0,56.541882413396046,6.541882413396046,test
img05789,3046,images/img05789.jpg,50.0,60.40232713629087,10.402327136290872,test
img05793,3048,images/img05793.jpg,69.0,76.60008882394642,7.600088823946422,test
img05816,3060,images/img05816.jpg,47.0,49.699437069176014,2.699437069176014,test
img05817,3060,images/img05817.jpg,47.0,44.79291978528995,2.2070802147100466,test
img05836,3070,images/img05836.jpg,72.0,81.87755488900143,9.87755488900143,test
img05837,3070,images/img05837.jpg,72.0,69.27114091056583,2.7288590894341667,test
img05853,3079,images/img05853.jpg,65.0,63.67746434726429,1.3225356527357164,test
img05854,3079,images/img05854.jpg,65.0,70.93197046434008,5.931970464340083,test
img05863,3084,images/img05863.jpg,50.0,54.128280070864776,4.128280070864776,test
img05864,3084,images/img05864.jpg,50.0,58.073031570407075,8.073031570407075,test
img05884,3095,images/img05884.jpg,50.0,45.59055517501184,4.409444824988157,test
img05885,3095,images/img05885.jpg,50.0,44.65948141762827,5.340518582371729,test
img05910,3109,images/img05910.jpg,54.0,56.93817807163137,2.93817807163137,test
img05911,3109,images/img05911.jpg,54.0,58.94795041007931,4.947950410079308,test
img05924,3116,images/img05924.jpg,69.0,62.363960407381505,6.636039592618495,test
img05925,3116,images/img05925.jpg,69.0,65.12882308175595,3.8711769182440463,test
img05938,3124,images/img05938.jpg,45.0,43.192329008155454,1.807670991844546,test
img05939,3124,images/img05939.jpg,45.0,37.77084783546243,7.229152164537567,test
img05956,3133,images/img05956.jpg,45.0,46.33124761282162,1.3312476128216204,test
img05975,3143,images/img05975.jpg,68.0,64.16546998209056,3.834530017909444,test
img05976,3143,images/img05976.jpg,68.0,71.71153771102344,3.711537711023439,test
img05995,3154,images/img05995.jpg,56.0,62.47687893975194,6.476878939751941,test
img05996,3154,images/img05996.jpg,56.0,62.216731816103554,6.216731816103554,test
img06022,3169,images/img06022.jpg,82.0,79.95349123874905,2.046508761250948,test
img06023,3169,images/img06023.jpg,82.0,67.83446451902438,14.16553548097562,test
img06034,3175,images/img06034.jpg,88.0,70.09623132732051,17.90376867267949,test
img06035,3175,images/img06035.jpg,88.0,77.73125687741742,10.268743122582578,test
img06053,3185,images/img06053.jpg,42.0,47.79493842478105,5.794938424781051,test
img06054,3185,images/img06054.jpg,42.0,39.60305918446241,2.39694081553759,test
img06071,3194,images/img06071.jpg,42.0,40.658187697344715,1.3418123026552848,test
img06072,3194,images/img06072.jpg,42.0,39.88147894060546,2.1185210593945385,test
img06125,3222,images/img06125.jpg,61.0,56.33922395585504,4.66077604414496,test
img06126,3222,images/img06126.jpg,61.0,56.70157381906737,4.29842618093263,test
img06131,3225,images/img06131.jpg,65.0,63.64805221981002,1.351947780189981,test
img06132,3225,images/img06132.jpg,65.0,70.92309071419703,5.923090714197031,test
img06163,3242,images/img06163.jpg,23.0,24.34543777137008,1.3454377713700794,test
img06164,3242,images/img06164.jpg,23.0,28.873104801502283,5.873104801502283,test
img06175,3248,images/img06175.jpg,51.0,48.371376751848,2.628623248152003,test
img06176,3248,images/img06176.jpg,51.0,52.09540730835237,1.095407308352371,test
img06180,3251,images/img06180.jpg,56.0,59.69244716973095,3.692447169730947,test
img06181,3251,images/img06181.jpg,56.0,58.02285885540855,2.0228588554085505,test
img06203,3263,images/img06203.jpg,52.0,50.05133561261179,1.948664387388213,test
img06204,3263,images/img06204.jpg,52.0,53.172412648556815,1.172412648556815,test
img06217,3272,images/img06217.jpg,59.0,55.97162464381436,3.0283753561856415,test
img06218,3272,images/img06218.jpg,59.0,59.23198735525599,0.2319873552559883,test
img06250,3289,images/img06250.jpg,60.0,53.18083216109726,6.819167838902743,test
img06251,3289,images/img06251.jpg,60.0,55.589866277341706,4.410133722658294,test
img06256,3292,images/img06256.jpg,69.0,63.09960877194005,5.900391228059952,test
img06257,3292,images/img06257.jpg,69.0,56.00844556059056,12.99155443940944,test
img06284,3306,images/img06284.jpg,54.0,54.278052510977005,0.2780525109770053,test
img06285,3306,images/img06285.jpg,54.0,56.11248543342839,2.1124854334283896,test
img06287,3307,images/img06287.jpg,57.0,32.9750978548683,24.024902145131698,test
img06304,3317,images/img06304.jpg,43.0,43.25393977271953,0.2539397727195265,test
img06305,3317,images/img06305.jpg,43.0,43.04892682358063,0.0489268235806292,test
img06343,3337,images/img06343.jpg,35.0,31.38849088470188,3.6115091152981194,test
img06350,3340,images/img06350.jpg,51.0,50.17867092429208,0.8213290757079221,test
img06363,3347,images/img06363.jpg,67.0,71.89714760995417,4.897147609954175,test
img06380,3356,images/img06380.jpg,56.0,60.10706699180389,4.10706699180389,test
img06381,3356,images/img06381.jpg,56.0,52.062512861786495,3.9374871382135055,test
img06440,3387,images/img06440.jpg,46.0,47.23424033278405,1.2342403327840472,test
img06441,3387,images/img06441.jpg,46.0,48.04431195327001,2.044311953270011,test
img06511,3423,images/img06511.jpg,65.0,58.67449347671025,6.3255065232897465,test
img06512,3423,images/img06512.jpg,65.0,60.91620368649643,4.083796313503569,test
img06547,3442,images/img06547.jpg,73.0,72.64405652723033,0.3559434727696668,test
img06548,3443,images/img06548.jpg,64.0,68.18791391049545,4.187913910495453,test
img06549,3443,images/img06549.jpg,64.0,61.97408980785782,2.0259101921421774,test
img06598,3470,images/img06598.jpg,68.0,75.6889383379474,7.688938337947405,test
img06624,3485,images/img06624.jpg,76.0,81.27911513237042,5.279115132370421,test
img06625,3485,images/img06625.jpg,76.0,82.94146063464612,6.94146063464612,test
img06628,3487,images/img06628.jpg,79.0,71.8862022436516,7.113797756348404,test
img06629,3487,images/img06629.jpg,79.0,74.0100199195364,4.989980080463596,test
img06706,3529,images/img06706.jpg,7.0,16.695573375725864,9.695573375725864,test
img06718,3535,images/img06718.jpg,61.0,49.874471318740866,11.125528681259134,test
img06719,3535,images/img06719.jpg,61.0,63.26346480987494,2.2634648098749395,test
img06722,3537,images/img06722.jpg,53.0,52.111518350969426,0.8884816490305738,test
img06723,3537,images/img06723.jpg,53.0,53.28759583349075,0.287595833490748,test
img06747,3551,images/img06747.jpg,23.0,28.950771532856564,5.950771532856564,test
img06832,3594,images/img06832.jpg,50.0,49.712038527420646,0.2879614725793544,test
img06833,3594,images/img06833.jpg,50.0,51.72779688571791,1.7277968857179076,test
img06836,3596,images/img06836.jpg,77.0,79.02816281712494,2.0281628171249366,test
img06837,3596,images/img06837.jpg,77.0,70.04780822410865,6.95219177589135,test
img06844,3600,images/img06844.jpg,39.0,36.38747393820874,2.6125260617912573,test
img06845,3600,images/img06845.jpg,39.0,36.75420478352923,2.2457952164707677,test
img06852,3604,images/img06852.jpg,76.0,72.9490217413053,3.0509782586946983,test
img06916,3637,images/img06916.jpg,74.0,65.83135396991514,8.168646030084858,test
img06922,3640,images/img06922.jpg,48.0,60.44814531648424,12.448145316484236,test
img06923,3640,images/img06923.jpg,48.0,54.91879868220809,6.918798682208092,test
img06933,3646,images/img06933.jpg,73.0,70.85113987212053,2.1488601278794732,test
img06934,3646,images/img06934.jpg,73.0,69.70518641301342,3.294813586986578,test
img06964,3662,images/img06964.jpg,73.0,66.75978790474636,6.240212095253639,test
img06993,3679,images/img06993.jpg,53.0,49.91165568144376,3.0883443185562385,test
img06994,3679,images/img06994.jpg,53.0,47.11891591379907,5.881084086200929,test
img07022,3695,images/img07022.jpg,76.0,82.01033016552003,6.010330165520031,test
img07023,3695,images/img07023.jpg,76.0,76.77988031621871,0.7798803162187085,test
img07071,3720,images/img07071.jpg,70.0,70.92070773040159,0.9207077304015884,test
img07113,3742,images/img07113.jpg,63.0,66.10169339336232,3.101693393362325,test
img07114,3742,images/img07114.jpg,63.0,62.94554150794384,0.0544584920561561,test
img07125,3748,images/img07125.jpg,20.0,20.4874644398789,0.4874644398788987,test
img07126,3748,images/img07126.jpg,20.0,19.37372434112244,0.6262756588775602,test
img07187,3780,images/img07187.jpg,45.0,51.9143556157251,6.9143556157251,test
img07188,3780,images/img07188.jpg,45.0,50.97417635183891,5.9741763518389135,test
img07206,3790,images/img07206.jpg,38.0,34.095191850005676,3.904808149994324,test
img07207,3790,images/img07207.jpg,38.0,31.219044922994183,6.780955077005817,test
img07208,3791,images/img07208.jpg,48.0,51.19589527158591,3.1958952715859112,test
img07209,3791,images/img07209.jpg,48.0,51.46026960127144,3.460269601271442,test
img07214,3794,images/img07214.jpg,29.0,32.64494826468143,3.644948264681432,test
img07244,3810,images/img07244.jpg,36.0,35.69185642958245,0.308143570417549,test
img07245,3810,images/img07245.jpg,36.0,39.12716368788084,3.127163687880838,test
img07285,3831,images/img07285.jpg,27.0,35.459877046884614,8.459877046884614,test
img07286,3831,images/img07286.jpg,27.0,33.96109039120091,6.961090391200912,test
img07305,3841,images/img07305.jpg,74.0,67.50509580590733,6.494904194092669,test
img07306,3841,images/img07306.jpg,74.0,67.74508245040204,6.2549175495979625,test
img07317,3847,images/img07317.jpg,38.0,36.295291181995225,1.7047088180047751,test
img07318,3847,images/img07318.jpg,38.0,28.052974480995523,9.947025519004477,test
img07335,3856,images/img07335.jpg,42.0,45.63879178383972,3.6387917838397215,test
img07336,3856,images/img07336.jpg,42.0,47.310913518034134,5.310913518034134,test
img07371,3874,images/img07371.jpg,42.0,49.91810827806883,7.918108278068836,test
img07372,3874,images/img07372.jpg,42.0,46.998379467556234,4.998379467556234,test
img07408,3893,images/img07408.jpg,57.0,61.04645256394768,4.046452563947682,test
img07409,3893,images/img07409.jpg,57.0,58.14737684768857,1.1473768476885695,test
img07414,3896,images/img07414.jpg,42.0,48.99556473018462,6.995564730184618,test
img07419,3899,images/img07419.jpg,73.0,73.27650260776336,0.2765026077633621,test
img07420,3899,images/img07420.jpg,73.0,72.25712757669625,0.7428724233037514,test
img07454,3917,images/img07454.jpg,87.0,83.39957154690165,3.6004284530983455,test
img07455,3917,images/img07455.jpg,87.0,85.45908901289533,1.540910987104667,test
img07470,3925,images/img07470.jpg,72.0,68.10132162335995,3.8986783766400497,test
img07471,3925,images/img07471.jpg,72.0,72.41154601725178,0.4115460172517799,test
img07494,3938,images/img07494.jpg,82.0,80.54275678042019,1.4572432195798086,test
img07495,3938,images/img07495.jpg,82.0,76.43076937304892,5.569230626951082,test
img07562,3974,images/img07562.jpg,57.0,65.50528489866221,8.505284898662211,test
img07563,3974,images/img07563.jpg,57.0,65.8086998100071,8.808699810007099,test
img07593,3990,images/img07593.jpg,82.0,79.28028359329387,2.7197164067061266,test
img07594,3990,images/img07594.jpg,82.0,83.89027644254885,1.8902764425488527,test
img07639,4013,images/img07639.jpg,65.0,58.021059075541984,6.978940924458016,test
img07640,4013,images/img07640.jpg,71.0,62.29449779300721,8.70550220699279,test
img07641,4013,images/img07641.jpg,71.0,65.83790199495307,5.1620980050469285,test
img07649,4018,images/img07649.jpg,64.0,65.91086928595284,1.9108692859528416,test
img07650,4018,images/img07650.jpg,64.0,64.86402614052776,0.8640261405277556,test
img07701,4045,images/img07701.jpg,38.0,57.984982909365016,19.984982909365016,test
img07702,4045,images/img07702.jpg,38.0,61.876445274597344,23.876445274597344,test
img07712,4050,images/img07712.jpg,44.0,60.200412338738666,16.200412338738666,test
img07727,4059,images/img07727.jpg,65.0,61.41907379621518,3.58092620378482,test
img07762,4078,images/img07762.jpg,48.0,54.243972843523395,6.2439728435233945,test
img07844,4121,images/img07844.jpg,73.0,67.24442900638775,5.7555709936122526,test
img07845,4121,images/img07845.jpg,73.0,65.1201658161412,7.879834183858804,test
img07848,4123,images/img07848.jpg,12.0,15.33355363074444,3.33355363074444,test
img07867,4133,images/img07867.jpg,58.0,59.481881922879175,1.4818819228791753,test
img07868,4133,images/img07868.jpg,58.0,59.260239345862466,1.260239345862466,test
img07869,4134,images/img07869.jpg,13.0,17.740910388143398,4.740910388143398,test
img07870,4134,images/img07870.jpg,13.0,17.362206821492734,4.362206821492734,test
img07897,4148,images/img07897.jpg,27.0,30.448009521725837,3.4480095217258366,test
img07898,4148,images/img07898.jpg,27.0,31.20987725169691,4.209877251696909,test
img07937,4169,images/img07937.jpg,65.0,67.76203162713662,2.762031627136622,test
img07938,4169,images/img07938.jpg,65.0,65.54619206007713,0.5461920600771322,test
img07965,4184,images/img07965.jpg,79.0,82.5519491186074,3.5519491186073964,test
img07966,4184,images/img07966.jpg,79.0,81.85580593575253,2.855805935752528,test
img08005,4205,images/img08005.jpg,58.0,63.62068989466402,5.620689894664018,test
img08013,4209,images/img08013.jpg,65.0,72.90346258108971,7.903462581089713,test
img08059,4232,images/img08059.jpg,61.0,60.45698035159954,0.5430196484004597,test
img08060,4232,images/img08060.jpg,61.0,62.38835300031927,1.3883530003192703,test
img08087,4246,images/img08087.jpg,60.0,59.908814464084685,0.091185535915315,test
img08088,4246,images/img08088.jpg,60.0,52.01331760638828,7.986682393611723,test
img08089,4247,images/img08089.jpg,63.0,64.7645548347925,1.7645548347925055,test
img08090,4247,images/img08090.jpg,63.0,60.36004689634119,2.6399531036588115,test
img08101,4253,images/img08101.jpg,63.0,58.26741583924779,4.732584160752204,test
img08102,4253,images/img08102.jpg,63.0,60.81869547954004,2.1813045204599604,test
img08114,4260,images/img08114.jpg,71.0,58.29790726205152,12.702092737948476,test
img08115,4260,images/img08115.jpg,71.0,52.518226612310954,18.48177338768905,test
img08143,4275,images/img08143.jpg,64.0,65.35991143573028,1.3599114357302824,test
img08167,4287,images/img08167.jpg,52.0,51.85191162479044,0.1480883752095607,test
img08168,4287,images/img08168.jpg,52.0,52.314481497800074,0.3144814978000738,test
img08176,4291,images/img08176.jpg,72.0,71.78656189329928,0.2134381067007211,test
img08201,4305,images/img08201.jpg,46.0,51.433532195903375,5.433532195903375,test
img08202,4305,images/img08202.jpg,46.0,34.575128058240395,11.424871941759603,test
img08215,4312,images/img08215.jpg,33.0,40.22354999343218,7.223549993432179,test
img08216,4312,images/img08216.jpg,33.0,40.4126345772015,7.412634577201501,test
img08232,4321,images/img08232.jpg,59.0,54.510525122243024,4.489474877756976,test
img08233,4321,images/img08233.jpg,59.0,62.503494742056766,3.503494742056766,test
img08251,4331,images/img08251.jpg,60.0,55.72921984333774,4.270780156662262,test
img08252,4331,images/img08252.jpg,60.0,63.46776449979085,3.467764499790853,test
img08299,4357,images/img08299.jpg,45.0,40.07250917338672,4.92749082661328,test
img08300,4357,images/img08300.jpg,45.0,41.551130442169814,3.448869557830186,test
img08304,4359,images/img08304.jpg,63.0,57.83196740280485,5.16803259719515,test
img08365,4392,images/img08365.jpg,17.0,31.903496762010494,14.903496762010498,test
img08366,4392,images/img08366.jpg,17.0,18.68500385287254,1.6850038528725406,test
img08369,4394,images/img08369.jpg,22.0,17.07568601105558,4.924313988944419,test
img08370,4394,images/img08370.jpg,22.0,20.909565576867557,1.090434423132443,test
img08375,4398,images/img08375.jpg,19.0,25.74553290777792,6.745532907777921,test
img08376,4398,images/img08376.jpg,19.0,20.81448179690306,1.81448179690306,test
img08391,4406,images/img08391.jpg,39.0,39.05774197139777,0.0577419713977676,test
img08392,4406,images/img08392.jpg,39.0,38.549859961435544,0.4501400385644558,test
img08508,4471,images/img08508.jpg,18.0,22.49376884164031,4.4937688416403105,test
img08509,4471,images/img08509.jpg,18.0,16.330179618795867,1.6698203812041328,test
img08522,4478,images/img08522.jpg,69.0,61.37702203915114,7.622977960848857,test
img08523,4478,images/img08523.jpg,69.0,68.84467515062552,0.1553248493744803,test
img08632,4537,images/img08632.jpg,49.0,43.90918070190641,5.090819298093592,test
img08633,4537,images/img08633.jpg,49.0,53.59570064234885,4.595700642348852,test
img08640,4541,images/img08640.jpg,73.0,80.00789524957385,7.007895249573849,test
img08659,4551,images/img08659.jpg,63.0,61.48753032246531,1.512469677534689,test
img08660,4551,images/img08660.jpg,63.0,63.197742443979585,0.1977424439795854,test
img08690,4567,images/img08690.jpg,65.0,70.54219502057664,5.542195020576642,test
img08691,4567,images/img08691.jpg,65.0,65.91854827400948,0.9185482740094812,test
img08733,4589,images/img08733.jpg,12.0,21.20957505713634,9.20957505713634,test
img08734,4589,images/img08734.jpg,12.0,18.041172890032563,6.041172890032563,test
img08745,4595,images/img08745.jpg,14.0,16.53177677605955,2.5317767760595515,test
img08746,4595,images/img08746.jpg,14.0,16.625673971873276,2.625673971873276,test
img08786,4616,images/img08786.jpg,53.0,51.89695056382964,1.1030494361703589,test
img08787,4616,images/img08787.jpg,53.0,51.8866999163727,1.1133000836273013,test
img08832,4640,images/img08832.jpg,71.0,81.53347165992639,10.533471659926391,test
img08833,4640,images/img08833.jpg,71.0,80.6783371069717,9.678337106971696,test
img08834,4641,images/img08834.jpg,76.0,74.34635108965583,1.6536489103441738,test
img08835,4641,images/img08835.jpg,76.0,76.84819397250214,0.8481939725021448,test
img08845,4647,images/img08845.jpg,76.0,73.19849669656452,2.8015033034354815,test
img08846,4647,images/img08846.jpg,76.0,70.81164014346902,5.18835985653098,test
img08896,4673,images/img08896.jpg,63.0,60.54277785638221,2.4572221436177912,test
img08897,4673,images/img08897.jpg,63.0,65.90992808914942,2.9099280891494175,test
img08911,4681,images/img08911.jpg,69.0,76.35628940537899,7.356289405378988,test
img08912,4681,images/img08912.jpg,69.0,80.74030995419943,11.740309954199432,test
img08940,4696,images/img08940.jpg,89.0,81.46077156848263,7.5392284315173725,test
img08983,4719,images/img08983.jpg,71.0,71.55490096884779,0.5549009688477895,test
img08984,4719,images/img08984.jpg,71.0,73.9249915677614,2.9249915677613956,test
img08987,4721,images/img08987.jpg,64.0,71.18242805959915,7.182428059599147,test
img08988,4721,images/img08988.jpg,64.0,69.86423340424533,5.864233404245326,test
img08999,4727,images/img08999.jpg,43.0,46.72912629210001,3.729126292100013,test
img09027,4742,images/img09027.jpg,71.0,66.9390777162196,4.0609222837804,test
img09028,4742,images/img09028.jpg,71.0,71.54453689790586,0.5445368979058571,test
img09083,4771,images/img09083.jpg,68.0,61.44989008460154,6.550109915398458,test
img09108,4785,images/img09108.jpg,57.0,58.379282614182195,1.3792826141821948,test
img09109,4785,images/img09109.jpg,57.0,55.7389808067104,1.2610191932895989,test
img09114,4788,images/img09114.jpg,83.0,77.29214876134125,5.707851238658748,test
img09115,4788,images/img09115.jpg,83.0,75.75457345500814,7.245426544991858,test
img09129,4796,images/img09129.jpg,69.0,71.87120198776024,2.8712019877602444,test
img09130,4796,images/img09130.jpg,69.0,68.01830653844371,0.98169346155629,test
img09131,4797,images/img09131.jpg,78.0,73.11845243446695,4.8815475655330545,test
img09132,4797,images/img09132.jpg,78.0,80.1947429913457,2.1947429913457057,test
img09155,4809,images/img09155.jpg,76.0,75.44515855036775,0.5548414496322494,test
img09156,4809,images/img09156.jpg,76.0,74.35185212867836,1.6481478713216404,test
img09177,4820,images/img09177.jpg,71.0,68.0468652632344,2.9531347367656053,test
img09178,4820,images/img09178.jpg,71.0,67.67896092108832,3.3210390789116815,test
img09180,4821,images/img09180.jpg,70.0,62.99330424653871,7.006695753461287,test
img09232,4849,images/img09232.jpg,52.0,55.58288691587764,3.582886915877637,test
img09233,4849,images/img09233.jpg,52.0,57.413018266293,5.413018266293001,test
img09248,4857,images/img09248.jpg,71.0,67.83066046983512,3.1693395301648764,test
img09249,4857,images/img09249.jpg,71.0,61.20514837862026,9.794851621379742,test
img09272,4869,images/img09272.jpg,47.0,42.31803570172953,4.681964298270472,test
img09273,4869,images/img09273.jpg,47.0,46.35467828735774,0.6453217126422572,test
img09290,4879,images/img09290.jpg,75.0,74.02203081223172,0.9779691877682808,test
img09291,4879,images/img09291.jpg,75.0,83.32571104595749,8.32571104595749,test
img09325,4897,images/img09325.jpg,51.0,61.1940236069015,10.194023606901505,test
img09326,4897,images/img09326.jpg,51.0,57.9509632254852,6.950963225485204,test
img09353,4911,images/img09353.jpg,59.0,56.55916640753347,2.4408335924665323,test
img09354,4911,images/img09354.jpg,59.0,60.29447966977988,1.2944796697798822,test
img09359,4914,images/img09359.jpg,23.0,17.579286284459023,5.420713715540977,test
img09360,4914,images/img09360.jpg,23.0,26.048722608068456,3.0487226080684557,test
img09367,4918,images/img09367.jpg,11.0,21.312594118609155,10.312594118609155,test
img09368,4918,images/img09368.jpg,11.0,20.28529580274848,9.28529580274848,test
img09385,4928,images/img09385.jpg,83.0,85.01455183808518,2.0145518380851826,test
img09386,4928,images/img09386.jpg,83.0,83.1948639686839,0.1948639686839044,test
img09404,4938,images/img09404.jpg,87.0,77.0470580600215,9.9529419399785,test
img09405,4938,images/img09405.jpg,87.0,73.06916120535064,13.93083879464936,test
img09408,4940,images/img09408.jpg,59.0,63.21760954892686,4.217609548926859,test
img09409,4940,images/img09409.jpg,59.0,60.61780476518414,1.6178047651841396,test
img09417,4945,images/img09417.jpg,83.0,81.79739938463973,1.202600615360268,test
img09418,4945,images/img09418.jpg,83.0,82.72094356759595,0.2790564324040474,test
img09441,4957,images/img09441.jpg,59.0,55.02051473686644,3.9794852631335615,test
img09442,4957,images/img09442.jpg,59.0,58.52600298099851,0.4739970190014873,test
img09530,5003,images/img09530.jpg,64.0,52.8820408926818,11.1179591073182,test
img09531,5003,images/img09531.jpg,64.0,61.75933988877578,2.240660111224223,test
img09537,5007,images/img09537.jpg,67.0,53.660829988821426,13.339170011178574,test
img09538,5007,images/img09538.jpg,67.0,41.24747941366624,25.75252058633376,test
img09543,5010,images/img09543.jpg,50.0,53.30800797100176,3.308007971001764,test
img09544,5010,images/img09544.jpg,50.0,49.18982207923624,0.8101779207637634,test
img09546,5012,images/img09546.jpg,40.0,37.27651338829521,2.723486611704793,test
img09555,5016,images/img09555.jpg,61.0,51.56000538003662,9.43999461996338,test
img09556,5017,images/img09556.jpg,66.0,67.99118305698248,1.9911830569824789,test
img09557,5017,images/img09557.jpg,66.0,69.16543131315555,3.165431313155551,test
img09585,5032,images/img09585.jpg,66.0,56.23209663304539,9.767903366954611,test
img09586,5032,images/img09586.jpg,66.0,62.466072626279534,3.5339273737204664,test
img09605,5043,images/img09605.jpg,56.0,56.22414649196992,0.2241464919699183,test
img09628,5055,images/img09628.jpg,59.0,67.93147867945476,8.931478679454756,test
img09629,5055,images/img09629.jpg,59.0,71.36936414081605,12.369364140816046,test
img09654,5068,images/img09654.jpg,69.0,66.3004320606819,2.6995679393181007,test
img09655,5068,images/img09655.jpg,69.0,61.36601668927477,7.6339833107252275,test
img09687,5085,images/img09687.jpg,53.0,49.670056569424304,3.329943430575696,test
img09688,5085,images/img09688.jpg,53.0,50.20964316997032,2.7903568300296797,test
img09737,5112,images/img09737.jpg,83.0,74.72144037333251,8.278559626667487,test
img09738,5112,images/img09738.jpg,83.0,81.04995606825155,1.9500439317484537,test
img09743,5115,images/img09743.jpg,85.0,82.8148756629435,2.185124337056493,test
img09744,5115,images/img09744.jpg,85.0,84.81996948712462,0.1800305128753763,test
img09746,5117,images/img09746.jpg,82.0,78.258368530529,3.7416314694710024,test
img09747,5118,images/img09747.jpg,80.0,79.72754947540665,0.2724505245933528,test
img09769,5130,images/img09769.jpg,74.0,77.71736031928396,3.717360319283955,test
img09770,5130,images/img09770.jpg,74.0,74.87094561388874,0.8709456138887361,test
img09799,5146,images/img09799.jpg,28.0,33.6295753567523,5.629575356752298,test
img09800,5146,images/img09800.jpg,28.0,31.312191778830204,3.312191778830204,test
img09845,5170,images/img09845.jpg,60.0,61.971388365816026,1.9713883658160256,test
img09846,5170,images/img09846.jpg,60.0,63.11265519924122,3.1126551992412175,test
img09851,5173,images/img09851.jpg,63.0,54.40852278234609,8.59147721765391,test
img09852,5173,images/img09852.jpg,63.0,62.764255879378766,0.2357441206212343,test
img09853,5174,images/img09853.jpg,57.0,48.11618318078493,8.88381681921507,test
img09854,5174,images/img09854.jpg,57.0,50.68482322610804,6.315176773891963,test
img09855,5175,images/img09855.jpg,76.0,84.99968027422489,8.999680274224886,test
img09856,5175,images/img09856.jpg,76.0,80.33669902648677,4.3366990264867695,test
img09912,5204,images/img09912.jpg,57.0,56.58973383225173,0.4102661677482757,test
img09913,5204,images/img09913.jpg,57.0,56.65592856879074,0.3440714312092581,test
img09928,5212,images/img09928.jpg,67.0,69.06969425754187,2.069694257541869,test
img09929,5212,images/img09929.jpg,67.0,59.60361367815626,7.3963863218437425,test
img09938,5217,images/img09938.jpg,62.0,71.17945178372831,9.179451783728313,test
img09939,5217,images/img09939.jpg,62.0,64.82593548055529,2.825935480555287,test
img09943,5220,images/img09943.jpg,72.0,70.7747753296229,1.225224670377102,test
img09944,5220,images/img09944.jpg,72.0,71.30659514797244,0.6934048520275553,test
img10002,5251,images/img10002.jpg,79.0,75.85329333015525,3.146706669844747,test
img10003,5251,images/img10003.jpg,79.0,74.08065548543107,4.919344514568934,test
img10036,5268,images/img10036.jpg,53.0,53.639021051998725,0.6390210519987249,test
img10040,5270,images/img10040.jpg,80.0,76.12625130925136,3.873748690748642,test
img10052,5277,images/img10052.jpg,22.0,24.617130642364245,2.617130642364245,test
img10053,5277,images/img10053.jpg,22.0,27.213634148327188,5.213634148327188,test
img10062,5282,images/img10062.jpg,25.0,29.17623997127118,4.17623997127118,test
img10063,5282,images/img10063.jpg,25.0,28.69059550803171,3.690595508031709,test
img10079,5292,images/img10079.jpg,65.0,65.32279250965334,0.3227925096533397,test
img10090,5298,images/img10090.jpg,15.0,27.767077499725875,12.767077499725875,test
img10091,5298,images/img10091.jpg,15.0,13.294330243682424,1.705669756317576,test
img10106,5306,images/img10106.jpg,62.0,55.633356276913865,6.366643723086135,test
img10107,5306,images/img10107.jpg,62.0,58.79404237520629,3.2059576247937116,test
img10111,5308,images/img10111.jpg,57.0,56.0216343125532,0.9783656874468036,test
img10148,5327,images/img10148.jpg,87.0,83.87524128712366,3.1247587128763428,test
img10149,5327,images/img10149.jpg,87.0,85.87781143876349,1.1221885612365128,test
img10156,5331,images/img10156.jpg,50.0,53.42925822177281,3.4292582217728125,test
img10157,5331,images/img10157.jpg,50.0,55.62408581558331,5.624085815583307,test
img10178,5342,images/img10178.jpg,75.0,70.2726942765522,4.727305723447799,test
img10179,5342,images/img10179.jpg,75.0,65.72643397445812,9.273566025541882,test
img10186,5346,images/img10186.jpg,61.0,65.63947633282767,4.63947633282767,test
img10187,5346,images/img10187.jpg,61.0,67.169241232547,6.1692412325469945,test
img10327,5419,images/img10327.jpg,76.0,86.78947451166587,10.789474511665873,test
img10328,5419,images/img10328.jpg,76.0,77.44268353814593,1.4426835381459284,test
img10331,5421,images/img10331.jpg,68.0,64.8345442140058,3.1654557859941974,test
img10332,5421,images/img10332.jpg,68.0,67.44629663503875,0.553703364961251,test
img10345,5428,images/img10345.jpg,90.0,77.65120607165726,12.348793928342744,test
img10346,5428,images/img10346.jpg,90.0,78.8800840950147,11.119915904985303,test
img10349,5430,images/img10349.jpg,72.0,76.84600838919502,4.8460083891950205,test
img10350,5430,images/img10350.jpg,72.0,64.83093483877877,7.169065161221226,test
img10369,5440,images/img10369.jpg,82.0,67.25201202072631,14.747987979273688,test
img10371,5442,images/img10371.jpg,75.0,78.14337674772601,3.143376747726009,test
img10372,5442,images/img10372.jpg,75.0,82.69919461434705,7.69919461434705,test
img10382,5448,images/img10382.jpg,63.0,70.04100499622946,7.041004996229461,test
img10384,5450,images/img10384.jpg,63.0,68.65963564095108,5.65963564095108,test
img10385,5450,images/img10385.jpg,63.0,67.97777509232286,4.977775092322858,test
img10433,5475,images/img10433.jpg,61.0,69.60318598168475,8.603185981684746,test
img10434,5475,images/img10434.jpg,61.0,63.76912088394402,2.7691208839440193,test
img10449,5484,images/img10449.jpg,72.0,61.687284348097734,10.312715651902266,test
img10463,5491,images/img10463.jpg,16.0,14.954138986091657,1.0458610139083433,test
img10464,5491,images/img10464.jpg,16.0,19.6507001290526,3.650700129052602,test
img10479,5500,images/img10479.jpg,61.0,75.49414658978375,14.494146589783751,test
img10480,5500,images/img10480.jpg,61.0,71.82554249138484,10.825542491384835,test
img10526,5524,images/img10526.jpg,25.0,28.0480209284102,3.0480209284101996,test
img10539,5531,images/img10539.jpg,61.0,63.35661221101618,2.356612211016177,test
img10540,5531,images/img10540.jpg,61.0,66.22672533580875,5.2267253358087515,test
img10587,5555,images/img10587.jpg,13.0,20.658302020498724,7.6583020204987236,test
img10588,5555,images/img10588.jpg,13.0,18.908635703318495,5.908635703318495,test
img10595,5559,images/img10595.jpg,36.0,35.09759152968781,0.9024084703121886,test
img10619,5572,images/img10619.jpg,31.0,37.12972158649555,6.129721586495549,test
img10620,5572,images/img10620.jpg,31.0,36.79087328749746,5.790873287497462,test
img10625,5575,images/img10625.jpg,38.0,38.00208342184517,0.002083421845171,test
img10640,5583,images/img10640.jpg,81.0,84.92865099796403,3.928650997964027,test
img10641,5583,images/img10641.jpg,81.0,82.62609754070579,1.6260975407057856,test
img10644,5585,images/img10644.jpg,35.0,46.3105118366647,11.310511836664702,test
img10659,5593,images/img10659.jpg,66.0,61.62203203529887,4.377967964701128,test
img10660,5593,images/img10660.jpg,66.0,59.87914549787352,6.120854502126477,test
img10665,5596,images/img10665.jpg,85.0,69.72220429820527,15.27779570179473,test
img10666,5596,images/img10666.jpg,85.0,68.43307877332462,16.566921226675376,test
img10680,5605,images/img10680.jpg,53.0,49.051375083162384,3.948624916837616,test
img10681,5605,images/img10681.jpg,53.0,55.95021977815698,2.9502197781569777,test
img10747,5640,images/img10747.jpg,76.0,67.40651771011646,8.59348228988354,test
img10748,5640,images/img10748.jpg,76.0,67.33811680499839,8.661883195001607,test
img10753,5643,images/img10753.jpg,62.0,68.21766140065778,6.217661400657775,test
img10754,5643,images/img10754.jpg,62.0,61.837563922061165,0.1624360779388354,test
img10758,5645,images/img10758.jpg,80.0,81.63033967855878,1.6303396785587836,test
img10763,5648,images/img10763.jpg,78.0,74.36466243882084,3.635337561179156,test
img10764,5648,images/img10764.jpg,78.0,60.67408762513187,17.325912374868132,test
img10772,5653,images/img10772.jpg,65.0,64.28869969079695,0.7113003092030539,test
img10773,5653,images/img10773.jpg,65.0,65.48175661449235,0.4817566144923546,test
img10822,5678,images/img10822.jpg,55.0,60.20543378182342,5.205433781823423,test
img10823,5678,images/img10823.jpg,55.0,66.57818708976623,11.578187089766232,test
img10850,5693,images/img10850.jpg,68.0,53.85016923012678,14.14983076987322,test
img10851,5693,images/img10851.jpg,68.0,62.65208932290167,5.3479106770983265,test
img10852,5694,images/img10852.jpg,59.0,62.29936518736835,3.299365187368352,test
img10853,5694,images/img10853.jpg,59.0,56.1650322710126,2.834967728987401,test
img10869,5704,images/img10869.jpg,80.0,72.10283237511962,7.897167624880382,test
img10870,5704,images/img10870.jpg,80.0,79.31441097495392,0.6855890250460845,test
img10918,5730,images/img10918.jpg,65.0,63.84788913183533,1.1521108681646697,test
img10919,5730,images/img10919.jpg,65.0,60.42434328909578,4.575656710904219,test
img10953,5749,images/img10953.jpg,48.0,49.90857307105574,1.9085730710557416,test
img10954,5749,images/img10954.jpg,48.0,45.88053758296239,2.11946241703761,test
img10985,5766,images/img10985.jpg,59.0,55.38620895697065,3.613791043029352,test
img10986,5766,images/img10986.jpg,59.0,54.24964047328952,4.750359526710476,test
img11007,5778,images/img11007.jpg,71.0,60.81325933183825,10.186740668161749,test
img11020,5785,images/img11020.jpg,51.0,43.14551782716312,7.854482172836882,test
img11021,5785,images/img11021.jpg,51.0,54.902098982609985,3.902098982609985,test
img11029,5790,images/img11029.jpg,81.0,69.68531985337137,11.314680146628632,test
img11030,5790,images/img11030.jpg,81.0,71.11537733019676,9.884622669803235,test
img11040,5796,images/img11040.jpg,49.0,51.71746008003678,2.71746008003678,test
img11041,5796,images/img11041.jpg,49.0,51.51404923762352,2.5140492376235173,test
img11054,5805,images/img11054.jpg,73.0,80.14529253310623,7.145292533106229,test
img11055,5805,images/img11055.jpg,73.0,78.79006510989966,5.790065109899658,test
img11059,5808,images/img11059.jpg,77.0,75.25540542240319,1.744594577596814,test
img11091,5826,images/img11091.jpg,58.0,64.40793722001445,6.407937220014446,test
img11092,5826,images/img11092.jpg,58.0,55.15331291620413,2.846687083795871,test
img11103,5832,images/img11103.jpg,72.0,73.35493931008313,1.3549393100831253,test
img11158,5864,images/img11158.jpg,84.0,79.25375122268716,4.746248777312843,test
img11159,5864,images/img11159.jpg,84.0,81.30082046120201,2.699179538797992,test
img11173,5872,images/img11173.jpg,61.0,57.5444109895987,3.4555890104012974,test
img11174,5872,images/img11174.jpg,61.0,51.51018956730219,9.489810432697809,test
img11195,5883,images/img11195.jpg,65.0,63.987280051238685,1.0127199487613154,test
img11196,5883,images/img11196.jpg,65.0,59.60637101398273,5.393628986017269,test
img11201,5886,images/img11201.jpg,74.0,69.25210430546306,4.747895694536936,test
img11202,5886,images/img11202.jpg,74.0,66.97262271190858,7.027377288091415,test
img11228,5902,images/img11228.jpg,59.0,65.39267119190771,6.392671191907709,test
img11229,5902,images/img11229.jpg,59.0,70.36132709580728,11.361327095807283,test
img11255,5916,images/img11255.jpg,79.0,73.73811110767656,5.261888892323441,test
img11256,5916,images/img11256.jpg,79.0,72.15634644783133,6.843653552168675,test
img11291,5935,images/img11291.jpg,77.0,78.86208684165429,1.862086841654289,test
img11337,5961,images/img11337.jpg,54.0,61.03296798390517,7.0329679839051735,test
img11338,5961,images/img11338.jpg,54.0,57.987179535102776,3.987179535102776,test
img11345,5965,images/img11345.jpg,64.0,74.92882867199384,10.92882867199384,test
img11346,5965,images/img11346.jpg,64.0,78.18817466185958,14.188174661859575,test
img11349,5967,images/img11349.jpg,30.0,34.12435695419693,4.1243569541969265,test
img11350,5967,images/img11350.jpg,30.0,27.3518363023589,2.648163697641099,test
img11356,5971,images/img11356.jpg,68.0,70.40431677784343,2.404316777843434,test
img11357,5971,images/img11357.jpg,68.0,65.0981234886859,2.9018765113141,test
img11371,5979,images/img11371.jpg,74.0,72.0661006157463,1.9338993842537064,test
img11372,5979,images/img11372.jpg,74.0,71.37182237673136,2.628177623268641,test
img11382,5985,images/img11382.jpg,74.0,76.01607566211916,2.016075662119164,test
img11383,5985,images/img11383.jpg,74.0,78.61215383001334,4.612153830013341,test
img11394,5991,images/img11394.jpg,81.0,82.71503900271331,1.7150390027133111,test
img11395,5991,images/img11395.jpg,81.0,84.0281296012421,3.0281296012420995,test
img11402,5996,images/img11402.jpg,61.0,56.91065276838883,4.089347231611171,test
img11432,6013,images/img11432.jpg,44.0,40.76101153955008,3.2389884604499173,test
img11433,6013,images/img11433.jpg,44.0,44.94069095525818,0.9406909552581766,test
img11440,6017,images/img11440.jpg,35.0,33.24166049438705,1.7583395056129518,test
img11441,6017,images/img11441.jpg,35.0,30.20525708917379,4.7947429108262085,test
img11472,6034,images/img11472.jpg,56.0,64.41628038982459,8.416280389824593,test
img11473,6034,images/img11473.jpg,56.0,61.12682182795419,5.126821827954188,test
img11489,6043,images/img11489.jpg,46.0,62.764856260421965,16.764856260421965,test
img11496,6047,images/img11496.jpg,43.0,40.49837946003079,2.5016205399692097,test
img11497,6047,images/img11497.jpg,43.0,46.01730667488553,3.017306674885532,test
img11500,6050,images/img11500.jpg,79.0,87.33542318817105,8.335423188171049,test
img11525,6064,images/img11525.jpg,81.0,78.89829510801991,2.1017048919800914,test
img11526,6064,images/img11526.jpg,81.0,82.52273384633622,1.522733846336223,test
img11527,6065,images/img11527.jpg,71.0,72.8070242629678,1.8070242629678008,test
img11528,6065,images/img11528.jpg,71.0,73.75611272347871,2.756112723478708,test
img11544,6074,images/img11544.jpg,79.0,71.82654803420378,7.173451965796218,test
img11545,6074,images/img11545.jpg,79.0,73.98889261423415,5.011107385765854,test
img11568,6086,images/img11568.jpg,77.0,72.06165310640174,4.938346893598265,test
img11569,6086,images/img11569.jpg,77.0,72.80831990816185,4.191680091838151,test
img11603,6105,images/img11603.jpg,77.0,68.915905099206,8.084094900794,test
img11604,6105,images/img11604.jpg,77.0,78.53044093395374,1.5304409339537417,test
img11621,6114,images/img11621.jpg,62.0,64.86269777702073,2.8626977770207276,test
img11622,6114,images/img11622.jpg,62.0,64.62964523365711,2.629645233657115,test
img11628,6118,images/img11628.jpg,31.0,29.54832353259536,1.451676467404642,test
img11629,6118,images/img11629.jpg,31.0,31.021134028993025,0.0211340289930248,test
img11674,6145,images/img11674.jpg,36.0,41.014531568904175,5.014531568904175,test
img11675,6145,images/img11675.jpg,36.0,33.482951508959275,2.517048491040726,test
img11681,6149,images/img11681.jpg,19.0,31.14809417068447,12.14809417068447,test
img11687,6153,images/img11687.jpg,82.0,80.31609739541307,1.6839026045869332,test
img11688,6153,images/img11688.jpg,82.0,78.3654424815906,3.6345575184093946,test
img11689,6154,images/img11689.jpg,50.0,57.99179758865374,7.991797588653739,test
img11690,6154,images/img11690.jpg,50.0,56.363944345390976,6.363944345390976,test
img11717,6168,images/img11717.jpg,69.0,67.86277022219467,1.1372297778053309,test
img11718,6168,images/img11718.jpg,69.0,60.77707287768127,8.22292712231873,test
img11721,6170,images/img11721.jpg,78.0,72.46153414643457,5.538465853565427,test
img11722,6170,images/img11722.jpg,78.0,71.34402926046442,6.655970739535576,test
img11757,6189,images/img11757.jpg,75.0,62.67246737883667,12.327532621163328,test
img11758,6189,images/img11758.jpg,75.0,66.2468514607338,8.753148539266206,test
img11814,6218,images/img11814.jpg,22.0,25.838354761705,3.8383547617049985,test
img11815,6218,images/img11815.jpg,22.0,23.128586999864453,1.1285869998644529,test
img11839,6231,images/img11839.jpg,44.0,50.36992036977031,6.369920369770313,test
img11840,6231,images/img11840.jpg,44.0,50.87840875913312,6.878408759133116,test
img11857,6240,images/img11857.jpg,76.0,70.39953008865432,5.600469911345684,test
img11879,6252,images/img11879.jpg,61.0,58.47148118424699,2.52851881575301,test
img11880,6252,images/img11880.jpg,61.0,53.84844988277963,7.151550117220367,test
img11891,6258,images/img11891.jpg,58.0,71.64656459449535,13.646564594495343,test
img11892,6258,images/img11892.jpg,58.0,76.6952053222239,18.6952053222239,test
img11893,6259,images/img11893.jpg,61.0,60.302807843696584,0.6971921563034158,test
img11894,6259,images/img11894.jpg,61.0,64.04127944559295,3.0412794455929486,test
img11946,6287,images/img11946.jpg,25.0,32.66169567848597,7.6616956784859696,test
img11947,6287,images/img11947.jpg,25.0,31.963150971458308,6.963150971458308,test
img11962,6295,images/img11962.jpg,31.0,30.096695545481992,0.9033044545180076,test
img11963,6295,images/img11963.jpg,31.0,30.22855252801626,0.7714474719837412,test
img11980,6304,images/img11980.jpg,24.0,22.94198573605039,1.0580142639496088,test
img11981,6304,images/img11981.jpg,24.0,21.563652640216645,2.4363473597833547,test
img12012,6320,images/img12012.jpg,18.0,14.136198611333754,3.8638013886662463,test
img12013,6321,images/img12013.jpg,12.0,14.39848605795632,2.398486057956319,test
img12014,6321,images/img12014.jpg,12.0,16.88486408486697,4.884864084866969,test
img12019,6324,images/img12019.jpg,57.0,55.16239633784548,1.837603662154521,test
img12148,6391,images/img12148.jpg,49.0,60.27154249646456,11.271542496464562,test
img12151,6394,images/img12151.jpg,73.0,72.33294463275666,0.6670553672433357,test
img12152,6394,images/img12152.jpg,73.0,69.50396551634901,3.4960344836509876,test
img12216,6430,images/img12216.jpg,64.0,63.49740183829947,0.5025981617005328,test
img12217,6430,images/img12217.jpg,64.0,67.94220483306036,3.9422048330603583,test
img12234,6439,images/img12234.jpg,48.0,44.89485041755094,3.1051495824490587,test
img12235,6439,images/img12235.jpg,48.0,50.827092266443294,2.8270922664432945,test
img12278,6462,images/img12278.jpg,60.0,58.78795895021268,1.2120410497873166,test
img12279,6462,images/img12279.jpg,60.0,54.61689508427032,5.383104915729682,test
img12305,6476,images/img12305.jpg,78.0,58.82015295222816,19.179847047771844,test
img12308,6478,images/img12308.jpg,80.0,74.99881314346018,5.001186856539817,test
img12309,6478,images/img12309.jpg,80.0,74.03630363096447,5.963696369035532,test
img12316,6483,images/img12316.jpg,83.0,83.59701347841676,0.5970134784167556,test
img12317,6483,images/img12317.jpg,83.0,83.67029159338985,0.6702915933898481,test
img12318,6484,images/img12318.jpg,66.0,74.76697335889773,8.76697335889773,test
img12319,6484,images/img12319.jpg,66.0,69.2656464152059,3.265646415205893,test
img12392,6523,images/img12392.jpg,79.0,73.74634303522258,5.25365696477742,test
img12393,6523,images/img12393.jpg,79.0,81.63063850581734,2.6306385058173447,test
img12394,6524,images/img12394.jpg,64.0,63.49571848109659,0.5042815189034044,test
img12395,6524,images/img12395.jpg,64.0,60.82927821787374,3.1707217821262574,test
img12397,6526,images/img12397.jpg,71.0,72.6857025772134,1.685702577213405,test
img12400,6528,images/img12400.jpg,65.0,71.75929881370266,6.759298813702657,test
img12401,6528,images/img12401.jpg,65.0,72.69602411434848,7.696024114348475,test
img12412,6534,images/img12412.jpg,67.0,65.09686710546742,1.9031328945325752,test
img12413,6534,images/img12413.jpg,67.0,70.22423409258562,3.2242340925856183,test
img12449,6552,images/img12449.jpg,41.0,41.4337502225192,0.4337502225192011,test
img12458,6557,images/img12458.jpg,38.0,31.361932339444778,6.6380676605552225,test
img12459,6557,images/img12459.jpg,38.0,40.15091097617264,2.1509109761726393,test
img12468,6562,images/img12468.jpg,33.0,31.29702138771135,1.70297861228865,test
img12469,6562,images/img12469.jpg,33.0,34.61808938440531,1.6180893844053088,test
img12525,6591,images/img12525.jpg,66.0,58.39861940980657,7.601380590193429,test
img12526,6591,images/img12526.jpg,66.0,64.38180892057304,1.618191079426964,test
img12527,6592,images/img12527.jpg,65.0,61.371429388852256,3.628570611147744,test
img12528,6592,images/img12528.jpg,65.0,60.32740301752222,4.672596982477778,test
img12579,6619,images/img12579.jpg,57.0,66.52663775174902,9.52663775174902,test
img12588,6624,images/img12588.jpg,73.0,71.92032308164904,1.0796769183509554,test
img12589,6624,images/img12589.jpg,73.0,72.7989799204162,0.2010200795837988,test
img12604,6632,images/img12604.jpg,87.0,86.45072000516501,0.5492799948349898,test
img12605,6632,images/img12605.jpg,87.0,82.42668596674923,4.573314033250767,test
img12634,6647,images/img12634.jpg,64.0,72.38016370205084,8.380163702050837,test
img12635,6647,images/img12635.jpg,64.0,65.94063313527165,1.9406331352716537,test
img12665,6663,images/img12665.jpg,29.0,30.370567456120693,1.3705674561206926,test
img12666,6663,images/img12666.jpg,29.0,30.776549370914044,1.7765493709140436,test
img12676,6669,images/img12676.jpg,31.0,33.656951859833924,2.6569518598339243,test
img12677,6669,images/img12677.jpg,31.0,22.8575746697803,8.142425330219702,test
img12707,6685,images/img12707.jpg,18.0,24.83989654812664,6.839896548126639,test
img12708,6685,images/img12708.jpg,18.0,19.831087094621147,1.8310870946211464,test
img12731,6697,images/img12731.jpg,60.0,55.66603560057189,4.333964399428112,test
img12732,6697,images/img12732.jpg,60.0,62.428014139314826,2.4280141393148256,test
img12739,6701,images/img12739.jpg,78.0,64.1763144669281,13.823685533071895,test
img12740,6701,images/img12740.jpg,78.0,71.9457561169396,6.054243883060394,test
img12759,6711,images/img12759.jpg,56.0,58.50484650186718,2.5048465018671777,test
img12760,6711,images/img12760.jpg,56.0,50.743862876577026,5.256137123422974,test
img12765,6714,images/img12765.jpg,64.0,55.87121595841221,8.128784041587792,test
img12766,6714,images/img12766.jpg,64.0,56.15043540465504,7.849564595344958,test
img12783,6723,images/img12783.jpg,69.0,67.91161321042313,1.088386789576873,test
img12784,6723,images/img12784.jpg,69.0,65.26790535840686,3.732094641593136,test
img12791,6727,images/img12791.jpg,74.0,78.547565698968,4.547565698968,test
img12792,6727,images/img12792.jpg,74.0,77.72355934898343,3.7235593489834287,test
img12807,6735,images/img12807.jpg,42.0,46.55989081820583,4.5598908182058295,test
img12828,6746,images/img12828.jpg,41.0,42.45659884781446,1.4565988478144618,test
img12829,6746,images/img12829.jpg,41.0,48.27109784908733,7.271097849087333,test
img12849,6757,images/img12849.jpg,47.0,41.826422327591885,5.173577672408115,test
img12866,6766,images/img12866.jpg,44.0,58.50427815750544,14.50427815750544,test
img12867,6766,images/img12867.jpg,44.0,51.649761528037374,7.649761528037374,test
img12870,6768,images/img12870.jpg,40.0,45.615083003643264,5.615083003643264,test
img12871,6768,images/img12871.jpg,40.0,47.382867631941934,7.382867631941934,test
img12878,6772,images/img12878.jpg,42.0,50.30180738580648,8.301807385806484,test
img12879,6772,images/img12879.jpg,42.0,38.842470740528896,3.1575292594711044,test
img12889,6777,images/img12889.jpg,45.0,68.97173562847678,23.97173562847678,test
img12899,6783,images/img12899.jpg,55.0,55.63834963677998,0.6383496367799779,test
img12912,6790,images/img12912.jpg,46.0,44.24844016103762,1.751559838962379,test
img12913,6790,images/img12913.jpg,46.0,41.02718374053392,4.972816259466079,test
img12931,6800,images/img12931.jpg,58.0,65.21991740875764,7.219917408757638,test
img12932,6800,images/img12932.jpg,58.0,61.31982115787169,3.3198211578716865,test
img12946,6809,images/img12946.jpg,47.0,48.149407537006695,1.1494075370066952,test
img12947,6809,images/img12947.jpg,47.0,44.00209416710983,2.9979058328901687,test
img12977,6826,images/img12977.jpg,58.0,55.325559565503,2.6744404344970008,test
img12978,6826,images/img12978.jpg,58.0,53.541239101823734,4.458760898176266,test
img12997,6837,images/img12997.jpg,52.0,53.03501454706661,1.0350145470666092,test
img12998,6837,images/img12998.jpg,52.0,43.72450327489563,8.275496725104368,test
img13020,6849,images/img13020.jpg,55.0,62.41691117980473,7.416911179804728,test
img13021,6849,images/img13021.jpg,55.0,54.64436919698567,0.3556308030143285,test
img13035,6857,images/img13035.jpg,63.0,61.20940830297038,1.790591697029619,test
img13036,6857,images/img13036.jpg,63.0,56.63943090477529,6.360569095224712,test
img13048,6864,images/img13048.jpg,73.0,70.04398672515246,2.9560132748475354,test
img13049,6864,images/img13049.jpg,73.0,67.83196920235437,5.168030797645628,test
img13064,6872,images/img13064.jpg,61.0,77.90764566513968,16.907645665139682,test
img13065,6872,images/img13065.jpg,61.0,75.15589812652365,14.155898126523653,test
img13122,6902,images/img13122.jpg,77.0,70.53517585183178,6.464824148168219,test
img13130,6907,images/img13130.jpg,62.0,59.65941148911404,2.340588510885958,test
img13136,6911,images/img13136.jpg,52.0,44.980541860469025,7.019458139530975,test
img13137,6911,images/img13137.jpg,52.0,46.72188027638516,5.278119723614843,test
img13172,6931,images/img13172.jpg,76.0,83.94166600613767,7.941666006137666,test
img13173,6931,images/img13173.jpg,76.0,86.63816103901225,10.638161039012246,test
img13174,6932,images/img13174.jpg,61.0,69.18759578897931,8.187595788979309,test
img13175,6932,images/img13175.jpg,61.0,64.21810993054045,3.21810993054045,test
img13178,6934,images/img13178.jpg,94.0,82.77926723231587,11.220732767684126,test
img13179,6934,images/img13179.jpg,94.0,84.6136652552334,9.3863347447666,test
img13184,6937,images/img13184.jpg,54.0,49.96756582527612,4.032434174723882,test
img13185,6937,images/img13185.jpg,54.0,54.39327959298085,0.3932795929808534,test
img13230,6963,images/img13230.jpg,66.0,72.29101720528196,6.29101720528196,test
img13231,6963,images/img13231.jpg,66.0,55.49532807524616,10.504671924753836,test
img13243,6970,images/img13243.jpg,66.0,61.432526475902534,4.5674735240974655,test
img13244,6970,images/img13244.jpg,66.0,63.383759140601725,2.6162408593982747,test
img13262,6981,images/img13262.jpg,90.0,82.43484373278582,7.565156267214178,test
img13263,6981,images/img13263.jpg,90.0,81.59592873818625,8.404071261813755,test
img13270,6985,images/img13270.jpg,84.0,77.86637696636632,6.1336230336336826,test
img13271,6985,images/img13271.jpg,84.0,80.49040529842975,3.5095947015702507,test
img13287,6994,images/img13287.jpg,43.0,39.117540141422694,3.882459858577306,test
img13288,6994,images/img13288.jpg,43.0,43.45883711715256,0.4588371171525622,test
img13303,7002,images/img13303.jpg,80.0,72.82912439277602,7.1708756072239765,test
img13304,7002,images/img13304.jpg,80.0,63.54719692943568,16.452803070564322,test
img13321,7011,images/img13321.jpg,36.0,35.70823957950247,0.2917604204975319,test
img13322,7011,images/img13322.jpg,36.0,36.86373042684354,0.8637304268435386,test
img13333,7017,images/img13333.jpg,55.0,57.293760765271955,2.293760765271955,test
img13334,7017,images/img13334.jpg,55.0,54.71320307444552,0.2867969255544835,test
img13350,7026,images/img13350.jpg,59.0,52.048077542099286,6.951922457900714,test
img13351,7026,images/img13351.jpg,59.0,54.83631145274128,4.163688547258722,test
img13392,7048,images/img13392.jpg,40.0,47.85998897464986,7.859988974649859,test
img13393,7048,images/img13393.jpg,40.0,46.273640479155986,6.273640479155986,test
img13416,7061,images/img13416.jpg,66.0,66.30399944740726,0.3039994474072642,test
img13417,7061,images/img13417.jpg,66.0,64.49437082333198,1.5056291766680232,test
img13448,7078,images/img13448.jpg,71.0,75.93501276987745,4.935012769877446,test
img13449,7078,images/img13449.jpg,71.0,80.28429955763727,9.284299557637269,test
img13492,7101,images/img13492.jpg,43.0,68.25019430986521,25.250194309865208,test
img13501,7106,images/img13501.jpg,34.0,27.418603473048783,6.581396526951217,test
img13502,7106,images/img13502.jpg,34.0,26.75619941453993,7.243800585460072,test
img13509,7110,images/img13509.jpg,42.0,50.90019479313673,8.900194793136727,test
img13510,7110,images/img13510.jpg,42.0,44.80155523869607,2.801555238696068,test
img13511,7111,images/img13511.jpg,53.0,46.26791586499475,6.732084135005252,test
img13512,7111,images/img13512.jpg,53.0,49.12720140941149,3.872798590588516,test
img13515,7113,images/img13515.jpg,45.0,48.0568954164425,3.056895416442501,test
img13516,7113,images/img13516.jpg,45.0,57.71968237876951,12.719682378769512,test
img13519,7115,images/img13519.jpg,37.0,45.12889650701874,8.128896507018737,test
img13520,7115,images/img13520.jpg,37.0,69.63484313071471,32.634843130714714,test
img13533,7122,images/img13533.jpg,53.0,45.71037509020041,7.289624909799592,test
img13534,7122,images/img13534.jpg,53.0,35.75452072382451,17.245479276175487,test
img13548,7130,images/img13548.jpg,35.0,41.13333939761119,6.133339397611188,test
img13549,7130,images/img13549.jpg,35.0,40.50189449745538,5.501894497455382,test
img13554,7133,images/img13554.jpg,38.0,30.26309652286159,7.736903477138409,test
img13555,7133,images/img13555.jpg,38.0,39.70772179585731,1.70772179585731,test
img13562,7137,images/img13562.jpg,47.0,43.107201410831074,3.892798589168926,test
img13563,7137,images/img13563.jpg,47.0,41.582375340456224,5.417624659543776,test
img13567,7140,images/img13567.jpg,33.0,38.812834492630714,5.812834492630714,test
img13568,7140,images/img13568.jpg,33.0,38.20724033156118,5.207240331561181,test
img13571,7142,images/img13571.jpg,52.0,53.8943915746045,1.894391574604498,test
img13572,7142,images/img13572.jpg,52.0,56.092930652043776,4.092930652043776,test
img13605,7159,images/img13605.jpg,55.0,53.70815757385365,1.2918424261463528,test
img13606,7159,images/img13606.jpg,55.0,52.6339436510517,2.366056348948298,test
img13609,7161,images/img13609.jpg,57.0,54.94600641332526,2.0539935866747427,test
img13610,7161,images/img13610.jpg,57.0,61.73646869739163,4.736468697391629,test
img13648,7180,images/img13648.jpg,62.0,52.436658767438914,9.563341232561086,test
img13665,7189,images/img13665.jpg,56.0,52.71638071243861,3.283619287561393,test
img13666,7189,images/img13666.jpg,56.0,54.99314614071045,1.0068538592895493,test
img13673,7193,images/img13673.jpg,36.0,35.65608004494817,0.343919955051831,test
img13674,7193,images/img13674.jpg,36.0,37.07073046819082,1.070730468190817,test
img13684,7199,images/img13684.jpg,32.0,33.982952767934805,1.982952767934805,test
img13692,7203,images/img13692.jpg,78.0,80.71032034852105,2.7103203485210514,test
img13695,7205,images/img13695.jpg,40.0,77.58118233821534,37.58118233821534,test
img13696,7205,images/img13696.jpg,40.0,42.274645765664566,2.274645765664566,test
img13704,7209,images/img13704.jpg,41.0,27.202941803645,13.797058196355,test
img13734,7225,images/img13734.jpg,42.0,42.43302639392209,0.4330263939220913,test
img13735,7225,images/img13735.jpg,42.0,43.691813317785886,1.6918133177858865,test
img13748,7232,images/img13748.jpg,75.0,70.2802849251638,4.719715074836202,test
img13749,7232,images/img13749.jpg,75.0,72.16891137062646,2.8310886293735393,test
img13756,7236,images/img13756.jpg,42.0,45.69665193912574,3.696651939125743,test
img13757,7236,images/img13757.jpg,42.0,64.68669779191772,22.686697791917723,test
img13770,7243,images/img13770.jpg,65.0,63.39300969829189,1.606990301708116,test
img13771,7243,images/img13771.jpg,65.0,66.30724510405497,1.3072451040549709,test
img13831,7274,images/img13831.jpg,66.0,71.06570547803945,5.0657054780394475,test
img13832,7274,images/img13832.jpg,66.0,73.17357188573558,7.1735718857355835,test
img13839,7278,images/img13839.jpg,36.0,23.295954258087427,12.704045741912571,test
img13840,7278,images/img13840.jpg,36.0,24.919966984874584,11.080033015125416,test
img13868,7293,images/img13868.jpg,77.0,71.30605638641869,5.693943613581311,test
img13869,7293,images/img13869.jpg,77.0,68.15751423529437,8.842485764705629,test
img13893,7306,images/img13893.jpg,73.0,71.90745824098492,1.0925417590150772,test
img13894,7306,images/img13894.jpg,73.0,77.4697546703064,4.469754670306401,test
img13895,7307,images/img13895.jpg,62.0,64.95186881252434,2.951868812524338,test
img13896,7307,images/img13896.jpg,62.0,60.985234964444594,1.0147650355554063,test
img13909,7314,images/img13909.jpg,79.0,79.224989644356,0.2249896443560004,test
img13910,7314,images/img13910.jpg,79.0,71.91262773443592,7.087372265564085,test
img13912,7315,images/img13912.jpg,82.0,84.04895371684407,2.0489537168440677,test
img13931,7325,images/img13931.jpg,63.0,65.97784149140406,2.977841491404064,test
img13932,7325,images/img13932.jpg,63.0,72.30580697335981,9.305806973359807,test
img14017,7368,images/img14017.jpg,77.0,73.65783563616726,3.3421643638327367,test
img14018,7368,images/img14018.jpg,77.0,74.96365186310994,2.036348136890055,test
img14027,7373,images/img14027.jpg,81.0,78.61836812825887,2.381631871741135,test
img14052,7386,images/img14052.jpg,70.0,70.915231775419,0.9152317754190022,test
img14053,7386,images/img14053.jpg,70.0,65.71098220584763,4.289017794152372,test
img14054,7387,images/img14054.jpg,69.0,71.55641146429708,2.556411464297085,test
img14055,7387,images/img14055.jpg,69.0,69.91386817564792,0.91386817564792,test
img14060,7390,images/img14060.jpg,79.0,74.55762850512015,4.4423714948798505,test
img14061,7390,images/img14061.jpg,79.0,75.03871857919268,3.9612814208073246,test
img14078,7399,images/img14078.jpg,73.0,66.05808315398995,6.941916846010045,test
img14079,7399,images/img14079.jpg,73.0,65.58174868670922,7.418251313290781,test
img14088,7404,images/img14088.jpg,80.0,75.27335905134629,4.72664094865371,test
img14101,7411,images/img14101.jpg,62.0,61.587400791618926,0.4125992083810743,test
img14102,7411,images/img14102.jpg,62.0,64.35747358468299,2.3574735846829924,test
img14125,7422,images/img14125.jpg,76.0,78.31752760284037,2.3175276028403715,test
img14126,7422,images/img14126.jpg,76.0,77.77162036953163,1.7716203695316324,test
img14136,7428,images/img14136.jpg,69.0,68.85542856949193,0.1445714305080656,test
img14149,7435,images/img14149.jpg,56.0,61.878686479036546,5.878686479036546,test
img14150,7435,images/img14150.jpg,56.0,70.12449776851523,14.124497768515226,test
img14211,7467,images/img14211.jpg,77.0,76.04887468027216,0.9511253197278364,test
img14212,7467,images/img14212.jpg,77.0,70.94746585736787,6.052534142632126,test
img14234,7478,images/img14234.jpg,66.0,73.31406432167597,7.314064321675971,test
img14235,7479,images/img14235.jpg,69.0,72.84291079925578,3.842910799255776,test
img14236,7479,images/img14236.jpg,69.0,71.98412706379328,2.984127063793281,test
img14241,7482,images/img14241.jpg,67.0,66.73523062963326,0.2647693703667357,test
img14242,7482,images/img14242.jpg,67.0,66.77915496481025,0.2208450351897539,test
img14273,7498,images/img14273.jpg,56.0,57.22664207720699,1.2266420772069893,test
img14274,7498,images/img14274.jpg,56.0,51.78781754027111,4.2121824597288935,test
img14285,7504,images/img14285.jpg,64.0,45.85381653675081,18.146183463249187,test
img14286,7504,images/img14286.jpg,64.0,65.08307361001985,1.083073610019852,test
img14297,7510,images/img14297.jpg,67.0,61.910555206490464,5.089444793509536,test
img14298,7510,images/img14298.jpg,67.0,64.17663292517445,2.823367074825555,test
img14319,7520,images/img14319.jpg,64.0,62.6512430092059,1.3487569907941008,test
img14327,7524,images/img14327.jpg,51.0,51.90126719992227,0.9012671999222732,test
img14328,7524,images/img14328.jpg,51.0,58.08045099318073,7.080450993180733,test
img14331,7526,images/img14331.jpg,61.0,54.36511648712464,6.634883512875362,test
img14332,7526,images/img14332.jpg,61.0,57.49294787796883,3.507052122031169,test
img14352,7537,images/img14352.jpg,59.0,57.718554278603186,1.281445721396814,test
img14353,7537,images/img14353.jpg,59.0,63.79157546214287,4.791575462142873,test
img14418,7571,images/img14418.jpg,73.0,74.03829508561458,1.0382950856145785,test
img14419,7571,images/img14419.jpg,73.0,69.75051218259642,3.249487817403576,test
img14422,7573,images/img14422.jpg,83.0,78.0193896100741,4.9806103899259,test
img14423,7573,images/img14423.jpg,83.0,72.4186709752086,10.5813290247914,test
img14454,7589,images/img14454.jpg,75.0,71.46646336886018,3.5335366311398246,test
img14455,7589,images/img14455.jpg,75.0,71.94464151307739,3.0553584869226142,test
img14470,7597,images/img14470.jpg,83.0,82.91304805165342,0.0869519483465808,test
img14471,7597,images/img14471.jpg,83.0,84.3974888177054,1.397488817705394,test
img14476,7600,images/img14476.jpg,69.0,47.97492840815209,21.02507159184791,test
img14477,7600,images/img14477.jpg,69.0,47.70476130115327,21.29523869884673,test
img14484,7604,images/img14484.jpg,42.0,45.148026904618725,3.1480269046187246,test
img14485,7604,images/img14485.jpg,42.0,54.13852063017522,12.138520630175222,test
img14502,7613,images/img14502.jpg,56.0,52.20008900542984,3.799910994570162,test
img14503,7613,images/img14503.jpg,56.0,52.06390120886732,3.936098791132679,test
img14512,7618,images/img14512.jpg,77.0,68.39402728556095,8.605972714439048,test
img14513,7618,images/img14513.jpg,77.0,63.29705124876036,13.70294875123964,test
img14518,7621,images/img14518.jpg,56.0,57.07925084864826,1.0792508486482577,test
img14519,7621,images/img14519.jpg,56.0,62.18032069619744,6.180320696197441,test
img14532,7628,images/img14532.jpg,65.0,72.36669030076527,7.366690300765271,test
img14533,7628,images/img14533.jpg,65.0,66.24333206086747,1.2433320608674734,test
img14548,7636,images/img14548.jpg,73.0,65.03327470174713,7.966725298252868,test
img14579,7652,images/img14579.jpg,74.0,71.38508419959298,2.6149158004070188,test
img14580,7652,images/img14580.jpg,74.0,79.24576359187806,5.24576359187806,test
img14591,7658,images/img14591.jpg,63.0,54.14679836335941,8.853201636640591,test
img14592,7658,images/img14592.jpg,63.0,56.12202336696756,6.877976633032439,test
img14595,7660,images/img14595.jpg,56.0,52.56121193190539,3.4387880680946097,test
img14596,7660,images/img14596.jpg,56.0,53.02435791987609,2.9756420801239116,test
img14615,7670,images/img14615.jpg,65.0,63.50512226955255,1.494877730447449,test
img14616,7670,images/img14616.jpg,65.0,62.98626817333216,2.013731826667843,test
img14631,7678,images/img14631.jpg,59.0,63.810686228755074,4.810686228755074,test
img14632,7678,images/img14632.jpg,59.0,65.92581937376428,6.925819373764284,test
img14653,7689,images/img14653.jpg,58.0,57.12148664622281,0.878513353777187,test
img14654,7689,images/img14654.jpg,58.0,56.561869076512,1.4381309234879964,test
img14687,7706,images/img14687.jpg,72.0,66.17612319295235,5.823876807047654,test
img14688,7706,images/img14688.jpg,72.0,76.404904456027,4.404904456026998,test
img14693,7709,images/img14693.jpg,61.0,59.54122967079539,1.4587703292046044,test
img14694,7709,images/img14694.jpg,61.0,60.364812591279474,0.635187408720526,test
img14784,7756,images/img14784.jpg,81.0,79.58810184426079,1.411898155739209,test
img14785,7756,images/img14785.jpg,81.0,74.80084335649566,6.199156643504338,test
img14819,7774,images/img14819.jpg,67.0,71.68916601921747,4.689166019217467,test
img14820,7774,images/img14820.jpg,67.0,60.8938668942243,6.106133105775697,test
img14860,7796,images/img14860.jpg,50.0,51.36661343036335,1.3666134303633513,test
img14861,7796,images/img14861.jpg,50.0,49.16180756905147,0.8381924309485242,test
img14876,7804,images/img14876.jpg,60.0,62.11405302508574,2.114053025085738,test
img14877,7804,images/img14877.jpg,60.0,58.67184383866401,1.3281561613359898,test
img14884,7808,images/img14884.jpg,70.0,69.70384932462292,0.2961506753770777,test
img14885,7808,images/img14885.jpg,70.0,62.71358066562337,7.286419334376632,test
img14890,7811,images/img14890.jpg,54.0,56.37943128618792,2.379431286187923,test
img14891,7811,images/img14891.jpg,54.0,51.16517059447589,2.8348294055241112,test
img14945,7838,images/img14945.jpg,52.0,49.215473236613335,2.7845267633866655,test
img14946,7838,images/img14946.jpg,52.0,54.55661404647631,2.5566140464763123,test
img14988,7860,images/img14988.jpg,42.0,57.3196152533316,15.319615253331598,test
img15003,7868,images/img15003.jpg,61.0,60.61767961763699,0.3823203823630123,test
img15004,7868,images/img15004.jpg,61.0,61.53593433999461,0.5359343399946113,test
img15047,7890,images/img15047.jpg,52.0,52.97199444117088,0.971994441170878,test
img15048,7890,images/img15048.jpg,52.0,57.76617523784181,5.766175237841807,test
img15097,7916,images/img15097.jpg,70.0,72.2155556882226,2.2155556882225937,test
img15114,7925,images/img15114.jpg,77.0,75.4770850801746,1.5229149198253964,test
img15115,7925,images/img15115.jpg,77.0,78.40667846205098,1.4066784620509765,test
img15132,7934,images/img15132.jpg,64.0,61.09697400163206,2.903025998367937,test
img15133,7934,images/img15133.jpg,64.0,62.57943394648565,1.4205660535143494,test
img15138,7937,images/img15138.jpg,52.0,51.290082569774725,0.7099174302252749,test
img15139,7937,images/img15139.jpg,52.0,58.78613654017965,6.786136540179648,test
img15147,7941,images/img15147.jpg,68.0,66.08409094097854,1.915909059021459,test
img15168,7954,images/img15168.jpg,54.0,55.57034380529116,1.5703438052911594,test
img15169,7954,images/img15169.jpg,54.0,51.61831159498961,2.3816884050103866,test
img15182,7961,images/img15182.jpg,83.0,75.20974374480691,7.790256255193086,test
img15183,7961,images/img15183.jpg,83.0,71.18684394124115,11.81315605875885,test
img15209,7975,images/img15209.jpg,85.0,81.3960242083141,3.6039757916858974,test
img15242,7993,images/img15242.jpg,63.0,62.37519424014353,0.6248057598564714,test
img15243,7993,images/img15243.jpg,63.0,56.856236011054605,6.143763988945395,test
img15275,8010,images/img15275.jpg,61.0,56.429347366919,4.5706526330809965,test
img15276,8010,images/img15276.jpg,61.0,61.03642521897683,0.0364252189768308,test
img15295,8020,images/img15295.jpg,47.0,49.84766847674684,2.84766847674684,test
img15296,8020,images/img15296.jpg,47.0,50.867357603618565,3.867357603618565,test
img15307,8026,images/img15307.jpg,56.0,66.00009430667288,10.000094306672878,test
img15308,8027,images/img15308.jpg,64.0,65.28242738162348,1.282427381623478,test
img15313,8030,images/img15313.jpg,48.0,48.28695041703184,0.2869504170318393,test
img15314,8030,images/img15314.jpg,48.0,59.07665934559959,11.076659345599587,test
img15319,8033,images/img15319.jpg,68.0,67.39290362008506,0.6070963799149354,test
img15320,8033,images/img15320.jpg,68.0,68.30700202608367,0.3070020260836656,test
img15335,8042,images/img15335.jpg,67.0,75.7989809306068,8.798980930606803,test
img15336,8042,images/img15336.jpg,67.0,65.33171370299283,1.668286297007171,test
img15339,8044,images/img15339.jpg,74.0,76.03209454815465,2.032094548154646,test
img15342,8046,images/img15342.jpg,60.0,69.08031571254593,9.080315712545923,test
img15343,8046,images/img15343.jpg,60.0,65.93437848444012,5.934378484440117,test
img15358,8054,images/img15358.jpg,83.0,76.06158683547571,6.938413164524292,test
img15394,8073,images/img15394.jpg,69.0,71.06626605180186,2.066266051801861,test
img15400,8076,images/img15400.jpg,66.0,67.34905126519664,1.3490512651966355,test
img15401,8076,images/img15401.jpg,66.0,68.9070667922594,2.9070667922594,test
img15402,8077,images/img15402.jpg,78.0,76.92944226851742,1.0705577314825805,test
img15403,8077,images/img15403.jpg,78.0,75.15599410024174,2.8440058997582582,test
img15408,8080,images/img15408.jpg,55.0,58.31234871642242,3.31234871642242,test
img15409,8080,images/img15409.jpg,55.0,55.30070046395264,0.3007004639526442,test
img15420,8086,images/img15420.jpg,65.0,65.73745132104925,0.7374513210492495,test
img15426,8090,images/img15426.jpg,63.0,68.00767090550403,5.007670905504028,test
img15427,8090,images/img15427.jpg,63.0,67.03148077574053,4.031480775740533,test
img15432,8093,images/img15432.jpg,58.0,59.78196665526781,1.7819666552678086,test
img15433,8093,images/img15433.jpg,58.0,67.67699455047816,9.676994550478156,test
img15440,8097,images/img15440.jpg,59.0,60.88532387005236,1.8853238700523605,test
img15441,8097,images/img15441.jpg,59.0,60.82813689405592,1.8281368940559233,test
img15442,8098,images/img15442.jpg,74.0,80.4279853009246,6.427985300924604,test
img15443,8098,images/img15443.jpg,74.0,77.86640750345845,3.866407503458447,test
img15448,8101,images/img15448.jpg,72.0,79.66213684287418,7.662136842874176,test
img15449,8101,images/img15449.jpg,72.0,78.61925588515109,6.619255885151091,test
img15464,8109,images/img15464.jpg,68.0,70.55691062714506,2.556910627145058,test
img15465,8109,images/img15465.jpg,68.0,67.8114624543883,0.1885375456116946,test
img15466,8110,images/img15466.jpg,70.0,69.42903294534952,0.570967054650481,test
img15467,8110,images/img15467.jpg,70.0,65.08537098089633,4.914629019103671,test
img15519,8137,images/img15519.jpg,74.0,63.04757902002723,10.952420979972764,test
img15520,8137,images/img15520.jpg,74.0,73.59106846547739,0.4089315345226083,test
img15531,8143,images/img15531.jpg,63.0,56.39820955294445,6.601790447055549,test
img15532,8143,images/img15532.jpg,63.0,53.603044267697435,9.396955732302564,test
img15535,8145,images/img15535.jpg,81.0,76.0547857888174,4.945214211182602,test
img15538,8147,images/img15538.jpg,58.0,61.03644566792244,3.036445667922443,test
img15539,8147,images/img15539.jpg,58.0,61.38432367599807,3.3843236759980684,test
img15544,8150,images/img15544.jpg,63.0,66.0182518797669,3.018251879766894,test
img15545,8150,images/img15545.jpg,63.0,69.01397278931437,6.013972789314366,test
img15558,8157,images/img15558.jpg,46.0,51.75666697978712,5.75666697978712,test
img15559,8158,images/img15559.jpg,60.0,62.512568620856825,2.5125686208568254,test
img15560,8158,images/img15560.jpg,60.0,70.48785426515694,10.48785426515694,test
img15569,8163,images/img15569.jpg,54.0,53.77977687035861,0.2202231296413899,test
img15570,8163,images/img15570.jpg,54.0,51.37411737544554,2.625882624554457,test
img15579,8168,images/img15579.jpg,73.0,73.1139482133799,0.1139482133798992,test
img15580,8168,images/img15580.jpg,73.0,70.03298682832826,2.967013171671738,test
img15583,8170,images/img15583.jpg,77.0,74.54498396776343,2.4550160322365713,test
img15584,8170,images/img15584.jpg,77.0,74.22246210694286,2.7775378930571435,test
img15596,8177,images/img15596.jpg,63.0,63.661836445068914,0.6618364450689143,test
img15597,8177,images/img15597.jpg,63.0,66.7511175518064,3.751117551806402,test
img15638,8199,images/img15638.jpg,70.0,66.8170580397883,3.182941960211707,test
img15639,8199,images/img15639.jpg,70.0,68.00544824144218,1.9945517585578187,test
img15667,8214,images/img15667.jpg,59.0,63.760541051669975,4.760541051669975,test
img15668,8214,images/img15668.jpg,59.0,62.0576133898883,3.057613389888303,test
img15681,8221,images/img15681.jpg,60.0,55.79459076002116,4.205409239978842,test
img15682,8221,images/img15682.jpg,60.0,55.91759962011493,4.0824003798850725,test
img15693,8227,images/img15693.jpg,58.0,50.94989063872355,7.050109361276448,test
img15694,8227,images/img15694.jpg,58.0,57.62954342650688,0.3704565734931222,test
img15699,8230,images/img15699.jpg,73.0,76.01069022780248,3.0106902278024847,test
img15700,8230,images/img15700.jpg,73.0,70.2505483411058,2.749451658894202,test
img15705,8233,images/img15705.jpg,61.0,55.36519425719556,5.6348057428044385,test
img15706,8233,images/img15706.jpg,61.0,61.113663613083666,0.1136636130836663,test
img15709,8235,images/img15709.jpg,58.0,53.450644819705445,4.549355180294555,test
img15710,8235,images/img15710.jpg,58.0,57.69440407383409,0.3055959261659069,test
img15724,8243,images/img15724.jpg,66.0,70.07120618033179,4.071206180331785,test
img15758,8263,images/img15758.jpg,62.0,61.12657971243813,0.8734202875618706,test
img15759,8263,images/img15759.jpg,62.0,64.74324975998972,2.743249759989723,test
img15800,8285,images/img15800.jpg,63.0,65.14290722488384,2.1429072248838423,test
img15801,8285,images/img15801.jpg,63.0,61.2515129546404,1.748487045359596,test
img15810,8290,images/img15810.jpg,70.0,68.5279651528008,1.4720348471991969,test
img15811,8290,images/img15811.jpg,70.0,61.961193339491146,8.038806660508854,test
img15837,8304,images/img15837.jpg,59.0,59.07256873851914,0.0725687385191378,test
img15838,8304,images/img15838.jpg,59.0,56.161545180480346,2.8384548195196544,test
img15841,8306,images/img15841.jpg,71.0,78.87332667277369,7.873326672773686,test
img15842,8306,images/img15842.jpg,71.0,81.26157811661261,10.261578116612611,test
img15845,8308,images/img15845.jpg,70.0,76.68878380799616,6.68878380799616,test
img15846,8308,images/img15846.jpg,70.0,67.44487338842407,2.555126611575929,test
img15864,8318,images/img15864.jpg,63.0,68.40567827681348,5.405678276813475,test
img15865,8318,images/img15865.jpg,63.0,63.934983099769866,0.934983099769866,test
img15868,8320,images/img15868.jpg,62.0,55.36931335647357,6.630686643526431,test
img15869,8320,images/img15869.jpg,62.0,50.65358650739987,11.346413492600128,test
img15874,8323,images/img15874.jpg,63.0,63.13970560980347,0.139705609803471,test
img15875,8323,images/img15875.jpg,63.0,60.91763374942631,2.082366250573692,test
img15881,8327,images/img15881.jpg,38.0,49.2872528528519,11.2872528528519,test
img15882,8327,images/img15882.jpg,38.0,52.253693598807466,14.253693598807466,test
img15898,8336,images/img15898.jpg,63.0,65.45843936344124,2.4584393634412436,test
img15899,8336,images/img15899.jpg,63.0,67.39552653817572,4.395526538175716,test
img15919,8347,images/img15919.jpg,70.0,71.99641606214894,1.9964160621489384,test
img15920,8347,images/img15920.jpg,70.0,68.13902838846012,1.860971611539881,test
img15941,8358,images/img15941.jpg,69.0,71.55025278718362,2.5502527871836236,test
img15942,8358,images/img15942.jpg,69.0,76.66917026997449,7.669170269974487,test
img15954,8365,images/img15954.jpg,54.0,56.089963237382705,2.0899632373827046,test
img15955,8365,images/img15955.jpg,54.0,54.91031073386299,0.9103107338629924,test
img16037,8409,images/img16037.jpg,63.0,61.71766602822667,1.2823339717733333,test
img16038,8409,images/img16038.jpg,63.0,69.93450034381374,6.934500343813738,test
img16059,8420,images/img16059.jpg,57.0,63.10334138614596,6.1033413861459564,test
img16060,8420,images/img16060.jpg,57.0,57.625461544309886,0.6254615443098857,test
img16071,8426,images/img16071.jpg,87.0,83.57174839713282,3.428251602867178,test
img16072,8426,images/img16072.jpg,87.0,82.39727656582104,4.602723434178955,test
img16079,8430,images/img16079.jpg,52.0,59.03009709643851,7.03009709643851,test
img16080,8430,images/img16080.jpg,52.0,61.611375680760965,9.611375680760965,test
img16082,8432,images/img16082.jpg,50.0,51.30256351556654,1.3025635155665398,test
img16083,8432,images/img16083.jpg,50.0,57.4013581411781,7.4013581411781,test
img16087,8434,images/img16087.jpg,67.0,64.9398410153673,2.060158984632693,test
img16088,8435,images/img16088.jpg,69.0,70.9116698417458,1.9116698417458051,test
img16089,8435,images/img16089.jpg,69.0,68.5891364013605,0.4108635986394944,test
img16110,8446,images/img16110.jpg,61.0,77.84817685946543,16.848176859465426,test
img16111,8446,images/img16111.jpg,61.0,69.39131854597632,8.391318545976318,test
img16118,8450,images/img16118.jpg,59.0,60.2154518566056,1.215451856605597,test
img16119,8450,images/img16119.jpg,59.0,68.48950804772295,9.48950804772295,test
img16124,8453,images/img16124.jpg,54.0,59.940759261616286,5.940759261616286,test
img16125,8453,images/img16125.jpg,54.0,58.12362812388501,4.1236281238850125,test
img16130,8456,images/img16130.jpg,63.0,70.21228427407453,7.212284274074534,test
img16131,8456,images/img16131.jpg,63.0,63.2849089375079,0.2849089375079003,test
img16150,8466,images/img16150.jpg,72.0,68.86654407102202,3.1334559289779804,test
img16151,8466,images/img16151.jpg,72.0,75.58671760331131,3.586717603311314,test
img16154,8468,images/img16154.jpg,66.0,76.17759942964372,10.17759942964372,test
img16155,8468,images/img16155.jpg,66.0,68.61065959824984,2.610659598249839,test
img16161,8472,images/img16161.jpg,68.0,79.60210528221666,11.602105282216655,test
img16162,8472,images/img16162.jpg,68.0,68.1677038085671,0.1677038085670972,test
img16239,8511,images/img16239.jpg,34.0,45.382264941522685,11.382264941522685,test
img16240,8511,images/img16240.jpg,34.0,40.447810035487365,6.447810035487365,test
img16243,8513,images/img16243.jpg,29.0,34.90360683324437,5.903606833244368,test
img16244,8513,images/img16244.jpg,29.0,33.78272977981632,4.7827297798163215,test
img16247,8515,images/img16247.jpg,20.0,28.542132891049153,8.542132891049153,test
img16248,8515,images/img16248.jpg,20.0,28.83643193509232,8.836431935092321,test
img16261,8522,images/img16261.jpg,33.0,33.332892238303245,0.3328922383032449,test
img16262,8522,images/img16262.jpg,33.0,29.180301404522556,3.819698595477444,test
img16263,8523,images/img16263.jpg,19.0,21.427140932355613,2.427140932355613,test
img16264,8523,images/img16264.jpg,19.0,21.200618964263008,2.2006189642630076,test
img16265,8524,images/img16265.jpg,20.0,24.185674249083895,4.185674249083895,test
img16266,8524,images/img16266.jpg,20.0,21.912250996483067,1.912250996483067,test
