image_id,patient_id,image_path,age_true,age_pred,absolute_error,split
img00001,1,images/img00001.jpg,48.0,42.20212453433176,5.797875465668241,validation
img00002,1,images/img00002.jpg,48.0,45.61334893305527,2.3866510669447294,validation
img00015,8,images/img00015.jpg,28.0,31.471789528330625,3.471789528330625,validation
img00016,8,images/img00016.jpg,28.0,34.720739819551866,6.720739819551866,validation
img00029,15,images/img00029.jpg,26.0,26.47153918550096,0.4715391855009621,validation
img00030,15,images/img00030.jpg,26.0,27.887598677422663,1.8875986774226623,validation
img00047,24,images/img00047.jpg,13.0,19.429633394344364,6.429633394344364,validation
img00048,24,images/img00048.jpg,13.0,18.640973728483587,5.640973728483587,validation
img00070,36,images/img00070.jpg,39.0,38.898176940210334,0.1018230597896661,validation
img00071,36,images/img00071.jpg,39.0,41.29133176855467,2.29133176855467,validation
img00074,38,images/img00074.jpg,37.0,30.73166638916672,6.268333610833281,validation
img00075,38,images/img00075.jpg,37.0,28.97281713214316,8.027182867856844,validation
img00094,48,images/img00094.jpg,20.0,23.750112798134857,3.7501127981348574,validation
img00095,48,images/img00095.jpg,20.0,20.7907762885379,0.7907762885378986,validation
img00096,49,images/img00096.jpg,20.0,20.818307658300974,0.8183076583009736,validation
img00097,49,images/img00097.jpg,20.0,19.883567268642658,0.1164327313573423,validation
img00118,60,images/img00118.jpg,20.0,24.925012148736258,4.925012148736258,validation
img00119,60,images/img00119.jpg,20.0,26.03701381446299,6.037013814462991,validation
img00130,66,images/img00130.jpg,27.0,25.581060129643337,1.4189398703566631,validation
img00131,66,images/img00131.jpg,27.0,24.82885084566425,2.171149154335751,validation
img00132,67,images/img00132.jpg,18.0,21.469295206800325,3.469295206800325,validation
img00133,67,images/img00133.jpg,18.0,23.396013402845902,5.396013402845902,validation
img00160,81,images/img00160.jpg,28.0,29.388965717390136,1.3889657173901355,validation
img00161,81,images/img00161.jpg,28.0,26.555245717431536,1.4447542825684645,validation
img00177,90,images/img00177.jpg,25.0,25.453923309061796,0.4539233090617927,validation
img00178,90,images/img00178.jpg,25.0,23.506127975793863,1.4938720242061336,validation
img00191,97,images/img00191.jpg,19.0,21.28253471386309,2.282534713863086,validation
img00192,97,images/img00192.jpg,19.0,25.726837663740582,6.726837663740582,validation
img00197,100,images/img00197.jpg,15.0,22.49511901735599,7.495119017355989,validation
img00198,100,images/img00198.jpg,15.0,24.80205236611195,9.802052366111951,validation
img00209,106,images/img00209.jpg,24.0,23.745632570477326,0.2543674295226736,validation
img00210,106,images/img00210.jpg,24.0,22.88391727417173,1.1160827258282708,validation
img00223,113,images/img00223.jpg,16.0,19.13144741471905,3.131447414719055,validation
img00224,113,images/img00224.jpg,16.0,17.90906942954051,1.9090694295405088,validation
img00227,115,images/img00227.jpg,18.0,21.731357987673757,3.7313579876737535,validation
img00228,115,images/img00228.jpg,18.0,20.573081721287565,2.573081721287565,validation
img00253,128,images/img00253.jpg,18.0,22.755076920094304,4.755076920094304,validation
img00254,128,images/img00254.jpg,18.0,22.92893331039184,4.928933310391841,validation
img00255,129,images/img00255.jpg,47.0,40.15969475259761,6.840305247402391,validation
img00256,129,images/img00256.jpg,47.0,42.45898619405164,4.54101380594836,validation
img00269,136,images/img00269.jpg,17.0,22.2220345274497,5.222034527449701,validation
img00270,136,images/img00270.jpg,17.0,20.022724797413417,3.0227247974134173,validation
img00271,137,images/img00271.jpg,17.0,22.374253206762475,5.374253206762475,validation
img00272,137,images/img00272.jpg,17.0,23.459423674623928,6.459423674623928,validation
img00275,139,images/img00275.jpg,15.0,21.204187441598805,6.204187441598805,validation
img00276,139,images/img00276.jpg,15.0,18.260660420834256,3.260660420834256,validation
img00277,140,images/img00277.jpg,18.0,20.899202596536043,2.8992025965360426,validation
img00278,140,images/img00278.jpg,18.0,21.63618041521205,3.6361804152120456,validation
img00281,142,images/img00281.jpg,16.0,21.165708524312286,5.165708524312286,validation
img00282,142,images/img00282.jpg,16.0,17.8841249877238,1.884124987723801,validation
img00283,143,images/img00283.jpg,14.0,21.820541565197345,7.820541565197345,validation
img00284,143,images/img00284.jpg,14.0,20.396254508171356,6.396254508171353,validation
img00285,144,images/img00285.jpg,24.0,26.70248903195033,2.7024890319503285,validation
img00286,144,images/img00286.jpg,24.0,24.709418097179302,0.7094180971793023,validation
img00295,149,images/img00295.jpg,17.0,20.24511335196609,3.24511335196609,validation
img00296,149,images/img00296.jpg,17.0,22.32762306710196,5.32762306710196,validation
img00319,161,images/img00319.jpg,17.0,20.7436095685445,3.7436095685445,validation
img00320,161,images/img00320.jpg,17.0,24.21192524219898,7.21192524219898,validation
img00329,166,images/img00329.jpg,66.0,58.53033256809002,7.469667431909976,validation
img00330,166,images/img00330.jpg,66.0,57.43526147055737,8.564738529442629,validation
img00334,169,images/img00334.jpg,68.0,52.90997197116845,15.090028028831547,validation
img00335,169,images/img00335.jpg,68.0,65.35529651768431,2.644703482315691,validation
img00342,173,images/img00342.jpg,41.0,60.75782169497587,19.757821694975867,validation
img00343,173,images/img00343.jpg,41.0,61.00559066286572,20.00559066286572,validation
img00357,181,images/img00357.jpg,28.0,33.23270222029285,5.23270222029285,validation
img00358,181,images/img00358.jpg,28.0,35.71455639512867,7.7145563951286675,validation
img00366,186,images/img00366.jpg,68.0,71.6937029586175,3.693702958617493,validation
img00367,186,images/img00367.jpg,68.0,63.29151749142484,4.708482508575159,validation
img00370,188,images/img00370.jpg,83.0,81.51711032221503,1.4828896777849678,validation
img00371,188,images/img00371.jpg,83.0,81.1093877931711,1.890612206828905,validation
img00375,191,images/img00375.jpg,61.0,74.96290370435311,13.96290370435311,validation
img00376,191,images/img00376.jpg,61.0,56.291938154835016,4.708061845164984,validation
img00388,198,images/img00388.jpg,64.0,64.47350580983878,0.4735058098387839,validation
img00389,198,images/img00389.jpg,64.0,52.29724221869039,11.702757781309614,validation
img00405,208,images/img00405.jpg,53.0,55.965726758920624,2.965726758920624,validation
img00406,208,images/img00406.jpg,53.0,49.710911926843664,3.289088073156336,validation
img00418,215,images/img00418.jpg,66.0,64.85555100685525,1.1444489931447492,validation
img00419,215,images/img00419.jpg,66.0,61.733150515150136,4.266849484849864,validation
img00439,226,images/img00439.jpg,65.0,71.6464097278139,6.646409727813904,validation
img00440,226,images/img00440.jpg,65.0,59.22789729348075,5.772102706519249,validation
img00453,233,images/img00453.jpg,78.0,64.61493071769912,13.385069282300876,validation
img00454,233,images/img00454.jpg,78.0,59.47642123644265,18.523578763557357,validation
img00457,235,images/img00457.jpg,54.0,52.33595834374601,1.6640416562539926,validation
img00458,235,images/img00458.jpg,54.0,59.69823176746599,5.698231767465991,validation
img00467,240,images/img00467.jpg,65.0,74.80311946046871,9.803119460468707,validation
img00472,243,images/img00472.jpg,77.0,64.77175613547962,12.22824386452038,validation
img00473,243,images/img00473.jpg,77.0,68.8152177628383,8.184782237161699,validation
img00474,244,images/img00474.jpg,42.0,44.1869646321672,2.186964632167204,validation
img00475,244,images/img00475.jpg,42.0,54.90899136789204,12.908991367892035,validation
img00498,257,images/img00498.jpg,59.0,64.69500279036274,5.695002790362736,validation
img00499,257,images/img00499.jpg,59.0,57.734392259633154,1.2656077403668462,validation
img00516,268,images/img00516.jpg,84.0,62.04989623046652,21.95010376953348,validation
img00517,268,images/img00517.jpg,84.0,68.73968644671125,15.260313553288752,validation
img00542,281,images/img00542.jpg,85.0,79.73920155726961,5.26079844273039,validation
img00543,281,images/img00543.jpg,85.0,81.70530169603997,3.2946983039600326,validation
img00550,285,images/img00550.jpg,63.0,56.83462161186784,6.1653783881321615,validation
img00551,285,images/img00551.jpg,63.0,52.23241742518114,10.76758257481886,validation
img00560,290,images/img00560.jpg,62.0,58.98783975930791,3.01216024069209,validation
img00561,290,images/img00561.jpg,62.0,58.98494255269345,3.015057447306553,validation
img00568,294,images/img00568.jpg,65.0,60.39752490590309,4.60247509409691,validation
img00569,294,images/img00569.jpg,65.0,46.8009299017681,18.1990700982319,validation
img00572,296,images/img00572.jpg,65.0,67.1563709388307,2.1563709388307046,validation
img00573,296,images/img00573.jpg,65.0,58.67364034669927,6.326359653300727,validation
img00577,299,images/img00577.jpg,56.0,51.57081987308728,4.429180126912726,validation
img00578,299,images/img00578.jpg,56.0,52.40560363536778,3.594396364632217,validation
img00589,305,images/img00589.jpg,59.0,59.73930306575103,0.7393030657510309,validation
img00590,305,images/img00590.jpg,59.0,61.55611608605172,2.5561160860517163,validation
img00598,310,images/img00598.jpg,78.0,74.06270076587754,3.937299234122463,validation
img00599,310,images/img00599.jpg,78.0,63.42938919049545,14.57061080950455,validation
img00600,311,images/img00600.jpg,27.0,28.54581915431168,1.5458191543116797,validation
img00601,311,images/img00601.jpg,27.0,28.44000376768942,1.4400037676894186,validation
img00602,312,images/img00602.jpg,60.0,65.20364877293306,5.2036487729330645,validation
img00603,312,images/img00603.jpg,60.0,62.773612226280896,2.773612226280896,validation
img00621,322,images/img00621.jpg,45.0,47.39131222852233,2.391312228522331,validation
img00622,322,images/img00622.jpg,45.0,51.82149504512766,6.821495045127662,validation
img00641,332,images/img00641.jpg,17.0,19.246419566534264,2.2464195665342643,validation
img00642,332,images/img00642.jpg,17.0,18.069746883369294,1.069746883369298,validation
img00661,342,images/img00661.jpg,70.0,63.31184646989037,6.688153530109631,validation
img00662,342,images/img00662.jpg,70.0,61.47622669063559,8.523773309364408,validation
img00667,345,images/img00667.jpg,60.0,66.99329414204998,6.993294142049976,validation
img00668,345,images/img00668.jpg,60.0,61.514344615868886,1.514344615868886,validation
img00686,355,images/img00686.jpg,22.0,34.21462677971149,12.214626779711487,validation
img00732,379,images/img00732.jpg,49.0,45.54202846380887,3.457971536191131,validation
img00733,379,images/img00733.jpg,49.0,47.932034699834006,1.0679653001659943,validation
img00772,400,images/img00772.jpg,90.0,87.83697093274016,2.163029067259842,validation
img00773,400,images/img00773.jpg,90.0,84.79983245609526,5.20016754390474,validation
img00776,402,images/img00776.jpg,55.0,44.70778455369255,10.292215446307452,validation
img00777,402,images/img00777.jpg,55.0,58.884899494438855,3.884899494438855,validation
img00782,405,images/img00782.jpg,63.0,64.21968531731049,1.219685317310493,validation
img00783,405,images/img00783.jpg,63.0,59.72485847587514,3.2751415241248623,validation
img00792,410,images/img00792.jpg,60.0,63.37059874451033,3.370598744510332,validation
img00793,410,images/img00793.jpg,60.0,61.58019730971095,1.5801973097109467,validation
img00800,414,images/img00800.jpg,50.0,53.10790903982,3.107909039820001,validation
img00801,414,images/img00801.jpg,50.0,53.53524756075909,3.535247560759089,validation
img00810,419,images/img00810.jpg,55.0,51.69130506063978,3.3086949393602225,validation
img00811,419,images/img00811.jpg,55.0,55.802242210164366,0.8022422101643656,validation
img00823,426,images/img00823.jpg,66.0,61.06185907222521,4.938140927774789,validation
img00824,426,images/img00824.jpg,66.0,53.51448451934135,12.485515480658648,validation
img00825,427,images/img00825.jpg,69.0,69.1946564009206,0.1946564009206071,validation
img00826,427,images/img00826.jpg,69.0,62.602142636915325,6.397857363084675,validation
img00829,429,images/img00829.jpg,60.0,77.24400267317928,17.24400267317928,validation
img00839,435,images/img00839.jpg,63.0,59.15944867415626,3.840551325843741,validation
img00840,435,images/img00840.jpg,63.0,54.07742926882972,8.922570731170282,validation
img00866,449,images/img00866.jpg,64.0,63.27634437377991,0.7236556262200935,validation
img00867,449,images/img00867.jpg,64.0,58.96565047209681,5.0343495279031885,validation
img00901,466,images/img00901.jpg,71.0,62.09998633172477,8.900013668275228,validation
img00912,472,images/img00912.jpg,76.0,63.80583464824521,12.19416535175479,validation
img00913,472,images/img00913.jpg,76.0,71.02318693971021,4.9768130602897855,validation
img00954,494,images/img00954.jpg,45.0,55.21591450034631,10.215914500346308,validation
img00955,494,images/img00955.jpg,45.0,47.17062502624466,2.1706250262446645,validation
img00996,516,images/img00996.jpg,38.0,37.5568722497876,0.4431277502123976,validation
img00997,516,images/img00997.jpg,38.0,54.732973660369495,16.732973660369495,validation
img01052,547,images/img01052.jpg,66.0,67.3853140620839,1.385314062083907,validation
img01053,547,images/img01053.jpg,66.0,66.67135357659004,0.671353576590036,validation
img01058,550,images/img01058.jpg,79.0,74.55574720212374,4.44425279787626,validation
img01059,550,images/img01059.jpg,79.0,78.77354018062339,0.2264598193766147,validation
img01066,554,images/img01066.jpg,88.0,76.08741903418465,11.912580965815351,validation
img01067,554,images/img01067.jpg,88.0,78.09850903452474,9.90149096547526,validation
img01089,566,images/img01089.jpg,54.0,50.60682822101352,3.393171778986485,validation
img01090,566,images/img01090.jpg,54.0,52.791765886767685,1.208234113232315,validation
img01110,577,images/img01110.jpg,70.0,69.1764693813449,0.8235306186550986,validation
img01111,577,images/img01111.jpg,70.0,66.00553536212162,3.99446463787838,validation
img01113,579,images/img01113.jpg,67.0,54.35575441451774,12.64424558548226,validation
img01114,579,images/img01114.jpg,67.0,62.04961049053316,4.950389509466845,validation
img01123,584,images/img01123.jpg,50.0,49.37323548875552,0.6267645112444811,validation
img01124,584,images/img01124.jpg,50.0,48.83427871573439,1.165721284265615,validation
img01189,619,images/img01189.jpg,87.0,75.82768797841632,11.17231202158368,validation
img01212,631,images/img01212.jpg,30.0,31.74557855257644,1.7455785525764362,validation
img01213,631,images/img01213.jpg,30.0,28.21220796661142,1.7877920333885804,validation
img01229,640,images/img01229.jpg,47.0,48.47050451529695,1.4705045152969447,validation
img01247,650,images/img01247.jpg,43.0,42.0306587621027,0.9693412378972964,validation
img01248,650,images/img01248.jpg,43.0,45.94263803161074,2.942638031610741,validation
img01276,666,images/img01276.jpg,79.0,80.5634958284084,1.5634958284084064,validation
img01277,666,images/img01277.jpg,79.0,79.22004481665414,0.2200448166541377,validation
img01303,681,images/img01303.jpg,59.0,54.1784227940764,4.821577205923596,validation
img01305,682,images/img01305.jpg,71.0,62.20465875861357,8.795341241386431,validation
img01335,698,images/img01335.jpg,18.0,22.44383851481045,4.443838514810452,validation
img01336,698,images/img01336.jpg,18.0,22.802322164038863,4.802322164038863,validation
img01345,703,images/img01345.jpg,41.0,46.82579691024409,5.825796910244087,validation
img01350,706,images/img01350.jpg,65.0,54.10053303288864,10.899466967111366,validation
img01424,745,images/img01424.jpg,74.0,73.99210991501062,0.0078900849893841,validation
img01425,745,images/img01425.jpg,74.0,72.585399135718,1.4146008642819936,validation
img01437,753,images/img01437.jpg,86.0,62.01675530594286,23.98324469405714,validation
img01438,753,images/img01438.jpg,86.0,76.78563873930335,9.214361260696649,validation
img01439,754,images/img01439.jpg,67.0,68.63872972956666,1.6387297295666627,validation
img01440,754,images/img01440.jpg,67.0,60.94291600782454,6.057083992175457,validation
img01475,773,images/img01475.jpg,65.0,72.90981865869148,7.909818658691478,validation
img01476,773,images/img01476.jpg,65.0,63.931999189626,1.0680008103740022,validation
img01490,780,images/img01490.jpg,59.0,57.42865080358271,1.5713491964172874,validation
img01549,811,images/img01549.jpg,42.0,37.62788843872328,4.372111561276718,validation
img01550,811,images/img01550.jpg,42.0,39.98285008971448,2.017149910285525,validation
img01650,864,images/img01650.jpg,51.0,65.4575477894125,14.457547789412502,validation
img01678,881,images/img01678.jpg,76.0,28.242629454021145,47.75737054597886,validation
img01679,881,images/img01679.jpg,76.0,41.64125957893855,34.35874042106145,validation
img01698,891,images/img01698.jpg,21.0,31.20748663362843,10.207486633628433,validation
img01699,891,images/img01699.jpg,21.0,25.61162557763018,4.611625577630178,validation
img01724,904,images/img01724.jpg,13.0,26.625070959774703,13.625070959774703,validation
img01725,904,images/img01725.jpg,13.0,20.214563172525303,7.2145631725253025,validation
img01765,928,images/img01765.jpg,82.0,76.75830367941818,5.241696320581823,validation
img01766,928,images/img01766.jpg,82.0,66.27329112945374,15.72670887054626,validation
img01790,941,images/img01790.jpg,77.0,77.89893605022414,0.8989360502241368,validation
img01791,941,images/img01791.jpg,77.0,72.66708912895852,4.332910871041477,validation
img01794,943,images/img01794.jpg,62.0,65.61700648608276,3.617006486082758,validation
img01795,943,images/img01795.jpg,62.0,64.24212953471023,2.24212953471023,validation
img01827,961,images/img01827.jpg,41.0,21.09195272196967,19.90804727803033,validation
img01828,961,images/img01828.jpg,41.0,24.737719437907863,16.262280562092137,validation
img01854,975,images/img01854.jpg,53.0,63.27456068041722,10.274560680417224,validation
img01855,975,images/img01855.jpg,53.0,53.30019429255669,0.3001942925566894,validation
img01862,979,images/img01862.jpg,55.0,57.46699591660176,2.4669959166017605,validation
img01883,993,images/img01883.jpg,69.0,55.88051845642423,13.119481543575771,validation
img01884,993,images/img01884.jpg,69.0,54.577958928559895,14.422041071440104,validation
img01892,998,images/img01892.jpg,71.0,66.96869869557173,4.031301304428268,validation
img01893,998,images/img01893.jpg,71.0,74.75426556613591,3.7542655661359134,validation
img01911,1008,images/img01911.jpg,81.0,59.62692983859694,21.373070161403056,validation
img01912,1008,images/img01912.jpg,81.0,60.18926439154821,20.810735608451782,validation
img01918,1012,images/img01918.jpg,58.0,55.44819870866009,2.5518012913399133,validation
img01919,1012,images/img01919.jpg,58.0,54.92883993246196,3.0711600675380453,validation
img01932,1019,images/img01932.jpg,59.0,52.237574376612166,6.762425623387834,validation
img01933,1019,images/img01933.jpg,59.0,59.68088778975476,0.6808877897547632,validation
img01939,1023,images/img01939.jpg,32.0,27.061439462443936,4.938560537556064,validation
img01940,1023,images/img01940.jpg,32.0,33.50558821910039,1.5055882191003889,validation
img01947,1027,images/img01947.jpg,59.0,39.95408633016245,19.045913669837542,validation
img01948,1027,images/img01948.jpg,59.0,52.894724692014094,6.105275307985906,validation
img01951,1029,images/img01951.jpg,33.0,24.96899646748704,8.031003532512962,validation
img01952,1029,images/img01952.jpg,33.0,33.538840931193405,0.5388409311934055,validation
img01979,1045,images/img01979.jpg,55.0,52.46895719540331,2.5310428045966877,validation
img01980,1045,images/img01980.jpg,55.0,52.31151558272834,2.68848441727166,validation
img02010,1061,images/img02010.jpg,76.0,73.7468370817486,2.253162918251405,validation
img02027,1070,images/img02027.jpg,37.0,41.91793981144146,4.917939811441457,validation
img02028,1070,images/img02028.jpg,37.0,47.09214797133889,10.092147971338887,validation
img02087,1103,images/img02087.jpg,69.0,50.08473337589236,18.915266624107645,validation
img02088,1103,images/img02088.jpg,69.0,53.86510023225566,15.134899767744344,validation
img02097,1108,images/img02097.jpg,55.0,69.20565193530308,14.20565193530308,validation
img02098,1108,images/img02098.jpg,55.0,62.06882868227297,7.068828682272972,validation
img02121,1121,images/img02121.jpg,36.0,35.13687967991539,0.8631203200846116,validation
img02122,1121,images/img02122.jpg,36.0,40.7179476960045,4.717947696004501,validation
img02171,1146,images/img02171.jpg,49.0,44.25951858181299,4.740481418187009,validation
img02172,1146,images/img02172.jpg,49.0,48.09314839783588,0.9068516021641244,validation
img02179,1150,images/img02179.jpg,34.0,36.71600942495522,2.7160094249552174,validation
img02180,1150,images/img02180.jpg,34.0,39.12416669041178,5.124166690411784,validation
img02187,1154,images/img02187.jpg,45.0,47.00711743834302,2.0071174383430237,validation
img02188,1154,images/img02188.jpg,45.0,45.92755052688477,0.9275505268847724,validation
img02189,1155,images/img02189.jpg,40.0,36.51978461468302,3.4802153853169813,validation
img02206,1164,images/img02206.jpg,56.0,61.443470206289454,5.443470206289454,validation
img02207,1164,images/img02207.jpg,56.0,45.3214775878353,10.678522412164703,validation
img02219,1171,images/img02219.jpg,77.0,76.07024846353222,0.9297515364677764,validation
img02220,1171,images/img02220.jpg,77.0,82.31802844933935,5.318028449339352,validation
img02226,1175,images/img02226.jpg,76.0,71.10299672056476,4.897003279435239,validation
img02227,1175,images/img02227.jpg,76.0,64.27291474069926,11.727085259300736,validation
img02232,1178,images/img02232.jpg,89.0,73.03265411172646,15.967345888273542,validation
img02233,1178,images/img02233.jpg,89.0,77.81877182097898,11.18122817902102,validation
img02247,1186,images/img02247.jpg,40.0,52.48713985253728,12.487139852537284,validation
img02248,1186,images/img02248.jpg,40.0,47.15422987960989,7.154229879609893,validation
img02257,1191,images/img02257.jpg,79.0,79.64160501086818,0.6416050108681759,validation
img02258,1191,images/img02258.jpg,79.0,64.90268828036696,14.09731171963304,validation
img02279,1202,images/img02279.jpg,35.0,32.20199683744042,2.7980031625595814,validation
img02280,1202,images/img02280.jpg,35.0,32.84984560911447,2.1501543908855325,validation
img02286,1206,images/img02286.jpg,31.0,35.00565961387382,4.005659613873817,validation
img02297,1212,images/img02297.jpg,51.0,63.375592649681664,12.375592649681664,validation
img02298,1212,images/img02298.jpg,51.0,58.3863634024165,7.3863634024164995,validation
img02338,1233,images/img02338.jpg,19.0,21.65353857085889,2.653538570858892,validation
img02375,1252,images/img02375.jpg,29.0,36.25970456357624,7.259704563576236,validation
img02376,1252,images/img02376.jpg,29.0,30.09854085833412,1.098540858334122,validation
img02383,1256,images/img02383.jpg,18.0,21.22468437407096,3.2246843740709608,validation
img02408,1269,images/img02408.jpg,63.0,71.22969402514192,8.229694025141924,validation
img02426,1278,images/img02426.jpg,75.0,72.10348456015836,2.896515439841636,validation
img02445,1288,images/img02445.jpg,63.0,61.034532191918274,1.9654678080817265,validation
img02446,1288,images/img02446.jpg,63.0,48.07441280121253,14.925587198787468,validation
img02453,1292,images/img02453.jpg,63.0,69.45537773096181,6.455377730961814,validation
img02454,1292,images/img02454.jpg,63.0,70.45192955750382,7.451929557503817,validation
img02457,1294,images/img02457.jpg,61.0,65.41392282679931,4.413922826799308,validation
img02458,1294,images/img02458.jpg,61.0,62.82131170947066,1.8213117094706632,validation
img02479,1305,images/img02479.jpg,80.0,80.66832312197864,0.668323121978645,validation
img02480,1305,images/img02480.jpg,80.0,72.50649128969133,7.493508710308674,validation
img02487,1309,images/img02487.jpg,44.0,42.64666498097321,1.3533350190267868,validation
img02488,1309,images/img02488.jpg,44.0,47.59435117277805,3.5943511727780475,validation
img02555,1345,images/img02555.jpg,78.0,76.02760559561366,1.9723944043863355,validation
img02556,1345,images/img02556.jpg,78.0,75.28025170928095,2.7197482907190533,validation
img02569,1352,images/img02569.jpg,73.0,68.5343855764181,4.465614423581897,validation
img02570,1352,images/img02570.jpg,73.0,58.858004223210656,14.141995776789344,validation
img02571,1353,images/img02571.jpg,82.0,58.67917982973956,23.32082017026044,validation
img02572,1353,images/img02572.jpg,82.0,68.88671927341653,13.113280726583469,validation
img02614,1377,images/img02614.jpg,63.0,65.56820330513509,2.5682033051350857,validation
img02615,1377,images/img02615.jpg,63.0,56.12742352452508,6.872576475474922,validation
img02634,1387,images/img02634.jpg,75.0,72.4520894600874,2.547910539912607,validation
img02635,1387,images/img02635.jpg,75.0,60.68682295580711,14.31317704419289,validation
img02636,1388,images/img02636.jpg,52.0,56.21122616650003,4.211226166500033,validation
img02637,1388,images/img02637.jpg,52.0,53.51958748555595,1.5195874855559524,validation
img02642,1391,images/img02642.jpg,64.0,63.20261692730854,0.7973830726914599,validation
img02643,1391,images/img02643.jpg,64.0,59.18701112631666,4.812988873683338,validation
img02655,1398,images/img02655.jpg,64.0,60.987116267441,3.012883732558997,validation
img02666,1405,images/img02666.jpg,68.0,61.69397578840756,6.306024211592437,validation
img02669,1407,images/img02669.jpg,62.0,64.82089358852491,2.8208935885249105,validation
img02670,1407,images/img02670.jpg,62.0,61.08862483346453,0.9113751665354712,validation
img02759,1455,images/img02759.jpg,59.0,53.246722480999246,5.753277519000754,validation
img02775,1465,images/img02775.jpg,67.0,61.85832260103717,5.141677398962827,validation
img02776,1465,images/img02776.jpg,67.0,63.10378090215034,3.8962190978496594,validation
img02845,1502,images/img02845.jpg,68.0,65.22306709168728,2.776932908312716,validation
img02847,1502,images/img02847.jpg,68.0,62.08270779063951,5.91729220936049,validation
img02872,1518,images/img02872.jpg,89.0,83.40603886676756,5.59396113323244,validation
img02873,1518,images/img02873.jpg,89.0,82.45788833122877,6.542111668771227,validation
img02949,1559,images/img02949.jpg,59.0,60.51612197414399,1.516121974143985,validation
img02950,1559,images/img02950.jpg,59.0,58.33953736185702,0.660462638142981,validation
img02960,1565,images/img02960.jpg,52.0,47.147986134882686,4.852013865117314,validation
img02961,1565,images/img02961.jpg,52.0,45.29635210468676,6.703647895313239,validation
img02962,1566,images/img02962.jpg,44.0,40.537499656251725,3.462500343748274,validation
img02963,1566,images/img02963.jpg,44.0,44.93399569781183,0.9339956978118308,validation
img03013,1594,images/img03013.jpg,64.0,57.76290708735392,6.237092912646084,validation
img03014,1594,images/img03014.jpg,64.0,54.30281154902015,9.697188450979851,validation
img03027,1601,images/img03027.jpg,56.0,55.15967744603675,0.8403225539632473,validation
img03035,1606,images/img03035.jpg,61.0,55.25082194111834,5.749178058881661,validation
img03036,1606,images/img03036.jpg,61.0,64.9693807442422,3.969380744242201,validation
img03043,1610,images/img03043.jpg,69.0,63.457068883277366,5.5429311167226345,validation
img03044,1610,images/img03044.jpg,69.0,67.40146818381305,1.5985318161869486,validation
img03090,1638,images/img03090.jpg,73.0,76.56046476570558,3.560464765705575,validation
img03091,1638,images/img03091.jpg,73.0,78.33692083755463,5.336920837554629,validation
img03095,1640,images/img03095.jpg,54.0,62.05370900453924,8.053709004539243,validation
img03098,1642,images/img03098.jpg,68.0,61.95424560572963,6.045754394270368,validation
img03099,1642,images/img03099.jpg,68.0,64.87356789120345,3.12643210879655,validation
img03107,1647,images/img03107.jpg,88.0,49.698135970929805,38.3018640290702,validation
img03108,1647,images/img03108.jpg,88.0,55.29850261127815,32.701497388721855,validation
img03120,1655,images/img03120.jpg,72.0,72.0509389495109,0.0509389495108933,validation
img03121,1655,images/img03121.jpg,72.0,68.12164078633158,3.8783592136684177,validation
img03124,1657,images/img03124.jpg,47.0,41.26934069978971,5.730659300210292,validation
img03125,1657,images/img03125.jpg,47.0,51.70472611262458,4.704726112624577,validation
img03136,1664,images/img03136.jpg,76.0,76.37215560595389,0.3721556059538926,validation
img03137,1664,images/img03137.jpg,76.0,64.0378958267255,11.962104173274495,validation
img03142,1667,images/img03142.jpg,71.0,75.87611762529079,4.876117625290789,validation
img03143,1667,images/img03143.jpg,71.0,69.0980217729208,1.9019782270791976,validation
img03180,1688,images/img03180.jpg,66.0,67.23470403315937,1.2347040331593746,validation
img03181,1688,images/img03181.jpg,66.0,70.5067501815139,4.506750181513894,validation
img03214,1706,images/img03214.jpg,69.0,73.3975025634401,4.397502563440099,validation
img03215,1706,images/img03215.jpg,69.0,80.83247744186689,11.832477441866883,validation
img03237,1718,images/img03237.jpg,81.0,74.81944917047751,6.180550829522488,validation
img03238,1718,images/img03238.jpg,81.0,72.67577802227584,8.324221977724164,validation
img03243,1721,images/img03243.jpg,70.0,75.65889202052652,5.6588920205265225,validation
img03244,1721,images/img03244.jpg,70.0,73.91578681570941,3.91578681570941,validation
img03263,1732,images/img03263.jpg,56.0,54.80085052717465,1.1991494728253471,validation
img03264,1732,images/img03264.jpg,56.0,50.63098197026652,5.369018029733482,validation
img03290,1746,images/img03290.jpg,61.0,64.75188575870105,3.75188575870105,validation
img03291,1746,images/img03291.jpg,61.0,50.26439508552315,10.735604914476852,validation
img03314,1758,images/img03314.jpg,47.0,27.479522790598526,19.520477209401477,validation
img03315,1758,images/img03315.jpg,47.0,54.350717157581705,7.350717157581705,validation
img03358,1783,images/img03358.jpg,60.0,53.97608211315023,6.023917886849773,validation
img03361,1784,images/img03361.jpg,62.0,62.11093060741692,0.1109306074169182,validation
img03368,1788,images/img03368.jpg,77.0,76.30978141408693,0.6902185859130725,validation
img03369,1788,images/img03369.jpg,77.0,69.38910460679794,7.610895393202057,validation
img03370,1789,images/img03370.jpg,61.0,62.45853541757915,1.4585354175791494,validation
img03371,1789,images/img03371.jpg,61.0,66.86113942286758,5.861139422867581,validation
img03412,1811,images/img03412.jpg,71.0,64.94720536231412,6.052794637685878,validation
img03413,1811,images/img03413.jpg,71.0,65.15633427522603,5.84366572477397,validation
img03432,1822,images/img03432.jpg,77.0,71.32422159378574,5.675778406214263,validation
img03433,1822,images/img03433.jpg,77.0,73.89699996039573,3.103000039604268,validation
img03437,1825,images/img03437.jpg,57.0,58.54014969789998,1.5401496978999774,validation
img03438,1825,images/img03438.jpg,57.0,64.46486708460137,7.464867084601366,validation
img03474,1847,images/img03474.jpg,31.0,31.99262580901245,0.992625809012452,validation
img03475,1847,images/img03475.jpg,31.0,22.30290547225525,8.697094527744746,validation
img03487,1854,images/img03487.jpg,75.0,68.23019687697122,6.76980312302878,validation
img03488,1854,images/img03488.jpg,75.0,67.3111787273107,7.688821272689296,validation
img03493,1857,images/img03493.jpg,73.0,77.29449357377155,4.294493573771547,validation
img03494,1857,images/img03494.jpg,73.0,80.60221249876926,7.602212498769262,validation
img03515,1870,images/img03515.jpg,65.0,65.97765826885137,0.9776582688513712,validation
img03516,1870,images/img03516.jpg,65.0,61.21493333542244,3.7850666645775632,validation
img03517,1871,images/img03517.jpg,67.0,67.19491420213275,0.1949142021327503,validation
img03518,1871,images/img03518.jpg,67.0,67.52650666992209,0.5265066699220853,validation
img03540,1883,images/img03540.jpg,65.0,67.08393586572208,2.083935865722083,validation
img03541,1883,images/img03541.jpg,65.0,58.06842087847653,6.93157912152347,validation
img03632,1930,images/img03632.jpg,79.0,68.55761775985548,10.442382240144523,validation
img03633,1930,images/img03633.jpg,79.0,68.42104497781023,10.578955022189774,validation
img03653,1941,images/img03653.jpg,73.0,70.03579187836117,2.9642081216388334,validation
img03701,1965,images/img03701.jpg,66.0,68.22341982374243,2.2234198237424323,validation
img03702,1965,images/img03702.jpg,66.0,55.663245001127216,10.336754998872784,validation
img03736,1984,images/img03736.jpg,69.0,64.98604036390691,4.013959636093091,validation
img03737,1984,images/img03737.jpg,69.0,70.97068604409048,1.9706860440904848,validation
img03743,1988,images/img03743.jpg,60.0,59.540164144402645,0.4598358555973547,validation
img03744,1988,images/img03744.jpg,60.0,69.29913469915238,9.299134699152376,validation
img03757,1995,images/img03757.jpg,70.0,69.91216027971032,0.0878397202896792,validation
img03758,1995,images/img03758.jpg,70.0,71.00195275458556,1.0019527545855595,validation
img03759,1996,images/img03759.jpg,84.0,77.53726781853224,6.462732181467757,validation
img03796,2017,images/img03796.jpg,37.0,41.37668294101776,4.376682941017755,validation
img03797,2017,images/img03797.jpg,37.0,40.5601516349389,3.5601516349389044,validation
img03814,2026,images/img03814.jpg,16.0,33.01640581561724,17.01640581561724,validation
img03815,2026,images/img03815.jpg,16.0,15.835688123726335,0.1643118762736648,validation
img03858,2048,images/img03858.jpg,23.0,30.91274916419132,7.912749164191322,validation
img03859,2048,images/img03859.jpg,23.0,28.3275727381824,5.3275727381824005,validation
img03874,2056,images/img03874.jpg,29.0,30.051513736476107,1.051513736476107,validation
img03875,2056,images/img03875.jpg,29.0,35.19473438214925,6.1947343821492495,validation
img03894,2066,images/img03894.jpg,38.0,37.57746733719871,0.4225326628012951,validation
img03895,2066,images/img03895.jpg,38.0,39.29465527569314,1.2946552756931382,validation
img03933,2086,images/img03933.jpg,38.0,37.54961969041016,0.4503803095898462,validation
img03934,2086,images/img03934.jpg,38.0,32.68119143058091,5.31880856941909,validation
img03947,2093,images/img03947.jpg,63.0,56.1489898005265,6.8510101994735,validation
img04017,2132,images/img04017.jpg,71.0,60.21684211225468,10.783157887745324,validation
img04024,2136,images/img04024.jpg,45.0,43.03305189812225,1.9669481018777475,validation
img04025,2136,images/img04025.jpg,45.0,48.47219932390936,3.472199323909358,validation
img04033,2141,images/img04033.jpg,68.0,61.88750951743708,6.112490482562919,validation
img04034,2141,images/img04034.jpg,68.0,69.64637197359879,1.6463719735987894,validation
img04053,2151,images/img04053.jpg,46.0,47.296698501654326,1.2966985016543262,validation
img04054,2151,images/img04054.jpg,46.0,47.817360284666925,1.8173602846669252,validation
img04096,2173,images/img04096.jpg,72.0,68.34086111757726,3.659138882422738,validation
img04097,2173,images/img04097.jpg,72.0,74.67593465302812,2.675934653028122,validation
img04119,2185,images/img04119.jpg,49.0,56.07561025878316,7.075610258783158,validation
img04120,2185,images/img04120.jpg,49.0,53.806755300632304,4.806755300632304,validation
img04180,2216,images/img04180.jpg,50.0,52.289818433475,2.2898184334749985,validation
img04181,2216,images/img04181.jpg,50.0,52.70025440127549,2.700254401275494,validation
img04197,2226,images/img04197.jpg,47.0,50.269712356687776,3.2697123566877764,validation
img04199,2228,images/img04199.jpg,64.0,52.52178309293199,11.47821690706801,validation
img04200,2228,images/img04200.jpg,64.0,57.68698655962869,6.313013440371307,validation
img04203,2230,images/img04203.jpg,22.0,26.83030857466274,4.830308574662741,validation
img04204,2230,images/img04204.jpg,22.0,24.765512554174784,2.765512554174784,validation
img04215,2236,images/img04215.jpg,72.0,59.83266422653708,12.167335773462923,validation
img04216,2236,images/img04216.jpg,72.0,62.19489997646177,9.80510002353823,validation
img04219,2238,images/img04219.jpg,63.0,62.49668715173585,0.5033128482641516,validation
img04220,2238,images/img04220.jpg,63.0,73.74260442265928,10.742604422659284,validation
img04278,2269,images/img04278.jpg,54.0,54.41694229488653,0.4169422948865318,validation
img04279,2269,images/img04279.jpg,54.0,48.96183760255338,5.038162397446619,validation
img04284,2272,images/img04284.jpg,56.0,52.58986881163501,3.4101311883649927,validation
img04285,2272,images/img04285.jpg,56.0,46.62879776656467,9.371202233435334,validation
img04304,2283,images/img04304.jpg,64.0,58.217777932340205,5.782222067659795,validation
img04305,2283,images/img04305.jpg,64.0,65.81875523819659,1.8187552381965872,validation
img04319,2292,images/img04319.jpg,73.0,64.66899282215327,8.331007177846729,validation
img04320,2292,images/img04320.jpg,73.0,59.56095526903903,13.439044730960973,validation
img04340,2303,images/img04340.jpg,77.0,77.76580741592535,0.7658074159253516,validation
img04349,2308,images/img04349.jpg,77.0,80.72622362985068,3.7262236298506792,validation
img04350,2308,images/img04350.jpg,77.0,73.99219280140349,3.0078071985965096,validation
img04351,2309,images/img04351.jpg,84.0,85.53788125421616,1.5378812542161595,validation
img04352,2309,images/img04352.jpg,84.0,85.53207484427247,1.532074844272472,validation
img04359,2313,images/img04359.jpg,29.0,30.63522152738221,1.635221527382214,validation
img04360,2313,images/img04360.jpg,29.0,30.416680646436102,1.4166806464361024,validation
img04363,2315,images/img04363.jpg,43.0,53.82571883483609,10.825718834836088,validation
img04364,2315,images/img04364.jpg,43.0,64.28304542100861,21.28304542100861,validation
img04395,2332,images/img04395.jpg,63.0,56.0981744433305,6.9018255566695,validation
img04396,2332,images/img04396.jpg,63.0,53.05630408067073,9.943695919329272,validation
img04425,2348,images/img04425.jpg,65.0,71.83609305671078,6.83609305671078,validation
img04426,2348,images/img04426.jpg,65.0,71.16685305200976,6.166853052009756,validation
img04449,2360,images/img04449.jpg,52.0,56.376567411354806,4.376567411354806,validation
img04450,2360,images/img04450.jpg,52.0,71.88826785981114,19.888267859811137,validation
img04470,2371,images/img04470.jpg,33.0,30.52322456082741,2.476775439172592,validation
img04471,2371,images/img04471.jpg,33.0,29.5317855159939,3.4682144840061007,validation
img04530,2401,images/img04530.jpg,74.0,78.50834080414552,4.508340804145519,validation
img04531,2401,images/img04531.jpg,74.0,70.26100620454496,3.7389937954550447,validation
img04534,2403,images/img04534.jpg,77.0,69.68173392626865,7.318266073731351,validation
img04535,2403,images/img04535.jpg,77.0,70.02173609110453,6.978263908895471,validation
img04562,2418,images/img04562.jpg,68.0,60.30810166673691,7.69189833326309,validation
img04563,2418,images/img04563.jpg,68.0,64.53866051300392,3.4613394869960814,validation
img04590,2432,images/img04590.jpg,40.0,53.29922201335594,13.299222013355935,validation
img04591,2432,images/img04591.jpg,40.0,42.36709463082366,2.367094630823658,validation
img04597,2436,images/img04597.jpg,29.0,26.698859480430304,2.301140519569696,validation
img04598,2436,images/img04598.jpg,29.0,23.07110310517772,5.92889689482228,validation
img04600,2437,images/img04600.jpg,50.0,47.543071760842935,2.4569282391570653,validation
img04651,2463,images/img04651.jpg,77.0,74.9141621428949,2.085837857105105,validation
img04652,2463,images/img04652.jpg,77.0,69.44070138636897,7.559298613631029,validation
img04669,2472,images/img04669.jpg,69.0,71.81525476317319,2.8152547631731863,validation
img04670,2472,images/img04670.jpg,69.0,61.59617529785521,7.403824702144789,validation
img04687,2481,images/img04687.jpg,49.0,43.82087288456028,5.179127115439719,validation
img04688,2481,images/img04688.jpg,49.0,56.63765505017509,7.637655050175091,validation
img04743,2509,images/img04743.jpg,39.0,46.02864466094388,7.028644660943883,validation
img04744,2509,images/img04744.jpg,39.0,47.92752938813652,8.92752938813652,validation
img04747,2511,images/img04747.jpg,58.0,64.06334685708819,6.063346857088192,validation
img04748,2511,images/img04748.jpg,58.0,62.4912624554436,4.491262455443604,validation
img04763,2519,images/img04763.jpg,56.0,56.92868185394125,0.9286818539412494,validation
img04764,2519,images/img04764.jpg,56.0,57.27978459257691,1.2797845925769096,validation
img04841,2558,images/img04841.jpg,77.0,71.36037969207146,5.6396203079285385,validation
img04842,2558,images/img04842.jpg,77.0,70.28707724693865,6.712922753061349,validation
img04899,2589,images/img04899.jpg,56.0,49.95996590647585,6.040034093524149,validation
img04900,2589,images/img04900.jpg,56.0,56.68196682470829,0.6819668247082902,validation
img04909,2594,images/img04909.jpg,60.0,69.10492315573893,9.10492315573893,validation
img04910,2594,images/img04910.jpg,60.0,62.9690599766198,2.969059976619804,validation
img04937,2608,images/img04937.jpg,42.0,47.56625486681084,5.566254866810837,validation
img04938,2608,images/img04938.jpg,42.0,33.134883189363144,8.865116810636856,validation
img04948,2614,images/img04948.jpg,70.0,76.2631774490768,6.263177449076807,validation
img04949,2614,images/img04949.jpg,70.0,71.20996379180394,1.2099637918039434,validation
img04954,2617,images/img04954.jpg,42.0,39.00865577704282,2.9913442229571814,validation
img04957,2619,images/img04957.jpg,89.0,81.32158132139888,7.678418678601119,validation
img04958,2619,images/img04958.jpg,89.0,83.59694586056992,5.403054139430083,validation
img04961,2621,images/img04961.jpg,60.0,63.35675289976199,3.356752899761993,validation
img05037,2660,images/img05037.jpg,68.0,73.38436943260953,5.384369432609532,validation
img05038,2660,images/img05038.jpg,68.0,61.57880405488317,6.421195945116828,validation
img05041,2662,images/img05041.jpg,57.0,55.34507631184877,1.6549236881512357,validation
img05042,2662,images/img05042.jpg,57.0,52.88112886970745,4.118871130292547,validation
img05049,2666,images/img05049.jpg,49.0,41.80212461776177,7.19787538223823,validation
img05050,2666,images/img05050.jpg,49.0,53.95066570966877,4.950665709668769,validation
img05055,2669,images/img05055.jpg,50.0,56.41627851394081,6.41627851394081,validation
img05056,2669,images/img05056.jpg,50.0,53.339486259920776,3.3394862599207755,validation
img05082,2683,images/img05082.jpg,31.0,30.297415851957787,0.702584148042213,validation
img05083,2683,images/img05083.jpg,31.0,35.614586680425674,4.614586680425674,validation
img05084,2684,images/img05084.jpg,71.0,63.690948109348966,7.309051890651034,validation
img05085,2684,images/img05085.jpg,71.0,62.27278482990259,8.72721517009741,validation
img05100,2692,images/img05100.jpg,13.0,42.99623725235604,29.99623725235604,validation
img05101,2692,images/img05101.jpg,13.0,43.83402782759951,30.834027827599503,validation
img05102,2693,images/img05102.jpg,58.0,51.04291043844417,6.957089561555833,validation
img05103,2693,images/img05103.jpg,58.0,52.85946580203013,5.14053419796987,validation
img05115,2700,images/img05115.jpg,55.0,64.15386806830749,9.153868068307489,validation
img05126,2706,images/img05126.jpg,60.0,68.73190930371567,8.731909303715668,validation
img05127,2706,images/img05127.jpg,60.0,63.06922818242154,3.06922818242154,validation
img05132,2709,images/img05132.jpg,54.0,51.73863428158765,2.2613657184123497,validation
img05133,2709,images/img05133.jpg,54.0,47.508095884266254,6.491904115733746,validation
img05135,2711,images/img05135.jpg,21.0,63.07379129647196,42.07379129647196,validation
img05136,2711,images/img05136.jpg,21.0,50.09298711564703,29.092987115647027,validation
img05143,2715,images/img05143.jpg,36.0,42.42054108568854,6.420541085688541,validation
img05144,2715,images/img05144.jpg,36.0,37.65922385767561,1.659223857675613,validation
img05153,2720,images/img05153.jpg,23.0,38.68238003511289,15.682380035112892,validation
img05154,2720,images/img05154.jpg,23.0,30.849735874610797,7.8497358746107935,validation
img05175,2731,images/img05175.jpg,34.0,32.33408721060729,1.6659127893927137,validation
img05176,2731,images/img05176.jpg,34.0,32.41762360731036,1.582376392689639,validation
img05186,2737,images/img05186.jpg,28.0,28.183756121643142,0.183756121643146,validation
img05187,2737,images/img05187.jpg,28.0,27.134191903188476,0.8658080968115272,validation
img05198,2743,images/img05198.jpg,74.0,82.11135777234274,8.111357772342743,validation
img05199,2743,images/img05199.jpg,74.0,78.65822339591145,4.658223395911449,validation
img05210,2749,images/img05210.jpg,63.0,59.81281566196716,3.187184338032843,validation
img05211,2749,images/img05211.jpg,63.0,65.0476314974832,2.047631497483195,validation
img05241,2765,images/img05241.jpg,37.0,49.09387453580904,12.093874535809045,validation
img05242,2765,images/img05242.jpg,37.0,44.236857878242354,7.236857878242354,validation
img05243,2766,images/img05243.jpg,47.0,57.27977709463018,10.279777094630184,validation
img05244,2766,images/img05244.jpg,47.0,57.43787341438053,10.437873414380531,validation
img05271,2780,images/img05271.jpg,75.0,62.34747364947039,12.652526350529612,validation
img05272,2780,images/img05272.jpg,75.0,63.83712426155937,11.162875738440633,validation
img05273,2781,images/img05273.jpg,74.0,77.97049318193444,3.970493181934444,validation
img05274,2781,images/img05274.jpg,74.0,63.730010503216974,10.269989496783026,validation
img05295,2792,images/img05295.jpg,59.0,53.80498005950047,5.195019940499527,validation
img05296,2792,images/img05296.jpg,59.0,53.6663956465121,5.3336043534879,validation
img05299,2794,images/img05299.jpg,35.0,31.53085698936564,3.469143010634358,validation
img05300,2794,images/img05300.jpg,35.0,32.61887613167731,2.381123868322689,validation
img05304,2796,images/img05304.jpg,66.0,74.993403715714,8.993403715713995,validation
img05305,2797,images/img05305.jpg,27.0,55.30690985445122,28.30690985445122,validation
img05306,2797,images/img05306.jpg,27.0,27.625250156615863,0.6252501566158664,validation
img05313,2801,images/img05313.jpg,64.0,52.54216114886699,11.457838851133012,validation
img05314,2801,images/img05314.jpg,64.0,54.62103531412545,9.37896468587455,validation
img05336,2813,images/img05336.jpg,69.0,74.4682627956543,5.468262795654297,validation
img05339,2814,images/img05339.jpg,75.0,72.47478288197101,2.52521711802899,validation
img05342,2816,images/img05342.jpg,73.0,70.3063167055819,2.693683294418093,validation
img05343,2816,images/img05343.jpg,73.0,74.22915845499963,1.2291584549996344,validation
img05358,2824,images/img05358.jpg,24.0,22.369576669227055,1.630423330772942,validation
img05439,2865,images/img05439.jpg,58.0,41.58087575111127,16.419124248888735,validation
img05440,2865,images/img05440.jpg,58.0,48.51649991968562,9.48350008031438,validation
img05445,2868,images/img05445.jpg,67.0,63.07265106326457,3.9273489367354273,validation
img05446,2868,images/img05446.jpg,67.0,58.678430307719694,8.321569692280306,validation
img05450,2871,images/img05450.jpg,67.0,70.30916865186342,3.309168651863416,validation
img05451,2871,images/img05451.jpg,67.0,70.96042230930834,3.960422309308342,validation
img05457,2874,images/img05457.jpg,69.0,80.64147883678818,11.64147883678818,validation
img05460,2876,images/img05460.jpg,69.0,72.86873972613341,3.8687397261334127,validation
img05461,2876,images/img05461.jpg,69.0,58.18155862354394,10.818441376456056,validation
img05477,2885,images/img05477.jpg,69.0,72.69440782968722,3.694407829687222,validation
img05478,2885,images/img05478.jpg,69.0,67.30516728260567,1.694832717394334,validation
img05489,2892,images/img05489.jpg,56.0,54.88891432043647,1.11108567956353,validation
img05504,2900,images/img05504.jpg,76.0,72.45240137467114,3.54759862532886,validation
img05505,2900,images/img05505.jpg,76.0,72.71989321427854,3.2801067857214576,validation
img05522,2909,images/img05522.jpg,68.0,67.19114505247734,0.8088549475226614,validation
img05523,2909,images/img05523.jpg,68.0,63.6549056157691,4.345094384230897,validation
img05546,2921,images/img05546.jpg,82.0,73.48139886158597,8.518601138414027,validation
img05547,2921,images/img05547.jpg,82.0,78.89724157834192,3.1027584216580806,validation
img05552,2924,images/img05552.jpg,38.0,43.83300592562407,5.8330059256240645,validation
img05560,2928,images/img05560.jpg,57.0,53.94324083384295,3.0567591661570503,validation
img05561,2928,images/img05561.jpg,57.0,44.49659874950456,12.503401250495436,validation
img05563,2929,images/img05563.jpg,79.0,73.70801025973405,5.291989740265947,validation
img05603,2951,images/img05603.jpg,66.0,67.80767585496598,1.8076758549659784,validation
img05650,2975,images/img05650.jpg,53.0,52.85077854462846,0.1492214553715385,validation
img05651,2975,images/img05651.jpg,53.0,67.95083483341432,14.95083483341432,validation
img05689,2996,images/img05689.jpg,48.0,53.36180751099424,5.36180751099424,validation
img05690,2996,images/img05690.jpg,48.0,44.80291413929521,3.1970858607047887,validation
img05697,3000,images/img05697.jpg,89.0,82.87844298262385,6.121557017376148,validation
img05698,3000,images/img05698.jpg,89.0,82.53726295852066,6.462737041479343,validation
img05706,3004,images/img05706.jpg,46.0,56.04015574055283,10.040155740552828,validation
img05707,3005,images/img05707.jpg,35.0,34.11702587086832,0.8829741291316822,validation
img05708,3005,images/img05708.jpg,35.0,27.446462025941663,7.553537974058337,validation
img05725,3014,images/img05725.jpg,84.0,72.99600196691472,11.00399803308528,validation
img05726,3014,images/img05726.jpg,84.0,69.48894235763858,14.511057642361422,validation
img05731,3017,images/img05731.jpg,73.0,75.18446775741866,2.184467757418659,validation
img05732,3017,images/img05732.jpg,73.0,78.86858033617058,5.868580336170581,validation
img05735,3019,images/img05735.jpg,87.0,76.10103421482647,10.89896578517353,validation
img05736,3019,images/img05736.jpg,87.0,65.83250129209034,21.167498707909655,validation
img05743,3023,images/img05743.jpg,82.0,81.6782807319594,0.3217192680405958,validation
img05744,3023,images/img05744.jpg,82.0,80.51230039347662,1.4876996065233783,validation
img05747,3025,images/img05747.jpg,55.0,57.82127110465984,2.821271104659843,validation
img05748,3025,images/img05748.jpg,55.0,55.87623167579219,0.8762316757921909,validation
img05753,3028,images/img05753.jpg,73.0,53.80990825539324,19.19009174460676,validation
img05754,3028,images/img05754.jpg,73.0,59.5752621693478,13.424737830652203,validation
img05757,3030,images/img05757.jpg,31.0,36.61730918079589,5.617309180795893,validation
img05769,3036,images/img05769.jpg,65.0,58.9872655529151,6.012734447084903,validation
img05770,3036,images/img05770.jpg,65.0,60.0216588349457,4.978341165054303,validation
img05771,3037,images/img05771.jpg,75.0,61.54397541071491,13.456024589285091,validation
img05772,3037,images/img05772.jpg,75.0,68.90976060002818,6.090239399971821,validation
img05804,3054,images/img05804.jpg,67.0,50.98757886344636,16.01242113655364,validation
img05805,3054,images/img05805.jpg,67.0,56.37390618557272,10.626093814427286,validation
img05931,3120,images/img05931.jpg,39.0,54.04527125695852,15.045271256958522,validation
img05932,3120,images/img05932.jpg,39.0,50.900976760816974,11.900976760816974,validation
img05983,3147,images/img05983.jpg,81.0,77.36605943036531,3.6339405696346887,validation
img05989,3151,images/img05989.jpg,60.0,49.57511184228997,10.42488815771003,validation
img05990,3151,images/img05990.jpg,60.0,61.82871852614675,1.8287185261467516,validation
img06001,3157,images/img06001.jpg,62.0,61.98969317131846,0.0103068286815428,validation
img06002,3157,images/img06002.jpg,62.0,59.82369231981247,2.176307680187527,validation
img06020,3168,images/img06020.jpg,68.0,76.05568008937222,8.055680089372217,validation
img06021,3168,images/img06021.jpg,68.0,78.9725700409285,10.972570040928504,validation
img06043,3180,images/img06043.jpg,54.0,49.88410795252421,4.115892047475796,validation
img06044,3180,images/img06044.jpg,54.0,53.94833180334279,0.0516681966572107,validation
img06065,3191,images/img06065.jpg,51.0,58.132793204982505,7.132793204982505,validation
img06066,3191,images/img06066.jpg,51.0,32.58825615316883,18.41174384683117,validation
img06166,3243,images/img06166.jpg,51.0,64.05503695089624,13.055036950896238,validation
img06182,3252,images/img06182.jpg,66.0,69.21903263470188,3.2190326347018754,validation
img06183,3252,images/img06183.jpg,66.0,68.4946895378887,2.4946895378887035,validation
img06198,3260,images/img06198.jpg,50.0,62.14220277096415,12.142202770964149,validation
img06199,3261,images/img06199.jpg,51.0,53.33584443903339,2.3358444390333872,validation
img06200,3261,images/img06200.jpg,51.0,52.275009579714585,1.2750095797145846,validation
img06201,3262,images/img06201.jpg,32.0,31.983194209990465,0.0168057900095348,validation
img06202,3262,images/img06202.jpg,32.0,40.49348480040884,8.493484800408837,validation
img06216,3271,images/img06216.jpg,67.0,74.552720758173,7.552720758172995,validation
img06239,3283,images/img06239.jpg,38.0,46.911116455004624,8.911116455004624,validation
img06244,3286,images/img06244.jpg,51.0,55.3309995303413,4.330999530341302,validation
img06245,3286,images/img06245.jpg,51.0,51.15981787847221,0.1598178784722037,validation
img06282,3305,images/img06282.jpg,58.0,61.92837741687642,3.9283774168764234,validation
img06283,3305,images/img06283.jpg,58.0,63.62274133288793,5.622741332887927,validation
img06299,3314,images/img06299.jpg,83.0,84.03411269007589,1.0341126900758866,validation
img06310,3320,images/img06310.jpg,44.0,54.350682803353074,10.350682803353074,validation
img06311,3320,images/img06311.jpg,44.0,52.0767142455359,8.076714245535896,validation
img06337,3334,images/img06337.jpg,53.0,54.547503359574144,1.5475033595741436,validation
img06338,3334,images/img06338.jpg,53.0,47.4607906567479,5.539209343252097,validation
img06392,3362,images/img06392.jpg,40.0,35.06126111495372,4.938738885046284,validation
img06393,3362,images/img06393.jpg,40.0,33.26220105127652,6.73779894872348,validation
img06462,3398,images/img06462.jpg,67.0,74.55234340696329,7.552343406963288,validation
img06463,3398,images/img06463.jpg,67.0,69.26960314985573,2.269603149855726,validation
img06473,3404,images/img06473.jpg,42.0,40.84622529509865,1.1537747049013518,validation
img06474,3404,images/img06474.jpg,42.0,42.721224563204736,0.7212245632047356,validation
img06499,3417,images/img06499.jpg,64.0,71.05158207293599,7.051582072935986,validation
img06558,3448,images/img06558.jpg,36.0,59.19603292846857,23.19603292846857,validation
img06559,3448,images/img06559.jpg,36.0,55.08664580902145,19.086645809021448,validation
img06572,3455,images/img06572.jpg,87.0,79.53422132644369,7.465778673556315,validation
img06573,3455,images/img06573.jpg,87.0,82.0820596136787,4.917940386321305,validation
img06587,3464,images/img06587.jpg,55.0,60.66376199820768,5.663761998207676,validation
img06588,3464,images/img06588.jpg,55.0,58.768738577252,3.7687385772520017,validation
img06616,3481,images/img06616.jpg,57.0,53.25665467020984,3.7433453297901593,validation
img06617,3481,images/img06617.jpg,57.0,59.051792064471,2.0517920644709946,validation
img06639,3493,images/img06639.jpg,86.0,88.68404805581807,2.6840480558180677,validation
img06640,3493,images/img06640.jpg,86.0,87.59764519816765,1.5976451981676547,validation
img06656,3502,images/img06656.jpg,73.0,61.904668636679965,11.095331363320035,validation
img06657,3502,images/img06657.jpg,73.0,68.62609282648296,4.37390717351704,validation
img06692,3521,images/img06692.jpg,75.0,83.37161265784896,8.371612657848956,validation
img06695,3523,images/img06695.jpg,85.0,74.78510475734137,10.214895242658628,validation
img06755,3555,images/img06755.jpg,49.0,55.60846200317706,6.60846200317706,validation
img06756,3555,images/img06756.jpg,49.0,52.63555666388167,3.6355566638816654,validation
img06774,3565,images/img06774.jpg,58.0,62.92614445609306,4.926144456093063,validation
img06782,3569,images/img06782.jpg,25.0,31.148674375434663,6.148674375434663,validation
img06783,3569,images/img06783.jpg,25.0,26.25838592009239,1.2583859200923904,validation
img06834,3595,images/img06834.jpg,67.0,66.56448956803673,0.4355104319632659,validation
img06835,3595,images/img06835.jpg,67.0,63.91749734270239,3.08250265729761,validation
img06906,3632,images/img06906.jpg,87.0,80.96017265498998,6.039827345010025,validation
img06907,3632,images/img06907.jpg,87.0,80.4307467265402,6.569253273459793,validation
img06908,3633,images/img06908.jpg,82.0,70.00969248009622,11.99030751990378,validation
img06909,3633,images/img06909.jpg,82.0,75.91079903705065,6.089200962949349,validation
img06910,3634,images/img06910.jpg,51.0,39.110219964198414,11.889780035801586,validation
img06911,3634,images/img06911.jpg,51.0,43.830329567622215,7.169670432377785,validation
img06924,3641,images/img06924.jpg,72.0,55.32315913194063,16.676840868059372,validation
img06925,3641,images/img06925.jpg,72.0,62.11365931471953,9.886340685280471,validation
img06939,3649,images/img06939.jpg,70.0,78.01343269589069,8.013432695890685,validation
img06971,3667,images/img06971.jpg,59.0,51.441751581429415,7.558248418570585,validation
img06997,3681,images/img06997.jpg,75.0,72.38295457414812,2.6170454258518845,validation
img06998,3681,images/img06998.jpg,75.0,74.74893793417218,0.2510620658278242,validation
img07005,3685,images/img07005.jpg,78.0,75.90909550355477,2.090904496445233,validation
img07006,3685,images/img07006.jpg,78.0,75.74737542615232,2.252624573847683,validation
img07103,3737,images/img07103.jpg,80.0,74.2221567360217,5.777843263978298,validation
img07104,3737,images/img07104.jpg,80.0,75.90242751136924,4.09757248863076,validation
img07129,3750,images/img07129.jpg,53.0,55.44720897969241,2.4472089796924124,validation
img07130,3750,images/img07130.jpg,53.0,32.02520670507893,20.97479329492107,validation
img07135,3753,images/img07135.jpg,34.0,33.23394333496526,0.7660566650347391,validation
img07136,3753,images/img07136.jpg,34.0,31.52831150461572,2.471688495384278,validation
img07139,3755,images/img07139.jpg,80.0,83.36529147978104,3.365291479781036,validation
img07140,3755,images/img07140.jpg,80.0,80.22107250841194,0.221072508411936,validation
img07151,3761,images/img07151.jpg,56.0,60.44602844163437,4.446028441634368,validation
img07152,3761,images/img07152.jpg,56.0,58.34875792776028,2.348757927760275,validation
img07163,3768,images/img07163.jpg,37.0,37.361975803022425,0.3619758030224247,validation
img07164,3768,images/img07164.jpg,37.0,36.68875943268378,0.3112405673162186,validation
img07167,3770,images/img07167.jpg,44.0,57.89947005390528,13.899470053905285,validation
img07168,3770,images/img07168.jpg,44.0,52.31878122943099,8.31878122943099,validation
img07179,3776,images/img07179.jpg,28.0,28.01530479665007,0.0153047966500707,validation
img07180,3776,images/img07180.jpg,28.0,26.9546076268984,1.0453923731016026,validation
img07277,3827,images/img07277.jpg,16.0,15.50006803160904,0.4999319683909604,validation
img07281,3829,images/img07281.jpg,22.0,18.07992009748552,3.92007990251448,validation
img07282,3829,images/img07282.jpg,22.0,18.57524045648391,3.424759543516089,validation
img07303,3840,images/img07303.jpg,34.0,33.49515107725945,0.5048489227405497,validation
img07319,3848,images/img07319.jpg,22.0,18.375837607410816,3.624162392589184,validation
img07320,3848,images/img07320.jpg,22.0,20.730195060222293,1.269804939777707,validation
img07321,3849,images/img07321.jpg,29.0,31.180208285485744,2.180208285485744,validation
img07341,3859,images/img07341.jpg,39.0,45.60229450570942,6.602294505709423,validation
img07342,3859,images/img07342.jpg,39.0,34.81155713150365,4.188442868496352,validation
img07373,3875,images/img07373.jpg,57.0,60.03379051274644,3.0337905127464424,validation
img07374,3875,images/img07374.jpg,57.0,59.25672921618482,2.256729216184823,validation
img07398,3888,images/img07398.jpg,41.0,44.68125000186496,3.68125000186496,validation
img07399,3888,images/img07399.jpg,41.0,40.924136323189856,0.0758636768101439,validation
img07436,3908,images/img07436.jpg,83.0,59.88179977101411,23.11820022898589,validation
img07437,3908,images/img07437.jpg,83.0,33.78265779952777,49.21734220047223,validation
img07444,3912,images/img07444.jpg,73.0,61.36203105344847,11.637968946551531,validation
img07493,3937,images/img07493.jpg,71.0,74.28999488615649,3.2899948861564923,validation
img07498,3940,images/img07498.jpg,72.0,70.21549721240926,1.784502787590739,validation
img07499,3940,images/img07499.jpg,72.0,68.60709112091403,3.392908879085965,validation
img07502,3942,images/img07502.jpg,35.0,36.91202483802435,1.912024838024351,validation
img07503,3942,images/img07503.jpg,35.0,39.03570945943636,4.035709459436362,validation
img07504,3943,images/img07504.jpg,69.0,58.56094872946199,10.439051270538007,validation
img07505,3943,images/img07505.jpg,69.0,72.84397414442766,3.843974144427662,validation
img07542,3963,images/img07542.jpg,54.0,67.0680271313403,13.0680271313403,validation
img07583,3985,images/img07583.jpg,80.0,73.32871776344973,6.671282236550269,validation
img07584,3985,images/img07584.jpg,80.0,52.39213132469264,27.60786867530736,validation
img07611,3999,images/img07611.jpg,47.0,55.49242841475822,8.492428414758223,validation
img07612,3999,images/img07612.jpg,47.0,50.92477278984805,3.924772789848049,validation
img07647,4017,images/img07647.jpg,59.0,64.20769078377165,5.207690783771653,validation
img07648,4017,images/img07648.jpg,59.0,69.97247103663861,10.97247103663861,validation
img07655,4021,images/img07655.jpg,84.0,71.18362009680209,12.816379903197912,validation
img07673,4030,images/img07673.jpg,78.0,82.58203469800385,4.582034698003852,validation
img07674,4030,images/img07674.jpg,78.0,62.85970828566951,15.140291714330488,validation
img07692,4040,images/img07692.jpg,57.0,44.09319721899497,12.906802781005029,validation
img07715,4052,images/img07715.jpg,82.0,53.39790726162182,28.602092738378182,validation
img07716,4052,images/img07716.jpg,82.0,70.19798200886011,11.802017991139891,validation
img07721,4055,images/img07721.jpg,65.0,58.15887610776465,6.841123892235352,validation
img07722,4055,images/img07722.jpg,65.0,58.16434442847421,6.835655571525791,validation
img07732,4062,images/img07732.jpg,59.0,70.57999121573229,11.579991215732292,validation
img07733,4062,images/img07733.jpg,59.0,65.4178517508831,6.417851750883102,validation
img07778,4087,images/img07778.jpg,49.0,53.11318759431427,4.113187594314269,validation
img07779,4087,images/img07779.jpg,49.0,53.42940927131774,4.429409271317738,validation
img07823,4110,images/img07823.jpg,65.0,58.70561131888126,6.29438868111874,validation
img07824,4110,images/img07824.jpg,65.0,69.20123387244021,4.201233872440213,validation
img07828,4113,images/img07828.jpg,54.0,65.8124755033251,11.812475503325103,validation
img07829,4113,images/img07829.jpg,54.0,67.84348168608194,13.843481686081944,validation
img07832,4115,images/img07832.jpg,75.0,24.95946453230524,50.04053546769476,validation
img07833,4115,images/img07833.jpg,75.0,18.828283889078904,56.171716110921096,validation
img07861,4130,images/img07861.jpg,64.0,64.03621465074349,0.0362146507434886,validation
img07878,4138,images/img07878.jpg,45.0,55.1523779904107,10.1523779904107,validation
img07893,4146,images/img07893.jpg,27.0,20.600556379308134,6.399443620691862,validation
img07904,4152,images/img07904.jpg,77.0,76.95726592187646,0.0427340781235443,validation
img07905,4152,images/img07905.jpg,77.0,76.84351307252501,0.1564869274749867,validation
img07935,4168,images/img07935.jpg,71.0,72.45479635518134,1.454796355181344,validation
img07936,4168,images/img07936.jpg,71.0,72.73390537711788,1.7339053771178785,validation
img07957,4179,images/img07957.jpg,80.0,87.7042807238353,7.704280723835296,validation
img07969,4186,images/img07969.jpg,43.0,44.73794211337756,1.7379421133775566,validation
img07970,4186,images/img07970.jpg,43.0,45.47591238754731,2.475912387547311,validation
img07981,4192,images/img07981.jpg,34.0,34.18238833532088,0.1823883353208799,validation
img07982,4192,images/img07982.jpg,34.0,42.76754278828149,8.767542788281489,validation
img08001,4203,images/img08001.jpg,83.0,63.67667201878493,19.323327981215076,validation
img08002,4203,images/img08002.jpg,83.0,58.77649527130197,24.223504728698032,validation
img08003,4204,images/img08003.jpg,63.0,63.92545170989329,0.925451709893288,validation
img08004,4204,images/img08004.jpg,63.0,67.27990438254261,4.279904382542611,validation
img08049,4227,images/img08049.jpg,61.0,60.28067854005928,0.7193214599407156,validation
img08050,4227,images/img08050.jpg,61.0,52.081150303470906,8.918849696529094,validation
img08057,4231,images/img08057.jpg,66.0,68.98214441444645,2.982144414446452,validation
img08058,4231,images/img08058.jpg,66.0,66.79745540787094,0.7974554078709417,validation
img08106,4256,images/img08106.jpg,54.0,34.99211205107882,19.00788794892118,validation
img08107,4256,images/img08107.jpg,54.0,36.29691619153995,17.70308380846005,validation
img08117,4262,images/img08117.jpg,71.0,75.77438548412856,4.774385484128558,validation
img08118,4262,images/img08118.jpg,71.0,70.51383042444299,0.4861695755570139,validation
img08125,4266,images/img08125.jpg,77.0,70.28451649364267,6.71548350635733,validation
img08126,4266,images/img08126.jpg,77.0,68.15949042139843,8.84050957860157,validation
img08135,4271,images/img08135.jpg,27.0,36.49062605415436,9.490626054154356,validation
img08136,4271,images/img08136.jpg,27.0,34.21888016039902,7.218880160399017,validation
img08141,4274,images/img08141.jpg,68.0,70.29189992627205,2.291899926272052,validation
img08142,4274,images/img08142.jpg,68.0,69.81883456376333,1.818834563763332,validation
img08161,4284,images/img08161.jpg,70.0,70.5617583905184,0.5617583905184063,validation
img08162,4284,images/img08162.jpg,70.0,73.43436083362363,3.4343608336236287,validation
img08169,4288,images/img08169.jpg,61.0,64.85691154337003,3.856911543370032,validation
img08170,4288,images/img08170.jpg,61.0,61.54323924867283,0.5432392486728332,validation
img08209,4309,images/img08209.jpg,72.0,72.49435497679623,0.4943549767962309,validation
img08210,4309,images/img08210.jpg,72.0,74.46654726544367,2.466547265443665,validation
img08244,4327,images/img08244.jpg,34.0,50.391822008479785,16.391822008479785,validation
img08261,4336,images/img08261.jpg,64.0,66.07127517778389,2.071275177783889,validation
img08315,4365,images/img08315.jpg,32.0,51.221747101282624,19.221747101282624,validation
img08316,4365,images/img08316.jpg,32.0,39.50086571508714,7.500865715087144,validation
img08317,4366,images/img08317.jpg,55.0,52.24495017496852,2.7550498250314845,validation
img08318,4366,images/img08318.jpg,55.0,50.06194288968023,4.938057110319775,validation
img08323,4369,images/img08323.jpg,35.0,37.15106047022175,2.1510604702217506,validation
img08377,4399,images/img08377.jpg,38.0,32.707536216193205,5.292463783806795,validation
img08378,4399,images/img08378.jpg,38.0,33.667338833594954,4.332661166405046,validation
img08381,4401,images/img08381.jpg,46.0,43.18481470227415,2.815185297725847,validation
img08382,4401,images/img08382.jpg,46.0,20.99643269783209,25.00356730216791,validation
img08399,4410,images/img08399.jpg,51.0,57.70933793881535,6.709337938815352,validation
img08422,4422,images/img08422.jpg,33.0,36.2240765019608,3.224076501960802,validation
img08432,4429,images/img08432.jpg,54.0,45.91934368337871,8.080656316621287,validation
img08433,4429,images/img08433.jpg,54.0,53.63530370633888,0.364696293661126,validation
img08442,4434,images/img08442.jpg,62.0,62.66226308232312,0.6622630823231148,validation
img08456,4442,images/img08456.jpg,72.0,40.97910636082922,31.02089363917078,validation
img08457,4442,images/img08457.jpg,72.0,56.34769424994375,15.65230575005625,validation
img08493,4463,images/img08493.jpg,33.0,33.271503958267445,0.271503958267445,validation
img08494,4463,images/img08494.jpg,33.0,48.7454555849588,15.745455584958798,validation
img08524,4479,images/img08524.jpg,78.0,64.5893117333298,13.410688266670206,validation
img08525,4479,images/img08525.jpg,78.0,80.6099449267371,2.6099449267371,validation
img08532,4483,images/img08532.jpg,54.0,48.43624844160584,5.563751558394159,validation
img08533,4483,images/img08533.jpg,54.0,60.29832434420776,6.2983243442077566,validation
img08538,4486,images/img08538.jpg,16.0,16.66609635695086,0.6660963569508596,validation
img08581,4508,images/img08581.jpg,75.0,55.47593184135321,19.52406815864679,validation
img08582,4508,images/img08582.jpg,75.0,58.92486409578731,16.075135904212686,validation
img08653,4548,images/img08653.jpg,70.0,74.95854562506405,4.958545625064048,validation
img08654,4548,images/img08654.jpg,70.0,78.40468700740087,8.404687007400867,validation
img08655,4549,images/img08655.jpg,64.0,73.70822838182059,9.70822838182059,validation
img08656,4549,images/img08656.jpg,64.0,56.381128207858055,7.618871792141945,validation
img08724,4584,images/img08724.jpg,55.0,58.60018855201477,3.600188552014771,validation
img08725,4584,images/img08725.jpg,55.0,66.1475088470296,11.1475088470296,validation
img08728,4586,images/img08728.jpg,64.0,61.97308590095452,2.0269140990454844,validation
img08729,4586,images/img08729.jpg,64.0,62.7689198748942,1.231080125105798,validation
img08741,4593,images/img08741.jpg,36.0,36.944343987586976,0.9443439875869756,validation
img08742,4593,images/img08742.jpg,36.0,41.45408138220559,5.454081382205587,validation
img08778,4612,images/img08778.jpg,78.0,80.29222393304127,2.292223933041271,validation
img08779,4612,images/img08779.jpg,78.0,76.51543127971853,1.484568720281473,validation
img08857,4653,images/img08857.jpg,76.0,73.60859457513087,2.3914054248691343,validation
img08858,4653,images/img08858.jpg,76.0,78.28811383947045,2.288113839470455,validation
img08870,4660,images/img08870.jpg,63.0,60.00450516875498,2.9954948312450185,validation
img08871,4660,images/img08871.jpg,63.0,66.49526307082112,3.4952630708211245,validation
img08886,4668,images/img08886.jpg,81.0,78.93957035045587,2.060429649544133,validation
img08887,4668,images/img08887.jpg,81.0,75.14139300776876,5.858606992231245,validation
img08890,4670,images/img08890.jpg,33.0,31.34171460324339,1.658285396756611,validation
img08891,4670,images/img08891.jpg,33.0,36.87031989507791,3.870319895077913,validation
img08903,4676,images/img08903.jpg,64.0,62.27431822817097,1.7256817718290307,validation
img08926,4689,images/img08926.jpg,79.0,66.83986161332561,12.16013838667439,validation
img08934,4693,images/img08934.jpg,81.0,77.94061699974105,3.059383000258947,validation
img08935,4693,images/img08935.jpg,81.0,78.38844127439538,2.611558725604624,validation
img08954,4704,images/img08954.jpg,82.0,77.43921321574908,4.560786784250922,validation
img08955,4704,images/img08955.jpg,82.0,77.94032253492423,4.059677465075765,validation
img08971,4713,images/img08971.jpg,63.0,51.11173940815706,11.888260591842936,validation
img08972,4713,images/img08972.jpg,63.0,61.32983459755952,1.6701654024404815,validation
img08979,4717,images/img08979.jpg,68.0,76.06259237829467,8.062592378294667,validation
img08980,4717,images/img08980.jpg,68.0,68.11161807645507,0.1116180764550733,validation
img08993,4724,images/img08993.jpg,48.0,52.88529854604428,4.885298546044275,validation
img08994,4724,images/img08994.jpg,48.0,55.15137026637088,7.151370266370883,validation
img09017,4737,images/img09017.jpg,56.0,61.9028854886225,5.902885488622502,validation
img09018,4737,images/img09018.jpg,56.0,56.49143261518446,0.4914326151844577,validation
img09019,4738,images/img09019.jpg,62.0,52.29925821207523,9.70074178792477,validation
img09020,4738,images/img09020.jpg,62.0,51.98796800279582,10.012031997204184,validation
img09021,4739,images/img09021.jpg,60.0,59.72007587647514,0.2799241235248573,validation
img09022,4739,images/img09022.jpg,60.0,61.796388470479805,1.7963884704798048,validation
img09066,4762,images/img09066.jpg,66.0,61.72363112198832,4.276368878011681,validation
img09067,4762,images/img09067.jpg,66.0,69.28197067216254,3.281970672162544,validation
img09102,4782,images/img09102.jpg,70.0,73.90329496381327,3.9032949638132655,validation
img09103,4782,images/img09103.jpg,70.0,73.07375921893491,3.07375921893491,validation
img09112,4787,images/img09112.jpg,58.0,46.12840606905422,11.871593930945778,validation
img09161,4812,images/img09161.jpg,52.0,58.41698665275628,6.416986652756279,validation
img09162,4812,images/img09162.jpg,52.0,52.225442426158814,0.2254424261588141,validation
img09163,4813,images/img09163.jpg,78.0,54.45866905004163,23.54133094995837,validation
img09164,4813,images/img09164.jpg,78.0,73.53032582681774,4.469674173182256,validation
img09168,4815,images/img09168.jpg,40.0,48.53164958920625,8.531649589206253,validation
img09190,4827,images/img09190.jpg,69.0,68.7901468102114,0.2098531897886033,validation
img09191,4827,images/img09191.jpg,69.0,61.22102766652037,7.778972333479636,validation
img09211,4838,images/img09211.jpg,77.0,66.18296677341755,10.817033226582453,validation
img09212,4838,images/img09212.jpg,77.0,74.35167108734653,2.6483289126534686,validation
img09218,4842,images/img09218.jpg,49.0,52.7903791756025,3.790379175602503,validation
img09219,4842,images/img09219.jpg,49.0,51.15931292584186,2.15931292584186,validation
img09222,4844,images/img09222.jpg,58.0,65.11009075696391,7.110090756963913,validation
img09223,4844,images/img09223.jpg,58.0,54.98873762068887,3.011262379311134,validation
img09246,4856,images/img09246.jpg,58.0,61.821517770764856,3.821517770764856,validation
img09247,4856,images/img09247.jpg,58.0,62.300453616580185,4.300453616580185,validation
img09268,4867,images/img09268.jpg,31.0,56.33475306654934,25.33475306654934,validation
img09269,4867,images/img09269.jpg,31.0,38.37793395160389,7.377933951603893,validation
img09322,4895,images/img09322.jpg,68.0,76.03151870584618,8.031518705846182,validation
img09323,4895,images/img09323.jpg,68.0,74.36120302252833,6.361203022528329,validation
img09459,4966,images/img09459.jpg,64.0,63.71802414925639,0.2819758507436134,validation
img09460,4966,images/img09460.jpg,64.0,63.39844530068846,0.6015546993115422,validation
img09481,4978,images/img09481.jpg,54.0,40.35700799208165,13.642992007918352,validation
img09497,4986,images/img09497.jpg,60.0,60.14198506602764,0.1419850660276367,validation
img09498,4986,images/img09498.jpg,60.0,67.5889430265837,7.588943026583706,validation
img09511,4993,images/img09511.jpg,54.0,44.16215651665458,9.837843483345416,validation
img09512,4993,images/img09512.jpg,54.0,44.97999655525268,9.020003444747324,validation
img09545,5011,images/img09545.jpg,64.0,66.2953792625472,2.2953792625472005,validation
img09575,5027,images/img09575.jpg,62.0,55.95583151413844,6.044168485861562,validation
img09576,5027,images/img09576.jpg,62.0,55.99056200336776,6.009437996632244,validation
img09596,5038,images/img09596.jpg,68.0,70.21453965644935,2.2145396564493467,validation
img09597,5038,images/img09597.jpg,68.0,71.73364111266295,3.733641112662952,validation
img09607,5044,images/img09607.jpg,62.0,50.942347976971,11.057652023029,validation
img09608,5044,images/img09608.jpg,62.0,61.26304834118707,0.7369516588129272,validation
img09626,5054,images/img09626.jpg,78.0,80.57465277313493,2.574652773134929,validation
img09636,5059,images/img09636.jpg,69.0,61.13381972979561,7.866180270204389,validation
img09637,5059,images/img09637.jpg,69.0,63.27134937799814,5.728650622001858,validation
img09701,5093,images/img09701.jpg,46.0,42.75389052688496,3.246109473115041,validation
img09702,5093,images/img09702.jpg,46.0,46.72778484126779,0.7277848412677912,validation
img09716,5101,images/img09716.jpg,73.0,75.58688555731796,2.586885557317956,validation
img09717,5101,images/img09717.jpg,73.0,53.12766435719792,19.87233564280208,validation
img09720,5103,images/img09720.jpg,68.0,59.03871510007771,8.96128489992229,validation
img09721,5103,images/img09721.jpg,68.0,62.3427682107585,5.6572317892415,validation
img09722,5104,images/img09722.jpg,55.0,57.77614491678602,2.7761449167860235,validation
img09723,5104,images/img09723.jpg,55.0,47.93108150631583,7.068918493684173,validation
img09730,5108,images/img09730.jpg,65.0,67.69768997404907,2.6976899740490694,validation
img09731,5108,images/img09731.jpg,65.0,67.91131329255414,2.9113132925541407,validation
img09767,5129,images/img09767.jpg,71.0,67.41174282469952,3.588257175300484,validation
img09771,5131,images/img09771.jpg,32.0,44.15956522626649,12.159565226266489,validation
img09772,5131,images/img09772.jpg,32.0,47.97303728966179,15.97303728966179,validation
img09789,5140,images/img09789.jpg,80.0,77.05910930530283,2.940890694697174,validation
img09790,5140,images/img09790.jpg,80.0,80.89748218609752,0.8974821860975197,validation
img09820,5157,images/img09820.jpg,39.0,32.03191614046089,6.968083859539107,validation
img09821,5157,images/img09821.jpg,39.0,36.25871210808248,2.7412878919175228,validation
img09863,5179,images/img09863.jpg,77.0,71.96953469620375,5.030465303796248,validation
img09864,5179,images/img09864.jpg,77.0,57.47772595550703,19.522274044492967,validation
img09902,5199,images/img09902.jpg,54.0,52.37945461432816,1.6205453856718393,validation
img09903,5199,images/img09903.jpg,54.0,51.90875533115319,2.0912446688468123,validation
img09967,5232,images/img09967.jpg,27.0,28.20490960159579,1.2049096015957907,validation
img09968,5232,images/img09968.jpg,27.0,29.23544921166245,2.235449211662452,validation
img09992,5245,images/img09992.jpg,55.0,69.99198314789004,14.99198314789004,validation
img09993,5245,images/img09993.jpg,55.0,58.26044956510893,3.260449565108928,validation
img09997,5248,images/img09997.jpg,48.0,49.75874610042188,1.758746100421881,validation
img10029,5264,images/img10029.jpg,80.0,77.798093847175,2.2019061528250035,validation
img10030,5265,images/img10030.jpg,84.0,81.0488938136901,2.9511061863099,validation
img10041,5271,images/img10041.jpg,45.0,60.94089401608232,15.940894016082318,validation
img10073,5289,images/img10073.jpg,65.0,56.25350899664949,8.746491003350506,validation
img10074,5289,images/img10074.jpg,65.0,68.77346047059109,3.7734604705910897,validation
img10088,5297,images/img10088.jpg,14.0,17.819892395679517,3.819892395679517,validation
img10089,5297,images/img10089.jpg,14.0,17.194113216721583,3.1941132167215827,validation
img10124,5315,images/img10124.jpg,59.0,69.5849204381579,10.584920438157894,validation
img10125,5315,images/img10125.jpg,59.0,45.87699200844568,13.123007991554315,validation
img10136,5321,images/img10136.jpg,57.0,44.31404692222712,12.685953077772886,validation
img10137,5321,images/img10137.jpg,57.0,46.82009628951237,10.179903710487636,validation
img10188,5347,images/img10188.jpg,72.0,78.44864078905954,6.448640789059539,validation
img10189,5347,images/img10189.jpg,72.0,85.07382433388156,13.07382433388156,validation
img10196,5351,images/img10196.jpg,66.0,60.17123769170612,5.828762308293882,validation
img10197,5351,images/img10197.jpg,66.0,64.33833555280998,1.6616644471900202,validation
img10200,5354,images/img10200.jpg,78.0,67.58410289748339,10.41589710251661,validation
img10201,5354,images/img10201.jpg,78.0,79.8834631428654,1.883463142865395,validation
img10208,5358,images/img10208.jpg,71.0,74.14625243112667,3.146252431126669,validation
img10209,5358,images/img10209.jpg,71.0,79.16791800041281,8.167918000412811,validation
img10214,5361,images/img10214.jpg,44.0,47.50266246309055,3.5026624630905445,validation
img10215,5361,images/img10215.jpg,44.0,50.99512479703021,6.995124797030208,validation
img10234,5371,images/img10234.jpg,60.0,63.03502882047295,3.035028820472945,validation
img10235,5371,images/img10235.jpg,60.0,54.7458409549071,5.254159045092898,validation
img10244,5376,images/img10244.jpg,60.0,66.23287419742832,6.232874197428316,validation
img10245,5376,images/img10245.jpg,60.0,61.96199384754875,1.9619938475487475,validation
img10274,5391,images/img10274.jpg,57.0,53.48768140469471,3.512318595305288,validation
img10275,5391,images/img10275.jpg,57.0,53.66609600129571,3.3339039987042867,validation
img10293,5401,images/img10293.jpg,86.0,87.84226693700134,1.842266937001341,validation
img10351,5431,images/img10351.jpg,59.0,56.629949410326006,2.370050589673994,validation
img10352,5431,images/img10352.jpg,59.0,60.46101724611618,1.461017246116178,validation
img10362,5437,images/img10362.jpg,59.0,70.76858175297559,11.768581752975592,validation
img10363,5437,images/img10363.jpg,59.0,67.18218459716228,8.182184597162276,validation
img10423,5470,images/img10423.jpg,58.0,62.76304584710368,4.763045847103683,validation
img10424,5470,images/img10424.jpg,58.0,64.26571562123301,6.265715621233014,validation
img10440,5479,images/img10440.jpg,68.0,60.849413340334856,7.150586659665144,validation
img10441,5479,images/img10441.jpg,68.0,65.48722711642279,2.512772883577213,validation
img10442,5480,images/img10442.jpg,59.0,56.29834958091625,2.701650419083748,validation
img10443,5480,images/img10443.jpg,59.0,58.981092970518624,0.018907029481376,validation
img10488,5505,images/img10488.jpg,69.0,66.40908630626048,2.590913693739523,validation
img10489,5505,images/img10489.jpg,69.0,67.78371623436999,1.2162837656300098,validation
img10496,5509,images/img10496.jpg,77.0,72.86151334140634,4.138486658593664,validation
img10497,5509,images/img10497.jpg,77.0,66.68181580247092,10.318184197529078,validation
img10522,5522,images/img10522.jpg,17.0,43.33735511166457,26.33735511166457,validation
img10523,5522,images/img10523.jpg,17.0,31.50748520779289,14.507485207792886,validation
img10543,5533,images/img10543.jpg,50.0,46.770382994158616,3.229617005841384,validation
img10544,5533,images/img10544.jpg,50.0,56.11857158494807,6.118571584948072,validation
img10604,5564,images/img10604.jpg,72.0,68.63781797924491,3.362182020755085,validation
img10605,5564,images/img10605.jpg,72.0,61.962990120179015,10.037009879820983,validation
img10615,5570,images/img10615.jpg,74.0,85.19210539774957,11.192105397749572,validation
img10616,5570,images/img10616.jpg,74.0,76.30867335388731,2.3086733538873148,validation
img10623,5574,images/img10623.jpg,35.0,28.88536326276583,6.1146367372341714,validation
img10624,5574,images/img10624.jpg,35.0,31.39277916492325,3.6072208350767454,validation
img10645,5586,images/img10645.jpg,21.0,34.98603735096869,13.986037350968688,validation
img10646,5586,images/img10646.jpg,21.0,27.54926514654881,6.549265146548809,validation
img10672,5600,images/img10672.jpg,48.0,58.40038033667647,10.40038033667647,validation
img10673,5600,images/img10673.jpg,48.0,52.4667154456589,4.466715445658899,validation
img10694,5612,images/img10694.jpg,54.0,48.65471952348426,5.34528047651574,validation
img10695,5612,images/img10695.jpg,54.0,57.43977264428593,3.439772644285931,validation
img10709,5620,images/img10709.jpg,49.0,53.69841842268964,4.698418422689642,validation
img10710,5620,images/img10710.jpg,49.0,54.81220978013644,5.812209780136435,validation
img10731,5632,images/img10731.jpg,62.0,38.89974523801256,23.100254761987443,validation
img10732,5632,images/img10732.jpg,62.0,55.38838499743649,6.611615002563511,validation
img10765,5649,images/img10765.jpg,66.0,49.59537920126605,16.40462079873395,validation
img10801,5667,images/img10801.jpg,57.0,54.20429916250786,2.795700837492141,validation
img10802,5667,images/img10802.jpg,57.0,59.97186837890384,2.971868378903835,validation
img10810,5672,images/img10810.jpg,58.0,45.719853585471,12.280146414529,validation
img10811,5672,images/img10811.jpg,58.0,50.32909554944306,7.6709044505569395,validation
img10839,5687,images/img10839.jpg,54.0,47.161926317433455,6.838073682566545,validation
img10840,5687,images/img10840.jpg,54.0,44.18075142453211,9.819248575467888,validation
img10841,5688,images/img10841.jpg,55.0,46.00176983866129,8.99823016133871,validation
img10842,5688,images/img10842.jpg,55.0,33.326837169180905,21.67316283081909,validation
img10868,5703,images/img10868.jpg,82.0,79.49120983219888,2.5087901678011235,validation
img10875,5707,images/img10875.jpg,75.0,63.36461347445568,11.63538652554432,validation
img10886,5713,images/img10886.jpg,77.0,80.3551107118116,3.355110711811605,validation
img10887,5713,images/img10887.jpg,77.0,71.87643473661635,5.123565263383654,validation
img10909,5725,images/img10909.jpg,53.0,64.84416285271699,11.844162852716993,validation
img10910,5725,images/img10910.jpg,53.0,59.09149301074734,6.091493010747342,validation
img10926,5735,images/img10926.jpg,71.0,70.52085177440871,0.4791482255912882,validation
img10927,5735,images/img10927.jpg,71.0,62.010762401615175,8.989237598384825,validation
img10945,5745,images/img10945.jpg,66.0,64.26534917612763,1.7346508238723717,validation
img10946,5745,images/img10946.jpg,66.0,72.77638247225066,6.77638247225066,validation
img10955,5750,images/img10955.jpg,53.0,49.27892058914608,3.7210794108539247,validation
img10956,5750,images/img10956.jpg,53.0,50.47075057610471,2.529249423895294,validation
img10965,5755,images/img10965.jpg,68.0,53.92553422816285,14.074465771837149,validation
img10987,5767,images/img10987.jpg,19.0,17.47843535652641,1.5215646434735888,validation
img10988,5767,images/img10988.jpg,19.0,22.196169610427795,3.196169610427795,validation
img11032,5792,images/img11032.jpg,66.0,66.83813190517935,0.8381319051793525,validation
img11033,5792,images/img11033.jpg,66.0,67.11598563450784,1.1159856345078367,validation
img11042,5797,images/img11042.jpg,57.0,57.75682925173879,0.756829251738786,validation
img11043,5797,images/img11043.jpg,57.0,58.80603227365078,1.8060322736507783,validation
img11050,5802,images/img11050.jpg,52.0,56.85162477381885,4.851624773818848,validation
img11051,5802,images/img11051.jpg,52.0,50.85487120477459,1.1451287952254106,validation
img11058,5807,images/img11058.jpg,84.0,75.75999597007953,8.24000402992047,validation
img11082,5821,images/img11082.jpg,65.0,57.12895848646039,7.871041513539609,validation
img11089,5825,images/img11089.jpg,70.0,73.99025151483329,3.9902515148332895,validation
img11090,5825,images/img11090.jpg,70.0,77.45389719461494,7.453897194614939,validation
img11134,5849,images/img11134.jpg,74.0,71.30993459711738,2.690065402882624,validation
img11135,5849,images/img11135.jpg,74.0,73.25998204092883,0.7400179590711673,validation
img11138,5852,images/img11138.jpg,74.0,68.22403710924733,5.775962890752666,validation
img11150,5859,images/img11150.jpg,57.0,52.0343369412577,4.965663058742301,validation
img11151,5859,images/img11151.jpg,57.0,53.35032910884268,3.649670891157321,validation
img11177,5874,images/img11177.jpg,69.0,75.49228164594385,6.492281645943848,validation
img11187,5880,images/img11187.jpg,80.0,69.39497427214673,10.605025727853274,validation
img11188,5880,images/img11188.jpg,80.0,72.58469678259935,7.415303217400648,validation
img11205,5888,images/img11205.jpg,63.0,50.59959311140299,12.400406888597011,validation
img11206,5888,images/img11206.jpg,63.0,53.14811084893757,9.85188915106243,validation
img11208,5890,images/img11208.jpg,68.0,67.34748842044658,0.6525115795534191,validation
img11209,5890,images/img11209.jpg,68.0,62.76346300559419,5.23653699440581,validation
img11214,5893,images/img11214.jpg,53.0,55.09467270180612,2.094672701806118,validation
img11215,5893,images/img11215.jpg,53.0,49.96555146780692,3.034448532193082,validation
img11249,5913,images/img11249.jpg,66.0,61.95127696413182,4.0487230358681785,validation
img11250,5913,images/img11250.jpg,66.0,60.17280926133965,5.827190738660356,validation
img11275,5926,images/img11275.jpg,59.0,58.47082518207172,0.5291748179282791,validation
img11276,5926,images/img11276.jpg,59.0,59.59813608725802,0.5981360872580197,validation
img11285,5932,images/img11285.jpg,60.0,59.2289592753896,0.7710407246104012,validation
img11286,5932,images/img11286.jpg,60.0,56.81960472416739,3.180395275832609,validation
img11301,5941,images/img11301.jpg,65.0,76.57652291371664,11.576522913716644,validation
img11302,5941,images/img11302.jpg,65.0,72.93675891760003,7.936758917600031,validation
img11318,5951,images/img11318.jpg,82.0,77.24095114518859,4.759048854811411,validation
img11319,5951,images/img11319.jpg,82.0,78.01044006086337,3.989559939136626,validation
img11320,5952,images/img11320.jpg,56.0,53.10395285047538,2.89604714952462,validation
img11321,5952,images/img11321.jpg,56.0,48.93315618408902,7.066843815910978,validation
img11324,5954,images/img11324.jpg,47.0,48.80216078379659,1.8021607837965876,validation
img11325,5954,images/img11325.jpg,47.0,50.11346278121575,3.1134627812157447,validation
img11351,5968,images/img11351.jpg,49.0,37.977398545311445,11.022601454688555,validation
img11363,5975,images/img11363.jpg,70.0,75.97345896885098,5.973458968850977,validation
img11364,5975,images/img11364.jpg,70.0,61.62909319254539,8.37090680745461,validation
img11390,5989,images/img11390.jpg,62.0,62.67810474416329,0.6781047441632921,validation
img11391,5989,images/img11391.jpg,62.0,65.56677187894218,3.566771878942177,validation
img11396,5992,images/img11396.jpg,66.0,68.15348879218729,2.1534887921872894,validation
img11409,6001,images/img11409.jpg,61.0,65.22610934948929,4.226109349489292,validation
img11410,6001,images/img11410.jpg,61.0,71.57759220951054,10.57759220951054,validation
img11417,6005,images/img11417.jpg,77.0,73.73181610425902,3.2681838957409752,validation
img11418,6005,images/img11418.jpg,77.0,64.91886966735693,12.08113033264307,validation
img11426,6010,images/img11426.jpg,67.0,59.59489261183117,7.40510738816883,validation
img11427,6010,images/img11427.jpg,67.0,59.49272531710629,7.5072746828937085,validation
img11428,6011,images/img11428.jpg,70.0,70.78122192789058,0.7812219278905843,validation
img11429,6011,images/img11429.jpg,70.0,58.639418354584194,11.360581645415806,validation
img11457,6026,images/img11457.jpg,70.0,72.20995104120895,2.209951041208953,validation
img11458,6026,images/img11458.jpg,70.0,67.44065381665996,2.55934618334004,validation
img11459,6027,images/img11459.jpg,74.0,49.18075474409877,24.81924525590123,validation
img11460,6027,images/img11460.jpg,74.0,75.14845580093092,1.1484558009309185,validation
img11466,6030,images/img11466.jpg,68.0,64.3475114036855,3.652488596314498,validation
img11475,6036,images/img11475.jpg,59.0,61.13672620659875,2.136726206598752,validation
img11476,6036,images/img11476.jpg,59.0,64.51958301000992,5.519583010009924,validation
img11509,6056,images/img11509.jpg,25.0,40.02929700682229,15.02929700682229,validation
img11510,6056,images/img11510.jpg,25.0,35.24239187683736,10.24239187683736,validation
img11556,6080,images/img11556.jpg,83.0,84.73924904655878,1.7392490465587829,validation
img11557,6080,images/img11557.jpg,83.0,78.17959810141683,4.820401898583171,validation
img11634,6121,images/img11634.jpg,49.0,55.42579702506722,6.425797025067219,validation
img11649,6131,images/img11649.jpg,60.0,65.70825349854502,5.70825349854502,validation
img11650,6131,images/img11650.jpg,60.0,70.7014405029073,10.701440502907303,validation
img11666,6141,images/img11666.jpg,72.0,66.73002732725885,5.269972672741147,validation
img11667,6141,images/img11667.jpg,72.0,61.373603520749846,10.626396479250154,validation
img11682,6150,images/img11682.jpg,61.0,69.77043763520184,8.770437635201844,validation
img11683,6150,images/img11683.jpg,61.0,62.21486032860104,1.214860328601041,validation
img11707,6163,images/img11707.jpg,67.0,60.98430276517725,6.015697234822753,validation
img11708,6163,images/img11708.jpg,67.0,70.0228855945006,3.022885594500593,validation
img11740,6180,images/img11740.jpg,14.0,34.37120135709246,20.37120135709246,validation
img11741,6180,images/img11741.jpg,14.0,21.21178899631472,7.211788996314716,validation
img11788,6205,images/img11788.jpg,32.0,54.27603324576086,22.276033245760857,validation
img11789,6205,images/img11789.jpg,32.0,36.39309494437888,4.3930949443788805,validation
img11821,6222,images/img11821.jpg,72.0,66.87969834060084,5.120301659399161,validation
img11822,6222,images/img11822.jpg,72.0,70.12759728336496,1.8724027166350368,validation
img11827,6225,images/img11827.jpg,88.0,80.76878143015549,7.231218569844515,validation
img11828,6225,images/img11828.jpg,88.0,82.54532475083917,5.454675249160829,validation
img11847,6235,images/img11847.jpg,39.0,46.35293876371759,7.352938763717589,validation
img11848,6235,images/img11848.jpg,39.0,48.29412336184771,9.29412336184771,validation
img11877,6251,images/img11877.jpg,72.0,67.91709789028917,4.08290210971083,validation
img11878,6251,images/img11878.jpg,72.0,80.9685812614261,8.968581261426095,validation
img11901,6263,images/img11901.jpg,63.0,62.20947053184264,0.7905294681573594,validation
img11902,6263,images/img11902.jpg,63.0,67.51795519351928,4.517955193519285,validation
img11982,6305,images/img11982.jpg,83.0,83.687806796939,0.6878067969390003,validation
img11983,6305,images/img11983.jpg,83.0,77.01368756200175,5.986312437998251,validation
img11986,6307,images/img11986.jpg,83.0,58.02817067352101,24.97182932647899,validation
img11987,6307,images/img11987.jpg,83.0,52.99478056494127,30.005219435058727,validation
img12008,6318,images/img12008.jpg,36.0,46.40121463452104,10.40121463452104,validation
img12009,6318,images/img12009.jpg,36.0,45.77606255656191,9.77606255656191,validation
img12023,6327,images/img12023.jpg,24.0,28.930468729041426,4.930468729041426,validation
img12024,6327,images/img12024.jpg,24.0,29.13663118157639,5.136631181576391,validation
img12029,6330,images/img12029.jpg,11.0,22.595647124600525,11.595647124600523,validation
img12030,6330,images/img12030.jpg,11.0,17.833991807353456,6.833991807353456,validation
img12061,6346,images/img12061.jpg,75.0,66.85619132333443,8.143808676665572,validation
img12062,6346,images/img12062.jpg,75.0,75.81509797158125,0.8150979715812525,validation
img12063,6347,images/img12063.jpg,40.0,41.27668705166438,1.276687051664382,validation
img12064,6347,images/img12064.jpg,40.0,40.76246423264644,0.7624642326464368,validation
img12078,6355,images/img12078.jpg,77.0,79.3206907098254,2.3206907098253997,validation
img12079,6355,images/img12079.jpg,77.0,81.18017713513676,4.180177135136759,validation
img12080,6356,images/img12080.jpg,32.0,25.68960422356821,6.310395776431786,validation
img12081,6356,images/img12081.jpg,32.0,33.770403700705955,1.7704037007059554,validation
img12094,6363,images/img12094.jpg,25.0,47.64403720287098,22.644037202870983,validation
img12095,6363,images/img12095.jpg,25.0,32.55025056081011,7.550250560810113,validation
img12104,6368,images/img12104.jpg,25.0,35.72910077585915,10.729100775859152,validation
img12105,6368,images/img12105.jpg,25.0,33.090255410457075,8.090255410457075,validation
img12116,6374,images/img12116.jpg,89.0,76.79416949410793,12.205830505892068,validation
img12118,6375,images/img12118.jpg,58.0,54.30802030444673,3.691979695553272,validation
img12119,6375,images/img12119.jpg,58.0,59.35325587375178,1.3532558737517777,validation
img12166,6403,images/img12166.jpg,58.0,50.83443752770752,7.1655624722924784,validation
img12167,6403,images/img12167.jpg,58.0,61.86559642731807,3.865596427318067,validation
img12176,6408,images/img12176.jpg,76.0,64.90442998522798,11.095570014772022,validation
img12177,6408,images/img12177.jpg,76.0,73.21738825047973,2.782611749520271,validation
img12208,6426,images/img12208.jpg,71.0,77.35176807125521,6.351768071255208,validation
img12209,6426,images/img12209.jpg,71.0,77.05263980421606,6.0526398042160565,validation
img12286,6466,images/img12286.jpg,63.0,62.59400777369781,0.4059922263021889,validation
img12287,6466,images/img12287.jpg,63.0,67.56509792008316,4.565097920083161,validation
img12294,6470,images/img12294.jpg,37.0,60.7740289839636,23.774028983963603,validation
img12295,6470,images/img12295.jpg,37.0,58.38148578358256,21.381485783582555,validation
img12304,6475,images/img12304.jpg,37.0,54.89828893506335,17.89828893506335,validation
img12335,6493,images/img12335.jpg,71.0,72.81307169781712,1.8130716978171224,validation
img12340,6496,images/img12340.jpg,82.0,81.8860114822966,0.1139885177034045,validation
img12341,6496,images/img12341.jpg,82.0,77.11858683586054,4.88141316413946,validation
img12348,6500,images/img12348.jpg,85.0,80.56732823346891,4.432671766531087,validation
img12349,6500,images/img12349.jpg,85.0,82.78985269717566,2.210147302824339,validation
img12404,6530,images/img12404.jpg,62.0,64.99838443808942,2.998384438089417,validation
img12405,6530,images/img12405.jpg,62.0,60.31606694003214,1.6839330599678632,validation
img12422,6539,images/img12422.jpg,43.0,44.08424221673208,1.084242216732079,validation
img12423,6539,images/img12423.jpg,43.0,53.33329622775739,10.333296227757389,validation
img12470,6563,images/img12470.jpg,88.0,73.5514629476139,14.4485370523861,validation
img12471,6563,images/img12471.jpg,88.0,74.29840458320304,13.701595416796962,validation
img12548,6603,images/img12548.jpg,8.0,12.957514842530893,4.957514842530891,validation
img12549,6603,images/img12549.jpg,8.0,13.928175577400602,5.9281755774006015,validation
img12552,6605,images/img12552.jpg,48.0,44.66979859232161,3.330201407678388,validation
img12553,6605,images/img12553.jpg,48.0,47.14717363011032,0.8528263698896765,validation
img12558,6608,images/img12558.jpg,38.0,47.25702318472314,9.257023184723138,validation
img12559,6608,images/img12559.jpg,38.0,52.26842556453238,14.26842556453238,validation
img12584,6622,images/img12584.jpg,65.0,71.59418257541277,6.594182575412773,validation
img12585,6622,images/img12585.jpg,65.0,56.76888056926883,8.23111943073117,validation
img12620,6640,images/img12620.jpg,51.0,43.63832105728283,7.36167894271717,validation
img12621,6640,images/img12621.jpg,51.0,50.76452721775061,0.2354727822493956,validation
img12625,6642,images/img12625.jpg,80.0,77.51615796299691,2.483842037003086,validation
img12626,6643,images/img12626.jpg,77.0,72.2690490393361,4.730950960663904,validation
img12627,6643,images/img12627.jpg,77.0,66.54337207822837,10.456627921771627,validation
img12646,6653,images/img12646.jpg,16.0,21.595533364385325,5.595533364385325,validation
img12647,6653,images/img12647.jpg,16.0,19.0432388429223,3.0432388429223,validation
img12667,6664,images/img12667.jpg,34.0,43.28678677773158,9.286786777731578,validation
img12668,6664,images/img12668.jpg,34.0,47.2132002763164,13.2132002763164,validation
img12719,6691,images/img12719.jpg,73.0,73.45312478611822,0.4531247861182237,validation
img12720,6691,images/img12720.jpg,73.0,80.65730795660838,7.657307956608378,validation
img12727,6695,images/img12727.jpg,58.0,54.37248901364969,3.627510986350309,validation
img12728,6695,images/img12728.jpg,58.0,57.10627787924936,0.8937221207506383,validation
img12757,6710,images/img12757.jpg,51.0,58.42075839261147,7.420758392611468,validation
img12758,6710,images/img12758.jpg,51.0,52.50890134780616,1.5089013478061588,validation
img12771,6717,images/img12771.jpg,71.0,76.69639408759554,5.696394087595536,validation
img12772,6717,images/img12772.jpg,71.0,80.12024339268798,9.120243392687982,validation
img12777,6720,images/img12777.jpg,57.0,66.78923329581882,9.789233295818818,validation
img12778,6720,images/img12778.jpg,57.0,70.54136397542692,13.541363975426918,validation
img12789,6726,images/img12789.jpg,59.0,61.1355870640018,2.135587064001797,validation
img12790,6726,images/img12790.jpg,59.0,69.03878199543742,10.038781995437418,validation
img12817,6740,images/img12817.jpg,41.0,43.49982007599256,2.4998200759925595,validation
img12818,6740,images/img12818.jpg,41.0,31.279405848002384,9.720594151997616,validation
img12823,6743,images/img12823.jpg,49.0,56.02696930613736,7.02696930613736,validation
img12824,6743,images/img12824.jpg,49.0,61.96714970836933,12.967149708369334,validation
img12843,6754,images/img12843.jpg,39.0,36.155627609983696,2.844372390016304,validation
img12844,6754,images/img12844.jpg,39.0,33.2684240744055,5.731575925594498,validation
img12868,6767,images/img12868.jpg,45.0,36.89224552721691,8.107754472783093,validation
img12869,6767,images/img12869.jpg,45.0,37.31890541581424,7.681094584185757,validation
img12880,6773,images/img12880.jpg,44.0,60.24723224461447,16.247232244614466,validation
img12881,6773,images/img12881.jpg,44.0,51.97945851489468,7.979458514894681,validation
img12882,6774,images/img12882.jpg,51.0,42.57915837640997,8.420841623590036,validation
img12883,6774,images/img12883.jpg,51.0,46.205519860919125,4.794480139080875,validation
img12938,6805,images/img12938.jpg,63.0,62.72465581456744,0.2753441854325658,validation
img12939,6805,images/img12939.jpg,63.0,59.31053121005077,3.689468789949231,validation
img12940,6806,images/img12940.jpg,48.0,44.57459702643038,3.425402973569618,validation
img12941,6806,images/img12941.jpg,48.0,46.12526074856632,1.874739251433681,validation
img12944,6808,images/img12944.jpg,62.0,57.201745894901926,4.798254105098074,validation
img12945,6808,images/img12945.jpg,62.0,60.23506703054292,1.7649329694570852,validation
img12952,6812,images/img12952.jpg,48.0,43.42127431262952,4.578725687370479,validation
img12953,6812,images/img12953.jpg,48.0,40.999444064178206,7.000555935821794,validation
img12963,6818,images/img12963.jpg,76.0,78.37495260456375,2.374952604563745,validation
img12964,6818,images/img12964.jpg,76.0,75.77363296293,0.2263670370700055,validation
img12968,6821,images/img12968.jpg,51.0,59.52459104538152,8.52459104538152,validation
img12969,6821,images/img12969.jpg,51.0,55.93148554479667,4.931485544796672,validation
img12994,6835,images/img12994.jpg,66.0,55.52365749919336,10.476342500806638,validation
img13033,6856,images/img13033.jpg,77.0,48.81286348927789,28.187136510722112,validation
img13034,6856,images/img13034.jpg,77.0,50.673746441248326,26.326253558751677,validation
img13044,6862,images/img13044.jpg,60.0,59.74588817154367,0.254111828456331,validation
img13045,6862,images/img13045.jpg,60.0,64.72428622578593,4.724286225785932,validation
img13052,6866,images/img13052.jpg,68.0,73.10598457600032,5.105984576000324,validation
img13096,6889,images/img13096.jpg,85.0,76.78675334316557,8.213246656834428,validation
img13097,6889,images/img13097.jpg,85.0,81.5805184127722,3.419481587227807,validation
img13112,6897,images/img13112.jpg,64.0,63.06751156160048,0.932488438399524,validation
img13113,6897,images/img13113.jpg,64.0,59.01726061164564,4.982739388354361,validation
img13129,6906,images/img13129.jpg,83.0,63.65158797883284,19.348412021167164,validation
img13182,6936,images/img13182.jpg,26.0,24.798270129131357,1.2017298708686468,validation
img13183,6936,images/img13183.jpg,26.0,25.549356084364756,0.4506439156352471,validation
img13226,6961,images/img13226.jpg,70.0,52.25590208493368,17.74409791506632,validation
img13227,6961,images/img13227.jpg,70.0,61.661080251231255,8.338919748768745,validation
img13233,6965,images/img13233.jpg,79.0,75.26288700997151,3.7371129900284927,validation
img13234,6965,images/img13234.jpg,79.0,77.66771791360833,1.3322820863916718,validation
img13276,6988,images/img13276.jpg,56.0,58.59690663257017,2.5969066325701675,validation
img13323,7012,images/img13323.jpg,37.0,32.739142106532846,4.260857893467154,validation
img13324,7012,images/img13324.jpg,37.0,33.654735739434685,3.345264260565316,validation
img13342,7022,images/img13342.jpg,75.0,75.14007555036605,0.1400755503660491,validation
img13343,7022,images/img13343.jpg,75.0,67.28910804398416,7.710891956015843,validation
img13344,7023,images/img13344.jpg,45.0,56.18879653601482,11.18879653601482,validation
img13345,7023,images/img13345.jpg,45.0,56.23172255366698,11.231722553666977,validation
img13358,7030,images/img13358.jpg,55.0,54.99357884039962,0.0064211596003787,validation
img13359,7030,images/img13359.jpg,55.0,59.97344103914779,4.973441039147787,validation
img13360,7031,images/img13360.jpg,19.0,25.923627410216927,6.923627410216927,validation
img13361,7031,images/img13361.jpg,19.0,29.376469503052263,10.376469503052263,validation
img13415,7060,images/img13415.jpg,82.0,79.9638651251849,2.0361348748151045,validation
img13423,7065,images/img13423.jpg,68.0,71.80267457183199,3.802674571831986,validation
img13424,7065,images/img13424.jpg,68.0,77.4452508351045,9.445250835104504,validation
img13437,7072,images/img13437.jpg,64.0,63.96974685261739,0.0302531473826093,validation
img13438,7072,images/img13438.jpg,64.0,62.15965853624473,1.8403414637552729,validation
img13442,7075,images/img13442.jpg,53.0,58.08766510854044,5.087665108540435,validation
img13443,7075,images/img13443.jpg,53.0,68.28158644056003,15.281586440560034,validation
img13478,7094,images/img13478.jpg,67.0,72.4593442006857,5.459344200685706,validation
img13479,7094,images/img13479.jpg,67.0,66.59471965331552,0.4052803466844779,validation
img13482,7096,images/img13482.jpg,74.0,56.49074832530109,17.50925167469891,validation
img13483,7096,images/img13483.jpg,74.0,64.57586995974677,9.424130040253232,validation
img13513,7112,images/img13513.jpg,33.0,35.59424025219323,2.594240252193231,validation
img13514,7112,images/img13514.jpg,33.0,49.04944088555999,16.04944088555999,validation
img13539,7125,images/img13539.jpg,40.0,58.46218400296083,18.462184002960832,validation
img13540,7125,images/img13540.jpg,40.0,51.67718165553632,11.677181655536316,validation
img13543,7127,images/img13543.jpg,45.0,43.890659955538304,1.109340044461696,validation
img13544,7127,images/img13544.jpg,45.0,39.63016194432543,5.36983805567457,validation
img13585,7149,images/img13585.jpg,66.0,63.65407293470374,2.3459270652962587,validation
img13586,7149,images/img13586.jpg,66.0,64.46826215487837,1.5317378451216257,validation
img13597,7155,images/img13597.jpg,52.0,51.9335498140354,0.066450185964598,validation
img13598,7155,images/img13598.jpg,52.0,48.29668629636456,3.7033137036354447,validation
img13611,7162,images/img13611.jpg,55.0,49.467788141439286,5.532211858560714,validation
img13612,7162,images/img13612.jpg,55.0,56.83517475584667,1.835174755846673,validation
img13623,7168,images/img13623.jpg,47.0,71.76876967470022,24.768769674700224,validation
img13624,7168,images/img13624.jpg,47.0,45.55741370518297,1.4425862948170334,validation
img13627,7170,images/img13627.jpg,50.0,58.62745217691661,8.627452176916613,validation
img13628,7170,images/img13628.jpg,50.0,48.40948377097696,1.590516229023038,validation
img13657,7185,images/img13657.jpg,58.0,56.36521218001899,1.6347878199810069,validation
img13658,7185,images/img13658.jpg,58.0,59.68815807155175,1.6881580715517472,validation
img13690,7202,images/img13690.jpg,56.0,63.10337410445894,7.103374104458943,validation
img13691,7202,images/img13691.jpg,56.0,61.26083985506085,5.260839855060851,validation
img13697,7206,images/img13697.jpg,38.0,37.123838833821566,0.8761611661784343,validation
img13698,7206,images/img13698.jpg,38.0,47.73774572307984,9.73774572307984,validation
img13707,7211,images/img13707.jpg,36.0,33.00509618543015,2.9949038145698523,validation
img13732,7224,images/img13732.jpg,37.0,51.989054796092006,14.989054796092006,validation
img13733,7224,images/img13733.jpg,37.0,54.76725781727925,17.767257817279244,validation
img13742,7229,images/img13742.jpg,47.0,52.98429270971521,5.984292709715213,validation
img13743,7229,images/img13743.jpg,47.0,53.74245945318292,6.742459453182917,validation
img13752,7234,images/img13752.jpg,64.0,59.391639907930646,4.608360092069354,validation
img13753,7234,images/img13753.jpg,64.0,62.6270527245034,1.3729472754965997,validation
img13764,7240,images/img13764.jpg,63.0,52.61064657629358,10.389353423706416,validation
img13765,7240,images/img13765.jpg,63.0,50.21341177432051,12.786588225679488,validation
img13766,7241,images/img13766.jpg,34.0,42.79511123879928,8.79511123879928,validation
img13767,7241,images/img13767.jpg,34.0,47.06383681511644,13.06383681511644,validation
img13805,7261,images/img13805.jpg,46.0,40.16408009714749,5.83591990285251,validation
img13806,7261,images/img13806.jpg,46.0,42.13983541007855,3.860164589921453,validation
img13811,7264,images/img13811.jpg,68.0,59.92389869697936,8.076101303020643,validation
img13812,7264,images/img13812.jpg,68.0,52.34882918276752,15.651170817232485,validation
img13827,7272,images/img13827.jpg,26.0,39.63171279236073,13.63171279236073,validation
img13828,7272,images/img13828.jpg,26.0,28.76693169465809,2.766931694658094,validation
img13829,7273,images/img13829.jpg,57.0,50.92005535442141,6.079944645578593,validation
img13830,7273,images/img13830.jpg,57.0,56.52155663859867,0.4784433614013323,validation
img13859,7288,images/img13859.jpg,63.0,58.50540598501915,4.494594014980848,validation
img13860,7288,images/img13860.jpg,63.0,58.32383011775266,4.676169882247336,validation
img13903,7311,images/img13903.jpg,69.0,58.27687034108887,10.723129658911128,validation
img13904,7311,images/img13904.jpg,69.0,73.26901556714287,4.269015567142873,validation
img13945,7332,images/img13945.jpg,67.0,71.45007912832972,4.450079128329719,validation
img13946,7332,images/img13946.jpg,67.0,66.95854075000156,0.0414592499984394,validation
img13953,7336,images/img13953.jpg,86.0,63.12995664314556,22.87004335685444,validation
img13954,7336,images/img13954.jpg,86.0,72.5073943151296,13.492605684870398,validation
img13983,7351,images/img13983.jpg,92.0,79.66220009827927,12.337799901720729,validation
img13984,7351,images/img13984.jpg,92.0,83.83694995483157,8.163050045168433,validation
img14005,7362,images/img14005.jpg,70.0,54.92154783845632,15.07845216154368,validation
img14006,7362,images/img14006.jpg,70.0,74.67651158594703,4.676511585947026,validation
img14007,7363,images/img14007.jpg,74.0,69.70910388568768,4.290896114312318,validation
img14045,7382,images/img14045.jpg,45.0,45.85862503814858,0.8586250381485812,validation
img14046,7382,images/img14046.jpg,45.0,65.01194999595656,20.01194999595656,validation
img14058,7389,images/img14058.jpg,60.0,60.49512826861973,0.4951282686197302,validation
img14059,7389,images/img14059.jpg,60.0,53.04286421565596,6.95713578434404,validation
img14089,7405,images/img14089.jpg,63.0,61.20530869835386,1.7946913016461394,validation
img14090,7405,images/img14090.jpg,63.0,49.19871709792533,13.801282902074668,validation
img14132,7426,images/img14132.jpg,63.0,62.39322203059606,0.606777969403943,validation
img14133,7426,images/img14133.jpg,63.0,61.160240312832975,1.8397596871670243,validation
img14154,7438,images/img14154.jpg,47.0,45.83615410079324,1.1638458992067626,validation
img14155,7438,images/img14155.jpg,47.0,41.68137550248455,5.318624497515451,validation
img14173,7448,images/img14173.jpg,57.0,50.69883048120042,6.301169518799583,validation
img14174,7448,images/img14174.jpg,57.0,49.62003245009723,7.379967549902773,validation
img14183,7453,images/img14183.jpg,31.0,47.99549841152324,16.995498411523236,validation
img14184,7453,images/img14184.jpg,31.0,52.9383962782233,21.9383962782233,validation
img14203,7463,images/img14203.jpg,34.0,63.87207450879088,29.87207450879088,validation
img14204,7463,images/img14204.jpg,34.0,40.03118376287087,6.031183762870867,validation
img14231,7477,images/img14231.jpg,53.0,60.55845592665748,7.55845592665748,validation
img14232,7477,images/img14232.jpg,53.0,54.9479621504837,1.947962150483697,validation
img14269,7496,images/img14269.jpg,88.0,78.77394806892522,9.226051931074778,validation
img14270,7496,images/img14270.jpg,88.0,67.13619573643619,20.863804263563807,validation
img14321,7521,images/img14321.jpg,68.0,62.82698833677287,5.173011663227129,validation
img14322,7521,images/img14322.jpg,68.0,64.68897989424815,3.311020105751851,validation
img14346,7534,images/img14346.jpg,67.0,62.71649968444649,4.283500315553511,validation
img14347,7534,images/img14347.jpg,67.0,72.85529031827735,5.855290318277355,validation
img14350,7536,images/img14350.jpg,79.0,67.69091292082028,11.30908707917972,validation
img14351,7536,images/img14351.jpg,79.0,59.59260941889031,19.407390581109688,validation
img14362,7542,images/img14362.jpg,87.0,87.02946551860232,0.029465518602322,validation
img14372,7547,images/img14372.jpg,47.0,48.42444858202925,1.4244485820292496,validation
img14373,7547,images/img14373.jpg,47.0,47.04268551638466,0.0426855163846582,validation
img14374,7548,images/img14374.jpg,53.0,47.98846070240103,5.011539297598972,validation
img14375,7548,images/img14375.jpg,53.0,50.67471326739691,2.325286732603089,validation
img14394,7559,images/img14394.jpg,89.0,80.7190670441913,8.280932955808694,validation
img14395,7559,images/img14395.jpg,89.0,80.93860256185204,8.061397438147964,validation
img14426,7575,images/img14426.jpg,61.0,59.39624991822967,1.603750081770329,validation
img14427,7575,images/img14427.jpg,61.0,65.84617318447467,4.846173184474665,validation
img14429,7576,images/img14429.jpg,59.0,59.42812109955706,0.4281210995570603,validation
img14440,7582,images/img14440.jpg,64.0,52.423242623201055,11.576757376798945,validation
img14441,7582,images/img14441.jpg,64.0,61.73732755310738,2.2626724468926227,validation
img14456,7590,images/img14456.jpg,91.0,84.02784386130872,6.972156138691275,validation
img14457,7590,images/img14457.jpg,91.0,82.34222473239923,8.657775267600769,validation
img14504,7614,images/img14504.jpg,67.0,58.61406875099174,8.385931249008259,validation
img14505,7614,images/img14505.jpg,67.0,69.33008949506369,2.330089495063689,validation
img14645,7685,images/img14645.jpg,63.0,50.8901448179994,12.1098551820006,validation
img14646,7685,images/img14646.jpg,63.0,41.88848787670639,21.111512123293608,validation
img14649,7687,images/img14649.jpg,46.0,41.40176261852812,4.598237381471883,validation
img14650,7687,images/img14650.jpg,46.0,42.90824571203539,3.091754287964612,validation
img14659,7692,images/img14659.jpg,53.0,59.41367323784987,6.413673237849871,validation
img14660,7692,images/img14660.jpg,53.0,55.2743439542782,2.2743439542782014,validation
img14675,7700,images/img14675.jpg,57.0,63.596288031537576,6.596288031537576,validation
img14676,7700,images/img14676.jpg,57.0,64.58340989497324,7.583409894973244,validation
img14679,7702,images/img14679.jpg,77.0,76.20487341534468,0.7951265846553213,validation
img14680,7702,images/img14680.jpg,77.0,75.02670441466604,1.973295585333957,validation
img14681,7703,images/img14681.jpg,58.0,61.16595892863684,3.16595892863684,validation
img14682,7703,images/img14682.jpg,58.0,60.01226486198364,2.0122648619836383,validation
img14689,7707,images/img14689.jpg,66.0,54.86503431440208,11.134965685597926,validation
img14690,7707,images/img14690.jpg,66.0,46.310364604256286,19.689635395743714,validation
img14729,7728,images/img14729.jpg,87.0,85.96233810973945,1.0376618902605514,validation
img14730,7728,images/img14730.jpg,87.0,63.436419810649845,23.563580189350155,validation
img14778,7753,images/img14778.jpg,60.0,64.76068316775643,4.760683167756426,validation
img14779,7753,images/img14779.jpg,60.0,61.51475359478115,1.5147535947811477,validation
img14811,7770,images/img14811.jpg,79.0,73.10121206474683,5.898787935253168,validation
img14854,7793,images/img14854.jpg,66.0,62.80689547546602,3.193104524533979,validation
img14855,7793,images/img14855.jpg,66.0,60.26484042270301,5.73515957729699,validation
img14915,7823,images/img14915.jpg,67.0,66.10543527775691,0.8945647222430892,validation
img14916,7823,images/img14916.jpg,67.0,63.10188214938701,3.898117850612991,validation
img14931,7831,images/img14931.jpg,73.0,69.57664488619456,3.4233551138054423,validation
img14937,7834,images/img14937.jpg,69.0,62.528957223829,6.4710427761709965,validation
img14938,7834,images/img14938.jpg,69.0,64.24995248334399,4.750047516656011,validation
img14959,7845,images/img14959.jpg,63.0,57.765302885821946,5.234697114178054,validation
img14960,7845,images/img14960.jpg,63.0,69.83047792074284,6.830477920742837,validation
img14989,7861,images/img14989.jpg,60.0,65.24816967201673,5.248169672016729,validation
img14990,7861,images/img14990.jpg,60.0,58.408987843190246,1.5910121568097535,validation
img14999,7866,images/img14999.jpg,68.0,60.64951562677793,7.3504843732220735,validation
img15000,7866,images/img15000.jpg,68.0,56.85163847461241,11.148361525387593,validation
img15005,7869,images/img15005.jpg,49.0,54.63527868637651,5.635278686376509,validation
img15006,7869,images/img15006.jpg,49.0,52.61548670539391,3.6154867053939057,validation
img15007,7870,images/img15007.jpg,61.0,60.42668973744173,0.573310262558266,validation
img15008,7870,images/img15008.jpg,61.0,57.19090290965372,3.8090970903462775,validation
img15021,7877,images/img15021.jpg,57.0,49.532983742495645,7.467016257504355,validation
img15022,7877,images/img15022.jpg,57.0,62.50200824003699,5.502008240036993,validation
img15027,7880,images/img15027.jpg,59.0,52.87031601257245,6.129683987427548,validation
img15028,7880,images/img15028.jpg,59.0,52.679126550668016,6.320873449331984,validation
img15053,7893,images/img15053.jpg,74.0,65.99293881162393,8.00706118837607,validation
img15054,7893,images/img15054.jpg,74.0,72.42452319079047,1.5754768092095333,validation
img15064,7899,images/img15064.jpg,64.0,57.56082638068963,6.439173619310367,validation
img15065,7899,images/img15065.jpg,64.0,58.69043002165808,5.309569978341919,validation
img15072,7903,images/img15072.jpg,64.0,73.41153871970894,9.411538719708943,validation
img15073,7903,images/img15073.jpg,64.0,76.21846678377784,12.218466783777842,validation
img15082,7908,images/img15082.jpg,54.0,78.1186591528793,24.118659152879303,validation
img15083,7908,images/img15083.jpg,54.0,79.8601633415812,25.8601633415812,validation
img15098,7917,images/img15098.jpg,58.0,55.77613286007923,2.2238671399207703,validation
img15099,7917,images/img15099.jpg,58.0,57.2797860240031,0.7202139759968986,validation
img15110,7923,images/img15110.jpg,73.0,72.54704563863126,0.4529543613687394,validation
img15111,7923,images/img15111.jpg,73.0,60.94975577115322,12.05024422884678,validation
img15140,7938,images/img15140.jpg,42.0,39.191535878060506,2.808464121939494,validation
img15141,7938,images/img15141.jpg,42.0,41.19462516026631,0.8053748397336875,validation
img15174,7957,images/img15174.jpg,57.0,60.96707739135058,3.9670773913505775,validation
img15175,7957,images/img15175.jpg,57.0,58.97740807051914,1.9774080705191397,validation
img15188,7964,images/img15188.jpg,39.0,45.69526686387621,6.695266863876213,validation
img15189,7964,images/img15189.jpg,39.0,51.36199414987565,12.361994149875647,validation
img15190,7965,images/img15190.jpg,75.0,65.17391927784288,9.826080722157116,validation
img15191,7965,images/img15191.jpg,75.0,73.88285801491492,1.117141985085084,validation
img15192,7966,images/img15192.jpg,71.0,66.2043111101959,4.795688889804097,validation
img15193,7966,images/img15193.jpg,71.0,53.06290390970421,17.93709609029579,validation
img15211,7977,images/img15211.jpg,58.0,66.22519084692995,8.225190846929948,validation
img15212,7978,images/img15212.jpg,47.0,47.476360211285126,0.4763602112851259,validation
img15213,7978,images/img15213.jpg,47.0,47.98065302231333,0.9806530223133336,validation
img15226,7985,images/img15226.jpg,65.0,71.15568738239978,6.155687382399776,validation
img15227,7985,images/img15227.jpg,65.0,64.88461904671799,0.1153809532820133,validation
img15246,7995,images/img15246.jpg,78.0,50.08793922525928,27.912060774740723,validation
img15247,7995,images/img15247.jpg,78.0,52.249555277520585,25.75044472247941,validation
img15257,8001,images/img15257.jpg,40.0,43.13731207426749,3.1373120742674843,validation
img15258,8001,images/img15258.jpg,40.0,46.45077088197249,6.450770881972488,validation
img15271,8008,images/img15271.jpg,77.0,71.36287609935192,5.637123900648078,validation
img15272,8008,images/img15272.jpg,77.0,69.93124596228256,7.06875403771744,validation
img15283,8014,images/img15283.jpg,76.0,65.31457421473773,10.685425785262268,validation
img15284,8014,images/img15284.jpg,76.0,67.91412270502877,8.085877294971226,validation
img15300,8023,images/img15300.jpg,64.0,59.001844287874206,4.998155712125794,validation
img15301,8023,images/img15301.jpg,64.0,58.30486085784411,5.695139142155888,validation
img15340,8045,images/img15340.jpg,64.0,60.15586362908896,3.8441363709110377,validation
img15341,8045,images/img15341.jpg,64.0,59.761545792873335,4.238454207126665,validation
img15375,8063,images/img15375.jpg,54.0,63.70358119529615,9.703581195296143,validation
img15376,8063,images/img15376.jpg,54.0,67.48626968861807,13.486269688618066,validation
img15381,8066,images/img15381.jpg,54.0,63.31379320951274,9.313793209512738,validation
img15388,8070,images/img15388.jpg,62.0,65.97802798578806,3.97802798578806,validation
img15389,8070,images/img15389.jpg,62.0,64.75273970666986,2.752739706669857,validation
img15404,8078,images/img15404.jpg,58.0,62.91990071136586,4.919900711365862,validation
img15405,8078,images/img15405.jpg,58.0,63.99253188577735,5.992531885777353,validation
img15410,8081,images/img15410.jpg,51.0,55.37531512201102,4.375315122011017,validation
img15411,8081,images/img15411.jpg,51.0,60.02433764682102,9.024337646821015,validation
img15412,8082,images/img15412.jpg,53.0,43.353806970041845,9.646193029958155,validation
img15413,8082,images/img15413.jpg,53.0,54.89717214998026,1.897172149980264,validation
img15422,8088,images/img15422.jpg,72.0,73.77352759086806,1.7735275908680563,validation
img15423,8088,images/img15423.jpg,72.0,66.0898428204006,5.910157179599395,validation
img15424,8089,images/img15424.jpg,68.0,68.09827772964229,0.0982777296422909,validation
img15425,8089,images/img15425.jpg,68.0,69.5528892097495,1.5528892097494946,validation
img15428,8091,images/img15428.jpg,71.0,60.40603793828814,10.593962061711863,validation
img15429,8091,images/img15429.jpg,71.0,64.01677070264411,6.983229297355891,validation
img15446,8100,images/img15446.jpg,87.0,85.47940708525654,1.5205929147434605,validation
img15447,8100,images/img15447.jpg,87.0,81.32193467917908,5.67806532082092,validation
img15476,8115,images/img15476.jpg,53.0,57.963216233696585,4.963216233696585,validation
img15477,8115,images/img15477.jpg,53.0,56.97340090330791,3.973400903307912,validation
img15505,8130,images/img15505.jpg,45.0,49.7985092114929,4.798509211492899,validation
img15506,8130,images/img15506.jpg,45.0,47.31781817268356,2.317818172683559,validation
img15511,8133,images/img15511.jpg,71.0,58.48678585677537,12.51321414322463,validation
img15512,8133,images/img15512.jpg,71.0,44.33753758033704,26.662462419662965,validation
img15513,8134,images/img15513.jpg,57.0,54.717253328939954,2.282746671060046,validation
img15514,8134,images/img15514.jpg,57.0,58.38436267757771,1.3843626775777125,validation
img15523,8139,images/img15523.jpg,91.0,81.61484646675186,9.385153533248143,validation
img15524,8139,images/img15524.jpg,91.0,70.79013003390487,20.209869966095127,validation
img15554,8155,images/img15554.jpg,59.0,61.7065941511139,2.7065941511138973,validation
img15555,8155,images/img15555.jpg,59.0,76.16199279435179,17.16199279435179,validation
img15585,8171,images/img15585.jpg,64.0,63.30246340303263,0.6975365969673675,validation
img15586,8171,images/img15586.jpg,64.0,55.06869517925704,8.931304820742966,validation
img15587,8172,images/img15587.jpg,77.0,77.00316099010533,0.0031609901053286,validation
img15588,8172,images/img15588.jpg,77.0,63.438765168385366,13.561234831614634,validation
img15598,8178,images/img15598.jpg,72.0,69.56447149254477,2.4355285074552318,validation
img15599,8178,images/img15599.jpg,72.0,66.37204481352427,5.627955186475731,validation
img15608,8183,images/img15608.jpg,65.0,66.41774030004396,1.4177403000439597,validation
img15609,8183,images/img15609.jpg,65.0,68.51868951107069,3.51868951107069,validation
img15612,8185,images/img15612.jpg,76.0,68.80921286179586,7.190787138204144,validation
img15617,8188,images/img15617.jpg,43.0,53.96350710220859,10.963507102208588,validation
img15618,8188,images/img15618.jpg,43.0,52.14816995047595,9.148169950475951,validation
img15621,8190,images/img15621.jpg,51.0,59.618962656733466,8.618962656733466,validation
img15622,8190,images/img15622.jpg,51.0,48.42926798953135,2.570732010468653,validation
img15636,8198,images/img15636.jpg,71.0,64.22859396863,6.771406031370006,validation
img15637,8198,images/img15637.jpg,71.0,67.32440346941763,3.675596530582368,validation
img15640,8200,images/img15640.jpg,60.0,55.15733181564863,4.842668184351375,validation
img15641,8200,images/img15641.jpg,60.0,65.0128017627045,5.012801762704498,validation
img15734,8249,images/img15734.jpg,68.0,72.7257650608482,4.725765060848204,validation
img15735,8249,images/img15735.jpg,68.0,67.34683296357653,0.6531670364234685,validation
img15751,8259,images/img15751.jpg,76.0,60.70812285021034,15.291877149789656,validation
img15752,8259,images/img15752.jpg,76.0,75.77803466663637,0.2219653333636273,validation
img15771,8270,images/img15771.jpg,45.0,45.53045054345533,0.5304505434553306,validation
img15772,8270,images/img15772.jpg,45.0,26.70599643510189,18.29400356489811,validation
img15788,8279,images/img15788.jpg,74.0,61.60671713829769,12.39328286170231,validation
img15789,8279,images/img15789.jpg,74.0,75.11441130566377,1.114411305663765,validation
img15798,8284,images/img15798.jpg,58.0,64.4716686765649,6.471668676564903,validation
img15799,8284,images/img15799.jpg,58.0,56.2525418978483,1.7474581021516968,validation
img15802,8286,images/img15802.jpg,59.0,59.05843333670092,0.0584333367009151,validation
img15803,8286,images/img15803.jpg,59.0,42.60577908646173,16.39422091353827,validation
img15812,8291,images/img15812.jpg,70.0,75.40748014113885,5.407480141138848,validation
img15813,8291,images/img15813.jpg,70.0,74.33679843287581,4.33679843287581,validation
img15814,8292,images/img15814.jpg,48.0,60.34765047285791,12.347650472857907,validation
img15815,8292,images/img15815.jpg,48.0,51.77430814884126,3.774308148841257,validation
img15816,8293,images/img15816.jpg,68.0,62.66975066824881,5.33024933175119,validation
img15817,8293,images/img15817.jpg,68.0,65.02721036243611,2.972789637563892,validation
img15818,8294,images/img15818.jpg,73.0,62.22834681721181,10.771653182788192,validation
img15819,8294,images/img15819.jpg,73.0,76.35168702935299,3.351687029352988,validation
img15829,8300,images/img15829.jpg,15.0,18.313502677519423,3.3135026775194234,validation
img15830,8300,images/img15830.jpg,15.0,18.4569397616281,3.4569397616280995,validation
img15886,8330,images/img15886.jpg,71.0,74.80666612559584,3.80666612559584,validation
img15887,8330,images/img15887.jpg,71.0,71.41021186396239,0.4102118639623882,validation
img15917,8346,images/img15917.jpg,60.0,63.74601848314814,3.746018483148141,validation
img15918,8346,images/img15918.jpg,60.0,50.45652029117883,9.543479708821168,validation
img15962,8369,images/img15962.jpg,73.0,68.31977416486102,4.680225835138984,validation
img15963,8369,images/img15963.jpg,73.0,67.33727049130262,5.662729508697382,validation
img15971,8373,images/img15971.jpg,75.0,67.47233168728816,7.527668312711839,validation
img15972,8373,images/img15972.jpg,75.0,80.53423038805735,5.5342303880573525,validation
img15975,8375,images/img15975.jpg,73.0,69.15853538338959,3.841464616610409,validation
img15977,8377,images/img15977.jpg,67.0,68.59078322311387,1.590783223113874,validation
img15978,8377,images/img15978.jpg,67.0,57.96791022099893,9.032089779001076,validation
img15985,8381,images/img15985.jpg,89.0,79.65669905925674,9.343300940743262,validation
img15986,8381,images/img15986.jpg,89.0,78.62388661704833,10.376113382951672,validation
img15991,8384,images/img15991.jpg,73.0,57.454471482718944,15.545528517281056,validation
img15992,8384,images/img15992.jpg,73.0,70.03338053869446,2.966619461305541,validation
img15994,8386,images/img15994.jpg,70.0,76.93094076725194,6.93094076725194,validation
img15995,8386,images/img15995.jpg,70.0,67.56094705677631,2.439052943223686,validation
img16010,8395,images/img16010.jpg,54.0,54.094195495664216,0.0941954956642163,validation
img16011,8395,images/img16011.jpg,54.0,58.2721687195135,4.272168719513502,validation
img16045,8413,images/img16045.jpg,59.0,64.67064018921187,5.670640189211866,validation
img16046,8413,images/img16046.jpg,59.0,66.91090615813255,7.910906158132548,validation
img16053,8417,images/img16053.jpg,43.0,45.58279766300406,2.582797663004058,validation
img16054,8417,images/img16054.jpg,43.0,35.281782544445605,7.718217455554395,validation
img16069,8425,images/img16069.jpg,65.0,56.35088353566473,8.649116464335272,validation
img16070,8425,images/img16070.jpg,65.0,62.75200505238824,2.247994947611758,validation
img16096,8439,images/img16096.jpg,80.0,75.98882785106858,4.011172148931422,validation
img16097,8439,images/img16097.jpg,80.0,75.00792410301496,4.9920758969850425,validation
img16100,8441,images/img16100.jpg,80.0,73.36623912477633,6.633760875223672,validation
img16101,8441,images/img16101.jpg,80.0,81.0332849971773,1.0332849971773044,validation
img16138,8460,images/img16138.jpg,67.0,64.9618866146539,2.0381133853460938,validation
img16139,8460,images/img16139.jpg,67.0,53.535244834233005,13.464755165766997,validation
img16142,8462,images/img16142.jpg,62.0,64.57641253843704,2.57641253843704,validation
img16143,8462,images/img16143.jpg,62.0,59.376232309042685,2.6237676909573158,validation
img16158,8470,images/img16158.jpg,48.0,44.54297150510296,3.4570284948970453,validation
img16167,8475,images/img16167.jpg,45.0,60.082176262551,15.082176262550997,validation
img16168,8475,images/img16168.jpg,45.0,63.700005628992535,18.700005628992532,validation
img16179,8481,images/img16179.jpg,62.0,59.67263595856835,2.3273640414316503,validation
img16180,8481,images/img16180.jpg,62.0,53.5168808631146,8.4831191368854,validation
img16183,8483,images/img16183.jpg,79.0,66.6567274000771,12.343272599922898,validation
img16184,8483,images/img16184.jpg,79.0,69.64221565723977,9.357784342760226,validation
img16207,8495,images/img16207.jpg,49.0,49.16036850858553,0.1603685085855275,validation
img16208,8495,images/img16208.jpg,49.0,41.97861701347514,7.021382986524863,validation
img16211,8497,images/img16211.jpg,49.0,40.07183299491845,8.928167005081548,validation
img16233,8508,images/img16233.jpg,19.0,20.218096750327256,1.2180967503272555,validation
img16234,8508,images/img16234.jpg,19.0,23.14136677291483,4.141366772914829,validation
img16241,8512,images/img16241.jpg,22.0,26.552741675878057,4.552741675878057,validation
img16242,8512,images/img16242.jpg,22.0,29.76049088617277,7.7604908861727715,validation
img00003,2,images/img00003.jpg,18.0,18.32066144439967,0.3206614443996685,test
img00004,2,images/img00004.jpg,18.0,20.25889430539369,2.2588943053936887,test
img00009,5,images/img00009.jpg,23.0,22.318165293429587,0.6818347065704131,test
img00010,5,images/img00010.jpg,23.0,23.88601158293271,0.88601158293271,test
img00051,26,images/img00051.jpg,13.0,15.353481264570732,2.353481264570732,test
img00052,26,images/img00052.jpg,13.0,14.904298089317273,1.9042980893172723,test
img00068,35,images/img00068.jpg,20.0,21.141534053461065,1.141534053461065,test
img00069,35,images/img00069.jpg,20.0,21.256150666275214,1.256150666275218,test
img00110,56,images/img00110.jpg,15.0,20.56241555125576,5.562415551255761,test
img00111,56,images/img00111.jpg,15.0,19.04559892389866,4.045598923898659,test
img00128,65,images/img00128.jpg,30.0,26.713648157897712,3.286351842102288,test
img00129,65,images/img00129.jpg,30.0,33.28071961642376,3.2807196164237595,test
img00156,79,images/img00156.jpg,20.0,30.05873357754058,10.05873357754058,test
img00157,79,images/img00157.jpg,20.0,29.88194998884168,9.88194998884168,test
img00164,83,images/img00164.jpg,22.0,21.26729234245568,0.7327076575443243,test
img00165,83,images/img00165.jpg,22.0,22.176276876135347,0.176276876135347,test
img00217,110,images/img00217.jpg,22.0,26.600551856026748,4.600551856026748,test
img00218,110,images/img00218.jpg,22.0,23.581903588657845,1.5819035886578448,test
img00221,112,images/img00221.jpg,26.0,33.06302068673169,7.06302068673169,test
img00222,112,images/img00222.jpg,26.0,30.954146554995734,4.954146554995738,test
img00225,114,images/img00225.jpg,13.0,21.89522656762862,8.895226567628619,test
img00226,114,images/img00226.jpg,13.0,21.303339198477268,8.303339198477268,test
img00231,117,images/img00231.jpg,19.0,23.335006836461535,4.335006836461538,test
img00232,117,images/img00232.jpg,19.0,26.904640219313823,7.904640219313826,test
img00273,138,images/img00273.jpg,13.0,18.454575318210004,5.454575318210004,test
img00274,138,images/img00274.jpg,13.0,15.57279866014492,2.572798660144919,test
img00287,145,images/img00287.jpg,15.0,20.770831204944685,5.770831204944685,test
img00288,145,images/img00288.jpg,15.0,20.0332033824508,5.0332033824508,test
img00291,147,images/img00291.jpg,10.0,18.119583417701943,8.119583417701946,test
img00292,147,images/img00292.jpg,10.0,18.65571005665023,8.655710056650229,test
img00293,148,images/img00293.jpg,19.0,20.948149192755608,1.948149192755608,test
img00294,148,images/img00294.jpg,19.0,22.27325395581101,3.2732539558110147,test
img00299,151,images/img00299.jpg,23.0,32.111423822225575,9.111423822225577,test
img00300,151,images/img00300.jpg,23.0,30.41275008643665,7.4127500864366525,test
img00305,154,images/img00305.jpg,28.0,25.92781753549936,2.0721824645006386,test
img00306,154,images/img00306.jpg,28.0,24.96144726207189,3.0385527379281143,test
img00311,157,images/img00311.jpg,25.0,24.93991643090953,0.0600835690904659,test
img00312,157,images/img00312.jpg,25.0,26.817770917128424,1.817770917128424,test
img00317,160,images/img00317.jpg,24.0,25.542646648982785,1.5426466489827853,test
img00318,160,images/img00318.jpg,24.0,28.958072079093057,4.958072079093057,test
img00344,174,images/img00344.jpg,76.0,80.51501383223318,4.51501383223318,test
img00345,174,images/img00345.jpg,76.0,80.28235827106707,4.282358271067068,test
img00394,202,images/img00394.jpg,74.0,69.1971277241611,4.802872275838894,test
img00395,202,images/img00395.jpg,74.0,67.78347411885395,6.216525881146055,test
img00424,218,images/img00424.jpg,38.0,35.68254916014979,2.31745083985021,test
img00425,218,images/img00425.jpg,38.0,35.73641877186256,2.26358122813744,test
img00427,220,images/img00427.jpg,49.0,54.66099582568479,5.660995825684786,test
img00428,220,images/img00428.jpg,49.0,50.93132026958076,1.931320269580759,test
img00441,227,images/img00441.jpg,41.0,43.38525799370005,2.385257993700044,test
img00442,227,images/img00442.jpg,41.0,39.50438184312217,1.495618156877832,test
img00451,232,images/img00451.jpg,60.0,73.10734674843076,13.107346748430755,test
img00452,232,images/img00452.jpg,60.0,61.93545656919508,1.9354565691950825,test
img00463,238,images/img00463.jpg,49.0,39.89184301154741,9.108156988452592,test
img00464,238,images/img00464.jpg,49.0,41.49164418672864,7.508355813271365,test
img00478,246,images/img00478.jpg,59.0,57.78771792939262,1.2122820706073796,test
img00479,246,images/img00479.jpg,59.0,61.318244135186006,2.3182441351860064,test
img00482,248,images/img00482.jpg,37.0,59.85632747374797,22.856327473747967,test
img00483,248,images/img00483.jpg,37.0,64.04819609695713,27.048196096957128,test
img00487,251,images/img00487.jpg,64.0,68.1481731569383,4.148173156938299,test
img00488,251,images/img00488.jpg,64.0,52.50378802079245,11.496211979207551,test
img00495,255,images/img00495.jpg,87.0,80.60627175079976,6.393728249200237,test
img00509,264,images/img00509.jpg,57.0,61.79494068513039,4.794940685130392,test
img00510,264,images/img00510.jpg,57.0,62.456558140864665,5.456558140864665,test
img00526,273,images/img00526.jpg,51.0,56.58901859629733,5.589018596297329,test
img00527,273,images/img00527.jpg,51.0,52.05843888651515,1.0584388865151482,test
img00530,275,images/img00530.jpg,77.0,79.87664464644016,2.8766446464401554,test
img00531,275,images/img00531.jpg,77.0,83.09390397970802,6.093903979708017,test
img00546,283,images/img00546.jpg,53.0,61.810560953052736,8.810560953052736,test
img00547,283,images/img00547.jpg,53.0,51.67876849371589,1.3212315062841071,test
img00575,298,images/img00575.jpg,75.0,72.64490938458871,2.355090615411285,test
img00576,298,images/img00576.jpg,75.0,75.49850248785197,0.4985024878519652,test
img00593,307,images/img00593.jpg,11.0,15.302493045621148,4.302493045621148,test
img00594,307,images/img00594.jpg,11.0,16.115250839602858,5.115250839602858,test
img00609,316,images/img00609.jpg,62.0,60.76282405237805,1.2371759476219495,test
img00610,316,images/img00610.jpg,62.0,64.42745260309718,2.42745260309718,test
img00611,317,images/img00611.jpg,78.0,76.73778057229563,1.262219427704366,test
img00635,329,images/img00635.jpg,68.0,72.43688198821383,4.436881988213827,test
img00636,329,images/img00636.jpg,68.0,60.50207682033907,7.49792317966093,test
img00645,334,images/img00645.jpg,68.0,77.25314635104704,9.253146351047036,test
img00646,334,images/img00646.jpg,68.0,64.33130602326601,3.668693976733991,test
img00651,337,images/img00651.jpg,30.0,34.03289836331072,4.032898363310721,test
img00652,337,images/img00652.jpg,30.0,33.74676799140848,3.7467679914084826,test
img00655,339,images/img00655.jpg,52.0,52.636381710674,0.6363817106740015,test
img00656,339,images/img00656.jpg,52.0,54.53664169762228,2.5366416976222794,test
img00669,346,images/img00669.jpg,49.0,61.46541383350059,12.465413833500593,test
img00670,346,images/img00670.jpg,49.0,67.16864466864031,18.16864466864031,test
img00677,350,images/img00677.jpg,77.0,71.3387354374241,5.661264562575894,test
img00678,350,images/img00678.jpg,77.0,72.81993818110139,4.180061818898608,test
img00695,360,images/img00695.jpg,75.0,62.94023187105225,12.059768128947752,test
img00707,366,images/img00707.jpg,74.0,72.26434632715029,1.7356536728497076,test
img00722,374,images/img00722.jpg,9.0,13.37305050471469,4.373050504714691,test
img00723,374,images/img00723.jpg,9.0,15.464391983134568,6.464391983134568,test
img00753,390,images/img00753.jpg,47.0,45.64960409566951,1.3503959043304905,test
img00754,390,images/img00754.jpg,47.0,48.10718019166299,1.1071801916629909,test
img00784,406,images/img00784.jpg,78.0,69.63915322314475,8.360846776855254,test
img00785,406,images/img00785.jpg,78.0,78.82202217679863,0.822022176798626,test
img00794,411,images/img00794.jpg,68.0,62.17579575351217,5.824204246487831,test
img00808,418,images/img00808.jpg,80.0,78.07989885810115,1.9201011418988545,test
img00809,418,images/img00809.jpg,80.0,74.5793458306665,5.420654169333503,test
img00813,421,images/img00813.jpg,84.0,76.12777598263627,7.872224017363735,test
img00814,421,images/img00814.jpg,84.0,78.77735513591698,5.222644864083023,test
img00821,425,images/img00821.jpg,57.0,52.91536204057947,4.084637959420533,test
img00822,425,images/img00822.jpg,57.0,59.68592531934341,2.6859253193434043,test
img00860,446,images/img00860.jpg,69.0,65.06302491843553,3.936975081564469,test
img00861,446,images/img00861.jpg,69.0,64.56339937475407,4.43660062524593,test
img00896,464,images/img00896.jpg,77.0,75.93439112193082,1.0656088780691846,test
img00897,464,images/img00897.jpg,77.0,68.65181378292776,8.34818621707224,test
img00898,465,images/img00898.jpg,84.0,82.64672970887159,1.3532702911284105,test
img00899,465,images/img00899.jpg,84.0,72.80582131966052,11.194178680339476,test
img00910,471,images/img00910.jpg,54.0,47.50499855063738,6.4950014493626185,test
img00911,471,images/img00911.jpg,54.0,60.18085387654384,6.180853876543843,test
img00927,480,images/img00927.jpg,62.0,70.48063442409247,8.480634424092472,test
img00928,480,images/img00928.jpg,62.0,69.52748780216149,7.527487802161488,test
img00929,481,images/img00929.jpg,65.0,69.60461468135158,4.604614681351578,test
img00934,484,images/img00934.jpg,59.0,63.0006811355055,4.000681135505502,test
img00935,484,images/img00935.jpg,59.0,60.722925160308165,1.722925160308165,test
img00982,509,images/img00982.jpg,73.0,59.4587697065894,13.5412302934106,test
img00983,509,images/img00983.jpg,73.0,72.62234029229442,0.3776597077055754,test
img01004,520,images/img01004.jpg,43.0,56.35813500443175,13.358135004431745,test
img01009,523,images/img01009.jpg,88.0,80.09613435846272,7.90386564153728,test
img01022,531,images/img01022.jpg,46.0,48.58889791203953,2.588897912039528,test
img01023,531,images/img01023.jpg,46.0,49.750991314940165,3.7509913149401655,test
img01047,544,images/img01047.jpg,78.0,74.33652359904676,3.6634764009532432,test
img01056,549,images/img01056.jpg,78.0,74.64777509165582,3.3522249083441835,test
img01057,549,images/img01057.jpg,78.0,80.12069708662798,2.1206970866279846,test
img01145,596,images/img01145.jpg,77.0,68.40381115175269,8.596188848247309,test
img01146,596,images/img01146.jpg,77.0,75.40058966442504,1.5994103355749587,test
img01194,622,images/img01194.jpg,61.0,59.57598851589597,1.424011484104028,test
img01195,622,images/img01195.jpg,61.0,69.88942323340939,8.889423233409389,test
img01196,623,images/img01196.jpg,68.0,69.18331623364139,1.183316233641392,test
img01267,661,images/img01267.jpg,29.0,29.12936335365288,0.1293633536528808,test
img01268,661,images/img01268.jpg,29.0,28.337852832121023,0.6621471678789739,test
img01308,684,images/img01308.jpg,55.0,61.46207111252437,6.46207111252437,test
img01309,684,images/img01309.jpg,55.0,57.61149089283016,2.6114908928301546,test
img01341,701,images/img01341.jpg,61.0,62.43206848359839,1.4320684835983926,test
img01354,708,images/img01354.jpg,63.0,68.85530205868174,5.855302058681744,test
img01355,708,images/img01355.jpg,63.0,61.96792731360785,1.032072686392148,test
img01393,728,images/img01393.jpg,65.0,65.44978427904734,0.4497842790473356,test
img01396,730,images/img01396.jpg,76.0,76.13031928616532,0.1303192861653173,test
img01397,730,images/img01397.jpg,76.0,80.65319417405624,4.653194174056239,test
img01405,735,images/img01405.jpg,72.0,74.92940887674403,2.9294088767440343,test
img01406,735,images/img01406.jpg,72.0,72.51182001226549,0.5118200122654883,test
img01473,772,images/img01473.jpg,91.0,82.74078831502936,8.259211684970637,test
img01474,772,images/img01474.jpg,91.0,85.34718147639602,5.652818523603983,test
img01479,775,images/img01479.jpg,43.0,41.69945346101698,1.3005465389830206,test
img01480,775,images/img01480.jpg,43.0,59.47017803702066,16.47017803702066,test
img01535,804,images/img01535.jpg,43.0,50.80822797778888,7.8082279777888814,test
img01536,804,images/img01536.jpg,43.0,43.09948752324059,0.0994875232405902,test
img01541,807,images/img01541.jpg,43.0,44.65364447059246,1.653644470592461,test
img01542,807,images/img01542.jpg,43.0,45.777302580623896,2.777302580623896,test
img01551,812,images/img01551.jpg,19.0,42.2505367314393,23.250536731439304,test
img01552,812,images/img01552.jpg,19.0,42.12630093460874,23.126300934608743,test
img01586,830,images/img01586.jpg,44.0,49.36005818820242,5.360058188202423,test
img01587,830,images/img01587.jpg,44.0,44.63345836209362,0.63345836209362,test
img01620,848,images/img01620.jpg,49.0,49.9126606789575,0.9126606789575008,test
img01621,848,images/img01621.jpg,49.0,45.02276702459186,3.977232975408143,test
img01637,857,images/img01637.jpg,60.0,48.78438383374358,11.215616166256416,test
img01643,860,images/img01643.jpg,80.0,64.43986429512651,15.560135704873488,test
img01644,860,images/img01644.jpg,80.0,65.15775261409375,14.842247385906248,test
img01700,892,images/img01700.jpg,31.0,28.00880912091291,2.991190879087089,test
img01701,892,images/img01701.jpg,31.0,27.42226792410265,3.577732075897348,test
img01704,894,images/img01704.jpg,28.0,60.531565290523616,32.531565290523616,test
img01720,902,images/img01720.jpg,8.0,25.424387397323414,17.424387397323418,test
img01721,902,images/img01721.jpg,8.0,32.46946686483918,24.469466864839177,test
img01728,906,images/img01728.jpg,28.0,33.24269657429811,5.242696574298108,test
img01729,906,images/img01729.jpg,28.0,31.48409161401148,3.484091614011476,test
img01744,915,images/img01744.jpg,58.0,51.39528939577554,6.604710604224458,test
img01745,915,images/img01745.jpg,58.0,58.31657074206001,0.3165707420600085,test
img01757,923,images/img01757.jpg,35.0,33.548499377185394,1.4515006228146063,test
img01778,935,images/img01778.jpg,59.0,71.52226554225969,12.522265542259689,test
img01779,935,images/img01779.jpg,59.0,69.34430014900177,10.344300149001768,test
img01782,937,images/img01782.jpg,84.0,85.19157754230015,1.191577542300152,test
img01783,937,images/img01783.jpg,84.0,76.59758914483467,7.402410855165328,test
img01808,950,images/img01808.jpg,71.0,83.27848543300072,12.278485433000723,test
img01819,957,images/img01819.jpg,25.0,32.30423938428516,7.304239384285161,test
img01820,957,images/img01820.jpg,25.0,33.592252486524444,8.592252486524444,test
img01823,959,images/img01823.jpg,32.0,50.69349794148974,18.69349794148974,test
img01838,967,images/img01838.jpg,25.0,24.354393864243413,0.6456061357565872,test
img01842,969,images/img01842.jpg,82.0,75.43800414592924,6.561995854070759,test
img01843,969,images/img01843.jpg,82.0,66.45888139739668,15.54111860260332,test
img01894,999,images/img01894.jpg,54.0,50.63865714118664,3.3613428588133587,test
img01895,999,images/img01895.jpg,54.0,49.72039096741948,4.279609032580524,test
img01958,1033,images/img01958.jpg,47.0,61.77066969525588,14.770669695255876,test
img01959,1033,images/img01959.jpg,47.0,50.63991079787903,3.6399107978790326,test
img01963,1036,images/img01963.jpg,34.0,46.63887827879411,12.63887827879411,test
img01964,1036,images/img01964.jpg,34.0,36.76124140204101,2.7612414020410085,test
img01965,1037,images/img01965.jpg,59.0,55.33193282021909,3.668067179780913,test
img02032,1072,images/img02032.jpg,78.0,76.37106281430033,1.6289371856996695,test
img02041,1077,images/img02041.jpg,60.0,65.48933472108398,5.489334721083978,test
img02042,1077,images/img02042.jpg,60.0,58.950400739068975,1.049599260931025,test
img02050,1082,images/img02050.jpg,56.0,55.32261273611384,0.6773872638861604,test
img02051,1082,images/img02051.jpg,56.0,56.02191569004484,0.0219156900448354,test
img02059,1087,images/img02059.jpg,62.0,66.45179352019457,4.45179352019457,test
img02075,1096,images/img02075.jpg,64.0,65.84267450620656,1.8426745062065637,test
img02091,1105,images/img02091.jpg,71.0,77.92749695623569,6.927496956235686,test
img02092,1105,images/img02092.jpg,71.0,73.45240498323264,2.45240498323264,test
img02099,1109,images/img02099.jpg,52.0,39.557086682892816,12.442913317107184,test
img02100,1109,images/img02100.jpg,54.0,35.55996454751434,18.44003545248566,test
img02114,1117,images/img02114.jpg,42.0,37.87956206461481,4.120437935385191,test
img02115,1117,images/img02115.jpg,42.0,49.169229173046,7.169229173045999,test
img02167,1144,images/img02167.jpg,40.0,53.70155665420973,13.701556654209732,test
img02217,1170,images/img02217.jpg,56.0,51.54418171326858,4.4558182867314216,test
img02218,1170,images/img02218.jpg,56.0,66.67052471266119,10.67052471266119,test
img02259,1192,images/img02259.jpg,38.0,36.07735886167057,1.922641138329432,test
img02260,1192,images/img02260.jpg,38.0,39.06313394937703,1.0631339493770326,test
img02261,1193,images/img02261.jpg,42.0,43.3136594187933,1.3136594187933,test
img02262,1193,images/img02262.jpg,42.0,44.25304799011578,2.253047990115782,test
img02275,1200,images/img02275.jpg,33.0,40.67794192411221,7.677941924112204,test
img02276,1200,images/img02276.jpg,33.0,51.75615166635768,18.756151666357677,test
img02284,1205,images/img02284.jpg,36.0,35.75605848453462,0.2439415154653801,test
img02285,1205,images/img02285.jpg,36.0,37.70926106432788,1.709261064327876,test
img02303,1215,images/img02303.jpg,47.0,56.570386403175625,9.570386403175624,test
img02311,1219,images/img02311.jpg,31.0,36.40370876510991,5.403708765109911,test
img02312,1219,images/img02312.jpg,31.0,43.05243749856349,12.052437498563492,test
img02314,1221,images/img02314.jpg,17.0,20.407553232254124,3.4075532322541235,test
img02315,1221,images/img02315.jpg,17.0,21.370126000154933,4.370126000154933,test
img02321,1225,images/img02321.jpg,51.0,63.30641959237725,12.306419592377251,test
img02322,1225,images/img02322.jpg,51.0,66.46237571322305,15.462375713223054,test
img02381,1255,images/img02381.jpg,28.0,27.778504915839704,0.2214950841602956,test
img02382,1255,images/img02382.jpg,28.0,22.67670129195877,5.323298708041229,test
img02390,1260,images/img02390.jpg,63.0,66.75648771757702,3.756487717577016,test
img02391,1260,images/img02391.jpg,63.0,48.58621610098552,14.413783899014476,test
img02414,1272,images/img02414.jpg,60.0,58.50677783661719,1.4932221633828109,test
img02415,1272,images/img02415.jpg,60.0,49.7656005869914,10.234399413008603,test
img02444,1287,images/img02444.jpg,34.0,35.512728028453246,1.512728028453246,test
img02473,1302,images/img02473.jpg,78.0,78.71439637685808,0.7143963768580761,test
img02474,1302,images/img02474.jpg,78.0,81.94634405143354,3.9463440514335417,test
img02525,1329,images/img02525.jpg,59.0,65.25521010766502,6.255210107665022,test
img02526,1329,images/img02526.jpg,59.0,54.76640986766782,4.233590132332182,test
img02552,1343,images/img02552.jpg,82.0,78.18848657644332,3.811513423556676,test
img02563,1349,images/img02563.jpg,68.0,77.87748592423381,9.87748592423381,test
img02564,1349,images/img02564.jpg,68.0,73.50364077075045,5.503640770750451,test
img02567,1351,images/img02567.jpg,79.0,75.4953789795727,3.504621020427294,test
img02568,1351,images/img02568.jpg,79.0,77.78116975448036,1.2188302455196407,test
img02584,1360,images/img02584.jpg,78.0,69.52438283425958,8.475617165740417,test
img02628,1384,images/img02628.jpg,74.0,80.53987975009873,6.539879750098734,test
img02629,1384,images/img02629.jpg,74.0,82.62654687220406,8.62654687220406,test
img02632,1386,images/img02632.jpg,51.0,53.70441678006949,2.7044167800694865,test
img02633,1386,images/img02633.jpg,51.0,51.30066585341365,0.3006658534136477,test
img02691,1419,images/img02691.jpg,42.0,51.21411391886416,9.214113918864156,test
img02713,1430,images/img02713.jpg,49.0,44.29394151890029,4.70605848109971,test
img02714,1430,images/img02714.jpg,49.0,53.59561857391379,4.595618573913789,test
img02737,1444,images/img02737.jpg,60.0,59.11652306548302,0.8834769345169775,test
img02748,1450,images/img02748.jpg,61.0,67.7320071219244,6.732007121924397,test
img02749,1450,images/img02749.jpg,61.0,64.0210131772273,3.021013177227303,test
img02780,1468,images/img02780.jpg,75.0,73.0544379645092,1.945562035490795,test
img02781,1468,images/img02781.jpg,75.0,67.87509848252591,7.124901517474086,test
img02813,1485,images/img02813.jpg,64.0,55.93095032772682,8.06904967227318,test
img02826,1492,images/img02826.jpg,67.0,67.40653079744165,0.406530797441647,test
img02827,1492,images/img02827.jpg,67.0,68.72919804617997,1.729198046179974,test
img02840,1499,images/img02840.jpg,74.0,77.92024221563736,3.920242215637359,test
img02858,1510,images/img02858.jpg,58.0,62.81563726338933,4.815637263389327,test
img02859,1510,images/img02859.jpg,58.0,68.13728559298866,10.13728559298866,test
img02866,1514,images/img02866.jpg,47.0,45.86121850975754,1.138781490242458,test
img02867,1514,images/img02867.jpg,47.0,49.37087595308437,2.370875953084372,test
img02888,1526,images/img02888.jpg,75.0,75.25887138235831,0.2588713823583077,test
img02899,1532,images/img02899.jpg,70.0,57.19811252624539,12.801887473754611,test
img02902,1534,images/img02902.jpg,63.0,71.36944484598807,8.36944484598807,test
img02913,1540,images/img02913.jpg,72.0,71.85920745422142,0.1407925457785808,test
img02914,1540,images/img02914.jpg,72.0,69.5409961029809,2.4590038970191017,test
img02939,1554,images/img02939.jpg,74.0,68.36043648423379,5.639563515766213,test
img02940,1554,images/img02940.jpg,74.0,76.37511116022651,2.37511116022651,test
img02951,1560,images/img02951.jpg,59.0,64.33141181247798,5.331411812477981,test
img02952,1560,images/img02952.jpg,59.0,68.76439967911622,9.764399679116224,test
img02955,1562,images/img02955.jpg,59.0,46.29154503062962,12.70845496937038,test
img02956,1562,images/img02956.jpg,59.0,47.34901835594224,11.650981644057763,test
img02974,1573,images/img02974.jpg,80.0,70.66311318047093,9.33688681952907,test
img02975,1573,images/img02975.jpg,80.0,70.140552644695,9.859447355304994,test
img02976,1574,images/img02976.jpg,58.0,50.891356486190126,7.108643513809874,test
img02977,1574,images/img02977.jpg,58.0,59.67178010203129,1.671780102031292,test
img02978,1575,images/img02978.jpg,77.0,76.26290261524777,0.7370973847522322,test
img02979,1575,images/img02979.jpg,77.0,78.80987932024095,1.8098793202409524,test
img02998,1586,images/img02998.jpg,66.0,54.234614042747786,11.765385957252214,test
img02999,1586,images/img02999.jpg,66.0,43.444027718086936,22.555972281913064,test
img03007,1591,images/img03007.jpg,49.0,48.828293445679726,0.1717065543202736,test
img03008,1591,images/img03008.jpg,49.0,39.07666842484685,9.923331575153156,test
img03037,1607,images/img03037.jpg,74.0,79.62389349744113,5.623893497441131,test
img03052,1615,images/img03052.jpg,74.0,69.82126662502826,4.178733374971742,test
img03053,1615,images/img03053.jpg,74.0,70.18390768122612,3.816092318773883,test
img03062,1622,images/img03062.jpg,43.0,37.32490813563582,5.675091864364177,test
img03088,1637,images/img03088.jpg,61.0,56.953383975752445,4.046616024247555,test
img03089,1637,images/img03089.jpg,61.0,58.65992837438155,2.340071625618449,test
img03126,1658,images/img03126.jpg,53.0,64.08867083133548,11.088670831335476,test
img03127,1658,images/img03127.jpg,53.0,69.41884882512896,16.41884882512896,test
img03133,1662,images/img03133.jpg,69.0,72.41210331918289,3.41210331918289,test
img03153,1673,images/img03153.jpg,46.0,43.24254616552911,2.757453834470887,test
img03154,1673,images/img03154.jpg,46.0,50.5865363233027,4.586536323302703,test
img03159,1676,images/img03159.jpg,66.0,48.71749942243219,17.28250057756781,test
img03160,1676,images/img03160.jpg,66.0,57.92674417593254,8.07325582406746,test
img03161,1677,images/img03161.jpg,72.0,67.41180280827332,4.588197191726678,test
img03162,1677,images/img03162.jpg,72.0,69.98837322735781,2.011626772642188,test
img03197,1697,images/img03197.jpg,78.0,72.19516563557285,5.804834364427151,test
img03198,1697,images/img03198.jpg,78.0,71.71037839213348,6.289621607866522,test
img03205,1701,images/img03205.jpg,74.0,76.89088264605888,2.890882646058884,test
img03206,1701,images/img03206.jpg,74.0,64.73364475390893,9.266355246091068,test
img03207,1702,images/img03207.jpg,68.0,74.0074417164735,6.007441716473494,test
img03208,1702,images/img03208.jpg,68.0,76.10336812115244,8.103368121152442,test
img03223,1711,images/img03223.jpg,71.0,53.02853768435941,17.971462315640593,test
img03224,1711,images/img03224.jpg,71.0,66.3554566288429,4.6445433711570985,test
img03259,1730,images/img03259.jpg,55.0,75.78764948821106,20.78764948821106,test
img03260,1730,images/img03260.jpg,55.0,63.37762990996995,8.377629909969947,test
img03275,1737,images/img03275.jpg,53.0,64.0404271335398,11.040427133539794,test
img03276,1737,images/img03276.jpg,53.0,51.929065223936135,1.070934776063865,test
img03346,1777,images/img03346.jpg,56.0,45.08493727230791,10.915062727692089,test
img03347,1777,images/img03347.jpg,56.0,52.74679620149096,3.253203798509041,test
img03377,1793,images/img03377.jpg,68.0,57.26654233253991,10.733457667460089,test
img03378,1793,images/img03378.jpg,68.0,69.04791585781129,1.0479158578112902,test
img03444,1828,images/img03444.jpg,78.0,73.64158554072004,4.358414459279956,test
img03472,1846,images/img03472.jpg,67.0,72.27931713655995,5.279317136559953,test
img03473,1846,images/img03473.jpg,67.0,75.74347540324499,8.743475403244986,test
img03479,1850,images/img03479.jpg,63.0,64.55296550474442,1.5529655047444209,test
img03480,1850,images/img03480.jpg,63.0,59.83065150498353,3.169348495016472,test
img03491,1856,images/img03491.jpg,33.0,59.20545525730188,26.20545525730188,test
img03492,1856,images/img03492.jpg,33.0,46.00055707986013,13.00055707986013,test
img03524,1875,images/img03524.jpg,81.0,79.4919514472931,1.508048552706896,test
img03534,1880,images/img03534.jpg,61.0,62.56462236619915,1.5646223661991527,test
img03535,1880,images/img03535.jpg,61.0,57.104167888877846,3.8958321111221537,test
img03554,1890,images/img03554.jpg,57.0,54.7559034720644,2.2440965279355964,test
img03555,1890,images/img03555.jpg,57.0,56.05518503394695,0.9448149660530518,test
img03562,1894,images/img03562.jpg,19.0,24.133584513597285,5.133584513597285,test
img03563,1894,images/img03563.jpg,19.0,21.26661180154567,2.266611801545672,test
img03570,1898,images/img03570.jpg,56.0,46.16432968609692,9.83567031390308,test
img03571,1898,images/img03571.jpg,56.0,58.80530101935565,2.805301019355653,test
img03593,1910,images/img03593.jpg,8.0,11.215334475360711,3.215334475360713,test
img03594,1910,images/img03594.jpg,8.0,11.178013786353723,3.1780137863537234,test
img03614,1921,images/img03614.jpg,58.0,57.88066479454054,0.1193352054594569,test
img03615,1921,images/img03615.jpg,58.0,56.91087150394374,1.0891284960562615,test
img03646,1937,images/img03646.jpg,66.0,67.20324973766988,1.2032497376698783,test
img03665,1947,images/img03665.jpg,71.0,65.51645983846086,5.483540161539139,test
img03666,1947,images/img03666.jpg,71.0,60.42095448982878,10.57904551017122,test
img03667,1948,images/img03667.jpg,72.0,56.57272099113312,15.427279008866876,test
img03668,1948,images/img03668.jpg,72.0,57.62787363377126,14.37212636622874,test
img03673,1951,images/img03673.jpg,73.0,79.33005032855883,6.330050328558826,test
img03674,1951,images/img03674.jpg,73.0,70.13193355044538,2.868066449554618,test
img03710,1970,images/img03710.jpg,68.0,68.59049093951792,0.5904909395179203,test
img03711,1970,images/img03711.jpg,68.0,69.87102790724104,1.871027907241043,test
img03723,1977,images/img03723.jpg,68.0,53.1629434234749,14.8370565765251,test
img03724,1977,images/img03724.jpg,68.0,53.96498406138707,14.03501593861293,test
img03727,1979,images/img03727.jpg,50.0,62.93654887962102,12.936548879621022,test
img03728,1979,images/img03728.jpg,50.0,52.72723392215962,2.72723392215962,test
img03775,2005,images/img03775.jpg,78.0,81.10892973678935,3.1089297367893494,test
img03794,2016,images/img03794.jpg,30.0,30.54170386399907,0.5417038639990714,test
img03795,2016,images/img03795.jpg,30.0,31.94227450655557,1.9422745065555704,test
img03804,2021,images/img03804.jpg,15.0,17.098274734337657,2.0982747343376573,test
img03805,2021,images/img03805.jpg,15.0,16.373223831353663,1.3732238313536629,test
img03854,2046,images/img03854.jpg,32.0,31.62866293297016,0.3713370670298417,test
img03855,2046,images/img03855.jpg,32.0,32.172476194248105,0.1724761942481052,test
img03923,2081,images/img03923.jpg,21.0,31.554968204811768,10.554968204811768,test
img03924,2081,images/img03924.jpg,21.0,31.176201382756005,10.176201382756004,test
img03943,2091,images/img03943.jpg,56.0,51.60876929900871,4.391230700991294,test
img03944,2091,images/img03944.jpg,56.0,53.28516977058321,2.7148302294167905,test
img03956,2098,images/img03956.jpg,60.0,55.19684926671968,4.803150733280326,test
img03957,2098,images/img03957.jpg,60.0,53.573043483262126,6.426956516737874,test
img04035,2142,images/img04035.jpg,60.0,57.14000943748548,2.8599905625145183,test
img04036,2142,images/img04036.jpg,60.0,62.42744865780547,2.4274486578054706,test
img04043,2146,images/img04043.jpg,48.0,50.56257179495978,2.56257179495978,test
img04044,2146,images/img04044.jpg,48.0,52.91502940439749,4.915029404397494,test
img04048,2148,images/img04048.jpg,56.0,42.54559920278536,13.45440079721464,test
img04049,2149,images/img04049.jpg,36.0,41.27436187022187,5.274361870221867,test
img04050,2149,images/img04050.jpg,36.0,36.71063707796374,0.7106370779637388,test
img04163,2207,images/img04163.jpg,39.0,46.36190685330568,7.361906853305676,test
img04164,2207,images/img04164.jpg,39.0,47.589990912268114,8.589990912268114,test
img04165,2208,images/img04165.jpg,71.0,68.46348935463003,2.5365106453699724,test
img04166,2208,images/img04166.jpg,71.0,59.08911657061449,11.910883429385509,test
img04195,2225,images/img04195.jpg,82.0,64.82140181298655,17.17859818701345,test
img04196,2225,images/img04196.jpg,82.0,75.8170610703601,6.182938929639903,test
img04209,2233,images/img04209.jpg,75.0,64.78322663070554,10.216773369294458,test
img04210,2233,images/img04210.jpg,75.0,64.95199368741889,10.048006312581109,test
img04225,2241,images/img04225.jpg,58.0,56.787295390098656,1.212704609901344,test
img04226,2241,images/img04226.jpg,58.0,54.19449212084441,3.805507879155592,test
img04233,2246,images/img04233.jpg,76.0,86.16935341963278,10.169353419632785,test
img04234,2246,images/img04234.jpg,76.0,75.21232412909069,0.787675870909311,test
img04253,2256,images/img04253.jpg,67.0,65.89776560160395,1.1022343983960496,test
img04254,2256,images/img04254.jpg,67.0,57.474918724253264,9.525081275746736,test
img04286,2273,images/img04286.jpg,45.0,47.77631516103227,2.7763151610322723,test
img04295,2278,images/img04295.jpg,50.0,45.99569186671986,4.004308133280141,test
img04296,2278,images/img04296.jpg,50.0,48.3772802261202,1.6227197738798012,test
img04306,2284,images/img04306.jpg,79.0,65.9858171254984,13.0141828745016,test
img04307,2284,images/img04307.jpg,79.0,79.70103237334598,0.7010323733459813,test
img04372,2320,images/img04372.jpg,27.0,55.27563605498834,28.27563605498834,test
img04373,2320,images/img04373.jpg,27.0,32.1311856832661,5.1311856832660965,test
img04381,2325,images/img04381.jpg,77.0,73.7028822094795,3.2971177905205025,test
img04391,2330,images/img04391.jpg,33.0,36.63673077138141,3.636730771381409,test
img04392,2330,images/img04392.jpg,33.0,30.39903020719329,2.6009697928067084,test
img04403,2336,images/img04403.jpg,78.0,78.25476079121763,0.2547607912176346,test
img04473,2372,images/img04473.jpg,43.0,64.28868224103002,21.288682241030017,test
img04474,2373,images/img04474.jpg,32.0,40.10035245773355,8.10035245773355,test
img04475,2373,images/img04475.jpg,32.0,32.645606993382785,0.6456069933827848,test
img04492,2382,images/img04492.jpg,73.0,74.32133248632968,1.3213324863296805,test
img04493,2382,images/img04493.jpg,73.0,81.23915080367458,8.239150803674576,test
img04528,2400,images/img04528.jpg,74.0,64.92667843805506,9.073321561944937,test
img04529,2400,images/img04529.jpg,74.0,79.93831648518847,5.938316485188466,test
img04540,2406,images/img04540.jpg,68.0,58.94662422779314,9.053375772206856,test
img04541,2406,images/img04541.jpg,68.0,61.53017918874125,6.469820811258749,test
img04564,2419,images/img04564.jpg,58.0,52.88464717896334,5.115352821036659,test
img04565,2419,images/img04565.jpg,58.0,50.587918126720936,7.412081873279064,test
img04568,2421,images/img04568.jpg,70.0,71.66644206024174,1.6664420602417351,test
img04569,2421,images/img04569.jpg,70.0,70.41325105850811,0.4132510585081093,test
img04570,2422,images/img04570.jpg,32.0,31.18127926493065,0.8187207350693448,test
img04571,2422,images/img04571.jpg,32.0,31.422465580901346,0.577534419098658,test
img04580,2427,images/img04580.jpg,44.0,45.88317031654693,1.883170316546924,test
img04581,2427,images/img04581.jpg,61.0,47.0658500819752,13.9341499180248,test
img04586,2430,images/img04586.jpg,39.0,38.75590899048551,0.2440910095144914,test
img04587,2430,images/img04587.jpg,39.0,41.74450003432921,2.7445000343292065,test
img04588,2431,images/img04588.jpg,44.0,40.28346049633167,3.716539503668329,test
img04589,2431,images/img04589.jpg,44.0,38.90557564138577,5.0944243586142335,test
img04609,2442,images/img04609.jpg,45.0,40.18426620564634,4.815733794353662,test
img04610,2442,images/img04610.jpg,45.0,42.52265057806049,2.477349421939508,test
img04619,2447,images/img04619.jpg,37.0,54.52141922985526,17.521419229855262,test
img04625,2450,images/img04625.jpg,64.0,58.35844309370787,5.641556906292131,test
img04626,2450,images/img04626.jpg,64.0,64.25299910358774,0.2529991035877401,test
img04657,2466,images/img04657.jpg,67.0,66.77298865342377,0.2270113465762335,test
img04658,2466,images/img04658.jpg,67.0,57.17486057549392,9.825139424506077,test
img04705,2490,images/img04705.jpg,35.0,47.38178683700313,12.381786837003132,test
img04706,2490,images/img04706.jpg,35.0,36.57875173955823,1.5787517395582285,test
img04723,2499,images/img04723.jpg,61.0,52.27677418739469,8.723225812605307,test
img04829,2552,images/img04829.jpg,58.0,50.80356343696823,7.196436563031774,test
img04830,2552,images/img04830.jpg,58.0,57.783109691335554,0.2168903086644462,test
img04837,2556,images/img04837.jpg,53.0,64.53293862536876,11.532938625368756,test
img04838,2556,images/img04838.jpg,53.0,54.97337446417603,1.9733744641760325,test
img04861,2568,images/img04861.jpg,43.0,40.95906312229707,2.040936877702933,test
img04888,2582,images/img04888.jpg,47.0,42.70743270367281,4.292567296327192,test
img04889,2582,images/img04889.jpg,47.0,50.07422588967851,3.074225889678509,test
img04920,2599,images/img04920.jpg,60.0,65.76384518413101,5.763845184131014,test
img04952,2616,images/img04952.jpg,52.0,41.15749423747462,10.842505762525375,test
img04953,2616,images/img04953.jpg,52.0,38.88312215379735,13.116877846202655,test
img04963,2622,images/img04963.jpg,80.0,82.60882445267268,2.6088244526726783,test
img04964,2622,images/img04964.jpg,80.0,62.99201732622813,17.00798267377187,test
img04985,2633,images/img04985.jpg,79.0,74.61543522049496,4.384564779505041,test
img04986,2633,images/img04986.jpg,79.0,70.12273534205599,8.87726465794401,test
img04987,2634,images/img04987.jpg,60.0,72.56027692440077,12.560276924400767,test
img04988,2634,images/img04988.jpg,60.0,68.68430743015962,8.68430743015962,test
img05014,2648,images/img05014.jpg,39.0,41.804758441956736,2.804758441956736,test
img05015,2648,images/img05015.jpg,39.0,46.33463395821516,7.334633958215157,test
img05017,2649,images/img05017.jpg,49.0,55.47362165580414,6.473621655804138,test
img05035,2659,images/img05035.jpg,43.0,47.95666940828783,4.95666940828783,test
img05036,2659,images/img05036.jpg,43.0,51.41620239612777,8.416202396127773,test
img05047,2665,images/img05047.jpg,30.0,36.30442395375866,6.304423953758658,test
img05051,2667,images/img05051.jpg,32.0,31.880990925121303,0.1190090748786936,test
img05052,2667,images/img05052.jpg,32.0,32.7352617146133,0.7352617146133014,test
img05053,2668,images/img05053.jpg,56.0,45.104925980318434,10.895074019681566,test
img05054,2668,images/img05054.jpg,56.0,55.62428826014488,0.3757117398551202,test
img05061,2672,images/img05061.jpg,69.0,70.67789313305488,1.67789313305488,test
img05062,2672,images/img05062.jpg,69.0,71.44869187185932,2.4486918718593245,test
img05069,2676,images/img05069.jpg,58.0,60.30948592402861,2.309485924028614,test
img05070,2676,images/img05070.jpg,58.0,57.23900264687229,0.7609973531277063,test
img05124,2705,images/img05124.jpg,35.0,39.904608606662165,4.9046086066621655,test
img05125,2705,images/img05125.jpg,35.0,45.93467766606247,10.93467766606247,test
img05139,2713,images/img05139.jpg,26.0,31.84297442665825,5.842974426658255,test
img05140,2713,images/img05140.jpg,26.0,29.053657539856594,3.0536575398565944,test
img05159,2723,images/img05159.jpg,33.0,42.04859712249975,9.04859712249975,test
img05160,2723,images/img05160.jpg,33.0,46.91143709447184,13.911437094471836,test
img05169,2728,images/img05169.jpg,38.0,31.587446583497567,6.412553416502433,test
img05170,2728,images/img05170.jpg,38.0,30.18650077095222,7.813499229047778,test
img05171,2729,images/img05171.jpg,33.0,33.57610490845789,0.5761049084578929,test
img05172,2729,images/img05172.jpg,33.0,28.80277787836007,4.197222121639928,test
img05189,2738,images/img05189.jpg,69.0,76.61883859850539,7.618838598505391,test
img05190,2739,images/img05190.jpg,55.0,52.65987782183608,2.3401221781639165,test
img05191,2739,images/img05191.jpg,55.0,65.31610979422697,10.316109794226977,test
img05192,2740,images/img05192.jpg,81.0,86.12753069075961,5.127530690759613,test
img05202,2745,images/img05202.jpg,63.0,43.81249045277455,19.187509547225453,test
img05203,2745,images/img05203.jpg,63.0,53.5807639145152,9.419236085484798,test
img05218,2753,images/img05218.jpg,8.0,20.064578063378704,12.064578063378704,test
img05231,2760,images/img05231.jpg,65.0,61.63473601092418,3.365263989075821,test
img05232,2760,images/img05232.jpg,65.0,67.15048927676716,2.1504892767671606,test
img05235,2762,images/img05235.jpg,34.0,36.22403287754349,2.224032877543493,test
img05236,2762,images/img05236.jpg,34.0,42.18675238028285,8.186752380282854,test
img05238,2763,images/img05238.jpg,32.0,33.35947477698987,1.3594747769898703,test
img05249,2769,images/img05249.jpg,67.0,56.3441019836679,10.655898016332102,test
img05250,2769,images/img05250.jpg,67.0,57.37784130841779,9.622158691582207,test
img05267,2778,images/img05267.jpg,84.0,74.39971683934868,9.600283160651315,test
img05268,2778,images/img05268.jpg,84.0,78.38147663617215,5.618523363827848,test
img05285,2787,images/img05285.jpg,70.0,70.32247846158408,0.3224784615840832,test
img05286,2787,images/img05286.jpg,70.0,61.84949956263663,8.15050043736337,test
img05287,2788,images/img05287.jpg,77.0,72.94160668097338,4.058393319026621,test
img05288,2788,images/img05288.jpg,77.0,80.92985586618178,3.929855866181782,test
img05289,2789,images/img05289.jpg,61.0,50.83410816335685,10.165891836643148,test
img05290,2789,images/img05290.jpg,61.0,50.3499153026033,10.6500846973967,test
img05311,2800,images/img05311.jpg,86.0,70.34347271241356,15.656527287586442,test
img05312,2800,images/img05312.jpg,86.0,75.62243291376137,10.377567086238628,test
img05317,2803,images/img05317.jpg,64.0,82.14014116288256,18.14014116288256,test
img05318,2803,images/img05318.jpg,64.0,75.72611724759814,11.72611724759814,test
img05319,2804,images/img05319.jpg,83.0,67.63376384353637,15.366236156463629,test
img05320,2804,images/img05320.jpg,83.0,72.03232441064557,10.967675589354428,test
img05324,2807,images/img05324.jpg,75.0,74.9042703062703,0.0957296937296945,test
img05325,2807,images/img05325.jpg,75.0,72.89068717048106,2.1093128295189416,test
img05344,2817,images/img05344.jpg,48.0,49.812882366385445,1.8128823663854448,test
img05345,2817,images/img05345.jpg,48.0,45.69405955812722,2.305940441872778,test
img05376,2833,images/img05376.jpg,55.0,66.10325950994368,11.103259509943683,test
img05377,2833,images/img05377.jpg,55.0,63.773801783921165,8.773801783921165,test
img05394,2842,images/img05394.jpg,58.0,47.74758193857236,10.25241806142764,test
img05395,2842,images/img05395.jpg,58.0,44.90493311100125,13.095066888998751,test
img05398,2844,images/img05398.jpg,77.0,81.04358035966199,4.043580359661988,test
img05399,2844,images/img05399.jpg,77.0,73.44374226456571,3.5562577354342864,test
img05448,2870,images/img05448.jpg,59.0,59.69908217095089,0.6990821709508879,test
img05449,2870,images/img05449.jpg,59.0,54.179053712211726,4.820946287788274,test
img05454,2873,images/img05454.jpg,61.0,72.7924428014826,11.792442801482592,test
img05455,2873,images/img05455.jpg,61.0,69.65506850118913,8.655068501189135,test
img05465,2879,images/img05465.jpg,61.0,66.42261750989898,5.422617509898984,test
img05466,2879,images/img05466.jpg,61.0,72.75450264574984,11.754502645749838,test
img05467,2880,images/img05467.jpg,58.0,62.12331448888023,4.123314488880226,test
img05468,2880,images/img05468.jpg,58.0,57.77277683911724,0.2272231608827581,test
img05475,2884,images/img05475.jpg,60.0,63.907812722060015,3.907812722060015,test
img05476,2884,images/img05476.jpg,60.0,69.94118142332445,9.941181423324451,test
img05481,2887,images/img05481.jpg,45.0,43.21898352713063,1.7810164728693678,test
img05483,2888,images/img05483.jpg,66.0,71.71272211395335,5.712722113953348,test
img05488,2891,images/img05488.jpg,56.0,63.019691565957885,7.019691565957885,test
img05510,2903,images/img05510.jpg,59.0,66.4632776480509,7.463277648050905,test
img05511,2903,images/img05511.jpg,59.0,58.434621959779335,0.565378040220665,test
img05521,2908,images/img05521.jpg,78.0,75.5998747275714,2.400125272428596,test
img05548,2922,images/img05548.jpg,33.0,39.52450033377418,6.524500333774178,test
img05549,2922,images/img05549.jpg,33.0,36.63613966052689,3.6361396605268874,test
img05570,2933,images/img05570.jpg,58.0,59.10767548834775,1.1076754883477449,test
img05571,2933,images/img05571.jpg,58.0,50.54449110990127,7.455508890098734,test
img05585,2942,images/img05585.jpg,58.0,55.99550628576441,2.0044937142355934,test
img05586,2942,images/img05586.jpg,58.0,54.35807741473939,3.641922585260609,test
img05594,2946,images/img05594.jpg,71.0,78.79517789160815,7.795177891608148,test
img05624,2962,images/img05624.jpg,72.0,52.685863251310806,19.314136748689197,test
img05625,2962,images/img05625.jpg,72.0,43.45108833002824,28.54891166997177,test
img05656,2978,images/img05656.jpg,58.0,66.40026981152253,8.400269811522534,test
img05657,2978,images/img05657.jpg,58.0,48.47712561123386,9.52287438876614,test
img05658,2979,images/img05658.jpg,49.0,66.07454155602983,17.07454155602983,test
img05659,2979,images/img05659.jpg,49.0,54.72745135444352,5.727451354443524,test
img05664,2982,images/img05664.jpg,58.0,41.88119496474293,16.11880503525707,test
img05665,2982,images/img05665.jpg,58.0,53.72880064812379,4.271199351876213,test
img05674,2987,images/img05674.jpg,50.0,52.80319657471281,2.803196574712807,test
img05675,2987,images/img05675.jpg,50.0,47.44310204613994,2.5568979538600587,test
img05709,3006,images/img05709.jpg,39.0,39.18049235681899,0.1804923568189878,test
img05710,3006,images/img05710.jpg,39.0,39.89769304590841,0.8976930459084116,test
img05745,3024,images/img05745.jpg,83.0,78.36629752016984,4.633702479830163,test
img05746,3024,images/img05746.jpg,83.0,73.0106663147928,9.9893336852072,test
img05760,3031,images/img05760.jpg,72.0,70.13361745295346,1.8663825470465407,test
img05788,3046,images/img05788.jpg,50.0,44.65623248914926,5.343767510850739,test
img05789,3046,images/img05789.jpg,50.0,52.50734831855,2.507348318549994,test
img05793,3048,images/img05793.jpg,69.0,64.9601819905476,4.039818009452404,test
img05816,3060,images/img05816.jpg,47.0,47.46518036373952,0.4651803637395204,test
img05817,3060,images/img05817.jpg,47.0,41.68270604721244,5.317293952787559,test
img05836,3070,images/img05836.jpg,72.0,80.93625338698,8.936253386979999,test
img05837,3070,images/img05837.jpg,72.0,78.32438318002032,6.32438318002032,test
img05853,3079,images/img05853.jpg,65.0,67.0731431848801,2.073143184880095,test
img05854,3079,images/img05854.jpg,65.0,63.61883040387626,1.3811695961237405,test
img05863,3084,images/img05863.jpg,50.0,54.80150843791817,4.801508437918173,test
img05864,3084,images/img05864.jpg,50.0,57.82597163562478,7.825971635624782,test
img05884,3095,images/img05884.jpg,50.0,51.63682034464296,1.6368203446429632,test
img05885,3095,images/img05885.jpg,50.0,64.1386131548801,14.138613154880105,test
img05910,3109,images/img05910.jpg,54.0,53.446225120926925,0.5537748790730745,test
img05911,3109,images/img05911.jpg,54.0,57.53831209156959,3.538312091569587,test
img05924,3116,images/img05924.jpg,69.0,68.37007311801713,0.6299268819828683,test
img05925,3116,images/img05925.jpg,69.0,69.64462699690647,0.6446269969064673,test
img05938,3124,images/img05938.jpg,45.0,52.05972635213095,7.059726352130952,test
img05939,3124,images/img05939.jpg,45.0,36.99243118278557,8.007568817214427,test
img05956,3133,images/img05956.jpg,45.0,44.173505408817256,0.8264945911827439,test
img05975,3143,images/img05975.jpg,68.0,72.22289440582423,4.222894405824235,test
img05976,3143,images/img05976.jpg,68.0,76.61731610634135,8.617316106341349,test
img05995,3154,images/img05995.jpg,56.0,50.31729514456125,5.68270485543875,test
img05996,3154,images/img05996.jpg,56.0,50.86081175980151,5.139188240198493,test
img06022,3169,images/img06022.jpg,82.0,81.07150434918083,0.9284956508191726,test
img06023,3169,images/img06023.jpg,82.0,71.08631474338618,10.913685256613816,test
img06034,3175,images/img06034.jpg,88.0,76.11815679861985,11.88184320138015,test
img06035,3175,images/img06035.jpg,88.0,68.87458186991101,19.12541813008899,test
img06053,3185,images/img06053.jpg,42.0,52.93966602141957,10.93966602141957,test
img06054,3185,images/img06054.jpg,42.0,42.04572445462002,0.0457244546200215,test
img06071,3194,images/img06071.jpg,42.0,43.89433967513824,1.8943396751382335,test
img06072,3194,images/img06072.jpg,42.0,49.503051939170206,7.503051939170206,test
img06125,3222,images/img06125.jpg,61.0,52.45984405462767,8.540155945372327,test
img06126,3222,images/img06126.jpg,61.0,45.44206202093718,15.55793797906282,test
img06131,3225,images/img06131.jpg,65.0,54.48482843188036,10.51517156811964,test
img06132,3225,images/img06132.jpg,65.0,66.90066641677993,1.9006664167799272,test
img06163,3242,images/img06163.jpg,23.0,27.55958014002129,4.559580140021286,test
img06164,3242,images/img06164.jpg,23.0,27.75813449417774,4.758134494177739,test
img06175,3248,images/img06175.jpg,51.0,48.54218597659657,2.4578140234034294,test
img06176,3248,images/img06176.jpg,51.0,60.81338529734322,9.813385297343224,test
img06180,3251,images/img06180.jpg,56.0,64.70732614294703,8.707326142947025,test
img06181,3251,images/img06181.jpg,56.0,61.08925111650551,5.089251116505508,test
img06203,3263,images/img06203.jpg,52.0,51.90148095956708,0.0985190404329188,test
img06204,3263,images/img06204.jpg,52.0,49.27971564415151,2.7202843558484915,test
img06217,3272,images/img06217.jpg,59.0,61.69098369868545,2.69098369868545,test
img06218,3272,images/img06218.jpg,59.0,62.7482680757406,3.748268075740597,test
img06250,3289,images/img06250.jpg,60.0,56.04248296688991,3.9575170331100935,test
img06251,3289,images/img06251.jpg,60.0,56.20424953156205,3.795750468437952,test
img06256,3292,images/img06256.jpg,69.0,64.42483950050043,4.575160499499575,test
img06257,3292,images/img06257.jpg,69.0,59.02237093948066,9.97762906051934,test
img06284,3306,images/img06284.jpg,54.0,53.41854979058674,0.5814502094132621,test
img06285,3306,images/img06285.jpg,54.0,49.13069136279612,4.869308637203879,test
img06287,3307,images/img06287.jpg,57.0,46.4478196901416,10.5521803098584,test
img06304,3317,images/img06304.jpg,43.0,51.66960300363948,8.66960300363948,test
img06305,3317,images/img06305.jpg,43.0,57.897063349332925,14.897063349332925,test
img06343,3337,images/img06343.jpg,35.0,30.793656686161373,4.206343313838627,test
img06350,3340,images/img06350.jpg,51.0,54.93316801996413,3.933168019964128,test
img06363,3347,images/img06363.jpg,67.0,67.47180601305959,0.4718060130595916,test
img06380,3356,images/img06380.jpg,56.0,64.73635710205505,8.736357102055052,test
img06381,3356,images/img06381.jpg,56.0,51.99514258352733,4.004857416472667,test
img06440,3387,images/img06440.jpg,46.0,48.70464985031412,2.7046498503141194,test
img06441,3387,images/img06441.jpg,46.0,50.8580399733868,4.858039973386795,test
img06511,3423,images/img06511.jpg,65.0,57.79003738513036,7.209962614869639,test
img06512,3423,images/img06512.jpg,65.0,59.13910797162858,5.860892028371417,test
img06547,3442,images/img06547.jpg,73.0,67.60021448540567,5.399785514594328,test
img06548,3443,images/img06548.jpg,64.0,63.87878721600414,0.1212127839958583,test
img06549,3443,images/img06549.jpg,64.0,64.27036053106589,0.2703605310658901,test
img06598,3470,images/img06598.jpg,68.0,77.02237100226691,9.022371002266908,test
img06624,3485,images/img06624.jpg,76.0,66.0207733710873,9.9792266289127,test
img06625,3485,images/img06625.jpg,76.0,73.46404834021214,2.5359516597878557,test
img06628,3487,images/img06628.jpg,79.0,52.97136952139294,26.028630478607063,test
img06629,3487,images/img06629.jpg,79.0,73.50986161265857,5.490138387341432,test
img06706,3529,images/img06706.jpg,7.0,18.970277004974683,11.970277004974683,test
img06718,3535,images/img06718.jpg,61.0,60.91606954141321,0.0839304585867921,test
img06719,3535,images/img06719.jpg,61.0,70.35516296564165,9.355162965641654,test
img06722,3537,images/img06722.jpg,53.0,54.54915890621098,1.5491589062109838,test
img06723,3537,images/img06723.jpg,53.0,51.618136006709946,1.3818639932900538,test
img06747,3551,images/img06747.jpg,23.0,29.18936437721829,6.18936437721829,test
img06832,3594,images/img06832.jpg,50.0,48.49366417314054,1.5063358268594629,test
img06833,3594,images/img06833.jpg,50.0,52.730039517497744,2.730039517497744,test
img06836,3596,images/img06836.jpg,77.0,67.70581829360398,9.294181706396015,test
img06837,3596,images/img06837.jpg,77.0,72.59323626228739,4.406763737712609,test
img06844,3600,images/img06844.jpg,39.0,52.0486184848739,13.0486184848739,test
img06845,3600,images/img06845.jpg,39.0,56.17774415356354,17.177744153563538,test
img06852,3604,images/img06852.jpg,76.0,70.39179111702389,5.608208882976115,test
img06916,3637,images/img06916.jpg,74.0,68.15655340750317,5.843446592496832,test
img06922,3640,images/img06922.jpg,48.0,44.56784178541024,3.4321582145897622,test
img06923,3640,images/img06923.jpg,48.0,45.222954022566064,2.777045977433936,test
img06933,3646,images/img06933.jpg,73.0,61.58563781985447,11.414362180145533,test
img06934,3646,images/img06934.jpg,73.0,67.60311550915665,5.396884490843348,test
img06964,3662,images/img06964.jpg,73.0,53.2043969807166,19.795603019283405,test
img06993,3679,images/img06993.jpg,53.0,50.25819169338195,2.741808306618047,test
img06994,3679,images/img06994.jpg,53.0,51.550198611025785,1.4498013889742154,test
img07022,3695,images/img07022.jpg,76.0,81.33921431087478,5.33921431087478,test
img07023,3695,images/img07023.jpg,76.0,75.16455321091757,0.8354467890824253,test
img07071,3720,images/img07071.jpg,70.0,58.48040115064973,11.519598849350269,test
img07113,3742,images/img07113.jpg,63.0,65.34822281841782,2.348222818417824,test
img07114,3742,images/img07114.jpg,63.0,59.08147875310169,3.918521246898308,test
img07125,3748,images/img07125.jpg,20.0,26.47724962172658,6.477249621726578,test
img07126,3748,images/img07126.jpg,20.0,23.49986787191017,3.499867871910169,test
img07187,3780,images/img07187.jpg,45.0,43.00178736884804,1.998212631151958,test
img07188,3780,images/img07188.jpg,45.0,58.24371714719784,13.243717147197842,test
img07206,3790,images/img07206.jpg,38.0,41.20915645367161,3.2091564536716106,test
img07207,3790,images/img07207.jpg,38.0,32.620368086749245,5.379631913250755,test
img07208,3791,images/img07208.jpg,48.0,51.64356904200051,3.6435690420005074,test
img07209,3791,images/img07209.jpg,48.0,50.794505917324656,2.7945059173246563,test
img07214,3794,images/img07214.jpg,29.0,40.86608422046768,11.866084220467677,test
img07244,3810,images/img07244.jpg,36.0,50.04340960129214,14.04340960129214,test
img07245,3810,images/img07245.jpg,36.0,44.27474241284305,8.274742412843047,test
img07285,3831,images/img07285.jpg,27.0,37.71056979684712,10.710569796847118,test
img07286,3831,images/img07286.jpg,27.0,27.43943849475508,0.4394384947550769,test
img07305,3841,images/img07305.jpg,74.0,60.52200990721752,13.477990092782475,test
img07306,3841,images/img07306.jpg,74.0,74.52140606081889,0.5214060608188902,test
img07317,3847,images/img07317.jpg,38.0,42.370490791711084,4.3704907917110845,test
img07318,3847,images/img07318.jpg,38.0,39.505759284098666,1.5057592840986658,test
img07335,3856,images/img07335.jpg,42.0,47.50224475929482,5.502244759294818,test
img07336,3856,images/img07336.jpg,42.0,49.76380489691395,7.763804896913953,test
img07371,3874,images/img07371.jpg,42.0,50.14094780003543,8.140947800035427,test
img07372,3874,images/img07372.jpg,42.0,47.091158787676434,5.091158787676434,test
img07408,3893,images/img07408.jpg,57.0,57.43651853540736,0.4365185354073588,test
img07409,3893,images/img07409.jpg,57.0,58.037239235595216,1.0372392355952158,test
img07414,3896,images/img07414.jpg,42.0,47.447413229180405,5.447413229180405,test
img07419,3899,images/img07419.jpg,73.0,79.02079901548335,6.020799015483348,test
img07420,3899,images/img07420.jpg,73.0,78.27536896595393,5.2753689659539305,test
img07454,3917,images/img07454.jpg,87.0,83.54644405387333,3.45355594612667,test
img07455,3917,images/img07455.jpg,87.0,85.40332173902968,1.5966782609703216,test
img07470,3925,images/img07470.jpg,72.0,60.11461428865079,11.885385711349215,test
img07471,3925,images/img07471.jpg,72.0,65.41646667563357,6.583533324366428,test
img07494,3938,images/img07494.jpg,82.0,70.4815090936595,11.518490906340505,test
img07495,3938,images/img07495.jpg,82.0,77.73108237974819,4.268917620251813,test
img07562,3974,images/img07562.jpg,57.0,71.96139656115494,14.961396561154942,test
img07563,3974,images/img07563.jpg,57.0,65.37425950658287,8.374259506582874,test
img07593,3990,images/img07593.jpg,82.0,77.4681667415164,4.531833258483601,test
img07594,3990,images/img07594.jpg,82.0,78.67192364416702,3.3280763558329767,test
img07639,4013,images/img07639.jpg,65.0,55.55667654800118,9.443323451998822,test
img07640,4013,images/img07640.jpg,71.0,66.18474883086458,4.815251169135422,test
img07641,4013,images/img07641.jpg,71.0,73.60014779732961,2.600147797329612,test
img07649,4018,images/img07649.jpg,64.0,57.56152137218787,6.438478627812131,test
img07650,4018,images/img07650.jpg,64.0,67.09319405768528,3.093194057685281,test
img07701,4045,images/img07701.jpg,38.0,61.40230184367591,23.402301843675907,test
img07702,4045,images/img07702.jpg,38.0,67.75214633417464,29.75214633417464,test
img07712,4050,images/img07712.jpg,44.0,58.84700323577601,14.847003235776008,test
img07727,4059,images/img07727.jpg,65.0,60.107897764301,4.892102235698999,test
img07762,4078,images/img07762.jpg,48.0,52.92428514248721,4.924285142487207,test
img07844,4121,images/img07844.jpg,73.0,61.12722344524603,11.872776554753967,test
img07845,4121,images/img07845.jpg,73.0,53.41200394676967,19.587996053230327,test
img07848,4123,images/img07848.jpg,12.0,18.55550040765204,6.5555004076520405,test
img07867,4133,images/img07867.jpg,58.0,58.28526586019979,0.285265860199793,test
img07868,4133,images/img07868.jpg,58.0,67.4429899042068,9.442989904206796,test
img07869,4134,images/img07869.jpg,13.0,23.44869643040789,10.448696430407892,test
img07870,4134,images/img07870.jpg,13.0,20.894161795116105,7.894161795116105,test
img07897,4148,images/img07897.jpg,27.0,44.02338070153527,17.023380701535267,test
img07898,4148,images/img07898.jpg,27.0,32.52422423344416,5.524224233444159,test
img07937,4169,images/img07937.jpg,65.0,67.58808144434188,2.5880814443418814,test
img07938,4169,images/img07938.jpg,65.0,64.7456338343956,0.2543661656043952,test
img07965,4184,images/img07965.jpg,79.0,73.24136204901134,5.758637950988657,test
img07966,4184,images/img07966.jpg,79.0,80.00838166182683,1.0083816618268315,test
img08005,4205,images/img08005.jpg,58.0,73.57237213082962,15.57237213082962,test
img08013,4209,images/img08013.jpg,65.0,69.37276180946394,4.372761809463938,test
img08059,4232,images/img08059.jpg,61.0,60.82757141254657,0.1724285874534317,test
img08060,4232,images/img08060.jpg,61.0,58.76937849292339,2.230621507076613,test
img08087,4246,images/img08087.jpg,60.0,48.22141290960483,11.77858709039517,test
img08088,4246,images/img08088.jpg,60.0,56.50489190669756,3.495108093302441,test
img08089,4247,images/img08089.jpg,63.0,69.26608593121027,6.26608593121027,test
img08090,4247,images/img08090.jpg,63.0,69.55528855270143,6.555288552701427,test
img08101,4253,images/img08101.jpg,63.0,57.62365201711258,5.376347982887417,test
img08102,4253,images/img08102.jpg,63.0,57.09851297153957,5.90148702846043,test
img08114,4260,images/img08114.jpg,71.0,57.50185707459356,13.49814292540644,test
img08115,4260,images/img08115.jpg,71.0,55.02892116208169,15.971078837918313,test
img08143,4275,images/img08143.jpg,64.0,64.06134176980768,0.061341769807683,test
img08167,4287,images/img08167.jpg,52.0,53.61400299397781,1.614002993977813,test
img08168,4287,images/img08168.jpg,52.0,62.65782157133594,10.657821571335944,test
img08176,4291,images/img08176.jpg,72.0,66.39901342830406,5.600986571695941,test
img08201,4305,images/img08201.jpg,46.0,39.02036238942742,6.979637610572581,test
img08202,4305,images/img08202.jpg,46.0,33.29485392763155,12.70514607236845,test
img08215,4312,images/img08215.jpg,33.0,39.12447860499553,6.124478604995531,test
img08216,4312,images/img08216.jpg,33.0,45.2085503305814,12.208550330581405,test
img08232,4321,images/img08232.jpg,59.0,66.1976638396086,7.197663839608595,test
img08233,4321,images/img08233.jpg,59.0,65.86219643295189,6.86219643295189,test
img08251,4331,images/img08251.jpg,60.0,61.73051505503952,1.7305150550395183,test
img08252,4331,images/img08252.jpg,60.0,74.09724039828114,14.097240398281144,test
img08299,4357,images/img08299.jpg,45.0,39.12146852020128,5.878531479798724,test
img08300,4357,images/img08300.jpg,45.0,38.18167424179784,6.818325758202164,test
img08304,4359,images/img08304.jpg,63.0,54.32432465776298,8.675675342237021,test
img08365,4392,images/img08365.jpg,17.0,26.136043422973,9.136043422972996,test
img08366,4392,images/img08366.jpg,17.0,22.661085931783376,5.661085931783376,test
img08369,4394,images/img08369.jpg,22.0,23.26617623083299,1.2661762308329898,test
img08370,4394,images/img08370.jpg,22.0,25.545117972223284,3.5451179722232844,test
img08375,4398,images/img08375.jpg,19.0,29.646644244324108,10.646644244324108,test
img08376,4398,images/img08376.jpg,19.0,21.512753851322543,2.512753851322543,test
img08391,4406,images/img08391.jpg,39.0,41.9087394218312,2.9087394218312,test
img08392,4406,images/img08392.jpg,39.0,38.79145852814979,0.2085414718502107,test
img08508,4471,images/img08508.jpg,18.0,25.203523516155663,7.203523516155663,test
img08509,4471,images/img08509.jpg,18.0,16.54157918262866,1.4584208173713409,test
img08522,4478,images/img08522.jpg,69.0,66.30880140514245,2.6911985948575534,test
img08523,4478,images/img08523.jpg,69.0,67.51624947880254,1.4837505211974644,test
img08632,4537,images/img08632.jpg,49.0,46.41095923873721,2.589040761262787,test
img08633,4537,images/img08633.jpg,49.0,49.87496754648775,0.8749675464877456,test
img08640,4541,images/img08640.jpg,73.0,81.1036184639821,8.103618463982102,test
img08659,4551,images/img08659.jpg,63.0,52.94482515407146,10.05517484592854,test
img08660,4551,images/img08660.jpg,63.0,54.82910742552808,8.170892574471921,test
img08690,4567,images/img08690.jpg,65.0,65.29917152359671,0.299171523596712,test
img08691,4567,images/img08691.jpg,65.0,68.9934355042562,3.9934355042561975,test
img08733,4589,images/img08733.jpg,12.0,27.878915237157507,15.878915237157509,test
img08734,4589,images/img08734.jpg,12.0,24.532715213652423,12.532715213652423,test
img08745,4595,images/img08745.jpg,14.0,19.82960822687441,5.829608226874406,test
img08746,4595,images/img08746.jpg,14.0,18.33083902095762,4.330839020957619,test
img08786,4616,images/img08786.jpg,53.0,52.99761942389759,0.0023805761024107,test
img08787,4616,images/img08787.jpg,53.0,54.70629105817567,1.7062910581756725,test
img08832,4640,images/img08832.jpg,71.0,62.09712675117024,8.902873248829763,test
img08833,4640,images/img08833.jpg,71.0,71.29110193616552,0.2911019361655178,test
img08834,4641,images/img08834.jpg,76.0,73.26457678268179,2.735423217318214,test
img08835,4641,images/img08835.jpg,76.0,75.91337287767182,0.0866271223281813,test
img08845,4647,images/img08845.jpg,76.0,60.31606475881127,15.683935241188728,test
img08846,4647,images/img08846.jpg,76.0,64.34444842428526,11.65555157571474,test
img08896,4673,images/img08896.jpg,63.0,64.59569780271846,1.5956978027184618,test
img08897,4673,images/img08897.jpg,63.0,69.128905679154,6.128905679154002,test
img08911,4681,images/img08911.jpg,69.0,66.85840744373367,2.141592556266332,test
img08912,4681,images/img08912.jpg,69.0,74.47258706601995,5.472587066019955,test
img08940,4696,images/img08940.jpg,89.0,75.93351645236379,13.06648354763621,test
img08983,4719,images/img08983.jpg,71.0,75.75032879920407,4.75032879920407,test
img08984,4719,images/img08984.jpg,71.0,74.50579397247479,3.505793972474791,test
img08987,4721,images/img08987.jpg,64.0,71.03963007320404,7.039630073204037,test
img08988,4721,images/img08988.jpg,64.0,74.70880674208013,10.708806742080128,test
img08999,4727,images/img08999.jpg,43.0,52.5990572045305,9.599057204530505,test
img09027,4742,images/img09027.jpg,71.0,65.86699075641404,5.13300924358596,test
img09028,4742,images/img09028.jpg,71.0,67.85013986277357,3.149860137226426,test
img09083,4771,images/img09083.jpg,68.0,60.97761132486741,7.022388675132589,test
img09108,4785,images/img09108.jpg,57.0,58.57049095727975,1.5704909572797447,test
img09109,4785,images/img09109.jpg,57.0,54.8396541737175,2.160345826282501,test
img09114,4788,images/img09114.jpg,83.0,73.5044096511055,9.495590348894495,test
img09115,4788,images/img09115.jpg,83.0,77.00290796848495,5.997092031515052,test
img09129,4796,images/img09129.jpg,69.0,75.92534996144373,6.925349961443729,test
img09130,4796,images/img09130.jpg,69.0,70.93233909066633,1.932339090666332,test
img09131,4797,images/img09131.jpg,78.0,69.09886590539571,8.901134094604288,test
img09132,4797,images/img09132.jpg,78.0,76.6758513494852,1.3241486505148004,test
img09155,4809,images/img09155.jpg,76.0,80.83471973691653,4.834719736916526,test
img09156,4809,images/img09156.jpg,76.0,82.61562331811014,6.6156233181101385,test
img09177,4820,images/img09177.jpg,71.0,72.6273658251683,1.6273658251682974,test
img09178,4820,images/img09178.jpg,71.0,64.0572034485208,6.942796551479205,test
img09180,4821,images/img09180.jpg,70.0,67.09076635886208,2.9092336411379165,test
img09232,4849,images/img09232.jpg,52.0,56.91515630784436,4.915156307844363,test
img09233,4849,images/img09233.jpg,52.0,53.65571857037597,1.6557185703759671,test
img09248,4857,images/img09248.jpg,71.0,74.85787137602154,3.857871376021535,test
img09249,4857,images/img09249.jpg,71.0,64.84879140339338,6.151208596606622,test
img09272,4869,images/img09272.jpg,47.0,41.58798871235334,5.412011287646664,test
img09273,4869,images/img09273.jpg,47.0,40.66539117925269,6.334608820747306,test
img09290,4879,images/img09290.jpg,75.0,79.87005954064752,4.870059540647517,test
img09291,4879,images/img09291.jpg,75.0,78.75646558368905,3.7564655836890495,test
img09325,4897,images/img09325.jpg,51.0,61.94118445518762,10.941184455187615,test
img09326,4897,images/img09326.jpg,51.0,55.73370838689982,4.733708386899821,test
img09353,4911,images/img09353.jpg,59.0,64.54022172183834,5.540221721838336,test
img09354,4911,images/img09354.jpg,59.0,61.85723471713055,2.8572347171305523,test
img09359,4914,images/img09359.jpg,23.0,24.370816276139003,1.3708162761390028,test
img09360,4914,images/img09360.jpg,23.0,24.432163112978365,1.4321631129783654,test
img09367,4918,images/img09367.jpg,11.0,24.560386181550875,13.560386181550877,test
img09368,4918,images/img09368.jpg,11.0,21.30033347612475,10.300333476124749,test
img09385,4928,images/img09385.jpg,83.0,80.95387983279329,2.046120167206709,test
img09386,4928,images/img09386.jpg,83.0,77.52728218941044,5.4727178105895575,test
img09404,4938,images/img09404.jpg,87.0,70.55598251766683,16.444017482333166,test
img09405,4938,images/img09405.jpg,87.0,76.37763919520951,10.622360804790487,test
img09408,4940,images/img09408.jpg,59.0,61.25122503348617,2.251225033486172,test
img09409,4940,images/img09409.jpg,59.0,59.00156645486648,0.0015664548664773,test
img09417,4945,images/img09417.jpg,83.0,76.67373120280403,6.326268797195965,test
img09418,4945,images/img09418.jpg,83.0,73.55382302859026,9.44617697140974,test
img09441,4957,images/img09441.jpg,59.0,55.97746104554496,3.022538954455044,test
img09442,4957,images/img09442.jpg,59.0,59.25359589241168,0.2535958924116741,test
img09530,5003,images/img09530.jpg,64.0,58.07938028638843,5.920619713611572,test
img09531,5003,images/img09531.jpg,64.0,59.87790029341199,4.12209970658801,test
img09537,5007,images/img09537.jpg,67.0,57.633263566855966,9.366736433144034,test
img09538,5007,images/img09538.jpg,67.0,54.83103371620484,12.168966283795164,test
img09543,5010,images/img09543.jpg,50.0,49.308550293381664,0.6914497066183358,test
img09544,5010,images/img09544.jpg,50.0,45.4755982917427,4.524401708257301,test
img09546,5012,images/img09546.jpg,40.0,36.444336184948845,3.5556638150511546,test
img09555,5016,images/img09555.jpg,61.0,46.24878655800519,14.751213441994809,test
img09556,5017,images/img09556.jpg,66.0,62.69728367392754,3.3027163260724635,test
img09557,5017,images/img09557.jpg,66.0,66.63243732452001,0.6324373245200121,test
img09585,5032,images/img09585.jpg,66.0,59.22965862932956,6.770341370670437,test
img09586,5032,images/img09586.jpg,66.0,62.27878809502938,3.721211904970616,test
img09605,5043,images/img09605.jpg,56.0,57.902401205769465,1.9024012057694648,test
img09628,5055,images/img09628.jpg,59.0,65.72070936029688,6.72070936029688,test
img09629,5055,images/img09629.jpg,59.0,53.526019087930194,5.4739809120698055,test
img09654,5068,images/img09654.jpg,69.0,63.57357388805573,5.4264261119442665,test
img09655,5068,images/img09655.jpg,69.0,58.080715193558056,10.919284806441944,test
img09687,5085,images/img09687.jpg,53.0,50.44280586498763,2.5571941350123666,test
img09688,5085,images/img09688.jpg,53.0,51.103099047004,1.896900952995999,test
img09737,5112,images/img09737.jpg,83.0,70.05145740661646,12.948542593383536,test
img09738,5112,images/img09738.jpg,83.0,81.29483519114736,1.7051648088526434,test
img09743,5115,images/img09743.jpg,85.0,77.56103003863991,7.438969961360087,test
img09744,5115,images/img09744.jpg,85.0,77.49119825263415,7.508801747365851,test
img09746,5117,images/img09746.jpg,82.0,74.48732121296572,7.512678787034275,test
img09747,5118,images/img09747.jpg,80.0,69.62845324418953,10.37154675581047,test
img09769,5130,images/img09769.jpg,74.0,70.98255406681912,3.0174459331808805,test
img09770,5130,images/img09770.jpg,74.0,71.81498320117544,2.185016798824563,test
img09799,5146,images/img09799.jpg,28.0,33.47381873719584,5.473818737195842,test
img09800,5146,images/img09800.jpg,28.0,31.641737170837363,3.641737170837363,test
img09845,5170,images/img09845.jpg,60.0,59.20088859876756,0.7991114012324445,test
img09846,5170,images/img09846.jpg,60.0,53.7284707384679,6.271529261532102,test
img09851,5173,images/img09851.jpg,63.0,54.96365576195764,8.03634423804236,test
img09852,5173,images/img09852.jpg,63.0,49.64387864720821,13.356121352791789,test
img09853,5174,images/img09853.jpg,57.0,55.33531671173915,1.6646832882608535,test
img09854,5174,images/img09854.jpg,57.0,49.2922156756259,7.707784324374103,test
img09855,5175,images/img09855.jpg,76.0,72.45964957160686,3.54035042839314,test
img09856,5175,images/img09856.jpg,76.0,68.41407815836614,7.585921841633862,test
img09912,5204,images/img09912.jpg,57.0,50.979678481471886,6.020321518528114,test
img09913,5204,images/img09913.jpg,57.0,64.1555263414704,7.155526341470406,test
img09928,5212,images/img09928.jpg,67.0,63.0734155811779,3.9265844188221024,test
img09929,5212,images/img09929.jpg,67.0,64.9200224425843,2.0799775574157024,test
img09938,5217,images/img09938.jpg,62.0,74.96648963145583,12.96648963145583,test
img09939,5217,images/img09939.jpg,62.0,66.51287424808835,4.512874248088352,test
img09943,5220,images/img09943.jpg,72.0,70.57679136472274,1.4232086352772626,test
img09944,5220,images/img09944.jpg,72.0,65.20572093275518,6.794279067244816,test
img10002,5251,images/img10002.jpg,79.0,72.36741228487172,6.632587715128281,test
img10003,5251,images/img10003.jpg,79.0,71.91507506424689,7.084924935753108,test
img10036,5268,images/img10036.jpg,53.0,50.6420309445602,2.3579690554398027,test
img10040,5270,images/img10040.jpg,80.0,77.00142037585474,2.9985796241452647,test
img10052,5277,images/img10052.jpg,22.0,22.77666010055744,0.7766601005574358,test
img10053,5277,images/img10053.jpg,22.0,25.15195291123502,3.1519529112350213,test
img10062,5282,images/img10062.jpg,25.0,29.36436154602843,4.36436154602843,test
img10063,5282,images/img10063.jpg,25.0,26.646708670759462,1.646708670759466,test
img10079,5292,images/img10079.jpg,65.0,60.10961274920642,4.89038725079358,test
img10090,5298,images/img10090.jpg,15.0,24.40471462960818,9.40471462960818,test
img10091,5298,images/img10091.jpg,15.0,15.309717249127353,0.3097172491273525,test
img10106,5306,images/img10106.jpg,62.0,59.67272620658166,2.3272737934183425,test
img10107,5306,images/img10107.jpg,62.0,60.31886217457114,1.6811378254288556,test
img10111,5308,images/img10111.jpg,57.0,48.876082358924975,8.123917641075025,test
img10148,5327,images/img10148.jpg,87.0,76.86597528499689,10.134024715003108,test
img10149,5327,images/img10149.jpg,87.0,81.17481569424962,5.825184305750383,test
img10156,5331,images/img10156.jpg,50.0,51.10000880234295,1.1000088023429484,test
img10157,5331,images/img10157.jpg,50.0,51.84774385702188,1.8477438570218825,test
img10178,5342,images/img10178.jpg,75.0,79.32594308966928,4.3259430896692805,test
img10179,5342,images/img10179.jpg,75.0,69.64070952423221,5.359290475767793,test
img10186,5346,images/img10186.jpg,61.0,66.70500218027013,5.705002180270128,test
img10187,5346,images/img10187.jpg,61.0,62.66396116276682,1.6639611627668245,test
img10327,5419,images/img10327.jpg,76.0,83.71014031737982,7.710140317379825,test
img10328,5419,images/img10328.jpg,76.0,56.49608890826372,19.503911091736285,test
img10331,5421,images/img10331.jpg,68.0,66.95929654303143,1.040703456968572,test
img10332,5421,images/img10332.jpg,68.0,58.76703040866179,9.232969591338213,test
img10345,5428,images/img10345.jpg,90.0,81.7897738364943,8.210226163505695,test
img10346,5428,images/img10346.jpg,90.0,82.00915012503185,7.990849874968148,test
img10349,5430,images/img10349.jpg,72.0,73.8960653072549,1.8960653072549007,test
img10350,5430,images/img10350.jpg,72.0,71.89231620573732,0.1076837942626838,test
img10369,5440,images/img10369.jpg,82.0,67.71378411220442,14.286215887795578,test
img10371,5442,images/img10371.jpg,75.0,77.54416047646691,2.5441604764669137,test
img10372,5442,images/img10372.jpg,75.0,77.25536247144629,2.25536247144629,test
img10382,5448,images/img10382.jpg,63.0,57.57138580722533,5.428614192774667,test
img10384,5450,images/img10384.jpg,63.0,70.89151863278082,7.891518632780816,test
img10385,5450,images/img10385.jpg,63.0,71.25757439024346,8.257574390243462,test
img10433,5475,images/img10433.jpg,61.0,69.42836767298556,8.428367672985559,test
img10434,5475,images/img10434.jpg,61.0,61.00069027753899,0.0006902775389932,test
img10449,5484,images/img10449.jpg,72.0,61.73067319355226,10.269326806447737,test
img10463,5491,images/img10463.jpg,16.0,19.804886269585964,3.804886269585964,test
img10464,5491,images/img10464.jpg,16.0,21.606142822674627,5.606142822674627,test
img10479,5500,images/img10479.jpg,61.0,73.15378275943425,12.15378275943425,test
img10480,5500,images/img10480.jpg,61.0,77.23709692791942,16.237096927919424,test
img10526,5524,images/img10526.jpg,25.0,31.14467619758839,6.144676197588389,test
img10539,5531,images/img10539.jpg,61.0,64.62682055263642,3.626820552636417,test
img10540,5531,images/img10540.jpg,61.0,63.710305899224174,2.710305899224174,test
img10587,5555,images/img10587.jpg,13.0,19.119459424842823,6.119459424842823,test
img10588,5555,images/img10588.jpg,13.0,16.15932022596739,3.159320225967392,test
img10595,5559,images/img10595.jpg,36.0,44.55704910456824,8.557049104568243,test
img10619,5572,images/img10619.jpg,31.0,45.99055400097141,14.990554000971407,test
img10620,5572,images/img10620.jpg,31.0,40.78450765071217,9.784507650712172,test
img10625,5575,images/img10625.jpg,38.0,40.97533284873208,2.97533284873208,test
img10640,5583,images/img10640.jpg,81.0,81.1479365095253,0.1479365095252944,test
img10641,5583,images/img10641.jpg,81.0,76.39217485105654,4.607825148943462,test
img10644,5585,images/img10644.jpg,35.0,54.554215794134805,19.554215794134805,test
img10659,5593,images/img10659.jpg,66.0,60.2854382366402,5.714561763359804,test
img10660,5593,images/img10660.jpg,66.0,58.8958004183663,7.104199581633701,test
img10665,5596,images/img10665.jpg,85.0,61.86635549217922,23.133644507820776,test
img10666,5596,images/img10666.jpg,85.0,60.04818275332157,24.95181724667843,test
img10680,5605,images/img10680.jpg,53.0,48.96634236894565,4.0336576310543535,test
img10681,5605,images/img10681.jpg,53.0,52.47071035167388,0.5292896483261202,test
img10747,5640,images/img10747.jpg,76.0,48.35418873142865,27.64581126857135,test
img10748,5640,images/img10748.jpg,76.0,56.81819170202552,19.18180829797448,test
img10753,5643,images/img10753.jpg,62.0,51.6951211065438,10.304878893456204,test
img10754,5643,images/img10754.jpg,62.0,59.02033286123455,2.97966713876545,test
img10758,5645,images/img10758.jpg,80.0,76.0972563402876,3.9027436597124,test
img10763,5648,images/img10763.jpg,78.0,70.25367403060592,7.7463259693940785,test
img10764,5648,images/img10764.jpg,78.0,68.17902761668981,9.820972383310192,test
img10772,5653,images/img10772.jpg,65.0,54.23004220381391,10.769957796186093,test
img10773,5653,images/img10773.jpg,65.0,63.8536246521009,1.1463753478991023,test
img10822,5678,images/img10822.jpg,55.0,56.49607929725928,1.4960792972592785,test
img10823,5678,images/img10823.jpg,55.0,58.12593094781366,3.125930947813657,test
img10850,5693,images/img10850.jpg,68.0,52.98134260849477,15.018657391505236,test
img10851,5693,images/img10851.jpg,68.0,52.34356971395582,15.656430286044175,test
img10852,5694,images/img10852.jpg,59.0,62.93075882883382,3.9307588288338167,test
img10853,5694,images/img10853.jpg,59.0,61.96986532834676,2.9698653283467564,test
img10869,5704,images/img10869.jpg,80.0,72.055345015659,7.944654984341,test
img10870,5704,images/img10870.jpg,80.0,73.92028013069213,6.079719869307866,test
img10918,5730,images/img10918.jpg,65.0,55.109908529550935,9.890091470449065,test
img10919,5730,images/img10919.jpg,65.0,68.47705327658151,3.4770532765815148,test
img10953,5749,images/img10953.jpg,48.0,44.53223989844519,3.467760101554809,test
img10954,5749,images/img10954.jpg,48.0,43.48302685654984,4.516973143450159,test
img10985,5766,images/img10985.jpg,59.0,64.2559028538648,5.2559028538647965,test
img10986,5766,images/img10986.jpg,59.0,56.67174664618031,2.32825335381969,test
img11007,5778,images/img11007.jpg,71.0,70.37882484958952,0.6211751504104797,test
img11020,5785,images/img11020.jpg,51.0,38.66723799986529,12.332762000134707,test
img11021,5785,images/img11021.jpg,51.0,55.10476739197119,4.104767391971187,test
img11029,5790,images/img11029.jpg,81.0,66.53133501088266,14.468664989117345,test
img11030,5790,images/img11030.jpg,81.0,76.18532749516983,4.81467250483017,test
img11040,5796,images/img11040.jpg,49.0,52.69141064127673,3.691410641276733,test
img11041,5796,images/img11041.jpg,49.0,50.90087969648846,1.90087969648846,test
img11054,5805,images/img11054.jpg,73.0,75.33030418447927,2.3303041844792745,test
img11055,5805,images/img11055.jpg,73.0,76.95652212556135,3.956522125561349,test
img11059,5808,images/img11059.jpg,77.0,56.094609237826006,20.905390762173997,test
img11091,5826,images/img11091.jpg,58.0,63.039729351437884,5.0397293514378845,test
img11092,5826,images/img11092.jpg,58.0,57.56857360006147,0.4314263999385304,test
img11103,5832,images/img11103.jpg,72.0,72.45525004912136,0.4552500491213607,test
img11158,5864,images/img11158.jpg,84.0,82.06010780688932,1.93989219311068,test
img11159,5864,images/img11159.jpg,84.0,73.37848667993555,10.621513320064452,test
img11173,5872,images/img11173.jpg,61.0,61.08425530276592,0.0842553027659178,test
img11174,5872,images/img11174.jpg,61.0,59.2014739839173,1.7985260160826968,test
img11195,5883,images/img11195.jpg,65.0,55.81005643391466,9.18994356608534,test
img11196,5883,images/img11196.jpg,65.0,60.17605191880867,4.8239480811913324,test
img11201,5886,images/img11201.jpg,74.0,69.54731837165926,4.452681628340741,test
img11202,5886,images/img11202.jpg,74.0,65.17167371096195,8.828326289038046,test
img11228,5902,images/img11228.jpg,59.0,66.52039182580096,7.5203918258009566,test
img11229,5902,images/img11229.jpg,59.0,50.7695265759741,8.230473424025902,test
img11255,5916,images/img11255.jpg,79.0,71.54844673630708,7.451553263692915,test
img11256,5916,images/img11256.jpg,79.0,69.65591699610577,9.344083003894228,test
img11291,5935,images/img11291.jpg,77.0,70.91683824458636,6.0831617554136415,test
img11337,5961,images/img11337.jpg,54.0,62.15472679586806,8.154726795868058,test
img11338,5961,images/img11338.jpg,54.0,58.47529913871926,4.475299138719258,test
img11345,5965,images/img11345.jpg,64.0,76.03100830016368,12.031008300163675,test
img11346,5965,images/img11346.jpg,64.0,73.75421506132581,9.754215061325809,test
img11349,5967,images/img11349.jpg,30.0,32.54645741772518,2.546457417725179,test
img11350,5967,images/img11350.jpg,30.0,21.680350137736383,8.319649862263617,test
img11356,5971,images/img11356.jpg,68.0,69.1664368559745,1.1664368559744958,test
img11357,5971,images/img11357.jpg,68.0,60.28945168303253,7.7105483169674685,test
img11371,5979,images/img11371.jpg,74.0,63.5310319016022,10.468968098397802,test
img11372,5979,images/img11372.jpg,74.0,59.0202178018339,14.9797821981661,test
img11382,5985,images/img11382.jpg,74.0,57.349928020513815,16.650071979486185,test
img11383,5985,images/img11383.jpg,74.0,69.33102851064625,4.668971489353751,test
img11394,5991,images/img11394.jpg,81.0,83.36434046748371,2.3643404674837143,test
img11395,5991,images/img11395.jpg,81.0,81.72082326371816,0.7208232637181595,test
img11402,5996,images/img11402.jpg,61.0,50.85511004845935,10.144889951540648,test
img11432,6013,images/img11432.jpg,44.0,42.4715118548712,1.5284881451288044,test
img11433,6013,images/img11433.jpg,44.0,43.45593609340158,0.5440639065984172,test
img11440,6017,images/img11440.jpg,35.0,38.0518392510058,3.051839251005795,test
img11441,6017,images/img11441.jpg,35.0,27.61810883950255,7.3818911604974495,test
img11472,6034,images/img11472.jpg,56.0,57.08231880395859,1.082318803958593,test
img11473,6034,images/img11473.jpg,56.0,67.78044876551363,11.780448765513626,test
img11489,6043,images/img11489.jpg,46.0,61.79954524237725,15.799545242377247,test
img11496,6047,images/img11496.jpg,43.0,40.65255796629112,2.34744203370888,test
img11497,6047,images/img11497.jpg,43.0,46.79550193364456,3.795501933644559,test
img11500,6050,images/img11500.jpg,79.0,85.89321085807322,6.893210858073218,test
img11525,6064,images/img11525.jpg,81.0,78.49327729284907,2.506722707150928,test
img11526,6064,images/img11526.jpg,81.0,80.04243270075658,0.957567299243422,test
img11527,6065,images/img11527.jpg,71.0,68.16355076403937,2.836449235960629,test
img11528,6065,images/img11528.jpg,71.0,63.46763962489631,7.532360375103693,test
img11544,6074,images/img11544.jpg,79.0,69.00029762509874,9.99970237490126,test
img11545,6074,images/img11545.jpg,79.0,68.3773791173058,10.622620882694209,test
img11568,6086,images/img11568.jpg,77.0,70.59883260156761,6.401167398432392,test
img11569,6086,images/img11569.jpg,77.0,71.98822775902023,5.011772240979767,test
img11603,6105,images/img11603.jpg,77.0,74.86917664376689,2.1308233562331083,test
img11604,6105,images/img11604.jpg,77.0,78.44415401773941,1.4441540177394074,test
img11621,6114,images/img11621.jpg,62.0,66.70397591585295,4.703975915852951,test
img11622,6114,images/img11622.jpg,62.0,65.24205625523624,3.2420562552362355,test
img11628,6118,images/img11628.jpg,31.0,36.256602867505634,5.256602867505634,test
img11629,6118,images/img11629.jpg,31.0,34.37465422972239,3.3746542297223883,test
img11674,6145,images/img11674.jpg,36.0,39.46328000774501,3.4632800077450128,test
img11675,6145,images/img11675.jpg,36.0,37.839244378138766,1.8392443781387653,test
img11681,6149,images/img11681.jpg,19.0,29.308280176358146,10.308280176358142,test
img11687,6153,images/img11687.jpg,82.0,81.68341096343482,0.3165890365651762,test
img11688,6153,images/img11688.jpg,82.0,77.59262284165436,4.407377158345639,test
img11689,6154,images/img11689.jpg,50.0,56.27209517964357,6.272095179643564,test
img11690,6154,images/img11690.jpg,50.0,53.66736710775503,3.6673671077550263,test
img11717,6168,images/img11717.jpg,69.0,72.7062038721273,3.706203872127304,test
img11718,6168,images/img11718.jpg,69.0,68.40691066660243,0.5930893333975717,test
img11721,6170,images/img11721.jpg,78.0,70.78144004997712,7.218559950022879,test
img11722,6170,images/img11722.jpg,78.0,66.8799938960281,11.120006103971903,test
img11757,6189,images/img11757.jpg,75.0,65.53787561022259,9.462124389777417,test
img11758,6189,images/img11758.jpg,75.0,69.66013765848032,5.339862341519677,test
img11814,6218,images/img11814.jpg,22.0,21.973296824843004,0.0267031751569959,test
img11815,6218,images/img11815.jpg,22.0,21.68034141285292,0.3196585871470816,test
img11839,6231,images/img11839.jpg,44.0,52.3753135665152,8.375313566515196,test
img11840,6231,images/img11840.jpg,44.0,47.45815683255293,3.4581568325529304,test
img11857,6240,images/img11857.jpg,76.0,71.08984177752554,4.910158222474465,test
img11879,6252,images/img11879.jpg,61.0,51.2050165919398,9.794983408060205,test
img11880,6252,images/img11880.jpg,61.0,55.24349331166321,5.756506688336792,test
img11891,6258,images/img11891.jpg,58.0,65.25828181194872,7.25828181194872,test
img11892,6258,images/img11892.jpg,58.0,77.41676409060238,19.416764090602385,test
img11893,6259,images/img11893.jpg,61.0,72.60084872310763,11.600848723107632,test
img11894,6259,images/img11894.jpg,61.0,74.21207513318183,13.212075133181829,test
img11946,6287,images/img11946.jpg,25.0,27.40483778816725,2.404837788167246,test
img11947,6287,images/img11947.jpg,25.0,32.88394027246153,7.88394027246153,test
img11962,6295,images/img11962.jpg,31.0,37.195725329882535,6.195725329882535,test
img11963,6295,images/img11963.jpg,31.0,42.5809306183631,11.580930618363098,test
img11980,6304,images/img11980.jpg,24.0,22.36936727202398,1.630632727976021,test
img11981,6304,images/img11981.jpg,24.0,22.634252552697237,1.3657474473027662,test
img12012,6320,images/img12012.jpg,18.0,13.714642779561451,4.285357220438549,test
img12013,6321,images/img12013.jpg,12.0,16.49854369495433,4.4985436949543285,test
img12014,6321,images/img12014.jpg,12.0,18.37793594188333,6.3779359418833295,test
img12019,6324,images/img12019.jpg,57.0,46.4903502251856,10.509649774814406,test
img12148,6391,images/img12148.jpg,49.0,60.37863416994568,11.378634169945684,test
img12151,6394,images/img12151.jpg,73.0,69.56880230657302,3.4311976934269808,test
img12152,6394,images/img12152.jpg,73.0,66.99999703376935,6.000002966230653,test
img12216,6430,images/img12216.jpg,64.0,58.11882793839179,5.881172061608211,test
img12217,6430,images/img12217.jpg,64.0,52.36717761268726,11.632822387312745,test
img12234,6439,images/img12234.jpg,48.0,50.129356792356695,2.1293567923566954,test
img12235,6439,images/img12235.jpg,48.0,51.9701337956951,3.970133795695098,test
img12278,6462,images/img12278.jpg,60.0,72.23978578020589,12.239785780205892,test
img12279,6462,images/img12279.jpg,60.0,50.341119529463576,9.658880470536424,test
img12305,6476,images/img12305.jpg,78.0,70.5601704617284,7.439829538271596,test
img12308,6478,images/img12308.jpg,80.0,64.43614804007709,15.563851959922914,test
img12309,6478,images/img12309.jpg,80.0,60.489648769153234,19.51035123084677,test
img12316,6483,images/img12316.jpg,83.0,71.89996465670184,11.10003534329816,test
img12317,6483,images/img12317.jpg,83.0,79.27024343365044,3.7297565663495647,test
img12318,6484,images/img12318.jpg,66.0,73.02373946204956,7.023739462049562,test
img12319,6484,images/img12319.jpg,66.0,67.66833074120079,1.6683307412007906,test
img12392,6523,images/img12392.jpg,79.0,74.65038274120039,4.349617258799611,test
img12393,6523,images/img12393.jpg,79.0,82.18554327519584,3.1855432751958404,test
img12394,6524,images/img12394.jpg,64.0,65.9704013470322,1.970401347032194,test
img12395,6524,images/img12395.jpg,64.0,68.14757659303162,4.147576593031616,test
img12397,6526,images/img12397.jpg,71.0,75.5727621522145,4.572762152214494,test
img12400,6528,images/img12400.jpg,65.0,63.015218972573386,1.9847810274266136,test
img12401,6528,images/img12401.jpg,65.0,65.65789347120467,0.6578934712046731,test
img12412,6534,images/img12412.jpg,67.0,53.59317996898628,13.406820031013725,test
img12413,6534,images/img12413.jpg,67.0,62.026193448627446,4.9738065513725545,test
img12449,6552,images/img12449.jpg,41.0,51.20009902949875,10.200099029498752,test
img12458,6557,images/img12458.jpg,38.0,35.10121017510351,2.8987898248964896,test
img12459,6557,images/img12459.jpg,38.0,40.98557040886383,2.985570408863829,test
img12468,6562,images/img12468.jpg,33.0,34.304242238966424,1.304242238966424,test
img12469,6562,images/img12469.jpg,33.0,37.4623054191682,4.462305419168203,test
img12525,6591,images/img12525.jpg,66.0,56.17724642622731,9.822753573772689,test
img12526,6591,images/img12526.jpg,66.0,61.57752858598213,4.422471414017871,test
img12527,6592,images/img12527.jpg,65.0,54.28432570218589,10.715674297814113,test
img12528,6592,images/img12528.jpg,65.0,61.19274104903265,3.807258950967352,test
img12579,6619,images/img12579.jpg,57.0,61.225325216930415,4.225325216930415,test
img12588,6624,images/img12588.jpg,73.0,68.71269820094365,4.287301799056351,test
img12589,6624,images/img12589.jpg,73.0,72.05396212163035,0.9460378783696513,test
img12604,6632,images/img12604.jpg,87.0,78.94964759085401,8.050352409145987,test
img12605,6632,images/img12605.jpg,87.0,75.03143330150223,11.968566698497767,test
img12634,6647,images/img12634.jpg,64.0,72.49639223708452,8.496392237084521,test
img12635,6647,images/img12635.jpg,64.0,64.20222300836731,0.2022230083673122,test
img12665,6663,images/img12665.jpg,29.0,35.00780157276364,6.00780157276364,test
img12666,6663,images/img12666.jpg,29.0,30.029596829220573,1.0295968292205728,test
img12676,6669,images/img12676.jpg,31.0,24.318453888044225,6.681546111955775,test
img12677,6669,images/img12677.jpg,31.0,30.169397818146624,0.8306021818533758,test
img12707,6685,images/img12707.jpg,18.0,21.234502049186126,3.2345020491861263,test
img12708,6685,images/img12708.jpg,18.0,19.06000806893549,1.0600080689354885,test
img12731,6697,images/img12731.jpg,60.0,44.08732100998359,15.91267899001641,test
img12732,6697,images/img12732.jpg,60.0,56.13989247360213,3.8601075263978686,test
img12739,6701,images/img12739.jpg,78.0,73.69973907021246,4.300260929787541,test
img12740,6701,images/img12740.jpg,78.0,77.39934486077131,0.6006551392286923,test
img12759,6711,images/img12759.jpg,56.0,51.88866574167764,4.111334258322358,test
img12760,6711,images/img12760.jpg,56.0,49.010556806497725,6.989443193502275,test
img12765,6714,images/img12765.jpg,64.0,49.87997453898427,14.120025461015729,test
img12766,6714,images/img12766.jpg,64.0,48.49913358446053,15.50086641553947,test
img12783,6723,images/img12783.jpg,69.0,70.48210565756618,1.48210565756618,test
img12784,6723,images/img12784.jpg,69.0,68.15286605363022,0.8471339463697802,test
img12791,6727,images/img12791.jpg,74.0,68.63591050159813,5.364089498401867,test
img12792,6727,images/img12792.jpg,74.0,73.14162899677225,0.8583710032277452,test
img12807,6735,images/img12807.jpg,42.0,56.03885573291705,14.03885573291705,test
img12828,6746,images/img12828.jpg,41.0,44.71781053540035,3.7178105354003534,test
img12829,6746,images/img12829.jpg,41.0,43.21585129396792,2.2158512939679227,test
img12849,6757,images/img12849.jpg,47.0,47.022553938407455,0.0225539384074551,test
img12866,6766,images/img12866.jpg,44.0,67.20488565331893,23.204885653318925,test
img12867,6766,images/img12867.jpg,44.0,45.96186985598097,1.9618698559809715,test
img12870,6768,images/img12870.jpg,40.0,40.73477581498106,0.734775814981063,test
img12871,6768,images/img12871.jpg,40.0,51.89033982869184,11.890339828691836,test
img12878,6772,images/img12878.jpg,42.0,44.41799300256773,2.4179930025677265,test
img12879,6772,images/img12879.jpg,42.0,31.09175759817293,10.90824240182707,test
img12889,6777,images/img12889.jpg,45.0,61.61677529301326,16.616775293013262,test
img12899,6783,images/img12899.jpg,55.0,58.69437176041446,3.6943717604144624,test
img12912,6790,images/img12912.jpg,46.0,44.80079617383491,1.199203826165089,test
img12913,6790,images/img12913.jpg,46.0,55.271665687708094,9.271665687708094,test
img12931,6800,images/img12931.jpg,58.0,57.01514510822992,0.9848548917700768,test
img12932,6800,images/img12932.jpg,58.0,58.406998160782095,0.4069981607820949,test
img12946,6809,images/img12946.jpg,47.0,39.94612923644547,7.053870763554528,test
img12947,6809,images/img12947.jpg,47.0,26.10513334208942,20.89486665791058,test
img12977,6826,images/img12977.jpg,58.0,55.61299239891449,2.3870076010855072,test
img12978,6826,images/img12978.jpg,58.0,62.908206095696016,4.908206095696016,test
img12997,6837,images/img12997.jpg,52.0,51.17018849307674,0.8298115069232566,test
img12998,6837,images/img12998.jpg,52.0,56.93306621012543,4.933066210125432,test
img13020,6849,images/img13020.jpg,55.0,65.28025106850502,10.280251068505024,test
img13021,6849,images/img13021.jpg,55.0,56.69604162948435,1.6960416294843483,test
img13035,6857,images/img13035.jpg,63.0,59.48710758276745,3.5128924172325497,test
img13036,6857,images/img13036.jpg,63.0,50.64526569510359,12.354734304896413,test
img13048,6864,images/img13048.jpg,73.0,69.23555320153642,3.764446798463581,test
img13049,6864,images/img13049.jpg,73.0,69.02540565848037,3.9745943415196336,test
img13064,6872,images/img13064.jpg,61.0,73.51698548000496,12.516985480004962,test
img13065,6872,images/img13065.jpg,61.0,76.11951788043986,15.119517880439858,test
img13122,6902,images/img13122.jpg,77.0,62.57643803962702,14.42356196037298,test
img13130,6907,images/img13130.jpg,62.0,63.44596974090378,1.4459697409037844,test
img13136,6911,images/img13136.jpg,52.0,45.3246796200657,6.675320379934298,test
img13137,6911,images/img13137.jpg,52.0,50.67128820533302,1.3287117946669795,test
img13172,6931,images/img13172.jpg,76.0,80.13798544320714,4.137985443207143,test
img13173,6931,images/img13173.jpg,76.0,80.87952855715442,4.879528557154416,test
img13174,6932,images/img13174.jpg,61.0,72.15335272219357,11.153352722193574,test
img13175,6932,images/img13175.jpg,61.0,60.09225786539087,0.90774213460913,test
img13178,6934,images/img13178.jpg,94.0,85.85125507472725,8.148744925272752,test
img13179,6934,images/img13179.jpg,94.0,75.66980030607439,18.330199693925607,test
img13184,6937,images/img13184.jpg,54.0,44.902254571778535,9.097745428221463,test
img13185,6937,images/img13185.jpg,54.0,55.013578999819686,1.0135789998196856,test
img13230,6963,images/img13230.jpg,66.0,57.00010122792126,8.999898772078737,test
img13231,6963,images/img13231.jpg,66.0,64.66141798739295,1.3385820126070485,test
img13243,6970,images/img13243.jpg,66.0,46.902341403463126,19.097658596536878,test
img13244,6970,images/img13244.jpg,66.0,56.20643034344854,9.793569656551462,test
img13262,6981,images/img13262.jpg,90.0,74.95814209920394,15.04185790079606,test
img13263,6981,images/img13263.jpg,90.0,82.678955065937,7.321044934062996,test
img13270,6985,images/img13270.jpg,84.0,78.20352609431026,5.796473905689737,test
img13271,6985,images/img13271.jpg,84.0,72.54691149354804,11.453088506451962,test
img13287,6994,images/img13287.jpg,43.0,50.949385140788,7.949385140787996,test
img13288,6994,images/img13288.jpg,43.0,51.49755430013415,8.497554300134148,test
img13303,7002,images/img13303.jpg,80.0,59.484811302501406,20.515188697498598,test
img13304,7002,images/img13304.jpg,80.0,70.43537736296673,9.564622637033269,test
img13321,7011,images/img13321.jpg,36.0,30.571739275315625,5.428260724684375,test
img13322,7011,images/img13322.jpg,36.0,35.06845696258867,0.9315430374113304,test
img13333,7017,images/img13333.jpg,55.0,63.56800032343942,8.56800032343942,test
img13334,7017,images/img13334.jpg,55.0,58.45449560838921,3.454495608389209,test
img13350,7026,images/img13350.jpg,59.0,58.28581879968917,0.7141812003108257,test
img13351,7026,images/img13351.jpg,59.0,60.47763133279532,1.477631332795319,test
img13392,7048,images/img13392.jpg,40.0,49.04304227415134,9.04304227415134,test
img13393,7048,images/img13393.jpg,40.0,48.231252396928646,8.231252396928646,test
img13416,7061,images/img13416.jpg,66.0,70.35557957882695,4.355579578826948,test
img13417,7061,images/img13417.jpg,66.0,68.17124720186294,2.17124720186294,test
img13448,7078,images/img13448.jpg,71.0,65.25534752457953,5.744652475420466,test
img13449,7078,images/img13449.jpg,71.0,78.26489692457915,7.264896924579148,test
img13492,7101,images/img13492.jpg,43.0,59.25967631822658,16.25967631822658,test
img13501,7106,images/img13501.jpg,34.0,35.39762500338611,1.3976250033861106,test
img13502,7106,images/img13502.jpg,34.0,29.984031125342376,4.015968874657624,test
img13509,7110,images/img13509.jpg,42.0,43.72957352279725,1.7295735227972528,test
img13510,7110,images/img13510.jpg,42.0,56.84729852672178,14.84729852672178,test
img13511,7111,images/img13511.jpg,53.0,50.37642640630658,2.623573593693422,test
img13512,7111,images/img13512.jpg,53.0,56.42343775796312,3.423437757963121,test
img13515,7113,images/img13515.jpg,45.0,51.69910728767531,6.699107287675311,test
img13516,7113,images/img13516.jpg,45.0,54.31317834648818,9.31317834648818,test
img13519,7115,images/img13519.jpg,37.0,57.06770946374421,20.067709463744208,test
img13520,7115,images/img13520.jpg,37.0,57.41867464913905,20.41867464913905,test
img13533,7122,images/img13533.jpg,53.0,51.82789856428326,1.1721014357167403,test
img13534,7122,images/img13534.jpg,53.0,50.36866725838314,2.631332741616859,test
img13548,7130,images/img13548.jpg,35.0,44.0383035240859,9.038303524085896,test
img13549,7130,images/img13549.jpg,35.0,41.3180713551436,6.318071355143601,test
img13554,7133,images/img13554.jpg,38.0,47.66289276664192,9.662892766641924,test
img13555,7133,images/img13555.jpg,38.0,41.9619263114131,3.9619263114131016,test
img13562,7137,images/img13562.jpg,47.0,49.89858253418699,2.8985825341869926,test
img13563,7137,images/img13563.jpg,47.0,51.76713629463583,4.767136294635826,test
img13567,7140,images/img13567.jpg,33.0,46.23591299245761,13.235912992457608,test
img13568,7140,images/img13568.jpg,33.0,38.35091298752332,5.350912987523316,test
img13571,7142,images/img13571.jpg,52.0,53.30929625457539,1.3092962545753934,test
img13572,7142,images/img13572.jpg,52.0,57.72739558472848,5.727395584728477,test
img13605,7159,images/img13605.jpg,55.0,64.16582279456553,9.165822794565528,test
img13606,7159,images/img13606.jpg,55.0,54.19104715514012,0.8089528448598813,test
img13609,7161,images/img13609.jpg,57.0,53.57534576188555,3.4246542381144494,test
img13610,7161,images/img13610.jpg,57.0,58.845415306986,1.8454153069859984,test
img13648,7180,images/img13648.jpg,62.0,54.76150621050979,7.238493789490207,test
img13665,7189,images/img13665.jpg,56.0,53.73320398774581,2.26679601225419,test
img13666,7189,images/img13666.jpg,56.0,50.34407944617792,5.655920553822078,test
img13673,7193,images/img13673.jpg,36.0,38.71631546933678,2.7163154693367773,test
img13674,7193,images/img13674.jpg,36.0,38.19643020095226,2.196430200952264,test
img13684,7199,images/img13684.jpg,32.0,38.136597131393486,6.136597131393486,test
img13692,7203,images/img13692.jpg,78.0,62.74846547622892,15.251534523771085,test
img13695,7205,images/img13695.jpg,40.0,74.60996035612281,34.60996035612281,test
img13696,7205,images/img13696.jpg,40.0,47.82601209722953,7.82601209722953,test
img13704,7209,images/img13704.jpg,41.0,31.851622967389567,9.148377032610432,test
img13734,7225,images/img13734.jpg,42.0,40.46531869537392,1.5346813046260763,test
img13735,7225,images/img13735.jpg,42.0,39.86431273239477,2.135687267605228,test
img13748,7232,images/img13748.jpg,75.0,68.4393148837788,6.560685116221194,test
img13749,7232,images/img13749.jpg,75.0,67.57603783333357,7.423962166666428,test
img13756,7236,images/img13756.jpg,42.0,47.1724005400291,5.172400540029102,test
img13757,7236,images/img13757.jpg,42.0,63.453350992312295,21.45335099231229,test
img13770,7243,images/img13770.jpg,65.0,57.8274297817733,7.172570218226703,test
img13771,7243,images/img13771.jpg,65.0,66.56372505012341,1.5637250501234092,test
img13831,7274,images/img13831.jpg,66.0,78.83960936063635,12.839609360636343,test
img13832,7274,images/img13832.jpg,66.0,76.26694005506963,10.266940055069623,test
img13839,7278,images/img13839.jpg,36.0,33.81340865128817,2.186591348711829,test
img13840,7278,images/img13840.jpg,36.0,31.53590869688991,4.464091303110092,test
img13868,7293,images/img13868.jpg,77.0,71.69852781917176,5.301472180828242,test
img13869,7293,images/img13869.jpg,77.0,70.06597561269656,6.934024387303438,test
img13893,7306,images/img13893.jpg,73.0,73.09869820769946,0.0986982076994564,test
img13894,7306,images/img13894.jpg,73.0,79.40002171269998,6.400021712699981,test
img13895,7307,images/img13895.jpg,62.0,68.85808965894773,6.858089658947733,test
img13896,7307,images/img13896.jpg,62.0,60.96194797783298,1.0380520221670224,test
img13909,7314,images/img13909.jpg,79.0,75.82867607146835,3.171323928531649,test
img13910,7314,images/img13910.jpg,79.0,78.01820302592333,0.9817969740766728,test
img13912,7315,images/img13912.jpg,82.0,75.37125660622715,6.628743393772851,test
img13931,7325,images/img13931.jpg,63.0,76.75848035830828,13.758480358308276,test
img13932,7325,images/img13932.jpg,63.0,75.08582422500183,12.08582422500183,test
img14017,7368,images/img14017.jpg,77.0,71.442717507909,5.557282492091005,test
img14018,7368,images/img14018.jpg,77.0,69.25095262084614,7.749047379153865,test
img14027,7373,images/img14027.jpg,81.0,73.1983396486622,7.801660351337802,test
img14052,7386,images/img14052.jpg,70.0,71.34903298112965,1.3490329811296533,test
img14053,7386,images/img14053.jpg,70.0,67.38593789125142,2.614062108748584,test
img14054,7387,images/img14054.jpg,69.0,68.08042007441726,0.9195799255827382,test
img14055,7387,images/img14055.jpg,69.0,70.61707087983365,1.6170708798336475,test
img14060,7390,images/img14060.jpg,79.0,65.90816566269018,13.09183433730982,test
img14061,7390,images/img14061.jpg,79.0,81.04507449595478,2.045074495954779,test
img14078,7399,images/img14078.jpg,73.0,70.02575608115946,2.9742439188405427,test
img14079,7399,images/img14079.jpg,73.0,62.13775144448309,10.862248555516912,test
img14088,7404,images/img14088.jpg,80.0,64.83390293507136,15.166097064928636,test
img14101,7411,images/img14101.jpg,62.0,57.14466668484887,4.855333315151128,test
img14102,7411,images/img14102.jpg,62.0,58.34179369851597,3.6582063014840287,test
img14125,7422,images/img14125.jpg,76.0,78.18182730914127,2.181827309141269,test
img14126,7422,images/img14126.jpg,76.0,73.38359509920231,2.61640490079769,test
img14136,7428,images/img14136.jpg,69.0,65.25733352617749,3.74266647382251,test
img14149,7435,images/img14149.jpg,56.0,50.68284813061442,5.317151869385576,test
img14150,7435,images/img14150.jpg,56.0,65.47613942545874,9.47613942545874,test
img14211,7467,images/img14211.jpg,77.0,77.9260835251149,0.9260835251149048,test
img14212,7467,images/img14212.jpg,77.0,60.851027989080464,16.148972010919536,test
img14234,7478,images/img14234.jpg,66.0,65.304210689101,0.6957893108990021,test
img14235,7479,images/img14235.jpg,69.0,69.03590496511596,0.0359049651159608,test
img14236,7479,images/img14236.jpg,69.0,72.45719569813329,3.4571956981332903,test
img14241,7482,images/img14241.jpg,67.0,67.75101973359766,0.7510197335976585,test
img14242,7482,images/img14242.jpg,67.0,65.10863042959453,1.8913695704054727,test
img14273,7498,images/img14273.jpg,56.0,49.785139418198426,6.214860581801574,test
img14274,7498,images/img14274.jpg,56.0,44.85162080121958,11.148379198780418,test
img14285,7504,images/img14285.jpg,64.0,42.38758938207495,21.61241061792505,test
img14286,7504,images/img14286.jpg,64.0,61.46528786799561,2.534712132004387,test
img14297,7510,images/img14297.jpg,67.0,68.83066516900706,1.8306651690070623,test
img14298,7510,images/img14298.jpg,67.0,60.71552100608056,6.284478993919436,test
img14319,7520,images/img14319.jpg,64.0,52.88752284602177,11.112477153978231,test
img14327,7524,images/img14327.jpg,51.0,39.46759991566893,11.532400084331066,test
img14328,7524,images/img14328.jpg,51.0,56.30317130596552,5.30317130596552,test
img14331,7526,images/img14331.jpg,61.0,58.84778493080365,2.152215069196352,test
img14332,7526,images/img14332.jpg,61.0,62.70147270859953,1.7014727085995318,test
img14352,7537,images/img14352.jpg,59.0,60.20453021107993,1.204530211079927,test
img14353,7537,images/img14353.jpg,59.0,60.76757011632855,1.7675701163285495,test
img14418,7571,images/img14418.jpg,73.0,71.23560077124542,1.7643992287545842,test
img14419,7571,images/img14419.jpg,73.0,60.47220690915568,12.52779309084432,test
img14422,7573,images/img14422.jpg,83.0,74.19821456519264,8.801785434807357,test
img14423,7573,images/img14423.jpg,83.0,74.51704470969852,8.482955290301476,test
img14454,7589,images/img14454.jpg,75.0,73.4849084459584,1.5150915540416037,test
img14455,7589,images/img14455.jpg,75.0,71.67032572399258,3.329674276007424,test
img14470,7597,images/img14470.jpg,83.0,83.878541474293,0.8785414742930016,test
img14471,7597,images/img14471.jpg,83.0,86.65982928708912,3.659829287089124,test
img14476,7600,images/img14476.jpg,69.0,55.817580827942464,13.182419172057536,test
img14477,7600,images/img14477.jpg,69.0,49.84437483324008,19.15562516675992,test
img14484,7604,images/img14484.jpg,42.0,39.8059770709601,2.194022929039903,test
img14485,7604,images/img14485.jpg,42.0,43.56326524730443,1.5632652473044288,test
img14502,7613,images/img14502.jpg,56.0,59.01016700873875,3.0101670087387475,test
img14503,7613,images/img14503.jpg,56.0,66.68795266737573,10.687952667375724,test
img14512,7618,images/img14512.jpg,77.0,65.44029705889328,11.55970294110672,test
img14513,7618,images/img14513.jpg,77.0,58.78759632224381,18.212403677756186,test
img14518,7621,images/img14518.jpg,56.0,52.18436131237988,3.8156386876201225,test
img14519,7621,images/img14519.jpg,56.0,57.47757586024623,1.4775758602462332,test
img14532,7628,images/img14532.jpg,65.0,74.3569932662581,9.3569932662581,test
img14533,7628,images/img14533.jpg,65.0,64.73079389823785,0.2692061017621512,test
img14548,7636,images/img14548.jpg,73.0,73.86818385154294,0.8681838515429376,test
img14579,7652,images/img14579.jpg,74.0,72.24801443592061,1.7519855640793909,test
img14580,7652,images/img14580.jpg,74.0,70.12274733877075,3.8772526612292495,test
img14591,7658,images/img14591.jpg,63.0,58.22464796010839,4.775352039891615,test
img14592,7658,images/img14592.jpg,63.0,64.52707604898778,1.5270760489877802,test
img14595,7660,images/img14595.jpg,56.0,49.25218809152496,6.747811908475043,test
img14596,7660,images/img14596.jpg,56.0,48.14277444435501,7.8572255556449875,test
img14615,7670,images/img14615.jpg,65.0,67.52018549185416,2.520185491854164,test
img14616,7670,images/img14616.jpg,65.0,65.05582688957972,0.0558268895797198,test
img14631,7678,images/img14631.jpg,59.0,60.556216630786544,1.556216630786544,test
img14632,7678,images/img14632.jpg,59.0,66.42163159806782,7.421631598067819,test
img14653,7689,images/img14653.jpg,58.0,54.50079578657291,3.499204213427092,test
img14654,7689,images/img14654.jpg,58.0,54.42181323373158,3.5781867662684235,test
img14687,7706,images/img14687.jpg,72.0,60.23789416543708,11.762105834562917,test
img14688,7706,images/img14688.jpg,72.0,65.67505259044755,6.3249474095524505,test
img14693,7709,images/img14693.jpg,61.0,55.75530560897227,5.244694391027728,test
img14694,7709,images/img14694.jpg,61.0,43.76571308070562,17.234286919294377,test
img14784,7756,images/img14784.jpg,81.0,75.39694920680068,5.603050793199316,test
img14785,7756,images/img14785.jpg,81.0,65.81216686057265,15.187833139427354,test
img14819,7774,images/img14819.jpg,67.0,64.33750777949156,2.6624922205084403,test
img14820,7774,images/img14820.jpg,67.0,60.13815865932451,6.86184134067549,test
img14860,7796,images/img14860.jpg,50.0,59.18487571108944,9.18487571108944,test
img14861,7796,images/img14861.jpg,50.0,46.34251798103314,3.65748201896686,test
img14876,7804,images/img14876.jpg,60.0,54.391297135866814,5.6087028641331855,test
img14877,7804,images/img14877.jpg,60.0,58.49595843581959,1.5040415641804117,test
img14884,7808,images/img14884.jpg,70.0,64.01568063751662,5.984319362483376,test
img14885,7808,images/img14885.jpg,70.0,64.10513850356404,5.894861496435965,test
img14890,7811,images/img14890.jpg,54.0,49.96566543659714,4.034334563402858,test
img14891,7811,images/img14891.jpg,54.0,54.111239282853845,0.1112392828538446,test
img14945,7838,images/img14945.jpg,52.0,65.41052175816493,13.410521758164933,test
img14946,7838,images/img14946.jpg,52.0,56.13023784474666,4.1302378447466594,test
img14988,7860,images/img14988.jpg,42.0,54.10919847808165,12.109198478081652,test
img15003,7868,images/img15003.jpg,61.0,54.60556282391674,6.394437176083258,test
img15004,7868,images/img15004.jpg,61.0,66.40110303789312,5.401103037893122,test
img15047,7890,images/img15047.jpg,52.0,49.89702078004737,2.10297921995263,test
img15048,7890,images/img15048.jpg,52.0,47.25163993162734,4.748360068372662,test
img15097,7916,images/img15097.jpg,70.0,68.93562551705008,1.0643744829499155,test
img15114,7925,images/img15114.jpg,77.0,67.28212268416272,9.717877315837285,test
img15115,7925,images/img15115.jpg,77.0,69.34720553519449,7.65279446480551,test
img15132,7934,images/img15132.jpg,64.0,56.31746634588583,7.682533654114174,test
img15133,7934,images/img15133.jpg,64.0,59.66207966753764,4.33792033246236,test
img15138,7937,images/img15138.jpg,52.0,56.25690624814736,4.256906248147359,test
img15139,7937,images/img15139.jpg,52.0,57.69827669515431,5.698276695154306,test
img15147,7941,images/img15147.jpg,68.0,72.0496716601881,4.049671660188096,test
img15168,7954,images/img15168.jpg,54.0,45.505048045256885,8.494951954743115,test
img15169,7954,images/img15169.jpg,54.0,43.694847396009656,10.305152603990344,test
img15182,7961,images/img15182.jpg,83.0,63.65488707539175,19.34511292460825,test
img15183,7961,images/img15183.jpg,83.0,81.71826905408477,1.2817309459152284,test
img15209,7975,images/img15209.jpg,85.0,81.2557411695768,3.744258830423206,test
img15242,7993,images/img15242.jpg,63.0,50.29477512973643,12.70522487026357,test
img15243,7993,images/img15243.jpg,63.0,51.44768013974157,11.552319860258429,test
img15275,8010,images/img15275.jpg,61.0,55.377698651111686,5.622301348888314,test
img15276,8010,images/img15276.jpg,61.0,59.38449859081733,1.61550140918267,test
img15295,8020,images/img15295.jpg,47.0,52.47229064619086,5.4722906461908565,test
img15296,8020,images/img15296.jpg,47.0,49.07453855814249,2.0745385581424927,test
img15307,8026,images/img15307.jpg,56.0,67.1970507079704,11.197050707970403,test
img15308,8027,images/img15308.jpg,64.0,57.76564124770869,6.234358752291307,test
img15313,8030,images/img15313.jpg,48.0,58.466852497244304,10.466852497244304,test
img15314,8030,images/img15314.jpg,48.0,49.32369560046057,1.3236956004605671,test
img15319,8033,images/img15319.jpg,68.0,75.7065451527729,7.706545152772904,test
img15320,8033,images/img15320.jpg,68.0,61.59377650020849,6.406223499791508,test
img15335,8042,images/img15335.jpg,67.0,62.00071624361436,4.999283756385637,test
img15336,8042,images/img15336.jpg,67.0,61.16576152814852,5.834238471851478,test
img15339,8044,images/img15339.jpg,74.0,76.09290916710285,2.092909167102846,test
img15342,8046,images/img15342.jpg,60.0,62.75730705500681,2.7573070550068124,test
img15343,8046,images/img15343.jpg,60.0,65.38934701130884,5.389347011308843,test
img15358,8054,images/img15358.jpg,83.0,65.57915685101591,17.42084314898409,test
img15394,8073,images/img15394.jpg,69.0,69.02772974931244,0.0277297493124422,test
img15400,8076,images/img15400.jpg,66.0,61.879512616439314,4.120487383560686,test
img15401,8076,images/img15401.jpg,66.0,62.04844299206495,3.951557007935051,test
img15402,8077,images/img15402.jpg,78.0,73.7078684803778,4.2921315196222025,test
img15403,8077,images/img15403.jpg,78.0,76.08067251804796,1.9193274819520385,test
img15408,8080,images/img15408.jpg,55.0,58.28959340239675,3.289593402396747,test
img15409,8080,images/img15409.jpg,55.0,54.85445811973096,0.145541880269036,test
img15420,8086,images/img15420.jpg,65.0,60.05962734654971,4.940372653450289,test
img15426,8090,images/img15426.jpg,63.0,58.14509828984205,4.854901710157947,test
img15427,8090,images/img15427.jpg,63.0,68.1872617254567,5.187261725456693,test
img15432,8093,images/img15432.jpg,58.0,57.55337512572397,0.4466248742760257,test
img15433,8093,images/img15433.jpg,58.0,64.30528787547831,6.305287875478314,test
img15440,8097,images/img15440.jpg,59.0,49.44890967484925,9.551090325150746,test
img15441,8097,images/img15441.jpg,59.0,47.777265082719154,11.222734917280846,test
img15442,8098,images/img15442.jpg,74.0,77.94006078842038,3.940060788420382,test
img15443,8098,images/img15443.jpg,74.0,83.64578121452536,9.645781214525355,test
img15448,8101,images/img15448.jpg,72.0,80.34991722493109,8.34991722493109,test
img15449,8101,images/img15449.jpg,72.0,78.44740839927059,6.447408399270586,test
img15464,8109,images/img15464.jpg,68.0,72.29484524790074,4.294845247900739,test
img15465,8109,images/img15465.jpg,68.0,70.5006536691951,2.5006536691951027,test
img15466,8110,images/img15466.jpg,70.0,65.01648039169399,4.983519608306011,test
img15467,8110,images/img15467.jpg,70.0,69.45232947480241,0.5476705251975886,test
img15519,8137,images/img15519.jpg,74.0,63.46954546662745,10.530454533372549,test
img15520,8137,images/img15520.jpg,74.0,66.64582238636054,7.354177613639464,test
img15531,8143,images/img15531.jpg,63.0,52.935118721220434,10.064881278779566,test
img15532,8143,images/img15532.jpg,63.0,56.04285377443702,6.95714622556298,test
img15535,8145,images/img15535.jpg,81.0,77.52626137804543,3.473738621954567,test
img15538,8147,images/img15538.jpg,58.0,62.35065005235562,4.350650052355618,test
img15539,8147,images/img15539.jpg,58.0,56.01477519088935,1.9852248091106544,test
img15544,8150,images/img15544.jpg,63.0,57.31467437909256,5.685325620907442,test
img15545,8150,images/img15545.jpg,63.0,66.50962641021977,3.5096264102197665,test
img15558,8157,images/img15558.jpg,46.0,43.13919337726389,2.860806622736113,test
img15559,8158,images/img15559.jpg,60.0,62.8909657259759,2.890965725975903,test
img15560,8158,images/img15560.jpg,60.0,66.87180450228895,6.871804502288953,test
img15569,8163,images/img15569.jpg,54.0,50.69026319094635,3.3097368090536534,test
img15570,8163,images/img15570.jpg,54.0,43.72625370464012,10.273746295359883,test
img15579,8168,images/img15579.jpg,73.0,66.78962373435373,6.210376265646275,test
img15580,8168,images/img15580.jpg,73.0,62.06546251317245,10.934537486827551,test
img15583,8170,images/img15583.jpg,77.0,60.85045787247677,16.149542127523226,test
img15584,8170,images/img15584.jpg,77.0,71.24926939179845,5.75073060820155,test
img15596,8177,images/img15596.jpg,63.0,48.54239428318921,14.45760571681079,test
img15597,8177,images/img15597.jpg,63.0,55.47343298019928,7.526567019800716,test
img15638,8199,images/img15638.jpg,70.0,66.03934646675617,3.960653533243829,test
img15639,8199,images/img15639.jpg,70.0,64.75644287439408,5.243557125605918,test
img15667,8214,images/img15667.jpg,59.0,66.35268320651255,7.352683206512552,test
img15668,8214,images/img15668.jpg,59.0,59.80401416312266,0.8040141631226589,test
img15681,8221,images/img15681.jpg,60.0,64.66898900501675,4.668989005016755,test
img15682,8221,images/img15682.jpg,60.0,55.184933802437214,4.8150661975627855,test
img15693,8227,images/img15693.jpg,58.0,51.13318517170568,6.866814828294324,test
img15694,8227,images/img15694.jpg,58.0,53.76304527040534,4.2369547295946575,test
img15699,8230,images/img15699.jpg,73.0,75.91494771913663,2.9149477191366344,test
img15700,8230,images/img15700.jpg,73.0,74.38281674008357,1.3828167400835696,test
img15705,8233,images/img15705.jpg,61.0,64.81799147416349,3.817991474163492,test
img15706,8233,images/img15706.jpg,61.0,65.38091223022235,4.38091223022235,test
img15709,8235,images/img15709.jpg,58.0,52.54960674629103,5.450393253708974,test
img15710,8235,images/img15710.jpg,58.0,55.3360656884538,2.6639343115462,test
img15724,8243,images/img15724.jpg,66.0,68.99408114563235,2.99408114563235,test
img15758,8263,images/img15758.jpg,62.0,65.22859648658107,3.2285964865810683,test
img15759,8263,images/img15759.jpg,62.0,59.95603871377841,2.043961286221588,test
img15800,8285,images/img15800.jpg,63.0,66.28004855169475,3.2800485516947475,test
img15801,8285,images/img15801.jpg,63.0,67.68712741200838,4.68712741200838,test
img15810,8290,images/img15810.jpg,70.0,69.75894260124119,0.2410573987588122,test
img15811,8290,images/img15811.jpg,70.0,66.79996817430789,3.200031825692108,test
img15837,8304,images/img15837.jpg,59.0,62.41310494939461,3.413104949394608,test
img15838,8304,images/img15838.jpg,59.0,59.12186514803499,0.1218651480349919,test
img15841,8306,images/img15841.jpg,71.0,73.78317731197659,2.783177311976587,test
img15842,8306,images/img15842.jpg,71.0,79.28484888856515,8.28484888856515,test
img15845,8308,images/img15845.jpg,70.0,75.00618566998523,5.0061856699852285,test
img15846,8308,images/img15846.jpg,70.0,71.50967771664547,1.50967771664547,test
img15864,8318,images/img15864.jpg,63.0,64.51806542559282,1.5180654255928232,test
img15865,8318,images/img15865.jpg,63.0,70.43953804176748,7.439538041767477,test
img15868,8320,images/img15868.jpg,62.0,58.26023498750629,3.739765012493706,test
img15869,8320,images/img15869.jpg,62.0,60.28889001865969,1.7111099813403072,test
img15874,8323,images/img15874.jpg,63.0,57.96268428845804,5.0373157115419644,test
img15875,8323,images/img15875.jpg,63.0,64.57031711672867,1.570317116728674,test
img15881,8327,images/img15881.jpg,38.0,39.1046796632003,1.1046796632003009,test
img15882,8327,images/img15882.jpg,38.0,36.79550620061558,1.204493799384423,test
img15898,8336,images/img15898.jpg,63.0,66.35233857361581,3.3523385736158104,test
img15899,8336,images/img15899.jpg,63.0,62.16929026228112,0.8307097377188839,test
img15919,8347,images/img15919.jpg,70.0,60.67208199254613,9.327918007453867,test
img15920,8347,images/img15920.jpg,70.0,63.55386437631599,6.446135623684015,test
img15941,8358,images/img15941.jpg,69.0,70.95561380791057,1.9556138079105665,test
img15942,8358,images/img15942.jpg,69.0,76.38169626601916,7.381696266019162,test
img15954,8365,images/img15954.jpg,54.0,54.46502758151687,0.4650275815168712,test
img15955,8365,images/img15955.jpg,54.0,51.26523464698131,2.7347653530186875,test
img16037,8409,images/img16037.jpg,63.0,62.77364003684693,0.2263599631530723,test
img16038,8409,images/img16038.jpg,63.0,72.95217905850797,9.952179058507966,test
img16059,8420,images/img16059.jpg,57.0,49.87234899083883,7.12765100916117,test
img16060,8420,images/img16060.jpg,57.0,59.99949544973237,2.999495449732372,test
img16071,8426,images/img16071.jpg,87.0,79.23501017301164,7.764989826988355,test
img16072,8426,images/img16072.jpg,87.0,71.87628423237663,15.123715767623366,test
img16079,8430,images/img16079.jpg,52.0,56.21206988999603,4.21206988999603,test
img16080,8430,images/img16080.jpg,52.0,56.70126626692535,4.701266266925352,test
img16082,8432,images/img16082.jpg,50.0,50.54348229525102,0.5434822952510174,test
img16083,8432,images/img16083.jpg,50.0,55.44102440058118,5.441024400581178,test
img16087,8434,images/img16087.jpg,67.0,56.717767543587854,10.282232456412146,test
img16088,8435,images/img16088.jpg,69.0,74.05435650545695,5.054356505456951,test
img16089,8435,images/img16089.jpg,69.0,62.97905542123549,6.020944578764507,test
img16110,8446,images/img16110.jpg,61.0,65.33074796745467,4.33074796745467,test
img16111,8446,images/img16111.jpg,61.0,66.89572267968849,5.89572267968849,test
img16118,8450,images/img16118.jpg,59.0,51.8837716273609,7.1162283726391,test
img16119,8450,images/img16119.jpg,59.0,62.344839825275415,3.3448398252754146,test
img16124,8453,images/img16124.jpg,54.0,51.8184811431969,2.181518856803102,test
img16125,8453,images/img16125.jpg,54.0,52.54439799086445,1.4556020091355464,test
img16130,8456,images/img16130.jpg,63.0,58.88302418979983,4.116975810200174,test
img16131,8456,images/img16131.jpg,63.0,61.97958266730211,1.020417332697889,test
img16150,8466,images/img16150.jpg,72.0,72.04901729392849,0.049017293928486,test
img16151,8466,images/img16151.jpg,72.0,68.14375291285458,3.85624708714542,test
img16154,8468,images/img16154.jpg,66.0,75.86367376025369,9.86367376025369,test
img16155,8468,images/img16155.jpg,66.0,71.88063794922397,5.880637949223967,test
img16161,8472,images/img16161.jpg,68.0,71.21669722061543,3.21669722061543,test
img16162,8472,images/img16162.jpg,68.0,78.41900454116134,10.419004541161344,test
img16239,8511,images/img16239.jpg,34.0,39.57820962575335,5.578209625753345,test
img16240,8511,images/img16240.jpg,34.0,34.483750172526214,0.4837501725262143,test
img16243,8513,images/img16243.jpg,29.0,28.564669265030464,0.4353307349695363,test
img16244,8513,images/img16244.jpg,29.0,27.12074249533242,1.8792575046675812,test
img16247,8515,images/img16247.jpg,20.0,29.11914651511935,9.11914651511935,test
img16248,8515,images/img16248.jpg,20.0,25.866723720280387,5.866723720280387,test
img16261,8522,images/img16261.jpg,33.0,29.57132232540013,3.428677674599868,test
img16262,8522,images/img16262.jpg,33.0,27.5669613914298,5.433038608570204,test
img16263,8523,images/img16263.jpg,19.0,20.573517965460645,1.5735179654606457,test
img16264,8523,images/img16264.jpg,19.0,20.379171186353545,1.3791711863535454,test
img16265,8524,images/img16265.jpg,20.0,23.84940851559044,3.84940851559044,test
img16266,8524,images/img16266.jpg,20.0,22.949992997847275,2.949992997847275,test
