image_id,patient_id,image_path,age_true,age_pred,absolute_error,split
img00001,1,images/img00001.jpg,48.0,34.11892571424208,13.88107428575792,validation
img00002,1,images/img00002.jpg,48.0,35.62436509356526,12.37563490643474,validation
img00015,8,images/img00015.jpg,28.0,27.6519962868674,0.3480037131326021,validation
img00016,8,images/img00016.jpg,28.0,31.47787077210336,3.4778707721033584,validation
img00029,15,images/img00029.jpg,26.0,26.16821643073764,0.1682164307376368,validation
img00030,15,images/img00030.jpg,26.0,27.192360701226946,1.1923607012269457,validation
img00047,24,images/img00047.jpg,13.0,22.86534417850285,9.865344178502852,validation
img00048,24,images/img00048.jpg,13.0,23.172518969314467,10.172518969314469,validation
img00070,36,images/img00070.jpg,39.0,32.20718159943748,6.792818400562524,validation
img00071,36,images/img00071.jpg,39.0,31.827810579202,7.172189420798002,validation
img00074,38,images/img00074.jpg,37.0,29.746278051013828,7.253721948986172,validation
img00075,38,images/img00075.jpg,37.0,31.34636932857015,5.653630671429848,validation
img00094,48,images/img00094.jpg,20.0,21.709770444768893,1.7097704447688926,validation
img00095,48,images/img00095.jpg,20.0,22.047425615953607,2.047425615953607,validation
img00096,49,images/img00096.jpg,20.0,23.9775596038744,3.977559603874397,validation
img00097,49,images/img00097.jpg,20.0,22.172734573449944,2.172734573449944,validation
img00118,60,images/img00118.jpg,20.0,24.79174609752294,4.791746097522939,validation
img00119,60,images/img00119.jpg,20.0,26.27397074317567,6.273970743175671,validation
img00130,66,images/img00130.jpg,27.0,24.77044211333058,2.2295578866694186,validation
img00131,66,images/img00131.jpg,27.0,26.924378086924825,0.0756219130751745,validation
img00132,67,images/img00132.jpg,18.0,23.897024567082116,5.897024567082113,validation
img00133,67,images/img00133.jpg,18.0,22.40927488897733,4.409274888977329,validation
img00160,81,images/img00160.jpg,28.0,28.06140489964029,0.0614048996402907,validation
img00161,81,images/img00161.jpg,28.0,28.44333449195088,0.4433344919508819,validation
img00177,90,images/img00177.jpg,25.0,25.511965596290075,0.5119655962900751,validation
img00178,90,images/img00178.jpg,25.0,24.00096846620186,0.9990315337981386,validation
img00191,97,images/img00191.jpg,19.0,24.23210807886652,5.232108078866517,validation
img00192,97,images/img00192.jpg,19.0,26.22039995872146,7.220399958721458,validation
img00197,100,images/img00197.jpg,15.0,29.43110472328879,14.43110472328879,validation
img00198,100,images/img00198.jpg,15.0,27.18635361896364,12.186353618963636,validation
img00209,106,images/img00209.jpg,24.0,26.79362698336932,2.793626983369318,validation
img00210,106,images/img00210.jpg,24.0,23.868354600027303,0.1316453999726974,validation
img00223,113,images/img00223.jpg,16.0,21.173198836764072,5.173198836764072,validation
img00224,113,images/img00224.jpg,16.0,19.055200658148152,3.055200658148152,validation
img00227,115,images/img00227.jpg,18.0,23.31363741564322,5.313637415643221,validation
img00228,115,images/img00228.jpg,18.0,26.2186069951701,8.218606995170099,validation
img00253,128,images/img00253.jpg,18.0,24.24701017981893,6.247010179818929,validation
img00254,128,images/img00254.jpg,18.0,24.23770945404887,6.2377094540488685,validation
img00255,129,images/img00255.jpg,47.0,42.64906541453559,4.350934585464415,validation
img00256,129,images/img00256.jpg,47.0,38.68937302920736,8.31062697079264,validation
img00269,136,images/img00269.jpg,17.0,23.066112471837684,6.066112471837684,validation
img00270,136,images/img00270.jpg,17.0,22.50070294277141,5.500702942771412,validation
img00271,137,images/img00271.jpg,17.0,25.23668243575146,8.236682435751462,validation
img00272,137,images/img00272.jpg,17.0,24.07213297815639,7.0721329781563895,validation
img00275,139,images/img00275.jpg,15.0,22.70892228658245,7.70892228658245,validation
img00276,139,images/img00276.jpg,15.0,20.72609872743707,5.726098727437069,validation
img00277,140,images/img00277.jpg,18.0,20.256403351165403,2.256403351165403,validation
img00278,140,images/img00278.jpg,18.0,20.22580082242384,2.2258008224238424,validation
img00281,142,images/img00281.jpg,16.0,21.6982274239492,5.698227423949199,validation
img00282,142,images/img00282.jpg,16.0,23.39698840857273,7.3969884085727315,validation
img00283,143,images/img00283.jpg,14.0,21.442706124451107,7.442706124451107,validation
img00284,143,images/img00284.jpg,14.0,21.808876396009182,7.8088763960091825,validation
img00285,144,images/img00285.jpg,24.0,26.184305115840825,2.184305115840825,validation
img00286,144,images/img00286.jpg,24.0,24.24797427944144,0.2479742794414363,validation
img00295,149,images/img00295.jpg,17.0,21.647500951503467,4.647500951503467,validation
img00296,149,images/img00296.jpg,17.0,20.06850426093642,3.0685042609364217,validation
img00319,161,images/img00319.jpg,17.0,22.31727099287477,5.317270992874775,validation
img00320,161,images/img00320.jpg,17.0,24.5007428782074,7.500742878207397,validation
img00329,166,images/img00329.jpg,66.0,62.133773442929815,3.866226557070185,validation
img00330,166,images/img00330.jpg,66.0,56.62735532524868,9.37264467475132,validation
img00334,169,images/img00334.jpg,68.0,54.02904433698299,13.970955663017008,validation
img00335,169,images/img00335.jpg,68.0,63.02687323565721,4.973126764342787,validation
img00342,173,images/img00342.jpg,41.0,72.40406006724173,31.40406006724173,validation
img00343,173,images/img00343.jpg,41.0,59.47269257569955,18.472692575699547,validation
img00357,181,images/img00357.jpg,28.0,39.24322099707658,11.243220997076584,validation
img00358,181,images/img00358.jpg,28.0,50.226315331655,22.226315331655,validation
img00366,186,images/img00366.jpg,68.0,62.22930437317172,5.770695626828285,validation
img00367,186,images/img00367.jpg,68.0,68.25314004864393,0.2531400486439281,validation
img00370,188,images/img00370.jpg,83.0,81.18093401877707,1.8190659812229344,validation
img00371,188,images/img00371.jpg,83.0,83.80600933685587,0.8060093368558654,validation
img00375,191,images/img00375.jpg,61.0,69.02184372480716,8.021843724807155,validation
img00376,191,images/img00376.jpg,61.0,70.14988608877805,9.149886088778048,validation
img00388,198,images/img00388.jpg,64.0,57.61763184752408,6.38236815247592,validation
img00389,198,images/img00389.jpg,64.0,62.50276621428772,1.4972337857122824,validation
img00405,208,images/img00405.jpg,53.0,58.38201697902643,5.382016979026432,validation
img00406,208,images/img00406.jpg,53.0,47.25876488958416,5.741235110415836,validation
img00418,215,images/img00418.jpg,66.0,74.01458630541812,8.01458630541812,validation
img00419,215,images/img00419.jpg,66.0,68.34480803673321,2.3448080367332125,validation
img00439,226,images/img00439.jpg,65.0,65.49935306851876,0.4993530685187579,validation
img00440,226,images/img00440.jpg,65.0,55.89166149586772,9.108338504132275,validation
img00453,233,images/img00453.jpg,78.0,66.54022348590917,11.459776514090834,validation
img00454,233,images/img00454.jpg,78.0,59.10992228216541,18.890077717834583,validation
img00457,235,images/img00457.jpg,54.0,56.64809062426353,2.648090624263532,validation
img00458,235,images/img00458.jpg,54.0,53.99760421942912,0.0023957805708789,validation
img00467,240,images/img00467.jpg,65.0,71.78949999780498,6.789499997804981,validation
img00472,243,images/img00472.jpg,77.0,70.29896053821335,6.7010394617866496,validation
img00473,243,images/img00473.jpg,77.0,76.82306848935362,0.1769315106463835,validation
img00474,244,images/img00474.jpg,42.0,50.70165516222112,8.701655162221115,validation
img00475,244,images/img00475.jpg,42.0,49.3569624904892,7.356962490489202,validation
img00498,257,images/img00498.jpg,59.0,58.3603702705056,0.639629729494402,validation
img00499,257,images/img00499.jpg,59.0,36.7015806489306,22.2984193510694,validation
img00516,268,images/img00516.jpg,84.0,70.14617801330687,13.853821986693134,validation
img00517,268,images/img00517.jpg,84.0,74.7711514874654,9.228848512534595,validation
img00542,281,images/img00542.jpg,85.0,76.20091231825312,8.799087681746883,validation
img00543,281,images/img00543.jpg,85.0,83.0759961564031,1.924003843596907,validation
img00550,285,images/img00550.jpg,63.0,61.91055166200656,1.0894483379934456,validation
img00551,285,images/img00551.jpg,63.0,61.06068039500008,1.9393196049999235,validation
img00560,290,images/img00560.jpg,62.0,62.18177666112509,0.1817766611250917,validation
img00561,290,images/img00561.jpg,62.0,64.31221979538856,2.312219795388557,validation
img00568,294,images/img00568.jpg,65.0,69.65609149377501,4.656091493775008,validation
img00569,294,images/img00569.jpg,65.0,61.1694295236863,3.830570476313703,validation
img00572,296,images/img00572.jpg,65.0,70.63537132289434,5.635371322894343,validation
img00573,296,images/img00573.jpg,65.0,71.64649588603808,6.646495886038082,validation
img00577,299,images/img00577.jpg,56.0,52.8833782537249,3.1166217462751007,validation
img00578,299,images/img00578.jpg,56.0,55.03270476232533,0.9672952376746692,validation
img00589,305,images/img00589.jpg,59.0,55.55721871771253,3.44278128228747,validation
img00590,305,images/img00590.jpg,59.0,63.41472975036432,4.414729750364316,validation
img00598,310,images/img00598.jpg,78.0,83.68732474712775,5.687324747127747,validation
img00599,310,images/img00599.jpg,78.0,78.72325649601333,0.7232564960133345,validation
img00600,311,images/img00600.jpg,27.0,28.266291337969,1.266291337969001,validation
img00601,311,images/img00601.jpg,27.0,35.55822175204288,8.558221752042883,validation
img00602,312,images/img00602.jpg,60.0,67.02215932837224,7.02215932837224,validation
img00603,312,images/img00603.jpg,60.0,64.83692774310646,4.8369277431064575,validation
img00621,322,images/img00621.jpg,45.0,45.968149590852455,0.9681495908524552,validation
img00622,322,images/img00622.jpg,45.0,49.55947248868506,4.55947248868506,validation
img00641,332,images/img00641.jpg,17.0,26.49583580472065,9.495835804720649,validation
img00642,332,images/img00642.jpg,17.0,20.77524163353452,3.77524163353452,validation
img00661,342,images/img00661.jpg,70.0,64.58569363321931,5.414306366780693,validation
img00662,342,images/img00662.jpg,70.0,58.16407770606026,11.835922293939738,validation
img00667,345,images/img00667.jpg,60.0,67.45003633821247,7.45003633821247,validation
img00668,345,images/img00668.jpg,60.0,54.60153410897835,5.398465891021651,validation
img00686,355,images/img00686.jpg,22.0,36.180094364430886,14.180094364430886,validation
img00732,379,images/img00732.jpg,49.0,45.19738138914012,3.8026186108598807,validation
img00733,379,images/img00733.jpg,49.0,52.84866685017815,3.848666850178148,validation
img00772,400,images/img00772.jpg,90.0,82.84129242884437,7.158707571155631,validation
img00773,400,images/img00773.jpg,90.0,85.88127957993947,4.118720420060527,validation
img00776,402,images/img00776.jpg,55.0,48.84568431963956,6.15431568036044,validation
img00777,402,images/img00777.jpg,55.0,65.32561337353752,10.325613373537522,validation
img00782,405,images/img00782.jpg,63.0,61.92400325108348,1.0759967489165234,validation
img00783,405,images/img00783.jpg,63.0,59.88414567405484,3.1158543259451577,validation
img00792,410,images/img00792.jpg,60.0,54.3704779280118,5.629522071988205,validation
img00793,410,images/img00793.jpg,60.0,56.68526326290428,3.3147367370957213,validation
img00800,414,images/img00800.jpg,50.0,54.06434030772167,4.064340307721672,validation
img00801,414,images/img00801.jpg,50.0,52.09469568504503,2.094695685045032,validation
img00810,419,images/img00810.jpg,55.0,57.609729965960256,2.6097299659602555,validation
img00811,419,images/img00811.jpg,55.0,52.77485270017738,2.2251472998226234,validation
img00823,426,images/img00823.jpg,66.0,64.20570151034241,1.7942984896575922,validation
img00824,426,images/img00824.jpg,66.0,56.76923515398576,9.23076484601424,validation
img00825,427,images/img00825.jpg,69.0,73.94190257313085,4.941902573130847,validation
img00826,427,images/img00826.jpg,69.0,63.07542830273144,5.924571697268561,validation
img00829,429,images/img00829.jpg,60.0,76.25462706328445,16.254627063284445,validation
img00839,435,images/img00839.jpg,63.0,61.33880186918979,1.661198130810213,validation
img00840,435,images/img00840.jpg,63.0,53.89486653544794,9.10513346455206,validation
img00866,449,images/img00866.jpg,64.0,66.07671405201177,2.0767140520117664,validation
img00867,449,images/img00867.jpg,64.0,59.02680358925807,4.973196410741934,validation
img00901,466,images/img00901.jpg,71.0,54.748711441565966,16.251288558434034,validation
img00912,472,images/img00912.jpg,76.0,63.15066188221037,12.849338117789628,validation
img00913,472,images/img00913.jpg,76.0,71.03778912279364,4.96221087720636,validation
img00954,494,images/img00954.jpg,45.0,51.907054524183394,6.907054524183394,validation
img00955,494,images/img00955.jpg,45.0,44.51538996725998,0.4846100327400222,validation
img00996,516,images/img00996.jpg,38.0,36.27357276583845,1.726427234161548,validation
img00997,516,images/img00997.jpg,38.0,42.12378053389877,4.123780533898774,validation
img01052,547,images/img01052.jpg,66.0,66.01202231297532,0.0120223129753185,validation
img01053,547,images/img01053.jpg,66.0,58.458190392045736,7.541809607954264,validation
img01058,550,images/img01058.jpg,79.0,82.71159485496685,3.711594854966848,validation
img01059,550,images/img01059.jpg,79.0,84.09112980349744,5.091129803497438,validation
img01066,554,images/img01066.jpg,88.0,83.27325050292376,4.726749497076241,validation
img01067,554,images/img01067.jpg,88.0,81.5534036561944,6.446596343805595,validation
img01089,566,images/img01089.jpg,54.0,49.62494728601219,4.375052713987813,validation
img01090,566,images/img01090.jpg,54.0,51.271000704339,2.728999295661005,validation
img01110,577,images/img01110.jpg,70.0,64.25228039131258,5.747719608687419,validation
img01111,577,images/img01111.jpg,70.0,61.88484815532869,8.11515184467131,validation
img01113,579,images/img01113.jpg,67.0,47.05738367318615,19.942616326813848,validation
img01114,579,images/img01114.jpg,67.0,53.01619933588167,13.983800664118334,validation
img01123,584,images/img01123.jpg,50.0,52.62400709939937,2.624007099399371,validation
img01124,584,images/img01124.jpg,50.0,61.71295486381001,11.712954863810012,validation
img01189,619,images/img01189.jpg,87.0,84.83401873071867,2.165981269281332,validation
img01212,631,images/img01212.jpg,30.0,34.335743430704525,4.335743430704525,validation
img01213,631,images/img01213.jpg,30.0,27.64460412935456,2.3553958706454416,validation
img01229,640,images/img01229.jpg,47.0,52.775574138978605,5.775574138978605,validation
img01247,650,images/img01247.jpg,43.0,42.67752271255602,0.3224772874439807,validation
img01248,650,images/img01248.jpg,43.0,49.043353098124655,6.043353098124655,validation
img01276,666,images/img01276.jpg,79.0,80.53522502477198,1.5352250247719752,validation
img01277,666,images/img01277.jpg,79.0,76.02796113461471,2.9720388653852865,validation
img01303,681,images/img01303.jpg,59.0,57.28748893732611,1.7125110626738902,validation
img01305,682,images/img01305.jpg,71.0,74.94079812149272,3.940798121492719,validation
img01335,698,images/img01335.jpg,18.0,27.295929430357848,9.295929430357848,validation
img01336,698,images/img01336.jpg,18.0,27.111478850317067,9.111478850317068,validation
img01345,703,images/img01345.jpg,41.0,36.96539713137981,4.034602868620191,validation
img01350,706,images/img01350.jpg,65.0,52.77181535012231,12.22818464987769,validation
img01424,745,images/img01424.jpg,74.0,75.99638360014633,1.9963836001463309,validation
img01425,745,images/img01425.jpg,74.0,73.79868906416087,0.2013109358391318,validation
img01437,753,images/img01437.jpg,86.0,76.15797280429686,9.84202719570314,validation
img01438,753,images/img01438.jpg,86.0,82.85635375891995,3.1436462410800488,validation
img01439,754,images/img01439.jpg,67.0,76.67019544378122,9.670195443781225,validation
img01440,754,images/img01440.jpg,67.0,52.61193240599374,14.38806759400626,validation
img01475,773,images/img01475.jpg,65.0,70.16045519448134,5.160455194481344,validation
img01476,773,images/img01476.jpg,65.0,59.2127300378669,5.787269962133102,validation
img01490,780,images/img01490.jpg,59.0,60.00087534458235,1.0008753445823473,validation
img01549,811,images/img01549.jpg,42.0,39.54310396653517,2.456896033464829,validation
img01550,811,images/img01550.jpg,42.0,44.54674392658966,2.546743926589663,validation
img01650,864,images/img01650.jpg,51.0,63.98105430158362,12.98105430158362,validation
img01678,881,images/img01678.jpg,76.0,31.533365393360853,44.46663460663915,validation
img01679,881,images/img01679.jpg,76.0,33.806465825273605,42.1935341747264,validation
img01698,891,images/img01698.jpg,21.0,30.14852571568561,9.148525715685617,validation
img01699,891,images/img01699.jpg,21.0,24.44304522387584,3.443045223875842,validation
img01724,904,images/img01724.jpg,13.0,20.382595703112223,7.382595703112223,validation
img01725,904,images/img01725.jpg,13.0,23.261176872609497,10.261176872609497,validation
img01765,928,images/img01765.jpg,82.0,76.23223683110112,5.767763168898881,validation
img01766,928,images/img01766.jpg,82.0,74.11191674287397,7.888083257126027,validation
img01790,941,images/img01790.jpg,77.0,72.42734459997986,4.572655400020139,validation
img01791,941,images/img01791.jpg,77.0,64.86992307113736,12.130076928862636,validation
img01794,943,images/img01794.jpg,62.0,61.84021056092872,0.1597894390712824,validation
img01795,943,images/img01795.jpg,62.0,56.45910269584381,5.540897304156189,validation
img01827,961,images/img01827.jpg,41.0,24.78864658267321,16.21135341732679,validation
img01828,961,images/img01828.jpg,41.0,24.64972680697678,16.35027319302322,validation
img01854,975,images/img01854.jpg,53.0,59.92159396448245,6.921593964482455,validation
img01855,975,images/img01855.jpg,53.0,62.50317846503128,9.503178465031285,validation
img01862,979,images/img01862.jpg,55.0,51.143990394567645,3.856009605432355,validation
img01883,993,images/img01883.jpg,69.0,64.53575240028513,4.4642475997148665,validation
img01884,993,images/img01884.jpg,69.0,65.87467955996456,3.1253204400354377,validation
img01892,998,images/img01892.jpg,71.0,72.95149088332494,1.9514908833249365,validation
img01893,998,images/img01893.jpg,71.0,71.2198578096494,0.2198578096493975,validation
img01911,1008,images/img01911.jpg,81.0,73.91786115675241,7.082138843247591,validation
img01912,1008,images/img01912.jpg,81.0,73.53085913531933,7.469140864680668,validation
img01918,1012,images/img01918.jpg,58.0,45.71611388229727,12.283886117702728,validation
img01919,1012,images/img01919.jpg,58.0,58.39073804535152,0.3907380453515188,validation
img01932,1019,images/img01932.jpg,59.0,57.66566151302235,1.33433848697765,validation
img01933,1019,images/img01933.jpg,59.0,52.42868531456544,6.571314685434558,validation
img01939,1023,images/img01939.jpg,32.0,38.52584471970749,6.525844719707493,validation
img01940,1023,images/img01940.jpg,32.0,33.57242955129969,1.5724295512996918,validation
img01947,1027,images/img01947.jpg,59.0,50.2376882172472,8.762311782752803,validation
img01948,1027,images/img01948.jpg,59.0,57.38661785954864,1.613382140451364,validation
img01951,1029,images/img01951.jpg,33.0,23.700797575589043,9.299202424410955,validation
img01952,1029,images/img01952.jpg,33.0,34.36886090710389,1.3688609071038869,validation
img01979,1045,images/img01979.jpg,55.0,48.156379809502944,6.843620190497056,validation
img01980,1045,images/img01980.jpg,55.0,58.40181414857971,3.40181414857971,validation
img02010,1061,images/img02010.jpg,76.0,77.32431958788501,1.3243195878850145,validation
img02027,1070,images/img02027.jpg,37.0,35.41952227965386,1.5804777203461384,validation
img02028,1070,images/img02028.jpg,37.0,47.78123381408375,10.781233814083748,validation
img02087,1103,images/img02087.jpg,69.0,54.46721834522356,14.532781654776445,validation
img02088,1103,images/img02088.jpg,69.0,59.65186132941477,9.348138670585236,validation
img02097,1108,images/img02097.jpg,55.0,55.84773784232226,0.8477378423222603,validation
img02098,1108,images/img02098.jpg,55.0,63.25318471593632,8.253184715936314,validation
img02121,1121,images/img02121.jpg,36.0,28.93253870764269,7.067461292357312,validation
img02122,1121,images/img02122.jpg,36.0,31.170504033855583,4.8294959661444175,validation
img02171,1146,images/img02171.jpg,49.0,49.59408628259808,0.5940862825980844,validation
img02172,1146,images/img02172.jpg,49.0,52.75769630746058,3.757696307460577,validation
img02179,1150,images/img02179.jpg,34.0,30.11492182703327,3.885078172966729,validation
img02180,1150,images/img02180.jpg,34.0,39.33157789189219,5.331577891892188,validation
img02187,1154,images/img02187.jpg,45.0,48.267083312084566,3.2670833120845657,validation
img02188,1154,images/img02188.jpg,45.0,52.15593618736721,7.15593618736721,validation
img02189,1155,images/img02189.jpg,40.0,43.37985183778515,3.3798518377851465,validation
img02206,1164,images/img02206.jpg,56.0,56.70979313643026,0.7097931364302568,validation
img02207,1164,images/img02207.jpg,56.0,60.88870421708852,4.888704217088517,validation
img02219,1171,images/img02219.jpg,77.0,77.38449729034053,0.3844972903405335,validation
img02220,1171,images/img02220.jpg,77.0,83.59993413315551,6.599934133155514,validation
img02226,1175,images/img02226.jpg,76.0,63.060494574076486,12.939505425923514,validation
img02227,1175,images/img02227.jpg,76.0,61.18992972798976,14.810070272010243,validation
img02232,1178,images/img02232.jpg,89.0,77.06765969109519,11.932340308904813,validation
img02233,1178,images/img02233.jpg,89.0,74.82751859706906,14.17248140293094,validation
img02247,1186,images/img02247.jpg,40.0,46.45318876530178,6.453188765301782,validation
img02248,1186,images/img02248.jpg,40.0,39.11988059141128,0.8801194085887261,validation
img02257,1191,images/img02257.jpg,79.0,76.30836580174528,2.691634198254718,validation
img02258,1191,images/img02258.jpg,79.0,64.91934081106385,14.080659188936153,validation
img02279,1202,images/img02279.jpg,35.0,34.19433706322154,0.8056629367784609,validation
img02280,1202,images/img02280.jpg,35.0,34.32987376535574,0.6701262346442576,validation
img02286,1206,images/img02286.jpg,31.0,29.98857897084673,1.011421029153265,validation
img02297,1212,images/img02297.jpg,51.0,61.86914663692911,10.86914663692911,validation
img02298,1212,images/img02298.jpg,51.0,58.29640269679646,7.296402696796463,validation
img02338,1233,images/img02338.jpg,19.0,22.689478883788283,3.689478883788283,validation
img02375,1252,images/img02375.jpg,29.0,44.0314195910347,15.031419591034698,validation
img02376,1252,images/img02376.jpg,29.0,29.72166079232693,0.7216607923269294,validation
img02383,1256,images/img02383.jpg,18.0,22.75301784759737,4.75301784759737,validation
img02408,1269,images/img02408.jpg,63.0,67.95488426995092,4.954884269950924,validation
img02426,1278,images/img02426.jpg,75.0,68.72029212138655,6.279707878613451,validation
img02445,1288,images/img02445.jpg,63.0,66.01028497055603,3.010284970556029,validation
img02446,1288,images/img02446.jpg,63.0,41.17066226783904,21.829337732160965,validation
img02453,1292,images/img02453.jpg,63.0,66.62901389837177,3.629013898371767,validation
img02454,1292,images/img02454.jpg,63.0,64.12836141681272,1.128361416812723,validation
img02457,1294,images/img02457.jpg,61.0,69.60835438452531,8.608354384525313,validation
img02458,1294,images/img02458.jpg,61.0,58.38055746961487,2.619442530385129,validation
img02479,1305,images/img02479.jpg,80.0,73.26710154583348,6.7328984541665164,validation
img02480,1305,images/img02480.jpg,80.0,76.80896253401707,3.19103746598293,validation
img02487,1309,images/img02487.jpg,44.0,42.05597073963524,1.9440292603647649,validation
img02488,1309,images/img02488.jpg,44.0,34.88839718014994,9.111602819850065,validation
img02555,1345,images/img02555.jpg,78.0,77.4041609964421,0.5958390035578986,validation
img02556,1345,images/img02556.jpg,78.0,70.3606640046642,7.639335995335799,validation
img02569,1352,images/img02569.jpg,73.0,68.94677482750357,4.053225172496425,validation
img02570,1352,images/img02570.jpg,73.0,54.254065079814985,18.74593492018501,validation
img02571,1353,images/img02571.jpg,82.0,76.3218304781474,5.678169521852595,validation
img02572,1353,images/img02572.jpg,82.0,83.1638862699535,1.163886269953494,validation
img02614,1377,images/img02614.jpg,63.0,54.63857396579891,8.361426034201088,validation
img02615,1377,images/img02615.jpg,63.0,53.21318702815155,9.786812971848448,validation
img02634,1387,images/img02634.jpg,75.0,75.56875852131606,0.568758521316056,validation
img02635,1387,images/img02635.jpg,75.0,57.71202390782164,17.28797609217836,validation
img02636,1388,images/img02636.jpg,52.0,56.45575193161565,4.455751931615644,validation
img02637,1388,images/img02637.jpg,52.0,55.0456241335111,3.0456241335110974,validation
img02642,1391,images/img02642.jpg,64.0,62.479440238353135,1.5205597616468651,validation
img02643,1391,images/img02643.jpg,64.0,65.40061628890993,1.40061628890993,validation
img02655,1398,images/img02655.jpg,64.0,62.99333532893605,1.0066646710639515,validation
img02666,1405,images/img02666.jpg,68.0,56.90412928208564,11.09587071791436,validation
img02669,1407,images/img02669.jpg,62.0,69.12015353043158,7.12015353043158,validation
img02670,1407,images/img02670.jpg,62.0,71.77515410817324,9.77515410817324,validation
img02759,1455,images/img02759.jpg,59.0,56.963167705617884,2.0368322943821155,validation
img02775,1465,images/img02775.jpg,67.0,61.99359292157318,5.006407078426818,validation
img02776,1465,images/img02776.jpg,67.0,57.4354440796417,9.564555920358302,validation
img02845,1502,images/img02845.jpg,68.0,66.13697464086016,1.86302535913984,validation
img02847,1502,images/img02847.jpg,68.0,66.09928314430606,1.9007168556939436,validation
img02872,1518,images/img02872.jpg,89.0,86.09370868002074,2.9062913199792604,validation
img02873,1518,images/img02873.jpg,89.0,77.70594380927446,11.29405619072554,validation
img02949,1559,images/img02949.jpg,59.0,63.93465319011398,4.934653190113977,validation
img02950,1559,images/img02950.jpg,59.0,54.5216070875023,4.478392912497704,validation
img02960,1565,images/img02960.jpg,52.0,29.422292590992576,22.577707409007424,validation
img02961,1565,images/img02961.jpg,52.0,40.78368533044591,11.216314669554087,validation
img02962,1566,images/img02962.jpg,44.0,42.92316308153386,1.0768369184661424,validation
img02963,1566,images/img02963.jpg,44.0,49.118204418646926,5.1182044186469255,validation
img03013,1594,images/img03013.jpg,64.0,64.18271962199935,0.1827196219993538,validation
img03014,1594,images/img03014.jpg,64.0,50.84183513827253,13.158164861727473,validation
img03027,1601,images/img03027.jpg,56.0,53.10061258337263,2.89938741662737,validation
img03035,1606,images/img03035.jpg,61.0,67.01937390932713,6.019373909327129,validation
img03036,1606,images/img03036.jpg,61.0,70.44757584065647,9.44757584065647,validation
img03043,1610,images/img03043.jpg,69.0,58.03177807201662,10.96822192798338,validation
img03044,1610,images/img03044.jpg,69.0,61.47736010752778,7.52263989247222,validation
img03090,1638,images/img03090.jpg,73.0,66.18788433585858,6.812115664141416,validation
img03091,1638,images/img03091.jpg,73.0,80.89819762654137,7.898197626541375,validation
img03095,1640,images/img03095.jpg,54.0,60.18802900258058,6.188029002580578,validation
img03098,1642,images/img03098.jpg,68.0,63.61095292472087,4.38904707527913,validation
img03099,1642,images/img03099.jpg,68.0,63.89095079416005,4.109049205839952,validation
img03107,1647,images/img03107.jpg,88.0,52.856989843695295,35.143010156304705,validation
img03108,1647,images/img03108.jpg,88.0,59.352941914273465,28.64705808572653,validation
img03120,1655,images/img03120.jpg,72.0,74.66001065010028,2.660010650100276,validation
img03121,1655,images/img03121.jpg,72.0,68.50758600625538,3.49241399374462,validation
img03124,1657,images/img03124.jpg,47.0,67.63336686133887,20.63336686133887,validation
img03125,1657,images/img03125.jpg,47.0,50.08535284261813,3.0853528426181285,validation
img03136,1664,images/img03136.jpg,76.0,75.42353283609775,0.576467163902251,validation
img03137,1664,images/img03137.jpg,76.0,72.19654307654935,3.803456923450653,validation
img03142,1667,images/img03142.jpg,71.0,82.37351434571337,11.373514345713374,validation
img03143,1667,images/img03143.jpg,71.0,78.16034228361708,7.160342283617084,validation
img03180,1688,images/img03180.jpg,66.0,54.10644386878126,11.893556131218736,validation
img03181,1688,images/img03181.jpg,66.0,66.74604076024218,0.746040760242181,validation
img03214,1706,images/img03214.jpg,69.0,79.63525547692899,10.63525547692899,validation
img03215,1706,images/img03215.jpg,69.0,84.78237832673034,15.782378326730338,validation
img03237,1718,images/img03237.jpg,81.0,67.79873830247,13.20126169753,validation
img03238,1718,images/img03238.jpg,81.0,72.36579927204176,8.634200727958245,validation
img03243,1721,images/img03243.jpg,70.0,62.31227147122892,7.687728528771082,validation
img03244,1721,images/img03244.jpg,70.0,65.0402742395042,4.9597257604958,validation
img03263,1732,images/img03263.jpg,56.0,57.50238199902744,1.502381999027442,validation
img03264,1732,images/img03264.jpg,56.0,51.75993390333827,4.240066096661728,validation
img03290,1746,images/img03290.jpg,61.0,52.534999655460666,8.465000344539334,validation
img03291,1746,images/img03291.jpg,61.0,43.698560924533,17.301439075467,validation
img03314,1758,images/img03314.jpg,47.0,33.99373890511421,13.006261094885788,validation
img03315,1758,images/img03315.jpg,47.0,45.50703731868613,1.4929626813138697,validation
img03358,1783,images/img03358.jpg,60.0,54.390894700617146,5.609105299382854,validation
img03361,1784,images/img03361.jpg,62.0,51.51369915167462,10.486300848325378,validation
img03368,1788,images/img03368.jpg,77.0,72.77260896015352,4.227391039846481,validation
img03369,1788,images/img03369.jpg,77.0,76.42127669984269,0.5787233001573071,validation
img03370,1789,images/img03370.jpg,61.0,64.26157511872528,3.2615751187252755,validation
img03371,1789,images/img03371.jpg,61.0,73.06153020415304,12.061530204153044,validation
img03412,1811,images/img03412.jpg,71.0,62.62469100761139,8.37530899238861,validation
img03413,1811,images/img03413.jpg,71.0,61.707875345719714,9.292124654280286,validation
img03432,1822,images/img03432.jpg,77.0,75.87444899132876,1.1255510086712377,validation
img03433,1822,images/img03433.jpg,77.0,64.808482987106,12.191517012893996,validation
img03437,1825,images/img03437.jpg,57.0,61.32752114017916,4.327521140179158,validation
img03438,1825,images/img03438.jpg,57.0,62.809590919150445,5.809590919150445,validation
img03474,1847,images/img03474.jpg,31.0,31.14228557951991,0.1422855795199105,validation
img03475,1847,images/img03475.jpg,31.0,26.77626882772247,4.223731172277532,validation
img03487,1854,images/img03487.jpg,75.0,63.15521027301995,11.844789726980054,validation
img03488,1854,images/img03488.jpg,75.0,73.65271412957532,1.3472858704246846,validation
img03493,1857,images/img03493.jpg,73.0,80.56393425380236,7.563934253802358,validation
img03494,1857,images/img03494.jpg,73.0,81.0344759437698,8.034475943769806,validation
img03515,1870,images/img03515.jpg,65.0,63.91419824614347,1.0858017538565292,validation
img03516,1870,images/img03516.jpg,65.0,67.63520235869711,2.6352023586971143,validation
img03517,1871,images/img03517.jpg,67.0,68.09645204777794,1.0964520477779445,validation
img03518,1871,images/img03518.jpg,67.0,60.34227021894079,6.65772978105921,validation
img03540,1883,images/img03540.jpg,65.0,68.66220948157225,3.662209481572248,validation
img03541,1883,images/img03541.jpg,65.0,56.62155075571009,8.37844924428991,validation
img03632,1930,images/img03632.jpg,79.0,67.89981934920391,11.10018065079609,validation
img03633,1930,images/img03633.jpg,79.0,66.23941131636192,12.760588683638076,validation
img03653,1941,images/img03653.jpg,73.0,50.60473097715143,22.395269022848566,validation
img03701,1965,images/img03701.jpg,66.0,63.28153949657607,2.718460503423927,validation
img03702,1965,images/img03702.jpg,66.0,64.96009910415471,1.0399008958452924,validation
img03736,1984,images/img03736.jpg,69.0,62.05429629825725,6.945703701742751,validation
img03737,1984,images/img03737.jpg,69.0,62.98325209018052,6.016747909819479,validation
img03743,1988,images/img03743.jpg,60.0,62.99936694993409,2.9993669499340925,validation
img03744,1988,images/img03744.jpg,60.0,66.52497566144959,6.524975661449588,validation
img03757,1995,images/img03757.jpg,70.0,73.13684776063529,3.136847760635291,validation
img03758,1995,images/img03758.jpg,70.0,73.36507871527594,3.365078715275942,validation
img03759,1996,images/img03759.jpg,84.0,81.5800385441818,2.4199614558181963,validation
img03796,2017,images/img03796.jpg,37.0,33.3587418867791,3.6412581132209,validation
img03797,2017,images/img03797.jpg,37.0,45.29835882788293,8.298358827882929,validation
img03814,2026,images/img03814.jpg,16.0,36.926800428166565,20.926800428166565,validation
img03815,2026,images/img03815.jpg,16.0,18.89210641160049,2.892106411600494,validation
img03858,2048,images/img03858.jpg,23.0,29.43670609847113,6.436706098471134,validation
img03859,2048,images/img03859.jpg,23.0,32.13420013050207,9.134200130502071,validation
img03874,2056,images/img03874.jpg,29.0,31.43760543492808,2.4376054349280807,validation
img03875,2056,images/img03875.jpg,29.0,41.47017661097137,12.470176610971372,validation
img03894,2066,images/img03894.jpg,38.0,32.179019856844306,5.820980143155694,validation
img03895,2066,images/img03895.jpg,38.0,40.602228476042896,2.602228476042896,validation
img03933,2086,images/img03933.jpg,38.0,50.382064316938425,12.382064316938424,validation
img03934,2086,images/img03934.jpg,38.0,43.96701904498378,5.967019044983779,validation
img03947,2093,images/img03947.jpg,63.0,59.18329091780442,3.81670908219558,validation
img04017,2132,images/img04017.jpg,71.0,73.07356181844659,2.073561818446592,validation
img04024,2136,images/img04024.jpg,45.0,45.25365797807786,0.2536579780778609,validation
img04025,2136,images/img04025.jpg,45.0,51.79284579967107,6.792845799671071,validation
img04033,2141,images/img04033.jpg,68.0,60.15257489332915,7.847425106670848,validation
img04034,2141,images/img04034.jpg,68.0,69.21969572584496,1.2196957258449572,validation
img04053,2151,images/img04053.jpg,46.0,42.02062732734273,3.97937267265727,validation
img04054,2151,images/img04054.jpg,46.0,55.29984637965754,9.299846379657538,validation
img04096,2173,images/img04096.jpg,72.0,69.52025051133009,2.47974948866991,validation
img04097,2173,images/img04097.jpg,72.0,77.55645601848516,5.556456018485164,validation
img04119,2185,images/img04119.jpg,49.0,61.54472820456608,12.544728204566075,validation
img04120,2185,images/img04120.jpg,49.0,46.31522218312353,2.684777816876469,validation
img04180,2216,images/img04180.jpg,50.0,48.80748132679251,1.1925186732074875,validation
img04181,2216,images/img04181.jpg,50.0,47.47334249221784,2.5266575077821614,validation
img04197,2226,images/img04197.jpg,47.0,52.81128617759736,5.81128617759736,validation
img04199,2228,images/img04199.jpg,64.0,54.42681395521812,9.573186044781885,validation
img04200,2228,images/img04200.jpg,64.0,59.26122294014645,4.738777059853547,validation
img04203,2230,images/img04203.jpg,22.0,28.253005521677853,6.253005521677853,validation
img04204,2230,images/img04204.jpg,22.0,25.580482106114005,3.5804821061140046,validation
img04215,2236,images/img04215.jpg,72.0,64.71884080789546,7.281159192104539,validation
img04216,2236,images/img04216.jpg,72.0,71.4700961922115,0.5299038077885001,validation
img04219,2238,images/img04219.jpg,63.0,59.04279139289623,3.957208607103773,validation
img04220,2238,images/img04220.jpg,63.0,69.11770838184147,6.117708381841467,validation
img04278,2269,images/img04278.jpg,54.0,48.157025450879104,5.842974549120896,validation
img04279,2269,images/img04279.jpg,54.0,56.35753039727312,2.3575303972731163,validation
img04284,2272,images/img04284.jpg,56.0,63.37940869558568,7.379408695585681,validation
img04285,2272,images/img04285.jpg,56.0,49.09138249097032,6.908617509029682,validation
img04304,2283,images/img04304.jpg,64.0,58.036281747798455,5.963718252201545,validation
img04305,2283,images/img04305.jpg,64.0,67.23519589846451,3.235195898464511,validation
img04319,2292,images/img04319.jpg,73.0,62.86368083417062,10.136319165829375,validation
img04320,2292,images/img04320.jpg,73.0,62.02288562718506,10.977114372814938,validation
img04340,2303,images/img04340.jpg,77.0,70.18733983225782,6.81266016774218,validation
img04349,2308,images/img04349.jpg,77.0,78.89600918855298,1.8960091885529808,validation
img04350,2308,images/img04350.jpg,77.0,71.68846911915097,5.311530880849034,validation
img04351,2309,images/img04351.jpg,84.0,87.49227259938107,3.4922725993810677,validation
img04352,2309,images/img04352.jpg,84.0,81.13802286069205,2.861977139307953,validation
img04359,2313,images/img04359.jpg,29.0,30.2726088270556,1.272608827055599,validation
img04360,2313,images/img04360.jpg,29.0,28.620279490993823,0.3797205090061766,validation
img04363,2315,images/img04363.jpg,43.0,69.44774236732248,26.44774236732248,validation
img04364,2315,images/img04364.jpg,43.0,75.40685085891917,32.40685085891917,validation
img04395,2332,images/img04395.jpg,63.0,61.88300066125569,1.1169993387443071,validation
img04396,2332,images/img04396.jpg,63.0,64.98314915564981,1.983149155649812,validation
img04425,2348,images/img04425.jpg,65.0,74.53469078649961,9.53469078649961,validation
img04426,2348,images/img04426.jpg,65.0,76.37724657545374,11.37724657545374,validation
img04449,2360,images/img04449.jpg,52.0,44.935923897056846,7.0640761029431545,validation
img04450,2360,images/img04450.jpg,52.0,73.31152319936778,21.311523199367784,validation
img04470,2371,images/img04470.jpg,33.0,31.950436635033896,1.0495633649661045,validation
img04471,2371,images/img04471.jpg,33.0,29.87555901170606,3.124440988293941,validation
img04530,2401,images/img04530.jpg,74.0,74.05262352547939,0.0526235254793903,validation
img04531,2401,images/img04531.jpg,74.0,81.50376125051878,7.503761250518778,validation
img04534,2403,images/img04534.jpg,77.0,72.7516659680144,4.248334031985607,validation
img04535,2403,images/img04535.jpg,77.0,71.83151358350386,5.168486416496137,validation
img04562,2418,images/img04562.jpg,68.0,62.79641525451299,5.203584745487007,validation
img04563,2418,images/img04563.jpg,68.0,67.42506790296625,0.5749320970337521,validation
img04590,2432,images/img04590.jpg,40.0,57.55650258746604,17.556502587466042,validation
img04591,2432,images/img04591.jpg,40.0,35.02886344143994,4.971136558560062,validation
img04597,2436,images/img04597.jpg,29.0,38.64050713815982,9.64050713815982,validation
img04598,2436,images/img04598.jpg,29.0,31.74124446671689,2.741244466716889,validation
img04600,2437,images/img04600.jpg,50.0,45.68096350805136,4.319036491948637,validation
img04651,2463,images/img04651.jpg,77.0,70.59153096472068,6.4084690352793245,validation
img04652,2463,images/img04652.jpg,77.0,59.99138539790221,17.008614602097786,validation
img04669,2472,images/img04669.jpg,69.0,69.60749171167303,0.6074917116730347,validation
img04670,2472,images/img04670.jpg,69.0,68.71662985155353,0.2833701484464654,validation
img04687,2481,images/img04687.jpg,49.0,70.69569516714783,21.695695167147832,validation
img04688,2481,images/img04688.jpg,49.0,53.03896637396949,4.038966373969494,validation
img04743,2509,images/img04743.jpg,39.0,44.92503088005504,5.92503088005504,validation
img04744,2509,images/img04744.jpg,39.0,61.5127209695872,22.5127209695872,validation
img04747,2511,images/img04747.jpg,58.0,60.65779908566689,2.657799085666888,validation
img04748,2511,images/img04748.jpg,58.0,60.59258494423317,2.592584944233174,validation
img04763,2519,images/img04763.jpg,56.0,61.00340644282163,5.003406442821628,validation
img04764,2519,images/img04764.jpg,56.0,54.477893240138826,1.522106759861174,validation
img04841,2558,images/img04841.jpg,77.0,72.61079399964342,4.38920600035658,validation
img04842,2558,images/img04842.jpg,77.0,71.12704795243708,5.872952047562919,validation
img04899,2589,images/img04899.jpg,56.0,46.70845377134819,9.29154622865181,validation
img04900,2589,images/img04900.jpg,56.0,51.87606973648518,4.123930263514822,validation
img04909,2594,images/img04909.jpg,60.0,72.76265713995514,12.762657139955138,validation
img04910,2594,images/img04910.jpg,60.0,67.73746889897136,7.737468898971358,validation
img04937,2608,images/img04937.jpg,42.0,43.24324524681647,1.2432452468164712,validation
img04938,2608,images/img04938.jpg,42.0,37.25941043548961,4.740589564510387,validation
img04948,2614,images/img04948.jpg,70.0,79.1155708808641,9.115570880864098,validation
img04949,2614,images/img04949.jpg,70.0,69.7292092890145,0.2707907109854943,validation
img04954,2617,images/img04954.jpg,42.0,45.32121475072101,3.321214750721012,validation
img04957,2619,images/img04957.jpg,89.0,86.01484445841135,2.9851555415886537,validation
img04958,2619,images/img04958.jpg,89.0,83.99420289190166,5.005797108098335,validation
img04961,2621,images/img04961.jpg,60.0,65.92396315480784,5.923963154807836,validation
img05037,2660,images/img05037.jpg,68.0,70.3811391249277,2.3811391249276994,validation
img05038,2660,images/img05038.jpg,68.0,61.12696333465784,6.873036665342163,validation
img05041,2662,images/img05041.jpg,57.0,59.41645115894826,2.416451158948263,validation
img05042,2662,images/img05042.jpg,57.0,66.21297710069413,9.212977100694133,validation
img05049,2666,images/img05049.jpg,49.0,42.24445875949787,6.755541240502133,validation
img05050,2666,images/img05050.jpg,49.0,50.005132992240895,1.0051329922408954,validation
img05055,2669,images/img05055.jpg,50.0,45.82966824054997,4.170331759450029,validation
img05056,2669,images/img05056.jpg,50.0,49.77182524603603,0.2281747539639695,validation
img05082,2683,images/img05082.jpg,31.0,25.236582099591654,5.763417900408342,validation
img05083,2683,images/img05083.jpg,31.0,40.09449260787865,9.09449260787865,validation
img05084,2684,images/img05084.jpg,71.0,73.23182029833565,2.2318202983356485,validation
img05085,2684,images/img05085.jpg,71.0,68.60495352446594,2.395046475534059,validation
img05100,2692,images/img05100.jpg,13.0,37.07540700572624,24.075407005726237,validation
img05101,2692,images/img05101.jpg,13.0,41.248183948005774,28.24818394800577,validation
img05102,2693,images/img05102.jpg,58.0,56.17320448763743,1.8267955123625723,validation
img05103,2693,images/img05103.jpg,58.0,50.9524503014091,7.047549698590899,validation
img05115,2700,images/img05115.jpg,55.0,61.75046750025315,6.750467500253151,validation
img05126,2706,images/img05126.jpg,60.0,63.52818213654156,3.5281821365415595,validation
img05127,2706,images/img05127.jpg,60.0,63.36942306646388,3.369423066463881,validation
img05132,2709,images/img05132.jpg,54.0,58.21102671294603,4.21102671294603,validation
img05133,2709,images/img05133.jpg,54.0,46.32219554623021,7.677804453769788,validation
img05135,2711,images/img05135.jpg,21.0,73.1595008299329,52.159500829932895,validation
img05136,2711,images/img05136.jpg,21.0,58.6972012128558,37.6972012128558,validation
img05143,2715,images/img05143.jpg,36.0,46.90814236035465,10.908142360354653,validation
img05144,2715,images/img05144.jpg,36.0,46.667678028490414,10.667678028490414,validation
img05153,2720,images/img05153.jpg,23.0,65.79024777209625,42.79024777209625,validation
img05154,2720,images/img05154.jpg,23.0,37.61160344374221,14.611603443742212,validation
img05175,2731,images/img05175.jpg,34.0,32.07864879750208,1.921351202497917,validation
img05176,2731,images/img05176.jpg,34.0,32.35237020390107,1.6476297960989328,validation
img05186,2737,images/img05186.jpg,28.0,25.522644853647076,2.4773551463529278,validation
img05187,2737,images/img05187.jpg,28.0,36.605288472606674,8.605288472606674,validation
img05198,2743,images/img05198.jpg,74.0,81.7954166548731,7.795416654873094,validation
img05199,2743,images/img05199.jpg,74.0,73.5927163778412,0.4072836221588005,validation
img05210,2749,images/img05210.jpg,63.0,59.23530485586596,3.764695144134045,validation
img05211,2749,images/img05211.jpg,63.0,68.83801697393389,5.83801697393389,validation
img05241,2765,images/img05241.jpg,37.0,38.34759098814531,1.3475909881453134,validation
img05242,2765,images/img05242.jpg,37.0,35.52331785575476,1.4766821442452382,validation
img05243,2766,images/img05243.jpg,47.0,58.51146425780965,11.51146425780965,validation
img05244,2766,images/img05244.jpg,47.0,69.67777501039794,22.677775010397937,validation
img05271,2780,images/img05271.jpg,75.0,73.07326408179847,1.9267359182015296,validation
img05272,2780,images/img05272.jpg,75.0,63.18606309685581,11.813936903144196,validation
img05273,2781,images/img05273.jpg,74.0,80.57652426063744,6.576524260637441,validation
img05274,2781,images/img05274.jpg,74.0,75.06672436449396,1.0667243644939646,validation
img05295,2792,images/img05295.jpg,59.0,47.28367770369832,11.716322296301676,validation
img05296,2792,images/img05296.jpg,59.0,58.39800546429611,0.6019945357038878,validation
img05299,2794,images/img05299.jpg,35.0,29.365251484141517,5.634748515858487,validation
img05300,2794,images/img05300.jpg,35.0,31.667261817404267,3.332738182595733,validation
img05304,2796,images/img05304.jpg,66.0,65.89496164218149,0.1050383578185147,validation
img05305,2797,images/img05305.jpg,27.0,48.22861202907108,21.22861202907108,validation
img05306,2797,images/img05306.jpg,27.0,47.443600455107685,20.443600455107685,validation
img05313,2801,images/img05313.jpg,64.0,51.89322885572805,12.106771144271946,validation
img05314,2801,images/img05314.jpg,64.0,47.37974303305225,16.62025696694775,validation
img05336,2813,images/img05336.jpg,69.0,73.27930874840669,4.279308748406692,validation
img05339,2814,images/img05339.jpg,75.0,78.25556566171696,3.255565661716957,validation
img05342,2816,images/img05342.jpg,73.0,71.46588316410998,1.5341168358900177,validation
img05343,2816,images/img05343.jpg,73.0,75.95135665782189,2.95135665782189,validation
img05358,2824,images/img05358.jpg,24.0,27.43909604307921,3.4390960430792106,validation
img05439,2865,images/img05439.jpg,58.0,55.167023388932506,2.832976611067494,validation
img05440,2865,images/img05440.jpg,58.0,52.2459502647353,5.754049735264701,validation
img05445,2868,images/img05445.jpg,67.0,63.073413945262246,3.926586054737754,validation
img05446,2868,images/img05446.jpg,67.0,63.06832188515197,3.931678114848026,validation
img05450,2871,images/img05450.jpg,67.0,80.9414861358361,13.9414861358361,validation
img05451,2871,images/img05451.jpg,67.0,72.17623045724031,5.176230457240308,validation
img05457,2874,images/img05457.jpg,69.0,63.77412678583011,5.225873214169887,validation
img05460,2876,images/img05460.jpg,69.0,55.74130380693205,13.258696193067948,validation
img05461,2876,images/img05461.jpg,69.0,61.83792900390351,7.162070996096489,validation
img05477,2885,images/img05477.jpg,69.0,65.30730038845684,3.692699611543162,validation
img05478,2885,images/img05478.jpg,69.0,62.48192410361361,6.518075896386392,validation
img05489,2892,images/img05489.jpg,56.0,61.02530480969981,5.025304809699804,validation
img05504,2900,images/img05504.jpg,76.0,74.73698702505065,1.2630129749493475,validation
img05505,2900,images/img05505.jpg,76.0,70.16509356065161,5.834906439348387,validation
img05522,2909,images/img05522.jpg,68.0,68.26199035230529,0.2619903523052898,validation
img05523,2909,images/img05523.jpg,68.0,67.41501574660805,0.5849842533919514,validation
img05546,2921,images/img05546.jpg,82.0,70.3628583128548,11.637141687145204,validation
img05547,2921,images/img05547.jpg,82.0,80.57436048953898,1.4256395104610249,validation
img05552,2924,images/img05552.jpg,38.0,39.06064081392788,1.060640813927883,validation
img05560,2928,images/img05560.jpg,57.0,51.865619507319046,5.134380492680954,validation
img05561,2928,images/img05561.jpg,57.0,45.52272684037095,11.47727315962905,validation
img05563,2929,images/img05563.jpg,79.0,64.29350928280515,14.706490717194852,validation
img05603,2951,images/img05603.jpg,66.0,65.68311056562956,0.316889434370438,validation
img05650,2975,images/img05650.jpg,53.0,48.68832068561052,4.31167931438948,validation
img05651,2975,images/img05651.jpg,53.0,72.92259079746883,19.92259079746883,validation
img05689,2996,images/img05689.jpg,48.0,45.089039058145296,2.910960941854704,validation
img05690,2996,images/img05690.jpg,48.0,45.7313933344594,2.2686066655406023,validation
img05697,3000,images/img05697.jpg,89.0,83.50242701680956,5.497572983190437,validation
img05698,3000,images/img05698.jpg,89.0,81.71526987539485,7.284730124605147,validation
img05706,3004,images/img05706.jpg,46.0,68.60634841520937,22.606348415209368,validation
img05707,3005,images/img05707.jpg,35.0,28.296950578453057,6.703049421546943,validation
img05708,3005,images/img05708.jpg,35.0,30.4398670242353,4.560132975764699,validation
img05725,3014,images/img05725.jpg,84.0,84.42189013552661,0.4218901355266098,validation
img05726,3014,images/img05726.jpg,84.0,73.29004035506446,10.709959644935536,validation
img05731,3017,images/img05731.jpg,73.0,71.07753969184468,1.9224603081553229,validation
img05732,3017,images/img05732.jpg,73.0,72.08859445592073,0.9114055440792724,validation
img05735,3019,images/img05735.jpg,87.0,79.26172358495019,7.73827641504981,validation
img05736,3019,images/img05736.jpg,87.0,70.70615848363916,16.293841516360843,validation
img05743,3023,images/img05743.jpg,82.0,78.11105541694252,3.88894458305748,validation
img05744,3023,images/img05744.jpg,82.0,83.7185140242821,1.7185140242821006,validation
img05747,3025,images/img05747.jpg,55.0,58.50482503047429,3.5048250304742865,validation
img05748,3025,images/img05748.jpg,55.0,57.213408337564,2.213408337563997,validation
img05753,3028,images/img05753.jpg,73.0,46.995211244249234,26.004788755750766,validation
img05754,3028,images/img05754.jpg,73.0,64.5512434308712,8.448756569128804,validation
img05757,3030,images/img05757.jpg,31.0,31.055285404082586,0.055285404082582,validation
img05769,3036,images/img05769.jpg,65.0,60.51917922783945,4.480820772160548,validation
img05770,3036,images/img05770.jpg,65.0,71.79794786621667,6.797947866216674,validation
img05771,3037,images/img05771.jpg,75.0,62.34248955979295,12.657510440207057,validation
img05772,3037,images/img05772.jpg,75.0,68.2850774845551,6.714922515444897,validation
img05804,3054,images/img05804.jpg,67.0,58.23732023986799,8.76267976013201,validation
img05805,3054,images/img05805.jpg,67.0,61.57263256309713,5.42736743690287,validation
img05931,3120,images/img05931.jpg,39.0,43.64606548196543,4.6460654819654295,validation
img05932,3120,images/img05932.jpg,39.0,61.78240820799563,22.78240820799563,validation
img05983,3147,images/img05983.jpg,81.0,63.718304981442806,17.281695018557194,validation
img05989,3151,images/img05989.jpg,60.0,55.914443393522696,4.085556606477304,validation
img05990,3151,images/img05990.jpg,60.0,54.9812677571827,5.0187322428173005,validation
img06001,3157,images/img06001.jpg,62.0,55.55746683158597,6.44253316841403,validation
img06002,3157,images/img06002.jpg,62.0,50.09040564075282,11.90959435924718,validation
img06020,3168,images/img06020.jpg,68.0,74.38469586185911,6.3846958618591145,validation
img06021,3168,images/img06021.jpg,68.0,68.77734849678366,0.7773484967836595,validation
img06043,3180,images/img06043.jpg,54.0,55.17803691838713,1.1780369183871289,validation
img06044,3180,images/img06044.jpg,54.0,61.11461762455967,7.114617624559671,validation
img06065,3191,images/img06065.jpg,51.0,65.34314330032753,14.343143300327526,validation
img06066,3191,images/img06066.jpg,51.0,43.34719787081968,7.652802129180316,validation
img06166,3243,images/img06166.jpg,51.0,62.60263123038917,11.602631230389171,validation
img06182,3252,images/img06182.jpg,66.0,65.89484167503389,0.1051583249661121,validation
img06183,3252,images/img06183.jpg,66.0,58.73086235855586,7.269137641444139,validation
img06198,3260,images/img06198.jpg,50.0,57.22100886983264,7.221008869832637,validation
img06199,3261,images/img06199.jpg,51.0,66.39498035092394,15.394980350923944,validation
img06200,3261,images/img06200.jpg,51.0,57.65581807223572,6.655818072235718,validation
img06201,3262,images/img06201.jpg,32.0,39.8841814732577,7.884181473257698,validation
img06202,3262,images/img06202.jpg,32.0,40.24549743777983,8.245497437779832,validation
img06216,3271,images/img06216.jpg,67.0,63.51326476704309,3.48673523295691,validation
img06239,3283,images/img06239.jpg,38.0,55.13437146686161,17.13437146686161,validation
img06244,3286,images/img06244.jpg,51.0,57.94004287505943,6.940042875059426,validation
img06245,3286,images/img06245.jpg,51.0,47.44166134975835,3.558338650241652,validation
img06282,3305,images/img06282.jpg,58.0,62.7980931586637,4.798093158663704,validation
img06283,3305,images/img06283.jpg,58.0,74.16985215027985,16.16985215027985,validation
img06299,3314,images/img06299.jpg,83.0,78.56941280715584,4.430587192844158,validation
img06310,3320,images/img06310.jpg,44.0,45.42942729907435,1.429427299074348,validation
img06311,3320,images/img06311.jpg,44.0,64.10358274778179,20.103582747781783,validation
img06337,3334,images/img06337.jpg,53.0,55.05901328514074,2.059013285140743,validation
img06338,3334,images/img06338.jpg,53.0,49.17659297468759,3.823407025312413,validation
img06392,3362,images/img06392.jpg,40.0,36.65636830283261,3.343631697167396,validation
img06393,3362,images/img06393.jpg,40.0,37.54073121538365,2.459268784616356,validation
img06462,3398,images/img06462.jpg,67.0,73.104012752338,6.104012752337994,validation
img06463,3398,images/img06463.jpg,67.0,71.56358331850252,4.563583318502523,validation
img06473,3404,images/img06473.jpg,42.0,40.08817361103159,1.9118263889684075,validation
img06474,3404,images/img06474.jpg,42.0,43.74992431347143,1.7499243134714249,validation
img06499,3417,images/img06499.jpg,64.0,62.08184784431333,1.9181521556866696,validation
img06558,3448,images/img06558.jpg,36.0,46.89242557340901,10.892425573409014,validation
img06559,3448,images/img06559.jpg,36.0,58.23020700597331,22.230207005973316,validation
img06572,3455,images/img06572.jpg,87.0,87.32504930173522,0.3250493017352198,validation
img06573,3455,images/img06573.jpg,87.0,84.25654486904587,2.743455130954132,validation
img06587,3464,images/img06587.jpg,55.0,54.13087027064244,0.8691297293575602,validation
img06588,3464,images/img06588.jpg,55.0,57.69511481102045,2.695114811020453,validation
img06616,3481,images/img06616.jpg,57.0,54.7217406455653,2.2782593544347023,validation
img06617,3481,images/img06617.jpg,57.0,54.93074032114094,2.069259678859062,validation
img06639,3493,images/img06639.jpg,86.0,87.8514237021943,1.851423702194296,validation
img06640,3493,images/img06640.jpg,86.0,85.43856154333106,0.5614384566689381,validation
img06656,3502,images/img06656.jpg,73.0,75.89626992486622,2.8962699248662176,validation
img06657,3502,images/img06657.jpg,73.0,74.71137294842826,1.711372948428263,validation
img06692,3521,images/img06692.jpg,75.0,80.32615500482342,5.32615500482342,validation
img06695,3523,images/img06695.jpg,85.0,83.94403917443921,1.0559608255607884,validation
img06755,3555,images/img06755.jpg,49.0,61.436196107355954,12.436196107355954,validation
img06756,3555,images/img06756.jpg,49.0,57.72910000434533,8.729100004345327,validation
img06774,3565,images/img06774.jpg,58.0,64.42754585028916,6.427545850289164,validation
img06782,3569,images/img06782.jpg,25.0,34.33261337876268,9.33261337876268,validation
img06783,3569,images/img06783.jpg,25.0,31.46289887208325,6.462898872083255,validation
img06834,3595,images/img06834.jpg,67.0,70.06617083196402,3.0661708319640155,validation
img06835,3595,images/img06835.jpg,67.0,68.37771066287732,1.3777106628773197,validation
img06906,3632,images/img06906.jpg,87.0,83.57039822141715,3.4296017785828496,validation
img06907,3632,images/img06907.jpg,87.0,74.22062442836375,12.779375571636251,validation
img06908,3633,images/img06908.jpg,82.0,71.50450713258404,10.495492867415962,validation
img06909,3633,images/img06909.jpg,82.0,71.0742885821448,10.925711417855196,validation
img06910,3634,images/img06910.jpg,51.0,49.50456243461949,1.495437565380506,validation
img06911,3634,images/img06911.jpg,51.0,38.55856957635109,12.44143042364891,validation
img06924,3641,images/img06924.jpg,72.0,53.27286686694453,18.727133133055467,validation
img06925,3641,images/img06925.jpg,72.0,56.01726587246502,15.982734127534982,validation
img06939,3649,images/img06939.jpg,70.0,76.53836463589734,6.538364635897338,validation
img06971,3667,images/img06971.jpg,59.0,59.42857084003425,0.4285708400342471,validation
img06997,3681,images/img06997.jpg,75.0,75.11246238482053,0.1124623848205317,validation
img06998,3681,images/img06998.jpg,75.0,70.3725909203562,4.627409079643797,validation
img07005,3685,images/img07005.jpg,78.0,82.879007918828,4.879007918827995,validation
img07006,3685,images/img07006.jpg,78.0,77.7559504788346,0.2440495211653939,validation
img07103,3737,images/img07103.jpg,80.0,80.1521284792984,0.1521284792983976,validation
img07104,3737,images/img07104.jpg,80.0,72.30040408927621,7.699595910723787,validation
img07129,3750,images/img07129.jpg,53.0,49.42690660936954,3.5730933906304614,validation
img07130,3750,images/img07130.jpg,53.0,33.67696456127396,19.32303543872604,validation
img07135,3753,images/img07135.jpg,34.0,30.06459669922677,3.935403300773228,validation
img07136,3753,images/img07136.jpg,34.0,36.3025110230597,2.302511023059701,validation
img07139,3755,images/img07139.jpg,80.0,78.51974422682983,1.480255773170171,validation
img07140,3755,images/img07140.jpg,80.0,73.36470245467666,6.63529754532334,validation
img07151,3761,images/img07151.jpg,56.0,66.80284956707108,10.802849567071078,validation
img07152,3761,images/img07152.jpg,56.0,70.0520256146519,14.052025614651896,validation
img07163,3768,images/img07163.jpg,37.0,37.35464253847295,0.3546425384729517,validation
img07164,3768,images/img07164.jpg,37.0,35.32703851496092,1.6729614850390817,validation
img07167,3770,images/img07167.jpg,44.0,64.80914335172301,20.80914335172301,validation
img07168,3770,images/img07168.jpg,44.0,49.084027414212194,5.084027414212194,validation
img07179,3776,images/img07179.jpg,28.0,28.136567589441093,0.1365675894410927,validation
img07180,3776,images/img07180.jpg,28.0,25.74499414622417,2.255005853775831,validation
img07277,3827,images/img07277.jpg,16.0,22.92904237143511,6.929042371435109,validation
img07281,3829,images/img07281.jpg,22.0,23.74713979409532,1.7471397940953182,validation
img07282,3829,images/img07282.jpg,22.0,22.284537411347728,0.2845374113477277,validation
img07303,3840,images/img07303.jpg,34.0,61.624519445043255,27.62451944504325,validation
img07319,3848,images/img07319.jpg,22.0,19.85792047370729,2.1420795262927115,validation
img07320,3848,images/img07320.jpg,22.0,21.780974218698997,0.2190257813010063,validation
img07321,3849,images/img07321.jpg,29.0,34.989885024575244,5.989885024575244,validation
img07341,3859,images/img07341.jpg,39.0,49.23952664970653,10.239526649706526,validation
img07342,3859,images/img07342.jpg,39.0,37.25671662772084,1.7432833722791583,validation
img07373,3875,images/img07373.jpg,57.0,55.65355029233834,1.3464497076616624,validation
img07374,3875,images/img07374.jpg,57.0,52.71180941880995,4.288190581190051,validation
img07398,3888,images/img07398.jpg,41.0,53.1044602569792,12.104460256979197,validation
img07399,3888,images/img07399.jpg,41.0,38.48394564810404,2.51605435189596,validation
img07436,3908,images/img07436.jpg,83.0,63.44379942614271,19.55620057385729,validation
img07437,3908,images/img07437.jpg,83.0,52.507448109404585,30.49255189059541,validation
img07444,3912,images/img07444.jpg,73.0,75.65412059988346,2.654120599883456,validation
img07493,3937,images/img07493.jpg,71.0,77.49784443261102,6.497844432611018,validation
img07498,3940,images/img07498.jpg,72.0,66.91732112869768,5.0826788713023205,validation
img07499,3940,images/img07499.jpg,72.0,61.83955019631172,10.16044980368828,validation
img07502,3942,images/img07502.jpg,35.0,30.820138888688188,4.179861111311812,validation
img07503,3942,images/img07503.jpg,35.0,39.096495722513325,4.096495722513325,validation
img07504,3943,images/img07504.jpg,69.0,64.80279927083599,4.19720072916401,validation
img07505,3943,images/img07505.jpg,69.0,72.21816115654632,3.218161156546316,validation
img07542,3963,images/img07542.jpg,54.0,49.11797593576127,4.882024064238728,validation
img07583,3985,images/img07583.jpg,80.0,66.12099065435851,13.879009345641492,validation
img07584,3985,images/img07584.jpg,80.0,52.00529180421404,27.99470819578596,validation
img07611,3999,images/img07611.jpg,47.0,53.66873936833197,6.66873936833197,validation
img07612,3999,images/img07612.jpg,47.0,45.68781690401045,1.3121830959895533,validation
img07647,4017,images/img07647.jpg,59.0,70.09495531311426,11.094955313114257,validation
img07648,4017,images/img07648.jpg,59.0,68.85804930636172,9.85804930636172,validation
img07655,4021,images/img07655.jpg,84.0,83.51958013769506,0.4804198623049416,validation
img07673,4030,images/img07673.jpg,78.0,79.65595526294163,1.6559552629416316,validation
img07674,4030,images/img07674.jpg,78.0,66.88640668537238,11.113593314627622,validation
img07692,4040,images/img07692.jpg,57.0,55.75065933587636,1.2493406641236433,validation
img07715,4052,images/img07715.jpg,82.0,67.72123952512236,14.278760474877645,validation
img07716,4052,images/img07716.jpg,82.0,73.04420040437745,8.955799595622551,validation
img07721,4055,images/img07721.jpg,65.0,56.065239780504925,8.934760219495075,validation
img07722,4055,images/img07722.jpg,65.0,56.69379544913505,8.306204550864948,validation
img07732,4062,images/img07732.jpg,59.0,63.38473305571812,4.384733055718122,validation
img07733,4062,images/img07733.jpg,59.0,66.0239623159925,7.023962315992506,validation
img07778,4087,images/img07778.jpg,49.0,43.33112554487299,5.6688744551270105,validation
img07779,4087,images/img07779.jpg,49.0,57.24785533624397,8.247855336243973,validation
img07823,4110,images/img07823.jpg,65.0,65.0272136342674,0.0272136342673974,validation
img07824,4110,images/img07824.jpg,65.0,70.98308192226855,5.983081922268553,validation
img07828,4113,images/img07828.jpg,54.0,68.86769030258678,14.86769030258678,validation
img07829,4113,images/img07829.jpg,54.0,60.52168436000336,6.521684360003363,validation
img07832,4115,images/img07832.jpg,75.0,29.97719517915021,45.022804820849785,validation
img07833,4115,images/img07833.jpg,75.0,23.692877562626776,51.30712243737322,validation
img07861,4130,images/img07861.jpg,64.0,63.43334483453485,0.5666551654651499,validation
img07878,4138,images/img07878.jpg,45.0,67.84522230033254,22.845222300332537,validation
img07893,4146,images/img07893.jpg,27.0,33.42151524206443,6.42151524206443,validation
img07904,4152,images/img07904.jpg,77.0,77.93803225301556,0.9380322530155638,validation
img07905,4152,images/img07905.jpg,77.0,78.42482403843024,1.4248240384302449,validation
img07935,4168,images/img07935.jpg,71.0,59.94790057872961,11.052099421270391,validation
img07936,4168,images/img07936.jpg,71.0,68.88032066200788,2.1196793379921246,validation
img07957,4179,images/img07957.jpg,80.0,88.20318919115726,8.203189191157264,validation
img07969,4186,images/img07969.jpg,43.0,44.92093345665938,1.920933456659384,validation
img07970,4186,images/img07970.jpg,43.0,50.00910281421592,7.009102814215922,validation
img07981,4192,images/img07981.jpg,34.0,35.533061369360496,1.533061369360496,validation
img07982,4192,images/img07982.jpg,34.0,52.81073105688712,18.810731056887118,validation
img08001,4203,images/img08001.jpg,83.0,73.3623892699489,9.637610730051094,validation
img08002,4203,images/img08002.jpg,83.0,65.21286279517372,17.78713720482628,validation
img08003,4204,images/img08003.jpg,63.0,64.96177537238977,1.9617753723897664,validation
img08004,4204,images/img08004.jpg,63.0,69.31864244796208,6.318642447962077,validation
img08049,4227,images/img08049.jpg,61.0,55.77348485794864,5.226515142051362,validation
img08050,4227,images/img08050.jpg,61.0,45.76932258408783,15.230677415912169,validation
img08057,4231,images/img08057.jpg,66.0,68.67926335690838,2.679263356908379,validation
img08058,4231,images/img08058.jpg,66.0,58.312457027671016,7.687542972328984,validation
img08106,4256,images/img08106.jpg,54.0,32.18654506882993,21.81345493117007,validation
img08107,4256,images/img08107.jpg,54.0,43.69337398131508,10.306626018684923,validation
img08117,4262,images/img08117.jpg,71.0,81.08030775659358,10.080307756593584,validation
img08118,4262,images/img08118.jpg,71.0,76.32300833741472,5.32300833741472,validation
img08125,4266,images/img08125.jpg,77.0,65.38453523807978,11.615464761920222,validation
img08126,4266,images/img08126.jpg,77.0,77.58296439566237,0.5829643956623727,validation
img08135,4271,images/img08135.jpg,27.0,33.14676211819611,6.146762118196108,validation
img08136,4271,images/img08136.jpg,27.0,40.26220886144009,13.262208861440088,validation
img08141,4274,images/img08141.jpg,68.0,75.61036312810268,7.610363128102676,validation
img08142,4274,images/img08142.jpg,68.0,69.85943035589972,1.8594303558997185,validation
img08161,4284,images/img08161.jpg,70.0,71.96185461753669,1.9618546175366876,validation
img08162,4284,images/img08162.jpg,70.0,73.32298442440502,3.3229844244050213,validation
img08169,4288,images/img08169.jpg,61.0,59.52197589789021,1.4780241021097922,validation
img08170,4288,images/img08170.jpg,61.0,65.94155797291859,4.941557972918588,validation
img08209,4309,images/img08209.jpg,72.0,73.96433206728975,1.964332067289746,validation
img08210,4309,images/img08210.jpg,72.0,84.2112234619046,12.211223461904597,validation
img08244,4327,images/img08244.jpg,34.0,40.76715167628618,6.767151676286183,validation
img08261,4336,images/img08261.jpg,64.0,65.41016567385866,1.410165673858657,validation
img08315,4365,images/img08315.jpg,32.0,69.09319582175611,37.09319582175611,validation
img08316,4365,images/img08316.jpg,32.0,67.89126241974895,35.891262419748955,validation
img08317,4366,images/img08317.jpg,55.0,53.38453719567474,1.6154628043252617,validation
img08318,4366,images/img08318.jpg,55.0,47.33571727110503,7.664282728894975,validation
img08323,4369,images/img08323.jpg,35.0,38.132636034301925,3.1326360343019246,validation
img08377,4399,images/img08377.jpg,38.0,38.76138603607853,0.7613860360785338,validation
img08378,4399,images/img08378.jpg,38.0,42.19828449499823,4.1982844949982265,validation
img08381,4401,images/img08381.jpg,46.0,52.74846156362169,6.748461563621689,validation
img08382,4401,images/img08382.jpg,46.0,28.981485303862254,17.018514696137746,validation
img08399,4410,images/img08399.jpg,51.0,58.21337411557612,7.213374115576116,validation
img08422,4422,images/img08422.jpg,33.0,32.316449858689666,0.6835501413103344,validation
img08432,4429,images/img08432.jpg,54.0,43.219604084466845,10.780395915533155,validation
img08433,4429,images/img08433.jpg,54.0,53.051953363002085,0.9480466369979156,validation
img08442,4434,images/img08442.jpg,62.0,59.63119317110467,2.3688068288953303,validation
img08456,4442,images/img08456.jpg,72.0,42.051838416705735,29.948161583294265,validation
img08457,4442,images/img08457.jpg,72.0,58.70502634271042,13.294973657289582,validation
img08493,4463,images/img08493.jpg,33.0,40.08509808961138,7.085098089611378,validation
img08494,4463,images/img08494.jpg,33.0,46.68998755550172,13.689987555501716,validation
img08524,4479,images/img08524.jpg,78.0,84.42903145263993,6.429031452639933,validation
img08525,4479,images/img08525.jpg,78.0,83.9444056195446,5.944405619544597,validation
img08532,4483,images/img08532.jpg,54.0,47.4835800523496,6.516419947650405,validation
img08533,4483,images/img08533.jpg,54.0,50.79276857490537,3.207231425094633,validation
img08538,4486,images/img08538.jpg,16.0,15.799745966306284,0.2002540336937173,validation
img08581,4508,images/img08581.jpg,75.0,60.85768562046688,14.14231437953312,validation
img08582,4508,images/img08582.jpg,75.0,63.16083346041094,11.839166539589058,validation
img08653,4548,images/img08653.jpg,70.0,77.31685981252535,7.316859812525351,validation
img08654,4548,images/img08654.jpg,70.0,70.71328780403772,0.7132878040377193,validation
img08655,4549,images/img08655.jpg,64.0,61.84472023506793,2.155279764932068,validation
img08656,4549,images/img08656.jpg,64.0,45.53651651868201,18.463483481317997,validation
img08724,4584,images/img08724.jpg,55.0,69.2780837365804,14.2780837365804,validation
img08725,4584,images/img08725.jpg,55.0,73.45520567082382,18.455205670823812,validation
img08728,4586,images/img08728.jpg,64.0,58.932768158572,5.067231841427997,validation
img08729,4586,images/img08729.jpg,64.0,59.3474932245517,4.652506775448302,validation
img08741,4593,images/img08741.jpg,36.0,44.66890320115637,8.668903201156368,validation
img08742,4593,images/img08742.jpg,36.0,37.31239447153103,1.3123944715310287,validation
img08778,4612,images/img08778.jpg,78.0,75.11178402513139,2.888215974868615,validation
img08779,4612,images/img08779.jpg,78.0,82.4009802788505,4.400980278850497,validation
img08857,4653,images/img08857.jpg,76.0,80.81270249350118,4.8127024935011775,validation
img08858,4653,images/img08858.jpg,76.0,81.22042066010339,5.220420660103386,validation
img08870,4660,images/img08870.jpg,63.0,61.88808508709294,1.111914912907061,validation
img08871,4660,images/img08871.jpg,63.0,73.71846376073148,10.71846376073148,validation
img08886,4668,images/img08886.jpg,81.0,76.54907006790472,4.450929932095278,validation
img08887,4668,images/img08887.jpg,81.0,70.78551784238499,10.21448215761501,validation
img08890,4670,images/img08890.jpg,33.0,35.79187194992362,2.791871949923617,validation
img08891,4670,images/img08891.jpg,33.0,33.37575104708748,0.3757510470874834,validation
img08903,4676,images/img08903.jpg,64.0,63.736119012250526,0.2638809877494736,validation
img08926,4689,images/img08926.jpg,79.0,75.47107254485914,3.52892745514086,validation
img08934,4693,images/img08934.jpg,81.0,80.57549254316811,0.4245074568318898,validation
img08935,4693,images/img08935.jpg,81.0,70.19576152601913,10.804238473980874,validation
img08954,4704,images/img08954.jpg,82.0,77.68980495609136,4.310195043908635,validation
img08955,4704,images/img08955.jpg,82.0,83.94541116236356,1.9454111623635555,validation
img08971,4713,images/img08971.jpg,63.0,56.4824106085431,6.517589391456902,validation
img08972,4713,images/img08972.jpg,63.0,71.86268977333302,8.862689773333017,validation
img08979,4717,images/img08979.jpg,68.0,69.29624130967443,1.2962413096744283,validation
img08980,4717,images/img08980.jpg,68.0,62.010453213557504,5.989546786442496,validation
img08993,4724,images/img08993.jpg,48.0,48.68907593333517,0.6890759333351681,validation
img08994,4724,images/img08994.jpg,48.0,51.6579203846844,3.6579203846844015,validation
img09017,4737,images/img09017.jpg,56.0,56.46113647981134,0.4611364798113371,validation
img09018,4737,images/img09018.jpg,56.0,58.17576209725729,2.175762097257291,validation
img09019,4738,images/img09019.jpg,62.0,59.14976827962931,2.8502317203706866,validation
img09020,4738,images/img09020.jpg,62.0,60.94157537495015,1.0584246250498524,validation
img09021,4739,images/img09021.jpg,60.0,68.33689783926484,8.336897839264836,validation
img09022,4739,images/img09022.jpg,60.0,63.05526182522039,3.055261825220392,validation
img09066,4762,images/img09066.jpg,66.0,63.35645788963995,2.643542110360052,validation
img09067,4762,images/img09067.jpg,66.0,65.64821975666662,0.3517802433333798,validation
img09102,4782,images/img09102.jpg,70.0,80.00376401725478,10.00376401725478,validation
img09103,4782,images/img09103.jpg,70.0,71.76301234222599,1.7630123422259911,validation
img09112,4787,images/img09112.jpg,58.0,54.88191641859505,3.118083581404953,validation
img09161,4812,images/img09161.jpg,52.0,64.68398707968724,12.683987079687242,validation
img09162,4812,images/img09162.jpg,52.0,48.909089138365424,3.090910861634576,validation
img09163,4813,images/img09163.jpg,78.0,63.50835320295943,14.491646797040572,validation
img09164,4813,images/img09164.jpg,78.0,77.72920434858308,0.2707956514169183,validation
img09168,4815,images/img09168.jpg,40.0,44.17397219008245,4.173972190082452,validation
img09190,4827,images/img09190.jpg,69.0,71.6094587557436,2.609458755743603,validation
img09191,4827,images/img09191.jpg,69.0,79.19222334451597,10.192223344515966,validation
img09211,4838,images/img09211.jpg,77.0,59.33963619434192,17.66036380565808,validation
img09212,4838,images/img09212.jpg,77.0,79.5687347841969,2.5687347841969057,validation
img09218,4842,images/img09218.jpg,49.0,52.25086401003983,3.2508640100398267,validation
img09219,4842,images/img09219.jpg,49.0,58.20863827609842,9.20863827609842,validation
img09222,4844,images/img09222.jpg,58.0,60.16000195037584,2.160001950375843,validation
img09223,4844,images/img09223.jpg,58.0,58.394444212254434,0.3944442122544345,validation
img09246,4856,images/img09246.jpg,58.0,61.3164361757412,3.3164361757411958,validation
img09247,4856,images/img09247.jpg,58.0,64.3805868915832,6.380586891583207,validation
img09268,4867,images/img09268.jpg,31.0,52.63490993189507,21.634909931895077,validation
img09269,4867,images/img09269.jpg,31.0,52.72950566369094,21.729505663690937,validation
img09322,4895,images/img09322.jpg,68.0,75.19259389575271,7.192593895752708,validation
img09323,4895,images/img09323.jpg,68.0,79.10629196730268,11.10629196730268,validation
img09459,4966,images/img09459.jpg,64.0,70.1935388619573,6.193538861957293,validation
img09460,4966,images/img09460.jpg,64.0,66.82815827277231,2.8281582727723134,validation
img09481,4978,images/img09481.jpg,54.0,45.44603947718524,8.553960522814762,validation
img09497,4986,images/img09497.jpg,60.0,57.47459828927551,2.525401710724495,validation
img09498,4986,images/img09498.jpg,60.0,65.65850966609915,5.65850966609915,validation
img09511,4993,images/img09511.jpg,54.0,42.70335382065451,11.296646179345489,validation
img09512,4993,images/img09512.jpg,54.0,49.34512282363181,4.654877176368188,validation
img09545,5011,images/img09545.jpg,64.0,70.91412262460895,6.91412262460895,validation
img09575,5027,images/img09575.jpg,62.0,60.39723044108626,1.6027695589137425,validation
img09576,5027,images/img09576.jpg,62.0,51.69771076101624,10.30228923898376,validation
img09596,5038,images/img09596.jpg,68.0,68.2643122619165,0.2643122619165012,validation
img09597,5038,images/img09597.jpg,68.0,71.53176366851807,3.531763668518068,validation
img09607,5044,images/img09607.jpg,62.0,58.66105347536918,3.3389465246308205,validation
img09608,5044,images/img09608.jpg,62.0,59.92194514104178,2.078054858958218,validation
img09626,5054,images/img09626.jpg,78.0,79.46026267056058,1.4602626705605817,validation
img09636,5059,images/img09636.jpg,69.0,63.832476625200414,5.167523374799586,validation
img09637,5059,images/img09637.jpg,69.0,57.259546134777295,11.740453865222705,validation
img09701,5093,images/img09701.jpg,46.0,55.328125499198535,9.328125499198537,validation
img09702,5093,images/img09702.jpg,46.0,62.48889692141508,16.488896921415076,validation
img09716,5101,images/img09716.jpg,73.0,70.76233582702753,2.2376641729724724,validation
img09717,5101,images/img09717.jpg,73.0,61.23367629366621,11.766323706333791,validation
img09720,5103,images/img09720.jpg,68.0,57.27414225134019,10.725857748659813,validation
img09721,5103,images/img09721.jpg,68.0,57.924474274806336,10.075525725193664,validation
img09722,5104,images/img09722.jpg,55.0,55.68253571846081,0.6825357184608123,validation
img09723,5104,images/img09723.jpg,55.0,59.20019347094301,4.200193470943013,validation
img09730,5108,images/img09730.jpg,65.0,66.96910549326313,1.969105493263129,validation
img09731,5108,images/img09731.jpg,65.0,61.11322818686841,3.886771813131588,validation
img09767,5129,images/img09767.jpg,71.0,66.01897713570465,4.981022864295355,validation
img09771,5131,images/img09771.jpg,32.0,59.35404124958963,27.354041249589628,validation
img09772,5131,images/img09772.jpg,32.0,37.68773677682812,5.6877367768281175,validation
img09789,5140,images/img09789.jpg,80.0,60.01107146151766,19.98892853848234,validation
img09790,5140,images/img09790.jpg,80.0,73.80544321457059,6.194556785429413,validation
img09820,5157,images/img09820.jpg,39.0,40.33175926995422,1.331759269954219,validation
img09821,5157,images/img09821.jpg,39.0,34.31950860380336,4.6804913961966434,validation
img09863,5179,images/img09863.jpg,77.0,66.05496837059417,10.945031629405833,validation
img09864,5179,images/img09864.jpg,77.0,74.53092599928593,2.469074000714073,validation
img09902,5199,images/img09902.jpg,54.0,54.43658637000032,0.4365863700003203,validation
img09903,5199,images/img09903.jpg,54.0,61.95253034817161,7.9525303481716065,validation
img09967,5232,images/img09967.jpg,27.0,29.83942054440812,2.8394205444081173,validation
img09968,5232,images/img09968.jpg,27.0,29.18196349482199,2.1819634948219893,validation
img09992,5245,images/img09992.jpg,55.0,73.69828419589524,18.69828419589524,validation
img09993,5245,images/img09993.jpg,55.0,62.09924253540967,7.099242535409672,validation
img09997,5248,images/img09997.jpg,48.0,55.23058770943416,7.230587709434154,validation
img10029,5264,images/img10029.jpg,80.0,75.98659646212329,4.013403537876712,validation
img10030,5265,images/img10030.jpg,84.0,80.63772277445796,3.3622772255420443,validation
img10041,5271,images/img10041.jpg,45.0,64.6942846233928,19.694284623392804,validation
img10073,5289,images/img10073.jpg,65.0,59.31601302706443,5.683986972935571,validation
img10074,5289,images/img10074.jpg,65.0,85.03825298400862,20.038252984008626,validation
img10088,5297,images/img10088.jpg,14.0,20.172304199479058,6.172304199479058,validation
img10089,5297,images/img10089.jpg,14.0,16.642421385677814,2.642421385677814,validation
img10124,5315,images/img10124.jpg,59.0,69.93363112729888,10.93363112729888,validation
img10125,5315,images/img10125.jpg,59.0,50.50208708566746,8.497912914332538,validation
img10136,5321,images/img10136.jpg,57.0,61.82379360208529,4.8237936020852885,validation
img10137,5321,images/img10137.jpg,57.0,52.19792359841571,4.802076401584287,validation
img10188,5347,images/img10188.jpg,72.0,80.95936778449064,8.959367784490638,validation
img10189,5347,images/img10189.jpg,72.0,80.91878398906901,8.918783989069013,validation
img10196,5351,images/img10196.jpg,66.0,60.73308283322572,5.2669171667742845,validation
img10197,5351,images/img10197.jpg,66.0,67.15333140755477,1.1533314075547736,validation
img10200,5354,images/img10200.jpg,78.0,79.76603057391402,1.7660305739140227,validation
img10201,5354,images/img10201.jpg,78.0,80.64609648136023,2.646096481360232,validation
img10208,5358,images/img10208.jpg,71.0,81.54350963834895,10.54350963834895,validation
img10209,5358,images/img10209.jpg,71.0,71.19028372654589,0.1902837265458856,validation
img10214,5361,images/img10214.jpg,44.0,49.12112889052221,5.121128890522208,validation
img10215,5361,images/img10215.jpg,44.0,49.54344269654524,5.543442696545242,validation
img10234,5371,images/img10234.jpg,60.0,68.21608655919295,8.216086559192945,validation
img10235,5371,images/img10235.jpg,60.0,60.1299736280271,0.129973628027102,validation
img10244,5376,images/img10244.jpg,60.0,59.78833554754217,0.2116644524578319,validation
img10245,5376,images/img10245.jpg,60.0,62.36907046256392,2.3690704625639185,validation
img10274,5391,images/img10274.jpg,57.0,45.53049853031437,11.469501469685632,validation
img10275,5391,images/img10275.jpg,57.0,49.039949848269416,7.960050151730584,validation
img10293,5401,images/img10293.jpg,86.0,88.42090557061626,2.420905570616256,validation
img10351,5431,images/img10351.jpg,59.0,49.24007958919591,9.759920410804092,validation
img10352,5431,images/img10352.jpg,59.0,40.86865806108885,18.13134193891115,validation
img10362,5437,images/img10362.jpg,59.0,68.70934239264224,9.709342392642242,validation
img10363,5437,images/img10363.jpg,59.0,65.10113411878537,6.101134118785367,validation
img10423,5470,images/img10423.jpg,58.0,64.23441455650932,6.234414556509321,validation
img10424,5470,images/img10424.jpg,58.0,60.90330967200323,2.903309672003232,validation
img10440,5479,images/img10440.jpg,68.0,53.98826259576784,14.011737404232164,validation
img10441,5479,images/img10441.jpg,68.0,59.42116886702751,8.57883113297249,validation
img10442,5480,images/img10442.jpg,59.0,61.51634397744463,2.5163439774446275,validation
img10443,5480,images/img10443.jpg,59.0,66.2409883390476,7.240988339047604,validation
img10488,5505,images/img10488.jpg,69.0,62.914589438558615,6.085410561441385,validation
img10489,5505,images/img10489.jpg,69.0,62.90374331780541,6.096256682194586,validation
img10496,5509,images/img10496.jpg,77.0,72.08731516988317,4.912684830116831,validation
img10497,5509,images/img10497.jpg,77.0,60.81599703667693,16.184002963323067,validation
img10522,5522,images/img10522.jpg,17.0,22.18808382467976,5.188083824679758,validation
img10523,5522,images/img10523.jpg,17.0,23.273721073806414,6.2737210738064135,validation
img10543,5533,images/img10543.jpg,50.0,43.95770741310939,6.0422925868906106,validation
img10544,5533,images/img10544.jpg,50.0,58.55872340703722,8.55872340703722,validation
img10604,5564,images/img10604.jpg,72.0,71.86876665466403,0.1312333453359713,validation
img10605,5564,images/img10605.jpg,72.0,51.79632266573052,20.20367733426948,validation
img10615,5570,images/img10615.jpg,74.0,74.679979727123,0.6799797271229977,validation
img10616,5570,images/img10616.jpg,74.0,75.04270912276591,1.042709122765913,validation
img10623,5574,images/img10623.jpg,35.0,31.194473469945457,3.805526530054543,validation
img10624,5574,images/img10624.jpg,35.0,37.18791437796354,2.187914377963544,validation
img10645,5586,images/img10645.jpg,21.0,55.87585759641378,34.87585759641378,validation
img10646,5586,images/img10646.jpg,21.0,31.015399599337886,10.015399599337886,validation
img10672,5600,images/img10672.jpg,48.0,69.82004950378536,21.82004950378536,validation
img10673,5600,images/img10673.jpg,48.0,57.52309432706007,9.523094327060065,validation
img10694,5612,images/img10694.jpg,54.0,55.64214550639099,1.6421455063909889,validation
img10695,5612,images/img10695.jpg,54.0,65.06729683950041,11.067296839500417,validation
img10709,5620,images/img10709.jpg,49.0,60.59569863701853,11.595698637018527,validation
img10710,5620,images/img10710.jpg,49.0,58.92048270470025,9.920482704700248,validation
img10731,5632,images/img10731.jpg,62.0,76.33016710429496,14.330167104294958,validation
img10732,5632,images/img10732.jpg,62.0,70.29367871188778,8.293678711887779,validation
img10765,5649,images/img10765.jpg,66.0,33.59440098907686,32.40559901092314,validation
img10801,5667,images/img10801.jpg,57.0,58.5686416909648,1.568641690964796,validation
img10802,5667,images/img10802.jpg,57.0,70.52279087975805,13.522790879758048,validation
img10810,5672,images/img10810.jpg,58.0,56.40884648098403,1.5911535190159682,validation
img10811,5672,images/img10811.jpg,58.0,62.30972816769986,4.309728167699859,validation
img10839,5687,images/img10839.jpg,54.0,37.041574088883024,16.958425911116976,validation
img10840,5687,images/img10840.jpg,54.0,38.787815889304575,15.212184110695423,validation
img10841,5688,images/img10841.jpg,55.0,47.11980258008086,7.880197419919142,validation
img10842,5688,images/img10842.jpg,55.0,34.60913983519457,20.39086016480543,validation
img10868,5703,images/img10868.jpg,82.0,79.75190935003143,2.2480906499685744,validation
img10875,5707,images/img10875.jpg,75.0,66.37630691909526,8.623693080904744,validation
img10886,5713,images/img10886.jpg,77.0,70.75502655590756,6.244973444092437,validation
img10887,5713,images/img10887.jpg,77.0,73.19275899507808,3.80724100492192,validation
img10909,5725,images/img10909.jpg,53.0,58.01555346958826,5.015553469588262,validation
img10910,5725,images/img10910.jpg,53.0,62.18751054547501,9.187510545475014,validation
img10926,5735,images/img10926.jpg,71.0,74.29357208837575,3.293572088375754,validation
img10927,5735,images/img10927.jpg,71.0,70.06689172546002,0.9331082745399756,validation
img10945,5745,images/img10945.jpg,66.0,64.76490546604663,1.2350945339533723,validation
img10946,5745,images/img10946.jpg,66.0,69.16856354631827,3.168563546318268,validation
img10955,5750,images/img10955.jpg,53.0,42.21268491515159,10.787315084848409,validation
img10956,5750,images/img10956.jpg,53.0,49.45757130290576,3.5424286970942447,validation
img10965,5755,images/img10965.jpg,68.0,50.60157911300093,17.39842088699907,validation
img10987,5767,images/img10987.jpg,19.0,30.58837762807689,11.588377628076891,validation
img10988,5767,images/img10988.jpg,19.0,30.983113168088245,11.983113168088243,validation
img11032,5792,images/img11032.jpg,66.0,68.19595716243661,2.195957162436613,validation
img11033,5792,images/img11033.jpg,66.0,68.0616604843644,2.0616604843643955,validation
img11042,5797,images/img11042.jpg,57.0,48.86071129548651,8.13928870451349,validation
img11043,5797,images/img11043.jpg,57.0,48.27539321827652,8.72460678172348,validation
img11050,5802,images/img11050.jpg,52.0,60.77111350962439,8.771113509624392,validation
img11051,5802,images/img11051.jpg,52.0,50.81579136113966,1.1842086388603406,validation
img11058,5807,images/img11058.jpg,84.0,65.04828804496368,18.95171195503632,validation
img11082,5821,images/img11082.jpg,65.0,65.58957763370036,0.5895776337003582,validation
img11089,5825,images/img11089.jpg,70.0,72.21957676888796,2.2195767688879613,validation
img11090,5825,images/img11090.jpg,70.0,67.54200424417076,2.457995755829245,validation
img11134,5849,images/img11134.jpg,74.0,72.02057526445411,1.9794247355458907,validation
img11135,5849,images/img11135.jpg,74.0,67.76731018163089,6.23268981836911,validation
img11138,5852,images/img11138.jpg,74.0,70.44293965570706,3.5570603442929354,validation
img11150,5859,images/img11150.jpg,57.0,53.167626232020304,3.832373767979696,validation
img11151,5859,images/img11151.jpg,57.0,52.54023076840111,4.459769231598891,validation
img11177,5874,images/img11177.jpg,69.0,76.98601441288243,7.986014412882426,validation
img11187,5880,images/img11187.jpg,80.0,72.66056400673968,7.339435993260324,validation
img11188,5880,images/img11188.jpg,80.0,65.3033065730523,14.696693426947704,validation
img11205,5888,images/img11205.jpg,63.0,50.48032395448294,12.51967604551706,validation
img11206,5888,images/img11206.jpg,63.0,53.74648735016349,9.253512649836509,validation
img11208,5890,images/img11208.jpg,68.0,61.97371054807985,6.0262894519201495,validation
img11209,5890,images/img11209.jpg,68.0,65.67942648358789,2.320573516412111,validation
img11214,5893,images/img11214.jpg,53.0,50.73366730494693,2.266332695053066,validation
img11215,5893,images/img11215.jpg,53.0,50.28529772507627,2.714702274923731,validation
img11249,5913,images/img11249.jpg,66.0,63.9354945960628,2.064505403937197,validation
img11250,5913,images/img11250.jpg,66.0,39.85729792609165,26.142702073908357,validation
img11275,5926,images/img11275.jpg,59.0,65.4463913899912,6.446391389991206,validation
img11276,5926,images/img11276.jpg,59.0,58.13341778394469,0.8665822160553134,validation
img11285,5932,images/img11285.jpg,60.0,61.05792333182621,1.0579233318262098,validation
img11286,5932,images/img11286.jpg,60.0,70.90312599961604,10.903125999616035,validation
img11301,5941,images/img11301.jpg,65.0,73.02253433752144,8.022534337521435,validation
img11302,5941,images/img11302.jpg,65.0,72.44856024472718,7.448560244727176,validation
img11318,5951,images/img11318.jpg,82.0,78.28766668919305,3.7123333108069545,validation
img11319,5951,images/img11319.jpg,82.0,77.32965485412178,4.670345145878216,validation
img11320,5952,images/img11320.jpg,56.0,52.19812372543012,3.801876274569885,validation
img11321,5952,images/img11321.jpg,56.0,60.062633886860056,4.062633886860056,validation
img11324,5954,images/img11324.jpg,47.0,40.20744713039336,6.792552869606638,validation
img11325,5954,images/img11325.jpg,47.0,52.64963044621044,5.649630446210438,validation
img11351,5968,images/img11351.jpg,49.0,41.40047460760709,7.599525392392906,validation
img11363,5975,images/img11363.jpg,70.0,73.13110678731756,3.131106787317563,validation
img11364,5975,images/img11364.jpg,70.0,62.0458664249177,7.954133575082302,validation
img11390,5989,images/img11390.jpg,62.0,61.67635561360426,0.3236443863957419,validation
img11391,5989,images/img11391.jpg,62.0,62.51151072873711,0.5115107287371075,validation
img11396,5992,images/img11396.jpg,66.0,71.70303531209011,5.703035312090108,validation
img11409,6001,images/img11409.jpg,61.0,53.31921944624992,7.680780553750083,validation
img11410,6001,images/img11410.jpg,61.0,68.8974814171664,7.897481417166404,validation
img11417,6005,images/img11417.jpg,77.0,74.36528844920922,2.634711550790783,validation
img11418,6005,images/img11418.jpg,77.0,72.77935002323804,4.220649976761962,validation
img11426,6010,images/img11426.jpg,67.0,64.96513772435378,2.034862275646219,validation
img11427,6010,images/img11427.jpg,67.0,62.28406065116627,4.715939348833729,validation
img11428,6011,images/img11428.jpg,70.0,67.04465425915711,2.955345740842887,validation
img11429,6011,images/img11429.jpg,70.0,58.25254025376153,11.74745974623847,validation
img11457,6026,images/img11457.jpg,70.0,76.75832767284768,6.758327672847685,validation
img11458,6026,images/img11458.jpg,70.0,74.99491639238414,4.994916392384141,validation
img11459,6027,images/img11459.jpg,74.0,56.13296150797602,17.86703849202398,validation
img11460,6027,images/img11460.jpg,74.0,51.32967663622868,22.670323363771324,validation
img11466,6030,images/img11466.jpg,68.0,61.19188519249558,6.808114807504417,validation
img11475,6036,images/img11475.jpg,59.0,65.83417974154627,6.834179741546265,validation
img11476,6036,images/img11476.jpg,59.0,66.8893524241511,7.889352424151099,validation
img11509,6056,images/img11509.jpg,25.0,39.0894176608051,14.089417660805095,validation
img11510,6056,images/img11510.jpg,25.0,39.53203645186413,14.53203645186413,validation
img11556,6080,images/img11556.jpg,83.0,82.36632286052016,0.6336771394798433,validation
img11557,6080,images/img11557.jpg,83.0,76.15125682525229,6.84874317474771,validation
img11634,6121,images/img11634.jpg,49.0,52.41807585627614,3.41807585627614,validation
img11649,6131,images/img11649.jpg,60.0,65.54024059894589,5.540240598945886,validation
img11650,6131,images/img11650.jpg,60.0,66.95839788003488,6.95839788003488,validation
img11666,6141,images/img11666.jpg,72.0,72.05676389983195,0.0567638998319495,validation
img11667,6141,images/img11667.jpg,72.0,63.14315139346558,8.85684860653442,validation
img11682,6150,images/img11682.jpg,61.0,64.84363826909886,3.843638269098861,validation
img11683,6150,images/img11683.jpg,61.0,60.014908229019895,0.9850917709801053,validation
img11707,6163,images/img11707.jpg,67.0,66.547048525997,0.4529514740030009,validation
img11708,6163,images/img11708.jpg,67.0,68.88260330964351,1.882603309643514,validation
img11740,6180,images/img11740.jpg,14.0,48.16567726344171,34.16567726344171,validation
img11741,6180,images/img11741.jpg,14.0,19.59688504786147,5.59688504786147,validation
img11788,6205,images/img11788.jpg,32.0,50.55208557564937,18.55208557564937,validation
img11789,6205,images/img11789.jpg,32.0,44.44942875767987,12.449428757679868,validation
img11821,6222,images/img11821.jpg,72.0,73.20852158766189,1.2085215876618918,validation
img11822,6222,images/img11822.jpg,72.0,75.81959128656396,3.8195912865639623,validation
img11827,6225,images/img11827.jpg,88.0,79.4435436126273,8.556456387372705,validation
img11828,6225,images/img11828.jpg,88.0,73.02806591363608,14.971934086363916,validation
img11847,6235,images/img11847.jpg,39.0,54.093529950647664,15.093529950647664,validation
img11848,6235,images/img11848.jpg,39.0,46.15480647579859,7.154806475798587,validation
img11877,6251,images/img11877.jpg,72.0,63.78401098818167,8.21598901181833,validation
img11878,6251,images/img11878.jpg,72.0,81.77623499858277,9.776234998582764,validation
img11901,6263,images/img11901.jpg,63.0,67.61872977872162,4.618729778721615,validation
img11902,6263,images/img11902.jpg,63.0,71.43136970635676,8.431369706356762,validation
img11982,6305,images/img11982.jpg,83.0,77.89241856227832,5.107581437721677,validation
img11983,6305,images/img11983.jpg,83.0,76.51387825046237,6.486121749537631,validation
img11986,6307,images/img11986.jpg,83.0,66.34602284860004,16.653977151399957,validation
img11987,6307,images/img11987.jpg,83.0,61.10302934340702,21.896970656592977,validation
img12008,6318,images/img12008.jpg,36.0,42.00641558279422,6.006415582794219,validation
img12009,6318,images/img12009.jpg,36.0,36.16288453180289,0.1628845318028879,validation
img12023,6327,images/img12023.jpg,24.0,34.13369912316344,10.13369912316344,validation
img12024,6327,images/img12024.jpg,24.0,45.29927385003596,21.29927385003596,validation
img12029,6330,images/img12029.jpg,11.0,18.47538852770765,7.475388527707651,validation
img12030,6330,images/img12030.jpg,11.0,21.19629360328692,10.196293603286918,validation
img12061,6346,images/img12061.jpg,75.0,71.82647932574653,3.173520674253467,validation
img12062,6346,images/img12062.jpg,75.0,75.04977191592808,0.0497719159280762,validation
img12063,6347,images/img12063.jpg,40.0,40.8443461733231,0.8443461733231032,validation
img12064,6347,images/img12064.jpg,40.0,39.63363881038488,0.3663611896151195,validation
img12078,6355,images/img12078.jpg,77.0,83.46968034795732,6.469680347957322,validation
img12079,6355,images/img12079.jpg,77.0,75.12163223733867,1.8783677626613269,validation
img12080,6356,images/img12080.jpg,32.0,26.34395739586288,5.65604260413712,validation
img12081,6356,images/img12081.jpg,32.0,34.463366663539055,2.4633666635390554,validation
img12094,6363,images/img12094.jpg,25.0,43.5913135664126,18.5913135664126,validation
img12095,6363,images/img12095.jpg,25.0,27.66785594377972,2.667855943779717,validation
img12104,6368,images/img12104.jpg,25.0,32.20089968334513,7.200899683345128,validation
img12105,6368,images/img12105.jpg,25.0,36.94874351007249,11.94874351007249,validation
img12116,6374,images/img12116.jpg,89.0,72.60276819746919,16.39723180253081,validation
img12118,6375,images/img12118.jpg,58.0,67.91848187492828,9.918481874928275,validation
img12119,6375,images/img12119.jpg,58.0,74.36701597613461,16.36701597613461,validation
img12166,6403,images/img12166.jpg,58.0,55.34148002394694,2.658519976053057,validation
img12167,6403,images/img12167.jpg,58.0,58.41081250260731,0.4108125026073068,validation
img12176,6408,images/img12176.jpg,76.0,58.405731484927664,17.594268515072336,validation
img12177,6408,images/img12177.jpg,76.0,75.77461451231943,0.2253854876805689,validation
img12208,6426,images/img12208.jpg,71.0,72.36482862875665,1.364828628756655,validation
img12209,6426,images/img12209.jpg,71.0,80.13069144063324,9.130691440633242,validation
img12286,6466,images/img12286.jpg,63.0,75.28814009454067,12.288140094540664,validation
img12287,6466,images/img12287.jpg,63.0,74.28772423523561,11.287724235235617,validation
img12294,6470,images/img12294.jpg,37.0,61.325075991589046,24.32507599158905,validation
img12295,6470,images/img12295.jpg,37.0,63.68483850970498,26.68483850970498,validation
img12304,6475,images/img12304.jpg,37.0,49.764446175848384,12.764446175848384,validation
img12335,6493,images/img12335.jpg,71.0,67.46219228209534,3.537807717904656,validation
img12340,6496,images/img12340.jpg,82.0,79.90539313744613,2.0946068625538743,validation
img12341,6496,images/img12341.jpg,82.0,79.15261455482117,2.84738544517883,validation
img12348,6500,images/img12348.jpg,85.0,76.61233419788476,8.387665802115237,validation
img12349,6500,images/img12349.jpg,85.0,76.03288851254965,8.967111487450353,validation
img12404,6530,images/img12404.jpg,62.0,71.08474971741525,9.08474971741525,validation
img12405,6530,images/img12405.jpg,62.0,77.73416226361013,15.73416226361013,validation
img12422,6539,images/img12422.jpg,43.0,49.77096639032028,6.770966390320282,validation
img12423,6539,images/img12423.jpg,43.0,48.52606839031692,5.526068390316915,validation
img12470,6563,images/img12470.jpg,88.0,83.7619988434547,4.238001156545295,validation
img12471,6563,images/img12471.jpg,88.0,72.26462552342106,15.73537447657894,validation
img12548,6603,images/img12548.jpg,8.0,20.25614596710328,12.25614596710328,validation
img12549,6603,images/img12549.jpg,8.0,17.782200899125407,9.782200899125408,validation
img12552,6605,images/img12552.jpg,48.0,53.17201812023279,5.172018120232785,validation
img12553,6605,images/img12553.jpg,48.0,56.99082776741202,8.990827767412021,validation
img12558,6608,images/img12558.jpg,38.0,47.76827190909111,9.768271909091112,validation
img12559,6608,images/img12559.jpg,38.0,48.522350499351845,10.522350499351845,validation
img12584,6622,images/img12584.jpg,65.0,71.99518040052868,6.995180400528682,validation
img12585,6622,images/img12585.jpg,65.0,58.42551488552423,6.57448511447577,validation
img12620,6640,images/img12620.jpg,51.0,40.224523908548576,10.775476091451424,validation
img12621,6640,images/img12621.jpg,51.0,41.50229836004568,9.497701639954322,validation
img12625,6642,images/img12625.jpg,80.0,75.51052864909335,4.489471350906655,validation
img12626,6643,images/img12626.jpg,77.0,75.03862587730589,1.9613741226941104,validation
img12627,6643,images/img12627.jpg,77.0,65.19589453275657,11.804105467243431,validation
img12646,6653,images/img12646.jpg,16.0,23.49125641193357,7.49125641193357,validation
img12647,6653,images/img12647.jpg,16.0,22.469675075961103,6.469675075961106,validation
img12667,6664,images/img12667.jpg,34.0,37.43542623444389,3.435426234443888,validation
img12668,6664,images/img12668.jpg,34.0,44.42114922915996,10.421149229159958,validation
img12719,6691,images/img12719.jpg,73.0,76.00731587912371,3.007315879123709,validation
img12720,6691,images/img12720.jpg,73.0,82.2971716154244,9.297171615424404,validation
img12727,6695,images/img12727.jpg,58.0,66.06568143687457,8.06568143687457,validation
img12728,6695,images/img12728.jpg,58.0,54.65444998186772,3.345550018132279,validation
img12757,6710,images/img12757.jpg,51.0,51.955182617273216,0.9551826172732164,validation
img12758,6710,images/img12758.jpg,51.0,48.801051632986535,2.1989483670134646,validation
img12771,6717,images/img12771.jpg,71.0,74.72056134132376,3.720561341323759,validation
img12772,6717,images/img12772.jpg,71.0,67.48316472071616,3.516835279283839,validation
img12777,6720,images/img12777.jpg,57.0,64.5914531469144,7.591453146914404,validation
img12778,6720,images/img12778.jpg,57.0,74.04637432770002,17.046374327700022,validation
img12789,6726,images/img12789.jpg,59.0,54.9500234042015,4.049976595798498,validation
img12790,6726,images/img12790.jpg,59.0,69.35465658567068,10.354656585670682,validation
img12817,6740,images/img12817.jpg,41.0,40.01642235066427,0.9835776493357288,validation
img12818,6740,images/img12818.jpg,41.0,41.09268689373231,0.0926868937323064,validation
img12823,6743,images/img12823.jpg,49.0,59.77279271296055,10.772792712960552,validation
img12824,6743,images/img12824.jpg,49.0,58.98395323270468,9.983953232704678,validation
img12843,6754,images/img12843.jpg,39.0,49.04878161155342,10.048781611553425,validation
img12844,6754,images/img12844.jpg,39.0,31.653352171945613,7.346647828054387,validation
img12868,6767,images/img12868.jpg,45.0,34.43960662465226,10.560393375347743,validation
img12869,6767,images/img12869.jpg,45.0,35.92229587034932,9.077704129650684,validation
img12880,6773,images/img12880.jpg,44.0,48.35791316605632,4.357913166056321,validation
img12881,6773,images/img12881.jpg,44.0,50.06414701336471,6.06414701336471,validation
img12882,6774,images/img12882.jpg,51.0,47.02418549161477,3.975814508385227,validation
img12883,6774,images/img12883.jpg,51.0,45.13219451296722,5.867805487032776,validation
img12938,6805,images/img12938.jpg,63.0,70.25370238647717,7.253702386477173,validation
img12939,6805,images/img12939.jpg,63.0,66.23442613607405,3.234426136074049,validation
img12940,6806,images/img12940.jpg,48.0,45.7535359980745,2.246464001925503,validation
img12941,6806,images/img12941.jpg,48.0,48.63667319265438,0.6366731926543778,validation
img12944,6808,images/img12944.jpg,62.0,63.30437197128986,1.3043719712898607,validation
img12945,6808,images/img12945.jpg,62.0,54.58515477619485,7.414845223805152,validation
img12952,6812,images/img12952.jpg,48.0,47.14281336960039,0.8571866303996103,validation
img12953,6812,images/img12953.jpg,48.0,40.98635346715451,7.013646532845492,validation
img12963,6818,images/img12963.jpg,76.0,77.53831480454764,1.538314804547639,validation
img12964,6818,images/img12964.jpg,76.0,73.07289872730351,2.92710127269649,validation
img12968,6821,images/img12968.jpg,51.0,67.86695925686666,16.866959256866664,validation
img12969,6821,images/img12969.jpg,51.0,50.379585359424894,0.6204146405751061,validation
img12994,6835,images/img12994.jpg,66.0,57.90257495364403,8.097425046355973,validation
img13033,6856,images/img13033.jpg,77.0,52.1802099037678,24.8197900962322,validation
img13034,6856,images/img13034.jpg,77.0,56.13807769784212,20.86192230215788,validation
img13044,6862,images/img13044.jpg,60.0,63.08824951897826,3.088249518978259,validation
img13045,6862,images/img13045.jpg,60.0,58.33205802367272,1.6679419763272847,validation
img13052,6866,images/img13052.jpg,68.0,74.67921084676794,6.679210846767944,validation
img13096,6889,images/img13096.jpg,85.0,80.62678395181798,4.373216048182016,validation
img13097,6889,images/img13097.jpg,85.0,81.5290895872078,3.4709104127921933,validation
img13112,6897,images/img13112.jpg,64.0,50.15693887550489,13.843061124495108,validation
img13113,6897,images/img13113.jpg,64.0,61.96520651323088,2.034793486769125,validation
img13129,6906,images/img13129.jpg,83.0,62.66612057142357,20.33387942857643,validation
img13182,6936,images/img13182.jpg,26.0,31.826608726505164,5.826608726505164,validation
img13183,6936,images/img13183.jpg,26.0,26.979408108137992,0.9794081081379922,validation
img13226,6961,images/img13226.jpg,70.0,63.244640328501326,6.755359671498674,validation
img13227,6961,images/img13227.jpg,70.0,64.13734041250514,5.862659587494861,validation
img13233,6965,images/img13233.jpg,79.0,68.60362625156935,10.396373748430648,validation
img13234,6965,images/img13234.jpg,79.0,73.06206678448594,5.9379332155140645,validation
img13276,6988,images/img13276.jpg,56.0,62.26285373130243,6.262853731302428,validation
img13323,7012,images/img13323.jpg,37.0,43.77888547351177,6.778885473511771,validation
img13324,7012,images/img13324.jpg,37.0,39.74628359953671,2.74628359953671,validation
img13342,7022,images/img13342.jpg,75.0,70.12141461282198,4.8785853871780205,validation
img13343,7022,images/img13343.jpg,75.0,64.81708735811479,10.18291264188521,validation
img13344,7023,images/img13344.jpg,45.0,61.54379137020439,16.54379137020439,validation
img13345,7023,images/img13345.jpg,45.0,53.92765955524357,8.927659555243572,validation
img13358,7030,images/img13358.jpg,55.0,59.81971404560659,4.819714045606588,validation
img13359,7030,images/img13359.jpg,55.0,47.02259320038303,7.977406799616972,validation
img13360,7031,images/img13360.jpg,19.0,23.153572884877605,4.153572884877605,validation
img13361,7031,images/img13361.jpg,19.0,27.7264718920956,8.7264718920956,validation
img13415,7060,images/img13415.jpg,82.0,81.34433581746673,0.6556641825332719,validation
img13423,7065,images/img13423.jpg,68.0,63.08581691240812,4.91418308759188,validation
img13424,7065,images/img13424.jpg,68.0,68.06967101799258,0.0696710179925759,validation
img13437,7072,images/img13437.jpg,64.0,57.00579196499594,6.994208035004057,validation
img13438,7072,images/img13438.jpg,64.0,63.199678277497625,0.8003217225023747,validation
img13442,7075,images/img13442.jpg,53.0,58.64860320299579,5.648603202995787,validation
img13443,7075,images/img13443.jpg,53.0,59.318235145821056,6.318235145821056,validation
img13478,7094,images/img13478.jpg,67.0,71.31807927582878,4.318079275828779,validation
img13479,7094,images/img13479.jpg,67.0,67.36990155544899,0.3699015554489904,validation
img13482,7096,images/img13482.jpg,74.0,63.984505538297896,10.015494461702104,validation
img13483,7096,images/img13483.jpg,74.0,69.43753643489327,4.562463565106725,validation
img13513,7112,images/img13513.jpg,33.0,26.736191075541612,6.2638089244583846,validation
img13514,7112,images/img13514.jpg,33.0,46.74204893511708,13.742048935117076,validation
img13539,7125,images/img13539.jpg,40.0,45.99534505260226,5.995345052602261,validation
img13540,7125,images/img13540.jpg,40.0,54.85842985027425,14.858429850274248,validation
img13543,7127,images/img13543.jpg,45.0,49.74533431862575,4.745334318625751,validation
img13544,7127,images/img13544.jpg,45.0,50.9962350384507,5.996235038450699,validation
img13585,7149,images/img13585.jpg,66.0,59.69112357764456,6.308876422355439,validation
img13586,7149,images/img13586.jpg,66.0,67.44117076600506,1.441170766005058,validation
img13597,7155,images/img13597.jpg,52.0,49.35325659623889,2.646743403761107,validation
img13598,7155,images/img13598.jpg,52.0,47.62101550724712,4.378984492752878,validation
img13611,7162,images/img13611.jpg,55.0,55.25323996077394,0.2532399607739393,validation
img13612,7162,images/img13612.jpg,55.0,49.88130126657565,5.1186987334243526,validation
img13623,7168,images/img13623.jpg,47.0,74.04234343154076,27.04234343154076,validation
img13624,7168,images/img13624.jpg,47.0,34.624744289265635,12.375255710734365,validation
img13627,7170,images/img13627.jpg,50.0,62.99799387139932,12.997993871399323,validation
img13628,7170,images/img13628.jpg,50.0,51.807208048459295,1.8072080484592945,validation
img13657,7185,images/img13657.jpg,58.0,60.582256863435504,2.582256863435504,validation
img13658,7185,images/img13658.jpg,58.0,45.37302638054729,12.626973619452713,validation
img13690,7202,images/img13690.jpg,56.0,53.93606325393274,2.063936746067256,validation
img13691,7202,images/img13691.jpg,56.0,56.80053253789925,0.8005325378992509,validation
img13697,7206,images/img13697.jpg,38.0,40.34044598205067,2.340445982050668,validation
img13698,7206,images/img13698.jpg,38.0,42.61291385991245,4.612913859912453,validation
img13707,7211,images/img13707.jpg,36.0,40.70803731900256,4.708037319002557,validation
img13732,7224,images/img13732.jpg,37.0,62.36136093741517,25.361360937415164,validation
img13733,7224,images/img13733.jpg,37.0,31.177028065463997,5.822971934536007,validation
img13742,7229,images/img13742.jpg,47.0,55.95635991489308,8.956359914893078,validation
img13743,7229,images/img13743.jpg,47.0,60.75871872205676,13.758718722056756,validation
img13752,7234,images/img13752.jpg,64.0,56.151772493045534,7.848227506954466,validation
img13753,7234,images/img13753.jpg,64.0,63.38647694180001,0.6135230581999878,validation
img13764,7240,images/img13764.jpg,63.0,62.15083658845462,0.8491634115453834,validation
img13765,7240,images/img13765.jpg,63.0,55.92987198666149,7.070128013338511,validation
img13766,7241,images/img13766.jpg,34.0,52.344894805631554,18.344894805631554,validation
img13767,7241,images/img13767.jpg,34.0,34.962104995633524,0.962104995633524,validation
img13805,7261,images/img13805.jpg,46.0,44.31759249674382,1.6824075032561794,validation
img13806,7261,images/img13806.jpg,46.0,44.88509926967217,1.1149007303278324,validation
img13811,7264,images/img13811.jpg,68.0,56.20947996287097,11.790520037129028,validation
img13812,7264,images/img13812.jpg,68.0,63.75707727293572,4.242922727064283,validation
img13827,7272,images/img13827.jpg,26.0,31.512425673053016,5.512425673053016,validation
img13828,7272,images/img13828.jpg,26.0,29.709367431529536,3.709367431529536,validation
img13829,7273,images/img13829.jpg,57.0,59.74269895398585,2.742698953985851,validation
img13830,7273,images/img13830.jpg,57.0,54.82998318570554,2.170016814294464,validation
img13859,7288,images/img13859.jpg,63.0,46.34301639000088,16.656983609999116,validation
img13860,7288,images/img13860.jpg,63.0,56.56287148382596,6.437128516174042,validation
img13903,7311,images/img13903.jpg,69.0,70.84491903021241,1.8449190302124092,validation
img13904,7311,images/img13904.jpg,69.0,72.26680456306559,3.266804563065591,validation
img13945,7332,images/img13945.jpg,67.0,71.53463197395607,4.534631973956067,validation
img13946,7332,images/img13946.jpg,67.0,56.30625221227474,10.693747787725258,validation
img13953,7336,images/img13953.jpg,86.0,73.15651146673687,12.843488533263129,validation
img13954,7336,images/img13954.jpg,86.0,84.21392381333597,1.7860761866640331,validation
img13983,7351,images/img13983.jpg,92.0,79.16254565342133,12.837454346578667,validation
img13984,7351,images/img13984.jpg,92.0,80.78435534713444,11.215644652865564,validation
img14005,7362,images/img14005.jpg,70.0,69.28639309746714,0.7136069025328595,validation
img14006,7362,images/img14006.jpg,70.0,75.97841688387803,5.978416883878026,validation
img14007,7363,images/img14007.jpg,74.0,67.42334037604085,6.576659623959145,validation
img14045,7382,images/img14045.jpg,45.0,50.53436042959191,5.5343604295919135,validation
img14046,7382,images/img14046.jpg,45.0,60.71062334727991,15.710623347279911,validation
img14058,7389,images/img14058.jpg,60.0,48.81675805913306,11.183241940866942,validation
img14059,7389,images/img14059.jpg,60.0,47.50161220524385,12.498387794756148,validation
img14089,7405,images/img14089.jpg,63.0,64.2074786600425,1.2074786600424972,validation
img14090,7405,images/img14090.jpg,63.0,55.40349267845546,7.596507321544536,validation
img14132,7426,images/img14132.jpg,63.0,63.80441467346184,0.8044146734618352,validation
img14133,7426,images/img14133.jpg,63.0,69.17328479888141,6.173284798881412,validation
img14154,7438,images/img14154.jpg,47.0,44.48479943523319,2.5152005647668148,validation
img14155,7438,images/img14155.jpg,47.0,53.44468490634335,6.444684906343348,validation
img14173,7448,images/img14173.jpg,57.0,47.56351525340389,9.436484746596108,validation
img14174,7448,images/img14174.jpg,57.0,42.80824436962985,14.191755630370151,validation
img14183,7453,images/img14183.jpg,31.0,42.42289353239188,11.422893532391877,validation
img14184,7453,images/img14184.jpg,31.0,59.89816928830371,28.898169288303716,validation
img14203,7463,images/img14203.jpg,34.0,68.20001205202539,34.200012052025386,validation
img14204,7463,images/img14204.jpg,34.0,43.37635097829618,9.37635097829618,validation
img14231,7477,images/img14231.jpg,53.0,65.90958454686313,12.90958454686313,validation
img14232,7477,images/img14232.jpg,53.0,64.11860372527136,11.118603725271356,validation
img14269,7496,images/img14269.jpg,88.0,81.20402006041644,6.79597993958356,validation
img14270,7496,images/img14270.jpg,88.0,81.88317589517158,6.116824104828424,validation
img14321,7521,images/img14321.jpg,68.0,54.761543018611896,13.238456981388104,validation
img14322,7521,images/img14322.jpg,68.0,54.12672922282948,13.873270777170523,validation
img14346,7534,images/img14346.jpg,67.0,70.6025744859622,3.6025744859621938,validation
img14347,7534,images/img14347.jpg,67.0,70.11638689872724,3.1163868987272423,validation
img14350,7536,images/img14350.jpg,79.0,74.50468482166474,4.495315178335261,validation
img14351,7536,images/img14351.jpg,79.0,73.46037952671654,5.539620473283463,validation
img14362,7542,images/img14362.jpg,87.0,85.14903064809967,1.850969351900332,validation
img14372,7547,images/img14372.jpg,47.0,57.54701454935416,10.54701454935416,validation
img14373,7547,images/img14373.jpg,47.0,52.36092732429746,5.360927324297457,validation
img14374,7548,images/img14374.jpg,53.0,58.110136523037845,5.110136523037845,validation
img14375,7548,images/img14375.jpg,53.0,54.796977224222914,1.796977224222914,validation
img14394,7559,images/img14394.jpg,89.0,66.80329998917979,22.19670001082021,validation
img14395,7559,images/img14395.jpg,89.0,56.52105482147332,32.47894517852668,validation
img14426,7575,images/img14426.jpg,61.0,55.78408272850209,5.215917271497908,validation
img14427,7575,images/img14427.jpg,61.0,72.2961681583556,11.2961681583556,validation
img14429,7576,images/img14429.jpg,59.0,64.88122942949316,5.88122942949316,validation
img14440,7582,images/img14440.jpg,64.0,51.27185301639215,12.72814698360785,validation
img14441,7582,images/img14441.jpg,64.0,62.47075025442538,1.5292497455746172,validation
img14456,7590,images/img14456.jpg,91.0,81.98723103655546,9.012768963444543,validation
img14457,7590,images/img14457.jpg,91.0,79.93455387919565,11.065446120804353,validation
img14504,7614,images/img14504.jpg,67.0,69.63610496698536,2.636104966985357,validation
img14505,7614,images/img14505.jpg,67.0,68.8227091659005,1.8227091659005052,validation
img14645,7685,images/img14645.jpg,63.0,60.30236696442917,2.697633035570832,validation
img14646,7685,images/img14646.jpg,63.0,64.22520980445734,1.2252098044573358,validation
img14649,7687,images/img14649.jpg,46.0,41.82563708808034,4.174362911919658,validation
img14650,7687,images/img14650.jpg,46.0,68.48428620497118,22.484286204971184,validation
img14659,7692,images/img14659.jpg,53.0,64.8382964591995,11.838296459199498,validation
img14660,7692,images/img14660.jpg,53.0,59.160069095166165,6.160069095166165,validation
img14675,7700,images/img14675.jpg,57.0,54.48817660590875,2.511823394091252,validation
img14676,7700,images/img14676.jpg,57.0,58.926705455176624,1.926705455176624,validation
img14679,7702,images/img14679.jpg,77.0,61.44815955849746,15.551840441502542,validation
img14680,7702,images/img14680.jpg,77.0,61.56249533912519,15.437504660874817,validation
img14681,7703,images/img14681.jpg,58.0,66.41515119087673,8.415151190876728,validation
img14682,7703,images/img14682.jpg,58.0,56.56681608543473,1.4331839145652694,validation
img14689,7707,images/img14689.jpg,66.0,70.84670435949074,4.846704359490744,validation
img14690,7707,images/img14690.jpg,66.0,56.20012334331624,9.799876656683765,validation
img14729,7728,images/img14729.jpg,87.0,87.00700984979304,0.0070098497930359,validation
img14730,7728,images/img14730.jpg,87.0,73.26304011258212,13.736959887417882,validation
img14778,7753,images/img14778.jpg,60.0,66.68024314222697,6.680243142226971,validation
img14779,7753,images/img14779.jpg,60.0,59.49339672415392,0.5066032758460821,validation
img14811,7770,images/img14811.jpg,79.0,64.16371464459912,14.836285355400875,validation
img14854,7793,images/img14854.jpg,66.0,58.60851577164734,7.39148422835266,validation
img14855,7793,images/img14855.jpg,66.0,54.01774943003674,11.982250569963265,validation
img14915,7823,images/img14915.jpg,67.0,68.84629034467635,1.846290344676348,validation
img14916,7823,images/img14916.jpg,67.0,67.40016817617727,0.4001681761772744,validation
img14931,7831,images/img14931.jpg,73.0,67.0346086464615,5.965391353538493,validation
img14937,7834,images/img14937.jpg,69.0,57.56976107033322,11.430238929666778,validation
img14938,7834,images/img14938.jpg,69.0,58.96561707215231,10.034382927847696,validation
img14959,7845,images/img14959.jpg,63.0,52.44669674586148,10.55330325413852,validation
img14960,7845,images/img14960.jpg,63.0,69.59090025516038,6.590900255160378,validation
img14989,7861,images/img14989.jpg,60.0,53.4463208219924,6.553679178007599,validation
img14990,7861,images/img14990.jpg,60.0,60.65425405645539,0.6542540564553931,validation
img14999,7866,images/img14999.jpg,68.0,75.92622899345248,7.926228993452483,validation
img15000,7866,images/img15000.jpg,68.0,60.90225123457829,7.097748765421706,validation
img15005,7869,images/img15005.jpg,49.0,51.463305315410864,2.463305315410864,validation
img15006,7869,images/img15006.jpg,49.0,56.53047885438543,7.530478854385429,validation
img15007,7870,images/img15007.jpg,61.0,64.07258759928446,3.0725875992844607,validation
img15008,7870,images/img15008.jpg,61.0,60.33731284921896,0.6626871507810463,validation
img15021,7877,images/img15021.jpg,57.0,55.365877797284256,1.6341222027157445,validation
img15022,7877,images/img15022.jpg,57.0,55.36267958219037,1.637320417809633,validation
img15027,7880,images/img15027.jpg,59.0,63.7519372259664,4.751937225966401,validation
img15028,7880,images/img15028.jpg,59.0,58.073427393831,0.9265726061690032,validation
img15053,7893,images/img15053.jpg,74.0,75.01328445329167,1.013284453291675,validation
img15054,7893,images/img15054.jpg,74.0,75.90214177143588,1.902141771435879,validation
img15064,7899,images/img15064.jpg,64.0,51.28659916005268,12.71340083994732,validation
img15065,7899,images/img15065.jpg,64.0,55.726562298365856,8.273437701634144,validation
img15072,7903,images/img15072.jpg,64.0,73.84596920763927,9.845969207639271,validation
img15073,7903,images/img15073.jpg,64.0,70.55038114248448,6.550381142484483,validation
img15082,7908,images/img15082.jpg,54.0,82.81405988633986,28.814059886339862,validation
img15083,7908,images/img15083.jpg,54.0,81.87141911470707,27.871419114707063,validation
img15098,7917,images/img15098.jpg,58.0,54.293305243183525,3.706694756816475,validation
img15099,7917,images/img15099.jpg,58.0,58.58738492186118,0.5873849218611795,validation
img15110,7923,images/img15110.jpg,73.0,69.15792464154728,3.8420753584527176,validation
img15111,7923,images/img15111.jpg,73.0,68.09628409377132,4.903715906228683,validation
img15140,7938,images/img15140.jpg,42.0,42.08485228511399,0.084852285113989,validation
img15141,7938,images/img15141.jpg,42.0,43.04304734273794,1.0430473427379423,validation
img15174,7957,images/img15174.jpg,57.0,52.72724864540047,4.272751354599535,validation
img15175,7957,images/img15175.jpg,57.0,56.15012267211347,0.8498773278865315,validation
img15188,7964,images/img15188.jpg,39.0,61.04931787020699,22.04931787020699,validation
img15189,7964,images/img15189.jpg,39.0,57.67764759433033,18.67764759433033,validation
img15190,7965,images/img15190.jpg,75.0,73.25769394024103,1.742306059758974,validation
img15191,7965,images/img15191.jpg,75.0,70.32519735339281,4.674802646607191,validation
img15192,7966,images/img15192.jpg,71.0,62.8887877769418,8.111212223058203,validation
img15193,7966,images/img15193.jpg,71.0,55.33456337258276,15.665436627417243,validation
img15211,7977,images/img15211.jpg,58.0,62.62002483087508,4.6200248308750815,validation
img15212,7978,images/img15212.jpg,47.0,51.27900633022023,4.279006330220227,validation
img15213,7978,images/img15213.jpg,47.0,56.25059188639463,9.25059188639463,validation
img15226,7985,images/img15226.jpg,65.0,65.16822520077375,0.1682252007737474,validation
img15227,7985,images/img15227.jpg,65.0,52.11735638861567,12.882643611384331,validation
img15246,7995,images/img15246.jpg,78.0,58.33439642876672,19.66560357123328,validation
img15247,7995,images/img15247.jpg,78.0,49.20527057601542,28.794729423984577,validation
img15257,8001,images/img15257.jpg,40.0,34.55900011116163,5.44099988883837,validation
img15258,8001,images/img15258.jpg,40.0,33.94259800070405,6.057401999295948,validation
img15271,8008,images/img15271.jpg,77.0,77.19791783873512,0.1979178387351226,validation
img15272,8008,images/img15272.jpg,77.0,74.07381190496588,2.926188095034121,validation
img15283,8014,images/img15283.jpg,76.0,58.70361209363182,17.29638790636818,validation
img15284,8014,images/img15284.jpg,76.0,63.55073923212109,12.449260767878911,validation
img15300,8023,images/img15300.jpg,64.0,65.01960389997325,1.019603899973248,validation
img15301,8023,images/img15301.jpg,64.0,59.5484938179087,4.4515061820913004,validation
img15340,8045,images/img15340.jpg,64.0,47.70796333338368,16.292036666616326,validation
img15341,8045,images/img15341.jpg,64.0,54.20805113504896,9.791948864951046,validation
img15375,8063,images/img15375.jpg,54.0,67.71474821182693,13.71474821182693,validation
img15376,8063,images/img15376.jpg,54.0,53.90225105868775,0.0977489413122469,validation
img15381,8066,images/img15381.jpg,54.0,64.42682986454011,10.42682986454011,validation
img15388,8070,images/img15388.jpg,62.0,65.86115708120953,3.861157081209527,validation
img15389,8070,images/img15389.jpg,62.0,58.41405516007633,3.5859448399236697,validation
img15404,8078,images/img15404.jpg,58.0,55.9165482716578,2.0834517283421974,validation
img15405,8078,images/img15405.jpg,58.0,49.22915276327069,8.77084723672931,validation
img15410,8081,images/img15410.jpg,51.0,50.84070526586425,0.1592947341357486,validation
img15411,8081,images/img15411.jpg,51.0,56.45601367811949,5.45601367811949,validation
img15412,8082,images/img15412.jpg,53.0,34.07558049320487,18.92441950679513,validation
img15413,8082,images/img15413.jpg,53.0,52.65336742285808,0.3466325771419178,validation
img15422,8088,images/img15422.jpg,72.0,77.67186441447345,5.671864414473447,validation
img15423,8088,images/img15423.jpg,72.0,54.542193450029934,17.457806549970066,validation
img15424,8089,images/img15424.jpg,68.0,70.54740268539278,2.5474026853927825,validation
img15425,8089,images/img15425.jpg,68.0,62.35295560281035,5.647044397189653,validation
img15428,8091,images/img15428.jpg,71.0,55.12921887787232,15.87078112212768,validation
img15429,8091,images/img15429.jpg,71.0,50.648379387888944,20.351620612111056,validation
img15446,8100,images/img15446.jpg,87.0,74.9308015862666,12.069198413733403,validation
img15447,8100,images/img15447.jpg,87.0,71.72904418968913,15.270955810310866,validation
img15476,8115,images/img15476.jpg,53.0,63.54567062013511,10.545670620135112,validation
img15477,8115,images/img15477.jpg,53.0,64.95983735765085,11.959837357650857,validation
img15505,8130,images/img15505.jpg,45.0,44.76103797051084,0.2389620294891585,validation
img15506,8130,images/img15506.jpg,45.0,48.41404143197521,3.414041431975207,validation
img15511,8133,images/img15511.jpg,71.0,49.12088677500615,21.87911322499385,validation
img15512,8133,images/img15512.jpg,71.0,51.69955661917359,19.30044338082641,validation
img15513,8134,images/img15513.jpg,57.0,54.94992933905168,2.0500706609483217,validation
img15514,8134,images/img15514.jpg,57.0,57.86181516096383,0.8618151609638289,validation
img15523,8139,images/img15523.jpg,91.0,85.13098322665935,5.869016773340647,validation
img15524,8139,images/img15524.jpg,91.0,81.18417531298304,9.815824687016956,validation
img15554,8155,images/img15554.jpg,59.0,79.09219909929134,20.09219909929133,validation
img15555,8155,images/img15555.jpg,59.0,59.296764298232496,0.296764298232496,validation
img15585,8171,images/img15585.jpg,64.0,54.03830743669313,9.961692563306867,validation
img15586,8171,images/img15586.jpg,64.0,56.19285442478229,7.80714557521771,validation
img15587,8172,images/img15587.jpg,77.0,81.74856621190517,4.748566211905171,validation
img15588,8172,images/img15588.jpg,77.0,64.41147516025812,12.58852483974188,validation
img15598,8178,images/img15598.jpg,72.0,70.59315815548626,1.4068418445137354,validation
img15599,8178,images/img15599.jpg,72.0,75.78726341211788,3.787263412117881,validation
img15608,8183,images/img15608.jpg,65.0,62.94996120672237,2.0500387932776363,validation
img15609,8183,images/img15609.jpg,65.0,62.29113980348493,2.708860196515076,validation
img15612,8185,images/img15612.jpg,76.0,79.4694848723795,3.469484872379496,validation
img15617,8188,images/img15617.jpg,43.0,47.471708757789656,4.471708757789656,validation
img15618,8188,images/img15618.jpg,43.0,43.52590093388014,0.5259009338801377,validation
img15621,8190,images/img15621.jpg,51.0,62.57324146044878,11.573241460448775,validation
img15622,8190,images/img15622.jpg,51.0,59.37308194448153,8.373081944481527,validation
img15636,8198,images/img15636.jpg,71.0,59.56582607155777,11.434173928442227,validation
img15637,8198,images/img15637.jpg,71.0,50.190895031327,20.809104968673005,validation
img15640,8200,images/img15640.jpg,60.0,73.28782096283392,13.28782096283392,validation
img15641,8200,images/img15641.jpg,60.0,67.10230392662962,7.102303926629617,validation
img15734,8249,images/img15734.jpg,68.0,75.34656845786213,7.346568457862133,validation
img15735,8249,images/img15735.jpg,68.0,67.11188821111219,0.8881117888878123,validation
img15751,8259,images/img15751.jpg,76.0,65.06004046298645,10.93995953701355,validation
img15752,8259,images/img15752.jpg,76.0,74.7592376590986,1.240762340901398,validation
img15771,8270,images/img15771.jpg,45.0,45.86470737253176,0.864707372531754,validation
img15772,8270,images/img15772.jpg,45.0,25.49423227065438,19.50576772934562,validation
img15788,8279,images/img15788.jpg,74.0,73.50823660311384,0.4917633968861565,validation
img15789,8279,images/img15789.jpg,74.0,77.61327464080796,3.6132746408079583,validation
img15798,8284,images/img15798.jpg,58.0,71.55734284560661,13.557342845606613,validation
img15799,8284,images/img15799.jpg,58.0,62.327005618174695,4.327005618174695,validation
img15802,8286,images/img15802.jpg,59.0,59.64765130049194,0.6476513004919369,validation
img15803,8286,images/img15803.jpg,59.0,50.35713132653126,8.64286867346874,validation
img15812,8291,images/img15812.jpg,70.0,73.59220051910653,3.5922005191065267,validation
img15813,8291,images/img15813.jpg,70.0,74.2440594653416,4.244059465341607,validation
img15814,8292,images/img15814.jpg,48.0,63.80824544260669,15.80824544260669,validation
img15815,8292,images/img15815.jpg,48.0,57.73484097766306,9.734840977663062,validation
img15816,8293,images/img15816.jpg,68.0,65.35171767954941,2.6482823204505905,validation
img15817,8293,images/img15817.jpg,68.0,71.14526878093619,3.145268780936192,validation
img15818,8294,images/img15818.jpg,73.0,67.35596682595039,5.644033174049611,validation
img15819,8294,images/img15819.jpg,73.0,75.42112694948321,2.421126949483209,validation
img15829,8300,images/img15829.jpg,15.0,20.74000619167486,5.740006191674858,validation
img15830,8300,images/img15830.jpg,15.0,18.57695489608411,3.5769548960841107,validation
img15886,8330,images/img15886.jpg,71.0,72.79519659282516,1.795196592825164,validation
img15887,8330,images/img15887.jpg,71.0,76.06202962331139,5.062029623311389,validation
img15917,8346,images/img15917.jpg,60.0,69.02679291495076,9.02679291495076,validation
img15918,8346,images/img15918.jpg,60.0,65.73384794417962,5.733847944179615,validation
img15962,8369,images/img15962.jpg,73.0,71.0935258595672,1.906474140432806,validation
img15963,8369,images/img15963.jpg,73.0,71.5686219387016,1.4313780612984033,validation
img15971,8373,images/img15971.jpg,75.0,77.10102582667321,2.101025826673208,validation
img15972,8373,images/img15972.jpg,75.0,79.272730025437,4.272730025436999,validation
img15975,8375,images/img15975.jpg,73.0,71.28731642735362,1.7126835726463838,validation
img15977,8377,images/img15977.jpg,67.0,62.869430532371815,4.1305694676281846,validation
img15978,8377,images/img15978.jpg,67.0,57.30960842546951,9.690391574530487,validation
img15985,8381,images/img15985.jpg,89.0,81.42346396680082,7.576536033199176,validation
img15986,8381,images/img15986.jpg,89.0,84.31139821136894,4.688601788631061,validation
img15991,8384,images/img15991.jpg,73.0,71.84832316210307,1.1516768378969289,validation
img15992,8384,images/img15992.jpg,73.0,79.23117122428854,6.231171224288545,validation
img15994,8386,images/img15994.jpg,70.0,70.29121393230987,0.2912139323098728,validation
img15995,8386,images/img15995.jpg,70.0,70.91790158975824,0.9179015897582444,validation
img16010,8395,images/img16010.jpg,54.0,50.680244843511566,3.3197551564884336,validation
img16011,8395,images/img16011.jpg,54.0,58.88415856097614,4.88415856097614,validation
img16045,8413,images/img16045.jpg,59.0,66.396016430835,7.3960164308350045,validation
img16046,8413,images/img16046.jpg,59.0,67.70598733822105,8.70598733822105,validation
img16053,8417,images/img16053.jpg,43.0,44.97684141927087,1.976841419270869,validation
img16054,8417,images/img16054.jpg,43.0,32.990695765276776,10.009304234723224,validation
img16069,8425,images/img16069.jpg,65.0,55.703430451088295,9.296569548911704,validation
img16070,8425,images/img16070.jpg,65.0,62.004864925700346,2.995135074299654,validation
img16096,8439,images/img16096.jpg,80.0,84.57995012431692,4.579950124316923,validation
img16097,8439,images/img16097.jpg,80.0,78.36954753925929,1.6304524607407131,validation
img16100,8441,images/img16100.jpg,80.0,80.70261191398274,0.7026119139827358,validation
img16101,8441,images/img16101.jpg,80.0,80.09459659775261,0.0945965977526128,validation
img16138,8460,images/img16138.jpg,67.0,55.30308617427418,11.696913825725822,validation
img16139,8460,images/img16139.jpg,67.0,52.44347671855893,14.556523281441066,validation
img16142,8462,images/img16142.jpg,62.0,50.670827422425205,11.329172577574797,validation
img16143,8462,images/img16143.jpg,62.0,58.998548872125504,3.001451127874496,validation
img16158,8470,images/img16158.jpg,48.0,44.07871936550089,3.921280634499112,validation
img16167,8475,images/img16167.jpg,45.0,52.45734055837941,7.457340558379414,validation
img16168,8475,images/img16168.jpg,45.0,53.29063454680886,8.29063454680886,validation
img16179,8481,images/img16179.jpg,62.0,68.3830862817001,6.383086281700102,validation
img16180,8481,images/img16180.jpg,62.0,63.06520819236661,1.0652081923666117,validation
img16183,8483,images/img16183.jpg,79.0,73.5636297976011,5.436370202398905,validation
img16184,8483,images/img16184.jpg,79.0,81.83397191488989,2.8339719148898865,validation
img16207,8495,images/img16207.jpg,49.0,43.98860004422604,5.01139995577396,validation
img16208,8495,images/img16208.jpg,49.0,42.1741732795521,6.8258267204479,validation
img16211,8497,images/img16211.jpg,49.0,33.538299988418785,15.461700011581216,validation
img16233,8508,images/img16233.jpg,19.0,22.113710736832232,3.113710736832232,validation
img16234,8508,images/img16234.jpg,19.0,22.75114199765313,3.7511419976531286,validation
img16241,8512,images/img16241.jpg,22.0,24.497327086332177,2.4973270863321773,validation
img16242,8512,images/img16242.jpg,22.0,28.548813970559877,6.548813970559873,validation
img00003,2,images/img00003.jpg,18.0,19.627941270543023,1.627941270543026,test
img00004,2,images/img00004.jpg,18.0,22.79269643635985,4.792696436359854,test
img00009,5,images/img00009.jpg,23.0,21.739016254132167,1.2609837458678328,test
img00010,5,images/img00010.jpg,23.0,25.70937262827133,2.7093726282713284,test
img00051,26,images/img00051.jpg,13.0,19.273047910859063,6.273047910859063,test
img00052,26,images/img00052.jpg,13.0,18.54440235588889,5.544402355888892,test
img00068,35,images/img00068.jpg,20.0,22.038271031981523,2.038271031981523,test
img00069,35,images/img00069.jpg,20.0,23.743231046304523,3.743231046304522,test
img00110,56,images/img00110.jpg,15.0,22.475538197647303,7.475538197647303,test
img00111,56,images/img00111.jpg,15.0,20.862702046574448,5.862702046574448,test
img00128,65,images/img00128.jpg,30.0,35.853892784010384,5.853892784010384,test
img00129,65,images/img00129.jpg,30.0,32.20460339637458,2.20460339637458,test
img00156,79,images/img00156.jpg,20.0,33.42012580437317,13.420125804373171,test
img00157,79,images/img00157.jpg,20.0,27.88806109624613,7.888061096246126,test
img00164,83,images/img00164.jpg,22.0,23.511201495526784,1.5112014955267838,test
img00165,83,images/img00165.jpg,22.0,24.686273162576548,2.686273162576548,test
img00217,110,images/img00217.jpg,22.0,28.66448411305201,6.6644841130520085,test
img00218,110,images/img00218.jpg,22.0,23.87436168229061,1.874361682290612,test
img00221,112,images/img00221.jpg,26.0,37.76525082272182,11.765250822721818,test
img00222,112,images/img00222.jpg,26.0,38.92146365416934,12.921463654169337,test
img00225,114,images/img00225.jpg,13.0,25.694509789294496,12.694509789294496,test
img00226,114,images/img00226.jpg,13.0,22.511840256510148,9.511840256510148,test
img00231,117,images/img00231.jpg,19.0,22.83646263302409,3.836462633024091,test
img00232,117,images/img00232.jpg,19.0,27.01310360806668,8.013103608066682,test
img00273,138,images/img00273.jpg,13.0,20.467480094310112,7.467480094310112,test
img00274,138,images/img00274.jpg,13.0,18.200210065770577,5.200210065770577,test
img00287,145,images/img00287.jpg,15.0,20.888628037780585,5.888628037780585,test
img00288,145,images/img00288.jpg,15.0,21.16978304488885,6.169783044888852,test
img00291,147,images/img00291.jpg,10.0,18.564670260170185,8.564670260170182,test
img00292,147,images/img00292.jpg,10.0,22.103688026955723,12.103688026955725,test
img00293,148,images/img00293.jpg,19.0,20.82277916107504,1.82277916107504,test
img00294,148,images/img00294.jpg,19.0,20.279005161772663,1.279005161772666,test
img00299,151,images/img00299.jpg,23.0,34.87794476976295,11.877944769762948,test
img00300,151,images/img00300.jpg,23.0,30.19109878453649,7.191098784536486,test
img00305,154,images/img00305.jpg,28.0,26.767940926458373,1.2320590735416277,test
img00306,154,images/img00306.jpg,28.0,27.98868953965047,0.0113104603495308,test
img00311,157,images/img00311.jpg,25.0,25.642716699845582,0.642716699845586,test
img00312,157,images/img00312.jpg,25.0,24.611725577059783,0.3882744229402135,test
img00317,160,images/img00317.jpg,24.0,28.50091872279743,4.500918722797429,test
img00318,160,images/img00318.jpg,24.0,25.00726380634961,1.0072638063496058,test
img00344,174,images/img00344.jpg,76.0,84.86649710940446,8.866497109404463,test
img00345,174,images/img00345.jpg,76.0,72.29815088812225,3.701849111877749,test
img00394,202,images/img00394.jpg,74.0,66.41879273911151,7.58120726088849,test
img00395,202,images/img00395.jpg,74.0,70.72436077176091,3.2756392282390863,test
img00424,218,images/img00424.jpg,38.0,32.42512046342473,5.574879536575267,test
img00425,218,images/img00425.jpg,38.0,31.227172151938664,6.772827848061336,test
img00427,220,images/img00427.jpg,49.0,62.58831696845999,13.588316968459983,test
img00428,220,images/img00428.jpg,49.0,55.86406332621565,6.86406332621565,test
img00441,227,images/img00441.jpg,41.0,43.36613632098352,2.3661363209835145,test
img00442,227,images/img00442.jpg,41.0,43.43368654996407,2.4336865499640723,test
img00451,232,images/img00451.jpg,60.0,71.8119065891448,11.811906589144796,test
img00452,232,images/img00452.jpg,60.0,67.15564132045124,7.155641320451238,test
img00463,238,images/img00463.jpg,49.0,66.9030101385998,17.903010138599797,test
img00464,238,images/img00464.jpg,49.0,55.44552671309997,6.445526713099973,test
img00478,246,images/img00478.jpg,59.0,54.54784717451305,4.452152825486948,test
img00479,246,images/img00479.jpg,59.0,57.4535145402274,1.5464854597725974,test
img00482,248,images/img00482.jpg,37.0,63.53600835700661,26.536008357006608,test
img00483,248,images/img00483.jpg,37.0,62.087548465045046,25.08754846504505,test
img00487,251,images/img00487.jpg,64.0,63.7749801884937,0.2250198115063,test
img00488,251,images/img00488.jpg,64.0,53.29789964820629,10.70210035179371,test
img00495,255,images/img00495.jpg,87.0,78.00533600403833,8.994663995961673,test
img00509,264,images/img00509.jpg,57.0,64.64654315170137,7.646543151701366,test
img00510,264,images/img00510.jpg,57.0,66.05697182195904,9.056971821959038,test
img00526,273,images/img00526.jpg,51.0,60.35012643119274,9.35012643119274,test
img00527,273,images/img00527.jpg,51.0,58.65815517814429,7.658155178144284,test
img00530,275,images/img00530.jpg,77.0,83.04008235485429,6.040082354854292,test
img00531,275,images/img00531.jpg,77.0,76.74646401256078,0.2535359874392213,test
img00546,283,images/img00546.jpg,53.0,58.58529749349299,5.585297493492988,test
img00547,283,images/img00547.jpg,53.0,56.73733254944527,3.73733254944527,test
img00575,298,images/img00575.jpg,75.0,74.58012888895718,0.4198711110428235,test
img00576,298,images/img00576.jpg,75.0,82.75447547595974,7.754475475959737,test
img00593,307,images/img00593.jpg,11.0,17.790773097126433,6.790773097126433,test
img00594,307,images/img00594.jpg,11.0,17.10798552963042,6.107985529630419,test
img00609,316,images/img00609.jpg,62.0,70.7821565810314,8.782156581031401,test
img00610,316,images/img00610.jpg,62.0,67.20155165722616,5.201551657226162,test
img00611,317,images/img00611.jpg,78.0,80.97703567350038,2.9770356735003816,test
img00635,329,images/img00635.jpg,68.0,60.58585315133733,7.414146848662668,test
img00636,329,images/img00636.jpg,68.0,65.05640982085599,2.94359017914401,test
img00645,334,images/img00645.jpg,68.0,79.4533460191964,11.453346019196402,test
img00646,334,images/img00646.jpg,68.0,77.52573788503774,9.525737885037742,test
img00651,337,images/img00651.jpg,30.0,52.39376887625734,22.39376887625734,test
img00652,337,images/img00652.jpg,30.0,41.43535014802397,11.435350148023971,test
img00655,339,images/img00655.jpg,52.0,52.61051243121037,0.6105124312103669,test
img00656,339,images/img00656.jpg,52.0,45.35631495688703,6.643685043112974,test
img00669,346,images/img00669.jpg,49.0,64.61006768577973,15.610067685779724,test
img00670,346,images/img00670.jpg,49.0,70.86429917760148,21.86429917760148,test
img00677,350,images/img00677.jpg,77.0,67.09765792618632,9.902342073813683,test
img00678,350,images/img00678.jpg,77.0,74.5810002866929,2.4189997133071017,test
img00695,360,images/img00695.jpg,75.0,73.2095391271956,1.7904608728044025,test
img00707,366,images/img00707.jpg,74.0,73.08811274283967,0.9118872571603304,test
img00722,374,images/img00722.jpg,9.0,17.11269260425795,8.112692604257951,test
img00723,374,images/img00723.jpg,9.0,16.56484408437901,7.564844084379011,test
img00753,390,images/img00753.jpg,47.0,54.29215246795616,7.292152467956164,test
img00754,390,images/img00754.jpg,47.0,50.38436659556185,3.3843665955618505,test
img00784,406,images/img00784.jpg,78.0,66.69610607097059,11.303893929029414,test
img00785,406,images/img00785.jpg,78.0,72.50053655672878,5.499463443271225,test
img00794,411,images/img00794.jpg,68.0,69.37694866291507,1.3769486629150691,test
img00808,418,images/img00808.jpg,80.0,83.48578648282742,3.4857864828274217,test
img00809,418,images/img00809.jpg,80.0,73.90292524687658,6.097074753123422,test
img00813,421,images/img00813.jpg,84.0,81.47124360985741,2.52875639014259,test
img00814,421,images/img00814.jpg,84.0,82.84947418831048,1.1505258116895192,test
img00821,425,images/img00821.jpg,57.0,53.023401181874,3.976598818126,test
img00822,425,images/img00822.jpg,57.0,62.95141335451351,5.951413354513505,test
img00860,446,images/img00860.jpg,69.0,62.75561824475178,6.24438175524822,test
img00861,446,images/img00861.jpg,69.0,71.89579416240719,2.895794162407185,test
img00896,464,images/img00896.jpg,77.0,73.17444546469218,3.825554535307816,test
img00897,464,images/img00897.jpg,77.0,64.4638708119711,12.536129188028896,test
img00898,465,images/img00898.jpg,84.0,81.12021973598866,2.879780264011345,test
img00899,465,images/img00899.jpg,84.0,69.4356725816638,14.564327418336203,test
img00910,471,images/img00910.jpg,54.0,55.52451076553065,1.5245107655306498,test
img00911,471,images/img00911.jpg,54.0,64.364684700864,10.364684700864004,test
img00927,480,images/img00927.jpg,62.0,67.61999706804441,5.6199970680444125,test
img00928,480,images/img00928.jpg,62.0,70.62968051765652,8.629680517656524,test
img00929,481,images/img00929.jpg,65.0,63.18492449956406,1.8150755004359385,test
img00934,484,images/img00934.jpg,59.0,56.90238137437778,2.097618625622218,test
img00935,484,images/img00935.jpg,59.0,62.852658579832536,3.852658579832536,test
img00982,509,images/img00982.jpg,73.0,73.78658765079963,0.7865876507996319,test
img00983,509,images/img00983.jpg,73.0,70.63722972307167,2.3627702769283303,test
img01004,520,images/img01004.jpg,43.0,53.794709781055744,10.794709781055744,test
img01009,523,images/img01009.jpg,88.0,78.00286249957696,9.997137500423037,test
img01022,531,images/img01022.jpg,46.0,60.79853309181812,14.798533091818117,test
img01023,531,images/img01023.jpg,46.0,56.032093811908005,10.032093811908004,test
img01047,544,images/img01047.jpg,78.0,76.53044898537681,1.4695510146231925,test
img01056,549,images/img01056.jpg,78.0,75.52245774600621,2.477542253993789,test
img01057,549,images/img01057.jpg,78.0,79.54960983964908,1.5496098396490794,test
img01145,596,images/img01145.jpg,77.0,79.25817910104391,2.258179101043908,test
img01146,596,images/img01146.jpg,77.0,78.08112906666923,1.0811290666692344,test
img01194,622,images/img01194.jpg,61.0,70.11878406045831,9.11878406045831,test
img01195,622,images/img01195.jpg,61.0,60.76182532587431,0.2381746741256947,test
img01196,623,images/img01196.jpg,68.0,70.48701667634464,2.4870166763446377,test
img01267,661,images/img01267.jpg,29.0,50.14130279373127,21.14130279373127,test
img01268,661,images/img01268.jpg,29.0,42.548789238301005,13.548789238301003,test
img01308,684,images/img01308.jpg,55.0,56.02206319510586,1.022063195105858,test
img01309,684,images/img01309.jpg,55.0,66.78390348263422,11.783903482634216,test
img01341,701,images/img01341.jpg,61.0,68.48775107431587,7.487751074315867,test
img01354,708,images/img01354.jpg,63.0,64.03722455600418,1.0372245560041762,test
img01355,708,images/img01355.jpg,63.0,54.140052119875335,8.859947880124665,test
img01393,728,images/img01393.jpg,65.0,59.41051305779482,5.589486942205177,test
img01396,730,images/img01396.jpg,76.0,80.91407909566234,4.914079095662345,test
img01397,730,images/img01397.jpg,76.0,76.99760760178202,0.997607601782022,test
img01405,735,images/img01405.jpg,72.0,73.42728059069454,1.4272805906945365,test
img01406,735,images/img01406.jpg,72.0,73.48382001674656,1.483820016746563,test
img01473,772,images/img01473.jpg,91.0,72.80139126008291,18.19860873991709,test
img01474,772,images/img01474.jpg,91.0,86.1995873220481,4.800412677951897,test
img01479,775,images/img01479.jpg,43.0,41.7655815339933,1.2344184660067017,test
img01480,775,images/img01480.jpg,43.0,56.50957505605872,13.509575056058722,test
img01535,804,images/img01535.jpg,43.0,51.90846740999896,8.908467409998956,test
img01536,804,images/img01536.jpg,43.0,41.2926601320617,1.7073398679383018,test
img01541,807,images/img01541.jpg,43.0,44.89154477732943,1.891544777329429,test
img01542,807,images/img01542.jpg,43.0,48.32663936659343,5.326639366593433,test
img01551,812,images/img01551.jpg,19.0,44.16517423572186,25.165174235721864,test
img01552,812,images/img01552.jpg,19.0,29.52665964696021,10.526659646960212,test
img01586,830,images/img01586.jpg,44.0,47.40196531122894,3.401965311228942,test
img01587,830,images/img01587.jpg,44.0,31.27963051375152,12.72036948624848,test
img01620,848,images/img01620.jpg,49.0,43.22529379909424,5.7747062009057615,test
img01621,848,images/img01621.jpg,49.0,39.48496352436795,9.515036475632051,test
img01637,857,images/img01637.jpg,60.0,40.65520596842171,19.34479403157829,test
img01643,860,images/img01643.jpg,80.0,62.73433661807329,17.265663381926707,test
img01644,860,images/img01644.jpg,80.0,72.57140987569777,7.428590124302232,test
img01700,892,images/img01700.jpg,31.0,34.421886386341754,3.421886386341754,test
img01701,892,images/img01701.jpg,31.0,28.46761584262451,2.532384157375489,test
img01704,894,images/img01704.jpg,28.0,64.2667991426979,36.26679914269791,test
img01720,902,images/img01720.jpg,8.0,51.87179836072551,43.87179836072551,test
img01721,902,images/img01721.jpg,8.0,48.94047418009244,40.94047418009244,test
img01728,906,images/img01728.jpg,28.0,31.394157696510188,3.394157696510188,test
img01729,906,images/img01729.jpg,28.0,31.706473624901555,3.7064736249015553,test
img01744,915,images/img01744.jpg,58.0,50.88924506439242,7.110754935607581,test
img01745,915,images/img01745.jpg,58.0,51.64345071076856,6.356549289231438,test
img01757,923,images/img01757.jpg,35.0,40.95377257108804,5.953772571088038,test
img01778,935,images/img01778.jpg,59.0,68.41590929328264,9.415909293282638,test
img01779,935,images/img01779.jpg,59.0,64.13898559834287,5.13898559834287,test
img01782,937,images/img01782.jpg,84.0,77.98271020000155,6.017289799998451,test
img01783,937,images/img01783.jpg,84.0,73.85301236981365,10.146987630186343,test
img01808,950,images/img01808.jpg,71.0,85.33810323515422,14.338103235154222,test
img01819,957,images/img01819.jpg,25.0,33.845749613059446,8.845749613059446,test
img01820,957,images/img01820.jpg,25.0,37.496367364202285,12.496367364202284,test
img01823,959,images/img01823.jpg,32.0,49.52467710813499,17.524677108134988,test
img01838,967,images/img01838.jpg,25.0,28.763526808887207,3.763526808887207,test
img01842,969,images/img01842.jpg,82.0,76.2153999872411,5.784600012758901,test
img01843,969,images/img01843.jpg,82.0,65.2347442575902,16.765255742409806,test
img01894,999,images/img01894.jpg,54.0,35.81896053185101,18.181039468148988,test
img01895,999,images/img01895.jpg,54.0,43.27362529102976,10.72637470897024,test
img01958,1033,images/img01958.jpg,47.0,59.79082704707567,12.790827047075672,test
img01959,1033,images/img01959.jpg,47.0,56.48120337095725,9.481203370957251,test
img01963,1036,images/img01963.jpg,34.0,27.268398060594773,6.731601939405227,test
img01964,1036,images/img01964.jpg,34.0,35.370817798950355,1.3708177989503554,test
img01965,1037,images/img01965.jpg,59.0,51.61364705416896,7.386352945831042,test
img02032,1072,images/img02032.jpg,78.0,80.4372402210565,2.4372402210564985,test
img02041,1077,images/img02041.jpg,60.0,65.10324063283612,5.103240632836119,test
img02042,1077,images/img02042.jpg,60.0,64.31245100480028,4.31245100480028,test
img02050,1082,images/img02050.jpg,56.0,54.58350631852582,1.416493681474179,test
img02051,1082,images/img02051.jpg,56.0,62.03390079255533,6.033900792555329,test
img02059,1087,images/img02059.jpg,62.0,64.57559021817079,2.575590218170788,test
img02075,1096,images/img02075.jpg,64.0,70.06697024941118,6.066970249411185,test
img02091,1105,images/img02091.jpg,71.0,78.31718951360622,7.317189513606223,test
img02092,1105,images/img02092.jpg,71.0,70.16935130378087,0.8306486962191286,test
img02099,1109,images/img02099.jpg,52.0,38.81232408694821,13.187675913051793,test
img02100,1109,images/img02100.jpg,54.0,40.49965220240575,13.500347797594252,test
img02114,1117,images/img02114.jpg,42.0,35.9441909653962,6.055809034603804,test
img02115,1117,images/img02115.jpg,42.0,37.920852575596825,4.079147424403175,test
img02167,1144,images/img02167.jpg,40.0,45.50540358425795,5.505403584257948,test
img02217,1170,images/img02217.jpg,56.0,55.34058531441321,0.6594146855867891,test
img02218,1170,images/img02218.jpg,56.0,58.16148709730368,2.1614870973036844,test
img02259,1192,images/img02259.jpg,38.0,42.394184303361484,4.3941843033614845,test
img02260,1192,images/img02260.jpg,38.0,39.87890291876343,1.8789029187634296,test
img02261,1193,images/img02261.jpg,42.0,52.50632478065891,10.506324780658908,test
img02262,1193,images/img02262.jpg,42.0,42.79551149282808,0.7955114928280764,test
img02275,1200,images/img02275.jpg,33.0,43.63495652409795,10.634956524097952,test
img02276,1200,images/img02276.jpg,33.0,56.52612254733832,23.52612254733832,test
img02284,1205,images/img02284.jpg,36.0,49.14688147466955,13.146881474669549,test
img02285,1205,images/img02285.jpg,36.0,39.26197949651902,3.261979496519018,test
img02303,1215,images/img02303.jpg,47.0,58.14050252564181,11.140502525641809,test
img02311,1219,images/img02311.jpg,31.0,36.71861380266851,5.718613802668507,test
img02312,1219,images/img02312.jpg,31.0,43.11436017771132,12.11436017771132,test
img02314,1221,images/img02314.jpg,17.0,26.08373774662072,9.083737746620717,test
img02315,1221,images/img02315.jpg,17.0,23.18373480700436,6.183734807004356,test
img02321,1225,images/img02321.jpg,51.0,62.25840840317874,11.25840840317874,test
img02322,1225,images/img02322.jpg,51.0,67.81292823480986,16.81292823480986,test
img02381,1255,images/img02381.jpg,28.0,25.657494471208665,2.3425055287913352,test
img02382,1255,images/img02382.jpg,28.0,21.66354164974761,6.336458350252386,test
img02390,1260,images/img02390.jpg,63.0,68.59912966475534,5.599129664755338,test
img02391,1260,images/img02391.jpg,63.0,59.6761364090784,3.323863590921597,test
img02414,1272,images/img02414.jpg,60.0,68.2692352774097,8.269235277409706,test
img02415,1272,images/img02415.jpg,60.0,59.19432353294161,0.8056764670583902,test
img02444,1287,images/img02444.jpg,34.0,32.54755893426221,1.452441065737787,test
img02473,1302,images/img02473.jpg,78.0,67.72646791153672,10.273532088463284,test
img02474,1302,images/img02474.jpg,78.0,61.84183229864215,16.158167701357854,test
img02525,1329,images/img02525.jpg,59.0,66.19390341483665,7.193903414836655,test
img02526,1329,images/img02526.jpg,59.0,55.30487259416294,3.695127405837063,test
img02552,1343,images/img02552.jpg,82.0,77.07107112052867,4.928928879471329,test
img02563,1349,images/img02563.jpg,68.0,69.82276185193149,1.8227618519314888,test
img02564,1349,images/img02564.jpg,68.0,62.67527351948,5.324726480519999,test
img02567,1351,images/img02567.jpg,79.0,72.02206067586344,6.977939324136557,test
img02568,1351,images/img02568.jpg,79.0,72.61327186654653,6.386728133453474,test
img02584,1360,images/img02584.jpg,78.0,76.91365677311452,1.0863432268854751,test
img02628,1384,images/img02628.jpg,74.0,80.3588558680375,6.358855868037495,test
img02629,1384,images/img02629.jpg,74.0,77.7059983397961,3.705998339796096,test
img02632,1386,images/img02632.jpg,51.0,54.6403778354546,3.6403778354546006,test
img02633,1386,images/img02633.jpg,51.0,53.87759562863571,2.87759562863571,test
img02691,1419,images/img02691.jpg,42.0,53.30841967644011,11.30841967644011,test
img02713,1430,images/img02713.jpg,49.0,56.48909461906936,7.4890946190693555,test
img02714,1430,images/img02714.jpg,49.0,59.03284666166565,10.032846661665651,test
img02737,1444,images/img02737.jpg,60.0,69.60226659708998,9.60226659708998,test
img02748,1450,images/img02748.jpg,61.0,72.14578061395933,11.145780613959332,test
img02749,1450,images/img02749.jpg,61.0,63.09909236790016,2.0990923679001625,test
img02780,1468,images/img02780.jpg,75.0,72.07028092553483,2.9297190744651687,test
img02781,1468,images/img02781.jpg,75.0,73.88315247973173,1.1168475202682655,test
img02813,1485,images/img02813.jpg,64.0,63.364516410127166,0.6354835898728339,test
img02826,1492,images/img02826.jpg,67.0,63.46925754547322,3.5307424545267807,test
img02827,1492,images/img02827.jpg,67.0,58.61113419096995,8.388865809030051,test
img02840,1499,images/img02840.jpg,74.0,79.3687211932815,5.368721193281502,test
img02858,1510,images/img02858.jpg,58.0,59.44176504504905,1.441765045049053,test
img02859,1510,images/img02859.jpg,58.0,60.78211885950076,2.7821188595007627,test
img02866,1514,images/img02866.jpg,47.0,43.41137047929017,3.58862952070983,test
img02867,1514,images/img02867.jpg,47.0,53.68367582351301,6.683675823513013,test
img02888,1526,images/img02888.jpg,75.0,71.53666269058175,3.4633373094182502,test
img02899,1532,images/img02899.jpg,70.0,49.81108776691844,20.18891223308156,test
img02902,1534,images/img02902.jpg,63.0,58.106916768387904,4.893083231612096,test
img02913,1540,images/img02913.jpg,72.0,77.38837331981834,5.388373319818342,test
img02914,1540,images/img02914.jpg,72.0,64.42049341792611,7.57950658207389,test
img02939,1554,images/img02939.jpg,74.0,66.71018148921502,7.289818510784983,test
img02940,1554,images/img02940.jpg,74.0,73.00739666471556,0.9926033352844428,test
img02951,1560,images/img02951.jpg,59.0,66.09964740819058,7.099647408190577,test
img02952,1560,images/img02952.jpg,59.0,62.57657054879459,3.576570548794592,test
img02955,1562,images/img02955.jpg,59.0,47.92488902027896,11.075110979721046,test
img02956,1562,images/img02956.jpg,59.0,43.57007829067751,15.429921709322493,test
img02974,1573,images/img02974.jpg,80.0,67.4210740875617,12.578925912438294,test
img02975,1573,images/img02975.jpg,80.0,62.08788437305832,17.912115626941677,test
img02976,1574,images/img02976.jpg,58.0,51.405259756351285,6.594740243648715,test
img02977,1574,images/img02977.jpg,58.0,46.68432074369341,11.315679256306588,test
img02978,1575,images/img02978.jpg,77.0,74.27469471239615,2.7253052876038453,test
img02979,1575,images/img02979.jpg,77.0,82.24705588482098,5.2470558848209805,test
img02998,1586,images/img02998.jpg,66.0,49.64196080876231,16.358039191237694,test
img02999,1586,images/img02999.jpg,66.0,48.167657811987496,17.832342188012504,test
img03007,1591,images/img03007.jpg,49.0,48.10625208218477,0.893747917815233,test
img03008,1591,images/img03008.jpg,49.0,40.08757159407274,8.912428405927258,test
img03037,1607,images/img03037.jpg,74.0,72.47468036459033,1.525319635409673,test
img03052,1615,images/img03052.jpg,74.0,75.0168572930692,1.0168572930691937,test
img03053,1615,images/img03053.jpg,74.0,74.60628608957505,0.6062860895750504,test
img03062,1622,images/img03062.jpg,43.0,48.85964849561984,5.859648495619844,test
img03088,1637,images/img03088.jpg,61.0,61.67364817320508,0.6736481732050805,test
img03089,1637,images/img03089.jpg,61.0,60.98032967137092,0.0196703286290826,test
img03126,1658,images/img03126.jpg,53.0,69.38657439059408,16.386574390594077,test
img03127,1658,images/img03127.jpg,53.0,42.951379354648665,10.048620645351336,test
img03133,1662,images/img03133.jpg,69.0,77.80307575563157,8.803075755631568,test
img03153,1673,images/img03153.jpg,46.0,44.91903252267519,1.080967477324812,test
img03154,1673,images/img03154.jpg,46.0,51.98174934210856,5.981749342108564,test
img03159,1676,images/img03159.jpg,66.0,57.194582288437886,8.805417711562114,test
img03160,1676,images/img03160.jpg,66.0,55.85293800919168,10.147061990808318,test
img03161,1677,images/img03161.jpg,72.0,66.83724196706626,5.162758032933738,test
img03162,1677,images/img03162.jpg,72.0,68.09264908919913,3.907350910800872,test
img03197,1697,images/img03197.jpg,78.0,74.76427627929766,3.235723720702339,test
img03198,1697,images/img03198.jpg,78.0,73.96730725255014,4.0326927474498575,test
img03205,1701,images/img03205.jpg,74.0,75.4168604814705,1.4168604814704937,test
img03206,1701,images/img03206.jpg,74.0,57.90266724655189,16.097332753448107,test
img03207,1702,images/img03207.jpg,68.0,86.49169423912153,18.49169423912153,test
img03208,1702,images/img03208.jpg,68.0,76.92454106523286,8.924541065232859,test
img03223,1711,images/img03223.jpg,71.0,68.52321663497683,2.4767833650231665,test
img03224,1711,images/img03224.jpg,71.0,74.42763101337363,3.4276310133736274,test
img03259,1730,images/img03259.jpg,55.0,54.93567751456977,0.0643224854302317,test
img03260,1730,images/img03260.jpg,55.0,60.80428987898712,5.80428987898712,test
img03275,1737,images/img03275.jpg,53.0,55.65136634494686,2.651366344946858,test
img03276,1737,images/img03276.jpg,53.0,44.67010723507406,8.329892764925937,test
img03346,1777,images/img03346.jpg,56.0,47.967695479762426,8.032304520237574,test
img03347,1777,images/img03347.jpg,56.0,48.85384263098136,7.146157369018638,test
img03377,1793,images/img03377.jpg,68.0,59.59639860851242,8.403601391487577,test
img03378,1793,images/img03378.jpg,68.0,70.15396169996504,2.1539616999650377,test
img03444,1828,images/img03444.jpg,78.0,64.03737069780215,13.962629302197854,test
img03472,1846,images/img03472.jpg,67.0,73.25387135067442,6.253871350674416,test
img03473,1846,images/img03473.jpg,67.0,72.36018480953422,5.360184809534218,test
img03479,1850,images/img03479.jpg,63.0,66.35342264038592,3.353422640385915,test
img03480,1850,images/img03480.jpg,63.0,60.55429034010979,2.4457096598902126,test
img03491,1856,images/img03491.jpg,33.0,49.57479665587493,16.574796655874927,test
img03492,1856,images/img03492.jpg,33.0,40.763584289560825,7.763584289560825,test
img03524,1875,images/img03524.jpg,81.0,76.35167612324867,4.648323876751334,test
img03534,1880,images/img03534.jpg,61.0,65.3839659394339,4.3839659394339066,test
img03535,1880,images/img03535.jpg,61.0,60.64475920202831,0.3552407979716889,test
img03554,1890,images/img03554.jpg,57.0,58.26732211491374,1.267322114913739,test
img03555,1890,images/img03555.jpg,57.0,59.556183984722274,2.5561839847222743,test
img03562,1894,images/img03562.jpg,19.0,22.862438792310137,3.8624387923101366,test
img03563,1894,images/img03563.jpg,19.0,25.723365160122867,6.723365160122867,test
img03570,1898,images/img03570.jpg,56.0,63.54384166643948,7.543841666439476,test
img03571,1898,images/img03571.jpg,56.0,65.13402093107821,9.134020931078211,test
img03593,1910,images/img03593.jpg,8.0,18.674420569233625,10.674420569233623,test
img03594,1910,images/img03594.jpg,8.0,21.066585123305074,13.066585123305074,test
img03614,1921,images/img03614.jpg,58.0,64.12103469592584,6.121034695925843,test
img03615,1921,images/img03615.jpg,58.0,61.30447326990491,3.30447326990491,test
img03646,1937,images/img03646.jpg,66.0,64.71088316887327,1.2891168311267336,test
img03665,1947,images/img03665.jpg,71.0,70.43221568332233,0.5677843166776739,test
img03666,1947,images/img03666.jpg,71.0,67.85521120128563,3.144788798714373,test
img03667,1948,images/img03667.jpg,72.0,61.88374064043428,10.116259359565715,test
img03668,1948,images/img03668.jpg,72.0,61.79151589571911,10.208484104280892,test
img03673,1951,images/img03673.jpg,73.0,79.46942379819527,6.469423798195265,test
img03674,1951,images/img03674.jpg,73.0,66.02747408158581,6.972525918414192,test
img03710,1970,images/img03710.jpg,68.0,63.587466629052685,4.412533370947315,test
img03711,1970,images/img03711.jpg,68.0,66.20673444657737,1.7932655534226285,test
img03723,1977,images/img03723.jpg,68.0,52.09346820300303,15.906531796996973,test
img03724,1977,images/img03724.jpg,68.0,64.09815314374259,3.901846856257407,test
img03727,1979,images/img03727.jpg,50.0,62.1357708959373,12.1357708959373,test
img03728,1979,images/img03728.jpg,50.0,48.49086839329631,1.50913160670369,test
img03775,2005,images/img03775.jpg,78.0,82.97940733404147,4.979407334041468,test
img03794,2016,images/img03794.jpg,30.0,26.37342132731269,3.626578672687305,test
img03795,2016,images/img03795.jpg,30.0,26.60638880306256,3.3936111969374423,test
img03804,2021,images/img03804.jpg,15.0,20.14805338589754,5.148053385897541,test
img03805,2021,images/img03805.jpg,15.0,21.4689374865784,6.4689374865783975,test
img03854,2046,images/img03854.jpg,32.0,31.27782010043324,0.7221798995667612,test
img03855,2046,images/img03855.jpg,32.0,41.32212951656368,9.322129516563676,test
img03923,2081,images/img03923.jpg,21.0,30.597423151005703,9.597423151005705,test
img03924,2081,images/img03924.jpg,21.0,33.31624079821679,12.31624079821679,test
img03943,2091,images/img03943.jpg,56.0,54.396165348185775,1.6038346518142248,test
img03944,2091,images/img03944.jpg,56.0,51.58733498686964,4.412665013130358,test
img03956,2098,images/img03956.jpg,60.0,53.064580995897096,6.935419004102904,test
img03957,2098,images/img03957.jpg,60.0,50.15592842493899,9.844071575061008,test
img04035,2142,images/img04035.jpg,60.0,63.26054742696746,3.260547426967463,test
img04036,2142,images/img04036.jpg,60.0,49.8619085771666,10.138091422833403,test
img04043,2146,images/img04043.jpg,48.0,61.70029287668637,13.700292876686367,test
img04044,2146,images/img04044.jpg,48.0,49.21945178347183,1.2194517834718257,test
img04048,2148,images/img04048.jpg,56.0,54.72506809799547,1.274931902004532,test
img04049,2149,images/img04049.jpg,36.0,35.91275957272579,0.0872404272742102,test
img04050,2149,images/img04050.jpg,36.0,35.24581639359604,0.7541836064039629,test
img04163,2207,images/img04163.jpg,39.0,47.47832876311615,8.478328763116146,test
img04164,2207,images/img04164.jpg,39.0,50.6869231964962,11.686923196496204,test
img04165,2208,images/img04165.jpg,71.0,72.39089639931903,1.3908963993190326,test
img04166,2208,images/img04166.jpg,71.0,71.36220646454623,0.362206464546233,test
img04195,2225,images/img04195.jpg,82.0,74.20366107369355,7.796338926306447,test
img04196,2225,images/img04196.jpg,82.0,72.27540511693786,9.72459488306214,test
img04209,2233,images/img04209.jpg,75.0,61.92565443527858,13.07434556472142,test
img04210,2233,images/img04210.jpg,75.0,66.92908663404565,8.070913365954354,test
img04225,2241,images/img04225.jpg,58.0,60.4595904550176,2.4595904550175973,test
img04226,2241,images/img04226.jpg,58.0,58.13275373851747,0.1327537385174722,test
img04233,2246,images/img04233.jpg,76.0,80.08249300317051,4.082493003170512,test
img04234,2246,images/img04234.jpg,76.0,74.48780980643957,1.5121901935604285,test
img04253,2256,images/img04253.jpg,67.0,73.67311399771896,6.673113997718957,test
img04254,2256,images/img04254.jpg,67.0,58.31786972724851,8.682130272751493,test
img04286,2273,images/img04286.jpg,45.0,53.80796833208607,8.80796833208607,test
img04295,2278,images/img04295.jpg,50.0,54.894902317017205,4.8949023170172055,test
img04296,2278,images/img04296.jpg,50.0,46.25527569007976,3.744724309920244,test
img04306,2284,images/img04306.jpg,79.0,71.02899225904348,7.971007740956523,test
img04307,2284,images/img04307.jpg,79.0,76.05078761097113,2.9492123890288724,test
img04372,2320,images/img04372.jpg,27.0,57.45976394249623,30.45976394249623,test
img04373,2320,images/img04373.jpg,27.0,35.70449660449744,8.704496604497443,test
img04381,2325,images/img04381.jpg,77.0,84.28719538464647,7.287195384646466,test
img04391,2330,images/img04391.jpg,33.0,38.60061478975253,5.600614789752527,test
img04392,2330,images/img04392.jpg,33.0,35.78459539711665,2.7845953971166466,test
img04403,2336,images/img04403.jpg,78.0,86.93756195865959,8.937561958659586,test
img04473,2372,images/img04473.jpg,43.0,60.13583511379765,17.135835113797647,test
img04474,2373,images/img04474.jpg,32.0,45.67881609610937,13.678816096109372,test
img04475,2373,images/img04475.jpg,32.0,48.52341493513416,16.523414935134156,test
img04492,2382,images/img04492.jpg,73.0,72.67330778964578,0.3266922103542242,test
img04493,2382,images/img04493.jpg,73.0,82.24037698653113,9.240376986531132,test
img04528,2400,images/img04528.jpg,74.0,65.03506875590892,8.964931244091076,test
img04529,2400,images/img04529.jpg,74.0,76.44324159395727,2.443241593957268,test
img04540,2406,images/img04540.jpg,68.0,63.72823117229603,4.271768827703973,test
img04541,2406,images/img04541.jpg,68.0,55.35904744047056,12.640952559529438,test
img04564,2419,images/img04564.jpg,58.0,59.882249102512375,1.8822491025123755,test
img04565,2419,images/img04565.jpg,58.0,62.94160167775572,4.94160167775572,test
img04568,2421,images/img04568.jpg,70.0,71.03259781713399,1.0325978171339898,test
img04569,2421,images/img04569.jpg,70.0,57.632795831306645,12.367204168693355,test
img04570,2422,images/img04570.jpg,32.0,31.045033666015208,0.9549663339847924,test
img04571,2422,images/img04571.jpg,32.0,30.631807916727865,1.368192083272138,test
img04580,2427,images/img04580.jpg,44.0,48.80276552728152,4.802765527281522,test
img04581,2427,images/img04581.jpg,61.0,45.10586172406969,15.89413827593031,test
img04586,2430,images/img04586.jpg,39.0,40.448204836464,1.4482048364640008,test
img04587,2430,images/img04587.jpg,39.0,46.30312404159359,7.303124041593591,test
img04588,2431,images/img04588.jpg,44.0,40.57000311897748,3.429996881022518,test
img04589,2431,images/img04589.jpg,44.0,38.05348389153831,5.946516108461694,test
img04609,2442,images/img04609.jpg,45.0,47.61535960154314,2.6153596015431404,test
img04610,2442,images/img04610.jpg,45.0,42.54951340362832,2.4504865963716824,test
img04619,2447,images/img04619.jpg,37.0,49.18996331328727,12.189963313287263,test
img04625,2450,images/img04625.jpg,64.0,55.068246120411374,8.931753879588626,test
img04626,2450,images/img04626.jpg,64.0,56.52671140880882,7.473288591191178,test
img04657,2466,images/img04657.jpg,67.0,69.2153180155681,2.2153180155681014,test
img04658,2466,images/img04658.jpg,67.0,59.9389586637919,7.061041336208099,test
img04705,2490,images/img04705.jpg,35.0,52.651825299706246,17.651825299706246,test
img04706,2490,images/img04706.jpg,35.0,41.34904141960098,6.34904141960098,test
img04723,2499,images/img04723.jpg,61.0,47.06759833049882,13.932401669501182,test
img04829,2552,images/img04829.jpg,58.0,45.67313946880717,12.326860531192828,test
img04830,2552,images/img04830.jpg,58.0,58.4419765593954,0.4419765593953997,test
img04837,2556,images/img04837.jpg,53.0,64.74485404793622,11.744854047936215,test
img04838,2556,images/img04838.jpg,53.0,64.04299443049837,11.042994430498368,test
img04861,2568,images/img04861.jpg,43.0,45.12186425094869,2.12186425094869,test
img04888,2582,images/img04888.jpg,47.0,52.8508497069592,5.850849706959195,test
img04889,2582,images/img04889.jpg,47.0,51.03099933660344,4.030999336603436,test
img04920,2599,images/img04920.jpg,60.0,66.04545715701059,6.045457157010588,test
img04952,2616,images/img04952.jpg,52.0,38.61408382859637,13.385916171403627,test
img04953,2616,images/img04953.jpg,52.0,35.30477043114605,16.695229568853946,test
img04963,2622,images/img04963.jpg,80.0,78.62969738943374,1.370302610566256,test
img04964,2622,images/img04964.jpg,80.0,73.37120576468685,6.628794235313151,test
img04985,2633,images/img04985.jpg,79.0,75.28532413840344,3.714675861596561,test
img04986,2633,images/img04986.jpg,79.0,72.19800340391873,6.801996596081267,test
img04987,2634,images/img04987.jpg,60.0,78.29394424284366,18.293944242843665,test
img04988,2634,images/img04988.jpg,60.0,72.70009645370418,12.700096453704177,test
img05014,2648,images/img05014.jpg,39.0,44.287308426248615,5.287308426248615,test
img05015,2648,images/img05015.jpg,39.0,42.71525783352743,3.7152578335274313,test
img05017,2649,images/img05017.jpg,49.0,54.85878675253835,5.85878675253835,test
img05035,2659,images/img05035.jpg,43.0,56.89564658230325,13.89564658230325,test
img05036,2659,images/img05036.jpg,43.0,47.91561555976971,4.915615559769712,test
img05047,2665,images/img05047.jpg,30.0,42.61458358448492,12.61458358448492,test
img05051,2667,images/img05051.jpg,32.0,37.3183535669353,5.318353566935301,test
img05052,2667,images/img05052.jpg,32.0,33.86129953660888,1.8612995366088825,test
img05053,2668,images/img05053.jpg,56.0,58.72193434890117,2.721934348901172,test
img05054,2668,images/img05054.jpg,56.0,64.17443479984735,8.174434799847347,test
img05061,2672,images/img05061.jpg,69.0,53.9219638422588,15.078036157741202,test
img05062,2672,images/img05062.jpg,69.0,68.00547768792387,0.9945223120761284,test
img05069,2676,images/img05069.jpg,58.0,51.69317763875272,6.306822361247278,test
img05070,2676,images/img05070.jpg,58.0,50.00289724085386,7.997102759146138,test
img05124,2705,images/img05124.jpg,35.0,46.381171395988886,11.381171395988886,test
img05125,2705,images/img05125.jpg,35.0,37.72822459853166,2.7282245985316607,test
img05139,2713,images/img05139.jpg,26.0,28.783269038939935,2.783269038939938,test
img05140,2713,images/img05140.jpg,26.0,27.70579391829161,1.7057939182916115,test
img05159,2723,images/img05159.jpg,33.0,39.34857178365451,6.3485717836545135,test
img05160,2723,images/img05160.jpg,33.0,48.41329000138708,15.413290001387082,test
img05169,2728,images/img05169.jpg,38.0,40.87135623129935,2.8713562312993446,test
img05170,2728,images/img05170.jpg,38.0,40.994289839273264,2.9942898392732644,test
img05171,2729,images/img05171.jpg,33.0,32.70296437725933,0.2970356227406725,test
img05172,2729,images/img05172.jpg,33.0,36.8796947823574,3.879694782357397,test
img05189,2738,images/img05189.jpg,69.0,78.56125504111924,9.56125504111924,test
img05190,2739,images/img05190.jpg,55.0,61.03135715229608,6.031357152296074,test
img05191,2739,images/img05191.jpg,55.0,62.63129628969703,7.631296289697033,test
img05192,2740,images/img05192.jpg,81.0,81.83068481504573,0.8306848150457284,test
img05202,2745,images/img05202.jpg,63.0,44.539066029143456,18.460933970856544,test
img05203,2745,images/img05203.jpg,63.0,54.959817085887146,8.040182914112854,test
img05218,2753,images/img05218.jpg,8.0,28.704736362902093,20.704736362902093,test
img05231,2760,images/img05231.jpg,65.0,52.45311826008921,12.546881739910788,test
img05232,2760,images/img05232.jpg,65.0,76.68095976875198,11.680959768751976,test
img05235,2762,images/img05235.jpg,34.0,37.704340230055536,3.704340230055536,test
img05236,2762,images/img05236.jpg,34.0,44.45994224225109,10.459942242251088,test
img05238,2763,images/img05238.jpg,32.0,31.172015619915303,0.8279843800846969,test
img05249,2769,images/img05249.jpg,67.0,55.556408121508426,11.443591878491574,test
img05250,2769,images/img05250.jpg,67.0,68.66168489795412,1.6616848979541174,test
img05267,2778,images/img05267.jpg,84.0,73.383964816139,10.616035183861,test
img05268,2778,images/img05268.jpg,84.0,80.72716809848541,3.272831901514593,test
img05285,2787,images/img05285.jpg,70.0,80.8381573410004,10.838157341000397,test
img05286,2787,images/img05286.jpg,70.0,69.31306506620925,0.6869349337907522,test
img05287,2788,images/img05287.jpg,77.0,83.15497598271834,6.154975982718341,test
img05288,2788,images/img05288.jpg,77.0,74.96255361840421,2.0374463815957853,test
img05289,2789,images/img05289.jpg,61.0,55.44381540900476,5.556184590995237,test
img05290,2789,images/img05290.jpg,61.0,69.40073923889398,8.400739238893976,test
img05311,2800,images/img05311.jpg,86.0,72.0428008144621,13.957199185537904,test
img05312,2800,images/img05312.jpg,86.0,81.3224319975364,4.677568002463602,test
img05317,2803,images/img05317.jpg,64.0,79.85602120315781,15.856021203157807,test
img05318,2803,images/img05318.jpg,64.0,78.88035892884373,14.880358928843734,test
img05319,2804,images/img05319.jpg,83.0,75.05202293586117,7.947977064138826,test
img05320,2804,images/img05320.jpg,83.0,78.3142732213092,4.685726778690807,test
img05324,2807,images/img05324.jpg,75.0,79.21726594127162,4.21726594127162,test
img05325,2807,images/img05325.jpg,75.0,64.4500625932827,10.549937406717303,test
img05344,2817,images/img05344.jpg,48.0,60.63697606067535,12.636976060675352,test
img05345,2817,images/img05345.jpg,48.0,50.48635066773404,2.486350667734037,test
img05376,2833,images/img05376.jpg,55.0,66.59625850463607,11.596258504636069,test
img05377,2833,images/img05377.jpg,55.0,68.12862614615302,13.128626146153024,test
img05394,2842,images/img05394.jpg,58.0,57.05611552504994,0.9438844749500604,test
img05395,2842,images/img05395.jpg,58.0,47.6265645331287,10.3734354668713,test
img05398,2844,images/img05398.jpg,77.0,77.76627855963227,0.7662785596322692,test
img05399,2844,images/img05399.jpg,77.0,79.1251835212179,2.125183521217906,test
img05448,2870,images/img05448.jpg,59.0,58.38319115748354,0.6168088425164626,test
img05449,2870,images/img05449.jpg,59.0,47.84803043125531,11.15196956874469,test
img05454,2873,images/img05454.jpg,61.0,69.73239059964668,8.732390599646678,test
img05455,2873,images/img05455.jpg,61.0,73.03256795350227,12.032567953502266,test
img05465,2879,images/img05465.jpg,61.0,76.18285617192933,15.18285617192933,test
img05466,2879,images/img05466.jpg,61.0,83.02213526957378,22.02213526957378,test
img05467,2880,images/img05467.jpg,58.0,66.26918061873289,8.26918061873289,test
img05468,2880,images/img05468.jpg,58.0,63.862781417293846,5.862781417293846,test
img05475,2884,images/img05475.jpg,60.0,63.14042868452034,3.1404286845203444,test
img05476,2884,images/img05476.jpg,60.0,74.14843365199206,14.148433651992065,test
img05481,2887,images/img05481.jpg,45.0,41.2000444035064,3.799955596493597,test
img05483,2888,images/img05483.jpg,66.0,65.23294202385016,0.7670579761498431,test
img05488,2891,images/img05488.jpg,56.0,63.16951744598131,7.169517445981313,test
img05510,2903,images/img05510.jpg,59.0,55.95163934396144,3.048360656038561,test
img05511,2903,images/img05511.jpg,59.0,69.05256185825459,10.052561858254592,test
img05521,2908,images/img05521.jpg,78.0,84.05099970201582,6.050999702015815,test
img05548,2922,images/img05548.jpg,33.0,38.75516737539128,5.755167375391281,test
img05549,2922,images/img05549.jpg,33.0,48.89103408265208,15.891034082652077,test
img05570,2933,images/img05570.jpg,58.0,65.36406011781627,7.3640601178162655,test
img05571,2933,images/img05571.jpg,58.0,63.160516638080246,5.160516638080246,test
img05585,2942,images/img05585.jpg,58.0,65.27990589030307,7.27990589030307,test
img05586,2942,images/img05586.jpg,58.0,63.03442625820888,5.034426258208882,test
img05594,2946,images/img05594.jpg,71.0,75.37044628267566,4.370446282675658,test
img05624,2962,images/img05624.jpg,72.0,58.05457973698569,13.945420263014311,test
img05625,2962,images/img05625.jpg,72.0,49.03187006087876,22.96812993912124,test
img05656,2978,images/img05656.jpg,58.0,58.12108625178215,0.1210862517821453,test
img05657,2978,images/img05657.jpg,58.0,56.55538764687362,1.4446123531263808,test
img05658,2979,images/img05658.jpg,49.0,58.05104520489961,9.051045204899609,test
img05659,2979,images/img05659.jpg,49.0,57.31792058104549,8.317920581045492,test
img05664,2982,images/img05664.jpg,58.0,48.5670044529083,9.4329955470917,test
img05665,2982,images/img05665.jpg,58.0,41.52421090485949,16.475789095140513,test
img05674,2987,images/img05674.jpg,50.0,48.34172196357245,1.6582780364275465,test
img05675,2987,images/img05675.jpg,50.0,53.37687347616416,3.376873476164157,test
img05709,3006,images/img05709.jpg,39.0,40.84897799583078,1.8489779958307797,test
img05710,3006,images/img05710.jpg,39.0,41.47433728977212,2.474337289772123,test
img05745,3024,images/img05745.jpg,83.0,80.75298066620654,2.2470193337934603,test
img05746,3024,images/img05746.jpg,83.0,77.66094522282127,5.339054777178731,test
img05760,3031,images/img05760.jpg,72.0,67.22932078006356,4.77067921993644,test
img05788,3046,images/img05788.jpg,50.0,43.63077403308855,6.369225966911451,test
img05789,3046,images/img05789.jpg,50.0,57.737725505931245,7.737725505931245,test
img05793,3048,images/img05793.jpg,69.0,73.41769957804327,4.417699578043269,test
img05816,3060,images/img05816.jpg,47.0,48.22226140452148,1.2222614045214757,test
img05817,3060,images/img05817.jpg,47.0,43.278769700440805,3.721230299559196,test
img05836,3070,images/img05836.jpg,72.0,79.55827801136817,7.558278011368174,test
img05837,3070,images/img05837.jpg,72.0,73.24423144505977,1.2442314450597678,test
img05853,3079,images/img05853.jpg,65.0,63.13070643781805,1.8692935621819515,test
img05854,3079,images/img05854.jpg,65.0,58.80545302318471,6.194546976815289,test
img05863,3084,images/img05863.jpg,50.0,48.481146146594014,1.518853853405986,test
img05864,3084,images/img05864.jpg,50.0,65.9009621807822,15.9009621807822,test
img05884,3095,images/img05884.jpg,50.0,47.6068266655177,2.3931733344822987,test
img05885,3095,images/img05885.jpg,50.0,62.73482084910541,12.734820849105413,test
img05910,3109,images/img05910.jpg,54.0,58.612700443877614,4.612700443877614,test
img05911,3109,images/img05911.jpg,54.0,63.190692738142616,9.190692738142616,test
img05924,3116,images/img05924.jpg,69.0,61.37990970292432,7.620090297075677,test
img05925,3116,images/img05925.jpg,69.0,67.88746273300143,1.1125372669985722,test
img05938,3124,images/img05938.jpg,45.0,51.15684051199093,6.156840511990929,test
img05939,3124,images/img05939.jpg,45.0,52.75526424619566,7.755264246195658,test
img05956,3133,images/img05956.jpg,45.0,44.60907667526018,0.3909233247398163,test
img05975,3143,images/img05975.jpg,68.0,63.03096738722157,4.9690326127784274,test
img05976,3143,images/img05976.jpg,68.0,67.09566319970492,0.9043368002950842,test
img05995,3154,images/img05995.jpg,56.0,46.27984932434935,9.72015067565065,test
img05996,3154,images/img05996.jpg,56.0,51.50046677529468,4.499533224705324,test
img06022,3169,images/img06022.jpg,82.0,77.11840143208698,4.8815985679130165,test
img06023,3169,images/img06023.jpg,82.0,71.89191704231894,10.108082957681065,test
img06034,3175,images/img06034.jpg,88.0,80.02431548024857,7.975684519751425,test
img06035,3175,images/img06035.jpg,88.0,76.48750292775796,11.51249707224204,test
img06053,3185,images/img06053.jpg,42.0,57.28662197019526,15.286621970195265,test
img06054,3185,images/img06054.jpg,42.0,41.62705764988394,0.3729423501160624,test
img06071,3194,images/img06071.jpg,42.0,47.10674797320144,5.106747973201443,test
img06072,3194,images/img06072.jpg,42.0,51.55662121586396,9.556621215863956,test
img06125,3222,images/img06125.jpg,61.0,56.40263634069078,4.597363659309217,test
img06126,3222,images/img06126.jpg,61.0,51.67558282064198,9.324417179358022,test
img06131,3225,images/img06131.jpg,65.0,63.06022955574134,1.939770444258663,test
img06132,3225,images/img06132.jpg,65.0,70.05693772404078,5.056937724040779,test
img06163,3242,images/img06163.jpg,23.0,29.477514559641893,6.477514559641893,test
img06164,3242,images/img06164.jpg,23.0,35.724858301275944,12.724858301275944,test
img06175,3248,images/img06175.jpg,51.0,47.89237247022801,3.107627529771989,test
img06176,3248,images/img06176.jpg,51.0,57.88076192703221,6.880761927032204,test
img06180,3251,images/img06180.jpg,56.0,64.30752253625491,8.307522536254908,test
img06181,3251,images/img06181.jpg,56.0,62.53678453490449,6.536784534904491,test
img06203,3263,images/img06203.jpg,52.0,57.67505739455267,5.675057394552667,test
img06204,3263,images/img06204.jpg,52.0,42.41174749376968,9.58825250623032,test
img06217,3272,images/img06217.jpg,59.0,52.0121844621487,6.987815537851297,test
img06218,3272,images/img06218.jpg,59.0,46.20474552751191,12.79525447248809,test
img06250,3289,images/img06250.jpg,60.0,50.62284383521772,9.377156164782283,test
img06251,3289,images/img06251.jpg,60.0,50.17086106298352,9.82913893701648,test
img06256,3292,images/img06256.jpg,69.0,60.6710101951434,8.328989804856604,test
img06257,3292,images/img06257.jpg,69.0,64.35052148847976,4.649478511520243,test
img06284,3306,images/img06284.jpg,54.0,62.76356225114357,8.763562251143568,test
img06285,3306,images/img06285.jpg,54.0,55.70552687699255,1.7055268769925505,test
img06287,3307,images/img06287.jpg,57.0,38.3667246575766,18.633275342423403,test
img06304,3317,images/img06304.jpg,43.0,37.48049025752304,5.519509742476956,test
img06305,3317,images/img06305.jpg,43.0,56.28921721813174,13.28921721813174,test
img06343,3337,images/img06343.jpg,35.0,45.34640785171638,10.346407851716378,test
img06350,3340,images/img06350.jpg,51.0,61.278967163715365,10.278967163715365,test
img06363,3347,images/img06363.jpg,67.0,71.91810805186023,4.91810805186023,test
img06380,3356,images/img06380.jpg,56.0,64.65386005709435,8.653860057094349,test
img06381,3356,images/img06381.jpg,56.0,53.18431693408234,2.8156830659176606,test
img06440,3387,images/img06440.jpg,46.0,38.74986482746749,7.250135172532509,test
img06441,3387,images/img06441.jpg,46.0,54.165942666242415,8.165942666242415,test
img06511,3423,images/img06511.jpg,65.0,62.96701889919501,2.032981100804996,test
img06512,3423,images/img06512.jpg,65.0,55.03017181959539,9.969828180404612,test
img06547,3442,images/img06547.jpg,73.0,66.08861697427425,6.911383025725755,test
img06548,3443,images/img06548.jpg,64.0,73.07714556432845,9.077145564328449,test
img06549,3443,images/img06549.jpg,64.0,68.15979252048828,4.159792520488281,test
img06598,3470,images/img06598.jpg,68.0,73.67311617893982,5.6731161789398215,test
img06624,3485,images/img06624.jpg,76.0,77.34524185842594,1.3452418584259362,test
img06625,3485,images/img06625.jpg,76.0,64.23715744174756,11.762842558252444,test
img06628,3487,images/img06628.jpg,79.0,74.87843701695095,4.121562983049046,test
img06629,3487,images/img06629.jpg,79.0,70.97577265114859,8.024227348851412,test
img06706,3529,images/img06706.jpg,7.0,18.196667763085166,11.196667763085166,test
img06718,3535,images/img06718.jpg,61.0,58.37364722558698,2.626352774413021,test
img06719,3535,images/img06719.jpg,61.0,78.3615337337998,17.361533733799803,test
img06722,3537,images/img06722.jpg,53.0,49.2990728887215,3.700927111278503,test
img06723,3537,images/img06723.jpg,53.0,55.05823976969135,2.0582397696913475,test
img06747,3551,images/img06747.jpg,23.0,29.429974850880512,6.429974850880512,test
img06832,3594,images/img06832.jpg,50.0,55.58828298364603,5.588282983646032,test
img06833,3594,images/img06833.jpg,50.0,41.51603896088727,8.483961039112735,test
img06836,3596,images/img06836.jpg,77.0,77.30269932666718,0.3026993266671809,test
img06837,3596,images/img06837.jpg,77.0,76.53218523718567,0.4678147628143279,test
img06844,3600,images/img06844.jpg,39.0,39.98219136101312,0.982191361013122,test
img06845,3600,images/img06845.jpg,39.0,63.900028490096624,24.900028490096624,test
img06852,3604,images/img06852.jpg,76.0,74.18918103897859,1.8108189610214112,test
img06916,3637,images/img06916.jpg,74.0,71.13902394559855,2.860976054401448,test
img06922,3640,images/img06922.jpg,48.0,49.97256409288918,1.9725640928891792,test
img06923,3640,images/img06923.jpg,48.0,47.5652198775102,0.4347801224897978,test
img06933,3646,images/img06933.jpg,73.0,71.92047467649918,1.0795253235008175,test
img06934,3646,images/img06934.jpg,73.0,63.93403535930385,9.065964640696151,test
img06964,3662,images/img06964.jpg,73.0,59.645626036918415,13.354373963081583,test
img06993,3679,images/img06993.jpg,53.0,54.37357362572501,1.3735736257250082,test
img06994,3679,images/img06994.jpg,53.0,51.05726614356979,1.942733856430209,test
img07022,3695,images/img07022.jpg,76.0,78.83060746212485,2.8306074621248456,test
img07023,3695,images/img07023.jpg,76.0,75.48478151799817,0.5152184820018277,test
img07071,3720,images/img07071.jpg,70.0,58.2596196787328,11.740380321267205,test
img07113,3742,images/img07113.jpg,63.0,65.31561956483748,2.315619564837476,test
img07114,3742,images/img07114.jpg,63.0,62.084387330705866,0.9156126692941342,test
img07125,3748,images/img07125.jpg,20.0,24.044612514497643,4.044612514497644,test
img07126,3748,images/img07126.jpg,20.0,25.06117049881709,5.061170498817091,test
img07187,3780,images/img07187.jpg,45.0,49.26963404131163,4.269634041311633,test
img07188,3780,images/img07188.jpg,45.0,58.79628644249787,13.796286442497872,test
img07206,3790,images/img07206.jpg,38.0,46.92925657833172,8.929256578331717,test
img07207,3790,images/img07207.jpg,38.0,46.54995208533264,8.549952085332635,test
img07208,3791,images/img07208.jpg,48.0,53.62056601490919,5.620566014909187,test
img07209,3791,images/img07209.jpg,48.0,50.218771033986805,2.2187710339868048,test
img07214,3794,images/img07214.jpg,29.0,40.54625071436371,11.546250714363708,test
img07244,3810,images/img07244.jpg,36.0,43.93839815539844,7.938398155398438,test
img07245,3810,images/img07245.jpg,36.0,34.667112323355155,1.3328876766448443,test
img07285,3831,images/img07285.jpg,27.0,44.440412681232736,17.440412681232736,test
img07286,3831,images/img07286.jpg,27.0,40.448256095154335,13.448256095154337,test
img07305,3841,images/img07305.jpg,74.0,61.74928309732324,12.250716902676755,test
img07306,3841,images/img07306.jpg,74.0,62.63402554230487,11.365974457695131,test
img07317,3847,images/img07317.jpg,38.0,37.407118350052734,0.592881649947266,test
img07318,3847,images/img07318.jpg,38.0,41.62621787985076,3.626217879850756,test
img07335,3856,images/img07335.jpg,42.0,41.05881689613437,0.941183103865626,test
img07336,3856,images/img07336.jpg,42.0,50.61847212329823,8.618472123298233,test
img07371,3874,images/img07371.jpg,42.0,37.74191830312464,4.258081696875365,test
img07372,3874,images/img07372.jpg,42.0,61.96016734772658,19.960167347726586,test
img07408,3893,images/img07408.jpg,57.0,52.62235591520427,4.377644084795733,test
img07409,3893,images/img07409.jpg,57.0,44.60443721847948,12.395562781520518,test
img07414,3896,images/img07414.jpg,42.0,39.88127390584412,2.118726094155882,test
img07419,3899,images/img07419.jpg,73.0,80.65231732326835,7.652317323268349,test
img07420,3899,images/img07420.jpg,73.0,65.84022717639559,7.159772823604413,test
img07454,3917,images/img07454.jpg,87.0,86.4939779773676,0.5060220226323935,test
img07455,3917,images/img07455.jpg,87.0,84.69981257331236,2.3001874266876428,test
img07470,3925,images/img07470.jpg,72.0,68.63629548708087,3.363704512919128,test
img07471,3925,images/img07471.jpg,72.0,65.9053180788504,6.094681921149601,test
img07494,3938,images/img07494.jpg,82.0,76.06723183507538,5.932768164924624,test
img07495,3938,images/img07495.jpg,82.0,72.5457096408512,9.4542903591488,test
img07562,3974,images/img07562.jpg,57.0,60.16559514597994,3.1655951459799425,test
img07563,3974,images/img07563.jpg,57.0,64.89195776431963,7.891957764319628,test
img07593,3990,images/img07593.jpg,82.0,72.37296349197416,9.62703650802584,test
img07594,3990,images/img07594.jpg,82.0,82.11030206144389,0.1103020614438889,test
img07639,4013,images/img07639.jpg,65.0,61.11234588302836,3.887654116971639,test
img07640,4013,images/img07640.jpg,71.0,65.92013947463079,5.079860525369213,test
img07641,4013,images/img07641.jpg,71.0,69.8843475324556,1.1156524675443933,test
img07649,4018,images/img07649.jpg,64.0,55.59511129556516,8.404888704434839,test
img07650,4018,images/img07650.jpg,64.0,71.61729806353385,7.617298063533852,test
img07701,4045,images/img07701.jpg,38.0,60.91788513513104,22.917885135131044,test
img07702,4045,images/img07702.jpg,38.0,54.85291654188435,16.852916541884348,test
img07712,4050,images/img07712.jpg,44.0,51.81709606794737,7.817096067947368,test
img07727,4059,images/img07727.jpg,65.0,61.0867525280042,3.9132474719958026,test
img07762,4078,images/img07762.jpg,48.0,58.21836802074745,10.218368020747448,test
img07844,4121,images/img07844.jpg,73.0,60.95518074009808,12.04481925990192,test
img07845,4121,images/img07845.jpg,73.0,57.08491513841994,15.915084861580064,test
img07848,4123,images/img07848.jpg,12.0,25.589939879786375,13.589939879786378,test
img07867,4133,images/img07867.jpg,58.0,59.82299896422988,1.8229989642298816,test
img07868,4133,images/img07868.jpg,58.0,64.34458256936848,6.344582569368484,test
img07869,4134,images/img07869.jpg,13.0,26.55866587174848,13.55866587174848,test
img07870,4134,images/img07870.jpg,13.0,22.10293550575716,9.10293550575716,test
img07897,4148,images/img07897.jpg,27.0,58.59640522442373,31.596405224423734,test
img07898,4148,images/img07898.jpg,27.0,49.506850535307294,22.506850535307294,test
img07937,4169,images/img07937.jpg,65.0,71.26461864302826,6.264618643028257,test
img07938,4169,images/img07938.jpg,65.0,71.16237391496266,6.162373914962657,test
img07965,4184,images/img07965.jpg,79.0,74.28420265414843,4.71579734585157,test
img07966,4184,images/img07966.jpg,79.0,71.67621502032915,7.323784979670847,test
img08005,4205,images/img08005.jpg,58.0,69.07803197429985,11.078031974299847,test
img08013,4209,images/img08013.jpg,65.0,62.01297634079356,2.987023659206443,test
img08059,4232,images/img08059.jpg,61.0,61.05916226527776,0.0591622652777559,test
img08060,4232,images/img08060.jpg,61.0,60.5042656754775,0.4957343245225019,test
img08087,4246,images/img08087.jpg,60.0,55.58218279051703,4.417817209482969,test
img08088,4246,images/img08088.jpg,60.0,64.73453632793766,4.734536327937661,test
img08089,4247,images/img08089.jpg,63.0,68.77432750588508,5.774327505885083,test
img08090,4247,images/img08090.jpg,63.0,71.82396655930958,8.823966559309582,test
img08101,4253,images/img08101.jpg,63.0,56.989827745808384,6.010172254191616,test
img08102,4253,images/img08102.jpg,63.0,63.48429106498277,0.4842910649827701,test
img08114,4260,images/img08114.jpg,71.0,58.00059356628292,12.999406433717084,test
img08115,4260,images/img08115.jpg,71.0,64.32828666828308,6.671713331716916,test
img08143,4275,images/img08143.jpg,64.0,71.05843655950551,7.058436559505509,test
img08167,4287,images/img08167.jpg,52.0,58.361163144290174,6.361163144290174,test
img08168,4287,images/img08168.jpg,52.0,64.58221676715986,12.582216767159863,test
img08176,4291,images/img08176.jpg,72.0,69.60391669067465,2.3960833093253484,test
img08201,4305,images/img08201.jpg,46.0,39.514132991000935,6.485867008999065,test
img08202,4305,images/img08202.jpg,46.0,37.28430689044728,8.715693109552717,test
img08215,4312,images/img08215.jpg,33.0,63.74886388576706,30.748863885767054,test
img08216,4312,images/img08216.jpg,33.0,56.5156609349258,23.5156609349258,test
img08232,4321,images/img08232.jpg,59.0,72.57183085132479,13.57183085132479,test
img08233,4321,images/img08233.jpg,59.0,65.99263671253408,6.992636712534079,test
img08251,4331,images/img08251.jpg,60.0,64.45216201836564,4.452162018365641,test
img08252,4331,images/img08252.jpg,60.0,70.82161050404476,10.821610504044756,test
img08299,4357,images/img08299.jpg,45.0,39.58807419711711,5.411925802882891,test
img08300,4357,images/img08300.jpg,45.0,37.20007686550901,7.799923134490989,test
img08304,4359,images/img08304.jpg,63.0,58.96008113359593,4.039918866404072,test
img08365,4392,images/img08365.jpg,17.0,33.16331322212277,16.163313222122767,test
img08366,4392,images/img08366.jpg,17.0,22.420342403648363,5.4203424036483625,test
img08369,4394,images/img08369.jpg,22.0,30.84575514653144,8.845755146531438,test
img08370,4394,images/img08370.jpg,22.0,27.42328873546766,5.423288735467661,test
img08375,4398,images/img08375.jpg,19.0,31.922861640853515,12.922861640853515,test
img08376,4398,images/img08376.jpg,19.0,29.93654376588176,10.936543765881762,test
img08391,4406,images/img08391.jpg,39.0,36.05225300950982,2.947746990490181,test
img08392,4406,images/img08392.jpg,39.0,36.99428740174203,2.005712598257972,test
img08508,4471,images/img08508.jpg,18.0,24.93116319157668,6.93116319157668,test
img08509,4471,images/img08509.jpg,18.0,26.39926661334681,8.399266613346814,test
img08522,4478,images/img08522.jpg,69.0,59.56753287688495,9.432467123115051,test
img08523,4478,images/img08523.jpg,69.0,70.56280319531294,1.562803195312938,test
img08632,4537,images/img08632.jpg,49.0,47.54175539405067,1.458244605949332,test
img08633,4537,images/img08633.jpg,49.0,53.59484560376961,4.594845603769613,test
img08640,4541,images/img08640.jpg,73.0,76.24517583327466,3.245175833274658,test
img08659,4551,images/img08659.jpg,63.0,59.18807760699354,3.811922393006462,test
img08660,4551,images/img08660.jpg,63.0,55.78310281502832,7.216897184971685,test
img08690,4567,images/img08690.jpg,65.0,54.74660956260954,10.253390437390458,test
img08691,4567,images/img08691.jpg,65.0,54.82864555200983,10.171354447990169,test
img08733,4589,images/img08733.jpg,12.0,32.25668440697772,20.25668440697772,test
img08734,4589,images/img08734.jpg,12.0,36.96601659810558,24.966016598105583,test
img08745,4595,images/img08745.jpg,14.0,17.66357738358152,3.663577383581519,test
img08746,4595,images/img08746.jpg,14.0,22.24510530054303,8.245105300543031,test
img08786,4616,images/img08786.jpg,53.0,52.98496370778393,0.0150362922160667,test
img08787,4616,images/img08787.jpg,53.0,44.99455729513965,8.00544270486035,test
img08832,4640,images/img08832.jpg,71.0,64.73603100953568,6.2639689904643205,test
img08833,4640,images/img08833.jpg,71.0,70.92707362349725,0.0729263765027496,test
img08834,4641,images/img08834.jpg,76.0,64.20716565484831,11.79283434515169,test
img08835,4641,images/img08835.jpg,76.0,71.77679765809532,4.223202341904681,test
img08845,4647,images/img08845.jpg,76.0,60.59729147355549,15.402708526444512,test
img08846,4647,images/img08846.jpg,76.0,66.42996713360495,9.570032866395051,test
img08896,4673,images/img08896.jpg,63.0,64.41731319790436,1.4173131979043632,test
img08897,4673,images/img08897.jpg,63.0,66.27916624785469,3.2791662478546897,test
img08911,4681,images/img08911.jpg,69.0,68.90470562067262,0.0952943793273846,test
img08912,4681,images/img08912.jpg,69.0,69.67221071597031,0.6722107159703086,test
img08940,4696,images/img08940.jpg,89.0,79.36113272589077,9.63886727410923,test
img08983,4719,images/img08983.jpg,71.0,78.40424203834434,7.404242038344336,test
img08984,4719,images/img08984.jpg,71.0,81.02973833205016,10.029738332050158,test
img08987,4721,images/img08987.jpg,64.0,72.09609567447683,8.096095674476828,test
img08988,4721,images/img08988.jpg,64.0,68.73508952373741,4.735089523737415,test
img08999,4727,images/img08999.jpg,43.0,59.534146292361314,16.534146292361314,test
img09027,4742,images/img09027.jpg,71.0,69.03772301270727,1.962276987292725,test
img09028,4742,images/img09028.jpg,71.0,63.313171561566094,7.686828438433906,test
img09083,4771,images/img09083.jpg,68.0,56.71875904479749,11.281240955202511,test
img09108,4785,images/img09108.jpg,57.0,64.49852986621708,7.498529866217083,test
img09109,4785,images/img09109.jpg,57.0,69.3771667850016,12.377166785001606,test
img09114,4788,images/img09114.jpg,83.0,71.81790712774551,11.182092872254486,test
img09115,4788,images/img09115.jpg,83.0,80.59407654494132,2.405923455058684,test
img09129,4796,images/img09129.jpg,69.0,78.51705041906106,9.517050419061064,test
img09130,4796,images/img09130.jpg,69.0,63.94366217759329,5.056337822406711,test
img09131,4797,images/img09131.jpg,78.0,77.97855933669469,0.021440663305313,test
img09132,4797,images/img09132.jpg,78.0,77.3064815636478,0.6935184363522069,test
img09155,4809,images/img09155.jpg,76.0,77.15277747292568,1.1527774729256777,test
img09156,4809,images/img09156.jpg,76.0,83.75463286059225,7.7546328605922525,test
img09177,4820,images/img09177.jpg,71.0,68.08142343601534,2.918576563984658,test
img09178,4820,images/img09178.jpg,71.0,73.36259430471024,2.3625943047102425,test
img09180,4821,images/img09180.jpg,70.0,73.26212181859778,3.2621218185977767,test
img09232,4849,images/img09232.jpg,52.0,58.24731786570455,6.247317865704552,test
img09233,4849,images/img09233.jpg,52.0,53.54072406104689,1.5407240610468875,test
img09248,4857,images/img09248.jpg,71.0,71.51067780641225,0.5106778064122466,test
img09249,4857,images/img09249.jpg,71.0,71.21883263584266,0.2188326358426593,test
img09272,4869,images/img09272.jpg,47.0,42.497265529628976,4.502734470371024,test
img09273,4869,images/img09273.jpg,47.0,53.1521139345308,6.152113934530796,test
img09290,4879,images/img09290.jpg,75.0,80.80840548839635,5.808405488396346,test
img09291,4879,images/img09291.jpg,75.0,83.94460192942249,8.94460192942249,test
img09325,4897,images/img09325.jpg,51.0,64.38549791036165,13.38549791036165,test
img09326,4897,images/img09326.jpg,51.0,62.5014214916242,11.5014214916242,test
img09353,4911,images/img09353.jpg,59.0,59.42021567350933,0.4202156735093325,test
img09354,4911,images/img09354.jpg,59.0,63.33563159281712,4.335631592817116,test
img09359,4914,images/img09359.jpg,23.0,22.97703795535736,0.0229620446426395,test
img09360,4914,images/img09360.jpg,23.0,27.24159085615901,4.241590856159014,test
img09367,4918,images/img09367.jpg,11.0,46.61018540892021,35.61018540892021,test
img09368,4918,images/img09368.jpg,11.0,22.0695846387252,11.069584638725196,test
img09385,4928,images/img09385.jpg,83.0,82.01786192116826,0.9821380788317384,test
img09386,4928,images/img09386.jpg,83.0,85.0867567923925,2.0867567923925066,test
img09404,4938,images/img09404.jpg,87.0,60.6491712665338,26.3508287334662,test
img09405,4938,images/img09405.jpg,87.0,64.85773168241543,22.142268317584566,test
img09408,4940,images/img09408.jpg,59.0,51.05361041739938,7.946389582600617,test
img09409,4940,images/img09409.jpg,59.0,62.05014979739212,3.050149797392123,test
img09417,4945,images/img09417.jpg,83.0,79.26418836452808,3.735811635471919,test
img09418,4945,images/img09418.jpg,83.0,76.68319552013901,6.316804479860991,test
img09441,4957,images/img09441.jpg,59.0,59.7447318518324,0.7447318518323982,test
img09442,4957,images/img09442.jpg,59.0,54.86224616883088,4.137753831169121,test
img09530,5003,images/img09530.jpg,64.0,47.16019879050806,16.839801209491938,test
img09531,5003,images/img09531.jpg,64.0,61.63340573884889,2.366594261151107,test
img09537,5007,images/img09537.jpg,67.0,77.91195357634885,10.91195357634885,test
img09538,5007,images/img09538.jpg,67.0,65.35128089007111,1.6487191099288907,test
img09543,5010,images/img09543.jpg,50.0,51.75990772868789,1.7599077286878924,test
img09544,5010,images/img09544.jpg,50.0,51.48612415749424,1.4861241574942383,test
img09546,5012,images/img09546.jpg,40.0,36.1377743172004,3.862225682799597,test
img09555,5016,images/img09555.jpg,61.0,54.91574715421739,6.084252845782608,test
img09556,5017,images/img09556.jpg,66.0,57.9595829332032,8.040417066796806,test
img09557,5017,images/img09557.jpg,66.0,68.85477529384275,2.8547752938427493,test
img09585,5032,images/img09585.jpg,66.0,53.36807770302443,12.631922296975567,test
img09586,5032,images/img09586.jpg,66.0,59.05821371502503,6.941786284974967,test
img09605,5043,images/img09605.jpg,56.0,59.1186302611653,3.1186302611653005,test
img09628,5055,images/img09628.jpg,59.0,55.59687903875027,3.403120961249733,test
img09629,5055,images/img09629.jpg,59.0,66.5490661552975,7.549066155297496,test
img09654,5068,images/img09654.jpg,69.0,70.3884963829067,1.3884963829066947,test
img09655,5068,images/img09655.jpg,69.0,68.26156828606783,0.7384317139321723,test
img09687,5085,images/img09687.jpg,53.0,46.24578628870484,6.754213711295165,test
img09688,5085,images/img09688.jpg,53.0,41.91940450125257,11.080595498747428,test
img09737,5112,images/img09737.jpg,83.0,72.05396975590337,10.946030244096631,test
img09738,5112,images/img09738.jpg,83.0,81.59355338866382,1.4064466113361789,test
img09743,5115,images/img09743.jpg,85.0,78.3875949606996,6.612405039300398,test
img09744,5115,images/img09744.jpg,85.0,79.81410686300829,5.185893136991709,test
img09746,5117,images/img09746.jpg,82.0,81.40364321279695,0.5963567872030495,test
img09747,5118,images/img09747.jpg,80.0,70.09248071804247,9.907519281957534,test
img09769,5130,images/img09769.jpg,74.0,73.85132846730556,0.1486715326944363,test
img09770,5130,images/img09770.jpg,74.0,76.02961013758896,2.0296101375889606,test
img09799,5146,images/img09799.jpg,28.0,37.17586749512394,9.17586749512394,test
img09800,5146,images/img09800.jpg,28.0,32.883462585092005,4.883462585092005,test
img09845,5170,images/img09845.jpg,60.0,61.99255575105168,1.9925557510516825,test
img09846,5170,images/img09846.jpg,60.0,61.13177947032864,1.131779470328638,test
img09851,5173,images/img09851.jpg,63.0,60.428502059328274,2.571497940671726,test
img09852,5173,images/img09852.jpg,63.0,51.80903863807058,11.190961361929418,test
img09853,5174,images/img09853.jpg,57.0,52.736951261114974,4.263048738885026,test
img09854,5174,images/img09854.jpg,57.0,56.8912306324981,0.1087693675018997,test
img09855,5175,images/img09855.jpg,76.0,67.42052005746189,8.579479942538114,test
img09856,5175,images/img09856.jpg,76.0,67.37081439638116,8.629185603618836,test
img09912,5204,images/img09912.jpg,57.0,59.60196263028745,2.601962630287453,test
img09913,5204,images/img09913.jpg,57.0,55.69607864616147,1.3039213538385326,test
img09928,5212,images/img09928.jpg,67.0,71.00338908852542,4.003389088525424,test
img09929,5212,images/img09929.jpg,67.0,62.7073483723057,4.292651627694298,test
img09938,5217,images/img09938.jpg,62.0,68.61579310155655,6.615793101556548,test
img09939,5217,images/img09939.jpg,62.0,63.56430206346214,1.5643020634621363,test
img09943,5220,images/img09943.jpg,72.0,62.557732980095786,9.442267019904214,test
img09944,5220,images/img09944.jpg,72.0,63.9820309432261,8.0179690567739,test
img10002,5251,images/img10002.jpg,79.0,71.53756353479916,7.462436465200838,test
img10003,5251,images/img10003.jpg,79.0,72.13519733032041,6.864802669679591,test
img10036,5268,images/img10036.jpg,53.0,55.97969134387982,2.9796913438798214,test
img10040,5270,images/img10040.jpg,80.0,74.64647181218874,5.353528187811264,test
img10052,5277,images/img10052.jpg,22.0,29.96593571704302,7.9659357170430205,test
img10053,5277,images/img10053.jpg,22.0,24.923079587049514,2.9230795870495143,test
img10062,5282,images/img10062.jpg,25.0,28.45959331228157,3.4595933122815694,test
img10063,5282,images/img10063.jpg,25.0,33.05335133463538,8.05335133463538,test
img10079,5292,images/img10079.jpg,65.0,50.7540142784846,14.245985721515405,test
img10090,5298,images/img10090.jpg,15.0,21.89739906361056,6.897399063610557,test
img10091,5298,images/img10091.jpg,15.0,20.01387776558336,5.013877765583359,test
img10106,5306,images/img10106.jpg,62.0,61.59258528096338,0.4074147190366233,test
img10107,5306,images/img10107.jpg,62.0,57.424653988999474,4.575346011000526,test
img10111,5308,images/img10111.jpg,57.0,57.81026800416749,0.8102680041674901,test
img10148,5327,images/img10148.jpg,87.0,79.00625899719459,7.993741002805407,test
img10149,5327,images/img10149.jpg,87.0,76.58384745338265,10.416152546617354,test
img10156,5331,images/img10156.jpg,50.0,39.24597806025045,10.75402193974955,test
img10157,5331,images/img10157.jpg,50.0,60.99550224371064,10.99550224371064,test
img10178,5342,images/img10178.jpg,75.0,68.38604947024575,6.6139505297542485,test
img10179,5342,images/img10179.jpg,75.0,78.6548032415945,3.654803241594493,test
img10186,5346,images/img10186.jpg,61.0,69.51161287670311,8.511612876703111,test
img10187,5346,images/img10187.jpg,61.0,63.77891402032445,2.77891402032445,test
img10327,5419,images/img10327.jpg,76.0,82.51486618267474,6.514866182674737,test
img10328,5419,images/img10328.jpg,76.0,67.37868315065309,8.621316849346911,test
img10331,5421,images/img10331.jpg,68.0,72.69954351421481,4.69954351421481,test
img10332,5421,images/img10332.jpg,68.0,66.96424137073329,1.0357586292667094,test
img10345,5428,images/img10345.jpg,90.0,79.13551814567818,10.864481854321824,test
img10346,5428,images/img10346.jpg,90.0,77.78038669618968,12.21961330381032,test
img10349,5430,images/img10349.jpg,72.0,70.43721613215627,1.5627838678437342,test
img10350,5430,images/img10350.jpg,72.0,58.51352960131658,13.486470398683425,test
img10369,5440,images/img10369.jpg,82.0,56.42317532982775,25.57682467017225,test
img10371,5442,images/img10371.jpg,75.0,82.0621516108402,7.062151610840203,test
img10372,5442,images/img10372.jpg,75.0,83.96545658211657,8.965456582116573,test
img10382,5448,images/img10382.jpg,63.0,53.15056799424245,9.849432005757556,test
img10384,5450,images/img10384.jpg,63.0,68.44880646637459,5.448806466374592,test
img10385,5450,images/img10385.jpg,63.0,65.76173376233331,2.761733762333307,test
img10433,5475,images/img10433.jpg,61.0,76.22682740335492,15.226827403354918,test
img10434,5475,images/img10434.jpg,61.0,74.94120600979454,13.94120600979454,test
img10449,5484,images/img10449.jpg,72.0,58.953464400100735,13.046535599899263,test
img10463,5491,images/img10463.jpg,16.0,27.85616946597312,11.85616946597312,test
img10464,5491,images/img10464.jpg,16.0,24.262544834822307,8.262544834822307,test
img10479,5500,images/img10479.jpg,61.0,75.60324798563974,14.60324798563974,test
img10480,5500,images/img10480.jpg,61.0,79.9081938250373,18.9081938250373,test
img10526,5524,images/img10526.jpg,25.0,33.26136128124334,8.261361281243339,test
img10539,5531,images/img10539.jpg,61.0,60.02639726462317,0.9736027353768292,test
img10540,5531,images/img10540.jpg,61.0,67.74577498802681,6.74577498802681,test
img10587,5555,images/img10587.jpg,13.0,20.54827687760624,7.548276877606241,test
img10588,5555,images/img10588.jpg,13.0,17.533999776851594,4.533999776851594,test
img10595,5559,images/img10595.jpg,36.0,39.93759957225133,3.9375995722513295,test
img10619,5572,images/img10619.jpg,31.0,43.2642078699434,12.264207869943398,test
img10620,5572,images/img10620.jpg,31.0,42.75278028546447,11.752780285464468,test
img10625,5575,images/img10625.jpg,38.0,39.12095157085618,1.120951570856178,test
img10640,5583,images/img10640.jpg,81.0,82.94475427815286,1.9447542781528568,test
img10641,5583,images/img10641.jpg,81.0,74.0776650316246,6.922334968375395,test
img10644,5585,images/img10644.jpg,35.0,44.6847933951608,9.684793395160796,test
img10659,5593,images/img10659.jpg,66.0,54.09364391943788,11.90635608056212,test
img10660,5593,images/img10660.jpg,66.0,61.91246350209508,4.087536497904921,test
img10665,5596,images/img10665.jpg,85.0,59.68747712166283,25.31252287833717,test
img10666,5596,images/img10666.jpg,85.0,67.39869258026184,17.601307419738163,test
img10680,5605,images/img10680.jpg,53.0,58.16487071617114,5.164870716171137,test
img10681,5605,images/img10681.jpg,53.0,61.9121739450252,8.912173945025195,test
img10747,5640,images/img10747.jpg,76.0,41.19770286290739,34.80229713709261,test
img10748,5640,images/img10748.jpg,76.0,45.67392034587699,30.326079654123014,test
img10753,5643,images/img10753.jpg,62.0,64.71149990907296,2.7114999090729555,test
img10754,5643,images/img10754.jpg,62.0,74.62814410386721,12.628144103867214,test
img10758,5645,images/img10758.jpg,80.0,81.02612186785532,1.0261218678553234,test
img10763,5648,images/img10763.jpg,78.0,80.88905612989448,2.889056129894485,test
img10764,5648,images/img10764.jpg,78.0,77.79746129312403,0.2025387068759698,test
img10772,5653,images/img10772.jpg,65.0,70.14843339568169,5.148433395681693,test
img10773,5653,images/img10773.jpg,65.0,68.61464686999179,3.614646869991788,test
img10822,5678,images/img10822.jpg,55.0,56.113080634072034,1.113080634072034,test
img10823,5678,images/img10823.jpg,55.0,61.63554497121263,6.635544971212632,test
img10850,5693,images/img10850.jpg,68.0,63.45975396616267,4.540246033837327,test
img10851,5693,images/img10851.jpg,68.0,64.4565370021164,3.5434629978835943,test
img10852,5694,images/img10852.jpg,59.0,71.04388672572286,12.043886725722857,test
img10853,5694,images/img10853.jpg,59.0,63.72374494628112,4.723744946281116,test
img10869,5704,images/img10869.jpg,80.0,77.56303239939434,2.436967600605655,test
img10870,5704,images/img10870.jpg,80.0,71.79303793804866,8.206962061951344,test
img10918,5730,images/img10918.jpg,65.0,69.04980588569116,4.049805885691157,test
img10919,5730,images/img10919.jpg,65.0,65.92567214135588,0.9256721413558752,test
img10953,5749,images/img10953.jpg,48.0,48.77499967627542,0.7749996762754208,test
img10954,5749,images/img10954.jpg,48.0,50.237521353850994,2.237521353850994,test
img10985,5766,images/img10985.jpg,59.0,63.89288880889895,4.892888808898952,test
img10986,5766,images/img10986.jpg,59.0,55.37543508915861,3.6245649108413858,test
img11007,5778,images/img11007.jpg,71.0,71.65809670921071,0.6580967092107102,test
img11020,5785,images/img11020.jpg,51.0,39.7162961750792,11.283703824920806,test
img11021,5785,images/img11021.jpg,51.0,44.03667851454118,6.96332148545882,test
img11029,5790,images/img11029.jpg,81.0,75.6665622836997,5.333437716300296,test
img11030,5790,images/img11030.jpg,81.0,77.43504708389617,3.5649529161038345,test
img11040,5796,images/img11040.jpg,49.0,55.49862280936336,6.498622809363354,test
img11041,5796,images/img11041.jpg,49.0,56.02667102418402,7.026671024184019,test
img11054,5805,images/img11054.jpg,73.0,74.42098047095503,1.4209804709550298,test
img11055,5805,images/img11055.jpg,73.0,67.87593279950693,5.124067200493073,test
img11059,5808,images/img11059.jpg,77.0,75.9833115435,1.016688456500006,test
img11091,5826,images/img11091.jpg,58.0,64.68004397766782,6.680043977667822,test
img11092,5826,images/img11092.jpg,58.0,62.84416817761397,4.844168177613973,test
img11103,5832,images/img11103.jpg,72.0,75.70515462447122,3.70515462447122,test
img11158,5864,images/img11158.jpg,84.0,85.00405798450174,1.004057984501742,test
img11159,5864,images/img11159.jpg,84.0,72.25569451458767,11.744305485412326,test
img11173,5872,images/img11173.jpg,61.0,58.663826897699536,2.336173102300464,test
img11174,5872,images/img11174.jpg,61.0,58.32928950908931,2.670710490910693,test
img11195,5883,images/img11195.jpg,65.0,58.44049932756431,6.559500672435689,test
img11196,5883,images/img11196.jpg,65.0,63.92607826558688,1.0739217344131262,test
img11201,5886,images/img11201.jpg,74.0,67.85510214024237,6.144897859757634,test
img11202,5886,images/img11202.jpg,74.0,71.462341952035,2.537658047964996,test
img11228,5902,images/img11228.jpg,59.0,71.94067714415452,12.94067714415452,test
img11229,5902,images/img11229.jpg,59.0,57.43775487865913,1.5622451213408723,test
img11255,5916,images/img11255.jpg,79.0,72.09248139150286,6.907518608497142,test
img11256,5916,images/img11256.jpg,79.0,73.47087992396257,5.5291200760374295,test
img11291,5935,images/img11291.jpg,77.0,65.53362168422983,11.466378315770172,test
img11337,5961,images/img11337.jpg,54.0,65.81452694154902,11.81452694154902,test
img11338,5961,images/img11338.jpg,54.0,61.72186406043474,7.72186406043474,test
img11345,5965,images/img11345.jpg,64.0,75.18964052270096,11.189640522700955,test
img11346,5965,images/img11346.jpg,64.0,62.99861224751466,1.0013877524853356,test
img11349,5967,images/img11349.jpg,30.0,27.823119607420587,2.176880392579413,test
img11350,5967,images/img11350.jpg,30.0,23.70016502153808,6.299834978461924,test
img11356,5971,images/img11356.jpg,68.0,73.61637717117861,5.616377171178613,test
img11357,5971,images/img11357.jpg,68.0,64.4379426395441,3.562057360455896,test
img11371,5979,images/img11371.jpg,74.0,68.37460896680673,5.625391033193267,test
img11372,5979,images/img11372.jpg,74.0,80.58101757562017,6.581017575620166,test
img11382,5985,images/img11382.jpg,74.0,49.07136488178333,24.92863511821667,test
img11383,5985,images/img11383.jpg,74.0,78.2828287413136,4.282828741313594,test
img11394,5991,images/img11394.jpg,81.0,83.35088669718593,2.350886697185928,test
img11395,5991,images/img11395.jpg,81.0,84.97425160137607,3.974251601376068,test
img11402,5996,images/img11402.jpg,61.0,53.84432383086012,7.1556761691398805,test
img11432,6013,images/img11432.jpg,44.0,41.02475713232117,2.97524286767883,test
img11433,6013,images/img11433.jpg,44.0,39.86301708720072,4.136982912799276,test
img11440,6017,images/img11440.jpg,35.0,35.35237993897513,0.3523799389751332,test
img11441,6017,images/img11441.jpg,35.0,30.37600523973813,4.623994760261866,test
img11472,6034,images/img11472.jpg,56.0,53.23386282073467,2.7661371792653284,test
img11473,6034,images/img11473.jpg,56.0,64.78521644944,8.78521644944,test
img11489,6043,images/img11489.jpg,46.0,61.96867138257556,15.968671382575558,test
img11496,6047,images/img11496.jpg,43.0,42.78763074184139,0.2123692581586098,test
img11497,6047,images/img11497.jpg,43.0,42.41209212666642,0.5879078733335774,test
img11500,6050,images/img11500.jpg,79.0,86.92117444629784,7.92117444629784,test
img11525,6064,images/img11525.jpg,81.0,80.43221250696175,0.5677874930382529,test
img11526,6064,images/img11526.jpg,81.0,82.35729042491654,1.3572904249165418,test
img11527,6065,images/img11527.jpg,71.0,73.03605136322432,2.036051363224317,test
img11528,6065,images/img11528.jpg,71.0,80.28104735732697,9.281047357326967,test
img11544,6074,images/img11544.jpg,79.0,70.60219386292118,8.397806137078817,test
img11545,6074,images/img11545.jpg,79.0,68.04390534652005,10.956094653479951,test
img11568,6086,images/img11568.jpg,77.0,66.62275161326721,10.377248386732788,test
img11569,6086,images/img11569.jpg,77.0,64.55408556165881,12.445914438341193,test
img11603,6105,images/img11603.jpg,77.0,69.97787828316393,7.022121716836068,test
img11604,6105,images/img11604.jpg,77.0,78.39304801286309,1.3930480128630904,test
img11621,6114,images/img11621.jpg,62.0,63.51539800104945,1.515398001049448,test
img11622,6114,images/img11622.jpg,62.0,69.67604203042039,7.6760420304203905,test
img11628,6118,images/img11628.jpg,31.0,36.83214852993342,5.83214852993342,test
img11629,6118,images/img11629.jpg,31.0,37.02585403010609,6.025854030106089,test
img11674,6145,images/img11674.jpg,36.0,41.27020664447328,5.2702066444732765,test
img11675,6145,images/img11675.jpg,36.0,35.072939371467065,0.927060628532935,test
img11681,6149,images/img11681.jpg,19.0,28.523555432938547,9.523555432938547,test
img11687,6153,images/img11687.jpg,82.0,85.03710784305429,3.0371078430542866,test
img11688,6153,images/img11688.jpg,82.0,79.33338541526203,2.666614584737971,test
img11689,6154,images/img11689.jpg,50.0,61.40549542367546,11.40549542367546,test
img11690,6154,images/img11690.jpg,50.0,61.45771494180356,11.45771494180356,test
img11717,6168,images/img11717.jpg,69.0,59.95490884137013,9.045091158629866,test
img11718,6168,images/img11718.jpg,69.0,64.06135649304852,4.938643506951479,test
img11721,6170,images/img11721.jpg,78.0,68.57216104997553,9.427838950024466,test
img11722,6170,images/img11722.jpg,78.0,66.81479938558218,11.185200614417823,test
img11757,6189,images/img11757.jpg,75.0,68.33827309902047,6.661726900979531,test
img11758,6189,images/img11758.jpg,75.0,73.74588825067215,1.2541117493278475,test
img11814,6218,images/img11814.jpg,22.0,30.380175734032772,8.380175734032775,test
img11815,6218,images/img11815.jpg,22.0,21.8880285387728,0.1119714612271991,test
img11839,6231,images/img11839.jpg,44.0,47.75283868085798,3.752838680857977,test
img11840,6231,images/img11840.jpg,44.0,43.16745000296471,0.8325499970352936,test
img11857,6240,images/img11857.jpg,76.0,75.70249353501542,0.2975064649845791,test
img11879,6252,images/img11879.jpg,61.0,46.54540969288044,14.45459030711956,test
img11880,6252,images/img11880.jpg,61.0,56.75059055517039,4.24940944482961,test
img11891,6258,images/img11891.jpg,58.0,68.32026493955573,10.320264939555727,test
img11892,6258,images/img11892.jpg,58.0,75.67682274665054,17.676822746650544,test
img11893,6259,images/img11893.jpg,61.0,71.35449803000792,10.354498030007916,test
img11894,6259,images/img11894.jpg,61.0,66.81048384009998,5.810483840099977,test
img11946,6287,images/img11946.jpg,25.0,28.846358671250755,3.846358671250755,test
img11947,6287,images/img11947.jpg,25.0,31.996237910765554,6.996237910765554,test
img11962,6295,images/img11962.jpg,31.0,35.21294757637533,4.212947576375328,test
img11963,6295,images/img11963.jpg,31.0,37.79558288007606,6.795582880076061,test
img11980,6304,images/img11980.jpg,24.0,32.04271754618635,8.042717546186353,test
img11981,6304,images/img11981.jpg,24.0,25.39682985290996,1.39682985290996,test
img12012,6320,images/img12012.jpg,18.0,20.432890293826603,2.4328902938266026,test
img12013,6321,images/img12013.jpg,12.0,17.835457587775004,5.835457587775004,test
img12014,6321,images/img12014.jpg,12.0,18.159831305110306,6.159831305110302,test
img12019,6324,images/img12019.jpg,57.0,51.12026743643556,5.879732563564438,test
img12148,6391,images/img12148.jpg,49.0,57.70317564905484,8.703175649054842,test
img12151,6394,images/img12151.jpg,73.0,73.187680022293,0.1876800222929944,test
img12152,6394,images/img12152.jpg,73.0,73.54092110717141,0.540921107171414,test
img12216,6430,images/img12216.jpg,64.0,72.12493577675914,8.124935776759145,test
img12217,6430,images/img12217.jpg,64.0,62.22884904331606,1.7711509566839396,test
img12234,6439,images/img12234.jpg,48.0,52.29107808852476,4.291078088524763,test
img12235,6439,images/img12235.jpg,48.0,44.48572972593227,3.5142702740677265,test
img12278,6462,images/img12278.jpg,60.0,65.95397130086357,5.953971300863572,test
img12279,6462,images/img12279.jpg,60.0,37.12277876048098,22.877221239519017,test
img12305,6476,images/img12305.jpg,78.0,78.96830575413665,0.9683057541366508,test
img12308,6478,images/img12308.jpg,80.0,69.21976988735437,10.780230112645626,test
img12309,6478,images/img12309.jpg,80.0,61.08931873435234,18.91068126564766,test
img12316,6483,images/img12316.jpg,83.0,79.37024368544554,3.629756314554456,test
img12317,6483,images/img12317.jpg,83.0,80.68143444060057,2.318565559399431,test
img12318,6484,images/img12318.jpg,66.0,70.62213785590397,4.622137855903972,test
img12319,6484,images/img12319.jpg,66.0,62.08265925847526,3.91734074152474,test
img12392,6523,images/img12392.jpg,79.0,69.26117164060054,9.738828359399465,test
img12393,6523,images/img12393.jpg,79.0,78.72892985148424,0.2710701485157614,test
img12394,6524,images/img12394.jpg,64.0,61.99362727580181,2.0063727241981866,test
img12395,6524,images/img12395.jpg,64.0,63.78944549996781,0.2105545000321882,test
img12397,6526,images/img12397.jpg,71.0,70.50643935754059,0.4935606424594141,test
img12400,6528,images/img12400.jpg,65.0,61.77575493905095,3.224245060949052,test
img12401,6528,images/img12401.jpg,65.0,68.93200687163439,3.9320068716343854,test
img12412,6534,images/img12412.jpg,67.0,70.04672524794897,3.04672524794897,test
img12413,6534,images/img12413.jpg,67.0,64.17193130359908,2.828068696400919,test
img12449,6552,images/img12449.jpg,41.0,43.41536865713645,2.4153686571364474,test
img12458,6557,images/img12458.jpg,38.0,47.98021568752982,9.98021568752982,test
img12459,6557,images/img12459.jpg,38.0,47.805311220606455,9.805311220606455,test
img12468,6562,images/img12468.jpg,33.0,33.63276430165751,0.6327643016575095,test
img12469,6562,images/img12469.jpg,33.0,32.60396094339971,0.3960390566002871,test
img12525,6591,images/img12525.jpg,66.0,60.36738806781629,5.632611932183707,test
img12526,6591,images/img12526.jpg,66.0,62.341321516019526,3.6586784839804736,test
img12527,6592,images/img12527.jpg,65.0,62.93612953990965,2.063870460090349,test
img12528,6592,images/img12528.jpg,65.0,61.40448442780435,3.5955155721956515,test
img12579,6619,images/img12579.jpg,57.0,42.65257827073931,14.347421729260688,test
img12588,6624,images/img12588.jpg,73.0,76.42362369349387,3.423623693493866,test
img12589,6624,images/img12589.jpg,73.0,77.16259078559911,4.162590785599107,test
img12604,6632,images/img12604.jpg,87.0,82.3558682689123,4.644131731087697,test
img12605,6632,images/img12605.jpg,87.0,81.46175966153464,5.538240338465357,test
img12634,6647,images/img12634.jpg,64.0,71.99777823457939,7.9977782345793855,test
img12635,6647,images/img12635.jpg,64.0,78.18449712348053,14.184497123480526,test
img12665,6663,images/img12665.jpg,29.0,30.13594007129226,1.1359400712922607,test
img12666,6663,images/img12666.jpg,29.0,30.803073016637303,1.8030730166373024,test
img12676,6669,images/img12676.jpg,31.0,32.63297554335125,1.6329755433512505,test
img12677,6669,images/img12677.jpg,31.0,37.222262062930994,6.222262062930994,test
img12707,6685,images/img12707.jpg,18.0,25.14067381814004,7.140673818140037,test
img12708,6685,images/img12708.jpg,18.0,23.55648800313421,5.556488003134206,test
img12731,6697,images/img12731.jpg,60.0,58.50073892216187,1.4992610778381277,test
img12732,6697,images/img12732.jpg,60.0,54.496842051101765,5.5031579488982345,test
img12739,6701,images/img12739.jpg,78.0,75.14013553393985,2.859864466060145,test
img12740,6701,images/img12740.jpg,78.0,79.57117993278702,1.5711799327870182,test
img12759,6711,images/img12759.jpg,56.0,65.93386371631588,9.933863716315884,test
img12760,6711,images/img12760.jpg,56.0,58.98140338551303,2.981403385513026,test
img12765,6714,images/img12765.jpg,64.0,61.66889692885503,2.331103071144973,test
img12766,6714,images/img12766.jpg,64.0,59.109295999124434,4.890704000875566,test
img12783,6723,images/img12783.jpg,69.0,75.26682956668571,6.266829566685715,test
img12784,6723,images/img12784.jpg,69.0,62.19407111253292,6.805928887467083,test
img12791,6727,images/img12791.jpg,74.0,71.19994544436916,2.8000545556308367,test
img12792,6727,images/img12792.jpg,74.0,76.02269784866651,2.0226978486665104,test
img12807,6735,images/img12807.jpg,42.0,58.72972539717977,16.72972539717977,test
img12828,6746,images/img12828.jpg,41.0,37.11897689251259,3.881023107487408,test
img12829,6746,images/img12829.jpg,41.0,46.38044614005114,5.380446140051141,test
img12849,6757,images/img12849.jpg,47.0,50.425993014557136,3.425993014557136,test
img12866,6766,images/img12866.jpg,44.0,57.10076552514358,13.10076552514358,test
img12867,6766,images/img12867.jpg,44.0,54.88221251932752,10.882212519327524,test
img12870,6768,images/img12870.jpg,40.0,41.291660042294914,1.2916600422949145,test
img12871,6768,images/img12871.jpg,40.0,45.83394888649832,5.83394888649832,test
img12878,6772,images/img12878.jpg,42.0,41.86080164026188,0.139198359738117,test
img12879,6772,images/img12879.jpg,42.0,31.31998964342401,10.680010356575991,test
img12889,6777,images/img12889.jpg,45.0,60.774270826827056,15.774270826827056,test
img12899,6783,images/img12899.jpg,55.0,48.78864212217806,6.211357877821939,test
img12912,6790,images/img12912.jpg,46.0,55.30583274032263,9.305832740322629,test
img12913,6790,images/img12913.jpg,46.0,59.293798655813376,13.293798655813376,test
img12931,6800,images/img12931.jpg,58.0,48.55043644451994,9.44956355548006,test
img12932,6800,images/img12932.jpg,58.0,56.08029374896009,1.919706251039912,test
img12946,6809,images/img12946.jpg,47.0,44.95193405820888,2.0480659417911227,test
img12947,6809,images/img12947.jpg,47.0,46.26244972550606,0.7375502744939411,test
img12977,6826,images/img12977.jpg,58.0,66.23541859156781,8.235418591567807,test
img12978,6826,images/img12978.jpg,58.0,65.71383524273958,7.713835242739577,test
img12997,6837,images/img12997.jpg,52.0,47.83583522539686,4.164164774603137,test
img12998,6837,images/img12998.jpg,52.0,48.51645847648918,3.483541523510823,test
img13020,6849,images/img13020.jpg,55.0,62.75533632195493,7.755336321954928,test
img13021,6849,images/img13021.jpg,55.0,47.44006687730574,7.559933122694261,test
img13035,6857,images/img13035.jpg,63.0,42.70085959459493,20.29914040540507,test
img13036,6857,images/img13036.jpg,63.0,59.76039301764597,3.239606982354033,test
img13048,6864,images/img13048.jpg,73.0,77.73928595142296,4.739285951422957,test
img13049,6864,images/img13049.jpg,73.0,79.5663332600241,6.566333260024095,test
img13064,6872,images/img13064.jpg,61.0,78.83779022243459,17.83779022243459,test
img13065,6872,images/img13065.jpg,61.0,80.17495277443393,19.174952774433933,test
img13122,6902,images/img13122.jpg,77.0,68.54088125215527,8.459118747844727,test
img13130,6907,images/img13130.jpg,62.0,53.2129618170972,8.787038182902805,test
img13136,6911,images/img13136.jpg,52.0,60.05781884179969,8.057818841799687,test
img13137,6911,images/img13137.jpg,52.0,69.4276413264374,17.427641326437396,test
img13172,6931,images/img13172.jpg,76.0,82.18220818849265,6.182208188492652,test
img13173,6931,images/img13173.jpg,76.0,79.37088060193824,3.37088060193824,test
img13174,6932,images/img13174.jpg,61.0,70.19595783589702,9.19595783589702,test
img13175,6932,images/img13175.jpg,61.0,58.83489677834152,2.1651032216584767,test
img13178,6934,images/img13178.jpg,94.0,82.60688534732334,11.393114652676658,test
img13179,6934,images/img13179.jpg,94.0,75.4237313271965,18.576268672803494,test
img13184,6937,images/img13184.jpg,54.0,55.37991886130005,1.379918861300048,test
img13185,6937,images/img13185.jpg,54.0,42.55737561423765,11.44262438576235,test
img13230,6963,images/img13230.jpg,66.0,53.31192217184473,12.688077828155272,test
img13231,6963,images/img13231.jpg,66.0,56.04069900087462,9.959300999125382,test
img13243,6970,images/img13243.jpg,66.0,50.26893093431275,15.731069065687253,test
img13244,6970,images/img13244.jpg,66.0,54.08942325706333,11.91057674293667,test
img13262,6981,images/img13262.jpg,90.0,72.40993191381138,17.590068086188623,test
img13263,6981,images/img13263.jpg,90.0,77.85134181094112,12.148658189058878,test
img13270,6985,images/img13270.jpg,84.0,75.49075370072764,8.509246299272363,test
img13271,6985,images/img13271.jpg,84.0,76.45899000860545,7.541009991394546,test
img13287,6994,images/img13287.jpg,43.0,52.9905023728664,9.990502372866397,test
img13288,6994,images/img13288.jpg,43.0,47.636072474880976,4.636072474880976,test
img13303,7002,images/img13303.jpg,80.0,68.9559708546721,11.044029145327896,test
img13304,7002,images/img13304.jpg,80.0,74.39048591264631,5.609514087353688,test
img13321,7011,images/img13321.jpg,36.0,35.04403165133793,0.9559683486620684,test
img13322,7011,images/img13322.jpg,36.0,37.498153784091045,1.4981537840910448,test
img13333,7017,images/img13333.jpg,55.0,49.18561123235558,5.814388767644417,test
img13334,7017,images/img13334.jpg,55.0,64.6552462229543,9.655246222954304,test
img13350,7026,images/img13350.jpg,59.0,63.01936274691243,4.019362746912428,test
img13351,7026,images/img13351.jpg,59.0,63.18139910134036,4.181399101340361,test
img13392,7048,images/img13392.jpg,40.0,40.67011679425759,0.6701167942575879,test
img13393,7048,images/img13393.jpg,40.0,42.43143737452165,2.43143737452165,test
img13416,7061,images/img13416.jpg,66.0,67.13973803912161,1.1397380391216103,test
img13417,7061,images/img13417.jpg,66.0,63.79483420611578,2.20516579388422,test
img13448,7078,images/img13448.jpg,71.0,73.20522467232384,2.205224672323837,test
img13449,7078,images/img13449.jpg,71.0,79.10303322332977,8.103033223329774,test
img13492,7101,images/img13492.jpg,43.0,72.57474059995924,29.57474059995924,test
img13501,7106,images/img13501.jpg,34.0,33.81838619730301,0.1816138026969866,test
img13502,7106,images/img13502.jpg,34.0,34.743326361613086,0.7433263616130859,test
img13509,7110,images/img13509.jpg,42.0,44.04927724625973,2.0492772462597277,test
img13510,7110,images/img13510.jpg,42.0,49.5985092532079,7.598509253207901,test
img13511,7111,images/img13511.jpg,53.0,54.59153048478441,1.591530484784407,test
img13512,7111,images/img13512.jpg,53.0,60.56887889056279,7.568878890562793,test
img13515,7113,images/img13515.jpg,45.0,56.18131222192042,11.181312221920422,test
img13516,7113,images/img13516.jpg,45.0,46.35800137734618,1.3580013773461843,test
img13519,7115,images/img13519.jpg,37.0,54.93394726111829,17.93394726111829,test
img13520,7115,images/img13520.jpg,37.0,56.81478299911812,19.814782999118123,test
img13533,7122,images/img13533.jpg,53.0,79.41844212290827,26.418442122908274,test
img13534,7122,images/img13534.jpg,53.0,68.94859723753662,15.948597237536616,test
img13548,7130,images/img13548.jpg,35.0,52.4173238803828,17.417323880382796,test
img13549,7130,images/img13549.jpg,35.0,40.31498895333059,5.314988953330591,test
img13554,7133,images/img13554.jpg,38.0,44.12524371594942,6.125243715949424,test
img13555,7133,images/img13555.jpg,38.0,39.88793208253576,1.8879320825357555,test
img13562,7137,images/img13562.jpg,47.0,49.412875906152856,2.4128759061528555,test
img13563,7137,images/img13563.jpg,47.0,53.610779967496576,6.610779967496576,test
img13567,7140,images/img13567.jpg,33.0,40.66727466346997,7.667274663469968,test
img13568,7140,images/img13568.jpg,33.0,47.00574763163955,14.00574763163955,test
img13571,7142,images/img13571.jpg,52.0,45.53461013164565,6.46538986835435,test
img13572,7142,images/img13572.jpg,52.0,51.89959856596024,0.1004014340397603,test
img13605,7159,images/img13605.jpg,55.0,57.03440590193977,2.0344059019397704,test
img13606,7159,images/img13606.jpg,55.0,54.63729740628744,0.3627025937125623,test
img13609,7161,images/img13609.jpg,57.0,58.993173525955335,1.993173525955335,test
img13610,7161,images/img13610.jpg,57.0,53.66008646515893,3.3399135348410667,test
img13648,7180,images/img13648.jpg,62.0,47.23140147382773,14.76859852617227,test
img13665,7189,images/img13665.jpg,56.0,61.31631348206752,5.316313482067521,test
img13666,7189,images/img13666.jpg,56.0,45.42737258901914,10.572627410980855,test
img13673,7193,images/img13673.jpg,36.0,39.851250491242325,3.851250491242325,test
img13674,7193,images/img13674.jpg,36.0,41.04284381573706,5.042843815737058,test
img13684,7199,images/img13684.jpg,32.0,38.26497724786831,6.264977247868309,test
img13692,7203,images/img13692.jpg,78.0,83.58042747495625,5.580427474956252,test
img13695,7205,images/img13695.jpg,40.0,75.4719515768679,35.471951576867895,test
img13696,7205,images/img13696.jpg,40.0,43.59591812365946,3.595918123659459,test
img13704,7209,images/img13704.jpg,41.0,54.71563649897348,13.71563649897348,test
img13734,7225,images/img13734.jpg,42.0,46.42377500193187,4.4237750019318725,test
img13735,7225,images/img13735.jpg,42.0,41.64601464042512,0.3539853595748781,test
img13748,7232,images/img13748.jpg,75.0,72.69854451505844,2.301455484941556,test
img13749,7232,images/img13749.jpg,75.0,64.60034053133047,10.399659468669526,test
img13756,7236,images/img13756.jpg,42.0,45.48733325999854,3.487333259998543,test
img13757,7236,images/img13757.jpg,42.0,50.47081492212023,8.470814922120233,test
img13770,7243,images/img13770.jpg,65.0,72.88271808004933,7.8827180800493295,test
img13771,7243,images/img13771.jpg,65.0,67.78715056662257,2.7871505666225715,test
img13831,7274,images/img13831.jpg,66.0,75.92812011194279,9.928120111942787,test
img13832,7274,images/img13832.jpg,66.0,74.78608412550993,8.78608412550993,test
img13839,7278,images/img13839.jpg,36.0,33.13439677711016,2.8656032228898383,test
img13840,7278,images/img13840.jpg,36.0,36.212928282117744,0.212928282117744,test
img13868,7293,images/img13868.jpg,77.0,66.27373718912071,10.726262810879293,test
img13869,7293,images/img13869.jpg,77.0,75.56105881166118,1.4389411883388163,test
img13893,7306,images/img13893.jpg,73.0,76.70391929958117,3.703919299581173,test
img13894,7306,images/img13894.jpg,73.0,81.32342445303014,8.323424453030142,test
img13895,7307,images/img13895.jpg,62.0,61.956032298271,0.0439677017290023,test
img13896,7307,images/img13896.jpg,62.0,65.00910077620112,3.009100776201123,test
img13909,7314,images/img13909.jpg,79.0,79.78837500045917,0.788375000459169,test
img13910,7314,images/img13910.jpg,79.0,75.58106715065949,3.418932849340507,test
img13912,7315,images/img13912.jpg,82.0,76.27011373142878,5.729886268571221,test
img13931,7325,images/img13931.jpg,63.0,76.55273015651686,13.55273015651686,test
img13932,7325,images/img13932.jpg,63.0,67.31988725161581,4.31988725161581,test
img14017,7368,images/img14017.jpg,77.0,74.43015359530446,2.56984640469554,test
img14018,7368,images/img14018.jpg,77.0,73.24349637362813,3.7565036263718663,test
img14027,7373,images/img14027.jpg,81.0,72.5138081950843,8.486191804915705,test
img14052,7386,images/img14052.jpg,70.0,72.36779290791273,2.3677929079127296,test
img14053,7386,images/img14053.jpg,70.0,72.05483351936607,2.0548335193660705,test
img14054,7387,images/img14054.jpg,69.0,64.2524009037654,4.747599096234595,test
img14055,7387,images/img14055.jpg,69.0,68.96759021822209,0.0324097817779147,test
img14060,7390,images/img14060.jpg,79.0,73.96316184229546,5.036838157704537,test
img14061,7390,images/img14061.jpg,79.0,81.31260559753777,2.312605597537768,test
img14078,7399,images/img14078.jpg,73.0,63.31393444356377,9.686065556436231,test
img14079,7399,images/img14079.jpg,73.0,62.40487956551119,10.595120434488813,test
img14088,7404,images/img14088.jpg,80.0,77.09871591377674,2.9012840862232565,test
img14101,7411,images/img14101.jpg,62.0,54.13330614904388,7.866693850956125,test
img14102,7411,images/img14102.jpg,62.0,62.35802203357546,0.3580220335754589,test
img14125,7422,images/img14125.jpg,76.0,80.4863351402949,4.486335140294898,test
img14126,7422,images/img14126.jpg,76.0,77.09903873446483,1.099038734464827,test
img14136,7428,images/img14136.jpg,69.0,68.44591634872793,0.5540836512720659,test
img14149,7435,images/img14149.jpg,56.0,65.45472801613876,9.45472801613876,test
img14150,7435,images/img14150.jpg,56.0,69.53642208282616,13.536422082826164,test
img14211,7467,images/img14211.jpg,77.0,73.68736936668478,3.312630633315223,test
img14212,7467,images/img14212.jpg,77.0,72.92508393291797,4.074916067082029,test
img14234,7478,images/img14234.jpg,66.0,76.39931180572812,10.399311805728118,test
img14235,7479,images/img14235.jpg,69.0,71.43864298733243,2.438642987332429,test
img14236,7479,images/img14236.jpg,69.0,74.4478978270445,5.4478978270445,test
img14241,7482,images/img14241.jpg,67.0,68.90869943607716,1.908699436077157,test
img14242,7482,images/img14242.jpg,67.0,67.1037140859191,0.1037140859190941,test
img14273,7498,images/img14273.jpg,56.0,47.4855813224936,8.514418677506399,test
img14274,7498,images/img14274.jpg,56.0,45.97957700696629,10.020422993033712,test
img14285,7504,images/img14285.jpg,64.0,57.51285744855983,6.487142551440172,test
img14286,7504,images/img14286.jpg,64.0,73.82158533958497,9.82158533958497,test
img14297,7510,images/img14297.jpg,67.0,71.6316014193587,4.631601419358702,test
img14298,7510,images/img14298.jpg,67.0,68.94985471136552,1.9498547113655176,test
img14319,7520,images/img14319.jpg,64.0,55.183628478075576,8.816371521924424,test
img14327,7524,images/img14327.jpg,51.0,54.67005061880228,3.670050618802279,test
img14328,7524,images/img14328.jpg,51.0,55.99221904959394,4.992219049593942,test
img14331,7526,images/img14331.jpg,61.0,59.48018479671959,1.5198152032804089,test
img14332,7526,images/img14332.jpg,61.0,62.9223502223977,1.922350222397704,test
img14352,7537,images/img14352.jpg,59.0,51.58710541337356,7.412894586626443,test
img14353,7537,images/img14353.jpg,59.0,61.00915995815934,2.009159958159337,test
img14418,7571,images/img14418.jpg,73.0,72.9438249825935,0.0561750174065025,test
img14419,7571,images/img14419.jpg,73.0,64.5515602532019,8.448439746798101,test
img14422,7573,images/img14422.jpg,83.0,68.70519807299797,14.294801927002029,test
img14423,7573,images/img14423.jpg,83.0,78.55165766931148,4.448342330688519,test
img14454,7589,images/img14454.jpg,75.0,72.67550536966766,2.324494630332339,test
img14455,7589,images/img14455.jpg,75.0,73.9323520975717,1.0676479024283054,test
img14470,7597,images/img14470.jpg,83.0,82.49289256367669,0.5071074363233095,test
img14471,7597,images/img14471.jpg,83.0,85.68987744900068,2.689877449000676,test
img14476,7600,images/img14476.jpg,69.0,48.18997824510313,20.810021754896876,test
img14477,7600,images/img14477.jpg,69.0,55.85533844275405,13.144661557245946,test
img14484,7604,images/img14484.jpg,42.0,44.320397546776725,2.320397546776725,test
img14485,7604,images/img14485.jpg,42.0,35.45551242393295,6.5444875760670485,test
img14502,7613,images/img14502.jpg,56.0,51.10885256234171,4.89114743765829,test
img14503,7613,images/img14503.jpg,56.0,47.45393507956795,8.546064920432052,test
img14512,7618,images/img14512.jpg,77.0,77.54513766341461,0.5451376634146072,test
img14513,7618,images/img14513.jpg,77.0,75.66079731695245,1.339202683047546,test
img14518,7621,images/img14518.jpg,56.0,49.66618653830387,6.333813461696131,test
img14519,7621,images/img14519.jpg,56.0,53.092043111897695,2.907956888102305,test
img14532,7628,images/img14532.jpg,65.0,70.79631597627915,5.796315976279146,test
img14533,7628,images/img14533.jpg,65.0,63.45773579155696,1.5422642084430365,test
img14548,7636,images/img14548.jpg,73.0,75.86597276704582,2.865972767045818,test
img14579,7652,images/img14579.jpg,74.0,81.18108888545851,7.181088885458507,test
img14580,7652,images/img14580.jpg,74.0,75.4289008206475,1.428900820647499,test
img14591,7658,images/img14591.jpg,63.0,65.90863353456581,2.9086335345658085,test
img14592,7658,images/img14592.jpg,63.0,61.01101072406363,1.988989275936369,test
img14595,7660,images/img14595.jpg,56.0,49.9507720605282,6.049227939471805,test
img14596,7660,images/img14596.jpg,56.0,50.09523322783317,5.90476677216683,test
img14615,7670,images/img14615.jpg,65.0,57.91809065929113,7.081909340708869,test
img14616,7670,images/img14616.jpg,65.0,59.2197042189314,5.780295781068602,test
img14631,7678,images/img14631.jpg,59.0,64.5491789053221,5.549178905322094,test
img14632,7678,images/img14632.jpg,59.0,67.2385037199069,8.238503719906902,test
img14653,7689,images/img14653.jpg,58.0,58.87849338508348,0.8784933850834804,test
img14654,7689,images/img14654.jpg,58.0,56.74440093198591,1.2555990680140925,test
img14687,7706,images/img14687.jpg,72.0,66.77738490407798,5.222615095922023,test
img14688,7706,images/img14688.jpg,72.0,65.01527635777629,6.984723642223713,test
img14693,7709,images/img14693.jpg,61.0,60.21448066801528,0.7855193319847231,test
img14694,7709,images/img14694.jpg,61.0,32.19053670301361,28.809463296986387,test
img14784,7756,images/img14784.jpg,81.0,80.60378515901321,0.3962148409867865,test
img14785,7756,images/img14785.jpg,81.0,78.45514300845929,2.544856991540712,test
img14819,7774,images/img14819.jpg,67.0,71.83451494341466,4.834514943414661,test
img14820,7774,images/img14820.jpg,67.0,63.82623178986277,3.1737682101372258,test
img14860,7796,images/img14860.jpg,50.0,57.54247270220719,7.542472702207185,test
img14861,7796,images/img14861.jpg,50.0,49.76377108799054,0.2362289120094587,test
img14876,7804,images/img14876.jpg,60.0,70.65380372981741,10.653803729817412,test
img14877,7804,images/img14877.jpg,60.0,67.07423270470235,7.074232704702354,test
img14884,7808,images/img14884.jpg,70.0,64.04506495440485,5.95493504559515,test
img14885,7808,images/img14885.jpg,70.0,68.03744238909587,1.962557610904128,test
img14890,7811,images/img14890.jpg,54.0,65.08676478102933,11.08676478102933,test
img14891,7811,images/img14891.jpg,54.0,65.0916501704626,11.0916501704626,test
img14945,7838,images/img14945.jpg,52.0,58.36990465956087,6.369904659560866,test
img14946,7838,images/img14946.jpg,52.0,54.48655786737402,2.4865578673740174,test
img14988,7860,images/img14988.jpg,42.0,53.32311837854682,11.323118378546823,test
img15003,7868,images/img15003.jpg,61.0,66.21102599863003,5.211025998630035,test
img15004,7868,images/img15004.jpg,61.0,68.65831927415881,7.658319274158813,test
img15047,7890,images/img15047.jpg,52.0,56.93986695004956,4.939866950049563,test
img15048,7890,images/img15048.jpg,52.0,52.70625548518143,0.7062554851814298,test
img15097,7916,images/img15097.jpg,70.0,72.71165583368037,2.711655833680368,test
img15114,7925,images/img15114.jpg,77.0,67.3409883822677,9.659011617732304,test
img15115,7925,images/img15115.jpg,77.0,72.154107424613,4.845892575386998,test
img15132,7934,images/img15132.jpg,64.0,61.56796693166604,2.4320330683339577,test
img15133,7934,images/img15133.jpg,64.0,50.8488014124114,13.151198587588604,test
img15138,7937,images/img15138.jpg,52.0,52.71580487013014,0.7158048701301425,test
img15139,7937,images/img15139.jpg,52.0,48.007645630522646,3.992354369477354,test
img15147,7941,images/img15147.jpg,68.0,65.36958024252138,2.63041975747862,test
img15168,7954,images/img15168.jpg,54.0,37.70992415547096,16.290075844529042,test
img15169,7954,images/img15169.jpg,54.0,47.7575021310682,6.2424978689318,test
img15182,7961,images/img15182.jpg,83.0,56.94209683940552,26.05790316059448,test
img15183,7961,images/img15183.jpg,83.0,82.69310464569085,0.3068953543091481,test
img15209,7975,images/img15209.jpg,85.0,81.22611800900381,3.773881990996188,test
img15242,7993,images/img15242.jpg,63.0,47.75421830305534,15.24578169694466,test
img15243,7993,images/img15243.jpg,63.0,54.73088650465392,8.269113495346083,test
img15275,8010,images/img15275.jpg,61.0,61.37740184423433,0.3774018442343276,test
img15276,8010,images/img15276.jpg,61.0,54.18341697190034,6.816583028099657,test
img15295,8020,images/img15295.jpg,47.0,47.13654454083324,0.1365445408332348,test
img15296,8020,images/img15296.jpg,47.0,52.28812526077823,5.28812526077823,test
img15307,8026,images/img15307.jpg,56.0,54.58156666787127,1.4184333321287357,test
img15308,8027,images/img15308.jpg,64.0,61.74254748729089,2.257452512709108,test
img15313,8030,images/img15313.jpg,48.0,56.77162188675457,8.771621886754573,test
img15314,8030,images/img15314.jpg,48.0,48.76295715587754,0.7629571558775439,test
img15319,8033,images/img15319.jpg,68.0,81.44767769962763,13.447677699627633,test
img15320,8033,images/img15320.jpg,68.0,53.95435333619433,14.04564666380567,test
img15335,8042,images/img15335.jpg,67.0,80.50957386739488,13.509573867394876,test
img15336,8042,images/img15336.jpg,67.0,67.55337494854207,0.5533749485420714,test
img15339,8044,images/img15339.jpg,74.0,76.16658644549432,2.1665864454943176,test
img15342,8046,images/img15342.jpg,60.0,58.699303909770045,1.3006960902299554,test
img15343,8046,images/img15343.jpg,60.0,59.16478898446628,0.8352110155337229,test
img15358,8054,images/img15358.jpg,83.0,63.33241865448238,19.66758134551762,test
img15394,8073,images/img15394.jpg,69.0,64.51804743052068,4.481952569479319,test
img15400,8076,images/img15400.jpg,66.0,64.26317395361961,1.7368260463803864,test
img15401,8076,images/img15401.jpg,66.0,62.46932755311593,3.5306724468840684,test
img15402,8077,images/img15402.jpg,78.0,66.04326175820957,11.956738241790433,test
img15403,8077,images/img15403.jpg,78.0,74.50400428075473,3.495995719245272,test
img15408,8080,images/img15408.jpg,55.0,57.14443458931616,2.1444345893161625,test
img15409,8080,images/img15409.jpg,55.0,53.2872940070535,1.7127059929465034,test
img15420,8086,images/img15420.jpg,65.0,74.19904561034235,9.199045610342353,test
img15426,8090,images/img15426.jpg,63.0,62.36022670256516,0.6397732974348429,test
img15427,8090,images/img15427.jpg,63.0,68.17303907480385,5.173039074803853,test
img15432,8093,images/img15432.jpg,58.0,61.53466405149312,3.534664051493124,test
img15433,8093,images/img15433.jpg,58.0,65.6277740828848,7.627774082884798,test
img15440,8097,images/img15440.jpg,59.0,53.90653770299348,5.093462297006525,test
img15441,8097,images/img15441.jpg,59.0,54.04697451780179,4.953025482198207,test
img15442,8098,images/img15442.jpg,74.0,76.11427204425857,2.11427204425857,test
img15443,8098,images/img15443.jpg,74.0,79.59777337757797,5.597773377577965,test
img15448,8101,images/img15448.jpg,72.0,83.16616128331611,11.166161283316114,test
img15449,8101,images/img15449.jpg,72.0,80.34935665116868,8.349356651168677,test
img15464,8109,images/img15464.jpg,68.0,71.22068667357826,3.220686673578257,test
img15465,8109,images/img15465.jpg,68.0,72.13704373378297,4.137043733782974,test
img15466,8110,images/img15466.jpg,70.0,63.92924867011473,6.070751329885269,test
img15467,8110,images/img15467.jpg,70.0,66.03664284349351,3.96335715650649,test
img15519,8137,images/img15519.jpg,74.0,69.35959159787865,4.640408402121352,test
img15520,8137,images/img15520.jpg,74.0,71.29241830295778,2.7075816970422157,test
img15531,8143,images/img15531.jpg,63.0,52.4171439296614,10.5828560703386,test
img15532,8143,images/img15532.jpg,63.0,60.69694709245386,2.303052907546139,test
img15535,8145,images/img15535.jpg,81.0,77.87079393861876,3.12920606138124,test
img15538,8147,images/img15538.jpg,58.0,59.643343661935376,1.6433436619353756,test
img15539,8147,images/img15539.jpg,58.0,55.568720976967306,2.431279023032694,test
img15544,8150,images/img15544.jpg,63.0,74.64388597485281,11.643885974852807,test
img15545,8150,images/img15545.jpg,63.0,58.73993950918722,4.260060490812776,test
img15558,8157,images/img15558.jpg,46.0,45.05234874196841,0.9476512580315912,test
img15559,8158,images/img15559.jpg,60.0,58.61531845422131,1.3846815457786903,test
img15560,8158,images/img15560.jpg,60.0,63.53410469649633,3.5341046964963283,test
img15569,8163,images/img15569.jpg,54.0,62.01552291615391,8.015522916153905,test
img15570,8163,images/img15570.jpg,54.0,44.00333200995095,9.996667990049048,test
img15579,8168,images/img15579.jpg,73.0,72.4317779313888,0.568222068611206,test
img15580,8168,images/img15580.jpg,73.0,61.8811264472271,11.118873552772897,test
img15583,8170,images/img15583.jpg,77.0,73.40742384654638,3.5925761534536207,test
img15584,8170,images/img15584.jpg,77.0,78.61684999853655,1.6168499985365514,test
img15596,8177,images/img15596.jpg,63.0,43.09506291671512,19.90493708328488,test
img15597,8177,images/img15597.jpg,63.0,53.475582990512166,9.524417009487834,test
img15638,8199,images/img15638.jpg,70.0,68.33825564925354,1.66174435074646,test
img15639,8199,images/img15639.jpg,70.0,69.21653404620056,0.7834659537994355,test
img15667,8214,images/img15667.jpg,59.0,60.82453051800759,1.824530518007592,test
img15668,8214,images/img15668.jpg,59.0,56.27236810490435,2.727631895095648,test
img15681,8221,images/img15681.jpg,60.0,70.03914332422084,10.039143324220843,test
img15682,8221,images/img15682.jpg,60.0,65.39449960029813,5.394499600298133,test
img15693,8227,images/img15693.jpg,58.0,53.89971484412651,4.100285155873493,test
img15694,8227,images/img15694.jpg,58.0,55.20397149815042,2.7960285018495767,test
img15699,8230,images/img15699.jpg,73.0,73.5251247056642,0.5251247056641972,test
img15700,8230,images/img15700.jpg,73.0,62.17286746450037,10.82713253549963,test
img15705,8233,images/img15705.jpg,61.0,63.121855588851474,2.1218555888514743,test
img15706,8233,images/img15706.jpg,61.0,58.4748320166383,2.5251679833616976,test
img15709,8235,images/img15709.jpg,58.0,55.88030783228441,2.1196921677155918,test
img15710,8235,images/img15710.jpg,58.0,50.68205525682985,7.317944743170152,test
img15724,8243,images/img15724.jpg,66.0,67.75849695872425,1.7584969587242512,test
img15758,8263,images/img15758.jpg,62.0,61.79387488608504,0.2061251139149646,test
img15759,8263,images/img15759.jpg,62.0,61.83407642255,0.1659235774500018,test
img15800,8285,images/img15800.jpg,63.0,70.80529497197156,7.805294971971563,test
img15801,8285,images/img15801.jpg,63.0,70.44853666844769,7.448536668447687,test
img15810,8290,images/img15810.jpg,70.0,58.35811107099426,11.641888929005738,test
img15811,8290,images/img15811.jpg,70.0,62.884280284023454,7.115719715976546,test
img15837,8304,images/img15837.jpg,59.0,67.04898398257492,8.048983982574924,test
img15838,8304,images/img15838.jpg,59.0,64.73270519302116,5.732705193021161,test
img15841,8306,images/img15841.jpg,71.0,69.45850669229323,1.541493307706773,test
img15842,8306,images/img15842.jpg,71.0,76.77167238210221,5.77167238210221,test
img15845,8308,images/img15845.jpg,70.0,74.7382630392569,4.738263039256907,test
img15846,8308,images/img15846.jpg,70.0,73.62159465148865,3.6215946514886497,test
img15864,8318,images/img15864.jpg,63.0,61.97894057040986,1.0210594295901387,test
img15865,8318,images/img15865.jpg,63.0,65.77513082088859,2.775130820888592,test
img15868,8320,images/img15868.jpg,62.0,57.7017169576011,4.2982830423989,test
img15869,8320,images/img15869.jpg,62.0,66.0227244731514,4.022724473151399,test
img15874,8323,images/img15874.jpg,63.0,55.602771197939234,7.397228802060766,test
img15875,8323,images/img15875.jpg,63.0,58.41515108723489,4.584848912765111,test
img15881,8327,images/img15881.jpg,38.0,49.130124790676334,11.130124790676334,test
img15882,8327,images/img15882.jpg,38.0,50.908881505233175,12.908881505233175,test
img15898,8336,images/img15898.jpg,63.0,67.58217687945924,4.58217687945924,test
img15899,8336,images/img15899.jpg,63.0,66.3578276159236,3.357827615923597,test
img15919,8347,images/img15919.jpg,70.0,66.16644511597258,3.833554884027421,test
img15920,8347,images/img15920.jpg,70.0,64.7839251666877,5.216074833312305,test
img15941,8358,images/img15941.jpg,69.0,74.15118744333463,5.151187443334635,test
img15942,8358,images/img15942.jpg,69.0,80.22954873269488,11.22954873269488,test
img15954,8365,images/img15954.jpg,54.0,58.48009462095499,4.4800946209549934,test
img15955,8365,images/img15955.jpg,54.0,53.32946518595992,0.6705348140400815,test
img16037,8409,images/img16037.jpg,63.0,58.20800476776333,4.791995232236673,test
img16038,8409,images/img16038.jpg,63.0,69.81106723626165,6.81106723626165,test
img16059,8420,images/img16059.jpg,57.0,48.60563660096061,8.394363399039392,test
img16060,8420,images/img16060.jpg,57.0,44.921414415860205,12.078585584139796,test
img16071,8426,images/img16071.jpg,87.0,80.02034565827356,6.9796543417264445,test
img16072,8426,images/img16072.jpg,87.0,75.20632031865867,11.793679681341333,test
img16079,8430,images/img16079.jpg,52.0,61.796511982111305,9.796511982111303,test
img16080,8430,images/img16080.jpg,52.0,62.39025775143998,10.390257751439982,test
img16082,8432,images/img16082.jpg,50.0,54.105297637216495,4.105297637216495,test
img16083,8432,images/img16083.jpg,50.0,62.23014196198403,12.230141961984032,test
img16087,8434,images/img16087.jpg,67.0,57.97715948358919,9.02284051641081,test
img16088,8435,images/img16088.jpg,69.0,74.5002209531637,5.500220953163705,test
img16089,8435,images/img16089.jpg,69.0,72.07631745427982,3.076317454279817,test
img16110,8446,images/img16110.jpg,61.0,73.9190379254093,12.9190379254093,test
img16111,8446,images/img16111.jpg,61.0,71.06290151861698,10.062901518616982,test
img16118,8450,images/img16118.jpg,59.0,66.80125182278718,7.801251822787179,test
img16119,8450,images/img16119.jpg,59.0,64.98040954224288,5.980409542242882,test
img16124,8453,images/img16124.jpg,54.0,56.296627779695626,2.2966277796956263,test
img16125,8453,images/img16125.jpg,54.0,60.46162226225372,6.461622262253719,test
img16130,8456,images/img16130.jpg,63.0,62.92752789542695,0.0724721045730518,test
img16131,8456,images/img16131.jpg,63.0,63.980440833215226,0.9804408332152263,test
img16150,8466,images/img16150.jpg,72.0,68.83269915746405,3.1673008425359512,test
img16151,8466,images/img16151.jpg,72.0,68.13486116599677,3.8651388340032327,test
img16154,8468,images/img16154.jpg,66.0,77.73429749930378,11.73429749930378,test
img16155,8468,images/img16155.jpg,66.0,73.96396562218436,7.963965622184361,test
img16161,8472,images/img16161.jpg,68.0,68.77649018637312,0.776490186373124,test
img16162,8472,images/img16162.jpg,68.0,77.87000651788635,9.870006517886353,test
img16239,8511,images/img16239.jpg,34.0,34.843919905483574,0.843919905483574,test
img16240,8511,images/img16240.jpg,34.0,40.93354938183448,6.9335493818344816,test
img16243,8513,images/img16243.jpg,29.0,31.389653475423135,2.389653475423138,test
img16244,8513,images/img16244.jpg,29.0,31.119243162297828,2.119243162297828,test
img16247,8515,images/img16247.jpg,20.0,31.661686616872306,11.661686616872306,test
img16248,8515,images/img16248.jpg,20.0,25.47137307598499,5.471373075984989,test
img16261,8522,images/img16261.jpg,33.0,31.702974946633454,1.2970250533665464,test
img16262,8522,images/img16262.jpg,33.0,26.076677134679414,6.923322865320582,test
img16263,8523,images/img16263.jpg,19.0,22.38375460485215,3.3837546048521503,test
img16264,8523,images/img16264.jpg,19.0,24.614262336926245,5.614262336926245,test
img16265,8524,images/img16265.jpg,20.0,23.04052456986568,3.0405245698656813,test
img16266,8524,images/img16266.jpg,20.0,22.610475064043516,2.610475064043513,test
