image_id,patient_id,image_path,age_true,age_pred,absolute_error,split
img00001,1,images/img00001.jpg,48.0,31.00260237652059,16.99739762347941,validation
img00002,1,images/img00002.jpg,48.0,34.58534925921566,13.41465074078434,validation
img00015,8,images/img00015.jpg,28.0,26.72849136588676,1.2715086341132429,validation
img00016,8,images/img00016.jpg,28.0,32.62023721349732,4.620237213497319,validation
img00029,15,images/img00029.jpg,26.0,25.328773580688637,0.6712264193113668,validation
img00030,15,images/img00030.jpg,26.0,26.065094851884144,0.0650948518841438,validation
img00047,24,images/img00047.jpg,13.0,23.30344020809748,10.303440208097475,validation
img00048,24,images/img00048.jpg,13.0,22.97400605835445,9.974006058354457,validation
img00070,36,images/img00070.jpg,39.0,29.667959134620794,9.332040865379206,validation
img00071,36,images/img00071.jpg,39.0,32.19971309919435,6.800286900805652,validation
img00074,38,images/img00074.jpg,37.0,28.884002180945817,8.115997819054183,validation
img00075,38,images/img00075.jpg,37.0,31.20845727691353,5.791542723086465,validation
img00094,48,images/img00094.jpg,20.0,20.47029823166821,0.4702982316682096,validation
img00095,48,images/img00095.jpg,20.0,21.70325077560221,1.7032507756022142,validation
img00096,49,images/img00096.jpg,20.0,25.18024552708012,5.1802455270801175,validation
img00097,49,images/img00097.jpg,20.0,21.884595297130662,1.8845952971306656,validation
img00118,60,images/img00118.jpg,20.0,25.49733614794584,5.497336147945841,validation
img00119,60,images/img00119.jpg,20.0,28.14099328657699,8.14099328657699,validation
img00130,66,images/img00130.jpg,27.0,25.65962552399416,1.340374476005838,validation
img00131,66,images/img00131.jpg,27.0,26.925911485193204,0.074088514806796,validation
img00132,67,images/img00132.jpg,18.0,24.51103824069208,6.511038240692081,validation
img00133,67,images/img00133.jpg,18.0,22.854202502322387,4.854202502322387,validation
img00160,81,images/img00160.jpg,28.0,26.943023162882263,1.0569768371177377,validation
img00161,81,images/img00161.jpg,28.0,29.29221766590534,1.2922176659053406,validation
img00177,90,images/img00177.jpg,25.0,24.749641991158136,0.2503580088418644,validation
img00178,90,images/img00178.jpg,25.0,21.99175213458515,3.008247865414852,validation
img00191,97,images/img00191.jpg,19.0,24.714742457311743,5.714742457311743,validation
img00192,97,images/img00192.jpg,19.0,24.322630926001462,5.322630926001466,validation
img00197,100,images/img00197.jpg,15.0,28.05711007575632,13.05711007575632,validation
img00198,100,images/img00198.jpg,15.0,24.46539837530446,9.46539837530446,validation
img00209,106,images/img00209.jpg,24.0,26.80812992090336,2.808129920903358,validation
img00210,106,images/img00210.jpg,24.0,23.180179416993752,0.8198205830062477,validation
img00223,113,images/img00223.jpg,16.0,19.30885483258546,3.3088548325854603,validation
img00224,113,images/img00224.jpg,16.0,17.593778315888734,1.5937783158887342,validation
img00227,115,images/img00227.jpg,18.0,21.995396954651227,3.995396954651227,validation
img00228,115,images/img00228.jpg,18.0,24.715532059265016,6.715532059265016,validation
img00253,128,images/img00253.jpg,18.0,23.796594614776524,5.796594614776524,validation
img00254,128,images/img00254.jpg,18.0,23.79595115462123,5.795951154621228,validation
img00255,129,images/img00255.jpg,47.0,29.83586515439752,17.164134845602483,validation
img00256,129,images/img00256.jpg,47.0,33.90077090938915,13.099229090610848,validation
img00269,136,images/img00269.jpg,17.0,22.356358470782737,5.356358470782737,validation
img00270,136,images/img00270.jpg,17.0,23.052721956944996,6.052721956944993,validation
img00271,137,images/img00271.jpg,17.0,24.58620311171375,7.5862031117137505,validation
img00272,137,images/img00272.jpg,17.0,24.132973771754976,7.132973771754976,validation
img00275,139,images/img00275.jpg,15.0,22.796315081775557,7.796315081775553,validation
img00276,139,images/img00276.jpg,15.0,19.66348208332385,4.663482083323849,validation
img00277,140,images/img00277.jpg,18.0,19.311987065748177,1.311987065748177,validation
img00278,140,images/img00278.jpg,18.0,19.62005397589374,1.6200539758937396,validation
img00281,142,images/img00281.jpg,16.0,23.40438056608557,7.404380566085571,validation
img00282,142,images/img00282.jpg,16.0,21.115173999302712,5.115173999302712,validation
img00283,143,images/img00283.jpg,14.0,21.040379935828163,7.040379935828163,validation
img00284,143,images/img00284.jpg,14.0,20.65876880176392,6.65876880176392,validation
img00285,144,images/img00285.jpg,24.0,26.94476377713285,2.9447637771328523,validation
img00286,144,images/img00286.jpg,24.0,26.66422169308776,2.664221693087761,validation
img00295,149,images/img00295.jpg,17.0,22.230720148935724,5.230720148935724,validation
img00296,149,images/img00296.jpg,17.0,24.851677322020656,7.851677322020656,validation
img00319,161,images/img00319.jpg,17.0,21.98354856291038,4.983548562910379,validation
img00320,161,images/img00320.jpg,17.0,25.700508146674345,8.700508146674345,validation
img00329,166,images/img00329.jpg,66.0,62.981501115130825,3.0184988848691745,validation
img00330,166,images/img00330.jpg,66.0,53.63552646351975,12.364473536480247,validation
img00334,169,images/img00334.jpg,68.0,59.07037088584464,8.929629114155361,validation
img00335,169,images/img00335.jpg,68.0,64.48569828917115,3.514301710828846,validation
img00342,173,images/img00342.jpg,41.0,53.251562882752175,12.251562882752175,validation
img00343,173,images/img00343.jpg,41.0,62.017195367252455,21.01719536725245,validation
img00357,181,images/img00357.jpg,28.0,32.52865647424265,4.528656474242652,validation
img00358,181,images/img00358.jpg,28.0,49.20541508189776,21.20541508189776,validation
img00366,186,images/img00366.jpg,68.0,65.04045364492038,2.959546355079624,validation
img00367,186,images/img00367.jpg,68.0,72.78949379087258,4.789493790872584,validation
img00370,188,images/img00370.jpg,83.0,78.21550535930304,4.784494640696963,validation
img00371,188,images/img00371.jpg,83.0,79.98343722001012,3.016562779989883,validation
img00375,191,images/img00375.jpg,61.0,74.88861568411933,13.88861568411933,validation
img00376,191,images/img00376.jpg,61.0,66.82963495929819,5.82963495929819,validation
img00388,198,images/img00388.jpg,64.0,54.86259952661107,9.13740047338893,validation
img00389,198,images/img00389.jpg,64.0,64.37801305096202,0.378013050962025,validation
img00405,208,images/img00405.jpg,53.0,58.19740355721542,5.1974035572154165,validation
img00406,208,images/img00406.jpg,53.0,51.78428832491089,1.2157116750891106,validation
img00418,215,images/img00418.jpg,66.0,67.36005116202085,1.3600511620208522,validation
img00419,215,images/img00419.jpg,66.0,70.38230716870112,4.382307168701118,validation
img00439,226,images/img00439.jpg,65.0,55.06202391524021,9.93797608475979,validation
img00440,226,images/img00440.jpg,65.0,58.33410530394435,6.665894696055652,validation
img00453,233,images/img00453.jpg,78.0,61.86428742214622,16.13571257785378,validation
img00454,233,images/img00454.jpg,78.0,59.08265579441118,18.91734420558882,validation
img00457,235,images/img00457.jpg,54.0,63.96141622482721,9.961416224827213,validation
img00458,235,images/img00458.jpg,54.0,57.13592837324632,3.1359283732463155,validation
img00467,240,images/img00467.jpg,65.0,78.285917350059,13.285917350058996,validation
img00472,243,images/img00472.jpg,77.0,68.42048767587912,8.579512324120884,validation
img00473,243,images/img00473.jpg,77.0,76.30299781719555,0.6970021828044537,validation
img00474,244,images/img00474.jpg,42.0,56.38173451909548,14.38173451909548,validation
img00475,244,images/img00475.jpg,42.0,56.63584525032518,14.635845250325184,validation
img00498,257,images/img00498.jpg,59.0,55.4666930077252,3.5333069922748024,validation
img00499,257,images/img00499.jpg,59.0,47.401960948787206,11.598039051212794,validation
img00516,268,images/img00516.jpg,84.0,64.94978356537702,19.050216434622985,validation
img00517,268,images/img00517.jpg,84.0,62.90262053436495,21.09737946563505,validation
img00542,281,images/img00542.jpg,85.0,84.72259760647233,0.2774023935276659,validation
img00543,281,images/img00543.jpg,85.0,83.7461500926467,1.253849907353299,validation
img00550,285,images/img00550.jpg,63.0,59.52758068123016,3.4724193187698447,validation
img00551,285,images/img00551.jpg,63.0,60.76085740911528,2.2391425908847182,validation
img00560,290,images/img00560.jpg,62.0,58.97691920439268,3.0230807956073207,validation
img00561,290,images/img00561.jpg,62.0,64.65811125656101,2.658111256561014,validation
img00568,294,images/img00568.jpg,65.0,66.49393743384017,1.4939374338401734,validation
img00569,294,images/img00569.jpg,65.0,61.56723295084483,3.432767049155167,validation
img00572,296,images/img00572.jpg,65.0,69.84858314453608,4.848583144536079,validation
img00573,296,images/img00573.jpg,65.0,68.89647151190573,3.8964715119057294,validation
img00577,299,images/img00577.jpg,56.0,52.27453898131287,3.725461018687128,validation
img00578,299,images/img00578.jpg,56.0,61.73166264986733,5.731662649867332,validation
img00589,305,images/img00589.jpg,59.0,62.28633239269759,3.286332392697588,validation
img00590,305,images/img00590.jpg,59.0,70.7412663240782,11.741266324078197,validation
img00598,310,images/img00598.jpg,78.0,73.67277481787438,4.327225182125616,validation
img00599,310,images/img00599.jpg,78.0,81.1103257181432,3.1103257181432014,validation
img00600,311,images/img00600.jpg,27.0,29.774313282796808,2.774313282796808,validation
img00601,311,images/img00601.jpg,27.0,38.06171363786346,11.061713637863464,validation
img00602,312,images/img00602.jpg,60.0,66.24115138530729,6.24115138530729,validation
img00603,312,images/img00603.jpg,60.0,66.99157424939762,6.991574249397615,validation
img00621,322,images/img00621.jpg,45.0,45.38532628500728,0.3853262850072738,validation
img00622,322,images/img00622.jpg,45.0,49.0875964368532,4.087596436853204,validation
img00641,332,images/img00641.jpg,17.0,28.37389096325916,11.373890963259155,validation
img00642,332,images/img00642.jpg,17.0,17.434802214334958,0.4348022143349581,validation
img00661,342,images/img00661.jpg,70.0,64.63223652404521,5.3677634759547885,validation
img00662,342,images/img00662.jpg,70.0,61.33194901853592,8.668050981464084,validation
img00667,345,images/img00667.jpg,60.0,63.96059663108704,3.960596631087036,validation
img00668,345,images/img00668.jpg,60.0,57.7977529086365,2.2022470913635037,validation
img00686,355,images/img00686.jpg,22.0,33.800700858526355,11.800700858526357,validation
img00732,379,images/img00732.jpg,49.0,46.08652771904899,2.9134722809510123,validation
img00733,379,images/img00733.jpg,49.0,56.15019492505464,7.150194925054635,validation
img00772,400,images/img00772.jpg,90.0,86.13793075184584,3.8620692481541568,validation
img00773,400,images/img00773.jpg,90.0,87.28405761801176,2.715942381988242,validation
img00776,402,images/img00776.jpg,55.0,43.14793461988198,11.85206538011802,validation
img00777,402,images/img00777.jpg,55.0,60.73187334625585,5.731873346255853,validation
img00782,405,images/img00782.jpg,63.0,60.24631449593535,2.7536855040646486,validation
img00783,405,images/img00783.jpg,63.0,66.82205412618049,3.8220541261804897,validation
img00792,410,images/img00792.jpg,60.0,55.898469495167554,4.101530504832446,validation
img00793,410,images/img00793.jpg,60.0,66.27043209420441,6.270432094204409,validation
img00800,414,images/img00800.jpg,50.0,56.16215319579658,6.162153195796577,validation
img00801,414,images/img00801.jpg,50.0,51.52385764255,1.5238576425499986,validation
img00810,419,images/img00810.jpg,55.0,64.0280803328312,9.028080332831196,validation
img00811,419,images/img00811.jpg,55.0,55.94404596882377,0.9440459688237725,validation
img00823,426,images/img00823.jpg,66.0,61.260063067780166,4.739936932219834,validation
img00824,426,images/img00824.jpg,66.0,61.01435971604984,4.985640283950161,validation
img00825,427,images/img00825.jpg,69.0,61.03441549660197,7.965584503398027,validation
img00826,427,images/img00826.jpg,69.0,67.14201196187378,1.8579880381262228,validation
img00829,429,images/img00829.jpg,60.0,80.10587787206846,20.10587787206846,validation
img00839,435,images/img00839.jpg,63.0,65.14599528832403,2.1459952883240305,validation
img00840,435,images/img00840.jpg,63.0,67.41334493142516,4.413344931425158,validation
img00866,449,images/img00866.jpg,64.0,65.06358003914578,1.0635800391457764,validation
img00867,449,images/img00867.jpg,64.0,56.87079545584169,7.129204544158313,validation
img00901,466,images/img00901.jpg,71.0,55.5090501357104,15.490949864289604,validation
img00912,472,images/img00912.jpg,76.0,62.67796132889139,13.322038671108608,validation
img00913,472,images/img00913.jpg,76.0,69.41219719209992,6.587802807900076,validation
img00954,494,images/img00954.jpg,45.0,52.51219499131291,7.51219499131291,validation
img00955,494,images/img00955.jpg,45.0,53.18331057330556,8.183310573305562,validation
img00996,516,images/img00996.jpg,38.0,37.1541905221636,0.8458094778363971,validation
img00997,516,images/img00997.jpg,38.0,42.42685244826258,4.426852448262579,validation
img01052,547,images/img01052.jpg,66.0,65.74145985969464,0.2585401403053566,validation
img01053,547,images/img01053.jpg,66.0,64.17365773991405,1.8263422600859516,validation
img01058,550,images/img01058.jpg,79.0,74.83884022397092,4.161159776029081,validation
img01059,550,images/img01059.jpg,79.0,84.54827007246786,5.548270072467858,validation
img01066,554,images/img01066.jpg,88.0,83.93180470660519,4.068195293394808,validation
img01067,554,images/img01067.jpg,88.0,74.3415611286354,13.658438871364597,validation
img01089,566,images/img01089.jpg,54.0,49.53031338285118,4.469686617148817,validation
img01090,566,images/img01090.jpg,54.0,47.38371067380641,6.616289326193588,validation
img01110,577,images/img01110.jpg,70.0,65.96597074214935,4.034029257850648,validation
img01111,577,images/img01111.jpg,70.0,58.53627148720129,11.46372851279871,validation
img01113,579,images/img01113.jpg,67.0,58.90560173432497,8.094398265675032,validation
img01114,579,images/img01114.jpg,67.0,54.79017781348025,12.209822186519752,validation
img01123,584,images/img01123.jpg,50.0,61.78636657856112,11.786366578561116,validation
img01124,584,images/img01124.jpg,50.0,49.12514506344063,0.8748549365593732,validation
img01189,619,images/img01189.jpg,87.0,76.04122295747635,10.95877704252365,validation
img01212,631,images/img01212.jpg,30.0,31.37150789904388,1.3715078990438805,validation
img01213,631,images/img01213.jpg,30.0,31.54078372552408,1.5407837255240755,validation
img01229,640,images/img01229.jpg,47.0,56.754383152950105,9.754383152950105,validation
img01247,650,images/img01247.jpg,43.0,49.82588080682758,6.825880806827577,validation
img01248,650,images/img01248.jpg,43.0,48.00254157369761,5.002541573697613,validation
img01276,666,images/img01276.jpg,79.0,78.74175543017279,0.2582445698272124,validation
img01277,666,images/img01277.jpg,79.0,81.94157154018005,2.9415715401800497,validation
img01303,681,images/img01303.jpg,59.0,51.135014670706525,7.864985329293475,validation
img01305,682,images/img01305.jpg,71.0,69.08487337354418,1.915126626455816,validation
img01335,698,images/img01335.jpg,18.0,25.359812353603267,7.359812353603267,validation
img01336,698,images/img01336.jpg,18.0,30.02041388937724,12.020413889377242,validation
img01345,703,images/img01345.jpg,41.0,33.05363271212701,7.946367287872988,validation
img01350,706,images/img01350.jpg,65.0,55.01284174716718,9.98715825283282,validation
img01424,745,images/img01424.jpg,74.0,74.36309850346035,0.3630985034603498,validation
img01425,745,images/img01425.jpg,74.0,75.81696945908377,1.816969459083765,validation
img01437,753,images/img01437.jpg,86.0,77.52467781169716,8.47532218830284,validation
img01438,753,images/img01438.jpg,86.0,80.50203993052578,5.4979600694742174,validation
img01439,754,images/img01439.jpg,67.0,66.83578054908645,0.1642194509135492,validation
img01440,754,images/img01440.jpg,67.0,47.636947144448,19.363052855552,validation
img01475,773,images/img01475.jpg,65.0,70.48621944011833,5.486219440118333,validation
img01476,773,images/img01476.jpg,65.0,67.47530251010683,2.475302510106829,validation
img01490,780,images/img01490.jpg,59.0,69.5798447372041,10.579844737204098,validation
img01549,811,images/img01549.jpg,42.0,45.66536559764289,3.6653655976428894,validation
img01550,811,images/img01550.jpg,42.0,46.01343391723901,4.013433917239013,validation
img01650,864,images/img01650.jpg,51.0,58.36670065059905,7.36670065059905,validation
img01678,881,images/img01678.jpg,76.0,29.9068813433332,46.0931186566668,validation
img01679,881,images/img01679.jpg,76.0,41.48966363818285,34.510336361817146,validation
img01698,891,images/img01698.jpg,21.0,31.419209018149303,10.419209018149305,validation
img01699,891,images/img01699.jpg,21.0,23.990363370354288,2.990363370354288,validation
img01724,904,images/img01724.jpg,13.0,19.47876757555835,6.478767575558351,validation
img01725,904,images/img01725.jpg,13.0,21.569840763811783,8.569840763811783,validation
img01765,928,images/img01765.jpg,82.0,70.49270311914073,11.507296880859272,validation
img01766,928,images/img01766.jpg,82.0,65.23098546873389,16.76901453126611,validation
img01790,941,images/img01790.jpg,77.0,70.00497013692264,6.995029863077363,validation
img01791,941,images/img01791.jpg,77.0,57.1864663064135,19.8135336935865,validation
img01794,943,images/img01794.jpg,62.0,67.00078663572262,5.000786635722619,validation
img01795,943,images/img01795.jpg,62.0,58.250035598739686,3.749964401260314,validation
img01827,961,images/img01827.jpg,41.0,23.68997435765493,17.310025642345074,validation
img01828,961,images/img01828.jpg,41.0,26.138102495469933,14.861897504530068,validation
img01854,975,images/img01854.jpg,53.0,67.52960182233008,14.52960182233008,validation
img01855,975,images/img01855.jpg,53.0,65.00165136164057,12.001651361640567,validation
img01862,979,images/img01862.jpg,55.0,51.29712300542302,3.7028769945769824,validation
img01883,993,images/img01883.jpg,69.0,59.347249064141074,9.652750935858926,validation
img01884,993,images/img01884.jpg,69.0,71.59193591792142,2.5919359179214183,validation
img01892,998,images/img01892.jpg,71.0,66.68390650267041,4.3160934973295895,validation
img01893,998,images/img01893.jpg,71.0,69.95096092707448,1.049039072925524,validation
img01911,1008,images/img01911.jpg,81.0,71.28180993527891,9.718190064721083,validation
img01912,1008,images/img01912.jpg,81.0,69.2199073042689,11.7800926957311,validation
img01918,1012,images/img01918.jpg,58.0,48.06409998896092,9.93590001103908,validation
img01919,1012,images/img01919.jpg,58.0,58.23828863376907,0.2382886337690735,validation
img01932,1019,images/img01932.jpg,59.0,58.116949770900376,0.8830502290996236,validation
img01933,1019,images/img01933.jpg,59.0,43.56921016477308,15.430789835226918,validation
img01939,1023,images/img01939.jpg,32.0,36.025031373109634,4.025031373109634,validation
img01940,1023,images/img01940.jpg,32.0,28.966242932454843,3.0337570675451566,validation
img01947,1027,images/img01947.jpg,59.0,61.082944116373206,2.0829441163732056,validation
img01948,1027,images/img01948.jpg,59.0,51.25602825901368,7.743971740986325,validation
img01951,1029,images/img01951.jpg,33.0,25.658955889188483,7.3410441108115165,validation
img01952,1029,images/img01952.jpg,33.0,33.11245587642511,0.1124558764251091,validation
img01979,1045,images/img01979.jpg,55.0,51.512435679488334,3.487564320511666,validation
img01980,1045,images/img01980.jpg,55.0,57.55943769279305,2.559437692793047,validation
img02010,1061,images/img02010.jpg,76.0,77.54168260956382,1.5416826095638214,validation
img02027,1070,images/img02027.jpg,37.0,30.96932348977719,6.030676510222811,validation
img02028,1070,images/img02028.jpg,37.0,50.08860831475973,13.088608314759732,validation
img02087,1103,images/img02087.jpg,69.0,52.97374241704188,16.026257582958117,validation
img02088,1103,images/img02088.jpg,69.0,65.39300982644707,3.60699017355293,validation
img02097,1108,images/img02097.jpg,55.0,59.76950424985335,4.769504249853348,validation
img02098,1108,images/img02098.jpg,55.0,58.9513285758946,3.9513285758946,validation
img02121,1121,images/img02121.jpg,36.0,26.69501180682374,9.30498819317626,validation
img02122,1121,images/img02122.jpg,36.0,34.36309375913577,1.636906240864228,validation
img02171,1146,images/img02171.jpg,49.0,45.1454912353627,3.854508764637302,validation
img02172,1146,images/img02172.jpg,49.0,53.04242469965158,4.042424699651583,validation
img02179,1150,images/img02179.jpg,34.0,30.8652181803134,3.134781819686601,validation
img02180,1150,images/img02180.jpg,34.0,44.70299677389299,10.702996773892991,validation
img02187,1154,images/img02187.jpg,45.0,46.552132215587605,1.552132215587605,validation
img02188,1154,images/img02188.jpg,45.0,54.78287454071768,9.782874540717678,validation
img02189,1155,images/img02189.jpg,40.0,54.80431485121412,14.804314851214125,validation
img02206,1164,images/img02206.jpg,56.0,59.17646219690638,3.176462196906378,validation
img02207,1164,images/img02207.jpg,56.0,59.55295700477821,3.5529570047782144,validation
img02219,1171,images/img02219.jpg,77.0,81.97093513547006,4.970935135470057,validation
img02220,1171,images/img02220.jpg,77.0,71.53065451770802,5.469345482291985,validation
img02226,1175,images/img02226.jpg,76.0,62.88424429387917,13.11575570612083,validation
img02227,1175,images/img02227.jpg,76.0,62.30720285924295,13.692797140757053,validation
img02232,1178,images/img02232.jpg,89.0,71.41553949592613,17.584460504073874,validation
img02233,1178,images/img02233.jpg,89.0,68.08585676742427,20.914143232575725,validation
img02247,1186,images/img02247.jpg,40.0,44.63180608728808,4.631806087288084,validation
img02248,1186,images/img02248.jpg,40.0,44.07782506494608,4.077825064946076,validation
img02257,1191,images/img02257.jpg,79.0,81.563749186759,2.563749186758997,validation
img02258,1191,images/img02258.jpg,79.0,66.12131620157267,12.878683798427332,validation
img02279,1202,images/img02279.jpg,35.0,30.51300554107301,4.48699445892699,validation
img02280,1202,images/img02280.jpg,35.0,33.055672153636166,1.9443278463638336,validation
img02286,1206,images/img02286.jpg,31.0,27.647869416990066,3.352130583009938,validation
img02297,1212,images/img02297.jpg,51.0,65.14787113826827,14.147871138268272,validation
img02298,1212,images/img02298.jpg,51.0,63.27259103797577,12.272591037975772,validation
img02338,1233,images/img02338.jpg,19.0,22.098084470552507,3.0980844705525072,validation
img02375,1252,images/img02375.jpg,29.0,38.07055630725179,9.070556307251792,validation
img02376,1252,images/img02376.jpg,29.0,25.257220811420066,3.742779188579938,validation
img02383,1256,images/img02383.jpg,18.0,24.484097981783528,6.484097981783528,validation
img02408,1269,images/img02408.jpg,63.0,61.44170587126196,1.5582941287380407,validation
img02426,1278,images/img02426.jpg,75.0,69.91243511353936,5.08756488646064,validation
img02445,1288,images/img02445.jpg,63.0,66.18937029257313,3.1893702925731304,validation
img02446,1288,images/img02446.jpg,63.0,46.78116585950672,16.218834140493286,validation
img02453,1292,images/img02453.jpg,63.0,57.42000444407227,5.579995555927731,validation
img02454,1292,images/img02454.jpg,63.0,71.0161557742506,8.016155774250606,validation
img02457,1294,images/img02457.jpg,61.0,68.99332317138163,7.993323171381633,validation
img02458,1294,images/img02458.jpg,61.0,43.106726995292846,17.893273004707154,validation
img02479,1305,images/img02479.jpg,80.0,73.3880840517433,6.611915948256694,validation
img02480,1305,images/img02480.jpg,80.0,73.39505305240826,6.604946947591742,validation
img02487,1309,images/img02487.jpg,44.0,46.46824682354607,2.4682468235460675,validation
img02488,1309,images/img02488.jpg,44.0,36.46488764794264,7.535112352057361,validation
img02555,1345,images/img02555.jpg,78.0,77.61822164973069,0.3817783502693146,validation
img02556,1345,images/img02556.jpg,78.0,73.15779075277442,4.842209247225583,validation
img02569,1352,images/img02569.jpg,73.0,68.50843122934072,4.491568770659285,validation
img02570,1352,images/img02570.jpg,73.0,62.09912093234642,10.900879067653577,validation
img02571,1353,images/img02571.jpg,82.0,69.24589982271144,12.754100177288564,validation
img02572,1353,images/img02572.jpg,82.0,80.38647230541432,1.6135276945856845,validation
img02614,1377,images/img02614.jpg,63.0,61.00503172501896,1.994968274981041,validation
img02615,1377,images/img02615.jpg,63.0,55.87259012755741,7.127409872442591,validation
img02634,1387,images/img02634.jpg,75.0,72.39719903700961,2.6028009629903863,validation
img02635,1387,images/img02635.jpg,75.0,59.557112230526805,15.442887769473195,validation
img02636,1388,images/img02636.jpg,52.0,54.79882199176983,2.798821991769828,validation
img02637,1388,images/img02637.jpg,52.0,50.98556832311368,1.0144316768863175,validation
img02642,1391,images/img02642.jpg,64.0,62.43640584128924,1.5635941587107638,validation
img02643,1391,images/img02643.jpg,64.0,62.45777580741277,1.542224192587227,validation
img02655,1398,images/img02655.jpg,64.0,59.12322841107587,4.876771588924129,validation
img02666,1405,images/img02666.jpg,68.0,59.24410839960501,8.755891600394989,validation
img02669,1407,images/img02669.jpg,62.0,82.84025198649158,20.84025198649158,validation
img02670,1407,images/img02670.jpg,62.0,65.17397162714364,3.173971627143644,validation
img02759,1455,images/img02759.jpg,59.0,54.78109466449151,4.218905335508488,validation
img02775,1465,images/img02775.jpg,67.0,52.313570838088765,14.686429161911237,validation
img02776,1465,images/img02776.jpg,67.0,51.51207359682468,15.487926403175322,validation
img02845,1502,images/img02845.jpg,68.0,63.97395551827717,4.026044481722828,validation
img02847,1502,images/img02847.jpg,68.0,65.24707960688924,2.752920393110756,validation
img02872,1518,images/img02872.jpg,89.0,88.51741150658499,0.4825884934150082,validation
img02873,1518,images/img02873.jpg,89.0,78.5196198972405,10.480380102759495,validation
img02949,1559,images/img02949.jpg,59.0,70.16122625605726,11.161226256057262,validation
img02950,1559,images/img02950.jpg,59.0,56.06866361563208,2.931336384367924,validation
img02960,1565,images/img02960.jpg,52.0,44.22689842377094,7.77310157622906,validation
img02961,1565,images/img02961.jpg,52.0,43.0867306530093,8.913269346990703,validation
img02962,1566,images/img02962.jpg,44.0,52.11534639358821,8.115346393588204,validation
img02963,1566,images/img02963.jpg,44.0,60.72512028645658,16.72512028645658,validation
img03013,1594,images/img03013.jpg,64.0,65.29177554894736,1.2917755489473564,validation
img03014,1594,images/img03014.jpg,64.0,55.04239074623075,8.957609253769249,validation
img03027,1601,images/img03027.jpg,56.0,54.46400567954144,1.535994320458563,validation
img03035,1606,images/img03035.jpg,61.0,62.08108114517914,1.081081145179141,validation
img03036,1606,images/img03036.jpg,61.0,66.17309620369639,5.173096203696389,validation
img03043,1610,images/img03043.jpg,69.0,70.1931658731893,1.193165873189301,validation
img03044,1610,images/img03044.jpg,69.0,66.31534343182298,2.6846565681770187,validation
img03090,1638,images/img03090.jpg,73.0,74.88173829473072,1.881738294730724,validation
img03091,1638,images/img03091.jpg,73.0,77.99100538295266,4.991005382952665,validation
img03095,1640,images/img03095.jpg,54.0,62.04473109945726,8.044731099457259,validation
img03098,1642,images/img03098.jpg,68.0,68.99625473222473,0.9962547322247276,validation
img03099,1642,images/img03099.jpg,68.0,66.51913816910856,1.480861830891442,validation
img03107,1647,images/img03107.jpg,88.0,52.20098057945857,35.79901942054143,validation
img03108,1647,images/img03108.jpg,88.0,54.14072093672319,33.85927906327681,validation
img03120,1655,images/img03120.jpg,72.0,73.64627734680151,1.6462773468015115,validation
img03121,1655,images/img03121.jpg,72.0,64.7344905222995,7.265509477700505,validation
img03124,1657,images/img03124.jpg,47.0,62.91041185529616,15.910411855296154,validation
img03125,1657,images/img03125.jpg,47.0,56.48395777576819,9.48395777576819,validation
img03136,1664,images/img03136.jpg,76.0,76.82608511781046,0.8260851178104645,validation
img03137,1664,images/img03137.jpg,76.0,69.6954734364998,6.304526563500204,validation
img03142,1667,images/img03142.jpg,71.0,82.26322091265446,11.26322091265446,validation
img03143,1667,images/img03143.jpg,71.0,74.77723273123814,3.777232731238144,validation
img03180,1688,images/img03180.jpg,66.0,47.38143020739164,18.61856979260836,validation
img03181,1688,images/img03181.jpg,66.0,66.98541884411546,0.9854188441154575,validation
img03214,1706,images/img03214.jpg,69.0,76.94815932476341,7.9481593247634095,validation
img03215,1706,images/img03215.jpg,69.0,82.39538980977247,13.395389809772468,validation
img03237,1718,images/img03237.jpg,81.0,60.82648107476648,20.173518925233523,validation
img03238,1718,images/img03238.jpg,81.0,76.02352889381623,4.976471106183766,validation
img03243,1721,images/img03243.jpg,70.0,60.05635060750466,9.943649392495338,validation
img03244,1721,images/img03244.jpg,70.0,58.95958831400665,11.040411685993348,validation
img03263,1732,images/img03263.jpg,56.0,60.098618578086985,4.098618578086985,validation
img03264,1732,images/img03264.jpg,56.0,54.29740539310526,1.702594606894742,validation
img03290,1746,images/img03290.jpg,61.0,55.80780405071853,5.192195949281469,validation
img03291,1746,images/img03291.jpg,61.0,53.3994308443963,7.600569155603701,validation
img03314,1758,images/img03314.jpg,47.0,36.81389825495262,10.18610174504738,validation
img03315,1758,images/img03315.jpg,47.0,46.08721480362159,0.9127851963784082,validation
img03358,1783,images/img03358.jpg,60.0,53.18690168080784,6.813098319192164,validation
img03361,1784,images/img03361.jpg,62.0,58.60219909234745,3.3978009076525524,validation
img03368,1788,images/img03368.jpg,77.0,69.63591956321179,7.364080436788214,validation
img03369,1788,images/img03369.jpg,77.0,79.1080565749828,2.108056574982797,validation
img03370,1789,images/img03370.jpg,61.0,69.08273577709609,8.08273577709609,validation
img03371,1789,images/img03371.jpg,61.0,75.24005835239424,14.240058352394245,validation
img03412,1811,images/img03412.jpg,71.0,65.04015536296704,5.959844637032958,validation
img03413,1811,images/img03413.jpg,71.0,62.052016377147694,8.947983622852306,validation
img03432,1822,images/img03432.jpg,77.0,77.30891144369184,0.3089114436918407,validation
img03433,1822,images/img03433.jpg,77.0,69.76997739759925,7.230022602400751,validation
img03437,1825,images/img03437.jpg,57.0,59.267081563064615,2.2670815630646146,validation
img03438,1825,images/img03438.jpg,57.0,59.55772051849564,2.557720518495642,validation
img03474,1847,images/img03474.jpg,31.0,30.990509688042813,0.0094903119571867,validation
img03475,1847,images/img03475.jpg,31.0,26.116935928192092,4.883064071807905,validation
img03487,1854,images/img03487.jpg,75.0,67.01830074866135,7.981699251338654,validation
img03488,1854,images/img03488.jpg,75.0,73.52462411547559,1.4753758845244107,validation
img03493,1857,images/img03493.jpg,73.0,82.0258146524435,9.0258146524435,validation
img03494,1857,images/img03494.jpg,73.0,79.09331588437442,6.09331588437442,validation
img03515,1870,images/img03515.jpg,65.0,62.75333886894744,2.246661131052562,validation
img03516,1870,images/img03516.jpg,65.0,68.47400502042211,3.474005020422112,validation
img03517,1871,images/img03517.jpg,67.0,67.09003564987218,0.0900356498721777,validation
img03518,1871,images/img03518.jpg,67.0,63.02126695272792,3.97873304727208,validation
img03540,1883,images/img03540.jpg,65.0,73.2063305513026,8.2063305513026,validation
img03541,1883,images/img03541.jpg,65.0,56.72261053554056,8.27738946445944,validation
img03632,1930,images/img03632.jpg,79.0,70.52206780504116,8.47793219495884,validation
img03633,1930,images/img03633.jpg,79.0,67.47930286917398,11.520697130826022,validation
img03653,1941,images/img03653.jpg,73.0,47.36492163727186,25.635078362728137,validation
img03701,1965,images/img03701.jpg,66.0,64.19700825458337,1.8029917454166335,validation
img03702,1965,images/img03702.jpg,66.0,61.012457418802605,4.987542581197396,validation
img03736,1984,images/img03736.jpg,69.0,63.38649548217737,5.6135045178226335,validation
img03737,1984,images/img03737.jpg,69.0,68.36017037528822,0.6398296247117798,validation
img03743,1988,images/img03743.jpg,60.0,63.09890260168487,3.0989026016848698,validation
img03744,1988,images/img03744.jpg,60.0,66.13006725968465,6.130067259684651,validation
img03757,1995,images/img03757.jpg,70.0,73.95699007785682,3.956990077856816,validation
img03758,1995,images/img03758.jpg,70.0,77.09745516811654,7.097455168116539,validation
img03759,1996,images/img03759.jpg,84.0,73.66032659039556,10.339673409604444,validation
img03796,2017,images/img03796.jpg,37.0,34.59569478978025,2.404305210219753,validation
img03797,2017,images/img03797.jpg,37.0,54.21591334565829,17.215913345658286,validation
img03814,2026,images/img03814.jpg,16.0,36.28513323642507,20.285133236425068,validation
img03815,2026,images/img03815.jpg,16.0,19.45692046737051,3.4569204673705087,validation
img03858,2048,images/img03858.jpg,23.0,31.56043434430046,8.560434344300461,validation
img03859,2048,images/img03859.jpg,23.0,29.446534679690625,6.446534679690625,validation
img03874,2056,images/img03874.jpg,29.0,27.876840896114512,1.123159103885488,validation
img03875,2056,images/img03875.jpg,29.0,45.67531850845171,16.67531850845171,validation
img03894,2066,images/img03894.jpg,38.0,37.4749586814084,0.5250413185916045,validation
img03895,2066,images/img03895.jpg,38.0,37.46204803510609,0.5379519648939066,validation
img03933,2086,images/img03933.jpg,38.0,45.154080883130646,7.154080883130646,validation
img03934,2086,images/img03934.jpg,38.0,44.71776145793088,6.717761457930884,validation
img03947,2093,images/img03947.jpg,63.0,66.48318728680505,3.483187286805048,validation
img04017,2132,images/img04017.jpg,71.0,63.31909630274174,7.680903697258259,validation
img04024,2136,images/img04024.jpg,45.0,48.02323481604766,3.023234816047662,validation
img04025,2136,images/img04025.jpg,45.0,48.831619262194245,3.831619262194245,validation
img04033,2141,images/img04033.jpg,68.0,66.75876927460222,1.2412307253977843,validation
img04034,2141,images/img04034.jpg,68.0,77.6015658472025,9.601565847202494,validation
img04053,2151,images/img04053.jpg,46.0,44.559109267675616,1.4408907323243838,validation
img04054,2151,images/img04054.jpg,46.0,62.86556704491397,16.865567044913973,validation
img04096,2173,images/img04096.jpg,72.0,70.10505436572106,1.8949456342789404,validation
img04097,2173,images/img04097.jpg,72.0,74.35852230208475,2.3585223020847508,validation
img04119,2185,images/img04119.jpg,49.0,53.541501120980186,4.541501120980186,validation
img04120,2185,images/img04120.jpg,49.0,44.9059920937314,4.094007906268601,validation
img04180,2216,images/img04180.jpg,50.0,48.95390941001287,1.046090589987131,validation
img04181,2216,images/img04181.jpg,50.0,55.32680504261714,5.3268050426171385,validation
img04197,2226,images/img04197.jpg,47.0,53.20097709905226,6.20097709905226,validation
img04199,2228,images/img04199.jpg,64.0,49.98043993612893,14.019560063871076,validation
img04200,2228,images/img04200.jpg,64.0,58.24166925345784,5.758330746542164,validation
img04203,2230,images/img04203.jpg,22.0,27.18281131627823,5.182811316278229,validation
img04204,2230,images/img04204.jpg,22.0,26.9028450745416,4.902845074541602,validation
img04215,2236,images/img04215.jpg,72.0,60.375367519047145,11.624632480952856,validation
img04216,2236,images/img04216.jpg,72.0,67.44926527663655,4.550734723363448,validation
img04219,2238,images/img04219.jpg,63.0,62.95754967411309,0.0424503258869108,validation
img04220,2238,images/img04220.jpg,63.0,68.9606332142719,5.960633214271894,validation
img04278,2269,images/img04278.jpg,54.0,56.53043434384715,2.530434343847148,validation
img04279,2269,images/img04279.jpg,54.0,55.47829069539284,1.478290695392836,validation
img04284,2272,images/img04284.jpg,56.0,57.34016508040975,1.3401650804097471,validation
img04285,2272,images/img04285.jpg,56.0,51.52478793324909,4.475212066750906,validation
img04304,2283,images/img04304.jpg,64.0,58.81600045300566,5.183999546994343,validation
img04305,2283,images/img04305.jpg,64.0,62.12031312896943,1.879686871030572,validation
img04319,2292,images/img04319.jpg,73.0,69.43735648417187,3.562643515828128,validation
img04320,2292,images/img04320.jpg,73.0,61.12510002673357,11.87489997326643,validation
img04340,2303,images/img04340.jpg,77.0,75.16463827853131,1.8353617214686864,validation
img04349,2308,images/img04349.jpg,77.0,76.54638934746114,0.4536106525388561,validation
img04350,2308,images/img04350.jpg,77.0,79.65259618280892,2.652596182808921,validation
img04351,2309,images/img04351.jpg,84.0,88.04102196347742,4.041021963477419,validation
img04352,2309,images/img04352.jpg,84.0,84.78472313916063,0.7847231391606329,validation
img04359,2313,images/img04359.jpg,29.0,32.07057609907923,3.070576099079233,validation
img04360,2313,images/img04360.jpg,29.0,27.021281005091065,1.9787189949089343,validation
img04363,2315,images/img04363.jpg,43.0,73.36627620553104,30.36627620553104,validation
img04364,2315,images/img04364.jpg,43.0,61.17150713656059,18.171507136560592,validation
img04395,2332,images/img04395.jpg,63.0,66.23687401119024,3.2368740111902383,validation
img04396,2332,images/img04396.jpg,63.0,61.88845916647136,1.1115408335286432,validation
img04425,2348,images/img04425.jpg,65.0,78.2459377528171,13.2459377528171,validation
img04426,2348,images/img04426.jpg,65.0,71.16343071647195,6.16343071647195,validation
img04449,2360,images/img04449.jpg,52.0,46.95774659466514,5.042253405334861,validation
img04450,2360,images/img04450.jpg,52.0,65.70106364926744,13.70106364926744,validation
img04470,2371,images/img04470.jpg,33.0,36.87746993707469,3.877469937074693,validation
img04471,2371,images/img04471.jpg,33.0,28.965145778359545,4.034854221640455,validation
img04530,2401,images/img04530.jpg,74.0,67.38712229418132,6.612877705818676,validation
img04531,2401,images/img04531.jpg,74.0,75.16274934126187,1.162749341261872,validation
img04534,2403,images/img04534.jpg,77.0,73.32284264504878,3.67715735495122,validation
img04535,2403,images/img04535.jpg,77.0,73.57375284363741,3.426247156362592,validation
img04562,2418,images/img04562.jpg,68.0,65.44177756255567,2.5582224374443285,validation
img04563,2418,images/img04563.jpg,68.0,70.04728254988008,2.04728254988008,validation
img04590,2432,images/img04590.jpg,40.0,61.11129099008733,21.111290990087333,validation
img04591,2432,images/img04591.jpg,40.0,44.8249793695696,4.824979369569597,validation
img04597,2436,images/img04597.jpg,29.0,45.89083294544707,16.890832945447073,validation
img04598,2436,images/img04598.jpg,29.0,38.52260342550152,9.522603425501517,validation
img04600,2437,images/img04600.jpg,50.0,41.79371164888392,8.20628835111608,validation
img04651,2463,images/img04651.jpg,77.0,71.57010080644834,5.429899193551663,validation
img04652,2463,images/img04652.jpg,77.0,69.64908759357621,7.350912406423788,validation
img04669,2472,images/img04669.jpg,69.0,69.90686645666999,0.906866456669988,validation
img04670,2472,images/img04670.jpg,69.0,65.55782178442622,3.442178215573776,validation
img04687,2481,images/img04687.jpg,49.0,73.92868873712825,24.92868873712825,validation
img04688,2481,images/img04688.jpg,49.0,62.49192391067104,13.491923910671034,validation
img04743,2509,images/img04743.jpg,39.0,50.99138782038256,11.991387820382563,validation
img04744,2509,images/img04744.jpg,39.0,56.77990520931723,17.779905209317228,validation
img04747,2511,images/img04747.jpg,58.0,67.51756802681568,9.51756802681568,validation
img04748,2511,images/img04748.jpg,58.0,65.26410839818541,7.264108398185414,validation
img04763,2519,images/img04763.jpg,56.0,70.45931626196449,14.459316261964489,validation
img04764,2519,images/img04764.jpg,56.0,55.42693289583287,0.57306710416713,validation
img04841,2558,images/img04841.jpg,77.0,72.62836482432465,4.371635175675351,validation
img04842,2558,images/img04842.jpg,77.0,65.29277836524022,11.707221634759776,validation
img04899,2589,images/img04899.jpg,56.0,50.86888227700348,5.131117722996521,validation
img04900,2589,images/img04900.jpg,56.0,52.538004832507966,3.4619951674920344,validation
img04909,2594,images/img04909.jpg,60.0,80.58769429268915,20.58769429268915,validation
img04910,2594,images/img04910.jpg,60.0,67.46781219765505,7.46781219765505,validation
img04937,2608,images/img04937.jpg,42.0,45.51491043539979,3.5149104353997918,validation
img04938,2608,images/img04938.jpg,42.0,34.37098541622679,7.629014583773213,validation
img04948,2614,images/img04948.jpg,70.0,78.56613225097428,8.566132250974277,validation
img04949,2614,images/img04949.jpg,70.0,71.35386656656738,1.353866566567376,validation
img04954,2617,images/img04954.jpg,42.0,46.5367033497962,4.536703349796198,validation
img04957,2619,images/img04957.jpg,89.0,85.3173074754235,3.682692524576496,validation
img04958,2619,images/img04958.jpg,89.0,84.95618673016882,4.043813269831176,validation
img04961,2621,images/img04961.jpg,60.0,55.07767553821249,4.922324461787511,validation
img05037,2660,images/img05037.jpg,68.0,65.52240530123473,2.477594698765273,validation
img05038,2660,images/img05038.jpg,68.0,64.1274502117962,3.8725497882037994,validation
img05041,2662,images/img05041.jpg,57.0,64.09070209326639,7.090702093266387,validation
img05042,2662,images/img05042.jpg,57.0,67.66745279980248,10.667452799802476,validation
img05049,2666,images/img05049.jpg,49.0,51.63701229207912,2.6370122920791204,validation
img05050,2666,images/img05050.jpg,49.0,56.10162540739217,7.10162540739217,validation
img05055,2669,images/img05055.jpg,50.0,51.82331527393984,1.8233152739398408,validation
img05056,2669,images/img05056.jpg,50.0,59.68569956298384,9.685699562983835,validation
img05082,2683,images/img05082.jpg,31.0,25.07532007857094,5.92467992142906,validation
img05083,2683,images/img05083.jpg,31.0,37.28681529444249,6.286815294442491,validation
img05084,2684,images/img05084.jpg,71.0,69.36200948120795,1.6379905187920514,validation
img05085,2684,images/img05085.jpg,71.0,71.74083259785618,0.7408325978561834,validation
img05100,2692,images/img05100.jpg,13.0,33.82390468609248,20.82390468609248,validation
img05101,2692,images/img05101.jpg,13.0,43.87756499607288,30.87756499607288,validation
img05102,2693,images/img05102.jpg,58.0,62.407338346731706,4.407338346731706,validation
img05103,2693,images/img05103.jpg,58.0,51.21269230816513,6.787307691834869,validation
img05115,2700,images/img05115.jpg,55.0,66.44992912165986,11.449929121659864,validation
img05126,2706,images/img05126.jpg,60.0,75.73068036164855,15.730680361648552,validation
img05127,2706,images/img05127.jpg,60.0,61.96132503070089,1.9613250307008911,validation
img05132,2709,images/img05132.jpg,54.0,54.18077278690627,0.1807727869062674,validation
img05133,2709,images/img05133.jpg,54.0,49.58723397724943,4.412766022750567,validation
img05135,2711,images/img05135.jpg,21.0,57.50339715285083,36.50339715285083,validation
img05136,2711,images/img05136.jpg,21.0,52.77594658244137,31.77594658244137,validation
img05143,2715,images/img05143.jpg,36.0,47.41436337062787,11.414363370627868,validation
img05144,2715,images/img05144.jpg,36.0,46.60273435844401,10.60273435844401,validation
img05153,2720,images/img05153.jpg,23.0,49.14935443382569,26.14935443382569,validation
img05154,2720,images/img05154.jpg,23.0,37.47221906800145,14.47221906800145,validation
img05175,2731,images/img05175.jpg,34.0,29.7486817564075,4.2513182435925,validation
img05176,2731,images/img05176.jpg,34.0,32.71430890698027,1.2856910930197287,validation
img05186,2737,images/img05186.jpg,28.0,22.7204304078683,5.2795695921317005,validation
img05187,2737,images/img05187.jpg,28.0,27.69016328957016,0.3098367104298418,validation
img05198,2743,images/img05198.jpg,74.0,72.19424079792591,1.8057592020740856,validation
img05199,2743,images/img05199.jpg,74.0,73.91357723897276,0.0864227610272365,validation
img05210,2749,images/img05210.jpg,63.0,63.904971136577615,0.9049711365776149,validation
img05211,2749,images/img05211.jpg,63.0,60.740686023857286,2.259313976142714,validation
img05241,2765,images/img05241.jpg,37.0,39.73432832797345,2.7343283279734507,validation
img05242,2765,images/img05242.jpg,37.0,41.29265358839911,4.292653588399105,validation
img05243,2766,images/img05243.jpg,47.0,53.22145303727359,6.221453037273591,validation
img05244,2766,images/img05244.jpg,47.0,60.35703735685215,13.357037356852151,validation
img05271,2780,images/img05271.jpg,75.0,70.24082663970871,4.759173360291285,validation
img05272,2780,images/img05272.jpg,75.0,67.98000102821601,7.019998971783991,validation
img05273,2781,images/img05273.jpg,74.0,81.72052443645958,7.720524436459584,validation
img05274,2781,images/img05274.jpg,74.0,75.16573107018488,1.1657310701848758,validation
img05295,2792,images/img05295.jpg,59.0,43.60979941324686,15.39020058675314,validation
img05296,2792,images/img05296.jpg,59.0,61.2819668877105,2.281966887710503,validation
img05299,2794,images/img05299.jpg,35.0,35.27820316100549,0.2782031610054929,validation
img05300,2794,images/img05300.jpg,35.0,31.28154780689221,3.718452193107794,validation
img05304,2796,images/img05304.jpg,66.0,72.59010402912467,6.590104029124674,validation
img05305,2797,images/img05305.jpg,27.0,48.22476108363322,21.22476108363322,validation
img05306,2797,images/img05306.jpg,27.0,40.37168978972665,13.371689789726652,validation
img05313,2801,images/img05313.jpg,64.0,53.145913268915685,10.854086731084315,validation
img05314,2801,images/img05314.jpg,64.0,54.134861359520905,9.865138640479095,validation
img05336,2813,images/img05336.jpg,69.0,73.27113789504492,4.271137895044916,validation
img05339,2814,images/img05339.jpg,75.0,76.01868440227418,1.0186844022741752,validation
img05342,2816,images/img05342.jpg,73.0,72.6445222178851,0.3554777821149031,validation
img05343,2816,images/img05343.jpg,73.0,71.85992725710699,1.140072742893011,validation
img05358,2824,images/img05358.jpg,24.0,26.10289322826065,2.1028932282606547,validation
img05439,2865,images/img05439.jpg,58.0,51.85408248485673,6.145917515143268,validation
img05440,2865,images/img05440.jpg,58.0,55.867183290011,2.132816709989001,validation
img05445,2868,images/img05445.jpg,67.0,59.865699634501375,7.134300365498625,validation
img05446,2868,images/img05446.jpg,67.0,64.15636174906186,2.8436382509381417,validation
img05450,2871,images/img05450.jpg,67.0,80.60406871772571,13.60406871772571,validation
img05451,2871,images/img05451.jpg,67.0,70.80822544220423,3.808225442204233,validation
img05457,2874,images/img05457.jpg,69.0,73.1429682663836,4.142968266383605,validation
img05460,2876,images/img05460.jpg,69.0,53.13839187406657,15.86160812593343,validation
img05461,2876,images/img05461.jpg,69.0,66.21411515268066,2.7858848473193376,validation
img05477,2885,images/img05477.jpg,69.0,70.82053625276855,1.820536252768548,validation
img05478,2885,images/img05478.jpg,69.0,66.28130111777669,2.718698882223308,validation
img05489,2892,images/img05489.jpg,56.0,60.39366796210785,4.393667962107848,validation
img05504,2900,images/img05504.jpg,76.0,71.75978631656608,4.240213683433922,validation
img05505,2900,images/img05505.jpg,76.0,72.33206887257921,3.667931127420786,validation
img05522,2909,images/img05522.jpg,68.0,71.5170796896522,3.5170796896522063,validation
img05523,2909,images/img05523.jpg,68.0,64.42768490311934,3.572315096880658,validation
img05546,2921,images/img05546.jpg,82.0,81.66371017657853,0.3362898234214668,validation
img05547,2921,images/img05547.jpg,82.0,80.12036772227731,1.879632277722692,validation
img05552,2924,images/img05552.jpg,38.0,42.67508737945981,4.675087379459804,validation
img05560,2928,images/img05560.jpg,57.0,57.87340787272136,0.8734078727213586,validation
img05561,2928,images/img05561.jpg,57.0,48.19674875466933,8.80325124533067,validation
img05563,2929,images/img05563.jpg,79.0,73.25893941735517,5.741060582644835,validation
img05603,2951,images/img05603.jpg,66.0,64.19386129817981,1.8061387018201884,validation
img05650,2975,images/img05650.jpg,53.0,53.41250371900046,0.4125037190004619,validation
img05651,2975,images/img05651.jpg,53.0,71.78831995731679,18.788319957316787,validation
img05689,2996,images/img05689.jpg,48.0,41.2950681998971,6.704931800102898,validation
img05690,2996,images/img05690.jpg,48.0,45.61632411831568,2.3836758816843258,validation
img05697,3000,images/img05697.jpg,89.0,85.55285315423627,3.4471468457637258,validation
img05698,3000,images/img05698.jpg,89.0,82.86862094506697,6.131379054933035,validation
img05706,3004,images/img05706.jpg,46.0,62.574597089216624,16.574597089216624,validation
img05707,3005,images/img05707.jpg,35.0,30.34171208529232,4.658287914707678,validation
img05708,3005,images/img05708.jpg,35.0,30.00920023290822,4.990799767091779,validation
img05725,3014,images/img05725.jpg,84.0,78.29071821718375,5.709281782816248,validation
img05726,3014,images/img05726.jpg,84.0,74.71163578554254,9.28836421445746,validation
img05731,3017,images/img05731.jpg,73.0,75.14622877442734,2.1462287744273425,validation
img05732,3017,images/img05732.jpg,73.0,72.71809152584373,0.2819084741562676,validation
img05735,3019,images/img05735.jpg,87.0,77.57126432694037,9.428735673059634,validation
img05736,3019,images/img05736.jpg,87.0,71.79469021285419,15.205309787145808,validation
img05743,3023,images/img05743.jpg,82.0,75.62830039788929,6.371699602110709,validation
img05744,3023,images/img05744.jpg,82.0,81.74561065763255,0.2543893423674461,validation
img05747,3025,images/img05747.jpg,55.0,60.742378105943615,5.742378105943615,validation
img05748,3025,images/img05748.jpg,55.0,63.48647119523774,8.48647119523774,validation
img05753,3028,images/img05753.jpg,73.0,51.80755704379776,21.19244295620224,validation
img05754,3028,images/img05754.jpg,73.0,62.23481795421423,10.765182045785773,validation
img05757,3030,images/img05757.jpg,31.0,31.90732698585014,0.9073269858501404,validation
img05769,3036,images/img05769.jpg,65.0,60.08419580041974,4.915804199580258,validation
img05770,3036,images/img05770.jpg,65.0,65.5069589856764,0.5069589856764054,validation
img05771,3037,images/img05771.jpg,75.0,64.54206321755395,10.457936782446057,validation
img05772,3037,images/img05772.jpg,75.0,71.52238987184901,3.477610128150985,validation
img05804,3054,images/img05804.jpg,67.0,60.33604119745442,6.663958802545579,validation
img05805,3054,images/img05805.jpg,67.0,52.12652296930251,14.873477030697488,validation
img05931,3120,images/img05931.jpg,39.0,44.24196084445696,5.241960844456955,validation
img05932,3120,images/img05932.jpg,39.0,59.13815423280519,20.138154232805192,validation
img05983,3147,images/img05983.jpg,81.0,70.4078209091637,10.592179090836296,validation
img05989,3151,images/img05989.jpg,60.0,54.90634609228752,5.093653907712479,validation
img05990,3151,images/img05990.jpg,60.0,60.41795203930756,0.4179520393075577,validation
img06001,3157,images/img06001.jpg,62.0,55.27457270981646,6.725427290183539,validation
img06002,3157,images/img06002.jpg,62.0,58.84308112800741,3.156918871992588,validation
img06020,3168,images/img06020.jpg,68.0,70.07423589611383,2.0742358961138336,validation
img06021,3168,images/img06021.jpg,68.0,59.75930158925544,8.240698410744557,validation
img06043,3180,images/img06043.jpg,54.0,61.57205563017824,7.572055630178234,validation
img06044,3180,images/img06044.jpg,54.0,62.22089085898865,8.220890858988653,validation
img06065,3191,images/img06065.jpg,51.0,67.06127298093058,16.061272980930582,validation
img06066,3191,images/img06066.jpg,51.0,47.11279104560903,3.887208954390971,validation
img06166,3243,images/img06166.jpg,51.0,65.44040993707307,14.44040993707307,validation
img06182,3252,images/img06182.jpg,66.0,66.09014328357482,0.0901432835748181,validation
img06183,3252,images/img06183.jpg,66.0,63.10002320390447,2.8999767960955296,validation
img06198,3260,images/img06198.jpg,50.0,54.34313305263271,4.343133052632709,validation
img06199,3261,images/img06199.jpg,51.0,66.71567271274365,15.715672712743654,validation
img06200,3261,images/img06200.jpg,51.0,62.6815668869819,11.681566886981898,validation
img06201,3262,images/img06201.jpg,32.0,32.182797731383175,0.1827977313831752,validation
img06202,3262,images/img06202.jpg,32.0,44.40071009904074,12.400710099040737,validation
img06216,3271,images/img06216.jpg,67.0,68.10416920719973,1.1041692071997318,validation
img06239,3283,images/img06239.jpg,38.0,60.10052850960725,22.10052850960725,validation
img06244,3286,images/img06244.jpg,51.0,67.28319148238677,16.28319148238677,validation
img06245,3286,images/img06245.jpg,51.0,45.66250274525705,5.337497254742949,validation
img06282,3305,images/img06282.jpg,58.0,63.2190382485937,5.219038248593698,validation
img06283,3305,images/img06283.jpg,58.0,68.37424470292221,10.374244702922212,validation
img06299,3314,images/img06299.jpg,83.0,80.62033626293986,2.3796637370601417,validation
img06310,3320,images/img06310.jpg,44.0,48.69390679224681,4.693906792246807,validation
img06311,3320,images/img06311.jpg,44.0,63.16335931417308,19.16335931417308,validation
img06337,3334,images/img06337.jpg,53.0,60.00577600256168,7.0057760025616815,validation
img06338,3334,images/img06338.jpg,53.0,47.22929877691348,5.770701223086519,validation
img06392,3362,images/img06392.jpg,40.0,30.67320530753228,9.326794692467722,validation
img06393,3362,images/img06393.jpg,40.0,31.38948115897477,8.610518841025229,validation
img06462,3398,images/img06462.jpg,67.0,79.65836114955617,12.658361149556171,validation
img06463,3398,images/img06463.jpg,67.0,70.20602417019083,3.2060241701908296,validation
img06473,3404,images/img06473.jpg,42.0,41.29308547013045,0.7069145298695503,validation
img06474,3404,images/img06474.jpg,42.0,39.53249123641457,2.4675087635854283,validation
img06499,3417,images/img06499.jpg,64.0,65.21707473266481,1.2170747326648126,validation
img06558,3448,images/img06558.jpg,36.0,52.793900756689695,16.793900756689695,validation
img06559,3448,images/img06559.jpg,36.0,61.24405290662813,25.244052906628127,validation
img06572,3455,images/img06572.jpg,87.0,85.15832919264886,1.841670807351136,validation
img06573,3455,images/img06573.jpg,87.0,86.3316624266689,0.668337573331101,validation
img06587,3464,images/img06587.jpg,55.0,61.2804291270004,6.280429127000396,validation
img06588,3464,images/img06588.jpg,55.0,62.3270127071425,7.327012707142501,validation
img06616,3481,images/img06616.jpg,57.0,52.26648754979347,4.733512450206533,validation
img06617,3481,images/img06617.jpg,57.0,52.76686779589436,4.233132204105637,validation
img06639,3493,images/img06639.jpg,86.0,85.61127497389514,0.3887250261048649,validation
img06640,3493,images/img06640.jpg,86.0,82.22228812189437,3.7777118781056345,validation
img06656,3502,images/img06656.jpg,73.0,62.03517571615116,10.96482428384884,validation
img06657,3502,images/img06657.jpg,73.0,67.16840146251383,5.8315985374861725,validation
img06692,3521,images/img06692.jpg,75.0,81.87484363146575,6.874843631465751,validation
img06695,3523,images/img06695.jpg,85.0,80.97685681338942,4.023143186610582,validation
img06755,3555,images/img06755.jpg,49.0,60.75825739384373,11.758257393843728,validation
img06756,3555,images/img06756.jpg,49.0,63.52867236593106,14.528672365931058,validation
img06774,3565,images/img06774.jpg,58.0,62.06059402820088,4.060594028200875,validation
img06782,3569,images/img06782.jpg,25.0,34.58736688851615,9.58736688851615,validation
img06783,3569,images/img06783.jpg,25.0,32.961794588810235,7.9617945888102355,validation
img06834,3595,images/img06834.jpg,67.0,69.68933548098457,2.6893354809845675,validation
img06835,3595,images/img06835.jpg,67.0,66.47720746980255,0.5227925301974494,validation
img06906,3632,images/img06906.jpg,87.0,84.05092990294813,2.949070097051873,validation
img06907,3632,images/img06907.jpg,87.0,81.94625680259892,5.053743197401076,validation
img06908,3633,images/img06908.jpg,82.0,67.02333391580827,14.976666084191734,validation
img06909,3633,images/img06909.jpg,82.0,71.48107100499575,10.518928995004243,validation
img06910,3634,images/img06910.jpg,51.0,54.463014042005504,3.463014042005504,validation
img06911,3634,images/img06911.jpg,51.0,35.22617886214485,15.773821137855151,validation
img06924,3641,images/img06924.jpg,72.0,45.20751097883904,26.79248902116096,validation
img06925,3641,images/img06925.jpg,72.0,60.37239560561804,11.627604394381962,validation
img06939,3649,images/img06939.jpg,70.0,74.31379418701886,4.313794187018857,validation
img06971,3667,images/img06971.jpg,59.0,58.53826757694574,0.4617324230542579,validation
img06997,3681,images/img06997.jpg,75.0,70.32130060231677,4.678699397683232,validation
img06998,3681,images/img06998.jpg,75.0,72.76241720565994,2.2375827943400566,validation
img07005,3685,images/img07005.jpg,78.0,81.20188028274748,3.201880282747481,validation
img07006,3685,images/img07006.jpg,78.0,74.80705547352031,3.1929445264796925,validation
img07103,3737,images/img07103.jpg,80.0,80.62978531172877,0.6297853117287673,validation
img07104,3737,images/img07104.jpg,80.0,73.59710172239107,6.402898277608927,validation
img07129,3750,images/img07129.jpg,53.0,51.049539168654114,1.950460831345886,validation
img07130,3750,images/img07130.jpg,53.0,36.129335173672175,16.870664826327825,validation
img07135,3753,images/img07135.jpg,34.0,34.37391043340729,0.3739104334072891,validation
img07136,3753,images/img07136.jpg,34.0,38.1293467532369,4.129346753236902,validation
img07139,3755,images/img07139.jpg,80.0,79.47000836538719,0.5299916346128128,validation
img07140,3755,images/img07140.jpg,80.0,61.068244051003454,18.931755948996543,validation
img07151,3761,images/img07151.jpg,56.0,52.01817354933987,3.9818264506601295,validation
img07152,3761,images/img07152.jpg,56.0,63.49379518959853,7.493795189598529,validation
img07163,3768,images/img07163.jpg,37.0,35.331075954782776,1.6689240452172245,validation
img07164,3768,images/img07164.jpg,37.0,34.68663861254221,2.313361387457789,validation
img07167,3770,images/img07167.jpg,44.0,69.62579215473374,25.625792154733745,validation
img07168,3770,images/img07168.jpg,44.0,44.87573419788657,0.8757341978865725,validation
img07179,3776,images/img07179.jpg,28.0,29.36226539277678,1.3622653927767807,validation
img07180,3776,images/img07180.jpg,28.0,25.84684407331313,2.153155926686868,validation
img07277,3827,images/img07277.jpg,16.0,20.4980869854934,4.498086985493401,validation
img07281,3829,images/img07281.jpg,22.0,32.05909197122291,10.059091971222912,validation
img07282,3829,images/img07282.jpg,22.0,20.969359384450755,1.0306406155492454,validation
img07303,3840,images/img07303.jpg,34.0,51.93831578162629,17.938315781626294,validation
img07319,3848,images/img07319.jpg,22.0,18.04760749158549,3.952392508414505,validation
img07320,3848,images/img07320.jpg,22.0,19.46150539362958,2.538494606370421,validation
img07321,3849,images/img07321.jpg,29.0,33.53055665434662,4.5305566543466185,validation
img07341,3859,images/img07341.jpg,39.0,40.83202336604403,1.8320233660440264,validation
img07342,3859,images/img07342.jpg,39.0,32.72455846382678,6.2754415361732185,validation
img07373,3875,images/img07373.jpg,57.0,61.45266268897407,4.452662688974073,validation
img07374,3875,images/img07374.jpg,57.0,56.505557860693024,0.494442139306976,validation
img07398,3888,images/img07398.jpg,41.0,47.35210478346677,6.352104783466771,validation
img07399,3888,images/img07399.jpg,41.0,44.8868213435454,3.8868213435454,validation
img07436,3908,images/img07436.jpg,83.0,63.09285134969904,19.90714865030096,validation
img07437,3908,images/img07437.jpg,83.0,54.043612711143,28.956387288857,validation
img07444,3912,images/img07444.jpg,73.0,68.47073755156575,4.5292624484342525,validation
img07493,3937,images/img07493.jpg,71.0,82.05728966953123,11.05728966953123,validation
img07498,3940,images/img07498.jpg,72.0,66.21018023023947,5.789819769760527,validation
img07499,3940,images/img07499.jpg,72.0,65.86504019965516,6.134959800344845,validation
img07502,3942,images/img07502.jpg,35.0,38.49289519731477,3.4928951973147733,validation
img07503,3942,images/img07503.jpg,35.0,39.485732404723,4.485732404723002,validation
img07504,3943,images/img07504.jpg,69.0,64.52521710350524,4.474782896494759,validation
img07505,3943,images/img07505.jpg,69.0,69.11674973527113,0.1167497352711279,validation
img07542,3963,images/img07542.jpg,54.0,58.86470820554046,4.86470820554046,validation
img07583,3985,images/img07583.jpg,80.0,65.05897221006762,14.941027789932376,validation
img07584,3985,images/img07584.jpg,80.0,54.88656787209051,25.11343212790949,validation
img07611,3999,images/img07611.jpg,47.0,65.52836276072335,18.528362760723358,validation
img07612,3999,images/img07612.jpg,47.0,51.30371847201477,4.303718472014772,validation
img07647,4017,images/img07647.jpg,59.0,71.48774772206474,12.48774772206474,validation
img07648,4017,images/img07648.jpg,59.0,66.55339751463096,7.553397514630959,validation
img07655,4021,images/img07655.jpg,84.0,78.46104102967934,5.538958970320664,validation
img07673,4030,images/img07673.jpg,78.0,81.65508126683501,3.655081266835012,validation
img07674,4030,images/img07674.jpg,78.0,64.53532433569029,13.46467566430971,validation
img07692,4040,images/img07692.jpg,57.0,58.34834554069041,1.34834554069041,validation
img07715,4052,images/img07715.jpg,82.0,59.8388951565917,22.161104843408303,validation
img07716,4052,images/img07716.jpg,82.0,69.56280940224534,12.437190597754665,validation
img07721,4055,images/img07721.jpg,65.0,57.81471299147541,7.18528700852459,validation
img07722,4055,images/img07722.jpg,65.0,57.68947724120437,7.310522758795628,validation
img07732,4062,images/img07732.jpg,59.0,62.619403728233664,3.619403728233664,validation
img07733,4062,images/img07733.jpg,59.0,63.09939555760045,4.099395557600452,validation
img07778,4087,images/img07778.jpg,49.0,46.15153900694222,2.8484609930577776,validation
img07779,4087,images/img07779.jpg,49.0,57.08393784922751,8.08393784922751,validation
img07823,4110,images/img07823.jpg,65.0,64.11520701907872,0.8847929809212758,validation
img07824,4110,images/img07824.jpg,65.0,66.10889851118596,1.1088985111859555,validation
img07828,4113,images/img07828.jpg,54.0,70.3576190203361,16.357619020336102,validation
img07829,4113,images/img07829.jpg,54.0,64.14638375421309,10.14638375421309,validation
img07832,4115,images/img07832.jpg,75.0,29.12908197616124,45.87091802383876,validation
img07833,4115,images/img07833.jpg,75.0,23.94000334301395,51.05999665698605,validation
img07861,4130,images/img07861.jpg,64.0,63.485760117235614,0.5142398827643859,validation
img07878,4138,images/img07878.jpg,45.0,62.831712315862106,17.831712315862106,validation
img07893,4146,images/img07893.jpg,27.0,33.16912181328732,6.169121813287319,validation
img07904,4152,images/img07904.jpg,77.0,78.8280750647001,1.8280750647001012,validation
img07905,4152,images/img07905.jpg,77.0,75.77101986033325,1.2289801396667457,validation
img07935,4168,images/img07935.jpg,71.0,55.68997204569617,15.310027954303829,validation
img07936,4168,images/img07936.jpg,71.0,74.0744193749769,3.074419374976898,validation
img07957,4179,images/img07957.jpg,80.0,87.05011731775593,7.050117317755934,validation
img07969,4186,images/img07969.jpg,43.0,43.80084709579505,0.8008470957950493,validation
img07970,4186,images/img07970.jpg,43.0,52.83555225972493,9.835552259724928,validation
img07981,4192,images/img07981.jpg,34.0,32.50290934314748,1.4970906568525209,validation
img07982,4192,images/img07982.jpg,34.0,50.12193900549869,16.12193900549869,validation
img08001,4203,images/img08001.jpg,83.0,70.05742740812505,12.94257259187495,validation
img08002,4203,images/img08002.jpg,83.0,58.84868550236845,24.151314497631557,validation
img08003,4204,images/img08003.jpg,63.0,57.94398359136853,5.056016408631471,validation
img08004,4204,images/img08004.jpg,63.0,69.58720417640396,6.587204176403958,validation
img08049,4227,images/img08049.jpg,61.0,60.93080995936897,0.0691900406310281,validation
img08050,4227,images/img08050.jpg,61.0,48.06409453590876,12.935905464091242,validation
img08057,4231,images/img08057.jpg,66.0,68.90474488264819,2.9047448826481883,validation
img08058,4231,images/img08058.jpg,66.0,57.51764672794873,8.48235327205127,validation
img08106,4256,images/img08106.jpg,54.0,26.168482539683215,27.831517460316785,validation
img08107,4256,images/img08107.jpg,54.0,43.50761903119679,10.49238096880321,validation
img08117,4262,images/img08117.jpg,71.0,76.35365667179444,5.35365667179444,validation
img08118,4262,images/img08118.jpg,71.0,73.89369977322637,2.8936997732263734,validation
img08125,4266,images/img08125.jpg,77.0,70.80373648966324,6.196263510336763,validation
img08126,4266,images/img08126.jpg,77.0,79.4662435781735,2.466243578173504,validation
img08135,4271,images/img08135.jpg,27.0,35.249301984538945,8.249301984538945,validation
img08136,4271,images/img08136.jpg,27.0,39.01807428873961,12.018074288739612,validation
img08141,4274,images/img08141.jpg,68.0,72.5566724569207,4.556672456920694,validation
img08142,4274,images/img08142.jpg,68.0,74.08081907699598,6.080819076995979,validation
img08161,4284,images/img08161.jpg,70.0,73.2647905423266,3.264790542326594,validation
img08162,4284,images/img08162.jpg,70.0,72.44498522372878,2.4449852237287786,validation
img08169,4288,images/img08169.jpg,61.0,63.16477329059907,2.164773290599072,validation
img08170,4288,images/img08170.jpg,61.0,60.95985018866568,0.0401498113343166,validation
img08209,4309,images/img08209.jpg,72.0,74.6375353503032,2.637535350303196,validation
img08210,4309,images/img08210.jpg,72.0,76.18467094768934,4.184670947689341,validation
img08244,4327,images/img08244.jpg,34.0,49.78919267187156,15.78919267187156,validation
img08261,4336,images/img08261.jpg,64.0,71.60024527880816,7.60024527880816,validation
img08315,4365,images/img08315.jpg,32.0,70.81660351154822,38.81660351154822,validation
img08316,4365,images/img08316.jpg,32.0,58.02869293959197,26.02869293959197,validation
img08317,4366,images/img08317.jpg,55.0,39.05241761126533,15.947582388734672,validation
img08318,4366,images/img08318.jpg,55.0,54.091036815198514,0.908963184801486,validation
img08323,4369,images/img08323.jpg,35.0,32.715870661119894,2.2841293388801063,validation
img08377,4399,images/img08377.jpg,38.0,44.762320528379696,6.762320528379696,validation
img08378,4399,images/img08378.jpg,38.0,42.26998449667521,4.269984496675207,validation
img08381,4401,images/img08381.jpg,46.0,41.174850211900605,4.825149788099395,validation
img08382,4401,images/img08382.jpg,46.0,23.253629848415216,22.746370151584784,validation
img08399,4410,images/img08399.jpg,51.0,54.69418909950922,3.694189099509224,validation
img08422,4422,images/img08422.jpg,33.0,31.663246189791067,1.3367538102089327,validation
img08432,4429,images/img08432.jpg,54.0,57.041102454486,3.041102454486001,validation
img08433,4429,images/img08433.jpg,54.0,56.278786892606,2.278786892606,validation
img08442,4434,images/img08442.jpg,62.0,63.39168351600572,1.3916835160057204,validation
img08456,4442,images/img08456.jpg,72.0,49.47999043626555,22.520009563734448,validation
img08457,4442,images/img08457.jpg,72.0,57.46205661011522,14.53794338988478,validation
img08493,4463,images/img08493.jpg,33.0,39.62990237904245,6.6299023790424485,validation
img08494,4463,images/img08494.jpg,33.0,52.818703964455366,19.818703964455366,validation
img08524,4479,images/img08524.jpg,78.0,78.87209428298473,0.8720942829847331,validation
img08525,4479,images/img08525.jpg,78.0,82.6015740745161,4.601574074516094,validation
img08532,4483,images/img08532.jpg,54.0,57.54358396607496,3.543583966074955,validation
img08533,4483,images/img08533.jpg,54.0,61.86589661783967,7.865896617839667,validation
img08538,4486,images/img08538.jpg,16.0,15.512405016823742,0.4875949831762582,validation
img08581,4508,images/img08581.jpg,75.0,51.82957210599224,23.17042789400777,validation
img08582,4508,images/img08582.jpg,75.0,52.764349031100046,22.235650968899957,validation
img08653,4548,images/img08653.jpg,70.0,76.16362652877997,6.163626528779972,validation
img08654,4548,images/img08654.jpg,70.0,80.06975467331658,10.06975467331658,validation
img08655,4549,images/img08655.jpg,64.0,64.8077893588708,0.8077893588708065,validation
img08656,4549,images/img08656.jpg,64.0,46.95754592234552,17.042454077654483,validation
img08724,4584,images/img08724.jpg,55.0,63.41455634330551,8.414556343305513,validation
img08725,4584,images/img08725.jpg,55.0,55.33202524945326,0.3320252494532596,validation
img08728,4586,images/img08728.jpg,64.0,66.06175251279078,2.0617525127907754,validation
img08729,4586,images/img08729.jpg,64.0,56.52217562818237,7.477824371817626,validation
img08741,4593,images/img08741.jpg,36.0,41.37705920161704,5.377059201617037,validation
img08742,4593,images/img08742.jpg,36.0,34.512895645729685,1.4871043542703148,validation
img08778,4612,images/img08778.jpg,78.0,78.69916273033414,0.6991627303341374,validation
img08779,4612,images/img08779.jpg,78.0,81.82238526965288,3.822385269652884,validation
img08857,4653,images/img08857.jpg,76.0,83.83883452965927,7.838834529659266,validation
img08858,4653,images/img08858.jpg,76.0,80.01077664233704,4.010776642337035,validation
img08870,4660,images/img08870.jpg,63.0,62.945840335202405,0.054159664797595,validation
img08871,4660,images/img08871.jpg,63.0,72.37762367035309,9.377623670353088,validation
img08886,4668,images/img08886.jpg,81.0,77.71094971116055,3.289050288839448,validation
img08887,4668,images/img08887.jpg,81.0,68.86369975901353,12.136300240986472,validation
img08890,4670,images/img08890.jpg,33.0,36.52925111323885,3.5292511132388498,validation
img08891,4670,images/img08891.jpg,33.0,36.40274466548741,3.402744665487404,validation
img08903,4676,images/img08903.jpg,64.0,62.51910192265392,1.4808980773460831,validation
img08926,4689,images/img08926.jpg,79.0,78.88550006642348,0.1144999335765248,validation
img08934,4693,images/img08934.jpg,81.0,82.65373579029126,1.6537357902912646,validation
img08935,4693,images/img08935.jpg,81.0,70.73516763053854,10.26483236946146,validation
img08954,4704,images/img08954.jpg,82.0,73.68332756442119,8.316672435578809,validation
img08955,4704,images/img08955.jpg,82.0,84.81760286248567,2.8176028624856717,validation
img08971,4713,images/img08971.jpg,63.0,50.29162108436506,12.708378915634938,validation
img08972,4713,images/img08972.jpg,63.0,70.24843691930809,7.248436919308091,validation
img08979,4717,images/img08979.jpg,68.0,69.69313298651122,1.693132986511216,validation
img08980,4717,images/img08980.jpg,68.0,58.69727523803892,9.30272476196108,validation
img08993,4724,images/img08993.jpg,48.0,47.88878436190444,0.1112156380955653,validation
img08994,4724,images/img08994.jpg,48.0,55.73283903405866,7.732839034058657,validation
img09017,4737,images/img09017.jpg,56.0,59.99155062538277,3.991550625382765,validation
img09018,4737,images/img09018.jpg,56.0,52.79624938625651,3.2037506137434875,validation
img09019,4738,images/img09019.jpg,62.0,66.15806759193379,4.158067591933786,validation
img09020,4738,images/img09020.jpg,62.0,61.9792421241945,0.0207578758055007,validation
img09021,4739,images/img09021.jpg,60.0,66.44108318044024,6.441083180440245,validation
img09022,4739,images/img09022.jpg,60.0,63.72538904150841,3.725389041508407,validation
img09066,4762,images/img09066.jpg,66.0,61.86507266165776,4.134927338342237,validation
img09067,4762,images/img09067.jpg,66.0,63.562663421287006,2.437336578712994,validation
img09102,4782,images/img09102.jpg,70.0,78.56542989785562,8.565429897855623,validation
img09103,4782,images/img09103.jpg,70.0,72.01825662667419,2.0182566266741877,validation
img09112,4787,images/img09112.jpg,58.0,58.28278853860191,0.2827885386019133,validation
img09161,4812,images/img09161.jpg,52.0,61.52842194268156,9.52842194268156,validation
img09162,4812,images/img09162.jpg,52.0,61.02490182914492,9.024901829144923,validation
img09163,4813,images/img09163.jpg,78.0,65.4205499210936,12.579450078906405,validation
img09164,4813,images/img09164.jpg,78.0,77.95603168759683,0.043968312403166,validation
img09168,4815,images/img09168.jpg,40.0,46.8129135292026,6.812913529202604,validation
img09190,4827,images/img09190.jpg,69.0,72.17083847926105,3.1708384792610502,validation
img09191,4827,images/img09191.jpg,69.0,82.25228863367707,13.252288633677068,validation
img09211,4838,images/img09211.jpg,77.0,62.70944179903128,14.290558200968723,validation
img09212,4838,images/img09212.jpg,77.0,82.00466117249087,5.00466117249087,validation
img09218,4842,images/img09218.jpg,49.0,52.377514963673605,3.3775149636736046,validation
img09219,4842,images/img09219.jpg,49.0,55.46318533192103,6.463185331921032,validation
img09222,4844,images/img09222.jpg,58.0,62.61903510190741,4.619035101907407,validation
img09223,4844,images/img09223.jpg,58.0,61.30151717032708,3.301517170327081,validation
img09246,4856,images/img09246.jpg,58.0,59.4080710447097,1.4080710447097005,validation
img09247,4856,images/img09247.jpg,58.0,66.57359780106543,8.573597801065432,validation
img09268,4867,images/img09268.jpg,31.0,42.78016769465042,11.780167694650425,validation
img09269,4867,images/img09269.jpg,31.0,47.30602867390607,16.30602867390607,validation
img09322,4895,images/img09322.jpg,68.0,76.84678272260224,8.846782722602242,validation
img09323,4895,images/img09323.jpg,68.0,81.99840106860717,13.998401068607166,validation
img09459,4966,images/img09459.jpg,64.0,68.66524683162731,4.665246831627314,validation
img09460,4966,images/img09460.jpg,64.0,67.80944155325652,3.8094415532565193,validation
img09481,4978,images/img09481.jpg,54.0,43.460036788628535,10.539963211371465,validation
img09497,4986,images/img09497.jpg,60.0,56.0688111206931,3.9311888793069016,validation
img09498,4986,images/img09498.jpg,60.0,64.79648190990457,4.796481909904571,validation
img09511,4993,images/img09511.jpg,54.0,40.90692430934099,13.093075690659012,validation
img09512,4993,images/img09512.jpg,54.0,43.79058554223377,10.20941445776623,validation
img09545,5011,images/img09545.jpg,64.0,71.92033725958467,7.92033725958467,validation
img09575,5027,images/img09575.jpg,62.0,58.60185500475593,3.398144995244067,validation
img09576,5027,images/img09576.jpg,62.0,60.79618855204042,1.2038114479595805,validation
img09596,5038,images/img09596.jpg,68.0,72.48678614039329,4.486786140393292,validation
img09597,5038,images/img09597.jpg,68.0,65.22306654638206,2.776933453617943,validation
img09607,5044,images/img09607.jpg,62.0,52.64047259040706,9.359527409592944,validation
img09608,5044,images/img09608.jpg,62.0,63.28257066874019,1.282570668740192,validation
img09626,5054,images/img09626.jpg,78.0,79.24808659209971,1.2480865920997104,validation
img09636,5059,images/img09636.jpg,69.0,69.80606460620685,0.8060646062068457,validation
img09637,5059,images/img09637.jpg,69.0,53.907108637555,15.092891362445002,validation
img09701,5093,images/img09701.jpg,46.0,57.31052297048048,11.310522970480484,validation
img09702,5093,images/img09702.jpg,46.0,58.042099677314845,12.042099677314845,validation
img09716,5101,images/img09716.jpg,73.0,58.31979717669885,14.680202823301151,validation
img09717,5101,images/img09717.jpg,73.0,69.69898956453483,3.301010435465173,validation
img09720,5103,images/img09720.jpg,68.0,61.00059921156786,6.9994007884321405,validation
img09721,5103,images/img09721.jpg,68.0,60.59862501746207,7.401374982537931,validation
img09722,5104,images/img09722.jpg,55.0,57.668727900580194,2.668727900580194,validation
img09723,5104,images/img09723.jpg,55.0,58.56733064089839,3.5673306408983905,validation
img09730,5108,images/img09730.jpg,65.0,72.2346500956783,7.234650095678305,validation
img09731,5108,images/img09731.jpg,65.0,62.95028021027393,2.049719789726069,validation
img09767,5129,images/img09767.jpg,71.0,75.21072965663808,4.21072965663808,validation
img09771,5131,images/img09771.jpg,32.0,66.95292410627316,34.95292410627316,validation
img09772,5131,images/img09772.jpg,32.0,34.9059058400365,2.905905840036503,validation
img09789,5140,images/img09789.jpg,80.0,59.65644066629537,20.343559333704636,validation
img09790,5140,images/img09790.jpg,80.0,70.56212483562379,9.437875164376209,validation
img09820,5157,images/img09820.jpg,39.0,38.67740030787719,0.3225996921228145,validation
img09821,5157,images/img09821.jpg,39.0,31.879989744744087,7.120010255255913,validation
img09863,5179,images/img09863.jpg,77.0,69.82265170027779,7.177348299722212,validation
img09864,5179,images/img09864.jpg,77.0,73.36438290581988,3.63561709418012,validation
img09902,5199,images/img09902.jpg,54.0,48.56677651532787,5.4332234846721335,validation
img09903,5199,images/img09903.jpg,54.0,55.87510398460479,1.8751039846047848,validation
img09967,5232,images/img09967.jpg,27.0,27.8872431384216,0.8872431384215993,validation
img09968,5232,images/img09968.jpg,27.0,25.06046160203584,1.939538397964164,validation
img09992,5245,images/img09992.jpg,55.0,74.37332079504606,19.37332079504605,validation
img09993,5245,images/img09993.jpg,55.0,58.50994524196636,3.5099452419663564,validation
img09997,5248,images/img09997.jpg,48.0,70.25926886212567,22.259268862125666,validation
img10029,5264,images/img10029.jpg,80.0,77.91796065861216,2.0820393413878406,validation
img10030,5265,images/img10030.jpg,84.0,84.01016070375294,0.0101607037529447,validation
img10041,5271,images/img10041.jpg,45.0,59.4727374270536,14.472737427053596,validation
img10073,5289,images/img10073.jpg,65.0,57.17870047850116,7.821299521498844,validation
img10074,5289,images/img10074.jpg,65.0,85.21819716174149,20.21819716174149,validation
img10088,5297,images/img10088.jpg,14.0,17.53175311936024,3.531753119360239,validation
img10089,5297,images/img10089.jpg,14.0,15.685716101904925,1.685716101904923,validation
img10124,5315,images/img10124.jpg,59.0,66.13184713591082,7.131847135910817,validation
img10125,5315,images/img10125.jpg,59.0,56.307545880737386,2.6924541192626137,validation
img10136,5321,images/img10136.jpg,57.0,60.58710898925059,3.587108989250588,validation
img10137,5321,images/img10137.jpg,57.0,52.67317890667329,4.326821093326707,validation
img10188,5347,images/img10188.jpg,72.0,77.37689137318289,5.376891373182886,validation
img10189,5347,images/img10189.jpg,72.0,79.58106304452814,7.581063044528136,validation
img10196,5351,images/img10196.jpg,66.0,59.100182994675095,6.8998170053249055,validation
img10197,5351,images/img10197.jpg,66.0,62.49599025166936,3.5040097483306454,validation
img10200,5354,images/img10200.jpg,78.0,73.38117176282086,4.6188282371791445,validation
img10201,5354,images/img10201.jpg,78.0,79.35003685534849,1.3500368553484918,validation
img10208,5358,images/img10208.jpg,71.0,79.56673678588419,8.566736785884189,validation
img10209,5358,images/img10209.jpg,71.0,70.82351907230198,0.176480927698023,validation
img10214,5361,images/img10214.jpg,44.0,48.54426686130216,4.544266861302162,validation
img10215,5361,images/img10215.jpg,44.0,50.19201181641008,6.19201181641008,validation
img10234,5371,images/img10234.jpg,60.0,60.143197279523584,0.1431972795235836,validation
img10235,5371,images/img10235.jpg,60.0,60.18805054213662,0.1880505421366223,validation
img10244,5376,images/img10244.jpg,60.0,63.7160468725419,3.7160468725419022,validation
img10245,5376,images/img10245.jpg,60.0,62.41560735503244,2.415607355032435,validation
img10274,5391,images/img10274.jpg,57.0,58.23413299904158,1.2341329990415772,validation
img10275,5391,images/img10275.jpg,57.0,51.39597538973771,5.604024610262293,validation
img10293,5401,images/img10293.jpg,86.0,83.80143967914286,2.1985603208571405,validation
img10351,5431,images/img10351.jpg,59.0,55.66135061080562,3.33864938919438,validation
img10352,5431,images/img10352.jpg,59.0,43.62785555957064,15.37214444042936,validation
img10362,5437,images/img10362.jpg,59.0,64.23179545555519,5.231795455555186,validation
img10363,5437,images/img10363.jpg,59.0,72.95055623018412,13.95055623018412,validation
img10423,5470,images/img10423.jpg,58.0,63.1093462871884,5.1093462871884014,validation
img10424,5470,images/img10424.jpg,58.0,63.02281452893192,5.022814528931924,validation
img10440,5479,images/img10440.jpg,68.0,59.34760105865823,8.652398941341772,validation
img10441,5479,images/img10441.jpg,68.0,57.00656612799528,10.993433872004722,validation
img10442,5480,images/img10442.jpg,59.0,68.66460119025116,9.664601190251162,validation
img10443,5480,images/img10443.jpg,59.0,61.16930192226568,2.1693019222656744,validation
img10488,5505,images/img10488.jpg,69.0,61.634769547194985,7.365230452805015,validation
img10489,5505,images/img10489.jpg,69.0,68.27762098102674,0.7223790189732568,validation
img10496,5509,images/img10496.jpg,77.0,66.61897701055963,10.381022989440368,validation
img10497,5509,images/img10497.jpg,77.0,58.16805822965016,18.831941770349843,validation
img10522,5522,images/img10522.jpg,17.0,14.93803721366328,2.0619627863367214,validation
img10523,5522,images/img10523.jpg,17.0,22.946031900755703,5.946031900755706,validation
img10543,5533,images/img10543.jpg,50.0,54.73124040773933,4.731240407739328,validation
img10544,5533,images/img10544.jpg,50.0,59.3587664556156,9.3587664556156,validation
img10604,5564,images/img10604.jpg,72.0,64.31630085962772,7.683699140372283,validation
img10605,5564,images/img10605.jpg,72.0,52.81106641959517,19.18893358040483,validation
img10615,5570,images/img10615.jpg,74.0,80.50271610899406,6.502716108994065,validation
img10616,5570,images/img10616.jpg,74.0,72.20304638655954,1.796953613440465,validation
img10623,5574,images/img10623.jpg,35.0,30.35655747450223,4.643442525497768,validation
img10624,5574,images/img10624.jpg,35.0,36.06722709075079,1.0672270907507908,validation
img10645,5586,images/img10645.jpg,21.0,58.5650146614814,37.5650146614814,validation
img10646,5586,images/img10646.jpg,21.0,34.65427801978315,13.654278019783147,validation
img10672,5600,images/img10672.jpg,48.0,64.58880132764729,16.58880132764729,validation
img10673,5600,images/img10673.jpg,48.0,52.82857126234522,4.828571262345221,validation
img10694,5612,images/img10694.jpg,54.0,56.53030026692708,2.530300266927078,validation
img10695,5612,images/img10695.jpg,54.0,64.41747678946928,10.417476789469276,validation
img10709,5620,images/img10709.jpg,49.0,63.23520982008977,14.235209820089771,validation
img10710,5620,images/img10710.jpg,49.0,51.55396448884989,2.5539644888498927,validation
img10731,5632,images/img10731.jpg,62.0,63.466706607671135,1.466706607671135,validation
img10732,5632,images/img10732.jpg,62.0,64.5428855378202,2.5428855378201973,validation
img10765,5649,images/img10765.jpg,66.0,34.985020902045406,31.014979097954598,validation
img10801,5667,images/img10801.jpg,57.0,62.58658344317721,5.5865834431772114,validation
img10802,5667,images/img10802.jpg,57.0,64.24229966993774,7.242299669937736,validation
img10810,5672,images/img10810.jpg,58.0,59.58861833001185,1.5886183300118475,validation
img10811,5672,images/img10811.jpg,58.0,68.94188780215464,10.94188780215464,validation
img10839,5687,images/img10839.jpg,54.0,49.499810099659,4.500189900340999,validation
img10840,5687,images/img10840.jpg,54.0,48.561346911288666,5.438653088711334,validation
img10841,5688,images/img10841.jpg,55.0,47.60584729734913,7.394152702650871,validation
img10842,5688,images/img10842.jpg,55.0,29.569974330905318,25.43002566909469,validation
img10868,5703,images/img10868.jpg,82.0,87.46493753949588,5.464937539495878,validation
img10875,5707,images/img10875.jpg,75.0,61.07712489175693,13.922875108243067,validation
img10886,5713,images/img10886.jpg,77.0,71.30876982517525,5.691230174824753,validation
img10887,5713,images/img10887.jpg,77.0,71.70732250170104,5.292677498298957,validation
img10909,5725,images/img10909.jpg,53.0,62.36271056782563,9.36271056782563,validation
img10910,5725,images/img10910.jpg,53.0,57.01595890810218,4.015958908102178,validation
img10926,5735,images/img10926.jpg,71.0,75.9038300363857,4.903830036385699,validation
img10927,5735,images/img10927.jpg,71.0,64.69268524319324,6.307314756806761,validation
img10945,5745,images/img10945.jpg,66.0,67.64780872468869,1.6478087246886872,validation
img10946,5745,images/img10946.jpg,66.0,70.86310932161942,4.863109321619419,validation
img10955,5750,images/img10955.jpg,53.0,43.85247223123732,9.14752776876268,validation
img10956,5750,images/img10956.jpg,53.0,48.47133446983623,4.528665530163771,validation
img10965,5755,images/img10965.jpg,68.0,56.807160859130285,11.192839140869715,validation
img10987,5767,images/img10987.jpg,19.0,30.69938868280053,11.699388682800535,validation
img10988,5767,images/img10988.jpg,19.0,36.54742286426849,17.54742286426849,validation
img11032,5792,images/img11032.jpg,66.0,70.5601137499859,4.560113749985902,validation
img11033,5792,images/img11033.jpg,66.0,63.80796842755679,2.192031572443213,validation
img11042,5797,images/img11042.jpg,57.0,44.24747933324642,12.752520666753584,validation
img11043,5797,images/img11043.jpg,57.0,43.42106491542644,13.578935084573558,validation
img11050,5802,images/img11050.jpg,52.0,59.4973148784597,7.497314878459697,validation
img11051,5802,images/img11051.jpg,52.0,49.364103262297306,2.6358967377026943,validation
img11058,5807,images/img11058.jpg,84.0,76.83683417423515,7.16316582576485,validation
img11082,5821,images/img11082.jpg,65.0,67.68511414514961,2.685114145149612,validation
img11089,5825,images/img11089.jpg,70.0,72.74183302435317,2.74183302435317,validation
img11090,5825,images/img11090.jpg,70.0,70.95256227991987,0.9525622799198744,validation
img11134,5849,images/img11134.jpg,74.0,74.71742147388802,0.7174214738880238,validation
img11135,5849,images/img11135.jpg,74.0,70.1651001043142,3.834899895685794,validation
img11138,5852,images/img11138.jpg,74.0,74.92361991656726,0.9236199165672616,validation
img11150,5859,images/img11150.jpg,57.0,54.95240311616565,2.047596883834352,validation
img11151,5859,images/img11151.jpg,57.0,59.56884828939309,2.568848289393088,validation
img11177,5874,images/img11177.jpg,69.0,79.25615274685995,10.256152746859954,validation
img11187,5880,images/img11187.jpg,80.0,65.75022836757356,14.249771632426445,validation
img11188,5880,images/img11188.jpg,80.0,66.41664041942258,13.583359580577422,validation
img11205,5888,images/img11205.jpg,63.0,42.97255028436823,20.027449715631768,validation
img11206,5888,images/img11206.jpg,63.0,59.81743576041268,3.1825642395873217,validation
img11208,5890,images/img11208.jpg,68.0,63.45734807954814,4.54265192045186,validation
img11209,5890,images/img11209.jpg,68.0,70.3110859450041,2.311085945004095,validation
img11214,5893,images/img11214.jpg,53.0,57.557087018331664,4.557087018331664,validation
img11215,5893,images/img11215.jpg,53.0,54.71999130643125,1.7199913064312469,validation
img11249,5913,images/img11249.jpg,66.0,63.89912110221662,2.1008788977833817,validation
img11250,5913,images/img11250.jpg,66.0,35.033936961172856,30.966063038827144,validation
img11275,5926,images/img11275.jpg,59.0,61.85520100132618,2.8552010013261797,validation
img11276,5926,images/img11276.jpg,59.0,66.94702608505312,7.947026085053125,validation
img11285,5932,images/img11285.jpg,60.0,52.32533361691065,7.674666383089352,validation
img11286,5932,images/img11286.jpg,60.0,68.38641591535114,8.386415915351137,validation
img11301,5941,images/img11301.jpg,65.0,79.81410904422916,14.814109044229156,validation
img11302,5941,images/img11302.jpg,65.0,74.93053438671058,9.930534386710576,validation
img11318,5951,images/img11318.jpg,82.0,75.82231781264572,6.177682187354279,validation
img11319,5951,images/img11319.jpg,82.0,77.79426798577708,4.205732014222917,validation
img11320,5952,images/img11320.jpg,56.0,54.6921005805306,1.3078994194694005,validation
img11321,5952,images/img11321.jpg,56.0,63.70483103485202,7.70483103485202,validation
img11324,5954,images/img11324.jpg,47.0,43.42591595063109,3.574084049368913,validation
img11325,5954,images/img11325.jpg,47.0,49.59278682026752,2.59278682026752,validation
img11351,5968,images/img11351.jpg,49.0,41.16013896777392,7.839861032226082,validation
img11363,5975,images/img11363.jpg,70.0,70.08487807271611,0.0848780727161084,validation
img11364,5975,images/img11364.jpg,70.0,67.08064985648836,2.919350143511636,validation
img11390,5989,images/img11390.jpg,62.0,63.976871265269,1.976871265268997,validation
img11391,5989,images/img11391.jpg,62.0,67.65313744726285,5.65313744726285,validation
img11396,5992,images/img11396.jpg,66.0,70.54985874008722,4.549858740087217,validation
img11409,6001,images/img11409.jpg,61.0,58.12175977188749,2.87824022811251,validation
img11410,6001,images/img11410.jpg,61.0,71.17888248508244,10.17888248508244,validation
img11417,6005,images/img11417.jpg,77.0,75.77916017660291,1.2208398233970854,validation
img11418,6005,images/img11418.jpg,77.0,71.02636170667981,5.973638293320192,validation
img11426,6010,images/img11426.jpg,67.0,62.268595249925376,4.731404750074624,validation
img11427,6010,images/img11427.jpg,67.0,57.2874818483583,9.712518151641705,validation
img11428,6011,images/img11428.jpg,70.0,74.61610485530065,4.616104855300648,validation
img11429,6011,images/img11429.jpg,70.0,58.83410104170456,11.165898958295436,validation
img11457,6026,images/img11457.jpg,70.0,73.49644274189463,3.496442741894626,validation
img11458,6026,images/img11458.jpg,70.0,70.88295843149454,0.8829584314945436,validation
img11459,6027,images/img11459.jpg,74.0,56.49762148857427,17.502378511425732,validation
img11460,6027,images/img11460.jpg,74.0,52.09138895421309,21.908611045786916,validation
img11466,6030,images/img11466.jpg,68.0,64.23926286518788,3.7607371348121177,validation
img11475,6036,images/img11475.jpg,59.0,62.88017359043912,3.880173590439121,validation
img11476,6036,images/img11476.jpg,59.0,72.00442441455625,13.004424414556254,validation
img11509,6056,images/img11509.jpg,25.0,36.892123378848446,11.892123378848446,validation
img11510,6056,images/img11510.jpg,25.0,49.181429831956606,24.181429831956606,validation
img11556,6080,images/img11556.jpg,83.0,82.7715806099862,0.2284193900137978,validation
img11557,6080,images/img11557.jpg,83.0,82.57687392943632,0.4231260705636828,validation
img11634,6121,images/img11634.jpg,49.0,56.27483247550334,7.274832475503338,validation
img11649,6131,images/img11649.jpg,60.0,67.64303403221433,7.643034032214331,validation
img11650,6131,images/img11650.jpg,60.0,69.96602116653963,9.966021166539631,validation
img11666,6141,images/img11666.jpg,72.0,66.56521318805883,5.434786811941166,validation
img11667,6141,images/img11667.jpg,72.0,53.30072541983741,18.699274580162587,validation
img11682,6150,images/img11682.jpg,61.0,69.2175526763447,8.217552676344695,validation
img11683,6150,images/img11683.jpg,61.0,59.5284324479781,1.4715675520219025,validation
img11707,6163,images/img11707.jpg,67.0,66.1952923072227,0.8047076927772991,validation
img11708,6163,images/img11708.jpg,67.0,65.50015194066071,1.4998480593392856,validation
img11740,6180,images/img11740.jpg,14.0,46.17927104902491,32.17927104902491,validation
img11741,6180,images/img11741.jpg,14.0,16.363273101765714,2.3632731017657136,validation
img11788,6205,images/img11788.jpg,32.0,54.02602552730528,22.02602552730528,validation
img11789,6205,images/img11789.jpg,32.0,59.133460245502846,27.13346024550285,validation
img11821,6222,images/img11821.jpg,72.0,81.40881270624794,9.408812706247945,validation
img11822,6222,images/img11822.jpg,72.0,79.58975957211848,7.589759572118481,validation
img11827,6225,images/img11827.jpg,88.0,73.64049602089777,14.359503979102229,validation
img11828,6225,images/img11828.jpg,88.0,71.64391441114388,16.356085588856118,validation
img11847,6235,images/img11847.jpg,39.0,48.64135245671588,9.64135245671588,validation
img11848,6235,images/img11848.jpg,39.0,45.914069491326174,6.914069491326174,validation
img11877,6251,images/img11877.jpg,72.0,75.82254247839485,3.822542478394851,validation
img11878,6251,images/img11878.jpg,72.0,85.61269712989937,13.612697129899374,validation
img11901,6263,images/img11901.jpg,63.0,69.99924552276138,6.999245522761385,validation
img11902,6263,images/img11902.jpg,63.0,72.28645300062111,9.286453000621108,validation
img11982,6305,images/img11982.jpg,83.0,81.14190107139073,1.858098928609266,validation
img11983,6305,images/img11983.jpg,83.0,75.62968111069709,7.370318889302908,validation
img11986,6307,images/img11986.jpg,83.0,65.18878756987188,17.811212430128123,validation
img11987,6307,images/img11987.jpg,83.0,59.10961050390796,23.89038949609204,validation
img12008,6318,images/img12008.jpg,36.0,36.53986493396988,0.5398649339698807,validation
img12009,6318,images/img12009.jpg,36.0,38.47185732206799,2.47185732206799,validation
img12023,6327,images/img12023.jpg,24.0,36.980598059590776,12.980598059590776,validation
img12024,6327,images/img12024.jpg,24.0,46.35453432678062,22.354534326780623,validation
img12029,6330,images/img12029.jpg,11.0,13.493336110558012,2.493336110558012,validation
img12030,6330,images/img12030.jpg,11.0,21.583811483454667,10.583811483454667,validation
img12061,6346,images/img12061.jpg,75.0,74.55613764065865,0.4438623593413524,validation
img12062,6346,images/img12062.jpg,75.0,75.145456622241,0.1454566222409994,validation
img12063,6347,images/img12063.jpg,40.0,39.22897653421509,0.7710234657849071,validation
img12064,6347,images/img12064.jpg,40.0,33.11669835100831,6.88330164899169,validation
img12078,6355,images/img12078.jpg,77.0,82.85653043781005,5.856530437810051,validation
img12079,6355,images/img12079.jpg,77.0,76.5564164197794,0.4435835802206043,validation
img12080,6356,images/img12080.jpg,32.0,28.0091755660183,3.9908244339817,validation
img12081,6356,images/img12081.jpg,32.0,31.135251142228995,0.864748857771005,validation
img12094,6363,images/img12094.jpg,25.0,55.25008441581323,30.250084415813227,validation
img12095,6363,images/img12095.jpg,25.0,23.1438337337136,1.856166266286401,validation
img12104,6368,images/img12104.jpg,25.0,34.02391173334528,9.02391173334528,validation
img12105,6368,images/img12105.jpg,25.0,34.045800284729566,9.045800284729566,validation
img12116,6374,images/img12116.jpg,89.0,73.16234405133095,15.837655948669052,validation
img12118,6375,images/img12118.jpg,58.0,73.03932646635371,15.039326466353714,validation
img12119,6375,images/img12119.jpg,58.0,67.04273260357469,9.042732603574692,validation
img12166,6403,images/img12166.jpg,58.0,57.47571977761608,0.524280222383922,validation
img12167,6403,images/img12167.jpg,58.0,63.98937238735382,5.989372387353818,validation
img12176,6408,images/img12176.jpg,76.0,64.27050667286386,11.72949332713614,validation
img12177,6408,images/img12177.jpg,76.0,78.09737916211645,2.0973791621164537,validation
img12208,6426,images/img12208.jpg,71.0,77.07455671147159,6.074556711471587,validation
img12209,6426,images/img12209.jpg,71.0,81.0026410252393,10.0026410252393,validation
img12286,6466,images/img12286.jpg,63.0,73.23939676901162,10.23939676901162,validation
img12287,6466,images/img12287.jpg,63.0,75.76420790757061,12.764207907570608,validation
img12294,6470,images/img12294.jpg,37.0,58.3409976892264,21.3409976892264,validation
img12295,6470,images/img12295.jpg,37.0,62.03134876414281,25.031348764142813,validation
img12304,6475,images/img12304.jpg,37.0,42.731066231749416,5.731066231749416,validation
img12335,6493,images/img12335.jpg,71.0,63.0636971516121,7.936302848387896,validation
img12340,6496,images/img12340.jpg,82.0,81.74806889354785,0.2519311064521474,validation
img12341,6496,images/img12341.jpg,82.0,81.99864100290236,0.0013589970976397,validation
img12348,6500,images/img12348.jpg,85.0,70.23382928317251,14.766170716827489,validation
img12349,6500,images/img12349.jpg,85.0,77.67963828563774,7.320361714362264,validation
img12404,6530,images/img12404.jpg,62.0,72.80738416441059,10.807384164410593,validation
img12405,6530,images/img12405.jpg,62.0,78.2577316140363,16.257731614036302,validation
img12422,6539,images/img12422.jpg,43.0,55.99423258910532,12.994232589105316,validation
img12423,6539,images/img12423.jpg,43.0,35.277300135567216,7.722699864432784,validation
img12470,6563,images/img12470.jpg,88.0,83.95337916218486,4.046620837815141,validation
img12471,6563,images/img12471.jpg,88.0,51.20039676614688,36.79960323385312,validation
img12548,6603,images/img12548.jpg,8.0,17.852711044820317,9.852711044820316,validation
img12549,6603,images/img12549.jpg,8.0,17.077971930522516,9.077971930522516,validation
img12552,6605,images/img12552.jpg,48.0,55.7066523869591,7.7066523869590995,validation
img12553,6605,images/img12553.jpg,48.0,53.95162708276519,5.951627082765192,validation
img12558,6608,images/img12558.jpg,38.0,43.15548818773885,5.155488187738854,validation
img12559,6608,images/img12559.jpg,38.0,58.499641427250815,20.49964142725081,validation
img12584,6622,images/img12584.jpg,65.0,64.20855127540305,0.7914487245969468,validation
img12585,6622,images/img12585.jpg,65.0,63.55480993556114,1.4451900644388616,validation
img12620,6640,images/img12620.jpg,51.0,40.82412516529042,10.175874834709582,validation
img12621,6640,images/img12621.jpg,51.0,50.42301510277065,0.5769848972293516,validation
img12625,6642,images/img12625.jpg,80.0,75.66192609875029,4.3380739012497145,validation
img12626,6643,images/img12626.jpg,77.0,71.91100926855378,5.088990731446216,validation
img12627,6643,images/img12627.jpg,77.0,70.50801528961583,6.491984710384173,validation
img12646,6653,images/img12646.jpg,16.0,20.24880397767035,4.248803977670349,validation
img12647,6653,images/img12647.jpg,16.0,19.554189830642137,3.5541898306421373,validation
img12667,6664,images/img12667.jpg,34.0,48.31854322004629,14.318543220046289,validation
img12668,6664,images/img12668.jpg,34.0,50.13912484469717,16.13912484469717,validation
img12719,6691,images/img12719.jpg,73.0,74.0371085014638,1.0371085014638055,validation
img12720,6691,images/img12720.jpg,73.0,79.31054367035956,6.310543670359564,validation
img12727,6695,images/img12727.jpg,58.0,64.69874685597819,6.698746855978186,validation
img12728,6695,images/img12728.jpg,58.0,62.5152193495135,4.515219349513501,validation
img12757,6710,images/img12757.jpg,51.0,45.394141689134784,5.605858310865216,validation
img12758,6710,images/img12758.jpg,51.0,51.72951187062333,0.7295118706233339,validation
img12771,6717,images/img12771.jpg,71.0,77.61609495938691,6.616094959386913,validation
img12772,6717,images/img12772.jpg,71.0,71.5316949600608,0.5316949600608041,validation
img12777,6720,images/img12777.jpg,57.0,74.19369834739084,17.193698347390836,validation
img12778,6720,images/img12778.jpg,57.0,71.79054262137863,14.790542621378634,validation
img12789,6726,images/img12789.jpg,59.0,48.230463885585806,10.769536114414194,validation
img12790,6726,images/img12790.jpg,59.0,64.34816904177642,5.348169041776416,validation
img12817,6740,images/img12817.jpg,41.0,44.93353000715707,3.933530007157067,validation
img12818,6740,images/img12818.jpg,41.0,38.28607401607846,2.7139259839215413,validation
img12823,6743,images/img12823.jpg,49.0,59.54553676404674,10.545536764046735,validation
img12824,6743,images/img12824.jpg,49.0,66.01040548300884,17.01040548300884,validation
img12843,6754,images/img12843.jpg,39.0,50.50070146511272,11.50070146511272,validation
img12844,6754,images/img12844.jpg,39.0,34.84967614734737,4.150323852652633,validation
img12868,6767,images/img12868.jpg,45.0,36.1891965991022,8.810803400897804,validation
img12869,6767,images/img12869.jpg,45.0,34.12419336263203,10.875806637367972,validation
img12880,6773,images/img12880.jpg,44.0,42.80648085256017,1.1935191474398297,validation
img12881,6773,images/img12881.jpg,44.0,57.38755292166837,13.387552921668371,validation
img12882,6774,images/img12882.jpg,51.0,56.17733681056693,5.177336810566928,validation
img12883,6774,images/img12883.jpg,51.0,47.36725445298741,3.63274554701259,validation
img12938,6805,images/img12938.jpg,63.0,72.85008592529252,9.850085925292518,validation
img12939,6805,images/img12939.jpg,63.0,64.6106838806742,1.610683880674202,validation
img12940,6806,images/img12940.jpg,48.0,43.36630100315885,4.633698996841147,validation
img12941,6806,images/img12941.jpg,48.0,42.85971245716981,5.140287542830187,validation
img12944,6808,images/img12944.jpg,62.0,65.4127455128372,3.412745512837205,validation
img12945,6808,images/img12945.jpg,62.0,61.81760820501624,0.182391794983765,validation
img12952,6812,images/img12952.jpg,48.0,48.21761758529904,0.2176175852990383,validation
img12953,6812,images/img12953.jpg,48.0,41.1326893937933,6.867310606206701,validation
img12963,6818,images/img12963.jpg,76.0,78.53172567304347,2.531725673043468,validation
img12964,6818,images/img12964.jpg,76.0,73.88324518161852,2.11675481838148,validation
img12968,6821,images/img12968.jpg,51.0,57.97948023442682,6.979480234426823,validation
img12969,6821,images/img12969.jpg,51.0,47.836392527327966,3.163607472672034,validation
img12994,6835,images/img12994.jpg,66.0,56.60234824149524,9.397651758504756,validation
img13033,6856,images/img13033.jpg,77.0,55.61852697420784,21.38147302579216,validation
img13034,6856,images/img13034.jpg,77.0,55.9359856760946,21.064014323905404,validation
img13044,6862,images/img13044.jpg,60.0,61.06457114771873,1.0645711477187303,validation
img13045,6862,images/img13045.jpg,60.0,65.91841467423147,5.918414674231471,validation
img13052,6866,images/img13052.jpg,68.0,70.94966670922106,2.949666709221063,validation
img13096,6889,images/img13096.jpg,85.0,87.90392132598272,2.903921325982722,validation
img13097,6889,images/img13097.jpg,85.0,79.02355825987809,5.976441740121913,validation
img13112,6897,images/img13112.jpg,64.0,55.3526015238344,8.647398476165606,validation
img13113,6897,images/img13113.jpg,64.0,59.87988302317864,4.120116976821365,validation
img13129,6906,images/img13129.jpg,83.0,66.03083697885504,16.969163021144965,validation
img13182,6936,images/img13182.jpg,26.0,33.65205720021197,7.652057200211971,validation
img13183,6936,images/img13183.jpg,26.0,27.642852608999643,1.6428526089996431,validation
img13226,6961,images/img13226.jpg,70.0,66.13877469337933,3.861225306620668,validation
img13227,6961,images/img13227.jpg,70.0,65.86195595335147,4.138044046648531,validation
img13233,6965,images/img13233.jpg,79.0,68.08041353075467,10.919586469245331,validation
img13234,6965,images/img13234.jpg,79.0,74.6050002598749,4.394999740125101,validation
img13276,6988,images/img13276.jpg,56.0,47.80925268671024,8.190747313289762,validation
img13323,7012,images/img13323.jpg,37.0,40.23598077114409,3.235980771144092,validation
img13324,7012,images/img13324.jpg,37.0,41.32670898977058,4.32670898977058,validation
img13342,7022,images/img13342.jpg,75.0,56.42475848719712,18.575241512802883,validation
img13343,7022,images/img13343.jpg,75.0,61.90714077787829,13.09285922212171,validation
img13344,7023,images/img13344.jpg,45.0,62.75838076097781,17.758380760977808,validation
img13345,7023,images/img13345.jpg,45.0,47.87075875267277,2.8707587526727707,validation
img13358,7030,images/img13358.jpg,55.0,56.908051355772656,1.908051355772656,validation
img13359,7030,images/img13359.jpg,55.0,51.63490904985966,3.365090950140342,validation
img13360,7031,images/img13360.jpg,19.0,23.03985711628087,4.039857116280871,validation
img13361,7031,images/img13361.jpg,19.0,22.57374984833278,3.573749848332781,validation
img13415,7060,images/img13415.jpg,82.0,84.79271076996973,2.7927107699697302,validation
img13423,7065,images/img13423.jpg,68.0,63.55807195136534,4.441928048634658,validation
img13424,7065,images/img13424.jpg,68.0,69.2229490167657,1.2229490167656962,validation
img13437,7072,images/img13437.jpg,64.0,60.46928325523822,3.530716744761783,validation
img13438,7072,images/img13438.jpg,64.0,62.651941545188045,1.3480584548119552,validation
img13442,7075,images/img13442.jpg,53.0,58.20999356405051,5.209993564050507,validation
img13443,7075,images/img13443.jpg,53.0,59.01822880105726,6.018228801057262,validation
img13478,7094,images/img13478.jpg,67.0,72.66132743404256,5.661327434042562,validation
img13479,7094,images/img13479.jpg,67.0,69.25006377334348,2.2500637733434843,validation
img13482,7096,images/img13482.jpg,74.0,60.75144271455501,13.248557285444996,validation
img13483,7096,images/img13483.jpg,74.0,68.35057191287002,5.6494280871299765,validation
img13513,7112,images/img13513.jpg,33.0,31.099799759503657,1.9002002404963427,validation
img13514,7112,images/img13514.jpg,33.0,37.78103195568298,4.781031955682984,validation
img13539,7125,images/img13539.jpg,40.0,47.246209782282925,7.246209782282925,validation
img13540,7125,images/img13540.jpg,40.0,51.22898057497751,11.228980574977506,validation
img13543,7127,images/img13543.jpg,45.0,56.98302342731877,11.98302342731877,validation
img13544,7127,images/img13544.jpg,45.0,51.62556797150359,6.625567971503585,validation
img13585,7149,images/img13585.jpg,66.0,58.39024992901973,7.609750070980269,validation
img13586,7149,images/img13586.jpg,66.0,63.29440215601933,2.7055978439806694,validation
img13597,7155,images/img13597.jpg,52.0,46.93481105726546,5.065188942734537,validation
img13598,7155,images/img13598.jpg,52.0,57.33846209221908,5.338462092219082,validation
img13611,7162,images/img13611.jpg,55.0,53.4894555552161,1.5105444447838965,validation
img13612,7162,images/img13612.jpg,55.0,58.68798978081491,3.6879897808149096,validation
img13623,7168,images/img13623.jpg,47.0,67.82720214415303,20.827202144153038,validation
img13624,7168,images/img13624.jpg,47.0,52.296586761820336,5.296586761820336,validation
img13627,7170,images/img13627.jpg,50.0,60.3232532448258,10.3232532448258,validation
img13628,7170,images/img13628.jpg,50.0,50.83811343017094,0.8381134301709423,validation
img13657,7185,images/img13657.jpg,58.0,58.547595976955535,0.5475959769555345,validation
img13658,7185,images/img13658.jpg,58.0,51.1787219744074,6.821278025592598,validation
img13690,7202,images/img13690.jpg,56.0,49.40276431152608,6.597235688473923,validation
img13691,7202,images/img13691.jpg,56.0,55.53428631581785,0.4657136841821483,validation
img13697,7206,images/img13697.jpg,38.0,39.30818975116294,1.308189751162942,validation
img13698,7206,images/img13698.jpg,38.0,38.565141594818535,0.5651415948185345,validation
img13707,7211,images/img13707.jpg,36.0,48.939762011479885,12.939762011479884,validation
img13732,7224,images/img13732.jpg,37.0,57.59441077468049,20.59441077468049,validation
img13733,7224,images/img13733.jpg,37.0,40.3333461081338,3.333346108133796,validation
img13742,7229,images/img13742.jpg,47.0,49.82605312327594,2.8260531232759405,validation
img13743,7229,images/img13743.jpg,47.0,57.884967661676455,10.884967661676455,validation
img13752,7234,images/img13752.jpg,64.0,61.97261121276369,2.027388787236312,validation
img13753,7234,images/img13753.jpg,64.0,59.19158787299749,4.808412127002512,validation
img13764,7240,images/img13764.jpg,63.0,66.24810511742618,3.248105117426178,validation
img13765,7240,images/img13765.jpg,63.0,51.58831271912256,11.411687280877445,validation
img13766,7241,images/img13766.jpg,34.0,52.02264886925045,18.022648869250453,validation
img13767,7241,images/img13767.jpg,34.0,35.79290366739295,1.7929036673929488,validation
img13805,7261,images/img13805.jpg,46.0,43.64069640680525,2.3593035931947526,validation
img13806,7261,images/img13806.jpg,46.0,48.94856869072394,2.9485686907239383,validation
img13811,7264,images/img13811.jpg,68.0,61.3260417271272,6.673958272872802,validation
img13812,7264,images/img13812.jpg,68.0,64.28554728134122,3.714452718658777,validation
img13827,7272,images/img13827.jpg,26.0,36.40882809048101,10.408828090481007,validation
img13828,7272,images/img13828.jpg,26.0,41.02859935287557,15.028599352875569,validation
img13829,7273,images/img13829.jpg,57.0,58.22597632361542,1.22597632361542,validation
img13830,7273,images/img13830.jpg,57.0,64.47646190941661,7.476461909416614,validation
img13859,7288,images/img13859.jpg,63.0,47.049976247127255,15.950023752872744,validation
img13860,7288,images/img13860.jpg,63.0,48.23808943373125,14.761910566268751,validation
img13903,7311,images/img13903.jpg,69.0,60.41248835369234,8.58751164630766,validation
img13904,7311,images/img13904.jpg,69.0,67.90779498329825,1.0922050167017543,validation
img13945,7332,images/img13945.jpg,67.0,69.4990086919324,2.499008691932403,validation
img13946,7332,images/img13946.jpg,67.0,68.49743351373738,1.497433513737377,validation
img13953,7336,images/img13953.jpg,86.0,76.1518806544198,9.8481193455802,validation
img13954,7336,images/img13954.jpg,86.0,83.87377986914383,2.126220130856169,validation
img13983,7351,images/img13983.jpg,92.0,81.06229959712884,10.937700402871158,validation
img13984,7351,images/img13984.jpg,92.0,76.97630579881053,15.023694201189471,validation
img14005,7362,images/img14005.jpg,70.0,67.0652886085438,2.9347113914562044,validation
img14006,7362,images/img14006.jpg,70.0,79.0179721532418,9.0179721532418,validation
img14007,7363,images/img14007.jpg,74.0,73.75548016942774,0.2445198305722584,validation
img14045,7382,images/img14045.jpg,45.0,50.045818759737976,5.045818759737976,validation
img14046,7382,images/img14046.jpg,45.0,63.99621487720858,18.99621487720858,validation
img14058,7389,images/img14058.jpg,60.0,54.05221980867786,5.947780191322138,validation
img14059,7389,images/img14059.jpg,60.0,43.0260861692886,16.973913830711403,validation
img14089,7405,images/img14089.jpg,63.0,58.63534874175458,4.364651258245424,validation
img14090,7405,images/img14090.jpg,63.0,55.79594039043162,7.204059609568382,validation
img14132,7426,images/img14132.jpg,63.0,68.38027577861504,5.380275778615044,validation
img14133,7426,images/img14133.jpg,63.0,66.93407181433352,3.934071814333521,validation
img14154,7438,images/img14154.jpg,47.0,41.046258517001846,5.953741482998154,validation
img14155,7438,images/img14155.jpg,47.0,51.49399891012355,4.493998910123551,validation
img14173,7448,images/img14173.jpg,57.0,51.25236598918067,5.747634010819333,validation
img14174,7448,images/img14174.jpg,57.0,46.558888547218174,10.441111452781826,validation
img14183,7453,images/img14183.jpg,31.0,48.32644850976772,17.326448509767715,validation
img14184,7453,images/img14184.jpg,31.0,50.33596857638994,19.335968576389934,validation
img14203,7463,images/img14203.jpg,34.0,62.86446934551346,28.864469345513463,validation
img14204,7463,images/img14204.jpg,34.0,35.22593674662879,1.2259367466287898,validation
img14231,7477,images/img14231.jpg,53.0,58.956328479423306,5.956328479423306,validation
img14232,7477,images/img14232.jpg,53.0,70.24714890838708,17.247148908387075,validation
img14269,7496,images/img14269.jpg,88.0,81.77118329105849,6.228816708941508,validation
img14270,7496,images/img14270.jpg,88.0,78.74839724770793,9.251602752292072,validation
img14321,7521,images/img14321.jpg,68.0,53.93123839337848,14.06876160662152,validation
img14322,7521,images/img14322.jpg,68.0,63.290841858261786,4.709158141738215,validation
img14346,7534,images/img14346.jpg,67.0,76.86578551878159,9.865785518781593,validation
img14347,7534,images/img14347.jpg,67.0,67.08407655446791,0.0840765544679129,validation
img14350,7536,images/img14350.jpg,79.0,73.6455062852256,5.354493714774407,validation
img14351,7536,images/img14351.jpg,79.0,63.04102445132671,15.958975548673289,validation
img14362,7542,images/img14362.jpg,87.0,86.77658785879309,0.2234121412069072,validation
img14372,7547,images/img14372.jpg,47.0,53.50288942187349,6.5028894218734905,validation
img14373,7547,images/img14373.jpg,47.0,46.33950135257629,0.660498647423708,validation
img14374,7548,images/img14374.jpg,53.0,57.03521128366275,4.035211283662747,validation
img14375,7548,images/img14375.jpg,53.0,55.64610387695648,2.6461038769564738,validation
img14394,7559,images/img14394.jpg,89.0,65.47474344410489,23.525256555895112,validation
img14395,7559,images/img14395.jpg,89.0,61.82083859311789,27.17916140688211,validation
img14426,7575,images/img14426.jpg,61.0,53.90456833320463,7.0954316667953705,validation
img14427,7575,images/img14427.jpg,61.0,66.38237562084801,5.382375620848009,validation
img14429,7576,images/img14429.jpg,59.0,61.55778553797157,2.5577855379715686,validation
img14440,7582,images/img14440.jpg,64.0,52.56851902180448,11.431480978195523,validation
img14441,7582,images/img14441.jpg,64.0,61.336566117802754,2.6634338821972463,validation
img14456,7590,images/img14456.jpg,91.0,83.47707250547016,7.5229274945298386,validation
img14457,7590,images/img14457.jpg,91.0,78.37096969526353,12.629030304736474,validation
img14504,7614,images/img14504.jpg,67.0,68.78514963320876,1.7851496332087606,validation
img14505,7614,images/img14505.jpg,67.0,67.92907497406108,0.9290749740610806,validation
img14645,7685,images/img14645.jpg,63.0,64.6084094126168,1.608409412616794,validation
img14646,7685,images/img14646.jpg,63.0,59.81056191550798,3.189438084492018,validation
img14649,7687,images/img14649.jpg,46.0,38.978616003284536,7.021383996715464,validation
img14650,7687,images/img14650.jpg,46.0,65.10397515896254,19.10397515896254,validation
img14659,7692,images/img14659.jpg,53.0,64.26597954895773,11.26597954895773,validation
img14660,7692,images/img14660.jpg,53.0,53.19764473887515,0.1976447388751481,validation
img14675,7700,images/img14675.jpg,57.0,55.785158479367645,1.2148415206323548,validation
img14676,7700,images/img14676.jpg,57.0,65.29776245491766,8.29776245491766,validation
img14679,7702,images/img14679.jpg,77.0,56.356691377034615,20.643308622965385,validation
img14680,7702,images/img14680.jpg,77.0,62.21647824917795,14.783521750822048,validation
img14681,7703,images/img14681.jpg,58.0,60.19666391068147,2.1966639106814725,validation
img14682,7703,images/img14682.jpg,58.0,57.39297720898171,0.6070227910182879,validation
img14689,7707,images/img14689.jpg,66.0,57.79204438097914,8.207955619020858,validation
img14690,7707,images/img14690.jpg,66.0,59.505474280411946,6.494525719588054,validation
img14729,7728,images/img14729.jpg,87.0,84.38273503977183,2.617264960228169,validation
img14730,7728,images/img14730.jpg,87.0,74.67647668641317,12.323523313586833,validation
img14778,7753,images/img14778.jpg,60.0,64.27353529803547,4.273535298035469,validation
img14779,7753,images/img14779.jpg,60.0,59.69574953812116,0.3042504618788371,validation
img14811,7770,images/img14811.jpg,79.0,69.54929892020505,9.450701079794952,validation
img14854,7793,images/img14854.jpg,66.0,58.71699129344126,7.283008706558739,validation
img14855,7793,images/img14855.jpg,66.0,62.01520718443364,3.984792815566358,validation
img14915,7823,images/img14915.jpg,67.0,63.51391477086098,3.4860852291390216,validation
img14916,7823,images/img14916.jpg,67.0,71.59285203068488,4.592852030684881,validation
img14931,7831,images/img14931.jpg,73.0,66.88139096799239,6.118609032007612,validation
img14937,7834,images/img14937.jpg,69.0,61.54025942831809,7.459740571681912,validation
img14938,7834,images/img14938.jpg,69.0,60.97359078950727,8.02640921049273,validation
img14959,7845,images/img14959.jpg,63.0,59.33047902017006,3.66952097982994,validation
img14960,7845,images/img14960.jpg,63.0,72.04086389033361,9.040863890333611,validation
img14989,7861,images/img14989.jpg,60.0,62.97237924947172,2.9723792494717216,validation
img14990,7861,images/img14990.jpg,60.0,63.79356146374082,3.793561463740822,validation
img14999,7866,images/img14999.jpg,68.0,66.40466006381936,1.5953399361806362,validation
img15000,7866,images/img15000.jpg,68.0,63.68057804004964,4.319421959950361,validation
img15005,7869,images/img15005.jpg,49.0,57.31867337489666,8.318673374896662,validation
img15006,7869,images/img15006.jpg,49.0,53.98593414249402,4.985934142494017,validation
img15007,7870,images/img15007.jpg,61.0,67.8710763112501,6.871076311250107,validation
img15008,7870,images/img15008.jpg,61.0,64.40230421712955,3.4023042171295543,validation
img15021,7877,images/img15021.jpg,57.0,54.88530630847249,2.1146936915275134,validation
img15022,7877,images/img15022.jpg,57.0,61.91315222258333,4.913152222583328,validation
img15027,7880,images/img15027.jpg,59.0,51.27630161634713,7.723698383652866,validation
img15028,7880,images/img15028.jpg,59.0,59.69630874862053,0.696308748620531,validation
img15053,7893,images/img15053.jpg,74.0,68.2024670161094,5.797532983890605,validation
img15054,7893,images/img15054.jpg,74.0,70.6658135319023,3.3341864680976983,validation
img15064,7899,images/img15064.jpg,64.0,59.75715063282955,4.24284936717045,validation
img15065,7899,images/img15065.jpg,64.0,56.79770138137911,7.202298618620887,validation
img15072,7903,images/img15072.jpg,64.0,68.57845278156178,4.578452781561779,validation
img15073,7903,images/img15073.jpg,64.0,70.40966076896368,6.409660768963676,validation
img15082,7908,images/img15082.jpg,54.0,83.67760958939326,29.677609589393256,validation
img15083,7908,images/img15083.jpg,54.0,77.83368264681485,23.83368264681485,validation
img15098,7917,images/img15098.jpg,58.0,58.25097256942768,0.250972569427681,validation
img15099,7917,images/img15099.jpg,58.0,60.63810211594711,2.638102115947113,validation
img15110,7923,images/img15110.jpg,73.0,61.929126938896296,11.070873061103704,validation
img15111,7923,images/img15111.jpg,73.0,69.79363710032624,3.2063628996737634,validation
img15140,7938,images/img15140.jpg,42.0,39.77891139185178,2.221088608148221,validation
img15141,7938,images/img15141.jpg,42.0,42.29198865276536,0.2919886527653546,validation
img15174,7957,images/img15174.jpg,57.0,53.1637774678033,3.8362225321967,validation
img15175,7957,images/img15175.jpg,57.0,60.23680982601437,3.2368098260143725,validation
img15188,7964,images/img15188.jpg,39.0,52.17561352609919,13.175613526099191,validation
img15189,7964,images/img15189.jpg,39.0,56.02084661916818,17.020846619168182,validation
img15190,7965,images/img15190.jpg,75.0,78.45521280752698,3.4552128075269763,validation
img15191,7965,images/img15191.jpg,75.0,73.02260522719956,1.9773947728004373,validation
img15192,7966,images/img15192.jpg,71.0,62.62613333990864,8.373866660091366,validation
img15193,7966,images/img15193.jpg,71.0,54.68722964168556,16.312770358314445,validation
img15211,7977,images/img15211.jpg,58.0,68.00672752747974,10.00672752747974,validation
img15212,7978,images/img15212.jpg,47.0,54.8599989660343,7.859998966034297,validation
img15213,7978,images/img15213.jpg,47.0,54.01432927571979,7.014329275719788,validation
img15226,7985,images/img15226.jpg,65.0,72.0444988949058,7.0444988949058,validation
img15227,7985,images/img15227.jpg,65.0,57.488306717109324,7.5116932828906755,validation
img15246,7995,images/img15246.jpg,78.0,60.68135000000321,17.318649999996786,validation
img15247,7995,images/img15247.jpg,78.0,61.81071772830244,16.189282271697564,validation
img15257,8001,images/img15257.jpg,40.0,34.02469479163596,5.975305208364041,validation
img15258,8001,images/img15258.jpg,40.0,35.05838408463225,4.941615915367748,validation
img15271,8008,images/img15271.jpg,77.0,71.01911460035451,5.980885399645487,validation
img15272,8008,images/img15272.jpg,77.0,75.60185745733806,1.3981425426619438,validation
img15283,8014,images/img15283.jpg,76.0,56.1171417946708,19.8828582053292,validation
img15284,8014,images/img15284.jpg,76.0,58.70074256125708,17.29925743874292,validation
img15300,8023,images/img15300.jpg,64.0,60.45848184951276,3.541518150487242,validation
img15301,8023,images/img15301.jpg,64.0,62.70476144435934,1.2952385556406585,validation
img15340,8045,images/img15340.jpg,64.0,54.17192139263448,9.828078607365526,validation
img15341,8045,images/img15341.jpg,64.0,58.15877399936289,5.841226000637107,validation
img15375,8063,images/img15375.jpg,54.0,63.02157068773343,9.02157068773343,validation
img15376,8063,images/img15376.jpg,54.0,55.202822812712185,1.202822812712185,validation
img15381,8066,images/img15381.jpg,54.0,63.20813050835105,9.208130508351047,validation
img15388,8070,images/img15388.jpg,62.0,69.89690482097771,7.89690482097771,validation
img15389,8070,images/img15389.jpg,62.0,60.35922321281189,1.6407767871881092,validation
img15404,8078,images/img15404.jpg,58.0,58.58050412431497,0.5805041243149702,validation
img15405,8078,images/img15405.jpg,58.0,54.443599540387794,3.556400459612206,validation
img15410,8081,images/img15410.jpg,51.0,55.091997707067314,4.091997707067314,validation
img15411,8081,images/img15411.jpg,51.0,55.0597957981262,4.059795798126203,validation
img15412,8082,images/img15412.jpg,53.0,38.17936651012224,14.820633489877755,validation
img15413,8082,images/img15413.jpg,53.0,48.22072364381137,4.779276356188632,validation
img15422,8088,images/img15422.jpg,72.0,78.90896345927258,6.908963459272584,validation
img15423,8088,images/img15423.jpg,72.0,59.505820549224325,12.494179450775675,validation
img15424,8089,images/img15424.jpg,68.0,73.23036542401843,5.23036542401843,validation
img15425,8089,images/img15425.jpg,68.0,68.44038804444457,0.4403880444445747,validation
img15428,8091,images/img15428.jpg,71.0,53.8768016642407,17.123198335759298,validation
img15429,8091,images/img15429.jpg,71.0,49.38219867059666,21.617801329403346,validation
img15446,8100,images/img15446.jpg,87.0,73.20570235969336,13.794297640306638,validation
img15447,8100,images/img15447.jpg,87.0,69.19319498294078,17.80680501705922,validation
img15476,8115,images/img15476.jpg,53.0,60.651961593325865,7.651961593325865,validation
img15477,8115,images/img15477.jpg,53.0,65.00270543662377,12.00270543662377,validation
img15505,8130,images/img15505.jpg,45.0,39.63946376070592,5.360536239294078,validation
img15506,8130,images/img15506.jpg,45.0,44.7371928640103,0.2628071359897035,validation
img15511,8133,images/img15511.jpg,71.0,48.42752301283903,22.572476987160968,validation
img15512,8133,images/img15512.jpg,71.0,54.55214199839703,16.447858001602974,validation
img15513,8134,images/img15513.jpg,57.0,58.35572052108893,1.3557205210889336,validation
img15514,8134,images/img15514.jpg,57.0,60.890114376378,3.890114376377994,validation
img15523,8139,images/img15523.jpg,91.0,83.38354611720357,7.616453882796435,validation
img15524,8139,images/img15524.jpg,91.0,79.99459198351578,11.005408016484225,validation
img15554,8155,images/img15554.jpg,59.0,81.16566547271927,22.16566547271927,validation
img15555,8155,images/img15555.jpg,59.0,62.269466102355885,3.269466102355885,validation
img15585,8171,images/img15585.jpg,64.0,55.20990141972562,8.790098580274382,validation
img15586,8171,images/img15586.jpg,64.0,59.02318344425302,4.976816555746979,validation
img15587,8172,images/img15587.jpg,77.0,81.04519446310238,4.045194463102376,validation
img15588,8172,images/img15588.jpg,77.0,64.51952029991004,12.480479700089958,validation
img15598,8178,images/img15598.jpg,72.0,72.05434819772351,0.0543481977235131,validation
img15599,8178,images/img15599.jpg,72.0,70.9747354806271,1.0252645193728966,validation
img15608,8183,images/img15608.jpg,65.0,66.55137443227831,1.5513744322783083,validation
img15609,8183,images/img15609.jpg,65.0,63.53611578213423,1.4638842178657685,validation
img15612,8185,images/img15612.jpg,76.0,74.09465565155564,1.905344348444359,validation
img15617,8188,images/img15617.jpg,43.0,41.871636854910754,1.1283631450892455,validation
img15618,8188,images/img15618.jpg,43.0,36.95988736747381,6.0401126325261885,validation
img15621,8190,images/img15621.jpg,51.0,64.0681826237468,13.068182623746791,validation
img15622,8190,images/img15622.jpg,51.0,59.24599842748488,8.245998427484878,validation
img15636,8198,images/img15636.jpg,71.0,62.34484418771714,8.655155812282857,validation
img15637,8198,images/img15637.jpg,71.0,53.33556088032088,17.664439119679116,validation
img15640,8200,images/img15640.jpg,60.0,64.46942365498919,4.4694236549891855,validation
img15641,8200,images/img15641.jpg,60.0,62.10817954260043,2.108179542600432,validation
img15734,8249,images/img15734.jpg,68.0,73.14907895663802,5.1490789566380215,validation
img15735,8249,images/img15735.jpg,68.0,67.32821624349035,0.6717837565096545,validation
img15751,8259,images/img15751.jpg,76.0,59.33254218245612,16.667457817543877,validation
img15752,8259,images/img15752.jpg,76.0,78.1535892238178,2.153589223817804,validation
img15771,8270,images/img15771.jpg,45.0,46.13900898368093,1.139008983680931,validation
img15772,8270,images/img15772.jpg,45.0,23.791534182368792,21.208465817631208,validation
img15788,8279,images/img15788.jpg,74.0,71.89809644103062,2.101903558969383,validation
img15789,8279,images/img15789.jpg,74.0,76.17482927914466,2.17482927914466,validation
img15798,8284,images/img15798.jpg,58.0,72.42828361556242,14.42828361556242,validation
img15799,8284,images/img15799.jpg,58.0,66.71653538559592,8.716535385595918,validation
img15802,8286,images/img15802.jpg,59.0,58.70245536494164,0.2975446350583652,validation
img15803,8286,images/img15803.jpg,59.0,47.70118628015488,11.29881371984512,validation
img15812,8291,images/img15812.jpg,70.0,73.60058840394443,3.6005884039444283,validation
img15813,8291,images/img15813.jpg,70.0,80.61751158191916,10.61751158191916,validation
img15814,8292,images/img15814.jpg,48.0,59.96260255266762,11.96260255266762,validation
img15815,8292,images/img15815.jpg,48.0,55.13649052293234,7.136490522932341,validation
img15816,8293,images/img15816.jpg,68.0,59.835200986403535,8.164799013596465,validation
img15817,8293,images/img15817.jpg,68.0,63.28290984858476,4.717090151415242,validation
img15818,8294,images/img15818.jpg,73.0,69.87741561254536,3.122584387454637,validation
img15819,8294,images/img15819.jpg,73.0,72.29718351666844,0.70281648333156,validation
img15829,8300,images/img15829.jpg,15.0,19.51142045191338,4.511420451913381,validation
img15830,8300,images/img15830.jpg,15.0,16.64991606057132,1.6499160605713217,validation
img15886,8330,images/img15886.jpg,71.0,74.62962297161395,3.629622971613955,validation
img15887,8330,images/img15887.jpg,71.0,72.88189903161437,1.881899031614367,validation
img15917,8346,images/img15917.jpg,60.0,66.6351682130435,6.6351682130435,validation
img15918,8346,images/img15918.jpg,60.0,57.16134859386429,2.8386514061357104,validation
img15962,8369,images/img15962.jpg,73.0,57.87231603535192,15.127683964648078,validation
img15963,8369,images/img15963.jpg,73.0,71.98548487378199,1.014515126218015,validation
img15971,8373,images/img15971.jpg,75.0,78.26516085230386,3.2651608523038647,validation
img15972,8373,images/img15972.jpg,75.0,81.85581029819427,6.855810298194271,validation
img15975,8375,images/img15975.jpg,73.0,69.65012585470814,3.349874145291864,validation
img15977,8377,images/img15977.jpg,67.0,67.04887164970036,0.0488716497003594,validation
img15978,8377,images/img15978.jpg,67.0,56.22261881940632,10.777381180593686,validation
img15985,8381,images/img15985.jpg,89.0,81.48315743822423,7.516842561775775,validation
img15986,8381,images/img15986.jpg,89.0,81.88078527710309,7.119214722896913,validation
img15991,8384,images/img15991.jpg,73.0,75.542742009444,2.542742009443998,validation
img15992,8384,images/img15992.jpg,73.0,76.272022299686,3.272022299686,validation
img15994,8386,images/img15994.jpg,70.0,73.1451593027429,3.145159302742897,validation
img15995,8386,images/img15995.jpg,70.0,74.5368218392851,4.536821839285096,validation
img16010,8395,images/img16010.jpg,54.0,55.71429184038755,1.714291840387553,validation
img16011,8395,images/img16011.jpg,54.0,59.27782516643714,5.27782516643714,validation
img16045,8413,images/img16045.jpg,59.0,69.5763591462612,10.576359146261195,validation
img16046,8413,images/img16046.jpg,59.0,68.21568085211199,9.215680852111989,validation
img16053,8417,images/img16053.jpg,43.0,47.355004716607326,4.355004716607326,validation
img16054,8417,images/img16054.jpg,43.0,30.18445478578048,12.815545214219522,validation
img16069,8425,images/img16069.jpg,65.0,56.00697991649532,8.993020083504682,validation
img16070,8425,images/img16070.jpg,65.0,63.28847959606456,1.7115204039354452,validation
img16096,8439,images/img16096.jpg,80.0,84.04314294445865,4.043142944458651,validation
img16097,8439,images/img16097.jpg,80.0,81.66122358479197,1.6612235847919692,validation
img16100,8441,images/img16100.jpg,80.0,79.51841401883213,0.4815859811678677,validation
img16101,8441,images/img16101.jpg,80.0,78.43593953996032,1.564060460039684,validation
img16138,8460,images/img16138.jpg,67.0,56.769627978230986,10.230372021769014,validation
img16139,8460,images/img16139.jpg,67.0,56.392246367751056,10.607753632248944,validation
img16142,8462,images/img16142.jpg,62.0,63.485529453129104,1.4855294531291037,validation
img16143,8462,images/img16143.jpg,62.0,67.91497229055585,5.914972290555852,validation
img16158,8470,images/img16158.jpg,48.0,49.64815438540961,1.6481543854096117,validation
img16167,8475,images/img16167.jpg,45.0,47.00660048899792,2.0066004889979183,validation
img16168,8475,images/img16168.jpg,45.0,55.118187353345554,10.118187353345554,validation
img16179,8481,images/img16179.jpg,62.0,62.29322723185312,0.2932272318531161,validation
img16180,8481,images/img16180.jpg,62.0,59.72716702550856,2.2728329744914437,validation
img16183,8483,images/img16183.jpg,79.0,68.7904238252613,10.2095761747387,validation
img16184,8483,images/img16184.jpg,79.0,80.53277115129839,1.532771151298391,validation
img16207,8495,images/img16207.jpg,49.0,39.04586086134394,9.95413913865606,validation
img16208,8495,images/img16208.jpg,49.0,40.08696085223043,8.913039147769567,validation
img16211,8497,images/img16211.jpg,49.0,32.84616588951454,16.153834110485462,validation
img16233,8508,images/img16233.jpg,19.0,20.98450578214009,1.98450578214009,validation
img16234,8508,images/img16234.jpg,19.0,23.85143923221613,4.85143923221613,validation
img16241,8512,images/img16241.jpg,22.0,25.324845201910044,3.324845201910044,validation
img16242,8512,images/img16242.jpg,22.0,28.053598310163025,6.053598310163025,validation
img00003,2,images/img00003.jpg,18.0,17.927156112956403,0.0728438870435965,test
img00004,2,images/img00004.jpg,18.0,20.24302810481877,2.243028104818769,test
img00009,5,images/img00009.jpg,23.0,21.76054926651539,1.2394507334846097,test
img00010,5,images/img00010.jpg,23.0,25.06017149966074,2.06017149966074,test
img00051,26,images/img00051.jpg,13.0,16.834940301699703,3.834940301699703,test
img00052,26,images/img00052.jpg,13.0,17.558647572630612,4.558647572630612,test
img00068,35,images/img00068.jpg,20.0,23.729633315429624,3.729633315429624,test
img00069,35,images/img00069.jpg,20.0,23.843222573216167,3.843222573216167,test
img00110,56,images/img00110.jpg,15.0,21.011803761270563,6.011803761270564,test
img00111,56,images/img00111.jpg,15.0,21.110872631756145,6.110872631756145,test
img00128,65,images/img00128.jpg,30.0,31.522018682419045,1.522018682419045,test
img00129,65,images/img00129.jpg,30.0,31.158038356609826,1.1580383566098256,test
img00156,79,images/img00156.jpg,20.0,30.05817518499904,10.058175184999037,test
img00157,79,images/img00157.jpg,20.0,26.04275260655986,6.0427526065598585,test
img00164,83,images/img00164.jpg,22.0,23.967469276151057,1.967469276151057,test
img00165,83,images/img00165.jpg,22.0,23.449608180729637,1.4496081807296337,test
img00217,110,images/img00217.jpg,22.0,26.34892839821512,4.348928398215122,test
img00218,110,images/img00218.jpg,22.0,24.63881415898718,2.6388141589871807,test
img00221,112,images/img00221.jpg,26.0,33.3775527355223,7.3775527355223005,test
img00222,112,images/img00222.jpg,26.0,35.79699781895731,9.796997818957308,test
img00225,114,images/img00225.jpg,13.0,25.12553832655503,12.12553832655503,test
img00226,114,images/img00226.jpg,13.0,21.998267441310094,8.998267441310098,test
img00231,117,images/img00231.jpg,19.0,24.789558332994943,5.789558332994943,test
img00232,117,images/img00232.jpg,19.0,24.094124046921344,5.094124046921344,test
img00273,138,images/img00273.jpg,13.0,18.98331198086631,5.983311980866311,test
img00274,138,images/img00274.jpg,13.0,18.717643641902384,5.717643641902384,test
img00287,145,images/img00287.jpg,15.0,19.21607878429656,4.216078784296556,test
img00288,145,images/img00288.jpg,15.0,21.49010405385624,6.490104053856236,test
img00291,147,images/img00291.jpg,10.0,18.696228415445887,8.696228415445887,test
img00292,147,images/img00292.jpg,10.0,20.01848450405108,10.01848450405108,test
img00293,148,images/img00293.jpg,19.0,21.568374983390235,2.5683749833902354,test
img00294,148,images/img00294.jpg,19.0,21.343789939426102,2.3437899394261024,test
img00299,151,images/img00299.jpg,23.0,34.14310454753504,11.14310454753504,test
img00300,151,images/img00300.jpg,23.0,29.60976416193193,6.609764161931935,test
img00305,154,images/img00305.jpg,28.0,26.35787794742586,1.6421220525741411,test
img00306,154,images/img00306.jpg,28.0,28.13642799130571,0.1364279913057089,test
img00311,157,images/img00311.jpg,25.0,27.261518489985303,2.2615184899853027,test
img00312,157,images/img00312.jpg,25.0,24.40142316732229,0.5985768326777077,test
img00317,160,images/img00317.jpg,24.0,27.410692184969975,3.410692184969978,test
img00318,160,images/img00318.jpg,24.0,28.25844548651616,4.258445486516159,test
img00344,174,images/img00344.jpg,76.0,75.64903944587752,0.35096055412248,test
img00345,174,images/img00345.jpg,76.0,73.641724048245,2.3582759517550045,test
img00394,202,images/img00394.jpg,74.0,71.28362471103893,2.716375288961075,test
img00395,202,images/img00395.jpg,74.0,70.9639995115276,3.0360004884723963,test
img00424,218,images/img00424.jpg,38.0,36.37574115117376,1.6242588488262442,test
img00425,218,images/img00425.jpg,38.0,30.834818505112327,7.165181494887673,test
img00427,220,images/img00427.jpg,49.0,61.74309333781245,12.743093337812454,test
img00428,220,images/img00428.jpg,49.0,54.74487740058981,5.744877400589807,test
img00441,227,images/img00441.jpg,41.0,44.15131803017441,3.1513180301744086,test
img00442,227,images/img00442.jpg,41.0,42.83020708252356,1.8302070825235572,test
img00451,232,images/img00451.jpg,60.0,62.51489707413064,2.514897074130637,test
img00452,232,images/img00452.jpg,60.0,72.62652823635598,12.62652823635598,test
img00463,238,images/img00463.jpg,49.0,60.67454377294534,11.67454377294534,test
img00464,238,images/img00464.jpg,49.0,52.82589654025902,3.825896540259024,test
img00478,246,images/img00478.jpg,59.0,59.09429451629634,0.094294516296344,test
img00479,246,images/img00479.jpg,59.0,60.284291732422815,1.2842917324228154,test
img00482,248,images/img00482.jpg,37.0,64.29300596609046,27.293005966090465,test
img00483,248,images/img00483.jpg,37.0,63.75395594587733,26.75395594587733,test
img00487,251,images/img00487.jpg,64.0,62.75136704528512,1.2486329547148856,test
img00488,251,images/img00488.jpg,64.0,56.211344088753066,7.788655911246934,test
img00495,255,images/img00495.jpg,87.0,79.91899523076276,7.081004769237239,test
img00509,264,images/img00509.jpg,57.0,61.11437769026448,4.114377690264476,test
img00510,264,images/img00510.jpg,57.0,64.38500113730956,7.385001137309558,test
img00526,273,images/img00526.jpg,51.0,57.9080823318397,6.908082331839701,test
img00527,273,images/img00527.jpg,51.0,66.5142598686431,15.514259868643094,test
img00530,275,images/img00530.jpg,77.0,85.60882764408416,8.608827644084158,test
img00531,275,images/img00531.jpg,77.0,77.1046313847637,0.1046313847637065,test
img00546,283,images/img00546.jpg,53.0,66.77426248640916,13.774262486409157,test
img00547,283,images/img00547.jpg,53.0,59.99727960198574,6.997279601985738,test
img00575,298,images/img00575.jpg,75.0,76.42134431768952,1.4213443176895169,test
img00576,298,images/img00576.jpg,75.0,84.1956909881221,9.195690988122095,test
img00593,307,images/img00593.jpg,11.0,13.356796046825735,2.3567960468257354,test
img00594,307,images/img00594.jpg,11.0,14.862026028945834,3.8620260289458335,test
img00609,316,images/img00609.jpg,62.0,67.77529017816696,5.775290178166955,test
img00610,316,images/img00610.jpg,62.0,67.6653926366951,5.665392636695103,test
img00611,317,images/img00611.jpg,78.0,80.35780670080123,2.357806700801234,test
img00635,329,images/img00635.jpg,68.0,60.16420843481476,7.835791565185239,test
img00636,329,images/img00636.jpg,68.0,70.03863182792792,2.038631827927915,test
img00645,334,images/img00645.jpg,68.0,75.96278843637745,7.962788436377451,test
img00646,334,images/img00646.jpg,68.0,73.29327837743915,5.293278377439151,test
img00651,337,images/img00651.jpg,30.0,44.63073183601188,14.630731836011876,test
img00652,337,images/img00652.jpg,30.0,52.51907347131195,22.51907347131195,test
img00655,339,images/img00655.jpg,52.0,52.56921973900749,0.5692197390074867,test
img00656,339,images/img00656.jpg,52.0,49.94083714479152,2.059162855208484,test
img00669,346,images/img00669.jpg,49.0,63.336469726934645,14.336469726934643,test
img00670,346,images/img00670.jpg,49.0,69.92594014252748,20.92594014252748,test
img00677,350,images/img00677.jpg,77.0,75.31081497604693,1.6891850239530726,test
img00678,350,images/img00678.jpg,77.0,73.83891077691884,3.161089223081163,test
img00695,360,images/img00695.jpg,75.0,70.18714025054864,4.812859749451363,test
img00707,366,images/img00707.jpg,74.0,67.66027222071358,6.33972777928642,test
img00722,374,images/img00722.jpg,9.0,12.570740758678248,3.570740758678248,test
img00723,374,images/img00723.jpg,9.0,14.06595893702616,5.06595893702616,test
img00753,390,images/img00753.jpg,47.0,45.06667391000192,1.933326089998076,test
img00754,390,images/img00754.jpg,47.0,48.666942539908746,1.666942539908746,test
img00784,406,images/img00784.jpg,78.0,69.20109754613613,8.798902453863874,test
img00785,406,images/img00785.jpg,78.0,76.31114685834868,1.6888531416513215,test
img00794,411,images/img00794.jpg,68.0,61.26569716127549,6.73430283872451,test
img00808,418,images/img00808.jpg,80.0,82.98085130225437,2.980851302254365,test
img00809,418,images/img00809.jpg,80.0,71.95972247414076,8.040277525859238,test
img00813,421,images/img00813.jpg,84.0,78.57763164737666,5.422368352623337,test
img00814,421,images/img00814.jpg,84.0,83.36610943760556,0.6338905623944413,test
img00821,425,images/img00821.jpg,57.0,59.87364609476664,2.8736460947666345,test
img00822,425,images/img00822.jpg,57.0,62.76544737127649,5.765447371276487,test
img00860,446,images/img00860.jpg,69.0,68.59437569387919,0.4056243061208135,test
img00861,446,images/img00861.jpg,69.0,63.66681071925245,5.333189280747547,test
img00896,464,images/img00896.jpg,77.0,73.65265414600151,3.3473458539984904,test
img00897,464,images/img00897.jpg,77.0,64.93030744426987,12.069692555730128,test
img00898,465,images/img00898.jpg,84.0,70.90752334088067,13.092476659119328,test
img00899,465,images/img00899.jpg,84.0,67.06937621644555,16.930623783554452,test
img00910,471,images/img00910.jpg,54.0,55.72458720287224,1.724587202872236,test
img00911,471,images/img00911.jpg,54.0,61.40894775100017,7.40894775100017,test
img00927,480,images/img00927.jpg,62.0,60.42934401058232,1.5706559894176806,test
img00928,480,images/img00928.jpg,62.0,64.78681637494478,2.7868163749447774,test
img00929,481,images/img00929.jpg,65.0,59.16718328334497,5.832816716655032,test
img00934,484,images/img00934.jpg,59.0,62.35627596627271,3.3562759662727046,test
img00935,484,images/img00935.jpg,59.0,61.75358337425938,2.753583374259378,test
img00982,509,images/img00982.jpg,73.0,35.67570667029503,37.32429332970497,test
img00983,509,images/img00983.jpg,73.0,61.46913908608609,11.530860913913912,test
img01004,520,images/img01004.jpg,43.0,51.85288008685468,8.852880086854682,test
img01009,523,images/img01009.jpg,88.0,65.07840634267312,22.92159365732688,test
img01022,531,images/img01022.jpg,46.0,55.184506555800205,9.184506555800205,test
img01023,531,images/img01023.jpg,46.0,60.09726049544566,14.09726049544566,test
img01047,544,images/img01047.jpg,78.0,74.87168941020383,3.128310589796172,test
img01056,549,images/img01056.jpg,78.0,76.79766599115517,1.202334008844829,test
img01057,549,images/img01057.jpg,78.0,78.8021665232609,0.8021665232608939,test
img01145,596,images/img01145.jpg,77.0,83.59092787220229,6.590927872202286,test
img01146,596,images/img01146.jpg,77.0,78.39645071741312,1.396450717413117,test
img01194,622,images/img01194.jpg,61.0,65.79052097000964,4.790520970009638,test
img01195,622,images/img01195.jpg,61.0,66.22958764288937,5.229587642889371,test
img01196,623,images/img01196.jpg,68.0,69.88343141969214,1.883431419692144,test
img01267,661,images/img01267.jpg,29.0,49.91912472699211,20.91912472699211,test
img01268,661,images/img01268.jpg,29.0,42.54405817024396,13.544058170243956,test
img01308,684,images/img01308.jpg,55.0,59.80456982913813,4.804569829138124,test
img01309,684,images/img01309.jpg,55.0,62.44312236563902,7.44312236563902,test
img01341,701,images/img01341.jpg,61.0,71.8213152853477,10.821315285347694,test
img01354,708,images/img01354.jpg,63.0,59.63833298862865,3.3616670113713525,test
img01355,708,images/img01355.jpg,63.0,53.58702756288281,9.41297243711719,test
img01393,728,images/img01393.jpg,65.0,61.42388856862294,3.5761114313770577,test
img01396,730,images/img01396.jpg,76.0,82.18239795470794,6.1823979547079375,test
img01397,730,images/img01397.jpg,76.0,77.86929762110509,1.8692976211050905,test
img01405,735,images/img01405.jpg,72.0,75.6932811486904,3.693281148690403,test
img01406,735,images/img01406.jpg,72.0,78.90679314451151,6.906793144511511,test
img01473,772,images/img01473.jpg,91.0,74.33481679371958,16.665183206280417,test
img01474,772,images/img01474.jpg,91.0,83.72144340390433,7.278556596095669,test
img01479,775,images/img01479.jpg,43.0,34.624347307068135,8.375652692931865,test
img01480,775,images/img01480.jpg,43.0,52.948201411318486,9.948201411318486,test
img01535,804,images/img01535.jpg,43.0,53.54761044797157,10.547610447971564,test
img01536,804,images/img01536.jpg,43.0,40.10631155313782,2.8936884468621784,test
img01541,807,images/img01541.jpg,43.0,46.7986985128228,3.798698512822796,test
img01542,807,images/img01542.jpg,43.0,50.14026235137848,7.140262351378475,test
img01551,812,images/img01551.jpg,19.0,48.11706330340412,29.11706330340412,test
img01552,812,images/img01552.jpg,19.0,37.15778299292892,18.157782992928915,test
img01586,830,images/img01586.jpg,44.0,45.86565075055604,1.865650750556036,test
img01587,830,images/img01587.jpg,44.0,32.50255598536728,11.49744401463272,test
img01620,848,images/img01620.jpg,49.0,37.22481191012264,11.77518808987736,test
img01621,848,images/img01621.jpg,49.0,47.03798716664059,1.9620128333594096,test
img01637,857,images/img01637.jpg,60.0,48.713141888448334,11.286858111551666,test
img01643,860,images/img01643.jpg,80.0,62.43059834073511,17.56940165926489,test
img01644,860,images/img01644.jpg,80.0,72.4475939638838,7.552406036116196,test
img01700,892,images/img01700.jpg,31.0,40.48879517554822,9.48879517554822,test
img01701,892,images/img01701.jpg,31.0,22.623455509413503,8.376544490586497,test
img01704,894,images/img01704.jpg,28.0,65.6743071582168,37.674307158216806,test
img01720,902,images/img01720.jpg,8.0,46.119361636735846,38.119361636735846,test
img01721,902,images/img01721.jpg,8.0,53.11795656108386,45.11795656108386,test
img01728,906,images/img01728.jpg,28.0,32.954025080087675,4.954025080087675,test
img01729,906,images/img01729.jpg,28.0,31.163672450105157,3.163672450105153,test
img01744,915,images/img01744.jpg,58.0,47.65254396424604,10.347456035753964,test
img01745,915,images/img01745.jpg,58.0,56.69908463708104,1.300915362918964,test
img01757,923,images/img01757.jpg,35.0,44.3916972944249,9.3916972944249,test
img01778,935,images/img01778.jpg,59.0,69.64875168556294,10.648751685562942,test
img01779,935,images/img01779.jpg,59.0,62.84732713073229,3.847327130732289,test
img01782,937,images/img01782.jpg,84.0,71.00173136066772,12.99826863933228,test
img01783,937,images/img01783.jpg,84.0,67.44014341097746,16.559856589022544,test
img01808,950,images/img01808.jpg,71.0,85.31789204261543,14.317892042615426,test
img01819,957,images/img01819.jpg,25.0,39.21599390762424,14.215993907624238,test
img01820,957,images/img01820.jpg,25.0,37.1196443460974,12.119644346097402,test
img01823,959,images/img01823.jpg,32.0,49.15820691870792,17.15820691870792,test
img01838,967,images/img01838.jpg,25.0,23.19464963621481,1.8053503637851875,test
img01842,969,images/img01842.jpg,82.0,78.05999303648352,3.940006963516481,test
img01843,969,images/img01843.jpg,82.0,56.59725236424845,25.402747635751552,test
img01894,999,images/img01894.jpg,54.0,48.77438511729659,5.225614882703411,test
img01895,999,images/img01895.jpg,54.0,52.305108791741446,1.6948912082585537,test
img01958,1033,images/img01958.jpg,47.0,55.84900404103463,8.849004041034625,test
img01959,1033,images/img01959.jpg,47.0,55.25060354637919,8.250603546379189,test
img01963,1036,images/img01963.jpg,34.0,48.27293116522471,14.272931165224705,test
img01964,1036,images/img01964.jpg,34.0,32.70134809259807,1.2986519074019327,test
img01965,1037,images/img01965.jpg,59.0,59.649213190957866,0.649213190957866,test
img02032,1072,images/img02032.jpg,78.0,77.0840057602605,0.9159942397395042,test
img02041,1077,images/img02041.jpg,60.0,64.84574096601311,4.845740966013111,test
img02042,1077,images/img02042.jpg,60.0,62.280588692853776,2.280588692853776,test
img02050,1082,images/img02050.jpg,56.0,57.05897244724155,1.0589724472415512,test
img02051,1082,images/img02051.jpg,56.0,64.44011240899995,8.440112408999951,test
img02059,1087,images/img02059.jpg,62.0,67.42544743539682,5.425447435396819,test
img02075,1096,images/img02075.jpg,64.0,71.48129894257619,7.481298942576188,test
img02091,1105,images/img02091.jpg,71.0,78.64720823054118,7.647208230541182,test
img02092,1105,images/img02092.jpg,71.0,68.6336180384686,2.3663819615314026,test
img02099,1109,images/img02099.jpg,52.0,45.268837094080176,6.731162905919824,test
img02100,1109,images/img02100.jpg,54.0,31.53090933866641,22.46909066133359,test
img02114,1117,images/img02114.jpg,42.0,42.23079886382831,0.2307988638283049,test
img02115,1117,images/img02115.jpg,42.0,39.87635743401351,2.123642565986493,test
img02167,1144,images/img02167.jpg,40.0,49.87904097645388,9.87904097645388,test
img02217,1170,images/img02217.jpg,56.0,46.10960285458405,9.890397145415951,test
img02218,1170,images/img02218.jpg,56.0,64.5329233568227,8.532923356822707,test
img02259,1192,images/img02259.jpg,38.0,39.684802617614125,1.6848026176141246,test
img02260,1192,images/img02260.jpg,38.0,41.81040344155639,3.8104034415563888,test
img02261,1193,images/img02261.jpg,42.0,49.23417666022892,7.234176660228918,test
img02262,1193,images/img02262.jpg,42.0,51.76889817578985,9.76889817578985,test
img02275,1200,images/img02275.jpg,33.0,42.086886273570975,9.086886273570975,test
img02276,1200,images/img02276.jpg,33.0,47.674849128815616,14.674849128815616,test
img02284,1205,images/img02284.jpg,36.0,45.285899694299765,9.285899694299763,test
img02285,1205,images/img02285.jpg,36.0,39.70690820047452,3.706908200474516,test
img02303,1215,images/img02303.jpg,47.0,59.24351238100354,12.24351238100354,test
img02311,1219,images/img02311.jpg,31.0,37.726545058465305,6.726545058465305,test
img02312,1219,images/img02312.jpg,31.0,45.69431367035804,14.694313670358037,test
img02314,1221,images/img02314.jpg,17.0,21.751407769868507,4.751407769868507,test
img02315,1221,images/img02315.jpg,17.0,23.4688814482963,6.468881448296301,test
img02321,1225,images/img02321.jpg,51.0,58.358600823241694,7.358600823241694,test
img02322,1225,images/img02322.jpg,51.0,68.42160991401435,17.421609914014354,test
img02381,1255,images/img02381.jpg,28.0,30.614914361125344,2.614914361125344,test
img02382,1255,images/img02382.jpg,28.0,21.86010454925396,6.139895450746039,test
img02390,1260,images/img02390.jpg,63.0,67.98501892681685,4.985018926816849,test
img02391,1260,images/img02391.jpg,63.0,60.10115642856388,2.8988435714361245,test
img02414,1272,images/img02414.jpg,60.0,67.88138694228086,7.881386942280855,test
img02415,1272,images/img02415.jpg,60.0,62.21206182223073,2.21206182223073,test
img02444,1287,images/img02444.jpg,34.0,34.03925225969164,0.0392522596916364,test
img02473,1302,images/img02473.jpg,78.0,64.09107671795002,13.908923282049985,test
img02474,1302,images/img02474.jpg,78.0,57.07638486075743,20.92361513924257,test
img02525,1329,images/img02525.jpg,59.0,65.91156127827239,6.911561278272387,test
img02526,1329,images/img02526.jpg,59.0,55.27581764162539,3.724182358374613,test
img02552,1343,images/img02552.jpg,82.0,74.84282095205027,7.157179047949725,test
img02563,1349,images/img02563.jpg,68.0,73.04897400624137,5.048974006241366,test
img02564,1349,images/img02564.jpg,68.0,75.66076350802904,7.660763508029035,test
img02567,1351,images/img02567.jpg,79.0,77.04734816239659,1.952651837603412,test
img02568,1351,images/img02568.jpg,79.0,74.62223735776371,4.377762642236291,test
img02584,1360,images/img02584.jpg,78.0,70.78026000948894,7.219739990511059,test
img02628,1384,images/img02628.jpg,74.0,77.10146643328801,3.10146643328801,test
img02629,1384,images/img02629.jpg,74.0,70.865716971164,3.134283028835995,test
img02632,1386,images/img02632.jpg,51.0,52.41219910195954,1.412199101959537,test
img02633,1386,images/img02633.jpg,51.0,53.31732669184397,2.3173266918439666,test
img02691,1419,images/img02691.jpg,42.0,50.21420901054682,8.214209010546817,test
img02713,1430,images/img02713.jpg,49.0,57.154062634542335,8.154062634542335,test
img02714,1430,images/img02714.jpg,49.0,58.442060059256654,9.442060059256654,test
img02737,1444,images/img02737.jpg,60.0,67.73596494718467,7.735964947184669,test
img02748,1450,images/img02748.jpg,61.0,73.52123667947163,12.521236679471627,test
img02749,1450,images/img02749.jpg,61.0,66.13771898248048,5.137718982480479,test
img02780,1468,images/img02780.jpg,75.0,67.22462788337165,7.775372116628347,test
img02781,1468,images/img02781.jpg,75.0,76.13175889193649,1.1317588919364852,test
img02813,1485,images/img02813.jpg,64.0,62.350322323920594,1.6496776760794063,test
img02826,1492,images/img02826.jpg,67.0,62.59223771296554,4.407762287034458,test
img02827,1492,images/img02827.jpg,67.0,67.33317197729653,0.33317197729653,test
img02840,1499,images/img02840.jpg,74.0,74.06814727437843,0.0681472743784326,test
img02858,1510,images/img02858.jpg,58.0,59.40699134038133,1.4069913403813317,test
img02859,1510,images/img02859.jpg,58.0,63.04192202371282,5.0419220237128215,test
img02866,1514,images/img02866.jpg,47.0,54.54311447054035,7.543114470540353,test
img02867,1514,images/img02867.jpg,47.0,55.850478001034425,8.850478001034425,test
img02888,1526,images/img02888.jpg,75.0,68.82881331249233,6.171186687507671,test
img02899,1532,images/img02899.jpg,70.0,56.02921091955547,13.970789080444533,test
img02902,1534,images/img02902.jpg,63.0,63.12019295324682,0.1201929532468213,test
img02913,1540,images/img02913.jpg,72.0,76.4940247781455,4.494024778145501,test
img02914,1540,images/img02914.jpg,72.0,60.67179161751842,11.328208382481575,test
img02939,1554,images/img02939.jpg,74.0,66.88139860226542,7.11860139773458,test
img02940,1554,images/img02940.jpg,74.0,76.94601300343186,2.946013003431858,test
img02951,1560,images/img02951.jpg,59.0,62.83342075710493,3.833420757104932,test
img02952,1560,images/img02952.jpg,59.0,60.32232104555845,1.3223210455584535,test
img02955,1562,images/img02955.jpg,59.0,45.77633739039095,13.22366260960905,test
img02956,1562,images/img02956.jpg,59.0,37.241216872251314,21.75878312774869,test
img02974,1573,images/img02974.jpg,80.0,64.14563068770931,15.854369312290686,test
img02975,1573,images/img02975.jpg,80.0,53.605230396309786,26.39476960369021,test
img02976,1574,images/img02976.jpg,58.0,51.84691881022954,6.153081189770461,test
img02977,1574,images/img02977.jpg,58.0,51.57388557901359,6.4261144209864085,test
img02978,1575,images/img02978.jpg,77.0,79.85882189074898,2.8588218907489846,test
img02979,1575,images/img02979.jpg,77.0,78.9458413604439,1.945841360443893,test
img02998,1586,images/img02998.jpg,66.0,53.39598369747114,12.604016302528862,test
img02999,1586,images/img02999.jpg,66.0,53.41898303558113,12.581016964418872,test
img03007,1591,images/img03007.jpg,49.0,44.53941066204019,4.46058933795981,test
img03008,1591,images/img03008.jpg,49.0,41.96950605392036,7.030493946079638,test
img03037,1607,images/img03037.jpg,74.0,64.39389452008301,9.606105479916993,test
img03052,1615,images/img03052.jpg,74.0,68.60242876131424,5.397571238685757,test
img03053,1615,images/img03053.jpg,74.0,78.45564905170006,4.455649051700064,test
img03062,1622,images/img03062.jpg,43.0,50.40867303027543,7.4086730302754304,test
img03088,1637,images/img03088.jpg,61.0,65.56630673359263,4.566306733592626,test
img03089,1637,images/img03089.jpg,61.0,58.88185014766903,2.1181498523309727,test
img03126,1658,images/img03126.jpg,53.0,66.31441095990303,13.314410959903029,test
img03127,1658,images/img03127.jpg,53.0,51.37100859040713,1.6289914095928708,test
img03133,1662,images/img03133.jpg,69.0,70.20926655500725,1.2092665550072468,test
img03153,1673,images/img03153.jpg,46.0,45.00046949429532,0.9995305057046836,test
img03154,1673,images/img03154.jpg,46.0,46.27395566557104,0.2739556655710373,test
img03159,1676,images/img03159.jpg,66.0,50.166819806025146,15.833180193974854,test
img03160,1676,images/img03160.jpg,66.0,60.32623879088532,5.67376120911468,test
img03161,1677,images/img03161.jpg,72.0,66.0276240405203,5.972375959479706,test
img03162,1677,images/img03162.jpg,72.0,63.56487845107582,8.43512154892418,test
img03197,1697,images/img03197.jpg,78.0,75.47646343222797,2.5235365677720267,test
img03198,1697,images/img03198.jpg,78.0,76.4149664278791,1.5850335721209063,test
img03205,1701,images/img03205.jpg,74.0,73.43312844383468,0.5668715561653244,test
img03206,1701,images/img03206.jpg,74.0,58.13581392322848,15.864186076771524,test
img03207,1702,images/img03207.jpg,68.0,78.87073538238559,10.87073538238559,test
img03208,1702,images/img03208.jpg,68.0,75.2482553804064,7.248255380406405,test
img03223,1711,images/img03223.jpg,71.0,66.25407620954522,4.745923790454782,test
img03224,1711,images/img03224.jpg,71.0,67.84673606761312,3.153263932386878,test
img03259,1730,images/img03259.jpg,55.0,50.746780259484495,4.2532197405155046,test
img03260,1730,images/img03260.jpg,55.0,51.40181342738395,3.5981865726160507,test
img03275,1737,images/img03275.jpg,53.0,56.18186379814676,3.181863798146757,test
img03276,1737,images/img03276.jpg,53.0,39.8767642317049,13.123235768295096,test
img03346,1777,images/img03346.jpg,56.0,55.08042033201899,0.9195796679810117,test
img03347,1777,images/img03347.jpg,56.0,55.55336777227467,0.4466322277253312,test
img03377,1793,images/img03377.jpg,68.0,59.54473734659957,8.455262653400432,test
img03378,1793,images/img03378.jpg,68.0,57.28760740488436,10.712392595115638,test
img03444,1828,images/img03444.jpg,78.0,69.49886691257615,8.501133087423852,test
img03472,1846,images/img03472.jpg,67.0,72.6231102632599,5.623110263259903,test
img03473,1846,images/img03473.jpg,67.0,73.78065691126662,6.780656911266618,test
img03479,1850,images/img03479.jpg,63.0,68.99161309422315,5.991613094223155,test
img03480,1850,images/img03480.jpg,63.0,63.54140360681718,0.5414036068171768,test
img03491,1856,images/img03491.jpg,33.0,53.38929771021348,20.38929771021348,test
img03492,1856,images/img03492.jpg,33.0,43.53210214480047,10.532102144800469,test
img03524,1875,images/img03524.jpg,81.0,74.28461599550242,6.715384004497579,test
img03534,1880,images/img03534.jpg,61.0,59.39646831296882,1.6035316870311789,test
img03535,1880,images/img03535.jpg,61.0,52.91411083776055,8.085889162239447,test
img03554,1890,images/img03554.jpg,57.0,58.101254250858176,1.101254250858176,test
img03555,1890,images/img03555.jpg,57.0,63.76378289118117,6.763782891181172,test
img03562,1894,images/img03562.jpg,19.0,25.53651741835101,6.536517418351014,test
img03563,1894,images/img03563.jpg,19.0,27.319835611042627,8.319835611042627,test
img03570,1898,images/img03570.jpg,56.0,55.69425705408625,0.3057429459137495,test
img03571,1898,images/img03571.jpg,56.0,63.38763026233259,7.387630262332593,test
img03593,1910,images/img03593.jpg,8.0,15.47064772457653,7.47064772457653,test
img03594,1910,images/img03594.jpg,8.0,24.99313167636268,16.99313167636268,test
img03614,1921,images/img03614.jpg,58.0,61.93717182675311,3.937171826753108,test
img03615,1921,images/img03615.jpg,58.0,60.13068797786052,2.130687977860518,test
img03646,1937,images/img03646.jpg,66.0,69.33621872569546,3.33621872569546,test
img03665,1947,images/img03665.jpg,71.0,70.17154561197147,0.8284543880285327,test
img03666,1947,images/img03666.jpg,71.0,59.60941109056388,11.39058890943612,test
img03667,1948,images/img03667.jpg,72.0,66.86836144515293,5.131638554847072,test
img03668,1948,images/img03668.jpg,72.0,57.81613064871162,14.18386935128838,test
img03673,1951,images/img03673.jpg,73.0,83.57955934905182,10.57955934905182,test
img03674,1951,images/img03674.jpg,73.0,64.87559315477696,8.124406845223035,test
img03710,1970,images/img03710.jpg,68.0,62.17684383013799,5.82315616986201,test
img03711,1970,images/img03711.jpg,68.0,68.8334614941565,0.8334614941564951,test
img03723,1977,images/img03723.jpg,68.0,53.91664275395766,14.08335724604234,test
img03724,1977,images/img03724.jpg,68.0,59.07581548577728,8.924184514222716,test
img03727,1979,images/img03727.jpg,50.0,66.21941770060445,16.219417700604453,test
img03728,1979,images/img03728.jpg,50.0,49.3615915864708,0.6384084135292056,test
img03775,2005,images/img03775.jpg,78.0,82.99539568298485,4.995395682984849,test
img03794,2016,images/img03794.jpg,30.0,25.683102004168457,4.316897995831543,test
img03795,2016,images/img03795.jpg,30.0,26.72176666195873,3.278233338041272,test
img03804,2021,images/img03804.jpg,15.0,19.66784016261291,4.667840162612912,test
img03805,2021,images/img03805.jpg,15.0,20.221377306508813,5.221377306508813,test
img03854,2046,images/img03854.jpg,32.0,29.58082372348981,2.419176276510189,test
img03855,2046,images/img03855.jpg,32.0,38.0548144362662,6.054814436266199,test
img03923,2081,images/img03923.jpg,21.0,30.54972421312115,9.549724213121149,test
img03924,2081,images/img03924.jpg,21.0,29.943096153361424,8.943096153361424,test
img03943,2091,images/img03943.jpg,56.0,58.93832031995857,2.938320319958571,test
img03944,2091,images/img03944.jpg,56.0,47.64862976340308,8.351370236596921,test
img03956,2098,images/img03956.jpg,60.0,52.76281835935775,7.237181640642248,test
img03957,2098,images/img03957.jpg,60.0,47.48506873559023,12.514931264409768,test
img04035,2142,images/img04035.jpg,60.0,60.53336343447453,0.5333634344745306,test
img04036,2142,images/img04036.jpg,60.0,42.922770461778086,17.077229538221914,test
img04043,2146,images/img04043.jpg,48.0,61.698901257774246,13.698901257774246,test
img04044,2146,images/img04044.jpg,48.0,50.70899497043318,2.708994970433181,test
img04048,2148,images/img04048.jpg,56.0,58.314842942482,2.3148429424820023,test
img04049,2149,images/img04049.jpg,36.0,41.51340295547143,5.5134029554714274,test
img04050,2149,images/img04050.jpg,36.0,31.749463306937717,4.250536693062287,test
img04163,2207,images/img04163.jpg,39.0,48.210967042880434,9.210967042880434,test
img04164,2207,images/img04164.jpg,39.0,45.80885175922103,6.808851759221028,test
img04165,2208,images/img04165.jpg,71.0,72.76654298492684,1.7665429849268437,test
img04166,2208,images/img04166.jpg,71.0,64.95166159654212,6.048338403457876,test
img04195,2225,images/img04195.jpg,82.0,76.01141221190893,5.988587788091067,test
img04196,2225,images/img04196.jpg,82.0,67.70249629422598,14.29750370577402,test
img04209,2233,images/img04209.jpg,75.0,59.220112243559534,15.779887756440466,test
img04210,2233,images/img04210.jpg,75.0,71.39283407732775,3.607165922672252,test
img04225,2241,images/img04225.jpg,58.0,55.769148181889314,2.2308518181106862,test
img04226,2241,images/img04226.jpg,58.0,56.32180581663439,1.678194183365612,test
img04233,2246,images/img04233.jpg,76.0,78.16515405684615,2.1651540568461485,test
img04234,2246,images/img04234.jpg,76.0,64.99182496164195,11.008175038358049,test
img04253,2256,images/img04253.jpg,67.0,75.90953174772785,8.909531747727854,test
img04254,2256,images/img04254.jpg,67.0,70.70229008843437,3.702290088434367,test
img04286,2273,images/img04286.jpg,45.0,51.26886692502742,6.268866925027417,test
img04295,2278,images/img04295.jpg,50.0,52.71608515701135,2.7160851570113493,test
img04296,2278,images/img04296.jpg,50.0,52.94465201966527,2.94465201966527,test
img04306,2284,images/img04306.jpg,79.0,68.43397961754204,10.566020382457964,test
img04307,2284,images/img04307.jpg,79.0,77.98071656413057,1.0192834358694256,test
img04372,2320,images/img04372.jpg,27.0,59.97097516895945,32.97097516895945,test
img04373,2320,images/img04373.jpg,27.0,37.41655431151645,10.41655431151645,test
img04381,2325,images/img04381.jpg,77.0,84.36718729744327,7.367187297443266,test
img04391,2330,images/img04391.jpg,33.0,39.003108932382105,6.003108932382105,test
img04392,2330,images/img04392.jpg,33.0,35.24513585268603,2.245135852686033,test
img04403,2336,images/img04403.jpg,78.0,85.24371308342492,7.243713083424922,test
img04473,2372,images/img04473.jpg,43.0,50.86012303931325,7.860123039313251,test
img04474,2373,images/img04474.jpg,32.0,48.48727319600492,16.48727319600492,test
img04475,2373,images/img04475.jpg,32.0,49.791241383569385,17.791241383569385,test
img04492,2382,images/img04492.jpg,73.0,77.1950887952727,4.195088795272696,test
img04493,2382,images/img04493.jpg,73.0,82.40070980746319,9.400709807463189,test
img04528,2400,images/img04528.jpg,74.0,66.2515645337187,7.748435466281293,test
img04529,2400,images/img04529.jpg,74.0,75.39047970571391,1.3904797057139149,test
img04540,2406,images/img04540.jpg,68.0,69.46003463750944,1.4600346375094375,test
img04541,2406,images/img04541.jpg,68.0,59.91704666428331,8.082953335716688,test
img04564,2419,images/img04564.jpg,58.0,58.25086964306809,0.2508696430680928,test
img04565,2419,images/img04565.jpg,58.0,69.31247504596516,11.312475045965158,test
img04568,2421,images/img04568.jpg,70.0,65.03584690645266,4.964153093547338,test
img04569,2421,images/img04569.jpg,70.0,60.825557055077375,9.174442944922625,test
img04570,2422,images/img04570.jpg,32.0,30.91697855144933,1.0830214485506708,test
img04571,2422,images/img04571.jpg,32.0,28.852151993869253,3.1478480061307472,test
img04580,2427,images/img04580.jpg,44.0,48.1678181317211,4.1678181317210985,test
img04581,2427,images/img04581.jpg,61.0,46.57287453540712,14.427125464592876,test
img04586,2430,images/img04586.jpg,39.0,42.163572546146256,3.163572546146256,test
img04587,2430,images/img04587.jpg,39.0,47.17217151183824,8.172171511838236,test
img04588,2431,images/img04588.jpg,44.0,40.03196463994068,3.968035360059318,test
img04589,2431,images/img04589.jpg,44.0,44.83980512779171,0.8398051277917133,test
img04609,2442,images/img04609.jpg,45.0,49.41209230255696,4.412092302556957,test
img04610,2442,images/img04610.jpg,45.0,45.57862825931984,0.5786282593198422,test
img04619,2447,images/img04619.jpg,37.0,46.12969517058568,9.129695170585675,test
img04625,2450,images/img04625.jpg,64.0,55.58030135119432,8.419698648805685,test
img04626,2450,images/img04626.jpg,64.0,56.49063142549534,7.509368574504663,test
img04657,2466,images/img04657.jpg,67.0,60.9168730486495,6.083126951350501,test
img04658,2466,images/img04658.jpg,67.0,64.57448761102333,2.4255123889766708,test
img04705,2490,images/img04705.jpg,35.0,40.99332901148206,5.993329011482061,test
img04706,2490,images/img04706.jpg,35.0,37.145690304451136,2.1456903044511364,test
img04723,2499,images/img04723.jpg,61.0,47.08160067784425,13.91839932215575,test
img04829,2552,images/img04829.jpg,58.0,38.10622581206367,19.89377418793633,test
img04830,2552,images/img04830.jpg,58.0,61.54598731431063,3.5459873143106293,test
img04837,2556,images/img04837.jpg,53.0,67.87089745113914,14.870897451139143,test
img04838,2556,images/img04838.jpg,53.0,57.825647179021054,4.825647179021054,test
img04861,2568,images/img04861.jpg,43.0,47.55987479577954,4.559874795779543,test
img04888,2582,images/img04888.jpg,47.0,42.73971913492245,4.260280865077547,test
img04889,2582,images/img04889.jpg,47.0,52.66089154423328,5.66089154423328,test
img04920,2599,images/img04920.jpg,60.0,61.22202039466673,1.2220203946667283,test
img04952,2616,images/img04952.jpg,52.0,51.78734476064854,0.2126552393514629,test
img04953,2616,images/img04953.jpg,52.0,44.96209091316861,7.037909086831391,test
img04963,2622,images/img04963.jpg,80.0,79.25736550566111,0.742634494338887,test
img04964,2622,images/img04964.jpg,80.0,78.36173876856115,1.6382612314388467,test
img04985,2633,images/img04985.jpg,79.0,78.65859856590029,0.3414014340997084,test
img04986,2633,images/img04986.jpg,79.0,73.95893354564788,5.041066454352119,test
img04987,2634,images/img04987.jpg,60.0,69.42846582792451,9.428465827924512,test
img04988,2634,images/img04988.jpg,60.0,65.2516274523936,5.251627452393606,test
img05014,2648,images/img05014.jpg,39.0,41.38847243979524,2.388472439795237,test
img05015,2648,images/img05015.jpg,39.0,41.38969719531116,2.389697195311157,test
img05017,2649,images/img05017.jpg,49.0,47.605846206738704,1.394153793261296,test
img05035,2659,images/img05035.jpg,43.0,55.36464786136878,12.36464786136878,test
img05036,2659,images/img05036.jpg,43.0,48.43229334287166,5.43229334287166,test
img05047,2665,images/img05047.jpg,30.0,50.10532246494608,20.10532246494608,test
img05051,2667,images/img05051.jpg,32.0,40.24873873198581,8.24873873198581,test
img05052,2667,images/img05052.jpg,32.0,34.219927146414406,2.219927146414406,test
img05053,2668,images/img05053.jpg,56.0,56.99833477983605,0.9983347798360498,test
img05054,2668,images/img05054.jpg,56.0,63.31239995468496,7.312399954684963,test
img05061,2672,images/img05061.jpg,69.0,57.12570008330325,11.874299916696756,test
img05062,2672,images/img05062.jpg,69.0,67.64826459984955,1.3517354001504458,test
img05069,2676,images/img05069.jpg,58.0,57.2277164648095,0.7722835351905033,test
img05070,2676,images/img05070.jpg,58.0,53.80608512052141,4.193914879478591,test
img05124,2705,images/img05124.jpg,35.0,49.10123342970368,14.101233429703685,test
img05125,2705,images/img05125.jpg,35.0,33.29973549992831,1.7002645000716896,test
img05139,2713,images/img05139.jpg,26.0,34.16948423268118,8.169484232681178,test
img05140,2713,images/img05140.jpg,26.0,27.68268170200184,1.6826817020018368,test
img05159,2723,images/img05159.jpg,33.0,40.69758054617383,7.697580546173832,test
img05160,2723,images/img05160.jpg,33.0,48.61147409330163,15.61147409330163,test
img05169,2728,images/img05169.jpg,38.0,39.77541271358368,1.775412713583684,test
img05170,2728,images/img05170.jpg,38.0,40.20696835241341,2.206968352413412,test
img05171,2729,images/img05171.jpg,33.0,32.39399662289635,0.6060033771036473,test
img05172,2729,images/img05172.jpg,33.0,37.3850880193122,4.3850880193122,test
img05189,2738,images/img05189.jpg,69.0,78.30308792071142,9.30308792071142,test
img05190,2739,images/img05190.jpg,55.0,62.86212835021967,7.86212835021967,test
img05191,2739,images/img05191.jpg,55.0,64.47983680340062,9.479836803400616,test
img05192,2740,images/img05192.jpg,81.0,85.85288662793457,4.852886627934566,test
img05202,2745,images/img05202.jpg,63.0,44.04692698077726,18.953073019222742,test
img05203,2745,images/img05203.jpg,63.0,60.284151861634825,2.7158481383651747,test
img05218,2753,images/img05218.jpg,8.0,26.02414243013627,18.02414243013627,test
img05231,2760,images/img05231.jpg,65.0,53.55743166757063,11.442568332429367,test
img05232,2760,images/img05232.jpg,65.0,72.98475013908055,7.984750139080546,test
img05235,2762,images/img05235.jpg,34.0,40.82686477869736,6.826864778697356,test
img05236,2762,images/img05236.jpg,34.0,53.660512348532905,19.660512348532905,test
img05238,2763,images/img05238.jpg,32.0,30.05008503680927,1.9499149631907289,test
img05249,2769,images/img05249.jpg,67.0,59.2690855597347,7.730914440265302,test
img05250,2769,images/img05250.jpg,67.0,71.90081315161848,4.900813151618479,test
img05267,2778,images/img05267.jpg,84.0,78.40959039190629,5.590409608093708,test
img05268,2778,images/img05268.jpg,84.0,80.02455759576463,3.975442404235366,test
img05285,2787,images/img05285.jpg,70.0,76.8031866611655,6.803186661165498,test
img05286,2787,images/img05286.jpg,70.0,72.76795641604762,2.7679564160476247,test
img05287,2788,images/img05287.jpg,77.0,85.7139755771216,8.713975577121602,test
img05288,2788,images/img05288.jpg,77.0,74.84014459404843,2.159855405951575,test
img05289,2789,images/img05289.jpg,61.0,57.38490689626919,3.615093103730814,test
img05290,2789,images/img05290.jpg,61.0,73.20393338957152,12.203933389571516,test
img05311,2800,images/img05311.jpg,86.0,71.996925377221,14.003074622778996,test
img05312,2800,images/img05312.jpg,86.0,80.26504810227925,5.734951897720748,test
img05317,2803,images/img05317.jpg,64.0,77.90418843006802,13.904188430068018,test
img05318,2803,images/img05318.jpg,64.0,74.73290705142192,10.732907051421918,test
img05319,2804,images/img05319.jpg,83.0,71.63414908532948,11.365850914670515,test
img05320,2804,images/img05320.jpg,83.0,73.54254502610571,9.457454973894286,test
img05324,2807,images/img05324.jpg,75.0,70.2915912835196,4.708408716480406,test
img05325,2807,images/img05325.jpg,75.0,68.32705835194102,6.6729416480589805,test
img05344,2817,images/img05344.jpg,48.0,52.31091520168514,4.310915201685141,test
img05345,2817,images/img05345.jpg,48.0,53.799289254262646,5.799289254262646,test
img05376,2833,images/img05376.jpg,55.0,62.40664580910694,7.406645809106941,test
img05377,2833,images/img05377.jpg,55.0,66.72991608499471,11.729916084994713,test
img05394,2842,images/img05394.jpg,58.0,56.88807938181596,1.1119206181840369,test
img05395,2842,images/img05395.jpg,58.0,44.45681764336141,13.543182356638596,test
img05398,2844,images/img05398.jpg,77.0,81.40548852564908,4.405488525649076,test
img05399,2844,images/img05399.jpg,77.0,81.8602469014345,4.860246901434493,test
img05448,2870,images/img05448.jpg,59.0,55.32380722719026,3.676192772809742,test
img05449,2870,images/img05449.jpg,59.0,51.916134946646046,7.0838650533539536,test
img05454,2873,images/img05454.jpg,61.0,71.35029590801072,10.350295908010722,test
img05455,2873,images/img05455.jpg,61.0,65.50457491127052,4.504574911270524,test
img05465,2879,images/img05465.jpg,61.0,68.26155192691134,7.261551926911338,test
img05466,2879,images/img05466.jpg,61.0,81.34484622314923,20.344846223149236,test
img05467,2880,images/img05467.jpg,58.0,59.81612021157824,1.816120211578237,test
img05468,2880,images/img05468.jpg,58.0,63.53406761574162,5.53406761574162,test
img05475,2884,images/img05475.jpg,60.0,62.81693890694076,2.816938906940756,test
img05476,2884,images/img05476.jpg,60.0,73.85096747525233,13.850967475252332,test
img05481,2887,images/img05481.jpg,45.0,44.485344740449534,0.5146552595504659,test
img05483,2888,images/img05483.jpg,66.0,54.98632873489564,11.013671265104357,test
img05488,2891,images/img05488.jpg,56.0,67.77264108542593,11.772641085425931,test
img05510,2903,images/img05510.jpg,59.0,65.32350086112938,6.323500861129375,test
img05511,2903,images/img05511.jpg,59.0,67.25444190077037,8.254441900770374,test
img05521,2908,images/img05521.jpg,78.0,79.15252076232396,1.1525207623239595,test
img05548,2922,images/img05548.jpg,33.0,36.29994808854286,3.2999480885428625,test
img05549,2922,images/img05549.jpg,33.0,49.04479433981147,16.044794339811467,test
img05570,2933,images/img05570.jpg,58.0,65.91071496457661,7.910714964576613,test
img05571,2933,images/img05571.jpg,58.0,57.853192317740834,0.1468076822591655,test
img05585,2942,images/img05585.jpg,58.0,61.76033152631171,3.7603315263117096,test
img05586,2942,images/img05586.jpg,58.0,60.88178347593521,2.881783475935208,test
img05594,2946,images/img05594.jpg,71.0,74.4149962915108,3.4149962915108034,test
img05624,2962,images/img05624.jpg,72.0,39.50393251162389,32.496067488376106,test
img05625,2962,images/img05625.jpg,72.0,53.582787814825686,18.417212185174314,test
img05656,2978,images/img05656.jpg,58.0,56.12700336685588,1.872996633144119,test
img05657,2978,images/img05657.jpg,58.0,56.4143901219766,1.585609878023405,test
img05658,2979,images/img05658.jpg,49.0,59.3188004910041,10.318800491004104,test
img05659,2979,images/img05659.jpg,49.0,64.48255296868325,15.482552968683253,test
img05664,2982,images/img05664.jpg,58.0,55.29501538441959,2.704984615580408,test
img05665,2982,images/img05665.jpg,58.0,54.84787574046441,3.15212425953559,test
img05674,2987,images/img05674.jpg,50.0,57.215175399117584,7.215175399117584,test
img05675,2987,images/img05675.jpg,50.0,51.047190539087296,1.0471905390872962,test
img05709,3006,images/img05709.jpg,39.0,40.12120711042763,1.121207110427633,test
img05710,3006,images/img05710.jpg,39.0,44.2541058822355,5.2541058822355,test
img05745,3024,images/img05745.jpg,83.0,78.62191915582774,4.37808084417226,test
img05746,3024,images/img05746.jpg,83.0,79.19756951685706,3.802430483142942,test
img05760,3031,images/img05760.jpg,72.0,69.981555821543,2.018444178457002,test
img05788,3046,images/img05788.jpg,50.0,48.08222593435239,1.9177740656476128,test
img05789,3046,images/img05789.jpg,50.0,58.49224040852821,8.492240408528211,test
img05793,3048,images/img05793.jpg,69.0,73.58204257353637,4.58204257353637,test
img05816,3060,images/img05816.jpg,47.0,47.6937526794456,0.6937526794456019,test
img05817,3060,images/img05817.jpg,47.0,44.11214330343184,2.887856696568164,test
img05836,3070,images/img05836.jpg,72.0,80.75748924973531,8.757489249735315,test
img05837,3070,images/img05837.jpg,72.0,73.69977506035673,1.6997750603567283,test
img05853,3079,images/img05853.jpg,65.0,63.51816269849634,1.48183730150366,test
img05854,3079,images/img05854.jpg,65.0,60.23346383320685,4.766536166793152,test
img05863,3084,images/img05863.jpg,50.0,54.183347172832654,4.183347172832654,test
img05864,3084,images/img05864.jpg,50.0,56.41121126521788,6.411211265217879,test
img05884,3095,images/img05884.jpg,50.0,50.81577881911968,0.8157788191196786,test
img05885,3095,images/img05885.jpg,50.0,68.88992457747823,18.889924577478222,test
img05910,3109,images/img05910.jpg,54.0,62.615112176180986,8.615112176180986,test
img05911,3109,images/img05911.jpg,54.0,64.6044875775008,10.604487577500803,test
img05924,3116,images/img05924.jpg,69.0,58.06695782458107,10.933042175418931,test
img05925,3116,images/img05925.jpg,69.0,70.74717525140257,1.747175251402567,test
img05938,3124,images/img05938.jpg,45.0,60.822049924578415,15.822049924578415,test
img05939,3124,images/img05939.jpg,45.0,57.02811546545342,12.028115465453418,test
img05956,3133,images/img05956.jpg,45.0,51.93529697194858,6.935296971948581,test
img05975,3143,images/img05975.jpg,68.0,67.62598124748862,0.3740187525113754,test
img05976,3143,images/img05976.jpg,68.0,62.80999062787403,5.190009372125971,test
img05995,3154,images/img05995.jpg,56.0,48.04521061626656,7.954789383733441,test
img05996,3154,images/img05996.jpg,56.0,50.35525002353485,5.64474997646515,test
img06022,3169,images/img06022.jpg,82.0,76.86132710333273,5.1386728966672734,test
img06023,3169,images/img06023.jpg,82.0,56.61269888429624,25.387301115703764,test
img06034,3175,images/img06034.jpg,88.0,71.4317077955909,16.568292204409104,test
img06035,3175,images/img06035.jpg,88.0,81.04621527446739,6.953784725532614,test
img06053,3185,images/img06053.jpg,42.0,54.860542635335,12.860542635335,test
img06054,3185,images/img06054.jpg,42.0,41.68794533973113,0.3120546602688705,test
img06071,3194,images/img06071.jpg,42.0,45.63586349482793,3.63586349482793,test
img06072,3194,images/img06072.jpg,42.0,56.564018601511705,14.564018601511703,test
img06125,3222,images/img06125.jpg,61.0,60.87859316776695,0.121406832233049,test
img06126,3222,images/img06126.jpg,61.0,50.7031989212886,10.296801078711404,test
img06131,3225,images/img06131.jpg,65.0,60.80972957117282,4.190270428827184,test
img06132,3225,images/img06132.jpg,65.0,71.34163864239595,6.341638642395949,test
img06163,3242,images/img06163.jpg,23.0,32.3393308655677,9.339330865567703,test
img06164,3242,images/img06164.jpg,23.0,29.822367759682425,6.822367759682425,test
img06175,3248,images/img06175.jpg,51.0,50.79285964087649,0.2071403591235068,test
img06176,3248,images/img06176.jpg,51.0,63.98667639836418,12.986676398364182,test
img06180,3251,images/img06180.jpg,56.0,64.36382148270653,8.363821482706527,test
img06181,3251,images/img06181.jpg,56.0,65.49034680756552,9.490346807565516,test
img06203,3263,images/img06203.jpg,52.0,55.01941785542376,3.019417855423754,test
img06204,3263,images/img06204.jpg,52.0,38.03463378081952,13.96536621918048,test
img06217,3272,images/img06217.jpg,59.0,49.71405670202636,9.285943297973644,test
img06218,3272,images/img06218.jpg,59.0,49.72559099796259,9.274409002037409,test
img06250,3289,images/img06250.jpg,60.0,54.43093128225416,5.569068717745836,test
img06251,3289,images/img06251.jpg,60.0,51.3564194946489,8.643580505351096,test
img06256,3292,images/img06256.jpg,69.0,66.637493394486,2.362506605514,test
img06257,3292,images/img06257.jpg,69.0,65.72841615891956,3.2715838410804423,test
img06284,3306,images/img06284.jpg,54.0,47.64990904944064,6.350090950559363,test
img06285,3306,images/img06285.jpg,54.0,59.031979217392745,5.031979217392745,test
img06287,3307,images/img06287.jpg,57.0,37.79932803630196,19.20067196369804,test
img06304,3317,images/img06304.jpg,43.0,48.40602708121052,5.406027081210517,test
img06305,3317,images/img06305.jpg,43.0,61.63374764521954,18.633747645219543,test
img06343,3337,images/img06343.jpg,35.0,36.63068660836339,1.6306866083633906,test
img06350,3340,images/img06350.jpg,51.0,51.50075415114369,0.5007541511436884,test
img06363,3347,images/img06363.jpg,67.0,68.85127552496422,1.8512755249642223,test
img06380,3356,images/img06380.jpg,56.0,66.7191561224657,10.719156122465703,test
img06381,3356,images/img06381.jpg,56.0,58.178699860947226,2.1786998609472263,test
img06440,3387,images/img06440.jpg,46.0,39.88346494220341,6.11653505779659,test
img06441,3387,images/img06441.jpg,46.0,47.35246904735129,1.352469047351292,test
img06511,3423,images/img06511.jpg,65.0,58.134892357412845,6.865107642587155,test
img06512,3423,images/img06512.jpg,65.0,54.54067722887588,10.45932277112412,test
img06547,3442,images/img06547.jpg,73.0,71.26950130593546,1.7304986940645364,test
img06548,3443,images/img06548.jpg,64.0,72.86614080147228,8.866140801472284,test
img06549,3443,images/img06549.jpg,64.0,62.94196703225067,1.0580329677493268,test
img06598,3470,images/img06598.jpg,68.0,74.36915793502443,6.3691579350244325,test
img06624,3485,images/img06624.jpg,76.0,77.12457646835692,1.1245764683569206,test
img06625,3485,images/img06625.jpg,76.0,61.66589502363902,14.334104976360983,test
img06628,3487,images/img06628.jpg,79.0,63.05978622260045,15.940213777399556,test
img06629,3487,images/img06629.jpg,79.0,70.3488537842885,8.651146215711506,test
img06706,3529,images/img06706.jpg,7.0,12.936378812345168,5.936378812345168,test
img06718,3535,images/img06718.jpg,61.0,58.003217643147146,2.9967823568528544,test
img06719,3535,images/img06719.jpg,61.0,73.712337801931,12.712337801931,test
img06722,3537,images/img06722.jpg,53.0,52.127891140090334,0.872108859909666,test
img06723,3537,images/img06723.jpg,53.0,50.12528336239056,2.8747166376094384,test
img06747,3551,images/img06747.jpg,23.0,29.818803644788364,6.818803644788364,test
img06832,3594,images/img06832.jpg,50.0,46.22368834011748,3.776311659882524,test
img06833,3594,images/img06833.jpg,50.0,42.933202150566856,7.066797849433144,test
img06836,3596,images/img06836.jpg,77.0,77.01402565123588,0.0140256512358831,test
img06837,3596,images/img06837.jpg,77.0,77.3550966142958,0.3550966142958032,test
img06844,3600,images/img06844.jpg,39.0,40.66977543319216,1.6697754331921573,test
img06845,3600,images/img06845.jpg,39.0,55.38521159372994,16.38521159372994,test
img06852,3604,images/img06852.jpg,76.0,71.94597423902614,4.0540257609738575,test
img06916,3637,images/img06916.jpg,74.0,70.91204937417638,3.087950625823624,test
img06922,3640,images/img06922.jpg,48.0,50.18863528651044,2.18863528651044,test
img06923,3640,images/img06923.jpg,48.0,51.6076050723718,3.607605072371797,test
img06933,3646,images/img06933.jpg,73.0,65.30069783289728,7.699302167102715,test
img06934,3646,images/img06934.jpg,73.0,57.975540131586094,15.024459868413906,test
img06964,3662,images/img06964.jpg,73.0,58.155122771960514,14.844877228039486,test
img06993,3679,images/img06993.jpg,53.0,56.44215508686172,3.442155086861717,test
img06994,3679,images/img06994.jpg,53.0,57.492512451753576,4.492512451753576,test
img07022,3695,images/img07022.jpg,76.0,81.13616882295646,5.136168822956464,test
img07023,3695,images/img07023.jpg,76.0,68.29519834937057,7.704801650629435,test
img07071,3720,images/img07071.jpg,70.0,63.904817360506605,6.095182639493395,test
img07113,3742,images/img07113.jpg,63.0,66.80579203401851,3.805792034018509,test
img07114,3742,images/img07114.jpg,63.0,64.13645592744422,1.1364559274442172,test
img07125,3748,images/img07125.jpg,20.0,24.28044175202291,4.280441752022909,test
img07126,3748,images/img07126.jpg,20.0,24.566107523880824,4.566107523880824,test
img07187,3780,images/img07187.jpg,45.0,47.854703876493,2.854703876492998,test
img07188,3780,images/img07188.jpg,45.0,52.08304087665599,7.083040876655986,test
img07206,3790,images/img07206.jpg,38.0,59.714845036187306,21.714845036187302,test
img07207,3790,images/img07207.jpg,38.0,34.89044752776341,3.1095524722365866,test
img07208,3791,images/img07208.jpg,48.0,51.83355446998724,3.8335544699872415,test
img07209,3791,images/img07209.jpg,48.0,50.12174378623124,2.121743786231235,test
img07214,3794,images/img07214.jpg,29.0,47.90692448523153,18.906924485231528,test
img07244,3810,images/img07244.jpg,36.0,48.22284706232383,12.22284706232383,test
img07245,3810,images/img07245.jpg,36.0,37.86226062071046,1.8622606207104584,test
img07285,3831,images/img07285.jpg,27.0,48.08322275228788,21.08322275228788,test
img07286,3831,images/img07286.jpg,27.0,41.63098711927295,14.630987119272952,test
img07305,3841,images/img07305.jpg,74.0,57.19218253650703,16.807817463492967,test
img07306,3841,images/img07306.jpg,74.0,71.10166835705772,2.8983316429422814,test
img07317,3847,images/img07317.jpg,38.0,38.4773474549862,0.4773474549862015,test
img07318,3847,images/img07318.jpg,38.0,39.40244466719858,1.40244466719858,test
img07335,3856,images/img07335.jpg,42.0,45.969575018688,3.9695750186879977,test
img07336,3856,images/img07336.jpg,42.0,55.17045131384879,13.170451313848789,test
img07371,3874,images/img07371.jpg,42.0,40.9780582842034,1.0219417157966006,test
img07372,3874,images/img07372.jpg,42.0,57.08406330350885,15.084063303508849,test
img07408,3893,images/img07408.jpg,57.0,49.10025078970382,7.899749210296179,test
img07409,3893,images/img07409.jpg,57.0,48.16821620452903,8.831783795470969,test
img07414,3896,images/img07414.jpg,42.0,45.61056896706232,3.6105689670623207,test
img07419,3899,images/img07419.jpg,73.0,77.83495647980024,4.8349564798002405,test
img07420,3899,images/img07420.jpg,73.0,66.17699949843502,6.823000501564977,test
img07454,3917,images/img07454.jpg,87.0,82.74070106619473,4.259298933805269,test
img07455,3917,images/img07455.jpg,87.0,87.94792963816303,0.947929638163032,test
img07470,3925,images/img07470.jpg,72.0,68.2927815566517,3.707218443348296,test
img07471,3925,images/img07471.jpg,72.0,63.52608980042642,8.47391019957358,test
img07494,3938,images/img07494.jpg,82.0,69.54443479767521,12.455565202324792,test
img07495,3938,images/img07495.jpg,82.0,68.31457195309704,13.685428046902956,test
img07562,3974,images/img07562.jpg,57.0,70.37366735285327,13.373667352853277,test
img07563,3974,images/img07563.jpg,57.0,69.61152478905316,12.611524789053163,test
img07593,3990,images/img07593.jpg,82.0,67.2243759523617,14.775624047638305,test
img07594,3990,images/img07594.jpg,82.0,76.71125256413063,5.288747435869368,test
img07639,4013,images/img07639.jpg,65.0,56.04152118481457,8.95847881518543,test
img07640,4013,images/img07640.jpg,71.0,71.81767155589205,0.8176715558920478,test
img07641,4013,images/img07641.jpg,71.0,76.96525355268555,5.965253552685553,test
img07649,4018,images/img07649.jpg,64.0,61.87501248514138,2.124987514858617,test
img07650,4018,images/img07650.jpg,64.0,69.66037323033379,5.660373230333789,test
img07701,4045,images/img07701.jpg,38.0,63.150676060146,25.150676060146,test
img07702,4045,images/img07702.jpg,38.0,59.65840458303205,21.65840458303205,test
img07712,4050,images/img07712.jpg,44.0,53.23662697287635,9.236626972876351,test
img07727,4059,images/img07727.jpg,65.0,61.55037593069181,3.449624069308186,test
img07762,4078,images/img07762.jpg,48.0,51.5404736377974,3.540473637797397,test
img07844,4121,images/img07844.jpg,73.0,57.61137876444504,15.388621235554956,test
img07845,4121,images/img07845.jpg,73.0,55.618585867171205,17.381414132828795,test
img07848,4123,images/img07848.jpg,12.0,20.99794428389181,8.997944283891812,test
img07867,4133,images/img07867.jpg,58.0,57.84592080900712,0.1540791909928813,test
img07868,4133,images/img07868.jpg,58.0,63.723848008967,5.723848008967003,test
img07869,4134,images/img07869.jpg,13.0,25.29673144617591,12.296731446175912,test
img07870,4134,images/img07870.jpg,13.0,22.82327497167189,9.823274971671886,test
img07897,4148,images/img07897.jpg,27.0,58.13082983355104,31.13082983355104,test
img07898,4148,images/img07898.jpg,27.0,46.95487283617497,19.95487283617497,test
img07937,4169,images/img07937.jpg,65.0,70.78769361019822,5.787693610198218,test
img07938,4169,images/img07938.jpg,65.0,63.36959865474355,1.630401345256452,test
img07965,4184,images/img07965.jpg,79.0,75.81811678125896,3.181883218741035,test
img07966,4184,images/img07966.jpg,79.0,74.58104500172064,4.418954998279361,test
img08005,4205,images/img08005.jpg,58.0,75.0347073140212,17.034707314021205,test
img08013,4209,images/img08013.jpg,65.0,66.51787087978576,1.517870879785761,test
img08059,4232,images/img08059.jpg,61.0,65.95686741686761,4.95686741686761,test
img08060,4232,images/img08060.jpg,61.0,61.19400152204024,0.1940015220402386,test
img08087,4246,images/img08087.jpg,60.0,52.19805828880416,7.801941711195845,test
img08088,4246,images/img08088.jpg,60.0,51.80892685050123,8.19107314949877,test
img08089,4247,images/img08089.jpg,63.0,70.10268992230297,7.102689922302972,test
img08090,4247,images/img08090.jpg,63.0,67.34171472881587,4.341714728815873,test
img08101,4253,images/img08101.jpg,63.0,55.44100749611947,7.558992503880532,test
img08102,4253,images/img08102.jpg,63.0,56.6262423573021,6.373757642697896,test
img08114,4260,images/img08114.jpg,71.0,60.14430643033364,10.855693569666355,test
img08115,4260,images/img08115.jpg,71.0,61.61668231847388,9.383317681526124,test
img08143,4275,images/img08143.jpg,64.0,65.14482888046626,1.144828880466264,test
img08167,4287,images/img08167.jpg,52.0,65.30653259871222,13.306532598712224,test
img08168,4287,images/img08168.jpg,52.0,64.37368550876508,12.373685508765078,test
img08176,4291,images/img08176.jpg,72.0,65.29508609691582,6.704913903084176,test
img08201,4305,images/img08201.jpg,46.0,35.97684820419296,10.023151795807038,test
img08202,4305,images/img08202.jpg,46.0,32.89776921274816,13.10223078725184,test
img08215,4312,images/img08215.jpg,33.0,62.638513949540645,29.638513949540645,test
img08216,4312,images/img08216.jpg,33.0,44.09796100536501,11.097961005365008,test
img08232,4321,images/img08232.jpg,59.0,72.76379137480515,13.763791374805152,test
img08233,4321,images/img08233.jpg,59.0,66.55339642402053,7.553396424020534,test
img08251,4331,images/img08251.jpg,60.0,74.95752263247817,14.957522632478174,test
img08252,4331,images/img08252.jpg,60.0,72.18506876418691,12.185068764186909,test
img08299,4357,images/img08299.jpg,45.0,42.13222076803744,2.867779231962558,test
img08300,4357,images/img08300.jpg,45.0,43.94397117470953,1.0560288252904684,test
img08304,4359,images/img08304.jpg,63.0,59.133245122595,3.866754877405001,test
img08365,4392,images/img08365.jpg,17.0,33.671389360742005,16.671389360742005,test
img08366,4392,images/img08366.jpg,17.0,23.467315331714943,6.467315331714943,test
img08369,4394,images/img08369.jpg,22.0,30.95568649692671,8.95568649692671,test
img08370,4394,images/img08370.jpg,22.0,33.607811134957345,11.607811134957345,test
img08375,4398,images/img08375.jpg,19.0,30.629596158770347,11.629596158770347,test
img08376,4398,images/img08376.jpg,19.0,25.471708983998266,6.471708983998262,test
img08391,4406,images/img08391.jpg,39.0,30.718121007592583,8.281878992407414,test
img08392,4406,images/img08392.jpg,39.0,36.738702846838834,2.2612971531611663,test
img08508,4471,images/img08508.jpg,18.0,22.579004409397527,4.579004409397527,test
img08509,4471,images/img08509.jpg,18.0,24.039008958094428,6.039008958094428,test
img08522,4478,images/img08522.jpg,69.0,65.49627754709854,3.503722452901457,test
img08523,4478,images/img08523.jpg,69.0,67.68234181342969,1.3176581865703128,test
img08632,4537,images/img08632.jpg,49.0,47.446497116416936,1.5535028835830644,test
img08633,4537,images/img08633.jpg,49.0,50.47129642662627,1.4712964266262674,test
img08640,4541,images/img08640.jpg,73.0,66.63467416651748,6.365325833482515,test
img08659,4551,images/img08659.jpg,63.0,67.04800461440637,4.048004614406366,test
img08660,4551,images/img08660.jpg,63.0,54.0784293585965,8.921570641403498,test
img08690,4567,images/img08690.jpg,65.0,49.10512363711712,15.894876362882876,test
img08691,4567,images/img08691.jpg,65.0,52.70943897703448,12.29056102296552,test
img08733,4589,images/img08733.jpg,12.0,32.329606982949755,20.329606982949755,test
img08734,4589,images/img08734.jpg,12.0,35.87950904185364,23.87950904185364,test
img08745,4595,images/img08745.jpg,14.0,19.803725860085574,5.803725860085578,test
img08746,4595,images/img08746.jpg,14.0,23.7759755339359,9.7759755339359,test
img08786,4616,images/img08786.jpg,53.0,54.97647288841534,1.976472888415337,test
img08787,4616,images/img08787.jpg,53.0,44.35030208484135,8.649697915158654,test
img08832,4640,images/img08832.jpg,71.0,59.66585127106652,11.334148728933478,test
img08833,4640,images/img08833.jpg,71.0,62.90570259944776,8.094297400552243,test
img08834,4641,images/img08834.jpg,76.0,57.79174637167841,18.208253628321597,test
img08835,4641,images/img08835.jpg,76.0,75.5300582101117,0.4699417898882956,test
img08845,4647,images/img08845.jpg,76.0,66.01207957002303,9.987920429976969,test
img08846,4647,images/img08846.jpg,76.0,73.36971490022535,2.630285099774653,test
img08896,4673,images/img08896.jpg,63.0,64.24418806190195,1.2441880619019514,test
img08897,4673,images/img08897.jpg,63.0,60.9869796684843,2.0130203315156976,test
img08911,4681,images/img08911.jpg,69.0,77.134671158522,8.134671158521996,test
img08912,4681,images/img08912.jpg,69.0,70.61914194904534,1.6191419490453427,test
img08940,4696,images/img08940.jpg,89.0,87.21979012643362,1.7802098735663776,test
img08983,4719,images/img08983.jpg,71.0,76.82210220851024,5.822102208510245,test
img08984,4719,images/img08984.jpg,71.0,77.0250124607349,6.025012460734899,test
img08987,4721,images/img08987.jpg,64.0,72.11601785525096,8.11601785525096,test
img08988,4721,images/img08988.jpg,64.0,72.7613484074359,8.761348407435904,test
img08999,4727,images/img08999.jpg,43.0,50.79491544154214,7.794915441542138,test
img09027,4742,images/img09027.jpg,71.0,67.32255270351334,3.677447296486662,test
img09028,4742,images/img09028.jpg,71.0,67.38505558741136,3.614944412588642,test
img09083,4771,images/img09083.jpg,68.0,55.37629748935827,12.623702510641728,test
img09108,4785,images/img09108.jpg,57.0,65.1598454955141,8.159845495514105,test
img09109,4785,images/img09109.jpg,57.0,58.59134233814253,1.5913423381425318,test
img09114,4788,images/img09114.jpg,83.0,75.55431774857666,7.445682251423335,test
img09115,4788,images/img09115.jpg,83.0,77.09912816452031,5.900871835479691,test
img09129,4796,images/img09129.jpg,69.0,81.38636358110125,12.38636358110125,test
img09130,4796,images/img09130.jpg,69.0,72.72943823678554,3.729438236785541,test
img09131,4797,images/img09131.jpg,78.0,79.87866445696152,1.8786644569615163,test
img09132,4797,images/img09132.jpg,78.0,81.5231893847669,3.5231893847668942,test
img09155,4809,images/img09155.jpg,76.0,84.43185395243977,8.431853952439766,test
img09156,4809,images/img09156.jpg,76.0,85.10603442240091,9.10603442240091,test
img09177,4820,images/img09177.jpg,71.0,70.69269053540575,0.3073094645942547,test
img09178,4820,images/img09178.jpg,71.0,66.39638778368735,4.603612216312655,test
img09180,4821,images/img09180.jpg,70.0,67.85747967098564,2.14252032901436,test
img09232,4849,images/img09232.jpg,52.0,57.3273797179809,5.327379717980904,test
img09233,4849,images/img09233.jpg,52.0,55.30778725054433,3.307787250544329,test
img09248,4857,images/img09248.jpg,71.0,73.76113062207956,2.7611306220795626,test
img09249,4857,images/img09249.jpg,71.0,67.45402688178572,3.545973118214277,test
img09272,4869,images/img09272.jpg,47.0,42.22480050644845,4.775199493551547,test
img09273,4869,images/img09273.jpg,47.0,48.23554613020219,1.235546130202188,test
img09290,4879,images/img09290.jpg,75.0,76.08420827707077,1.084208277070772,test
img09291,4879,images/img09291.jpg,75.0,75.91644621787117,0.9164462178711688,test
img09325,4897,images/img09325.jpg,51.0,73.5423279946296,22.5423279946296,test
img09326,4897,images/img09326.jpg,51.0,56.96493125676914,5.964931256769141,test
img09353,4911,images/img09353.jpg,59.0,57.11752554913125,1.882474450868756,test
img09354,4911,images/img09354.jpg,59.0,64.83315859345106,5.83315859345106,test
img09359,4914,images/img09359.jpg,23.0,23.5613172261302,0.5613172261301997,test
img09360,4914,images/img09360.jpg,23.0,22.988173087875225,0.0118269121247749,test
img09367,4918,images/img09367.jpg,11.0,32.86815259583776,21.868152595837763,test
img09368,4918,images/img09368.jpg,11.0,18.455068274125587,7.455068274125587,test
img09385,4928,images/img09385.jpg,83.0,85.0720313703302,2.072031370330194,test
img09386,4928,images/img09386.jpg,83.0,82.42510021918008,0.5748997808199192,test
img09404,4938,images/img09404.jpg,87.0,60.59759139142448,26.40240860857552,test
img09405,4938,images/img09405.jpg,87.0,62.22684122950946,24.77315877049054,test
img09408,4940,images/img09408.jpg,59.0,53.163778831066345,5.836221168933655,test
img09409,4940,images/img09409.jpg,59.0,62.06411724520371,3.064117245203711,test
img09417,4945,images/img09417.jpg,83.0,78.6175523516552,4.382447648344794,test
img09418,4945,images/img09418.jpg,83.0,77.22300187868721,5.776998121312786,test
img09441,4957,images/img09441.jpg,59.0,59.84227986606958,0.8422798660695818,test
img09442,4957,images/img09442.jpg,59.0,58.52218407224211,0.4778159277578879,test
img09530,5003,images/img09530.jpg,64.0,47.57680761335764,16.423192386642363,test
img09531,5003,images/img09531.jpg,64.0,63.605125247873744,0.3948747521262561,test
img09537,5007,images/img09537.jpg,67.0,68.8818922316414,1.8818922316414015,test
img09538,5007,images/img09538.jpg,67.0,64.30583754313639,2.6941624568636087,test
img09543,5010,images/img09543.jpg,50.0,51.08483786591888,1.0848378659188782,test
img09544,5010,images/img09544.jpg,50.0,52.57677548808523,2.5767754880852323,test
img09546,5012,images/img09546.jpg,40.0,39.268262503221806,0.7317374967781944,test
img09555,5016,images/img09555.jpg,61.0,62.28575491447347,1.285754914473472,test
img09556,5017,images/img09556.jpg,66.0,60.08613626903213,5.913863730967876,test
img09557,5017,images/img09557.jpg,66.0,72.76735112725748,6.767351127257484,test
img09585,5032,images/img09585.jpg,66.0,59.77598929213879,6.224010707861211,test
img09586,5032,images/img09586.jpg,66.0,59.140999362771495,6.859000637228505,test
img09605,5043,images/img09605.jpg,56.0,66.09927823655912,10.099278236559115,test
img09628,5055,images/img09628.jpg,59.0,61.79681844364289,2.796818443642892,test
img09629,5055,images/img09629.jpg,59.0,63.24028497573834,4.240284975738341,test
img09654,5068,images/img09654.jpg,69.0,65.50524181955012,3.494758180449878,test
img09655,5068,images/img09655.jpg,69.0,73.51050071037213,4.510500710372128,test
img09687,5085,images/img09687.jpg,53.0,41.64349533032559,11.356504669674417,test
img09688,5085,images/img09688.jpg,53.0,47.85881656843471,5.141183431565295,test
img09737,5112,images/img09737.jpg,83.0,70.14896452296242,12.851035477037584,test
img09738,5112,images/img09738.jpg,83.0,79.4071063180708,3.5928936819291977,test
img09743,5115,images/img09743.jpg,85.0,77.90987269164326,7.090127308356742,test
img09744,5115,images/img09744.jpg,85.0,77.84736762652437,7.152632373475626,test
img09746,5117,images/img09746.jpg,82.0,81.58025666626834,0.4197433337316596,test
img09747,5118,images/img09747.jpg,80.0,61.75917220742175,18.24082779257825,test
img09769,5130,images/img09769.jpg,74.0,68.59649256872906,5.403507431270938,test
img09770,5130,images/img09770.jpg,74.0,73.99262795496614,0.0073720450338612,test
img09799,5146,images/img09799.jpg,28.0,35.03603529564538,7.036035295645377,test
img09800,5146,images/img09800.jpg,28.0,31.012319715475943,3.012319715475943,test
img09845,5170,images/img09845.jpg,60.0,59.37024076797804,0.6297592320219607,test
img09846,5170,images/img09846.jpg,60.0,60.99494166994823,0.9949416699482329,test
img09851,5173,images/img09851.jpg,63.0,60.774825674884696,2.2251743251153044,test
img09852,5173,images/img09852.jpg,63.0,58.90858046406928,4.091419535930719,test
img09853,5174,images/img09853.jpg,57.0,47.46099678211968,9.53900321788032,test
img09854,5174,images/img09854.jpg,57.0,49.91820970483907,7.081790295160928,test
img09855,5175,images/img09855.jpg,76.0,73.76891212751687,2.23108787248313,test
img09856,5175,images/img09856.jpg,76.0,69.97769069816951,6.022309301830489,test
img09912,5204,images/img09912.jpg,57.0,51.92748602002959,5.0725139799704095,test
img09913,5204,images/img09913.jpg,57.0,60.1626120537939,3.1626120537939,test
img09928,5212,images/img09928.jpg,67.0,71.01209106916792,4.012091069167923,test
img09929,5212,images/img09929.jpg,67.0,64.23244709528872,2.7675529047112803,test
img09938,5217,images/img09938.jpg,62.0,70.51863565400946,8.518635654009458,test
img09939,5217,images/img09939.jpg,62.0,59.10394723658356,2.896052763416442,test
img09943,5220,images/img09943.jpg,72.0,64.51438461538245,7.485615384617546,test
img09944,5220,images/img09944.jpg,72.0,60.78531271215293,11.21468728784707,test
img10002,5251,images/img10002.jpg,79.0,69.93028840632265,9.069711593677354,test
img10003,5251,images/img10003.jpg,79.0,67.77283303286208,11.22716696713792,test
img10036,5268,images/img10036.jpg,53.0,58.07855755714326,5.078557557143263,test
img10040,5270,images/img10040.jpg,80.0,82.44150300008789,2.4415030000878915,test
img10052,5277,images/img10052.jpg,22.0,27.309723471110637,5.309723471110633,test
img10053,5277,images/img10053.jpg,22.0,24.634595677833502,2.6345956778335022,test
img10062,5282,images/img10062.jpg,25.0,28.79655703645195,3.796557036451951,test
img10063,5282,images/img10063.jpg,25.0,30.296580444366334,5.296580444366338,test
img10079,5292,images/img10079.jpg,65.0,55.22038491250995,9.77961508749005,test
img10090,5298,images/img10090.jpg,15.0,23.470423571448137,8.470423571448137,test
img10091,5298,images/img10091.jpg,15.0,19.57632922242594,4.57632922242594,test
img10106,5306,images/img10106.jpg,62.0,60.17727149392503,1.8227285060749665,test
img10107,5306,images/img10107.jpg,62.0,57.421192800465,4.578807199535,test
img10111,5308,images/img10111.jpg,57.0,50.53366516544107,6.466334834558928,test
img10148,5327,images/img10148.jpg,87.0,76.39077014481921,10.609229855180786,test
img10149,5327,images/img10149.jpg,87.0,79.93701647755269,7.062983522447311,test
img10156,5331,images/img10156.jpg,50.0,42.95351040743416,7.046489592565841,test
img10157,5331,images/img10157.jpg,50.0,61.27312476362739,11.273124763627392,test
img10178,5342,images/img10178.jpg,75.0,74.8653682321359,0.1346317678640929,test
img10179,5342,images/img10179.jpg,75.0,74.18355021731456,0.8164497826854387,test
img10186,5346,images/img10186.jpg,61.0,65.07591484313961,4.075914843139614,test
img10187,5346,images/img10187.jpg,61.0,63.37353739432125,2.3735373943212466,test
img10327,5419,images/img10327.jpg,76.0,85.8056610149778,9.8056610149778,test
img10328,5419,images/img10328.jpg,76.0,68.34375996010738,7.656240039892623,test
img10331,5421,images/img10331.jpg,68.0,68.47436819369621,0.4743681936962076,test
img10332,5421,images/img10332.jpg,68.0,59.057482051751,8.942517948249005,test
img10345,5428,images/img10345.jpg,90.0,80.13611395570463,9.86388604429537,test
img10346,5428,images/img10346.jpg,90.0,76.80528063319628,13.194719366803724,test
img10349,5430,images/img10349.jpg,72.0,67.10503372454266,4.894966275457335,test
img10350,5430,images/img10350.jpg,72.0,63.82053498626757,8.179465013732433,test
img10369,5440,images/img10369.jpg,82.0,50.64922461097429,31.350775389025717,test
img10371,5442,images/img10371.jpg,75.0,80.90736311661779,5.907363116617788,test
img10372,5442,images/img10372.jpg,75.0,78.86376638172064,3.863766381720637,test
img10382,5448,images/img10382.jpg,63.0,65.3795669622536,2.3795669622536053,test
img10384,5450,images/img10384.jpg,63.0,71.81409326306236,8.814093263062361,test
img10385,5450,images/img10385.jpg,63.0,67.59161611275427,4.5916161127542665,test
img10433,5475,images/img10433.jpg,61.0,73.73772612219382,12.73772612219382,test
img10434,5475,images/img10434.jpg,61.0,74.01800209729333,13.018002097293332,test
img10449,5484,images/img10449.jpg,72.0,66.92648116572192,5.073518834278076,test
img10463,5491,images/img10463.jpg,16.0,24.989920919248817,8.989920919248817,test
img10464,5491,images/img10464.jpg,16.0,26.167876160282635,10.167876160282637,test
img10479,5500,images/img10479.jpg,61.0,71.41525157477189,10.415251574771888,test
img10480,5500,images/img10480.jpg,61.0,76.59269448521272,15.592694485212718,test
img10526,5524,images/img10526.jpg,25.0,32.11147617152634,7.111476171526341,test
img10539,5531,images/img10539.jpg,61.0,63.89598668783304,2.8959866878330374,test
img10540,5531,images/img10540.jpg,61.0,63.68474635312342,2.6847463531234226,test
img10587,5555,images/img10587.jpg,13.0,21.74399380014701,8.74399380014701,test
img10588,5555,images/img10588.jpg,13.0,19.389786851575245,6.389786851575245,test
img10595,5559,images/img10595.jpg,36.0,30.8832350646616,5.116764935338399,test
img10619,5572,images/img10619.jpg,31.0,39.14449785009817,8.144497850098169,test
img10620,5572,images/img10620.jpg,31.0,39.34635457264484,8.346354572644842,test
img10625,5575,images/img10625.jpg,38.0,42.69526803490648,4.695268034906476,test
img10640,5583,images/img10640.jpg,81.0,82.19807438906757,1.1980743890675711,test
img10641,5583,images/img10641.jpg,81.0,80.26690432123571,0.7330956787642862,test
img10644,5585,images/img10644.jpg,35.0,56.65153770302554,21.65153770302554,test
img10659,5593,images/img10659.jpg,66.0,55.97389747595611,10.026102524043893,test
img10660,5593,images/img10660.jpg,66.0,60.17698602664427,5.823013973355728,test
img10665,5596,images/img10665.jpg,85.0,62.15250522241665,22.84749477758335,test
img10666,5596,images/img10666.jpg,85.0,70.4082909622602,14.591709037739804,test
img10680,5605,images/img10680.jpg,53.0,49.56180803092669,3.438191969073316,test
img10681,5605,images/img10681.jpg,53.0,59.482386057551686,6.482386057551686,test
img10747,5640,images/img10747.jpg,76.0,40.95145502391855,35.04854497608145,test
img10748,5640,images/img10748.jpg,76.0,51.67974404474794,24.32025595525206,test
img10753,5643,images/img10753.jpg,62.0,66.80107405328664,4.801074053286641,test
img10754,5643,images/img10754.jpg,62.0,71.0098389586244,9.0098389586244,test
img10758,5645,images/img10758.jpg,80.0,84.9399431783842,4.939943178384198,test
img10763,5648,images/img10763.jpg,78.0,80.2124697733188,2.212469773318801,test
img10764,5648,images/img10764.jpg,78.0,73.80844348387095,4.191556516129054,test
img10772,5653,images/img10772.jpg,65.0,75.91248075833786,10.912480758337864,test
img10773,5653,images/img10773.jpg,65.0,68.99666698296829,3.996666982968293,test
img10822,5678,images/img10822.jpg,55.0,61.46430277412228,6.464302774122281,test
img10823,5678,images/img10823.jpg,55.0,50.56758642172933,4.432413578270669,test
img10850,5693,images/img10850.jpg,68.0,61.22113100185887,6.778868998141135,test
img10851,5693,images/img10851.jpg,68.0,65.83331652338877,2.166683476611226,test
img10852,5694,images/img10852.jpg,59.0,62.59169677019092,3.591696770190921,test
img10853,5694,images/img10853.jpg,59.0,59.27103529853576,0.2710352985357573,test
img10869,5704,images/img10869.jpg,80.0,78.11431416091543,1.885685839084573,test
img10870,5704,images/img10870.jpg,80.0,75.32552949200492,4.674470507995082,test
img10918,5730,images/img10918.jpg,65.0,63.15066788056775,1.849332119432248,test
img10919,5730,images/img10919.jpg,65.0,64.1710015582052,0.8289984417947949,test
img10953,5749,images/img10953.jpg,48.0,43.97989151992093,4.020108480079067,test
img10954,5749,images/img10954.jpg,48.0,48.02554581955455,0.0255458195545514,test
img10985,5766,images/img10985.jpg,59.0,63.19841698653221,4.198416986532209,test
img10986,5766,images/img10986.jpg,59.0,60.44407543100201,1.4440754310020123,test
img11007,5778,images/img11007.jpg,71.0,64.48096503989323,6.519034960106765,test
img11020,5785,images/img11020.jpg,51.0,37.32155341794484,13.67844658205516,test
img11021,5785,images/img11021.jpg,51.0,40.53575031711768,10.464249682882324,test
img11029,5790,images/img11029.jpg,81.0,80.34137338280132,0.6586266171986779,test
img11030,5790,images/img11030.jpg,81.0,72.39914468602154,8.600855313978457,test
img11040,5796,images/img11040.jpg,49.0,56.54443157895618,7.544431578956178,test
img11041,5796,images/img11041.jpg,49.0,53.34068620404936,4.340686204049355,test
img11054,5805,images/img11054.jpg,73.0,79.29666674321389,6.2966667432138905,test
img11055,5805,images/img11055.jpg,73.0,72.87980287836271,0.1201971216372896,test
img11059,5808,images/img11059.jpg,77.0,72.69222442760096,4.307775572399038,test
img11091,5826,images/img11091.jpg,58.0,63.64530442682484,5.645304426824836,test
img11092,5826,images/img11092.jpg,58.0,63.86803325183251,5.868033251832507,test
img11103,5832,images/img11103.jpg,72.0,73.74254334847505,1.7425433484750528,test
img11158,5864,images/img11158.jpg,84.0,80.50280553904953,3.4971944609504675,test
img11159,5864,images/img11159.jpg,84.0,69.6216849158442,14.3783150841558,test
img11173,5872,images/img11173.jpg,61.0,43.93167781391215,17.068322186087855,test
img11174,5872,images/img11174.jpg,61.0,58.23424833109484,2.7657516689051604,test
img11195,5883,images/img11195.jpg,65.0,60.57851988678786,4.421480113212141,test
img11196,5883,images/img11196.jpg,65.0,61.260304092685786,3.739695907314214,test
img11201,5886,images/img11201.jpg,74.0,71.70055853579744,2.299441464202559,test
img11202,5886,images/img11202.jpg,74.0,67.3768389284114,6.623161071588598,test
img11228,5902,images/img11228.jpg,59.0,73.80251165372749,14.802511653727493,test
img11229,5902,images/img11229.jpg,59.0,61.98284931820066,2.982849318200657,test
img11255,5916,images/img11255.jpg,79.0,71.46927496255567,7.530725037444327,test
img11256,5916,images/img11256.jpg,79.0,77.05602942144088,1.9439705785591173,test
img11291,5935,images/img11291.jpg,77.0,63.82410237299293,13.175897627007068,test
img11337,5961,images/img11337.jpg,54.0,62.59908401995681,8.599084019956813,test
img11338,5961,images/img11338.jpg,54.0,61.59834479465846,7.598344794658459,test
img11345,5965,images/img11345.jpg,64.0,73.22647303538413,9.226473035384132,test
img11346,5965,images/img11346.jpg,64.0,61.18646540395029,2.8135345960497133,test
img11349,5967,images/img11349.jpg,30.0,25.517390292582323,4.4826097074176765,test
img11350,5967,images/img11350.jpg,30.0,22.20242971431149,7.797570285688508,test
img11356,5971,images/img11356.jpg,68.0,68.75451874859596,0.7545187485959559,test
img11357,5971,images/img11357.jpg,68.0,62.78761839076284,5.212381609237163,test
img11371,5979,images/img11371.jpg,74.0,66.854982926975,7.145017073025002,test
img11372,5979,images/img11372.jpg,74.0,69.85419978826448,4.145800211735519,test
img11382,5985,images/img11382.jpg,74.0,62.52707155839087,11.472928441609136,test
img11383,5985,images/img11383.jpg,74.0,77.18473672104551,3.1847367210455104,test
img11394,5991,images/img11394.jpg,81.0,80.35935754883654,0.6406424511634583,test
img11395,5991,images/img11395.jpg,81.0,84.80821488788098,3.808214887880979,test
img11402,5996,images/img11402.jpg,61.0,58.737682354570445,2.2623176454295546,test
img11432,6013,images/img11432.jpg,44.0,42.98425035309023,1.015749646909768,test
img11433,6013,images/img11433.jpg,44.0,37.21011266271071,6.789887337289287,test
img11440,6017,images/img11440.jpg,35.0,31.163908021958616,3.836091978041385,test
img11441,6017,images/img11441.jpg,35.0,32.62102681545059,2.378973184549409,test
img11472,6034,images/img11472.jpg,56.0,51.59597371210706,4.40402628789294,test
img11473,6034,images/img11473.jpg,56.0,62.136918218112505,6.1369182181125055,test
img11489,6043,images/img11489.jpg,46.0,62.51795678169958,16.51795678169958,test
img11496,6047,images/img11496.jpg,43.0,40.1817370800529,2.8182629199471023,test
img11497,6047,images/img11497.jpg,43.0,40.30883136682757,2.691168633172431,test
img11500,6050,images/img11500.jpg,79.0,85.69991542742324,6.699915427423235,test
img11525,6064,images/img11525.jpg,81.0,70.17259805103902,10.827401948960985,test
img11526,6064,images/img11526.jpg,81.0,83.36119732821668,2.361197328216676,test
img11527,6065,images/img11527.jpg,71.0,72.00361409100475,1.0036140910047493,test
img11528,6065,images/img11528.jpg,71.0,74.51412623618062,3.514126236180616,test
img11544,6074,images/img11544.jpg,79.0,74.80085426259998,4.199145737400016,test
img11545,6074,images/img11545.jpg,79.0,63.0415010480858,15.9584989519142,test
img11568,6086,images/img11568.jpg,77.0,69.70564665061602,7.294353349383982,test
img11569,6086,images/img11569.jpg,77.0,65.92216855534083,11.077831444659168,test
img11603,6105,images/img11603.jpg,77.0,73.23469187560495,3.765308124395048,test
img11604,6105,images/img11604.jpg,77.0,77.03703098770325,0.0370309877032468,test
img11621,6114,images/img11621.jpg,62.0,66.67373874160636,4.673738741606357,test
img11622,6114,images/img11622.jpg,62.0,70.8735584601751,8.873558460175104,test
img11628,6118,images/img11628.jpg,31.0,28.712374998372724,2.2876250016272763,test
img11629,6118,images/img11629.jpg,31.0,33.68341225015209,2.683412250152088,test
img11674,6145,images/img11674.jpg,36.0,48.51874930370307,12.518749303703068,test
img11675,6145,images/img11675.jpg,36.0,41.263045696372174,5.263045696372174,test
img11681,6149,images/img11681.jpg,19.0,24.49219685485676,5.492196854856758,test
img11687,6153,images/img11687.jpg,82.0,77.89919343428626,4.100806565713739,test
img11688,6153,images/img11688.jpg,82.0,80.35589158888142,1.6441084111185802,test
img11689,6154,images/img11689.jpg,50.0,58.98786647926351,8.98786647926351,test
img11690,6154,images/img11690.jpg,50.0,54.143541800607366,4.143541800607366,test
img11717,6168,images/img11717.jpg,69.0,67.14397942309438,1.856020576905621,test
img11718,6168,images/img11718.jpg,69.0,64.28011058833422,4.719889411665776,test
img11721,6170,images/img11721.jpg,78.0,63.10690768226089,14.89309231773911,test
img11722,6170,images/img11722.jpg,78.0,66.99084463101813,11.009155368981864,test
img11757,6189,images/img11757.jpg,75.0,62.1475244045705,12.852475595429496,test
img11758,6189,images/img11758.jpg,75.0,63.520416990260735,11.479583009739263,test
img11814,6218,images/img11814.jpg,22.0,27.61372240434223,5.61372240434223,test
img11815,6218,images/img11815.jpg,22.0,18.148628554745606,3.8513714452543937,test
img11839,6231,images/img11839.jpg,44.0,50.05560807898189,6.055608078981891,test
img11840,6231,images/img11840.jpg,44.0,44.082976018019714,0.0829760180197141,test
img11857,6240,images/img11857.jpg,76.0,76.49730533432705,0.4973053343270521,test
img11879,6252,images/img11879.jpg,61.0,49.59876063891264,11.401239361087365,test
img11880,6252,images/img11880.jpg,61.0,56.85695758618214,4.143042413817859,test
img11891,6258,images/img11891.jpg,58.0,74.63306384752913,16.63306384752913,test
img11892,6258,images/img11892.jpg,58.0,73.98983053920627,15.989830539206269,test
img11893,6259,images/img11893.jpg,61.0,61.894940664272895,0.8949406642728945,test
img11894,6259,images/img11894.jpg,61.0,64.21057108592441,3.210571085924414,test
img11946,6287,images/img11946.jpg,25.0,27.09561483096301,2.095614830963015,test
img11947,6287,images/img11947.jpg,25.0,32.38429019004532,7.38429019004532,test
img11962,6295,images/img11962.jpg,31.0,32.35379454112617,1.3537945411261705,test
img11963,6295,images/img11963.jpg,31.0,46.71833361125802,15.718333611258018,test
img11980,6304,images/img11980.jpg,24.0,27.858352868059384,3.858352868059384,test
img11981,6304,images/img11981.jpg,24.0,24.267967349893688,0.2679673498936878,test
img12012,6320,images/img12012.jpg,18.0,19.4756440672791,1.4756440672790987,test
img12013,6321,images/img12013.jpg,12.0,17.02910385825411,5.029103858254111,test
img12014,6321,images/img12014.jpg,12.0,16.486913425300017,4.486913425300017,test
img12019,6324,images/img12019.jpg,57.0,46.64634023537464,10.353659764625364,test
img12148,6391,images/img12148.jpg,49.0,56.00520794719479,7.005207947194791,test
img12151,6394,images/img12151.jpg,73.0,73.02110454724416,0.0211045472441639,test
img12152,6394,images/img12152.jpg,73.0,74.22913118973881,1.2291311897388084,test
img12216,6430,images/img12216.jpg,64.0,69.27021171047718,5.270211710477184,test
img12217,6430,images/img12217.jpg,64.0,57.20090939670004,6.799090603299959,test
img12234,6439,images/img12234.jpg,48.0,47.67267008917108,0.3273299108289222,test
img12235,6439,images/img12235.jpg,48.0,47.94673830968767,0.0532616903123326,test
img12278,6462,images/img12278.jpg,60.0,64.53578184676681,4.53578184676681,test
img12279,6462,images/img12279.jpg,60.0,50.72904584323837,9.270954156761633,test
img12305,6476,images/img12305.jpg,78.0,75.0490488412112,2.950951158788797,test
img12308,6478,images/img12308.jpg,80.0,61.88404055830328,18.115959441696724,test
img12309,6478,images/img12309.jpg,80.0,58.42128842928176,21.57871157071824,test
img12316,6483,images/img12316.jpg,83.0,79.6329913696707,3.3670086303292948,test
img12317,6483,images/img12317.jpg,83.0,77.42572018347572,5.574279816524282,test
img12318,6484,images/img12318.jpg,66.0,74.05245775269361,8.052457752693613,test
img12319,6484,images/img12319.jpg,66.0,65.13587224228772,0.8641277577122821,test
img12392,6523,images/img12392.jpg,79.0,62.670791110601606,16.329208889398394,test
img12393,6523,images/img12393.jpg,79.0,79.99238240677913,0.9923824067791288,test
img12394,6524,images/img12394.jpg,64.0,60.53071570499655,3.4692842950034546,test
img12395,6524,images/img12395.jpg,64.0,63.51273854750932,0.4872614524906851,test
img12397,6526,images/img12397.jpg,71.0,73.92095303732911,2.920953037329113,test
img12400,6528,images/img12400.jpg,65.0,69.14188394330313,4.141883943303128,test
img12401,6528,images/img12401.jpg,65.0,67.04861644685911,2.048616446859114,test
img12412,6534,images/img12412.jpg,67.0,59.77602555493568,7.2239744450643215,test
img12413,6534,images/img12413.jpg,67.0,70.19803108632958,3.1980310863295784,test
img12449,6552,images/img12449.jpg,41.0,44.95098849896373,3.950988498963724,test
img12458,6557,images/img12458.jpg,38.0,38.86749370629676,0.8674937062967558,test
img12459,6557,images/img12459.jpg,38.0,43.8723028007351,5.872302800735099,test
img12468,6562,images/img12468.jpg,33.0,45.19080173639964,12.190801736399642,test
img12469,6562,images/img12469.jpg,33.0,30.517963456100063,2.482036543899934,test
img12525,6591,images/img12525.jpg,66.0,59.29171545356061,6.708284546439387,test
img12526,6591,images/img12526.jpg,66.0,61.11071024003192,4.889289759968079,test
img12527,6592,images/img12527.jpg,65.0,43.7484356302308,21.25156436976921,test
img12528,6592,images/img12528.jpg,65.0,71.61704177008217,6.617041770082167,test
img12579,6619,images/img12579.jpg,57.0,43.670270489908766,13.329729510091234,test
img12588,6624,images/img12588.jpg,73.0,75.86249153854465,2.8624915385446457,test
img12589,6624,images/img12589.jpg,73.0,79.75235431908797,6.752354319087971,test
img12604,6632,images/img12604.jpg,87.0,75.04435703512972,11.95564296487028,test
img12605,6632,images/img12605.jpg,87.0,79.70974635070326,7.290253649296744,test
img12634,6647,images/img12634.jpg,64.0,71.18941341942059,7.189413419420589,test
img12635,6647,images/img12635.jpg,64.0,75.36802839934636,11.368028399346358,test
img12665,6663,images/img12665.jpg,29.0,29.76417496821443,0.7641749682144301,test
img12666,6663,images/img12666.jpg,29.0,28.73814612289742,0.2618538771025811,test
img12676,6669,images/img12676.jpg,31.0,30.38688735063561,0.613112649364389,test
img12677,6669,images/img12677.jpg,31.0,35.65353892263998,4.6535389226399815,test
img12707,6685,images/img12707.jpg,18.0,24.573360083258272,6.573360083258272,test
img12708,6685,images/img12708.jpg,18.0,22.845806983211467,4.845806983211467,test
img12731,6697,images/img12731.jpg,60.0,57.96280139275324,2.037198607246758,test
img12732,6697,images/img12732.jpg,60.0,56.918355818038144,3.081644181961856,test
img12739,6701,images/img12739.jpg,78.0,75.74405124555345,2.2559487544465497,test
img12740,6701,images/img12740.jpg,78.0,78.25366363712234,0.2536636371223437,test
img12759,6711,images/img12759.jpg,56.0,68.07709371259753,12.07709371259753,test
img12760,6711,images/img12760.jpg,56.0,53.714119941089216,2.2858800589107844,test
img12765,6714,images/img12765.jpg,64.0,59.85905127330364,4.140948726696365,test
img12766,6714,images/img12766.jpg,64.0,53.64417691281932,10.35582308718068,test
img12783,6723,images/img12783.jpg,69.0,68.43159990557788,0.5684000944221168,test
img12784,6723,images/img12784.jpg,69.0,66.3273739555061,2.672626044493896,test
img12791,6727,images/img12791.jpg,74.0,70.55273904223998,3.4472609577600224,test
img12792,6727,images/img12792.jpg,74.0,74.79201813687425,0.7920181368742476,test
img12807,6735,images/img12807.jpg,42.0,52.19789469723925,10.19789469723925,test
img12828,6746,images/img12828.jpg,41.0,39.22829163086335,1.7717083691366469,test
img12829,6746,images/img12829.jpg,41.0,39.75442391580638,1.2455760841936223,test
img12849,6757,images/img12849.jpg,47.0,48.85877709788412,1.858777097884115,test
img12866,6766,images/img12866.jpg,44.0,62.68724787672584,18.687247876725834,test
img12867,6766,images/img12867.jpg,44.0,59.95180114694216,15.95180114694216,test
img12870,6768,images/img12870.jpg,40.0,38.58198280112028,1.418017198879717,test
img12871,6768,images/img12871.jpg,40.0,54.31922087359055,14.319220873590552,test
img12878,6772,images/img12878.jpg,42.0,47.237961495580414,5.237961495580414,test
img12879,6772,images/img12879.jpg,42.0,28.21972227249272,13.78027772750728,test
img12889,6777,images/img12889.jpg,45.0,62.06232482695757,17.06232482695757,test
img12899,6783,images/img12899.jpg,55.0,48.76950463561026,6.230495364389739,test
img12912,6790,images/img12912.jpg,46.0,55.08404088600295,9.084040886002946,test
img12913,6790,images/img12913.jpg,46.0,63.205257295166106,17.205257295166106,test
img12931,6800,images/img12931.jpg,58.0,51.35353919249614,6.646460807503857,test
img12932,6800,images/img12932.jpg,58.0,57.757591724757546,0.2424082752424539,test
img12946,6809,images/img12946.jpg,47.0,47.34706398204683,0.3470639820468335,test
img12947,6809,images/img12947.jpg,47.0,45.80131345991021,1.1986865400897884,test
img12977,6826,images/img12977.jpg,58.0,64.79109865680877,6.791098656808771,test
img12978,6826,images/img12978.jpg,58.0,70.23608030310561,12.23608030310561,test
img12997,6837,images/img12997.jpg,52.0,46.13433135553508,5.865668644464918,test
img12998,6837,images/img12998.jpg,52.0,57.155962614242405,5.155962614242405,test
img13020,6849,images/img13020.jpg,55.0,61.55792622671739,6.557926226717392,test
img13021,6849,images/img13021.jpg,55.0,45.43222907727596,9.567770922724044,test
img13035,6857,images/img13035.jpg,63.0,34.08410470434684,28.91589529565316,test
img13036,6857,images/img13036.jpg,63.0,49.23606668810879,13.763933311891217,test
img13048,6864,images/img13048.jpg,73.0,79.39564182120226,6.395641821202261,test
img13049,6864,images/img13049.jpg,73.0,75.62018189382827,2.620181893828274,test
img13064,6872,images/img13064.jpg,61.0,74.46566823343491,13.465668233434911,test
img13065,6872,images/img13065.jpg,61.0,77.85420357271653,16.85420357271653,test
img13122,6902,images/img13122.jpg,77.0,67.07936293617777,9.920637063822229,test
img13130,6907,images/img13130.jpg,62.0,48.932187176719566,13.067812823280434,test
img13136,6911,images/img13136.jpg,52.0,66.70680277809451,14.706802778094511,test
img13137,6911,images/img13137.jpg,52.0,64.13553708815468,12.135537088154678,test
img13172,6931,images/img13172.jpg,76.0,79.29810198654332,3.2981019865433154,test
img13173,6931,images/img13173.jpg,76.0,79.56450975938063,3.564509759380627,test
img13174,6932,images/img13174.jpg,61.0,75.63327794390413,14.633277943904131,test
img13175,6932,images/img13175.jpg,61.0,55.20530422409918,5.79469577590082,test
img13178,6934,images/img13178.jpg,94.0,83.91165895069236,10.088341049307644,test
img13179,6934,images/img13179.jpg,94.0,74.19610423400536,19.80389576599464,test
img13184,6937,images/img13184.jpg,54.0,56.567892040789744,2.567892040789744,test
img13185,6937,images/img13185.jpg,54.0,46.048626825291805,7.951373174708195,test
img13230,6963,images/img13230.jpg,66.0,59.93006337245019,6.069936627549808,test
img13231,6963,images/img13231.jpg,66.0,48.32722393378536,17.672776066214638,test
img13243,6970,images/img13243.jpg,66.0,55.71860956709061,10.28139043290939,test
img13244,6970,images/img13244.jpg,66.0,57.20094450072335,8.799055499276655,test
img13262,6981,images/img13262.jpg,90.0,74.42580096906757,15.574199030932434,test
img13263,6981,images/img13263.jpg,90.0,77.99424667715864,12.005753322841358,test
img13270,6985,images/img13270.jpg,84.0,80.71701669657783,3.2829833034221707,test
img13271,6985,images/img13271.jpg,84.0,74.14018863712084,9.859811362879157,test
img13287,6994,images/img13287.jpg,43.0,56.9808698806931,13.9808698806931,test
img13288,6994,images/img13288.jpg,43.0,56.84686773560087,13.846867735600869,test
img13303,7002,images/img13303.jpg,80.0,66.60090995813152,13.399090041868476,test
img13304,7002,images/img13304.jpg,80.0,75.13658123453968,4.863418765460324,test
img13321,7011,images/img13321.jpg,36.0,32.10211437157204,3.897885628427957,test
img13322,7011,images/img13322.jpg,36.0,37.64131603437068,1.641316034370682,test
img13333,7017,images/img13333.jpg,55.0,53.90940437251583,1.09059562748417,test
img13334,7017,images/img13334.jpg,55.0,56.27469873939903,1.274698739399028,test
img13350,7026,images/img13350.jpg,59.0,62.1420577197766,3.142057719776602,test
img13351,7026,images/img13351.jpg,59.0,66.64156028078955,7.641560280789548,test
img13392,7048,images/img13392.jpg,40.0,44.78864350178334,4.788643501783341,test
img13393,7048,images/img13393.jpg,40.0,47.94551791661348,7.9455179166134755,test
img13416,7061,images/img13416.jpg,66.0,71.52467361009509,5.524673610095093,test
img13417,7061,images/img13417.jpg,66.0,64.61892289718803,1.3810771028119715,test
img13448,7078,images/img13448.jpg,71.0,67.6925979139388,3.3074020860612023,test
img13449,7078,images/img13449.jpg,71.0,73.22965216479544,2.2296521647954397,test
img13492,7101,images/img13492.jpg,43.0,63.76412316163617,20.76412316163617,test
img13501,7106,images/img13501.jpg,34.0,35.87560901894631,1.8756090189463064,test
img13502,7106,images/img13502.jpg,34.0,36.41242492368805,2.41242492368805,test
img13509,7110,images/img13509.jpg,42.0,33.647640227959535,8.352359772040465,test
img13510,7110,images/img13510.jpg,42.0,39.073165384137006,2.926834615862994,test
img13511,7111,images/img13511.jpg,53.0,53.304162478616064,0.3041624786160639,test
img13512,7111,images/img13512.jpg,53.0,52.69760912567098,0.3023908743290207,test
img13515,7113,images/img13515.jpg,45.0,51.88001338380982,6.880013383809818,test
img13516,7113,images/img13516.jpg,45.0,57.2316037412074,12.2316037412074,test
img13519,7115,images/img13519.jpg,37.0,54.998030439533295,17.998030439533295,test
img13520,7115,images/img13520.jpg,37.0,58.15590814779837,21.155908147798364,test
img13533,7122,images/img13533.jpg,53.0,73.65925452034021,20.65925452034021,test
img13534,7122,images/img13534.jpg,53.0,63.67320660413503,10.673206604135023,test
img13548,7130,images/img13548.jpg,35.0,48.7333923429627,13.733392342962702,test
img13549,7130,images/img13549.jpg,35.0,41.410534398238326,6.410534398238326,test
img13554,7133,images/img13554.jpg,38.0,46.37588520722159,8.375885207221593,test
img13555,7133,images/img13555.jpg,38.0,44.334392259849125,6.334392259849125,test
img13562,7137,images/img13562.jpg,47.0,46.35591722080929,0.6440827791907111,test
img13563,7137,images/img13563.jpg,47.0,55.08780458260619,8.08780458260619,test
img13567,7140,images/img13567.jpg,33.0,46.91069766059847,13.910697660598466,test
img13568,7140,images/img13568.jpg,33.0,52.52580635481822,19.525806354818226,test
img13571,7142,images/img13571.jpg,52.0,47.08322023433681,4.916779765663193,test
img13572,7142,images/img13572.jpg,52.0,50.127016887673335,1.872983112326665,test
img13605,7159,images/img13605.jpg,55.0,60.23706175702432,5.237061757024321,test
img13606,7159,images/img13606.jpg,55.0,57.552296580169184,2.552296580169184,test
img13609,7161,images/img13609.jpg,57.0,53.57781790308388,3.4221820969161243,test
img13610,7161,images/img13610.jpg,57.0,49.43712399320829,7.562876006791711,test
img13648,7180,images/img13648.jpg,62.0,50.92453231024764,11.075467689752363,test
img13665,7189,images/img13665.jpg,56.0,57.582571925780925,1.5825719257809254,test
img13666,7189,images/img13666.jpg,56.0,51.35624826881097,4.643751731189028,test
img13673,7193,images/img13673.jpg,36.0,44.49231483172492,8.492314831724919,test
img13674,7193,images/img13674.jpg,36.0,37.18812377516662,1.1881237751666234,test
img13684,7199,images/img13684.jpg,32.0,32.74806329987233,0.748063299872328,test
img13692,7203,images/img13692.jpg,78.0,78.9122723713254,0.9122723713254004,test
img13695,7205,images/img13695.jpg,40.0,63.16246228709218,23.162462287092183,test
img13696,7205,images/img13696.jpg,40.0,42.66149182980577,2.661491829805769,test
img13704,7209,images/img13704.jpg,41.0,50.91580251903909,9.91580251903909,test
img13734,7225,images/img13734.jpg,42.0,48.68932786434512,6.689327864345117,test
img13735,7225,images/img13735.jpg,42.0,44.11191645646184,2.1119164564618345,test
img13748,7232,images/img13748.jpg,75.0,70.48484636158355,4.51515363841645,test
img13749,7232,images/img13749.jpg,75.0,60.42389423025012,14.57610576974988,test
img13756,7236,images/img13756.jpg,42.0,35.15031600044625,6.849683999553747,test
img13757,7236,images/img13757.jpg,42.0,55.88843151674498,13.88843151674498,test
img13770,7243,images/img13770.jpg,65.0,72.63314606046161,7.633146060461613,test
img13771,7243,images/img13771.jpg,65.0,69.34107303273142,4.341073032731416,test
img13831,7274,images/img13831.jpg,66.0,78.82658310962817,12.826583109628174,test
img13832,7274,images/img13832.jpg,66.0,67.71539167198222,1.7153916719822178,test
img13839,7278,images/img13839.jpg,36.0,34.76279593905764,1.237204060942361,test
img13840,7278,images/img13840.jpg,36.0,39.75168212117857,3.751682121178568,test
img13868,7293,images/img13868.jpg,77.0,74.24966738418655,2.7503326158134485,test
img13869,7293,images/img13869.jpg,77.0,70.18119424246956,6.818805757530441,test
img13893,7306,images/img13893.jpg,73.0,73.6863758205806,0.6863758205805937,test
img13894,7306,images/img13894.jpg,73.0,76.38972097758295,3.3897209775829538,test
img13895,7307,images/img13895.jpg,62.0,66.57714991924473,4.577149919244732,test
img13896,7307,images/img13896.jpg,62.0,65.12941364730527,3.1294136473052703,test
img13909,7314,images/img13909.jpg,79.0,79.09492126293136,0.0949212629313649,test
img13910,7314,images/img13910.jpg,79.0,77.66470346637234,1.3352965336276554,test
img13912,7315,images/img13912.jpg,82.0,80.26506773326705,1.7349322667329543,test
img13931,7325,images/img13931.jpg,63.0,63.30641577524074,0.3064157752407368,test
img13932,7325,images/img13932.jpg,63.0,66.0142029885355,3.014202988535501,test
img14017,7368,images/img14017.jpg,77.0,70.62887455654675,6.371125443453252,test
img14018,7368,images/img14018.jpg,77.0,72.03737175572812,4.962628244271883,test
img14027,7373,images/img14027.jpg,81.0,73.26575900439084,7.734240995609156,test
img14052,7386,images/img14052.jpg,70.0,63.698257925774136,6.301742074225864,test
img14053,7386,images/img14053.jpg,70.0,66.49139740214241,3.508602597857589,test
img14054,7387,images/img14054.jpg,69.0,68.13462123170157,0.8653787682984273,test
img14055,7387,images/img14055.jpg,69.0,72.6970558318178,3.6970558318178064,test
img14060,7390,images/img14060.jpg,79.0,70.19375480282297,8.806245197177034,test
img14061,7390,images/img14061.jpg,79.0,78.91983466406573,0.080165335934268,test
img14078,7399,images/img14078.jpg,73.0,64.8730362186175,8.1269637813825,test
img14079,7399,images/img14079.jpg,73.0,56.13271898348105,16.86728101651895,test
img14088,7404,images/img14088.jpg,80.0,78.16728074718992,1.8327192528100795,test
img14101,7411,images/img14101.jpg,62.0,58.70660704620632,3.293392953793685,test
img14102,7411,images/img14102.jpg,62.0,63.027989475435085,1.027989475435085,test
img14125,7422,images/img14125.jpg,76.0,78.43693853911667,2.436938539116668,test
img14126,7422,images/img14126.jpg,76.0,73.48172168227404,2.518278317725958,test
img14136,7428,images/img14136.jpg,69.0,55.09404205632341,13.90595794367659,test
img14149,7435,images/img14149.jpg,56.0,62.65355892045974,6.653558920459737,test
img14150,7435,images/img14150.jpg,56.0,68.56044462209704,12.560444622097036,test
img14211,7467,images/img14211.jpg,77.0,73.09791405879834,3.902085941201662,test
img14212,7467,images/img14212.jpg,77.0,77.24780672236854,0.2478067223685371,test
img14234,7478,images/img14234.jpg,66.0,75.83872713721613,9.838727137216123,test
img14235,7479,images/img14235.jpg,69.0,68.4831225236395,0.5168774763605057,test
img14236,7479,images/img14236.jpg,69.0,75.04102194842653,6.041021948426533,test
img14241,7482,images/img14241.jpg,67.0,68.43606704591022,1.436067045910221,test
img14242,7482,images/img14242.jpg,67.0,64.435391701742,2.564608298257994,test
img14273,7498,images/img14273.jpg,56.0,49.03838700351936,6.961612996480639,test
img14274,7498,images/img14274.jpg,56.0,46.30375877686542,9.696241223134578,test
img14285,7504,images/img14285.jpg,64.0,57.88671386530552,6.113286134694484,test
img14286,7504,images/img14286.jpg,64.0,66.05067409201541,2.050674092015413,test
img14297,7510,images/img14297.jpg,67.0,66.78842297226733,0.2115770277326731,test
img14298,7510,images/img14298.jpg,67.0,68.40773407747912,1.4077340774791196,test
img14319,7520,images/img14319.jpg,64.0,62.95031183797648,1.0496881620235214,test
img14327,7524,images/img14327.jpg,51.0,59.9215620641273,8.9215620641273,test
img14328,7524,images/img14328.jpg,51.0,55.572788135923446,4.572788135923446,test
img14331,7526,images/img14331.jpg,61.0,64.23066776436778,3.23066776436778,test
img14332,7526,images/img14332.jpg,61.0,61.00375789203357,0.003757892033569,test
img14352,7537,images/img14352.jpg,59.0,54.97235719729493,4.027642802705067,test
img14353,7537,images/img14353.jpg,59.0,59.57556890353199,0.5755689035319875,test
img14418,7571,images/img14418.jpg,73.0,74.34490712144293,1.3449071214429296,test
img14419,7571,images/img14419.jpg,73.0,69.73379094344227,3.2662090565577278,test
img14422,7573,images/img14422.jpg,83.0,69.52191369223996,13.478086307760035,test
img14423,7573,images/img14423.jpg,83.0,76.42920325646756,6.570796743532441,test
img14454,7589,images/img14454.jpg,75.0,73.64931360624615,1.350686393753847,test
img14455,7589,images/img14455.jpg,75.0,76.87516258728195,1.8751625872819488,test
img14470,7597,images/img14470.jpg,83.0,86.22724738384223,3.2272473838422258,test
img14471,7597,images/img14471.jpg,83.0,80.81749681696333,2.182503183036673,test
img14476,7600,images/img14476.jpg,69.0,44.18710313969216,24.812896860307845,test
img14477,7600,images/img14477.jpg,69.0,56.53385817897431,12.466141821025694,test
img14484,7604,images/img14484.jpg,42.0,40.798349678324,1.2016503216760055,test
img14485,7604,images/img14485.jpg,42.0,36.07716691423441,5.922833085765589,test
img14502,7613,images/img14502.jpg,56.0,46.4843136964406,9.5156863035594,test
img14503,7613,images/img14503.jpg,56.0,41.39772517870627,14.602274821293731,test
img14512,7618,images/img14512.jpg,77.0,76.62826801630652,0.3717319836934791,test
img14513,7618,images/img14513.jpg,77.0,77.28014550291896,0.2801455029189554,test
img14518,7621,images/img14518.jpg,56.0,47.04781356663921,8.952186433360787,test
img14519,7621,images/img14519.jpg,56.0,53.0345074132154,2.965492586784599,test
img14532,7628,images/img14532.jpg,65.0,68.25918421166195,3.259184211661946,test
img14533,7628,images/img14533.jpg,65.0,66.18982071468184,1.1898207146818436,test
img14548,7636,images/img14548.jpg,73.0,73.94034081899122,0.940340818991217,test
img14579,7652,images/img14579.jpg,74.0,80.58407128483174,6.584071284831737,test
img14580,7652,images/img14580.jpg,74.0,73.54353311915773,0.4564668808422709,test
img14591,7658,images/img14591.jpg,63.0,60.47597469554805,2.5240253044519534,test
img14592,7658,images/img14592.jpg,63.0,67.87521954028394,4.875219540283936,test
img14595,7660,images/img14595.jpg,56.0,38.2019879517173,17.7980120482827,test
img14596,7660,images/img14596.jpg,56.0,49.86543888313725,6.134561116862756,test
img14615,7670,images/img14615.jpg,65.0,62.18491598325562,2.815084016744379,test
img14616,7670,images/img14616.jpg,65.0,52.71478296815471,12.285217031845292,test
img14631,7678,images/img14631.jpg,59.0,62.040216517571096,3.040216517571096,test
img14632,7678,images/img14632.jpg,59.0,69.23089956682009,10.230899566820083,test
img14653,7689,images/img14653.jpg,58.0,60.21082875898138,2.2108287589813784,test
img14654,7689,images/img14654.jpg,58.0,57.480512874141496,0.5194871258585039,test
img14687,7706,images/img14687.jpg,72.0,61.82868880701246,10.171311192987538,test
img14688,7706,images/img14688.jpg,72.0,66.09219144996743,5.90780855003257,test
img14693,7709,images/img14693.jpg,61.0,63.30026473240031,2.300264732400308,test
img14694,7709,images/img14694.jpg,61.0,31.794496792924758,29.20550320707525,test
img14784,7756,images/img14784.jpg,81.0,77.78894362564463,3.211056374355365,test
img14785,7756,images/img14785.jpg,81.0,71.03535378969741,9.96464621030259,test
img14819,7774,images/img14819.jpg,67.0,60.71441758097528,6.2855824190247205,test
img14820,7774,images/img14820.jpg,67.0,67.95634895976204,0.9563489597620388,test
img14860,7796,images/img14860.jpg,50.0,61.05475292729835,11.054752927298352,test
img14861,7796,images/img14861.jpg,50.0,45.61758704519674,4.382412954803257,test
img14876,7804,images/img14876.jpg,60.0,63.81616763678982,3.816167636789821,test
img14877,7804,images/img14877.jpg,60.0,65.92862496910242,5.928624969102415,test
img14884,7808,images/img14884.jpg,70.0,69.7045320467538,0.2954679532462023,test
img14885,7808,images/img14885.jpg,70.0,67.33525286200212,2.664747137997878,test
img14890,7811,images/img14890.jpg,54.0,61.22200839795197,7.222008397951967,test
img14891,7811,images/img14891.jpg,54.0,66.35196503954262,12.35196503954262,test
img14945,7838,images/img14945.jpg,52.0,56.496176566077246,4.496176566077246,test
img14946,7838,images/img14946.jpg,52.0,54.68648911720175,2.686489117201752,test
img14988,7860,images/img14988.jpg,42.0,53.57929186308367,11.579291863083668,test
img15003,7868,images/img15003.jpg,61.0,59.078047692680414,1.9219523073195857,test
img15004,7868,images/img15004.jpg,61.0,68.4816589244388,7.481658924438804,test
img15047,7890,images/img15047.jpg,52.0,56.179260238391294,4.179260238391294,test
img15048,7890,images/img15048.jpg,52.0,56.38990237327858,4.389902373278581,test
img15097,7916,images/img15097.jpg,70.0,68.75763244138132,1.2423675586186818,test
img15114,7925,images/img15114.jpg,77.0,61.74779823121912,15.252201768780878,test
img15115,7925,images/img15115.jpg,77.0,71.38294115009272,5.617058849907281,test
img15132,7934,images/img15132.jpg,64.0,54.78428660857541,9.215713391424586,test
img15133,7934,images/img15133.jpg,64.0,46.28013288306185,17.719867116938147,test
img15138,7937,images/img15138.jpg,52.0,59.168571085120576,7.168571085120576,test
img15139,7937,images/img15139.jpg,52.0,50.14707157761504,1.852928422384963,test
img15147,7941,images/img15147.jpg,68.0,68.70347708973517,0.7034770897351734,test
img15168,7954,images/img15168.jpg,54.0,51.39058450236888,2.609415497631126,test
img15169,7954,images/img15169.jpg,54.0,51.87325705217924,2.126742947820759,test
img15182,7961,images/img15182.jpg,83.0,56.59481566788919,26.405184332110807,test
img15183,7961,images/img15183.jpg,83.0,75.6310487361797,7.368951263820307,test
img15209,7975,images/img15209.jpg,85.0,82.10907621531754,2.8909237846824567,test
img15242,7993,images/img15242.jpg,63.0,50.52188221032618,12.478117789673815,test
img15243,7993,images/img15243.jpg,63.0,56.03185878535976,6.968141214640241,test
img15275,8010,images/img15275.jpg,61.0,62.4898381182185,1.4898381182185003,test
img15276,8010,images/img15276.jpg,61.0,59.79913204552068,1.200867954479321,test
img15295,8020,images/img15295.jpg,47.0,51.53266813893057,4.532668138930568,test
img15296,8020,images/img15296.jpg,47.0,45.86614043464032,1.1338595653596857,test
img15307,8026,images/img15307.jpg,56.0,71.27873768568999,15.27873768568999,test
img15308,8027,images/img15308.jpg,64.0,65.45840010146566,1.4584001014656565,test
img15313,8030,images/img15313.jpg,48.0,58.69445900924908,10.69445900924908,test
img15314,8030,images/img15314.jpg,48.0,56.7466354564362,8.746635456436202,test
img15319,8033,images/img15319.jpg,68.0,79.40699943824839,11.406999438248391,test
img15320,8033,images/img15320.jpg,68.0,57.26358889132501,10.736411108674986,test
img15335,8042,images/img15335.jpg,67.0,74.95591507270038,7.955915072700378,test
img15336,8042,images/img15336.jpg,67.0,61.70064677977178,5.29935322022822,test
img15339,8044,images/img15339.jpg,74.0,80.18639982153555,6.186399821535545,test
img15342,8046,images/img15342.jpg,60.0,61.82582486401619,1.825824864016191,test
img15343,8046,images/img15343.jpg,60.0,62.0127544015705,2.012754401570497,test
img15358,8054,images/img15358.jpg,83.0,62.95988521635472,20.040114783645286,test
img15394,8073,images/img15394.jpg,69.0,67.0113350198277,1.9886649801723024,test
img15400,8076,images/img15400.jpg,66.0,59.934549598465104,6.065450401534896,test
img15401,8076,images/img15401.jpg,66.0,60.20835361860437,5.79164638139563,test
img15402,8077,images/img15402.jpg,78.0,70.04830445185553,7.951695548144471,test
img15403,8077,images/img15403.jpg,78.0,73.54086112359762,4.459138876402378,test
img15408,8080,images/img15408.jpg,55.0,58.7681414680401,3.768141468040099,test
img15409,8080,images/img15409.jpg,55.0,50.68981222353243,4.310187776467572,test
img15420,8086,images/img15420.jpg,65.0,69.2176595561671,4.217659556167106,test
img15426,8090,images/img15426.jpg,63.0,65.65914712789706,2.6591471278970573,test
img15427,8090,images/img15427.jpg,63.0,71.58088367179643,8.580883671796428,test
img15432,8093,images/img15432.jpg,58.0,69.27569857156409,11.275698571564092,test
img15433,8093,images/img15433.jpg,58.0,63.54516130506304,5.54516130506304,test
img15440,8097,images/img15440.jpg,59.0,59.0240433905792,0.0240433905792016,test
img15441,8097,images/img15441.jpg,59.0,62.09534960147015,3.095349601470147,test
img15442,8098,images/img15442.jpg,74.0,78.00188531262927,4.00188531262927,test
img15443,8098,images/img15443.jpg,74.0,76.36035083863035,2.360350838630353,test
img15448,8101,images/img15448.jpg,72.0,83.04759229829386,11.047592298293864,test
img15449,8101,images/img15449.jpg,72.0,75.4263062584281,3.4263062584280988,test
img15464,8109,images/img15464.jpg,68.0,76.7694344494943,8.769434449494298,test
img15465,8109,images/img15465.jpg,68.0,75.29000831021189,7.290008310211888,test
img15466,8110,images/img15466.jpg,70.0,66.54234090606425,3.457659093935746,test
img15467,8110,images/img15467.jpg,70.0,70.96707067050609,0.9670706705060894,test
img15519,8137,images/img15519.jpg,74.0,66.55834343294326,7.441656567056739,test
img15520,8137,images/img15520.jpg,74.0,63.61720921146805,10.382790788531947,test
img15531,8143,images/img15531.jpg,63.0,61.54834521406613,1.4516547859338758,test
img15532,8143,images/img15532.jpg,63.0,62.39889593137218,0.6011040686278193,test
img15535,8145,images/img15535.jpg,81.0,82.10223154424192,1.102231544241917,test
img15538,8147,images/img15538.jpg,58.0,62.1947674672942,4.194767467294199,test
img15539,8147,images/img15539.jpg,58.0,60.12095782423258,2.1209578242325837,test
img15544,8150,images/img15544.jpg,63.0,71.16864819678199,8.168648196781987,test
img15545,8150,images/img15545.jpg,63.0,69.1111756253496,6.111175625349603,test
img15558,8157,images/img15558.jpg,46.0,47.83149241465385,1.831492414653852,test
img15559,8158,images/img15559.jpg,60.0,59.49339958700631,0.5066004129936914,test
img15560,8158,images/img15560.jpg,60.0,67.20907468799092,7.20907468799092,test
img15569,8163,images/img15569.jpg,54.0,54.432509940855496,0.4325099408554962,test
img15570,8163,images/img15570.jpg,54.0,49.53809925073023,4.461900749269773,test
img15579,8168,images/img15579.jpg,73.0,67.25952523599719,5.740474764002812,test
img15580,8168,images/img15580.jpg,73.0,64.33594548004672,8.664054519953282,test
img15583,8170,images/img15583.jpg,77.0,64.10603716656058,12.893962833439415,test
img15584,8170,images/img15584.jpg,77.0,70.83234102009209,6.1676589799079125,test
img15596,8177,images/img15596.jpg,63.0,59.78886776543333,3.2111322345666764,test
img15597,8177,images/img15597.jpg,63.0,49.52913116114213,13.470868838857868,test
img15638,8199,images/img15638.jpg,70.0,71.1507687293483,1.1507687293483002,test
img15639,8199,images/img15639.jpg,70.0,74.02640961311901,4.026409613119014,test
img15667,8214,images/img15667.jpg,59.0,58.06313250848837,0.9368674915116272,test
img15668,8214,images/img15668.jpg,59.0,62.523705934595554,3.5237059345955544,test
img15681,8221,images/img15681.jpg,60.0,70.35423485616343,10.35423485616343,test
img15682,8221,images/img15682.jpg,60.0,66.59470438476947,6.594704384769472,test
img15693,8227,images/img15693.jpg,58.0,61.95530377050196,3.955303770501956,test
img15694,8227,images/img15694.jpg,58.0,57.41192056689249,0.5880794331075094,test
img15699,8230,images/img15699.jpg,73.0,75.57398145467825,2.573981454678247,test
img15700,8230,images/img15700.jpg,73.0,67.53321719591449,5.466782804085511,test
img15705,8233,images/img15705.jpg,61.0,62.69140691961093,1.6914069196109338,test
img15706,8233,images/img15706.jpg,61.0,64.3975933253655,3.3975933253655057,test
img15709,8235,images/img15709.jpg,58.0,54.59582776254185,3.404172237458148,test
img15710,8235,images/img15710.jpg,58.0,51.36069686876596,6.639303131234044,test
img15724,8243,images/img15724.jpg,66.0,56.79514669460367,9.204853305396334,test
img15758,8263,images/img15758.jpg,62.0,62.485922281459885,0.4859222814598851,test
img15759,8263,images/img15759.jpg,62.0,61.52303378183881,0.4769662181611878,test
img15800,8285,images/img15800.jpg,63.0,66.01454107776964,3.0145410777696355,test
img15801,8285,images/img15801.jpg,63.0,64.99113896767977,1.991138967679774,test
img15810,8290,images/img15810.jpg,70.0,59.52206600957721,10.477933990422793,test
img15811,8290,images/img15811.jpg,70.0,64.54331196649939,5.456688033500612,test
img15837,8304,images/img15837.jpg,59.0,69.34108830127747,10.341088301277466,test
img15838,8304,images/img15838.jpg,59.0,58.73251177050901,0.2674882294909864,test
img15841,8306,images/img15841.jpg,71.0,70.27616568955949,0.7238343104405089,test
img15842,8306,images/img15842.jpg,71.0,71.60338950868562,0.6033895086856234,test
img15845,8308,images/img15845.jpg,70.0,70.2920417056283,0.2920417056282929,test
img15846,8308,images/img15846.jpg,70.0,74.21863624554494,4.218636245544943,test
img15864,8318,images/img15864.jpg,63.0,63.24934849373929,0.2493484937392907,test
img15865,8318,images/img15865.jpg,63.0,68.03453264046142,5.034532640461421,test
img15868,8320,images/img15868.jpg,62.0,53.78033826207884,8.219661737921157,test
img15869,8320,images/img15869.jpg,62.0,53.95387728474046,8.046122715259543,test
img15874,8323,images/img15874.jpg,63.0,60.15061697494985,2.849383025050152,test
img15875,8323,images/img15875.jpg,63.0,61.20685600190526,1.7931439980947417,test
img15881,8327,images/img15881.jpg,38.0,49.07358100218258,11.073581002182578,test
img15882,8327,images/img15882.jpg,38.0,56.99085455553077,18.99085455553077,test
img15898,8336,images/img15898.jpg,63.0,62.87953776455686,0.1204622354431421,test
img15899,8336,images/img15899.jpg,63.0,64.82848587305214,1.828485873052145,test
img15919,8347,images/img15919.jpg,70.0,67.85103961638055,2.1489603836194533,test
img15920,8347,images/img15920.jpg,70.0,64.6458773340322,5.354122665967793,test
img15941,8358,images/img15941.jpg,69.0,73.42362813635543,4.423628136355433,test
img15942,8358,images/img15942.jpg,69.0,81.56747471199711,12.567474711997107,test
img15954,8365,images/img15954.jpg,54.0,57.28578642627751,3.285786426277511,test
img15955,8365,images/img15955.jpg,54.0,50.117655633024256,3.882344366975744,test
img16037,8409,images/img16037.jpg,63.0,62.80369562445648,0.1963043755435194,test
img16038,8409,images/img16038.jpg,63.0,65.34644675932817,2.346446759328174,test
img16059,8420,images/img16059.jpg,57.0,45.08953201406087,11.910467985939128,test
img16060,8420,images/img16060.jpg,57.0,52.97750584099252,4.022494159007479,test
img16071,8426,images/img16071.jpg,87.0,79.75249391722335,7.247506082776653,test
img16072,8426,images/img16072.jpg,87.0,64.94184337612175,22.058156623878247,test
img16079,8430,images/img16079.jpg,52.0,60.76236108824937,8.76236108824937,test
img16080,8430,images/img16080.jpg,52.0,66.92473182658787,14.924731826587871,test
img16082,8432,images/img16082.jpg,50.0,57.43871822848696,7.438718228486962,test
img16083,8432,images/img16083.jpg,50.0,65.00235753189574,15.00235753189574,test
img16087,8434,images/img16087.jpg,67.0,56.45191380085036,10.548086199149637,test
img16088,8435,images/img16088.jpg,69.0,72.2096925665364,3.209692566536404,test
img16089,8435,images/img16089.jpg,69.0,65.29566412044515,3.704335879554847,test
img16110,8446,images/img16110.jpg,61.0,65.6933377649622,4.693337764962195,test
img16111,8446,images/img16111.jpg,61.0,71.74638598617949,10.74638598617949,test
img16118,8450,images/img16118.jpg,59.0,65.11252445414448,6.112524454144477,test
img16119,8450,images/img16119.jpg,59.0,68.03880783335761,9.038807833357607,test
img16124,8453,images/img16124.jpg,54.0,56.71823786933696,2.71823786933696,test
img16125,8453,images/img16125.jpg,54.0,55.110104566776215,1.110104566776215,test
img16130,8456,images/img16130.jpg,63.0,63.25470884401601,0.2547088440160081,test
img16131,8456,images/img16131.jpg,63.0,63.51345889570011,0.5134588957001114,test
img16150,8466,images/img16150.jpg,72.0,71.92568997558836,0.0743100244116448,test
img16151,8466,images/img16151.jpg,72.0,69.51426633188586,2.485733668114136,test
img16154,8468,images/img16154.jpg,66.0,77.00143782562166,11.001437825621665,test
img16155,8468,images/img16155.jpg,66.0,75.08488630002971,9.084886300029709,test
img16161,8472,images/img16161.jpg,68.0,76.54396164863796,8.54396164863796,test
img16162,8472,images/img16162.jpg,68.0,78.27130098903996,10.271300989039958,test
img16239,8511,images/img16239.jpg,34.0,34.42405451988196,0.4240545198819632,test
img16240,8511,images/img16240.jpg,34.0,39.484266624301455,5.484266624301455,test
img16243,8513,images/img16243.jpg,29.0,30.518681077764786,1.518681077764782,test
img16244,8513,images/img16244.jpg,29.0,33.16238838447583,4.1623883844758325,test
img16247,8515,images/img16247.jpg,20.0,29.558413860318694,9.558413860318698,test
img16248,8515,images/img16248.jpg,20.0,25.699053272357123,5.699053272357123,test
img16261,8522,images/img16261.jpg,33.0,29.939211399000147,3.060788600999853,test
img16262,8522,images/img16262.jpg,33.0,28.91497769845536,4.085022301544644,test
img16263,8523,images/img16263.jpg,19.0,23.9296425439033,4.929642543903299,test
img16264,8523,images/img16264.jpg,19.0,23.922954920729985,4.922954920729985,test
img16265,8524,images/img16265.jpg,20.0,23.432575026991728,3.432575026991728,test
img16266,8524,images/img16266.jpg,20.0,22.40185001315151,2.4018500131515097,test
