image_id,patient_id,image_path,age_true,age_pred,absolute_error,split
img00001,1,images/img00001.jpg,48.0,42.13007771853718,5.86992228146282,validation
img00002,1,images/img00002.jpg,48.0,48.0520792807717,0.0520792807717001,validation
img00015,8,images/img00015.jpg,28.0,32.48894734838805,4.488947348388052,validation
img00016,8,images/img00016.jpg,28.0,35.533879327185026,7.533879327185026,validation
img00029,15,images/img00029.jpg,26.0,24.999869467615905,1.000130532384098,validation
img00030,15,images/img00030.jpg,26.0,27.89968045979611,1.8996804597961088,validation
img00047,24,images/img00047.jpg,13.0,19.36207225925948,6.362072259259477,validation
img00048,24,images/img00048.jpg,13.0,17.76409240350086,4.764092403500861,validation
img00070,36,images/img00070.jpg,39.0,41.622069197764766,2.622069197764766,validation
img00071,36,images/img00071.jpg,39.0,36.15925061784112,2.840749382158876,validation
img00074,38,images/img00074.jpg,37.0,33.55466568857188,3.44533431142812,validation
img00075,38,images/img00075.jpg,37.0,29.494179087053546,7.505820912946454,validation
img00094,48,images/img00094.jpg,20.0,22.88652383310588,2.886523833105876,validation
img00095,48,images/img00095.jpg,20.0,20.57148506761409,0.5714850676140912,validation
img00096,49,images/img00096.jpg,20.0,23.336003654397025,3.3360036543970253,validation
img00097,49,images/img00097.jpg,20.0,20.7683402507164,0.768340250716399,validation
img00118,60,images/img00118.jpg,20.0,25.682593779706817,5.682593779706817,validation
img00119,60,images/img00119.jpg,20.0,24.716474346678865,4.716474346678865,validation
img00130,66,images/img00130.jpg,27.0,26.08069494351348,0.9193050564865182,validation
img00131,66,images/img00131.jpg,27.0,24.625277502296512,2.3747224977034875,validation
img00132,67,images/img00132.jpg,18.0,21.26549937890432,3.265499378904316,validation
img00133,67,images/img00133.jpg,18.0,22.908475639895254,4.908475639895258,validation
img00160,81,images/img00160.jpg,28.0,27.014065526468325,0.9859344735316746,validation
img00161,81,images/img00161.jpg,28.0,27.932721593465185,0.0672784065348182,validation
img00177,90,images/img00177.jpg,25.0,23.47743183408867,1.5225681659113306,validation
img00178,90,images/img00178.jpg,25.0,22.40033842709179,2.599661572908211,validation
img00191,97,images/img00191.jpg,19.0,22.477012702952308,3.477012702952308,validation
img00192,97,images/img00192.jpg,19.0,22.621392074474837,3.6213920744748336,validation
img00197,100,images/img00197.jpg,15.0,23.734565055806293,8.734565055806293,validation
img00198,100,images/img00198.jpg,15.0,21.65206624677475,6.652066246774751,validation
img00209,106,images/img00209.jpg,24.0,22.602749179738268,1.397250820261732,validation
img00210,106,images/img00210.jpg,24.0,21.015681971969244,2.9843180280307564,validation
img00223,113,images/img00223.jpg,16.0,18.96684812577428,2.966848125774277,validation
img00224,113,images/img00224.jpg,16.0,16.367356347225737,0.367356347225737,validation
img00227,115,images/img00227.jpg,18.0,21.165701980649693,3.1657019806496933,validation
img00228,115,images/img00228.jpg,18.0,21.634638292060203,3.6346382920602025,validation
img00253,128,images/img00253.jpg,18.0,23.041730785004248,5.041730785004248,validation
img00254,128,images/img00254.jpg,18.0,21.001892293658187,3.0018922936581878,validation
img00255,129,images/img00255.jpg,47.0,43.8980673815972,3.101932618402799,validation
img00256,129,images/img00256.jpg,47.0,45.38786631670503,1.6121336832949709,validation
img00269,136,images/img00269.jpg,17.0,22.230283904762643,5.230283904762644,validation
img00270,136,images/img00270.jpg,17.0,20.461137104033533,3.461137104033533,validation
img00271,137,images/img00271.jpg,17.0,21.62349879710061,4.623498797100609,validation
img00272,137,images/img00272.jpg,17.0,20.24461603360878,3.2446160336087786,validation
img00275,139,images/img00275.jpg,15.0,20.54651008870527,5.5465100887052685,validation
img00276,139,images/img00276.jpg,15.0,19.05807986969048,4.058079869690481,validation
img00277,140,images/img00277.jpg,18.0,16.92408243602685,1.0759175639731495,validation
img00278,140,images/img00278.jpg,18.0,19.326671044614045,1.326671044614045,validation
img00281,142,images/img00281.jpg,16.0,20.925898558707665,4.925898558707665,validation
img00282,142,images/img00282.jpg,16.0,18.7165268568193,2.7165268568193,validation
img00283,143,images/img00283.jpg,14.0,19.53923101794723,5.53923101794723,validation
img00284,143,images/img00284.jpg,14.0,19.004430561285112,5.004430561285112,validation
img00285,144,images/img00285.jpg,24.0,23.9421431206829,0.0578568793171001,validation
img00286,144,images/img00286.jpg,24.0,24.7338085088962,0.7338085088961961,validation
img00295,149,images/img00295.jpg,17.0,19.363847773043915,2.363847773043915,validation
img00296,149,images/img00296.jpg,17.0,20.96304038760369,3.963040387603691,validation
img00319,161,images/img00319.jpg,17.0,20.097771882508354,3.0977718825083542,validation
img00320,161,images/img00320.jpg,17.0,23.89320088690507,6.893200886905071,validation
img00329,166,images/img00329.jpg,66.0,63.95065135455125,2.0493486454487524,validation
img00330,166,images/img00330.jpg,66.0,59.76226777697978,6.237732223020217,validation
img00334,169,images/img00334.jpg,68.0,55.28727314095786,12.712726859042142,validation
img00335,169,images/img00335.jpg,68.0,62.48138534205986,5.518614657940141,validation
img00342,173,images/img00342.jpg,41.0,54.81801591742752,13.818015917427523,validation
img00343,173,images/img00343.jpg,41.0,65.22534210504989,24.22534210504989,validation
img00357,181,images/img00357.jpg,28.0,38.31307971161296,10.313079711612964,validation
img00358,181,images/img00358.jpg,28.0,35.45385469607525,7.453854696075247,validation
img00366,186,images/img00366.jpg,68.0,72.92444265398355,4.924442653983547,validation
img00367,186,images/img00367.jpg,68.0,69.15587320332337,1.1558732033233667,validation
img00370,188,images/img00370.jpg,83.0,79.35297277863332,3.647027221366685,validation
img00371,188,images/img00371.jpg,83.0,83.47052229921137,0.4705222992113675,validation
img00375,191,images/img00375.jpg,61.0,64.59757365266272,3.5975736526627173,validation
img00376,191,images/img00376.jpg,61.0,62.19703430107856,1.1970343010785598,validation
img00388,198,images/img00388.jpg,64.0,58.93136958701837,5.0686304129816335,validation
img00389,198,images/img00389.jpg,64.0,55.57890618779829,8.421093812201711,validation
img00405,208,images/img00405.jpg,53.0,59.50047901197757,6.500479011977568,validation
img00406,208,images/img00406.jpg,53.0,58.01689976000428,5.016899760004279,validation
img00418,215,images/img00418.jpg,66.0,58.20965561114267,7.790344388857328,validation
img00419,215,images/img00419.jpg,66.0,62.21403855364,3.785961446359998,validation
img00439,226,images/img00439.jpg,65.0,68.05759250745042,3.0575925074504227,validation
img00440,226,images/img00440.jpg,65.0,59.24635696566463,5.753643034335369,validation
img00453,233,images/img00453.jpg,78.0,63.61239362110247,14.38760637889753,validation
img00454,233,images/img00454.jpg,78.0,64.85880266186034,13.141197338139662,validation
img00457,235,images/img00457.jpg,54.0,56.244744987538624,2.244744987538624,validation
img00458,235,images/img00458.jpg,54.0,59.94561438661006,5.94561438661006,validation
img00467,240,images/img00467.jpg,65.0,79.60297122690021,14.602971226900207,validation
img00472,243,images/img00472.jpg,77.0,64.21375784960877,12.786242150391232,validation
img00473,243,images/img00473.jpg,77.0,69.11460995760217,7.88539004239783,validation
img00474,244,images/img00474.jpg,42.0,46.3701387808517,4.370138780851697,validation
img00475,244,images/img00475.jpg,42.0,56.37251040870832,14.372510408708315,validation
img00498,257,images/img00498.jpg,59.0,59.19521060820231,0.1952106082023093,validation
img00499,257,images/img00499.jpg,59.0,56.16432678238895,2.8356732176110526,validation
img00516,268,images/img00516.jpg,84.0,58.62150235170102,25.378497648298985,validation
img00517,268,images/img00517.jpg,84.0,75.23424976122968,8.765750238770323,validation
img00542,281,images/img00542.jpg,85.0,82.03327442780318,2.9667255721968218,validation
img00543,281,images/img00543.jpg,85.0,84.24327214007991,0.7567278599200904,validation
img00550,285,images/img00550.jpg,63.0,55.16239224805635,7.837607751943651,validation
img00551,285,images/img00551.jpg,63.0,56.55901917512506,6.440980824874941,validation
img00560,290,images/img00560.jpg,62.0,56.37692615402401,5.623073845975988,validation
img00561,290,images/img00561.jpg,62.0,57.96684346766944,4.033156532330558,validation
img00568,294,images/img00568.jpg,65.0,60.53028082408651,4.4697191759134896,validation
img00569,294,images/img00569.jpg,65.0,58.20523645766937,6.794763542330628,validation
img00572,296,images/img00572.jpg,65.0,65.50156209995019,0.501562099950192,validation
img00573,296,images/img00573.jpg,65.0,62.75387926641684,2.2461207335831617,validation
img00577,299,images/img00577.jpg,56.0,50.72429296297266,5.275707037027338,validation
img00578,299,images/img00578.jpg,56.0,46.45014705280498,9.54985294719502,validation
img00589,305,images/img00589.jpg,59.0,57.47996368362548,1.5200363163745223,validation
img00590,305,images/img00590.jpg,59.0,59.94685332006161,0.9468533200616064,validation
img00598,310,images/img00598.jpg,78.0,82.56238844166919,4.562388441669185,validation
img00599,310,images/img00599.jpg,78.0,70.96272131610047,7.03727868389953,validation
img00600,311,images/img00600.jpg,27.0,29.45403371702587,2.454033717025869,validation
img00601,311,images/img00601.jpg,27.0,33.72142220495254,6.721422204952539,validation
img00602,312,images/img00602.jpg,60.0,65.88310561616761,5.883105616167612,validation
img00603,312,images/img00603.jpg,60.0,68.80159821975474,8.801598219754737,validation
img00621,322,images/img00621.jpg,45.0,49.0403730051173,4.040373005117303,validation
img00622,322,images/img00622.jpg,45.0,47.56601820434694,2.566018204346939,validation
img00641,332,images/img00641.jpg,17.0,19.44005090519751,2.440050905197509,validation
img00642,332,images/img00642.jpg,17.0,15.775783073879005,1.2242169261209952,validation
img00661,342,images/img00661.jpg,70.0,64.27315412968925,5.726845870310754,validation
img00662,342,images/img00662.jpg,70.0,61.578560030798855,8.421439969201145,validation
img00667,345,images/img00667.jpg,60.0,65.56968926184965,5.569689261849646,validation
img00668,345,images/img00668.jpg,60.0,59.67435585122072,0.3256441487792827,validation
img00686,355,images/img00686.jpg,22.0,33.87144439485385,11.871444394853851,validation
img00732,379,images/img00732.jpg,49.0,43.56218772419693,5.437812275803076,validation
img00733,379,images/img00733.jpg,49.0,53.388987976850586,4.388987976850586,validation
img00772,400,images/img00772.jpg,90.0,83.14008042542852,6.859919574571478,validation
img00773,400,images/img00773.jpg,90.0,84.34277071107599,5.657229288924015,validation
img00776,402,images/img00776.jpg,55.0,47.13294988884705,7.867050111152949,validation
img00777,402,images/img00777.jpg,55.0,57.6305882313014,2.6305882313014024,validation
img00782,405,images/img00782.jpg,63.0,62.00561308445718,0.9943869155428188,validation
img00783,405,images/img00783.jpg,63.0,51.05365131529061,11.946348684709392,validation
img00792,410,images/img00792.jpg,60.0,63.07795142996749,3.0779514299674915,validation
img00793,410,images/img00793.jpg,60.0,59.01272230898257,0.9872776910174323,validation
img00800,414,images/img00800.jpg,50.0,49.81163907049217,0.1883609295078301,validation
img00801,414,images/img00801.jpg,50.0,54.72268020645307,4.72268020645307,validation
img00810,419,images/img00810.jpg,55.0,53.53007206895071,1.4699279310492912,validation
img00811,419,images/img00811.jpg,55.0,55.79777970492637,0.79777970492637,validation
img00823,426,images/img00823.jpg,66.0,65.48419085697815,0.5158091430218548,validation
img00824,426,images/img00824.jpg,66.0,52.8269162610136,13.173083738986406,validation
img00825,427,images/img00825.jpg,69.0,67.28999907270767,1.710000927292327,validation
img00826,427,images/img00826.jpg,69.0,67.72763922714144,1.272360772858562,validation
img00829,429,images/img00829.jpg,60.0,82.48288512234625,22.482885122346246,validation
img00839,435,images/img00839.jpg,63.0,63.93388103792762,0.9338810379276196,validation
img00840,435,images/img00840.jpg,63.0,55.56419657958725,7.435803420412753,validation
img00866,449,images/img00866.jpg,64.0,64.70152954849722,0.7015295484972199,validation
img00867,449,images/img00867.jpg,64.0,59.44943080945419,4.550569190545808,validation
img00901,466,images/img00901.jpg,71.0,60.7066772460818,10.293322753918195,validation
img00912,472,images/img00912.jpg,76.0,70.02073709194818,5.979262908051823,validation
img00913,472,images/img00913.jpg,76.0,75.97888366514323,0.0211163348567708,validation
img00954,494,images/img00954.jpg,45.0,51.83394436321693,6.833944363216929,validation
img00955,494,images/img00955.jpg,45.0,43.14080857131472,1.8591914286852853,validation
img00996,516,images/img00996.jpg,38.0,36.47741876181436,1.5225812381856372,validation
img00997,516,images/img00997.jpg,38.0,61.31970309929235,23.319703099292347,validation
img01052,547,images/img01052.jpg,66.0,61.50542369518201,4.49457630481799,validation
img01053,547,images/img01053.jpg,66.0,66.33476120527199,0.3347612052719881,validation
img01058,550,images/img01058.jpg,79.0,72.22972926140596,6.770270738594036,validation
img01059,550,images/img01059.jpg,79.0,79.924419927055,0.9244199270549984,validation
img01066,554,images/img01066.jpg,88.0,81.66802026900857,6.331979730991435,validation
img01067,554,images/img01067.jpg,88.0,74.4474310457793,13.552568954220703,validation
img01089,566,images/img01089.jpg,54.0,49.58787143904735,4.412128560952652,validation
img01090,566,images/img01090.jpg,54.0,53.25584162013226,0.7441583798677414,validation
img01110,577,images/img01110.jpg,70.0,70.63569087175112,0.6356908717511232,validation
img01111,577,images/img01111.jpg,70.0,63.74386888998529,6.256131110014707,validation
img01113,579,images/img01113.jpg,67.0,64.6004348691329,2.399565130867103,validation
img01114,579,images/img01114.jpg,67.0,65.1413214773147,1.8586785226852955,validation
img01123,584,images/img01123.jpg,50.0,44.88633056885069,5.113669431149312,validation
img01124,584,images/img01124.jpg,50.0,50.382499470501074,0.3824994705010738,validation
img01189,619,images/img01189.jpg,87.0,74.5420480444786,12.457951955521397,validation
img01212,631,images/img01212.jpg,30.0,30.30907665870421,0.3090766587042139,validation
img01213,631,images/img01213.jpg,30.0,30.047236362359055,0.0472363623590581,validation
img01229,640,images/img01229.jpg,47.0,57.07453368587422,10.074533685874222,validation
img01247,650,images/img01247.jpg,43.0,41.75854709670239,1.2414529032976134,validation
img01248,650,images/img01248.jpg,43.0,41.08990583712892,1.9100941628710828,validation
img01276,666,images/img01276.jpg,79.0,76.58654126115142,2.4134587388485755,validation
img01277,666,images/img01277.jpg,79.0,79.3620008517952,0.3620008517952016,validation
img01303,681,images/img01303.jpg,59.0,58.85315427861644,0.1468457213835634,validation
img01305,682,images/img01305.jpg,71.0,71.14214854448824,0.1421485444882364,validation
img01335,698,images/img01335.jpg,18.0,20.54513155711833,2.5451315571183315,validation
img01336,698,images/img01336.jpg,18.0,22.54847167972366,4.5484716797236615,validation
img01345,703,images/img01345.jpg,41.0,49.91481736108816,8.914817361088161,validation
img01350,706,images/img01350.jpg,65.0,52.72136425681083,12.27863574318917,validation
img01424,745,images/img01424.jpg,74.0,71.16959702785843,2.83040297214157,validation
img01425,745,images/img01425.jpg,74.0,72.64247732332379,1.3575226766762114,validation
img01437,753,images/img01437.jpg,86.0,61.56984496283115,24.43015503716885,validation
img01438,753,images/img01438.jpg,86.0,74.97040928535095,11.029590714649046,validation
img01439,754,images/img01439.jpg,67.0,66.93518096514357,0.064819034856427,validation
img01440,754,images/img01440.jpg,67.0,60.29223464820417,6.707765351795828,validation
img01475,773,images/img01475.jpg,65.0,66.43601565906471,1.436015659064708,validation
img01476,773,images/img01476.jpg,65.0,62.01649028760771,2.9835097123922907,validation
img01490,780,images/img01490.jpg,59.0,60.96899441183865,1.9689944118386504,validation
img01549,811,images/img01549.jpg,42.0,35.91961078746401,6.080389212535991,validation
img01550,811,images/img01550.jpg,42.0,38.814897927569376,3.185102072430624,validation
img01650,864,images/img01650.jpg,51.0,62.644125140216886,11.644125140216886,validation
img01678,881,images/img01678.jpg,76.0,32.85480134292065,43.14519865707935,validation
img01679,881,images/img01679.jpg,76.0,49.46552567009665,26.534474329903347,validation
img01698,891,images/img01698.jpg,21.0,32.4129557946584,11.4129557946584,validation
img01699,891,images/img01699.jpg,21.0,28.40248022514195,7.40248022514195,validation
img01724,904,images/img01724.jpg,13.0,21.830812934252503,8.830812934252506,validation
img01725,904,images/img01725.jpg,13.0,21.30448870187333,8.304488701873332,validation
img01765,928,images/img01765.jpg,82.0,69.12547134690143,12.874528653098563,validation
img01766,928,images/img01766.jpg,82.0,68.238254306848,13.761745693151994,validation
img01790,941,images/img01790.jpg,77.0,74.04710939913166,2.9528906008683435,validation
img01791,941,images/img01791.jpg,77.0,68.60231970027098,8.397680299729018,validation
img01794,943,images/img01794.jpg,62.0,64.93877330775369,2.938773307753692,validation
img01795,943,images/img01795.jpg,62.0,64.30690143361349,2.30690143361349,validation
img01827,961,images/img01827.jpg,41.0,22.700949924319417,18.299050075680583,validation
img01828,961,images/img01828.jpg,41.0,22.61689003460865,18.38310996539135,validation
img01854,975,images/img01854.jpg,53.0,52.612020745438784,0.3879792545612162,validation
img01855,975,images/img01855.jpg,53.0,50.7109133541843,2.2890866458157006,validation
img01862,979,images/img01862.jpg,55.0,59.86762428926248,4.86762428926248,validation
img01883,993,images/img01883.jpg,69.0,59.7627086562472,9.2372913437528,validation
img01884,993,images/img01884.jpg,69.0,60.976965410838645,8.023034589161355,validation
img01892,998,images/img01892.jpg,71.0,76.00006768218799,5.000067682187989,validation
img01893,998,images/img01893.jpg,71.0,73.61886921601734,2.618869216017345,validation
img01911,1008,images/img01911.jpg,81.0,63.70438879232156,17.29561120767844,validation
img01912,1008,images/img01912.jpg,81.0,68.96190486603642,12.03809513396358,validation
img01918,1012,images/img01918.jpg,58.0,58.87807663557189,0.8780766355718868,validation
img01919,1012,images/img01919.jpg,58.0,56.56940546725457,1.430594532745431,validation
img01932,1019,images/img01932.jpg,59.0,49.1563054394185,9.843694560581495,validation
img01933,1019,images/img01933.jpg,59.0,53.82628758817674,5.17371241182326,validation
img01939,1023,images/img01939.jpg,32.0,34.043817554962914,2.0438175549629136,validation
img01940,1023,images/img01940.jpg,32.0,34.207631604396155,2.2076316043961555,validation
img01947,1027,images/img01947.jpg,59.0,45.805198214271485,13.194801785728515,validation
img01948,1027,images/img01948.jpg,59.0,58.66686465673352,0.3331353432664841,validation
img01951,1029,images/img01951.jpg,33.0,27.160850784605387,5.839149215394613,validation
img01952,1029,images/img01952.jpg,33.0,32.33661960803202,0.6633803919679835,validation
img01979,1045,images/img01979.jpg,55.0,50.85397145116761,4.146028548832391,validation
img01980,1045,images/img01980.jpg,55.0,51.31565847503197,3.684341524968034,validation
img02010,1061,images/img02010.jpg,76.0,74.79236058855011,1.2076394114498896,validation
img02027,1070,images/img02027.jpg,37.0,37.59860118616356,0.5986011861635632,validation
img02028,1070,images/img02028.jpg,37.0,39.82359261066906,2.82359261066906,validation
img02087,1103,images/img02087.jpg,69.0,55.98506232760826,13.014937672391738,validation
img02088,1103,images/img02088.jpg,69.0,54.07000248443564,14.92999751556436,validation
img02097,1108,images/img02097.jpg,55.0,66.95791692083407,11.957916920834066,validation
img02098,1108,images/img02098.jpg,55.0,61.8555821696724,6.855582169672402,validation
img02121,1121,images/img02121.jpg,36.0,32.90635886051611,3.0936411394838927,validation
img02122,1121,images/img02122.jpg,36.0,37.67385548724072,1.673855487240715,validation
img02171,1146,images/img02171.jpg,49.0,46.07742766559854,2.9225723344014582,validation
img02172,1146,images/img02172.jpg,49.0,45.026347498642416,3.973652501357584,validation
img02179,1150,images/img02179.jpg,34.0,42.05873761830299,8.058737618302992,validation
img02180,1150,images/img02180.jpg,34.0,36.972180728271205,2.972180728271205,validation
img02187,1154,images/img02187.jpg,45.0,48.287087288641146,3.287087288641146,validation
img02188,1154,images/img02188.jpg,45.0,48.4937263379352,3.4937263379352004,validation
img02189,1155,images/img02189.jpg,40.0,35.85401056993712,4.145989430062883,validation
img02206,1164,images/img02206.jpg,56.0,59.052804968910365,3.0528049689103653,validation
img02207,1164,images/img02207.jpg,56.0,52.60225432901396,3.3977456709860405,validation
img02219,1171,images/img02219.jpg,77.0,75.29799375980011,1.7020062401998928,validation
img02220,1171,images/img02220.jpg,77.0,81.04691544636518,4.046915446365176,validation
img02226,1175,images/img02226.jpg,76.0,61.09487975694867,14.905120243051329,validation
img02227,1175,images/img02227.jpg,76.0,69.66160125768101,6.3383987423189865,validation
img02232,1178,images/img02232.jpg,89.0,85.80236955269191,3.197630447308086,validation
img02233,1178,images/img02233.jpg,89.0,82.2956338547143,6.704366145285704,validation
img02247,1186,images/img02247.jpg,40.0,50.36620356941568,10.366203569415674,validation
img02248,1186,images/img02248.jpg,40.0,55.26822317587728,15.268223175877282,validation
img02257,1191,images/img02257.jpg,79.0,75.21657969099908,3.783420309000917,validation
img02258,1191,images/img02258.jpg,79.0,65.40028038089666,13.59971961910334,validation
img02279,1202,images/img02279.jpg,35.0,30.39414645367566,4.60585354632434,validation
img02280,1202,images/img02280.jpg,35.0,34.292256430311056,0.7077435696889438,validation
img02286,1206,images/img02286.jpg,31.0,34.65656175802922,3.65656175802922,validation
img02297,1212,images/img02297.jpg,51.0,62.61508654683582,11.61508654683582,validation
img02298,1212,images/img02298.jpg,51.0,56.76896318300911,5.768963183009106,validation
img02338,1233,images/img02338.jpg,19.0,22.312703516382623,3.3127035163826264,validation
img02375,1252,images/img02375.jpg,29.0,34.35193027074666,5.3519302707466565,validation
img02376,1252,images/img02376.jpg,29.0,28.450837891727858,0.5491621082721423,validation
img02383,1256,images/img02383.jpg,18.0,20.855754858118157,2.855754858118153,validation
img02408,1269,images/img02408.jpg,63.0,71.19571932894246,8.19571932894246,validation
img02426,1278,images/img02426.jpg,75.0,73.21368126561899,1.7863187343810123,validation
img02445,1288,images/img02445.jpg,63.0,63.102563780907445,0.1025637809074453,validation
img02446,1288,images/img02446.jpg,63.0,52.773842794916696,10.226157205083304,validation
img02453,1292,images/img02453.jpg,63.0,71.30769339267817,8.307693392678175,validation
img02454,1292,images/img02454.jpg,63.0,69.06609633372439,6.0660963337243885,validation
img02457,1294,images/img02457.jpg,61.0,63.25780454172923,2.2578045417292287,validation
img02458,1294,images/img02458.jpg,61.0,59.3941796669758,1.6058203330242051,validation
img02479,1305,images/img02479.jpg,80.0,76.24876612281912,3.75123387718088,validation
img02480,1305,images/img02480.jpg,80.0,76.52351706546656,3.4764829345334363,validation
img02487,1309,images/img02487.jpg,44.0,41.151901587175736,2.848098412824264,validation
img02488,1309,images/img02488.jpg,44.0,40.0118276089113,3.988172391088696,validation
img02555,1345,images/img02555.jpg,78.0,67.43612014909122,10.563879850908776,validation
img02556,1345,images/img02556.jpg,78.0,68.35107904672122,9.648920953278775,validation
img02569,1352,images/img02569.jpg,73.0,67.07776628250431,5.922233717495686,validation
img02570,1352,images/img02570.jpg,73.0,66.98319945188491,6.016800548115086,validation
img02571,1353,images/img02571.jpg,82.0,60.05174305107912,21.94825694892089,validation
img02572,1353,images/img02572.jpg,82.0,72.19143683850345,9.80856316149655,validation
img02614,1377,images/img02614.jpg,63.0,50.138696780102336,12.861303219897664,validation
img02615,1377,images/img02615.jpg,63.0,60.71233887749055,2.287661122509448,validation
img02634,1387,images/img02634.jpg,75.0,71.37446492580978,3.625535074190225,validation
img02635,1387,images/img02635.jpg,75.0,62.69682070979886,12.303179290201143,validation
img02636,1388,images/img02636.jpg,52.0,56.38550946261881,4.385509462618813,validation
img02637,1388,images/img02637.jpg,52.0,57.096779412175216,5.096779412175216,validation
img02642,1391,images/img02642.jpg,64.0,58.717216777148224,5.282783222851776,validation
img02643,1391,images/img02643.jpg,64.0,58.01181342559877,5.988186574401226,validation
img02655,1398,images/img02655.jpg,64.0,68.13156425065873,4.131564250658727,validation
img02666,1405,images/img02666.jpg,68.0,67.58078089810539,0.4192191018946118,validation
img02669,1407,images/img02669.jpg,62.0,73.67941445418866,11.67941445418866,validation
img02670,1407,images/img02670.jpg,62.0,61.39333511735086,0.6066648826491416,validation
img02759,1455,images/img02759.jpg,59.0,56.45081487451312,2.5491851254868862,validation
img02775,1465,images/img02775.jpg,67.0,59.78705898803069,7.212941011969306,validation
img02776,1465,images/img02776.jpg,67.0,59.78308180443525,7.216918195564752,validation
img02845,1502,images/img02845.jpg,68.0,62.30700273222855,5.692997267771453,validation
img02847,1502,images/img02847.jpg,68.0,58.00979593262458,9.990204067375416,validation
img02872,1518,images/img02872.jpg,89.0,82.19591279918995,6.804087200810045,validation
img02873,1518,images/img02873.jpg,89.0,80.0616972434398,8.938302756560205,validation
img02949,1559,images/img02949.jpg,59.0,58.15749062353621,0.8425093764637879,validation
img02950,1559,images/img02950.jpg,59.0,60.376949449479774,1.376949449479774,validation
img02960,1565,images/img02960.jpg,52.0,48.18817982849961,3.8118201715003934,validation
img02961,1565,images/img02961.jpg,52.0,47.28585019968026,4.714149800319738,validation
img02962,1566,images/img02962.jpg,44.0,43.55661361427539,0.4433863857246081,validation
img02963,1566,images/img02963.jpg,44.0,43.76611769717616,0.2338823028238437,validation
img03013,1594,images/img03013.jpg,64.0,56.78071082961124,7.219289170388762,validation
img03014,1594,images/img03014.jpg,64.0,48.818826947123895,15.181173052876105,validation
img03027,1601,images/img03027.jpg,56.0,56.628746807834496,0.6287468078344958,validation
img03035,1606,images/img03035.jpg,61.0,57.71781947982416,3.2821805201758423,validation
img03036,1606,images/img03036.jpg,61.0,66.7330003312984,5.733000331298399,validation
img03043,1610,images/img03043.jpg,69.0,68.29032441134683,0.7096755886531696,validation
img03044,1610,images/img03044.jpg,69.0,64.23785434181406,4.762145658185943,validation
img03090,1638,images/img03090.jpg,73.0,67.74100574860461,5.258994251395393,validation
img03091,1638,images/img03091.jpg,73.0,75.38361104120878,2.3836110412087805,validation
img03095,1640,images/img03095.jpg,54.0,59.1750122303361,5.175012230336101,validation
img03098,1642,images/img03098.jpg,68.0,62.48265862974004,5.517341370259963,validation
img03099,1642,images/img03099.jpg,68.0,64.81910389680485,3.1808961031951526,validation
img03107,1647,images/img03107.jpg,88.0,54.53389036015319,33.46610963984681,validation
img03108,1647,images/img03108.jpg,88.0,54.47443655037238,33.52556344962762,validation
img03120,1655,images/img03120.jpg,72.0,71.7385052351928,0.2614947648071961,validation
img03121,1655,images/img03121.jpg,72.0,76.03814089239354,4.038140892393543,validation
img03124,1657,images/img03124.jpg,47.0,47.206787486972125,0.2067874869721251,validation
img03125,1657,images/img03125.jpg,47.0,53.29487647608684,6.294876476086841,validation
img03136,1664,images/img03136.jpg,76.0,78.6281116418646,2.6281116418646064,validation
img03137,1664,images/img03137.jpg,76.0,66.29011161415727,9.709888385842731,validation
img03142,1667,images/img03142.jpg,71.0,73.158883544428,2.1588835444279937,validation
img03143,1667,images/img03143.jpg,71.0,72.02913546574037,1.0291354657403673,validation
img03180,1688,images/img03180.jpg,66.0,64.38609883671006,1.6139011632899385,validation
img03181,1688,images/img03181.jpg,66.0,66.39940713867027,0.39940713867027,validation
img03214,1706,images/img03214.jpg,69.0,67.70932351553468,1.2906764844653225,validation
img03215,1706,images/img03215.jpg,69.0,80.75250734127874,11.752507341278744,validation
img03237,1718,images/img03237.jpg,81.0,75.68301414207697,5.316985857923029,validation
img03238,1718,images/img03238.jpg,81.0,75.11801904497513,5.881980955024872,validation
img03243,1721,images/img03243.jpg,70.0,77.80543801782879,7.805438017828791,validation
img03244,1721,images/img03244.jpg,70.0,71.61300542087073,1.613005420870735,validation
img03263,1732,images/img03263.jpg,56.0,51.8915858511112,4.108414148888805,validation
img03264,1732,images/img03264.jpg,56.0,51.26149003606064,4.738509963939364,validation
img03290,1746,images/img03290.jpg,61.0,61.51699943431469,0.516999434314684,validation
img03291,1746,images/img03291.jpg,61.0,49.729747859626826,11.270252140373174,validation
img03314,1758,images/img03314.jpg,47.0,19.70844140780146,27.29155859219854,validation
img03315,1758,images/img03315.jpg,47.0,57.87350098358705,10.87350098358705,validation
img03358,1783,images/img03358.jpg,60.0,63.11363456740978,3.1136345674097825,validation
img03361,1784,images/img03361.jpg,62.0,67.25284851892819,5.2528485189281895,validation
img03368,1788,images/img03368.jpg,77.0,69.91653689937674,7.083463100623263,validation
img03369,1788,images/img03369.jpg,77.0,77.72360733584246,0.7236073358424591,validation
img03370,1789,images/img03370.jpg,61.0,65.26443394539957,4.264433945399574,validation
img03371,1789,images/img03371.jpg,61.0,65.16035644650182,4.160356446501822,validation
img03412,1811,images/img03412.jpg,71.0,66.31128363448727,4.688716365512732,validation
img03413,1811,images/img03413.jpg,71.0,59.257474103110354,11.742525896889646,validation
img03432,1822,images/img03432.jpg,77.0,73.38201589529577,3.6179841047042345,validation
img03433,1822,images/img03433.jpg,77.0,78.7790673942963,1.7790673942963051,validation
img03437,1825,images/img03437.jpg,57.0,59.8468031728392,2.846803172839202,validation
img03438,1825,images/img03438.jpg,57.0,58.42169209146816,1.4216920914681594,validation
img03474,1847,images/img03474.jpg,31.0,31.167552842024698,0.1675528420246976,validation
img03475,1847,images/img03475.jpg,31.0,25.928454451992057,5.071545548007943,validation
img03487,1854,images/img03487.jpg,75.0,64.35892845900021,10.64107154099979,validation
img03488,1854,images/img03488.jpg,75.0,65.14933746399504,9.85066253600496,validation
img03493,1857,images/img03493.jpg,73.0,80.65738429933867,7.657384299338673,validation
img03494,1857,images/img03494.jpg,73.0,79.7873520078733,6.787352007873295,validation
img03515,1870,images/img03515.jpg,65.0,63.15566014982343,1.844339850176567,validation
img03516,1870,images/img03516.jpg,65.0,65.2547722275763,0.2547722275762965,validation
img03517,1871,images/img03517.jpg,67.0,66.90472566881043,0.0952743311895716,validation
img03518,1871,images/img03518.jpg,67.0,68.91056110808577,1.9105611080857727,validation
img03540,1883,images/img03540.jpg,65.0,71.4241106033167,6.424110603316706,validation
img03541,1883,images/img03541.jpg,65.0,62.2554419428018,2.744558057198205,validation
img03632,1930,images/img03632.jpg,79.0,71.2978855330569,7.702114466943101,validation
img03633,1930,images/img03633.jpg,79.0,63.76000338072665,15.239996619273349,validation
img03653,1941,images/img03653.jpg,73.0,59.129803428722006,13.870196571277994,validation
img03701,1965,images/img03701.jpg,66.0,70.68854948759278,4.6885494875927805,validation
img03702,1965,images/img03702.jpg,66.0,62.05383169821292,3.9461683017870826,validation
img03736,1984,images/img03736.jpg,69.0,61.59286338662371,7.407136613376288,validation
img03737,1984,images/img03737.jpg,69.0,78.13367685853757,9.13367685853757,validation
img03743,1988,images/img03743.jpg,60.0,57.91429144968567,2.0857085503143296,validation
img03744,1988,images/img03744.jpg,60.0,61.112729232595456,1.1127292325954556,validation
img03757,1995,images/img03757.jpg,70.0,74.04063880743445,4.040638807434448,validation
img03758,1995,images/img03758.jpg,70.0,71.35494736150619,1.354947361506191,validation
img03759,1996,images/img03759.jpg,84.0,73.53156039782756,10.468439602172438,validation
img03796,2017,images/img03796.jpg,37.0,38.69012773162679,1.690127731626788,validation
img03797,2017,images/img03797.jpg,37.0,35.737138574748144,1.262861425251856,validation
img03814,2026,images/img03814.jpg,16.0,30.43172670796563,14.43172670796563,validation
img03815,2026,images/img03815.jpg,16.0,14.73701589870806,1.2629841012919414,validation
img03858,2048,images/img03858.jpg,23.0,38.14457821853999,15.14457821853999,validation
img03859,2048,images/img03859.jpg,23.0,29.473309165813404,6.473309165813404,validation
img03874,2056,images/img03874.jpg,29.0,26.345604217616252,2.6543957823837445,validation
img03875,2056,images/img03875.jpg,29.0,32.11436192673126,3.114361926731263,validation
img03894,2066,images/img03894.jpg,38.0,38.51731614612379,0.5173161461237896,validation
img03895,2066,images/img03895.jpg,38.0,41.88821849592952,3.8882184959295216,validation
img03933,2086,images/img03933.jpg,38.0,39.09559269707505,1.0955926970750482,validation
img03934,2086,images/img03934.jpg,38.0,40.95894206453903,2.9589420645390305,validation
img03947,2093,images/img03947.jpg,63.0,59.63239597808563,3.3676040219143677,validation
img04017,2132,images/img04017.jpg,71.0,61.84284874756542,9.15715125243458,validation
img04024,2136,images/img04024.jpg,45.0,41.257960179924495,3.742039820075505,validation
img04025,2136,images/img04025.jpg,45.0,48.280213716389056,3.2802137163890563,validation
img04033,2141,images/img04033.jpg,68.0,67.22469113877675,0.7753088612232517,validation
img04034,2141,images/img04034.jpg,68.0,69.12958185762227,1.12958185762227,validation
img04053,2151,images/img04053.jpg,46.0,47.856654978557096,1.856654978557096,validation
img04054,2151,images/img04054.jpg,46.0,43.14634669109196,2.8536533089080365,validation
img04096,2173,images/img04096.jpg,72.0,70.96604658730978,1.0339534126902237,validation
img04097,2173,images/img04097.jpg,72.0,75.37184553586081,3.371845535860814,validation
img04119,2185,images/img04119.jpg,49.0,54.06640865040728,5.066408650407283,validation
img04120,2185,images/img04120.jpg,49.0,52.77093250097704,3.77093250097704,validation
img04180,2216,images/img04180.jpg,50.0,55.66056673455712,5.660566734557115,validation
img04181,2216,images/img04181.jpg,50.0,51.237587672512376,1.237587672512376,validation
img04197,2226,images/img04197.jpg,47.0,50.81067421698943,3.810674216989426,validation
img04199,2228,images/img04199.jpg,64.0,49.9592804578189,14.0407195421811,validation
img04200,2228,images/img04200.jpg,64.0,58.0001245356337,5.999875464366298,validation
img04203,2230,images/img04203.jpg,22.0,28.297408634834788,6.297408634834788,validation
img04204,2230,images/img04204.jpg,22.0,29.704629819809888,7.704629819809888,validation
img04215,2236,images/img04215.jpg,72.0,62.04104538149995,9.958954618500051,validation
img04216,2236,images/img04216.jpg,72.0,67.61816048007574,4.381839519924256,validation
img04219,2238,images/img04219.jpg,63.0,62.83552236340874,0.1644776365912577,validation
img04220,2238,images/img04220.jpg,63.0,68.97263647269418,5.972636472694177,validation
img04278,2269,images/img04278.jpg,54.0,58.69670157695132,4.69670157695132,validation
img04279,2269,images/img04279.jpg,54.0,50.25446507753342,3.7455349224665824,validation
img04284,2272,images/img04284.jpg,56.0,55.809647727655005,0.1903522723449953,validation
img04285,2272,images/img04285.jpg,56.0,55.18179120847539,0.8182087915246115,validation
img04304,2283,images/img04304.jpg,64.0,59.19177464003409,4.80822535996591,validation
img04305,2283,images/img04305.jpg,64.0,61.74392492826739,2.25607507173261,validation
img04319,2292,images/img04319.jpg,73.0,63.37895718286654,9.621042817133455,validation
img04320,2292,images/img04320.jpg,73.0,58.92035932939505,14.079640670604952,validation
img04340,2303,images/img04340.jpg,77.0,79.00944357965808,2.0094435796580825,validation
img04349,2308,images/img04349.jpg,77.0,70.73344664727574,6.266553352724259,validation
img04350,2308,images/img04350.jpg,77.0,72.19429096600582,4.805709033994177,validation
img04351,2309,images/img04351.jpg,84.0,83.06270379644934,0.9372962035506588,validation
img04352,2309,images/img04352.jpg,84.0,84.66788168106378,0.6678816810637755,validation
img04359,2313,images/img04359.jpg,29.0,33.85183740049477,4.851837400494773,validation
img04360,2313,images/img04360.jpg,29.0,30.42331155786692,1.423311557866917,validation
img04363,2315,images/img04363.jpg,43.0,53.91532856838625,10.91532856838625,validation
img04364,2315,images/img04364.jpg,43.0,58.5514769141803,15.5514769141803,validation
img04395,2332,images/img04395.jpg,63.0,58.46418227392614,4.535817726073859,validation
img04396,2332,images/img04396.jpg,63.0,52.35977182254401,10.640228177455988,validation
img04425,2348,images/img04425.jpg,65.0,71.59097181829891,6.590971818298911,validation
img04426,2348,images/img04426.jpg,65.0,71.05579728225837,6.055797282258368,validation
img04449,2360,images/img04449.jpg,52.0,54.82139108406412,2.8213910840641176,validation
img04450,2360,images/img04450.jpg,52.0,70.61291892591636,18.61291892591636,validation
img04470,2371,images/img04470.jpg,33.0,30.7376625653257,2.2623374346743006,validation
img04471,2371,images/img04471.jpg,33.0,31.03055254068982,1.9694474593101816,validation
img04530,2401,images/img04530.jpg,74.0,73.91469838649758,0.0853016135024233,validation
img04531,2401,images/img04531.jpg,74.0,75.10095099170339,1.1009509917033853,validation
img04534,2403,images/img04534.jpg,77.0,69.64622801302167,7.35377198697833,validation
img04535,2403,images/img04535.jpg,77.0,78.43282911900626,1.4328291190062572,validation
img04562,2418,images/img04562.jpg,68.0,67.91708480296398,0.0829151970360158,validation
img04563,2418,images/img04563.jpg,68.0,66.34821388495934,1.6517861150406643,validation
img04590,2432,images/img04590.jpg,40.0,51.1962551730287,11.196255173028703,validation
img04591,2432,images/img04591.jpg,40.0,46.34295422520622,6.3429542252062205,validation
img04597,2436,images/img04597.jpg,29.0,25.4412329660669,3.558767033933101,validation
img04598,2436,images/img04598.jpg,29.0,21.56004053846354,7.439959461536461,validation
img04600,2437,images/img04600.jpg,50.0,48.35853972174991,1.6414602782500936,validation
img04651,2463,images/img04651.jpg,77.0,77.72786944141345,0.7278694414134463,validation
img04652,2463,images/img04652.jpg,77.0,67.53419983591435,9.46580016408565,validation
img04669,2472,images/img04669.jpg,69.0,69.0157112223441,0.0157112223440947,validation
img04670,2472,images/img04670.jpg,69.0,68.04919480711864,0.9508051928813614,validation
img04687,2481,images/img04687.jpg,49.0,50.01077144817796,1.0107714481779553,validation
img04688,2481,images/img04688.jpg,49.0,53.55879438530629,4.558794385306292,validation
img04743,2509,images/img04743.jpg,39.0,40.667714179474345,1.6677141794743449,validation
img04744,2509,images/img04744.jpg,39.0,39.92405528128764,0.924055281287636,validation
img04747,2511,images/img04747.jpg,58.0,66.27927749011883,8.27927749011883,validation
img04748,2511,images/img04748.jpg,58.0,63.10642127000791,5.106421270007907,validation
img04763,2519,images/img04763.jpg,56.0,65.96561356723264,9.965613567232635,validation
img04764,2519,images/img04764.jpg,56.0,55.64129619351653,0.3587038064834758,validation
img04841,2558,images/img04841.jpg,77.0,70.85655475291888,6.143445247081118,validation
img04842,2558,images/img04842.jpg,77.0,72.7198146903274,4.280185309672604,validation
img04899,2589,images/img04899.jpg,56.0,53.639780389512495,2.360219610487505,validation
img04900,2589,images/img04900.jpg,56.0,57.06796132659101,1.0679613265910106,validation
img04909,2594,images/img04909.jpg,60.0,70.4541467685135,10.454146768513496,validation
img04910,2594,images/img04910.jpg,60.0,66.0219141495999,6.021914149599894,validation
img04937,2608,images/img04937.jpg,42.0,41.6818510086332,0.3181489913667974,validation
img04938,2608,images/img04938.jpg,42.0,33.12689337733319,8.87310662266681,validation
img04948,2614,images/img04948.jpg,70.0,73.21405861682871,3.2140586168287086,validation
img04949,2614,images/img04949.jpg,70.0,73.89728570032909,3.8972857003290926,validation
img04954,2617,images/img04954.jpg,42.0,39.65687099382225,2.3431290061777474,validation
img04957,2619,images/img04957.jpg,89.0,82.33673241826015,6.663267581739845,validation
img04958,2619,images/img04958.jpg,89.0,79.78358722065963,9.216412779340374,validation
img04961,2621,images/img04961.jpg,60.0,61.190513204571246,1.1905132045712463,validation
img05037,2660,images/img05037.jpg,68.0,67.64749790071536,0.352502099284635,validation
img05038,2660,images/img05038.jpg,68.0,62.20054770258751,5.799452297412493,validation
img05041,2662,images/img05041.jpg,57.0,52.3744165394343,4.6255834605657,validation
img05042,2662,images/img05042.jpg,57.0,59.6150950794865,2.615095079486501,validation
img05049,2666,images/img05049.jpg,49.0,43.36808742304762,5.631912576952381,validation
img05050,2666,images/img05050.jpg,49.0,51.49305062435232,2.493050624352314,validation
img05055,2669,images/img05055.jpg,50.0,53.91165730101718,3.911657301017179,validation
img05056,2669,images/img05056.jpg,50.0,48.93199577458863,1.0680042254113715,validation
img05082,2683,images/img05082.jpg,31.0,35.68040938248083,4.680409382480832,validation
img05083,2683,images/img05083.jpg,31.0,34.471387012661125,3.471387012661125,validation
img05084,2684,images/img05084.jpg,71.0,63.43563838827482,7.564361611725182,validation
img05085,2684,images/img05085.jpg,71.0,58.99136215835292,12.00863784164708,validation
img05100,2692,images/img05100.jpg,13.0,44.54034313396015,31.54034313396015,validation
img05101,2692,images/img05101.jpg,13.0,40.10979060041814,27.109790600418137,validation
img05102,2693,images/img05102.jpg,58.0,64.33345179929235,6.333451799292348,validation
img05103,2693,images/img05103.jpg,58.0,59.13486004399322,1.1348600439932213,validation
img05115,2700,images/img05115.jpg,55.0,63.77273789344407,8.772737893444067,validation
img05126,2706,images/img05126.jpg,60.0,63.0135885099765,3.0135885099765005,validation
img05127,2706,images/img05127.jpg,60.0,60.0814959942936,0.0814959942935971,validation
img05132,2709,images/img05132.jpg,54.0,55.58548461360203,1.585484613602027,validation
img05133,2709,images/img05133.jpg,54.0,51.627419828018304,2.372580171981696,validation
img05135,2711,images/img05135.jpg,21.0,57.631867381012654,36.631867381012654,validation
img05136,2711,images/img05136.jpg,21.0,59.94567791466776,38.94567791466776,validation
img05143,2715,images/img05143.jpg,36.0,44.81278525432158,8.812785254321582,validation
img05144,2715,images/img05144.jpg,36.0,34.64834291780839,1.3516570821916076,validation
img05153,2720,images/img05153.jpg,23.0,48.02036105755749,25.02036105755749,validation
img05154,2720,images/img05154.jpg,23.0,28.707783528451056,5.707783528451056,validation
img05175,2731,images/img05175.jpg,34.0,32.49348428778809,1.5065157122119075,validation
img05176,2731,images/img05176.jpg,34.0,31.137340751818048,2.862659248181952,validation
img05186,2737,images/img05186.jpg,28.0,25.46173862342252,2.5382613765774806,validation
img05187,2737,images/img05187.jpg,28.0,25.09410257144289,2.905897428557111,validation
img05198,2743,images/img05198.jpg,74.0,84.8128281700113,10.8128281700113,validation
img05199,2743,images/img05199.jpg,74.0,80.1642320738805,6.164232073880498,validation
img05210,2749,images/img05210.jpg,63.0,64.73203883004678,1.7320388300467755,validation
img05211,2749,images/img05211.jpg,63.0,64.59178469248594,1.591784692485945,validation
img05241,2765,images/img05241.jpg,37.0,56.130340362127335,19.13034036212733,validation
img05242,2765,images/img05242.jpg,37.0,44.45681109969881,7.456811099698811,validation
img05243,2766,images/img05243.jpg,47.0,61.13111965101685,14.131119651016853,validation
img05244,2766,images/img05244.jpg,47.0,62.04135947730457,15.041359477304567,validation
img05271,2780,images/img05271.jpg,75.0,62.21672799896704,12.783272001032962,validation
img05272,2780,images/img05272.jpg,75.0,59.23483439379055,15.76516560620945,validation
img05273,2781,images/img05273.jpg,74.0,75.25470961294712,1.2547096129471242,validation
img05274,2781,images/img05274.jpg,74.0,67.87375048803109,6.126249511968908,validation
img05295,2792,images/img05295.jpg,59.0,53.13077641406763,5.869223585932367,validation
img05296,2792,images/img05296.jpg,59.0,58.16795148615406,0.8320485138459404,validation
img05299,2794,images/img05299.jpg,35.0,32.77405909014616,2.22594090985384,validation
img05300,2794,images/img05300.jpg,35.0,36.53186203461473,1.5318620346147327,validation
img05304,2796,images/img05304.jpg,66.0,76.21479797028225,10.214797970282248,validation
img05305,2797,images/img05305.jpg,27.0,48.34553800947647,21.34553800947647,validation
img05306,2797,images/img05306.jpg,27.0,28.95986722386528,1.9598672238652772,validation
img05313,2801,images/img05313.jpg,64.0,52.4614592486785,11.5385407513215,validation
img05314,2801,images/img05314.jpg,64.0,56.23796929757287,7.762030702427133,validation
img05336,2813,images/img05336.jpg,69.0,66.27614089451438,2.723859105485616,validation
img05339,2814,images/img05339.jpg,75.0,70.54872341462678,4.451276585373222,validation
img05342,2816,images/img05342.jpg,73.0,69.38692774837428,3.613072251625724,validation
img05343,2816,images/img05343.jpg,73.0,74.61018284065108,1.6101828406510776,validation
img05358,2824,images/img05358.jpg,24.0,26.1159521975818,2.1159521975818016,validation
img05439,2865,images/img05439.jpg,58.0,46.69791738395788,11.30208261604212,validation
img05440,2865,images/img05440.jpg,58.0,51.59772577776719,6.402274222232812,validation
img05445,2868,images/img05445.jpg,67.0,63.50103357104036,3.4989664289596405,validation
img05446,2868,images/img05446.jpg,67.0,61.41777024409549,5.582229755904507,validation
img05450,2871,images/img05450.jpg,67.0,69.99686581079725,2.996865810797246,validation
img05451,2871,images/img05451.jpg,67.0,65.39709525312796,1.602904746872042,validation
img05457,2874,images/img05457.jpg,69.0,76.85738781844981,7.857387818449808,validation
img05460,2876,images/img05460.jpg,69.0,64.12088091985484,4.879119080145159,validation
img05461,2876,images/img05461.jpg,69.0,64.20523636499287,4.794763635007129,validation
img05477,2885,images/img05477.jpg,69.0,72.1496784556458,3.149678455645798,validation
img05478,2885,images/img05478.jpg,69.0,64.30340166473496,4.696598335265037,validation
img05489,2892,images/img05489.jpg,56.0,52.776875237224814,3.2231247627751856,validation
img05504,2900,images/img05504.jpg,76.0,73.81304040684478,2.1869595931552226,validation
img05505,2900,images/img05505.jpg,76.0,69.39019085478891,6.609809145211088,validation
img05522,2909,images/img05522.jpg,68.0,62.88936089272418,5.110639107275816,validation
img05523,2909,images/img05523.jpg,68.0,60.63585000540359,7.36414999459641,validation
img05546,2921,images/img05546.jpg,82.0,70.81961032451119,11.180389675488811,validation
img05547,2921,images/img05547.jpg,82.0,70.94820092879951,11.051799071200492,validation
img05552,2924,images/img05552.jpg,38.0,43.300819662169125,5.3008196621691255,validation
img05560,2928,images/img05560.jpg,57.0,56.5557154434718,0.4442845565282027,validation
img05561,2928,images/img05561.jpg,57.0,51.0538410815059,5.946158918494099,validation
img05563,2929,images/img05563.jpg,79.0,81.31160223593969,2.311602235939688,validation
img05603,2951,images/img05603.jpg,66.0,64.86858489213644,1.1314151078635604,validation
img05650,2975,images/img05650.jpg,53.0,65.69562968278652,12.695629682786516,validation
img05651,2975,images/img05651.jpg,53.0,63.80323517827887,10.803235178278868,validation
img05689,2996,images/img05689.jpg,48.0,53.54038379059189,5.540383790591889,validation
img05690,2996,images/img05690.jpg,48.0,47.32306619008571,0.6769338099142885,validation
img05697,3000,images/img05697.jpg,89.0,80.33071593765297,8.669284062347032,validation
img05698,3000,images/img05698.jpg,89.0,83.55999161666833,5.440008383331673,validation
img05706,3004,images/img05706.jpg,46.0,56.69377765855237,10.69377765855237,validation
img05707,3005,images/img05707.jpg,35.0,36.42859867640499,1.428598676404988,validation
img05708,3005,images/img05708.jpg,35.0,32.76712717023592,2.2328728297640765,validation
img05725,3014,images/img05725.jpg,84.0,76.14065172940472,7.859348270595277,validation
img05726,3014,images/img05726.jpg,84.0,75.02131025546592,8.97868974453408,validation
img05731,3017,images/img05731.jpg,73.0,70.94755092498163,2.052449075018373,validation
img05732,3017,images/img05732.jpg,73.0,77.18446843087906,4.184468430879065,validation
img05735,3019,images/img05735.jpg,87.0,72.61761467728954,14.382385322710462,validation
img05736,3019,images/img05736.jpg,87.0,75.37870547548249,11.62129452451751,validation
img05743,3023,images/img05743.jpg,82.0,79.43017490994326,2.5698250900567388,validation
img05744,3023,images/img05744.jpg,82.0,78.42039834129434,3.579601658705656,validation
img05747,3025,images/img05747.jpg,55.0,53.35847651408017,1.6415234859198335,validation
img05748,3025,images/img05748.jpg,55.0,55.43661901606459,0.4366190160645899,validation
img05753,3028,images/img05753.jpg,73.0,40.02505671345996,32.97494328654004,validation
img05754,3028,images/img05754.jpg,73.0,45.68118708319006,27.31881291680994,validation
img05757,3030,images/img05757.jpg,31.0,47.41257695073911,16.41257695073911,validation
img05769,3036,images/img05769.jpg,65.0,52.99083473639576,12.009165263604238,validation
img05770,3036,images/img05770.jpg,65.0,59.14715749457973,5.85284250542027,validation
img05771,3037,images/img05771.jpg,75.0,65.1763911463886,9.823608853611404,validation
img05772,3037,images/img05772.jpg,75.0,66.82150009608068,8.178499903919317,validation
img05804,3054,images/img05804.jpg,67.0,51.10843267732512,15.89156732267488,validation
img05805,3054,images/img05805.jpg,67.0,58.77506575367731,8.22493424632269,validation
img05931,3120,images/img05931.jpg,39.0,56.79857557380407,17.798575573804072,validation
img05932,3120,images/img05932.jpg,39.0,56.5940439928449,17.594043992844902,validation
img05983,3147,images/img05983.jpg,81.0,79.00829843870375,1.991701561296253,validation
img05989,3151,images/img05989.jpg,60.0,58.97538280694562,1.0246171930543824,validation
img05990,3151,images/img05990.jpg,60.0,60.51064138406706,0.510641384067057,validation
img06001,3157,images/img06001.jpg,62.0,58.34177911160143,3.658220888398567,validation
img06002,3157,images/img06002.jpg,62.0,57.68866609969505,4.311333900304952,validation
img06020,3168,images/img06020.jpg,68.0,75.95769528565674,7.95769528565674,validation
img06021,3168,images/img06021.jpg,68.0,77.14346365983042,9.143463659830417,validation
img06043,3180,images/img06043.jpg,54.0,53.672361830884185,0.327638169115815,validation
img06044,3180,images/img06044.jpg,54.0,61.26994018116391,7.269940181163911,validation
img06065,3191,images/img06065.jpg,51.0,48.73720457173021,2.26279542826979,validation
img06066,3191,images/img06066.jpg,51.0,34.49298328044945,16.50701671955055,validation
img06166,3243,images/img06166.jpg,51.0,61.90792220025332,10.907922200253315,validation
img06182,3252,images/img06182.jpg,66.0,71.71816207879165,5.71816207879165,validation
img06183,3252,images/img06183.jpg,66.0,70.15822816797777,4.158228167977768,validation
img06198,3260,images/img06198.jpg,50.0,55.80711723879854,5.80711723879854,validation
img06199,3261,images/img06199.jpg,51.0,51.63021942499905,0.6302194249990478,validation
img06200,3261,images/img06200.jpg,51.0,54.59728209155386,3.5972820915538577,validation
img06201,3262,images/img06201.jpg,32.0,30.913111246854974,1.086888753145022,validation
img06202,3262,images/img06202.jpg,32.0,34.35002170248943,2.3500217024894283,validation
img06216,3271,images/img06216.jpg,67.0,66.18401485004337,0.8159851499566315,validation
img06239,3283,images/img06239.jpg,38.0,46.35421150609255,8.354211506092547,validation
img06244,3286,images/img06244.jpg,51.0,48.6106092392285,2.389390760771498,validation
img06245,3286,images/img06245.jpg,51.0,51.80454150595134,0.8045415059513417,validation
img06282,3305,images/img06282.jpg,58.0,63.95655101168693,5.956551011686933,validation
img06283,3305,images/img06283.jpg,58.0,67.81157914970461,9.811579149704611,validation
img06299,3314,images/img06299.jpg,83.0,81.23707428141071,1.7629257185892868,validation
img06310,3320,images/img06310.jpg,44.0,46.88834887161158,2.8883488716115835,validation
img06311,3320,images/img06311.jpg,44.0,47.99156130786119,3.99156130786119,validation
img06337,3334,images/img06337.jpg,53.0,53.05631389616463,0.0563138961646245,validation
img06338,3334,images/img06338.jpg,53.0,49.6145717636607,3.385428236339301,validation
img06392,3362,images/img06392.jpg,40.0,37.9608910658021,2.0391089341978983,validation
img06393,3362,images/img06393.jpg,40.0,32.902958337186945,7.097041662813055,validation
img06462,3398,images/img06462.jpg,67.0,68.2848669967416,1.2848669967415989,validation
img06463,3398,images/img06463.jpg,67.0,64.5906362797003,2.4093637202996945,validation
img06473,3404,images/img06473.jpg,42.0,42.96647122181636,0.9664712218163628,validation
img06474,3404,images/img06474.jpg,42.0,42.12947570157833,0.129475701578329,validation
img06499,3417,images/img06499.jpg,64.0,67.48223224879621,3.4822322487962083,validation
img06558,3448,images/img06558.jpg,36.0,53.87386955809239,17.873869558092387,validation
img06559,3448,images/img06559.jpg,36.0,55.93056425163365,19.930564251633648,validation
img06572,3455,images/img06572.jpg,87.0,80.5159713881931,6.484028611806906,validation
img06573,3455,images/img06573.jpg,87.0,82.46680734334738,4.533192656652616,validation
img06587,3464,images/img06587.jpg,55.0,55.68594932911516,0.6859493291151608,validation
img06588,3464,images/img06588.jpg,55.0,56.65379213111624,1.6537921311162336,validation
img06616,3481,images/img06616.jpg,57.0,56.536150164961775,0.4638498350382249,validation
img06617,3481,images/img06617.jpg,57.0,62.455658387257685,5.455658387257685,validation
img06639,3493,images/img06639.jpg,86.0,87.51882023853385,1.5188202385338485,validation
img06640,3493,images/img06640.jpg,86.0,84.26961910691307,1.7303808930869309,validation
img06656,3502,images/img06656.jpg,73.0,60.677354821335626,12.322645178664374,validation
img06657,3502,images/img06657.jpg,73.0,67.14276012063061,5.857239879369388,validation
img06692,3521,images/img06692.jpg,75.0,82.765150370875,7.765150370875006,validation
img06695,3523,images/img06695.jpg,85.0,80.50708073194572,4.49291926805428,validation
img06755,3555,images/img06755.jpg,49.0,57.552261953287946,8.552261953287946,validation
img06756,3555,images/img06756.jpg,49.0,53.356983741050406,4.356983741050406,validation
img06774,3565,images/img06774.jpg,58.0,65.76787171784855,7.76787171784855,validation
img06782,3569,images/img06782.jpg,25.0,32.00777002548092,7.007770025480923,validation
img06783,3569,images/img06783.jpg,25.0,27.636930594350083,2.636930594350084,validation
img06834,3595,images/img06834.jpg,67.0,70.90574891770667,3.905748917706674,validation
img06835,3595,images/img06835.jpg,67.0,62.89025246675292,4.109747533247081,validation
img06906,3632,images/img06906.jpg,87.0,80.72265951495662,6.277340485043382,validation
img06907,3632,images/img06907.jpg,87.0,79.87935590397585,7.120644096024151,validation
img06908,3633,images/img06908.jpg,82.0,63.02729693781032,18.97270306218968,validation
img06909,3633,images/img06909.jpg,82.0,77.12319575554912,4.876804244450881,validation
img06910,3634,images/img06910.jpg,51.0,46.13392019540196,4.866079804598044,validation
img06911,3634,images/img06911.jpg,51.0,47.05056299554005,3.949437004459952,validation
img06924,3641,images/img06924.jpg,72.0,59.69237491678978,12.30762508321022,validation
img06925,3641,images/img06925.jpg,72.0,60.624085590666056,11.375914409333944,validation
img06939,3649,images/img06939.jpg,70.0,77.88594906119155,7.885949061191553,validation
img06971,3667,images/img06971.jpg,59.0,52.16907149941864,6.830928500581358,validation
img06997,3681,images/img06997.jpg,75.0,66.32101078893652,8.678989211063481,validation
img06998,3681,images/img06998.jpg,75.0,73.42432612703234,1.5756738729676556,validation
img07005,3685,images/img07005.jpg,78.0,72.18544175295489,5.814558247045113,validation
img07006,3685,images/img07006.jpg,78.0,73.22008096763807,4.779919032361931,validation
img07103,3737,images/img07103.jpg,80.0,78.3075463361603,1.6924536638397,validation
img07104,3737,images/img07104.jpg,80.0,73.41945327961905,6.580546720380951,validation
img07129,3750,images/img07129.jpg,53.0,49.22743123470267,3.772568765297329,validation
img07130,3750,images/img07130.jpg,53.0,37.61335278287626,15.386647217123738,validation
img07135,3753,images/img07135.jpg,34.0,31.83030371465115,2.1696962853488486,validation
img07136,3753,images/img07136.jpg,34.0,36.018201970580066,2.0182019705800656,validation
img07139,3755,images/img07139.jpg,80.0,80.19039363694009,0.1903936369400867,validation
img07140,3755,images/img07140.jpg,80.0,81.16202719631578,1.1620271963157762,validation
img07151,3761,images/img07151.jpg,56.0,59.71468553441152,3.7146855344115215,validation
img07152,3761,images/img07152.jpg,56.0,68.23275108660461,12.232751086604608,validation
img07163,3768,images/img07163.jpg,37.0,33.4519781726706,3.5480218273294,validation
img07164,3768,images/img07164.jpg,37.0,35.15544623192167,1.8445537680783275,validation
img07167,3770,images/img07167.jpg,44.0,61.71499921306611,17.714999213066108,validation
img07168,3770,images/img07168.jpg,44.0,53.88664933114276,9.886649331142763,validation
img07179,3776,images/img07179.jpg,28.0,25.318938455806546,2.6810615441934544,validation
img07180,3776,images/img07180.jpg,28.0,24.17337434462391,3.826625655376091,validation
img07277,3827,images/img07277.jpg,16.0,13.788210996909648,2.2117890030903524,validation
img07281,3829,images/img07281.jpg,22.0,19.999106537882877,2.0008934621171264,validation
img07282,3829,images/img07282.jpg,22.0,21.67121736597296,0.3287826340270428,validation
img07303,3840,images/img07303.jpg,34.0,34.09060910496747,0.0906091049674699,validation
img07319,3848,images/img07319.jpg,22.0,18.27026651752548,3.729733482474522,validation
img07320,3848,images/img07320.jpg,22.0,20.692704235987804,1.3072957640121956,validation
img07321,3849,images/img07321.jpg,29.0,34.11726362394265,5.117263623942648,validation
img07341,3859,images/img07341.jpg,39.0,39.82539757093518,0.8253975709351806,validation
img07342,3859,images/img07342.jpg,39.0,35.912281885356265,3.087718114643735,validation
img07373,3875,images/img07373.jpg,57.0,58.26316232223397,1.263162322233967,validation
img07374,3875,images/img07374.jpg,57.0,60.47333378238527,3.473333782385268,validation
img07398,3888,images/img07398.jpg,41.0,42.89574949769751,1.8957494976975084,validation
img07399,3888,images/img07399.jpg,41.0,37.37982473336399,3.6201752666360103,validation
img07436,3908,images/img07436.jpg,83.0,69.85062585787654,13.149374142123463,validation
img07437,3908,images/img07437.jpg,83.0,27.96490550733415,55.03509449266585,validation
img07444,3912,images/img07444.jpg,73.0,69.63684440085872,3.36315559914128,validation
img07493,3937,images/img07493.jpg,71.0,77.5241957618859,6.524195761885906,validation
img07498,3940,images/img07498.jpg,72.0,74.63380764384422,2.633807643844221,validation
img07499,3940,images/img07499.jpg,72.0,75.53830322498291,3.5383032249829114,validation
img07502,3942,images/img07502.jpg,35.0,32.82009593773128,2.1799040622687187,validation
img07503,3942,images/img07503.jpg,35.0,37.70626188563796,2.706261885637957,validation
img07504,3943,images/img07504.jpg,69.0,55.5078630062544,13.492136993745603,validation
img07505,3943,images/img07505.jpg,69.0,73.53547241744965,4.535472417449654,validation
img07542,3963,images/img07542.jpg,54.0,71.34779622889897,17.34779622889897,validation
img07583,3985,images/img07583.jpg,80.0,73.22055756439715,6.779442435602846,validation
img07584,3985,images/img07584.jpg,80.0,58.9478767938751,21.052123206124897,validation
img07611,3999,images/img07611.jpg,47.0,54.76520965088663,7.765209650886632,validation
img07612,3999,images/img07612.jpg,47.0,59.05791502409278,12.05791502409278,validation
img07647,4017,images/img07647.jpg,59.0,63.654861991351794,4.654861991351794,validation
img07648,4017,images/img07648.jpg,59.0,64.04952227924329,5.049522279243291,validation
img07655,4021,images/img07655.jpg,84.0,63.06851001545161,20.931489984548392,validation
img07673,4030,images/img07673.jpg,78.0,79.16111477253364,1.1611147725336366,validation
img07674,4030,images/img07674.jpg,78.0,61.80527503693805,16.19472496306195,validation
img07692,4040,images/img07692.jpg,57.0,54.92554519834477,2.0744548016552287,validation
img07715,4052,images/img07715.jpg,82.0,58.09164719988283,23.90835280011717,validation
img07716,4052,images/img07716.jpg,82.0,64.02640679112223,17.973593208877773,validation
img07721,4055,images/img07721.jpg,65.0,57.51655073262702,7.483449267372983,validation
img07722,4055,images/img07722.jpg,65.0,62.33922699868353,2.660773001316471,validation
img07732,4062,images/img07732.jpg,59.0,64.51509460277414,5.515094602774141,validation
img07733,4062,images/img07733.jpg,59.0,67.95864796655417,8.958647966554167,validation
img07778,4087,images/img07778.jpg,49.0,49.300223482728,0.3002234827280006,validation
img07779,4087,images/img07779.jpg,49.0,52.75694869400896,3.756948694008962,validation
img07823,4110,images/img07823.jpg,65.0,62.70254314273923,2.297456857260769,validation
img07824,4110,images/img07824.jpg,65.0,65.34919018987162,0.3491901898716207,validation
img07828,4113,images/img07828.jpg,54.0,63.879732775249295,9.879732775249296,validation
img07829,4113,images/img07829.jpg,54.0,62.58016574608599,8.580165746085989,validation
img07832,4115,images/img07832.jpg,75.0,26.27588803631636,48.72411196368364,validation
img07833,4115,images/img07833.jpg,75.0,17.38344755027999,57.61655244972001,validation
img07861,4130,images/img07861.jpg,64.0,62.602749016315904,1.3972509836840956,validation
img07878,4138,images/img07878.jpg,45.0,47.59426828638516,2.5942682863851587,validation
img07893,4146,images/img07893.jpg,27.0,22.094068842939308,4.905931157060692,validation
img07904,4152,images/img07904.jpg,77.0,74.17193630681675,2.828063693183253,validation
img07905,4152,images/img07905.jpg,77.0,81.18999917269366,4.1899991726936605,validation
img07935,4168,images/img07935.jpg,71.0,71.94612801509714,0.9461280150971448,validation
img07936,4168,images/img07936.jpg,71.0,67.86213875875414,3.137861241245858,validation
img07957,4179,images/img07957.jpg,80.0,86.67882772082676,6.67882772082676,validation
img07969,4186,images/img07969.jpg,43.0,43.171431821654494,0.1714318216544939,validation
img07970,4186,images/img07970.jpg,43.0,45.58798460622197,2.5879846062219727,validation
img07981,4192,images/img07981.jpg,34.0,41.8419482577118,7.841948257711799,validation
img07982,4192,images/img07982.jpg,34.0,36.93312378745536,2.933123787455358,validation
img08001,4203,images/img08001.jpg,83.0,69.13953040598936,13.860469594010638,validation
img08002,4203,images/img08002.jpg,83.0,61.78354844120302,21.216451558796983,validation
img08003,4204,images/img08003.jpg,63.0,59.95922302358929,3.0407769764107115,validation
img08004,4204,images/img08004.jpg,63.0,66.57486618099865,3.5748661809986544,validation
img08049,4227,images/img08049.jpg,61.0,54.687569094182734,6.312430905817266,validation
img08050,4227,images/img08050.jpg,61.0,48.64575525103268,12.354244748967318,validation
img08057,4231,images/img08057.jpg,66.0,68.28392252810687,2.2839225281068707,validation
img08058,4231,images/img08058.jpg,66.0,65.46704373445003,0.53295626554997,validation
img08106,4256,images/img08106.jpg,54.0,50.91493439313466,3.085065606865342,validation
img08107,4256,images/img08107.jpg,54.0,45.823520469540846,8.176479530459154,validation
img08117,4262,images/img08117.jpg,71.0,78.91077605381173,7.91077605381173,validation
img08118,4262,images/img08118.jpg,71.0,64.99811233078646,6.001887669213545,validation
img08125,4266,images/img08125.jpg,77.0,70.81409401694259,6.18590598305741,validation
img08126,4266,images/img08126.jpg,77.0,65.67892371217842,11.321076287821583,validation
img08135,4271,images/img08135.jpg,27.0,36.98733803206487,9.98733803206487,validation
img08136,4271,images/img08136.jpg,27.0,36.537777505601696,9.537777505601696,validation
img08141,4274,images/img08141.jpg,68.0,70.1624248369228,2.162424836922796,validation
img08142,4274,images/img08142.jpg,68.0,69.96451176170078,1.964511761700777,validation
img08161,4284,images/img08161.jpg,70.0,71.81818305218498,1.8181830521849776,validation
img08162,4284,images/img08162.jpg,70.0,73.15849855894524,3.15849855894524,validation
img08169,4288,images/img08169.jpg,61.0,61.45102186557808,0.4510218655780775,validation
img08170,4288,images/img08170.jpg,61.0,58.10797282010252,2.8920271798974824,validation
img08209,4309,images/img08209.jpg,72.0,76.36954032213629,4.369540322136288,validation
img08210,4309,images/img08210.jpg,72.0,56.339293345943815,15.660706654056185,validation
img08244,4327,images/img08244.jpg,34.0,59.21719649656771,25.21719649656771,validation
img08261,4336,images/img08261.jpg,64.0,66.61423612700868,2.614236127008681,validation
img08315,4365,images/img08315.jpg,32.0,54.21118173229602,22.21118173229602,validation
img08316,4365,images/img08316.jpg,32.0,39.039502602521296,7.039502602521296,validation
img08317,4366,images/img08317.jpg,55.0,58.19981803238712,3.199818032387114,validation
img08318,4366,images/img08318.jpg,55.0,52.92630713422943,2.073692865770568,validation
img08323,4369,images/img08323.jpg,35.0,37.255213766544585,2.255213766544585,validation
img08377,4399,images/img08377.jpg,38.0,32.16218519420515,5.837814805794849,validation
img08378,4399,images/img08378.jpg,38.0,30.588717898531893,7.411282101468107,validation
img08381,4401,images/img08381.jpg,46.0,61.82532045669107,15.825320456691069,validation
img08382,4401,images/img08382.jpg,46.0,35.12288932928472,10.877110670715282,validation
img08399,4410,images/img08399.jpg,51.0,53.18041854709065,2.180418547090653,validation
img08422,4422,images/img08422.jpg,33.0,41.43360844316295,8.433608443162953,validation
img08432,4429,images/img08432.jpg,54.0,46.810786838858846,7.189213161141154,validation
img08433,4429,images/img08433.jpg,54.0,58.28225291255316,4.2822529125531545,validation
img08442,4434,images/img08442.jpg,62.0,63.45494437415447,1.454944374154465,validation
img08456,4442,images/img08456.jpg,72.0,41.980612830566976,30.019387169433024,validation
img08457,4442,images/img08457.jpg,72.0,54.87636439353479,17.123635606465214,validation
img08493,4463,images/img08493.jpg,33.0,34.238199233603865,1.238199233603865,validation
img08494,4463,images/img08494.jpg,33.0,50.05359971987007,17.05359971987007,validation
img08524,4479,images/img08524.jpg,78.0,71.86007994256758,6.13992005743242,validation
img08525,4479,images/img08525.jpg,78.0,77.8155174394478,0.1844825605521975,validation
img08532,4483,images/img08532.jpg,54.0,45.64247913771269,8.357520862287316,validation
img08533,4483,images/img08533.jpg,54.0,57.81891906693542,3.818919066935422,validation
img08538,4486,images/img08538.jpg,16.0,18.5582138464086,2.5582138464085986,validation
img08581,4508,images/img08581.jpg,75.0,60.07346964681414,14.92653035318586,validation
img08582,4508,images/img08582.jpg,75.0,58.39778263895209,16.602217361047913,validation
img08653,4548,images/img08653.jpg,70.0,77.62297016755466,7.622970167554655,validation
img08654,4548,images/img08654.jpg,70.0,81.94375494226631,11.94375494226631,validation
img08655,4549,images/img08655.jpg,64.0,66.66518399337225,2.6651839933722528,validation
img08656,4549,images/img08656.jpg,64.0,53.92122086390152,10.078779136098476,validation
img08724,4584,images/img08724.jpg,55.0,61.29374166324715,6.293741663247147,validation
img08725,4584,images/img08725.jpg,55.0,68.87140055927883,13.871400559278824,validation
img08728,4586,images/img08728.jpg,64.0,55.45777903967984,8.542220960320165,validation
img08729,4586,images/img08729.jpg,64.0,53.32557116140996,10.67442883859004,validation
img08741,4593,images/img08741.jpg,36.0,37.39607264759035,1.396072647590351,validation
img08742,4593,images/img08742.jpg,36.0,38.68430169069531,2.6843016906953068,validation
img08778,4612,images/img08778.jpg,78.0,76.58931795531308,1.4106820446869222,validation
img08779,4612,images/img08779.jpg,78.0,74.97643381738118,3.023566182618822,validation
img08857,4653,images/img08857.jpg,76.0,76.02711918336067,0.0271191833606678,validation
img08858,4653,images/img08858.jpg,76.0,71.35799125522385,4.642008744776149,validation
img08870,4660,images/img08870.jpg,63.0,52.55441088524707,10.445589114752927,validation
img08871,4660,images/img08871.jpg,63.0,66.20655013341424,3.20655013341424,validation
img08886,4668,images/img08886.jpg,81.0,80.81736158126967,0.1826384187303347,validation
img08887,4668,images/img08887.jpg,81.0,72.15589711633305,8.844102883666949,validation
img08890,4670,images/img08890.jpg,33.0,32.35395158902848,0.6460484109715168,validation
img08891,4670,images/img08891.jpg,33.0,36.93318268041872,3.933182680418725,validation
img08903,4676,images/img08903.jpg,64.0,64.46898086715352,0.4689808671535189,validation
img08926,4689,images/img08926.jpg,79.0,77.35728001638208,1.6427199836179227,validation
img08934,4693,images/img08934.jpg,81.0,73.30557937250957,7.69442062749043,validation
img08935,4693,images/img08935.jpg,81.0,80.55507195342625,0.4449280465737502,validation
img08954,4704,images/img08954.jpg,82.0,75.92448401676016,6.075515983239839,validation
img08955,4704,images/img08955.jpg,82.0,80.39380993240553,1.6061900675944685,validation
img08971,4713,images/img08971.jpg,63.0,58.52371747051048,4.4762825294895165,validation
img08972,4713,images/img08972.jpg,63.0,62.20383752895774,0.7961624710422583,validation
img08979,4717,images/img08979.jpg,68.0,72.58509376479685,4.585093764796852,validation
img08980,4717,images/img08980.jpg,68.0,71.56225168316419,3.562251683164192,validation
img08993,4724,images/img08993.jpg,48.0,52.21786650078806,4.217866500788063,validation
img08994,4724,images/img08994.jpg,48.0,55.359855037495976,7.359855037495976,validation
img09017,4737,images/img09017.jpg,56.0,59.58755907462909,3.587559074629091,validation
img09018,4737,images/img09018.jpg,56.0,57.401741627071495,1.4017416270714946,validation
img09019,4738,images/img09019.jpg,62.0,59.18190979601771,2.818090203982287,validation
img09020,4738,images/img09020.jpg,62.0,54.94767695585555,7.052323044144451,validation
img09021,4739,images/img09021.jpg,60.0,57.09783764511069,2.902162354889306,validation
img09022,4739,images/img09022.jpg,60.0,62.86426812788863,2.8642681278886286,validation
img09066,4762,images/img09066.jpg,66.0,63.30388828556296,2.696111714437045,validation
img09067,4762,images/img09067.jpg,66.0,64.89480752938027,1.105192470619727,validation
img09102,4782,images/img09102.jpg,70.0,68.81193066299414,1.1880693370058566,validation
img09103,4782,images/img09103.jpg,70.0,77.02443661842644,7.024436618426435,validation
img09112,4787,images/img09112.jpg,58.0,54.27628708533907,3.723712914660929,validation
img09161,4812,images/img09161.jpg,52.0,58.46063070105205,6.460630701052054,validation
img09162,4812,images/img09162.jpg,52.0,60.93287448491808,8.932874484918074,validation
img09163,4813,images/img09163.jpg,78.0,53.6684367239369,24.3315632760631,validation
img09164,4813,images/img09164.jpg,78.0,76.57586418501529,1.4241358149847088,validation
img09168,4815,images/img09168.jpg,40.0,53.71703814195451,13.71703814195451,validation
img09190,4827,images/img09190.jpg,69.0,78.24909834185105,9.249098341851052,validation
img09191,4827,images/img09191.jpg,69.0,64.1346073427608,4.865392657239198,validation
img09211,4838,images/img09211.jpg,77.0,70.64859933683256,6.351400663167439,validation
img09212,4838,images/img09212.jpg,77.0,77.91041799685961,0.9104179968596072,validation
img09218,4842,images/img09218.jpg,49.0,51.47542635975989,2.4754263597598865,validation
img09219,4842,images/img09219.jpg,49.0,51.26172070016715,2.261720700167153,validation
img09222,4844,images/img09222.jpg,58.0,55.37405437635081,2.625945623649187,validation
img09223,4844,images/img09223.jpg,58.0,56.53787782821348,1.4621221717865254,validation
img09246,4856,images/img09246.jpg,58.0,56.8056071482426,1.1943928517573994,validation
img09247,4856,images/img09247.jpg,58.0,61.565867506583096,3.5658675065830963,validation
img09268,4867,images/img09268.jpg,31.0,56.18598985006627,25.18598985006627,validation
img09269,4867,images/img09269.jpg,31.0,38.39034946076974,7.390349460769741,validation
img09322,4895,images/img09322.jpg,68.0,77.05023391760152,9.050233917601515,validation
img09323,4895,images/img09323.jpg,68.0,76.10694096092996,8.106940960929961,validation
img09459,4966,images/img09459.jpg,64.0,57.50536045611915,6.494639543880851,validation
img09460,4966,images/img09460.jpg,64.0,59.63496409300203,4.365035906997967,validation
img09481,4978,images/img09481.jpg,54.0,48.58574550258381,5.414254497416188,validation
img09497,4986,images/img09497.jpg,60.0,62.29817751260714,2.29817751260714,validation
img09498,4986,images/img09498.jpg,60.0,69.72526018863769,9.72526018863769,validation
img09511,4993,images/img09511.jpg,54.0,47.9606741297967,6.0393258702033,validation
img09512,4993,images/img09512.jpg,54.0,45.77364685445348,8.226353145546518,validation
img09545,5011,images/img09545.jpg,64.0,62.39341670455829,1.606583295441709,validation
img09575,5027,images/img09575.jpg,62.0,57.38930710038622,4.610692899613781,validation
img09576,5027,images/img09576.jpg,62.0,60.45310786660564,1.5468921333943657,validation
img09596,5038,images/img09596.jpg,68.0,73.23951673615922,5.239516736159217,validation
img09597,5038,images/img09597.jpg,68.0,72.8597978111957,4.859797811195705,validation
img09607,5044,images/img09607.jpg,62.0,56.54896033877796,5.45103966122204,validation
img09608,5044,images/img09608.jpg,62.0,57.98162587412686,4.018374125873137,validation
img09626,5054,images/img09626.jpg,78.0,82.04116172245246,4.041161722452458,validation
img09636,5059,images/img09636.jpg,69.0,65.04334212665138,3.956657873348618,validation
img09637,5059,images/img09637.jpg,69.0,65.94911154077546,3.050888459224538,validation
img09701,5093,images/img09701.jpg,46.0,48.69715408481017,2.6971540848101725,validation
img09702,5093,images/img09702.jpg,46.0,49.85460421379359,3.8546042137935927,validation
img09716,5101,images/img09716.jpg,73.0,74.58572044864563,1.585720448645631,validation
img09717,5101,images/img09717.jpg,73.0,61.88789750209852,11.112102497901482,validation
img09720,5103,images/img09720.jpg,68.0,61.41066164529516,6.589338354704843,validation
img09721,5103,images/img09721.jpg,68.0,68.49363164576899,0.4936316457689855,validation
img09722,5104,images/img09722.jpg,55.0,64.36661944377161,9.366619443771611,validation
img09723,5104,images/img09723.jpg,55.0,52.477729520418734,2.522270479581266,validation
img09730,5108,images/img09730.jpg,65.0,63.262916232827294,1.737083767172706,validation
img09731,5108,images/img09731.jpg,65.0,62.80473988394579,2.195260116054208,validation
img09767,5129,images/img09767.jpg,71.0,68.63512417147615,2.36487582852385,validation
img09771,5131,images/img09771.jpg,32.0,50.04407269243522,18.044072692435225,validation
img09772,5131,images/img09772.jpg,32.0,49.29824620601352,17.298246206013516,validation
img09789,5140,images/img09789.jpg,80.0,65.37437947373047,14.625620526269527,validation
img09790,5140,images/img09790.jpg,80.0,81.57489740660206,1.5748974066020622,validation
img09820,5157,images/img09820.jpg,39.0,32.35395813269108,6.646041867308924,validation
img09821,5157,images/img09821.jpg,39.0,34.40473108423538,4.5952689157646205,validation
img09863,5179,images/img09863.jpg,77.0,67.16895331139277,9.83104668860723,validation
img09864,5179,images/img09864.jpg,77.0,67.89223306303406,9.107766936965945,validation
img09902,5199,images/img09902.jpg,54.0,47.26335417828496,6.736645821715037,validation
img09903,5199,images/img09903.jpg,54.0,56.72933230845305,2.7293323084530527,validation
img09967,5232,images/img09967.jpg,27.0,27.76576658598577,0.7657665859857694,validation
img09968,5232,images/img09968.jpg,27.0,28.459438445600128,1.459438445600128,validation
img09992,5245,images/img09992.jpg,55.0,69.30404680854126,14.304046808541258,validation
img09993,5245,images/img09993.jpg,55.0,61.01716122159884,6.01716122159884,validation
img09997,5248,images/img09997.jpg,48.0,47.82224076635326,0.1777592336467393,validation
img10029,5264,images/img10029.jpg,80.0,82.5102289071149,2.510228907114893,validation
img10030,5265,images/img10030.jpg,84.0,70.60014569652857,13.399854303471429,validation
img10041,5271,images/img10041.jpg,45.0,58.80649196594816,13.806491965948162,validation
img10073,5289,images/img10073.jpg,65.0,59.94637645064991,5.0536235493500925,validation
img10074,5289,images/img10074.jpg,65.0,61.60751846431312,3.392481535686884,validation
img10088,5297,images/img10088.jpg,14.0,19.264100542869198,5.264100542869194,validation
img10089,5297,images/img10089.jpg,14.0,17.519006064622843,3.519006064622843,validation
img10124,5315,images/img10124.jpg,59.0,72.77563867593557,13.775638675935568,validation
img10125,5315,images/img10125.jpg,59.0,45.30003836794928,13.699961632050716,validation
img10136,5321,images/img10136.jpg,57.0,51.30691068875129,5.693089311248713,validation
img10137,5321,images/img10137.jpg,57.0,52.74454681747351,4.255453182526487,validation
img10188,5347,images/img10188.jpg,72.0,78.48703027629057,6.487030276290568,validation
img10189,5347,images/img10189.jpg,72.0,83.54058311340799,11.54058311340799,validation
img10196,5351,images/img10196.jpg,66.0,52.68716762138831,13.312832378611688,validation
img10197,5351,images/img10197.jpg,66.0,61.733031911265584,4.266968088734416,validation
img10200,5354,images/img10200.jpg,78.0,70.62190010282964,7.378099897170358,validation
img10201,5354,images/img10201.jpg,78.0,72.21811098846642,5.781889011533579,validation
img10208,5358,images/img10208.jpg,71.0,68.0703919114886,2.929608088511401,validation
img10209,5358,images/img10209.jpg,71.0,71.4492044587627,0.4492044587626935,validation
img10214,5361,images/img10214.jpg,44.0,41.28804248748965,2.7119575125103523,validation
img10215,5361,images/img10215.jpg,44.0,53.09593059278505,9.095930592785052,validation
img10234,5371,images/img10234.jpg,60.0,61.67786883557963,1.6778688355796303,validation
img10235,5371,images/img10235.jpg,60.0,61.74489720746814,1.744897207468142,validation
img10244,5376,images/img10244.jpg,60.0,58.692929700769824,1.307070299230176,validation
img10245,5376,images/img10245.jpg,60.0,57.9857530166568,2.014246983343199,validation
img10274,5391,images/img10274.jpg,57.0,44.98903662512932,12.010963374870675,validation
img10275,5391,images/img10275.jpg,57.0,60.12586557117973,3.1258655711797303,validation
img10293,5401,images/img10293.jpg,86.0,84.57727812875682,1.4227218712431835,validation
img10351,5431,images/img10351.jpg,59.0,52.1933637561966,6.806636243803403,validation
img10352,5431,images/img10352.jpg,59.0,56.887171925772805,2.1128280742271954,validation
img10362,5437,images/img10362.jpg,59.0,66.44592603606665,7.445926036066652,validation
img10363,5437,images/img10363.jpg,59.0,65.57966834730885,6.5796683473088535,validation
img10423,5470,images/img10423.jpg,58.0,58.19720343020102,0.1972034302010215,validation
img10424,5470,images/img10424.jpg,58.0,67.4580752277119,9.458075227711902,validation
img10440,5479,images/img10440.jpg,68.0,68.45425406548593,0.4542540654859266,validation
img10441,5479,images/img10441.jpg,68.0,62.36622615055544,5.633773849444559,validation
img10442,5480,images/img10442.jpg,59.0,57.13565067656489,1.864349323435107,validation
img10443,5480,images/img10443.jpg,59.0,63.18176227461445,4.181762274614449,validation
img10488,5505,images/img10488.jpg,69.0,66.25651645038838,2.743483549611625,validation
img10489,5505,images/img10489.jpg,69.0,68.83508214125949,0.1649178587405089,validation
img10496,5509,images/img10496.jpg,77.0,77.87629279642043,0.8762927964204295,validation
img10497,5509,images/img10497.jpg,77.0,68.45632513469762,8.543674865302378,validation
img10522,5522,images/img10522.jpg,17.0,29.99380953848196,12.993809538481962,validation
img10523,5522,images/img10523.jpg,17.0,26.595541591698925,9.595541591698924,validation
img10543,5533,images/img10543.jpg,50.0,41.01893000077925,8.98106999922075,validation
img10544,5533,images/img10544.jpg,50.0,55.98438614913999,5.984386149139986,validation
img10604,5564,images/img10604.jpg,72.0,62.80631581602105,9.193684183978952,validation
img10605,5564,images/img10605.jpg,72.0,61.23299139031448,10.767008609685526,validation
img10615,5570,images/img10615.jpg,74.0,82.51086800482845,8.510868004828453,validation
img10616,5570,images/img10616.jpg,74.0,75.93639348268525,1.9363934826852471,validation
img10623,5574,images/img10623.jpg,35.0,29.51304664753925,5.486953352460748,validation
img10624,5574,images/img10624.jpg,35.0,30.8344607848904,4.1655392151096,validation
img10645,5586,images/img10645.jpg,21.0,36.54940777525601,15.549407775256007,validation
img10646,5586,images/img10646.jpg,21.0,28.03415272614799,7.03415272614799,validation
img10672,5600,images/img10672.jpg,48.0,47.85430471307463,0.145695286925374,validation
img10673,5600,images/img10673.jpg,48.0,49.91967984770236,1.919679847702355,validation
img10694,5612,images/img10694.jpg,54.0,48.98031090736767,5.019689092632333,validation
img10695,5612,images/img10695.jpg,54.0,54.61484364604641,0.6148436460464097,validation
img10709,5620,images/img10709.jpg,49.0,51.860702490183215,2.8607024901832148,validation
img10710,5620,images/img10710.jpg,49.0,48.22915842489786,0.7708415751021391,validation
img10731,5632,images/img10731.jpg,62.0,48.88470745153199,13.115292548468013,validation
img10732,5632,images/img10732.jpg,62.0,57.97957116407165,4.0204288359283495,validation
img10765,5649,images/img10765.jpg,66.0,52.71566200016346,13.284337999836538,validation
img10801,5667,images/img10801.jpg,57.0,49.78132010046311,7.218679899536887,validation
img10802,5667,images/img10802.jpg,57.0,57.68968391188137,0.6896839118813674,validation
img10810,5672,images/img10810.jpg,58.0,52.38387813024319,5.61612186975681,validation
img10811,5672,images/img10811.jpg,58.0,51.15654822839497,6.843451771605032,validation
img10839,5687,images/img10839.jpg,54.0,49.730204280092906,4.269795719907094,validation
img10840,5687,images/img10840.jpg,54.0,41.74070143819212,12.25929856180788,validation
img10841,5688,images/img10841.jpg,55.0,45.93701048177802,9.062989518221984,validation
img10842,5688,images/img10842.jpg,55.0,38.819040065992766,16.180959934007234,validation
img10868,5703,images/img10868.jpg,82.0,77.96209766282351,4.03790233717649,validation
img10875,5707,images/img10875.jpg,75.0,59.87555357241342,15.124446427586577,validation
img10886,5713,images/img10886.jpg,77.0,75.82903815413201,1.170961845867993,validation
img10887,5713,images/img10887.jpg,77.0,74.96840692459651,2.0315930754034923,validation
img10909,5725,images/img10909.jpg,53.0,58.17419209537627,5.17419209537627,validation
img10910,5725,images/img10910.jpg,53.0,65.48912477857569,12.489124778575686,validation
img10926,5735,images/img10926.jpg,71.0,62.073680808088056,8.926319191911944,validation
img10927,5735,images/img10927.jpg,71.0,65.53260850713785,5.4673914928621485,validation
img10945,5745,images/img10945.jpg,66.0,66.83927159308152,0.83927159308152,validation
img10946,5745,images/img10946.jpg,66.0,65.83855199877095,0.1614480012290471,validation
img10955,5750,images/img10955.jpg,53.0,46.84797011095131,6.152029889048691,validation
img10956,5750,images/img10956.jpg,53.0,51.553460081524776,1.4465399184752243,validation
img10965,5755,images/img10965.jpg,68.0,66.89331679307396,1.1066832069260355,validation
img10987,5767,images/img10987.jpg,19.0,18.902510835128453,0.097489164871547,validation
img10988,5767,images/img10988.jpg,19.0,21.83453409704888,2.8345340970488806,validation
img11032,5792,images/img11032.jpg,66.0,69.11712054281824,3.117120542818242,validation
img11033,5792,images/img11033.jpg,66.0,66.71267135283287,0.7126713528328708,validation
img11042,5797,images/img11042.jpg,57.0,64.6758674850158,7.6758674850158,validation
img11043,5797,images/img11043.jpg,57.0,57.01327798316915,0.0132779831691465,validation
img11050,5802,images/img11050.jpg,52.0,55.78246917036692,3.782469170366916,validation
img11051,5802,images/img11051.jpg,52.0,52.23438106926522,0.2343810692652184,validation
img11058,5807,images/img11058.jpg,84.0,72.78378008281567,11.216219917184333,validation
img11082,5821,images/img11082.jpg,65.0,57.92514902184841,7.074850978151588,validation
img11089,5825,images/img11089.jpg,70.0,69.39001744773012,0.6099825522698836,validation
img11090,5825,images/img11090.jpg,70.0,73.90290452527836,3.902904525278359,validation
img11134,5849,images/img11134.jpg,74.0,73.98228678684328,0.0177132131567248,validation
img11135,5849,images/img11135.jpg,74.0,71.88746517053266,2.112534829467336,validation
img11138,5852,images/img11138.jpg,74.0,67.87827215888507,6.121727841114932,validation
img11150,5859,images/img11150.jpg,57.0,56.99371549934836,0.0062845006516454,validation
img11151,5859,images/img11151.jpg,57.0,53.40562251247534,3.5943774875246604,validation
img11177,5874,images/img11177.jpg,69.0,72.26527225540765,3.265272255407652,validation
img11187,5880,images/img11187.jpg,80.0,65.28145673833838,14.718543261661624,validation
img11188,5880,images/img11188.jpg,80.0,74.40517643517478,5.594823564825219,validation
img11205,5888,images/img11205.jpg,63.0,51.53087135824269,11.469128641757308,validation
img11206,5888,images/img11206.jpg,63.0,57.278645245490495,5.721354754509505,validation
img11208,5890,images/img11208.jpg,68.0,71.11653446786586,3.1165344678658613,validation
img11209,5890,images/img11209.jpg,68.0,69.0718133136126,1.0718133136125942,validation
img11214,5893,images/img11214.jpg,53.0,41.37706574527963,11.62293425472037,validation
img11215,5893,images/img11215.jpg,53.0,46.29814322374745,6.701856776252548,validation
img11249,5913,images/img11249.jpg,66.0,67.4342781080704,1.4342781080704017,validation
img11250,5913,images/img11250.jpg,66.0,57.1155760829828,8.884423917017202,validation
img11275,5926,images/img11275.jpg,59.0,58.4703145037366,0.5296854962633972,validation
img11276,5926,images/img11276.jpg,59.0,58.20207668659324,0.7979233134067627,validation
img11285,5932,images/img11285.jpg,60.0,45.529624951357775,14.470375048642223,validation
img11286,5932,images/img11286.jpg,60.0,54.75246532267532,5.24753467732468,validation
img11301,5941,images/img11301.jpg,65.0,67.32664576446726,2.3266457644672585,validation
img11302,5941,images/img11302.jpg,65.0,68.74512204910782,3.74512204910782,validation
img11318,5951,images/img11318.jpg,82.0,78.86043783868004,3.139562161319958,validation
img11319,5951,images/img11319.jpg,82.0,78.46128750763712,3.538712492362876,validation
img11320,5952,images/img11320.jpg,56.0,50.72354316830018,5.276456831699818,validation
img11321,5952,images/img11321.jpg,56.0,52.824557815952886,3.175442184047114,validation
img11324,5954,images/img11324.jpg,47.0,48.78339192355504,1.783391923555044,validation
img11325,5954,images/img11325.jpg,47.0,53.97034850145292,6.970348501452918,validation
img11351,5968,images/img11351.jpg,49.0,39.16851527304708,9.831484726952922,validation
img11363,5975,images/img11363.jpg,70.0,69.98591608205294,0.0140839179470617,validation
img11364,5975,images/img11364.jpg,70.0,64.69226808470273,5.307731915297268,validation
img11390,5989,images/img11390.jpg,62.0,55.57569188620051,6.424308113799491,validation
img11391,5989,images/img11391.jpg,62.0,61.02099308135413,0.9790069186458724,validation
img11396,5992,images/img11396.jpg,66.0,68.64787340743442,2.647873407434417,validation
img11409,6001,images/img11409.jpg,61.0,66.27433920607956,5.27433920607956,validation
img11410,6001,images/img11410.jpg,61.0,64.90360821026694,3.9036082102669374,validation
img11417,6005,images/img11417.jpg,77.0,69.12853487160689,7.871465128393112,validation
img11418,6005,images/img11418.jpg,77.0,72.2661611029103,4.733838897089697,validation
img11426,6010,images/img11426.jpg,67.0,60.904502799816605,6.095497200183395,validation
img11427,6010,images/img11427.jpg,67.0,47.11219230048148,19.88780769951852,validation
img11428,6011,images/img11428.jpg,70.0,70.2238262042838,0.2238262042837959,validation
img11429,6011,images/img11429.jpg,70.0,54.03525645400765,15.964743545992349,validation
img11457,6026,images/img11457.jpg,70.0,67.55453535804247,2.4454646419575283,validation
img11458,6026,images/img11458.jpg,70.0,65.03300368505461,4.966996314945391,validation
img11459,6027,images/img11459.jpg,74.0,49.99933803370674,24.000661966293254,validation
img11460,6027,images/img11460.jpg,74.0,68.25059565450444,5.749404345495563,validation
img11466,6030,images/img11466.jpg,68.0,61.72397548223245,6.276024517767553,validation
img11475,6036,images/img11475.jpg,59.0,57.08445387837006,1.9155461216299368,validation
img11476,6036,images/img11476.jpg,59.0,73.01271993423757,14.012719934237566,validation
img11509,6056,images/img11509.jpg,25.0,32.432746011570174,7.432746011570174,validation
img11510,6056,images/img11510.jpg,25.0,34.14785088413815,9.147850884138151,validation
img11556,6080,images/img11556.jpg,83.0,81.98645015948564,1.013549840514358,validation
img11557,6080,images/img11557.jpg,83.0,76.44273336949563,6.5572666305043725,validation
img11634,6121,images/img11634.jpg,49.0,55.068941384562216,6.068941384562216,validation
img11649,6131,images/img11649.jpg,60.0,73.15840803827933,13.158408038279331,validation
img11650,6131,images/img11650.jpg,60.0,73.3764974065063,13.376497406506305,validation
img11666,6141,images/img11666.jpg,72.0,62.85524169064239,9.144758309357613,validation
img11667,6141,images/img11667.jpg,72.0,58.47997731217033,13.520022687829671,validation
img11682,6150,images/img11682.jpg,61.0,63.68418632466623,2.6841863246662285,validation
img11683,6150,images/img11683.jpg,61.0,56.66742496601444,4.332575033985563,validation
img11707,6163,images/img11707.jpg,67.0,67.5643552143785,0.5643552143784945,validation
img11708,6163,images/img11708.jpg,67.0,73.93733291541783,6.9373329154178265,validation
img11740,6180,images/img11740.jpg,14.0,32.77167065329854,18.771670653298543,validation
img11741,6180,images/img11741.jpg,14.0,18.20183289409443,4.20183289409443,validation
img11788,6205,images/img11788.jpg,32.0,53.188444076612285,21.188444076612285,validation
img11789,6205,images/img11789.jpg,32.0,35.496028601507746,3.4960286015077457,validation
img11821,6222,images/img11821.jpg,72.0,65.94314153926686,6.056858460733139,validation
img11822,6222,images/img11822.jpg,72.0,79.31091229668581,7.310912296685814,validation
img11827,6225,images/img11827.jpg,88.0,81.27364463044,6.726355369559997,validation
img11828,6225,images/img11828.jpg,88.0,82.73401998668402,5.265980013315982,validation
img11847,6235,images/img11847.jpg,39.0,47.34000009827424,8.340000098274238,validation
img11848,6235,images/img11848.jpg,39.0,46.31929888492096,7.319298884920961,validation
img11877,6251,images/img11877.jpg,72.0,68.34907559535637,3.650924404643632,validation
img11878,6251,images/img11878.jpg,72.0,79.05893329987313,7.058933299873132,validation
img11901,6263,images/img11901.jpg,63.0,64.5716116713123,1.5716116713122972,validation
img11902,6263,images/img11902.jpg,63.0,63.80826071115275,0.808260711152748,validation
img11982,6305,images/img11982.jpg,83.0,83.52043299505344,0.5204329950534401,validation
img11983,6305,images/img11983.jpg,83.0,78.2240557450954,4.775944254904601,validation
img11986,6307,images/img11986.jpg,83.0,67.16424405554437,15.835755944455627,validation
img11987,6307,images/img11987.jpg,83.0,60.8705570047936,22.1294429952064,validation
img12008,6318,images/img12008.jpg,36.0,43.98431939827769,7.984319398277691,validation
img12009,6318,images/img12009.jpg,36.0,45.94937255103267,9.949372551032669,validation
img12023,6327,images/img12023.jpg,24.0,25.394330173798217,1.3943301737982168,validation
img12024,6327,images/img12024.jpg,24.0,29.30519811127533,5.305198111275331,validation
img12029,6330,images/img12029.jpg,11.0,21.663652892011747,10.663652892011749,validation
img12030,6330,images/img12030.jpg,11.0,20.895280761420054,9.895280761420054,validation
img12061,6346,images/img12061.jpg,75.0,68.78264559165528,6.217354408344718,validation
img12062,6346,images/img12062.jpg,75.0,71.94624034797172,3.053759652028276,validation
img12063,6347,images/img12063.jpg,40.0,40.23913917895719,0.2391391789571884,validation
img12064,6347,images/img12064.jpg,40.0,51.39101147635328,11.391011476353276,validation
img12078,6355,images/img12078.jpg,77.0,81.91086213161608,4.910862131616085,validation
img12079,6355,images/img12079.jpg,77.0,79.84280300471349,2.842803004713488,validation
img12080,6356,images/img12080.jpg,32.0,26.374498850420203,5.625501149579797,validation
img12081,6356,images/img12081.jpg,32.0,31.42981193277601,0.5701880672239916,validation
img12094,6363,images/img12094.jpg,25.0,47.53971704315195,22.539717043151956,validation
img12095,6363,images/img12095.jpg,25.0,35.034994853292574,10.034994853292574,validation
img12104,6368,images/img12104.jpg,25.0,33.01712561850282,8.017125618502817,validation
img12105,6368,images/img12105.jpg,25.0,30.87605666679357,5.87605666679357,validation
img12116,6374,images/img12116.jpg,89.0,81.91241952331399,7.087580476686014,validation
img12118,6375,images/img12118.jpg,58.0,54.64772091549797,3.3522790845020296,validation
img12119,6375,images/img12119.jpg,58.0,53.68423094422326,4.315769055776741,validation
img12166,6403,images/img12166.jpg,58.0,48.50462208146309,9.49537791853691,validation
img12167,6403,images/img12167.jpg,58.0,62.83306848993517,4.833068489935172,validation
img12176,6408,images/img12176.jpg,76.0,70.55284810328325,5.447151896716747,validation
img12177,6408,images/img12177.jpg,76.0,70.35359903028117,5.646400969718826,validation
img12208,6426,images/img12208.jpg,71.0,75.38416943375032,4.384169433750316,validation
img12209,6426,images/img12209.jpg,71.0,76.0372225984092,5.037222598409201,validation
img12286,6466,images/img12286.jpg,63.0,61.88831956833597,1.111680431664027,validation
img12287,6466,images/img12287.jpg,63.0,68.86503248496228,5.865032484962285,validation
img12294,6470,images/img12294.jpg,37.0,59.71180523225876,22.71180523225876,validation
img12295,6470,images/img12295.jpg,37.0,66.23364962144596,29.233649621445963,validation
img12304,6475,images/img12304.jpg,37.0,47.52720228843672,10.52720228843672,validation
img12335,6493,images/img12335.jpg,71.0,71.42779468535836,0.4277946853583643,validation
img12340,6496,images/img12340.jpg,82.0,82.62230221639999,0.6223022163999872,validation
img12341,6496,images/img12341.jpg,82.0,78.86875265261895,3.1312473473810485,validation
img12348,6500,images/img12348.jpg,85.0,77.96506848564219,7.034931514357808,validation
img12349,6500,images/img12349.jpg,85.0,75.48521667156082,9.51478332843918,validation
img12404,6530,images/img12404.jpg,62.0,65.97722093406786,3.9772209340678586,validation
img12405,6530,images/img12405.jpg,62.0,63.13504106898281,1.135041068982808,validation
img12422,6539,images/img12422.jpg,43.0,39.7487549227772,3.251245077222798,validation
img12423,6539,images/img12423.jpg,43.0,46.7122829045774,3.7122829045774,validation
img12470,6563,images/img12470.jpg,88.0,77.19710642457319,10.802893575426808,validation
img12471,6563,images/img12471.jpg,88.0,75.60603231407443,12.393967685925574,validation
img12548,6603,images/img12548.jpg,8.0,12.839297034067968,4.839297034067968,validation
img12549,6603,images/img12549.jpg,8.0,12.67123832883066,4.671238328830661,validation
img12552,6605,images/img12552.jpg,48.0,48.79118106326538,0.791181063265384,validation
img12553,6605,images/img12553.jpg,48.0,51.60904740466905,3.609047404669049,validation
img12558,6608,images/img12558.jpg,38.0,47.93064199031145,9.93064199031145,validation
img12559,6608,images/img12559.jpg,38.0,51.24398464800537,13.243984648005371,validation
img12584,6622,images/img12584.jpg,65.0,63.95698889177567,1.0430111082243343,validation
img12585,6622,images/img12585.jpg,65.0,60.24085708133012,4.75914291866988,validation
img12620,6640,images/img12620.jpg,51.0,49.01084472765196,1.989155272348043,validation
img12621,6640,images/img12621.jpg,51.0,48.85380173309014,2.146198266909863,validation
img12625,6642,images/img12625.jpg,80.0,75.5108874599257,4.489112540074302,validation
img12626,6643,images/img12626.jpg,77.0,74.96787906914709,2.032120930852912,validation
img12627,6643,images/img12627.jpg,77.0,69.78064356763105,7.219356432368954,validation
img12646,6653,images/img12646.jpg,16.0,15.76872464315857,0.2312753568414294,validation
img12647,6653,images/img12647.jpg,16.0,18.46552940939604,2.4655294093960407,validation
img12667,6664,images/img12667.jpg,34.0,49.721714968484775,15.721714968484775,validation
img12668,6664,images/img12668.jpg,34.0,45.64692991888853,11.646929918888532,validation
img12719,6691,images/img12719.jpg,73.0,68.18426909042937,4.815730909570632,validation
img12720,6691,images/img12720.jpg,73.0,71.03587292026339,1.9641270797366133,validation
img12727,6695,images/img12727.jpg,58.0,58.28174550604934,0.2817455060493401,validation
img12728,6695,images/img12728.jpg,58.0,57.99661713248214,0.0033828675178568,validation
img12757,6710,images/img12757.jpg,51.0,47.20373377776057,3.796266222239432,validation
img12758,6710,images/img12758.jpg,51.0,52.628096888522,1.6280968885219949,validation
img12771,6717,images/img12771.jpg,71.0,70.11106253859481,0.8889374614051917,validation
img12772,6717,images/img12772.jpg,71.0,74.98342244903392,3.983422449033924,validation
img12777,6720,images/img12777.jpg,57.0,71.97690395089751,14.976903950897508,validation
img12778,6720,images/img12778.jpg,57.0,69.27956805737931,12.279568057379308,validation
img12789,6726,images/img12789.jpg,59.0,56.680977436556375,2.319022563443625,validation
img12790,6726,images/img12790.jpg,59.0,66.88614602947897,7.886146029478965,validation
img12817,6740,images/img12817.jpg,41.0,34.92680193592703,6.073198064072969,validation
img12818,6740,images/img12818.jpg,41.0,38.201368484991534,2.7986315150084664,validation
img12823,6743,images/img12823.jpg,49.0,44.89150987779558,4.108490122204422,validation
img12824,6743,images/img12824.jpg,49.0,54.8426792544052,5.842679254405198,validation
img12843,6754,images/img12843.jpg,39.0,41.39208017910661,2.392080179106614,validation
img12844,6754,images/img12844.jpg,39.0,35.599900520338934,3.400099479661065,validation
img12868,6767,images/img12868.jpg,45.0,40.588656919818376,4.411343080181624,validation
img12869,6767,images/img12869.jpg,45.0,37.64245245044155,7.357547549558447,validation
img12880,6773,images/img12880.jpg,44.0,53.90620643007455,9.906206430074548,validation
img12881,6773,images/img12881.jpg,44.0,53.30526999351047,9.305269993510471,validation
img12882,6774,images/img12882.jpg,51.0,41.3511899221534,9.648810077846605,validation
img12883,6774,images/img12883.jpg,51.0,48.57671143106455,2.423288568935454,validation
img12938,6805,images/img12938.jpg,63.0,63.91310654510034,0.9131065451003408,validation
img12939,6805,images/img12939.jpg,63.0,63.92232983752968,0.9223298375296808,validation
img12940,6806,images/img12940.jpg,48.0,46.87802842508695,1.1219715749130543,validation
img12941,6806,images/img12941.jpg,48.0,47.70487254341741,0.2951274565825912,validation
img12944,6808,images/img12944.jpg,62.0,61.254588748713225,0.7454112512867752,validation
img12945,6808,images/img12945.jpg,62.0,63.77809006414255,1.778090064142546,validation
img12952,6812,images/img12952.jpg,48.0,44.73127412119203,3.2687258788079703,validation
img12953,6812,images/img12953.jpg,48.0,40.81080990251759,7.18919009748241,validation
img12963,6818,images/img12963.jpg,76.0,73.20664464710721,2.793355352892789,validation
img12964,6818,images/img12964.jpg,76.0,75.52240212487415,0.477597875125852,validation
img12968,6821,images/img12968.jpg,51.0,51.52637531673389,0.5263753167338905,validation
img12969,6821,images/img12969.jpg,51.0,59.15732389238075,8.157323892380752,validation
img12994,6835,images/img12994.jpg,66.0,42.52686469677244,23.47313530322756,validation
img13033,6856,images/img13033.jpg,77.0,58.65950903467017,18.340490965329828,validation
img13034,6856,images/img13034.jpg,77.0,57.549083914487056,19.450916085512944,validation
img13044,6862,images/img13044.jpg,60.0,62.74760607520796,2.7476060752079547,validation
img13045,6862,images/img13045.jpg,60.0,60.557741576824064,0.5577415768240641,validation
img13052,6866,images/img13052.jpg,68.0,65.39706526134106,2.602934738658945,validation
img13096,6889,images/img13096.jpg,85.0,79.3511012911308,5.648898708869197,validation
img13097,6889,images/img13097.jpg,85.0,77.55342412148227,7.446575878517734,validation
img13112,6897,images/img13112.jpg,64.0,63.172955050065184,0.827044949934816,validation
img13113,6897,images/img13113.jpg,64.0,62.328675342747154,1.6713246572528462,validation
img13129,6906,images/img13129.jpg,83.0,63.94057684067919,19.05942315932081,validation
img13182,6936,images/img13182.jpg,26.0,27.02964380588901,1.029643805889009,validation
img13183,6936,images/img13183.jpg,26.0,27.8902314110072,1.8902314110072,validation
img13226,6961,images/img13226.jpg,70.0,55.82640904674256,14.173590953257438,validation
img13227,6961,images/img13227.jpg,70.0,64.54706748352439,5.452932516475613,validation
img13233,6965,images/img13233.jpg,79.0,72.32409869153705,6.675901308462954,validation
img13234,6965,images/img13234.jpg,79.0,70.51111698568643,8.488883014313572,validation
img13276,6988,images/img13276.jpg,56.0,58.67661035156012,2.6766103515601216,validation
img13323,7012,images/img13323.jpg,37.0,41.73749068107825,4.737490681078249,validation
img13324,7012,images/img13324.jpg,37.0,36.32176902208032,0.6782309779196822,validation
img13342,7022,images/img13342.jpg,75.0,69.83787553130784,5.162124468692156,validation
img13343,7022,images/img13343.jpg,75.0,70.35767027902644,4.642329720973564,validation
img13344,7023,images/img13344.jpg,45.0,54.81579897907045,9.81579897907045,validation
img13345,7023,images/img13345.jpg,45.0,58.96106554583774,13.96106554583774,validation
img13358,7030,images/img13358.jpg,55.0,50.50510916717648,4.494890832823522,validation
img13359,7030,images/img13359.jpg,55.0,51.24319613666253,3.756803863337467,validation
img13360,7031,images/img13360.jpg,19.0,24.959008657144373,5.959008657144373,validation
img13361,7031,images/img13361.jpg,19.0,25.566120947936216,6.566120947936216,validation
img13415,7060,images/img13415.jpg,82.0,78.90276224835225,3.0972377516477536,validation
img13423,7065,images/img13423.jpg,68.0,71.11784538160596,3.11784538160596,validation
img13424,7065,images/img13424.jpg,68.0,71.9650032098559,3.965003209855894,validation
img13437,7072,images/img13437.jpg,64.0,63.01015145119785,0.9898485488021508,validation
img13438,7072,images/img13438.jpg,64.0,65.34393126636515,1.3439312663651464,validation
img13442,7075,images/img13442.jpg,53.0,61.44022918473608,8.440229184736083,validation
img13443,7075,images/img13443.jpg,53.0,60.730706938398086,7.730706938398086,validation
img13478,7094,images/img13478.jpg,67.0,74.31920252415462,7.319202524154619,validation
img13479,7094,images/img13479.jpg,67.0,72.06922521463598,5.069225214635978,validation
img13482,7096,images/img13482.jpg,74.0,57.3216378585422,16.678362141457804,validation
img13483,7096,images/img13483.jpg,74.0,61.9661378945404,12.033862105459605,validation
img13513,7112,images/img13513.jpg,33.0,31.543802535201788,1.456197464798212,validation
img13514,7112,images/img13514.jpg,33.0,46.01364549566296,13.013645495662956,validation
img13539,7125,images/img13539.jpg,40.0,54.659634198559566,14.659634198559566,validation
img13540,7125,images/img13540.jpg,40.0,54.7481623192131,14.7481623192131,validation
img13543,7127,images/img13543.jpg,45.0,48.421942359254906,3.4219423592549063,validation
img13544,7127,images/img13544.jpg,45.0,44.42156038929309,0.5784396107069085,validation
img13585,7149,images/img13585.jpg,66.0,64.2697874152835,1.7302125847164973,validation
img13586,7149,images/img13586.jpg,66.0,72.03653852935753,6.036538529357529,validation
img13597,7155,images/img13597.jpg,52.0,42.27947607927099,9.720523920729008,validation
img13598,7155,images/img13598.jpg,52.0,45.55186140747009,6.448138592529908,validation
img13611,7162,images/img13611.jpg,55.0,59.07009877854168,4.070098778541684,validation
img13612,7162,images/img13612.jpg,55.0,61.992435783904085,6.992435783904085,validation
img13623,7168,images/img13623.jpg,47.0,66.86234672861659,19.862346728616583,validation
img13624,7168,images/img13624.jpg,47.0,51.007391983177214,4.007391983177215,validation
img13627,7170,images/img13627.jpg,50.0,60.31638021787893,10.31638021787893,validation
img13628,7170,images/img13628.jpg,50.0,52.34808047870547,2.348080478705469,validation
img13657,7185,images/img13657.jpg,58.0,53.94702879652832,4.052971203471678,validation
img13658,7185,images/img13658.jpg,58.0,57.58507787590266,0.4149221240973375,validation
img13690,7202,images/img13690.jpg,56.0,60.900000759950416,4.900000759950416,validation
img13691,7202,images/img13691.jpg,56.0,62.35394696769367,6.353946967693673,validation
img13697,7206,images/img13697.jpg,38.0,34.588743238882216,3.411256761117784,validation
img13698,7206,images/img13698.jpg,38.0,39.610530956536834,1.6105309565368344,validation
img13707,7211,images/img13707.jpg,36.0,34.17694618926171,1.823053810738287,validation
img13732,7224,images/img13732.jpg,37.0,53.13869260989338,16.138692609893383,validation
img13733,7224,images/img13733.jpg,37.0,53.231172830102416,16.231172830102416,validation
img13742,7229,images/img13742.jpg,47.0,55.14698355855796,8.146983558557956,validation
img13743,7229,images/img13743.jpg,47.0,54.70486208585623,7.704862085856227,validation
img13752,7234,images/img13752.jpg,64.0,60.22188155041157,3.778118449588426,validation
img13753,7234,images/img13753.jpg,64.0,62.4586673814415,1.5413326185584992,validation
img13764,7240,images/img13764.jpg,63.0,58.163620263146896,4.836379736853104,validation
img13765,7240,images/img13765.jpg,63.0,52.98168042507629,10.018319574923709,validation
img13766,7241,images/img13766.jpg,34.0,33.749313476158406,0.250686523841594,validation
img13767,7241,images/img13767.jpg,34.0,48.26439386675753,14.26439386675753,validation
img13805,7261,images/img13805.jpg,46.0,34.824232205952484,11.175767794047516,validation
img13806,7261,images/img13806.jpg,46.0,40.07943454963437,5.920565450365629,validation
img13811,7264,images/img13811.jpg,68.0,57.226341614032776,10.773658385967224,validation
img13812,7264,images/img13812.jpg,68.0,55.826021607386345,12.173978392613655,validation
img13827,7272,images/img13827.jpg,26.0,37.65688777012877,11.656887770128767,validation
img13828,7272,images/img13828.jpg,26.0,30.488532242963228,4.488532242963228,validation
img13829,7273,images/img13829.jpg,57.0,54.03371351289799,2.9662864871020105,validation
img13830,7273,images/img13830.jpg,57.0,60.41673219153858,3.4167321915385784,validation
img13859,7288,images/img13859.jpg,63.0,52.74835795563058,10.25164204436942,validation
img13860,7288,images/img13860.jpg,63.0,60.90904082982706,2.090959170172937,validation
img13903,7311,images/img13903.jpg,69.0,64.49259803607363,4.50740196392637,validation
img13904,7311,images/img13904.jpg,69.0,67.7089974230153,1.2910025769846951,validation
img13945,7332,images/img13945.jpg,67.0,64.03709041092095,2.9629095890790467,validation
img13946,7332,images/img13946.jpg,67.0,65.35281646956035,1.6471835304396478,validation
img13953,7336,images/img13953.jpg,86.0,73.67218588824073,12.327814111759269,validation
img13954,7336,images/img13954.jpg,86.0,81.45334014899422,4.546659851005785,validation
img13983,7351,images/img13983.jpg,92.0,80.82635911733945,11.17364088266055,validation
img13984,7351,images/img13984.jpg,92.0,83.44922922112333,8.550770778876668,validation
img14005,7362,images/img14005.jpg,70.0,68.60919054599698,1.3908094540030191,validation
img14006,7362,images/img14006.jpg,70.0,70.49387225352459,0.4938722535245858,validation
img14007,7363,images/img14007.jpg,74.0,69.73236333438587,4.267636665614134,validation
img14045,7382,images/img14045.jpg,45.0,51.9524637254645,6.952463725464497,validation
img14046,7382,images/img14046.jpg,45.0,56.04147156203988,11.04147156203988,validation
img14058,7389,images/img14058.jpg,60.0,62.948010104658266,2.948010104658266,validation
img14059,7389,images/img14059.jpg,60.0,52.0631497782792,7.936850221720803,validation
img14089,7405,images/img14089.jpg,63.0,62.73420247299007,0.26579752700993,validation
img14090,7405,images/img14090.jpg,63.0,51.79950288575227,11.200497114247732,validation
img14132,7426,images/img14132.jpg,63.0,65.11859424650767,2.1185942465076693,validation
img14133,7426,images/img14133.jpg,63.0,65.18027808197073,2.1802780819707266,validation
img14154,7438,images/img14154.jpg,47.0,43.61852211548759,3.3814778845124067,validation
img14155,7438,images/img14155.jpg,47.0,40.47186235797013,6.528137642029876,validation
img14173,7448,images/img14173.jpg,57.0,59.28323268561508,2.283232685615076,validation
img14174,7448,images/img14174.jpg,57.0,44.26926754847089,12.730732451529107,validation
img14183,7453,images/img14183.jpg,31.0,47.25330420314764,16.253304203147636,validation
img14184,7453,images/img14184.jpg,31.0,51.649982921955214,20.64998292195521,validation
img14203,7463,images/img14203.jpg,34.0,55.48223366108596,21.48223366108596,validation
img14204,7463,images/img14204.jpg,34.0,33.80266613852608,0.1973338614739219,validation
img14231,7477,images/img14231.jpg,53.0,60.02583369168208,7.025833691682074,validation
img14232,7477,images/img14232.jpg,53.0,63.607650556330654,10.607650556330654,validation
img14269,7496,images/img14269.jpg,88.0,79.87679078823814,8.12320921176186,validation
img14270,7496,images/img14270.jpg,88.0,69.95433854758454,18.04566145241546,validation
img14321,7521,images/img14321.jpg,68.0,60.368790592832745,7.631209407167255,validation
img14322,7521,images/img14322.jpg,68.0,62.68117263131048,5.318827368689526,validation
img14346,7534,images/img14346.jpg,67.0,60.466960255016566,6.533039744983434,validation
img14347,7534,images/img14347.jpg,67.0,68.61167931900441,1.6116793190044092,validation
img14350,7536,images/img14350.jpg,79.0,73.87951311271782,5.120486887282183,validation
img14351,7536,images/img14351.jpg,79.0,65.64171644665643,13.358283553343568,validation
img14362,7542,images/img14362.jpg,87.0,85.0966289980293,1.9033710019706973,validation
img14372,7547,images/img14372.jpg,47.0,46.06055592220468,0.939444077795322,validation
img14373,7547,images/img14373.jpg,47.0,45.41852446657865,1.5814755334213473,validation
img14374,7548,images/img14374.jpg,53.0,49.48189300616539,3.518106993834607,validation
img14375,7548,images/img14375.jpg,53.0,51.8271662193777,1.172833780622298,validation
img14394,7559,images/img14394.jpg,89.0,80.73840356716308,8.261596432836924,validation
img14395,7559,images/img14395.jpg,89.0,77.38886845695478,11.611131543045218,validation
img14426,7575,images/img14426.jpg,61.0,60.79118292280693,0.2088170771930677,validation
img14427,7575,images/img14427.jpg,61.0,66.53715341754112,5.53715341754112,validation
img14429,7576,images/img14429.jpg,59.0,57.14465816445487,1.8553418355451328,validation
img14440,7582,images/img14440.jpg,64.0,55.98168647934014,8.01831352065986,validation
img14441,7582,images/img14441.jpg,64.0,61.9630160221768,2.036983977823205,validation
img14456,7590,images/img14456.jpg,91.0,84.83744979113993,6.162550208860068,validation
img14457,7590,images/img14457.jpg,91.0,74.43252676360602,16.56747323639398,validation
img14504,7614,images/img14504.jpg,67.0,57.00770946262608,9.992290537373918,validation
img14505,7614,images/img14505.jpg,67.0,62.91880246666013,4.081197533339868,validation
img14645,7685,images/img14645.jpg,63.0,54.32737236861716,8.672627631382838,validation
img14646,7685,images/img14646.jpg,63.0,43.311995147273,19.688004852727,validation
img14649,7687,images/img14649.jpg,46.0,44.14283526222887,1.857164737771129,validation
img14650,7687,images/img14650.jpg,46.0,46.08682872752841,0.0868287275284132,validation
img14659,7692,images/img14659.jpg,53.0,54.77386800711184,1.773868007111837,validation
img14660,7692,images/img14660.jpg,53.0,58.84636359275724,5.846363592757236,validation
img14675,7700,images/img14675.jpg,57.0,65.21708018571697,8.217080185716966,validation
img14676,7700,images/img14676.jpg,57.0,66.02467339399463,9.024673393994632,validation
img14679,7702,images/img14679.jpg,77.0,79.14861855819576,2.148618558195764,validation
img14680,7702,images/img14680.jpg,77.0,74.98182361413959,2.0181763858604143,validation
img14681,7703,images/img14681.jpg,58.0,57.57958801563706,0.4204119843629357,validation
img14682,7703,images/img14682.jpg,58.0,61.610523641360416,3.610523641360416,validation
img14689,7707,images/img14689.jpg,66.0,56.98430107744068,9.015698922559324,validation
img14690,7707,images/img14690.jpg,66.0,71.64611853482837,5.646118534828375,validation
img14729,7728,images/img14729.jpg,87.0,83.30734298504996,3.692657014950044,validation
img14730,7728,images/img14730.jpg,87.0,70.57291315402406,16.427086845975936,validation
img14778,7753,images/img14778.jpg,60.0,64.26241052631671,4.262410526316714,validation
img14779,7753,images/img14779.jpg,60.0,58.94491251471902,1.0550874852809784,validation
img14811,7770,images/img14811.jpg,79.0,77.80504976051475,1.1949502394852516,validation
img14854,7793,images/img14854.jpg,66.0,61.74156920973276,4.258430790267241,validation
img14855,7793,images/img14855.jpg,66.0,62.39942869456855,3.600571305431451,validation
img14915,7823,images/img14915.jpg,67.0,67.0206739169629,0.0206739169629059,validation
img14916,7823,images/img14916.jpg,67.0,58.5777200685329,8.422279931467102,validation
img14931,7831,images/img14931.jpg,73.0,69.8717804284396,3.1282195715603933,validation
img14937,7834,images/img14937.jpg,69.0,58.11689578568396,10.883104214316042,validation
img14938,7834,images/img14938.jpg,69.0,64.53824880756558,4.46175119243442,validation
img14959,7845,images/img14959.jpg,63.0,58.65141043424956,4.348589565750444,validation
img14960,7845,images/img14960.jpg,63.0,63.953568192153504,0.9535681921535044,validation
img14989,7861,images/img14989.jpg,60.0,62.835286246250064,2.835286246250064,validation
img14990,7861,images/img14990.jpg,60.0,63.21368825911609,3.21368825911609,validation
img14999,7866,images/img14999.jpg,68.0,60.26502582647657,7.734974173523433,validation
img15000,7866,images/img15000.jpg,68.0,59.85344117323783,8.146558826762167,validation
img15005,7869,images/img15005.jpg,49.0,54.07562867100533,5.075628671005333,validation
img15006,7869,images/img15006.jpg,49.0,52.55470153292738,3.554701532927382,validation
img15007,7870,images/img15007.jpg,61.0,57.40295179567288,3.5970482043271232,validation
img15008,7870,images/img15008.jpg,61.0,57.05995767744119,3.94004232255881,validation
img15021,7877,images/img15021.jpg,57.0,54.89316033950357,2.1068396604964263,validation
img15022,7877,images/img15022.jpg,57.0,62.678542078946805,5.678542078946805,validation
img15027,7880,images/img15027.jpg,59.0,55.220478977659766,3.7795210223402336,validation
img15028,7880,images/img15028.jpg,59.0,54.31785733789707,4.682142662102933,validation
img15053,7893,images/img15053.jpg,74.0,69.0054420345098,4.994557965490202,validation
img15054,7893,images/img15054.jpg,74.0,65.72226457077392,8.277735429226084,validation
img15064,7899,images/img15064.jpg,64.0,51.499097513896416,12.500902486103584,validation
img15065,7899,images/img15065.jpg,64.0,59.25680801278858,4.743191987211418,validation
img15072,7903,images/img15072.jpg,64.0,69.42511983511699,5.425119835116988,validation
img15073,7903,images/img15073.jpg,64.0,70.79839140793257,6.79839140793257,validation
img15082,7908,images/img15082.jpg,54.0,85.45885998470447,31.458859984704475,validation
img15083,7908,images/img15083.jpg,54.0,76.76242182441204,22.762421824412044,validation
img15098,7917,images/img15098.jpg,58.0,53.01401975093192,4.985980249068078,validation
img15099,7917,images/img15099.jpg,58.0,59.004823290271126,1.0048232902711265,validation
img15110,7923,images/img15110.jpg,73.0,73.67103202240293,0.671032022402926,validation
img15111,7923,images/img15111.jpg,73.0,70.73084772261461,2.269152277385388,validation
img15140,7938,images/img15140.jpg,42.0,43.90191723642463,1.9019172364246304,validation
img15141,7938,images/img15141.jpg,42.0,35.60808227980505,6.391917720194947,validation
img15174,7957,images/img15174.jpg,57.0,59.59206765815787,2.592067658157873,validation
img15175,7957,images/img15175.jpg,57.0,57.99690518996268,0.996905189962682,validation
img15188,7964,images/img15188.jpg,39.0,51.94397714038245,12.943977140382444,validation
img15189,7964,images/img15189.jpg,39.0,58.34149568921524,19.34149568921524,validation
img15190,7965,images/img15190.jpg,75.0,71.24788976960107,3.752110230398927,validation
img15191,7965,images/img15191.jpg,75.0,74.37253228370321,0.6274677162967919,validation
img15192,7966,images/img15192.jpg,71.0,63.345588320762445,7.654411679237555,validation
img15193,7966,images/img15193.jpg,71.0,56.27462730441569,14.725372695584312,validation
img15211,7977,images/img15211.jpg,58.0,65.3270169891644,7.327016989164406,validation
img15212,7978,images/img15212.jpg,47.0,42.10428805363513,4.8957119463648695,validation
img15213,7978,images/img15213.jpg,47.0,49.61267791864432,2.612677918644316,validation
img15226,7985,images/img15226.jpg,65.0,70.86962462834435,5.869624628344354,validation
img15227,7985,images/img15227.jpg,65.0,66.93865346876129,1.938653468761288,validation
img15246,7995,images/img15246.jpg,78.0,54.976791346661685,23.023208653338315,validation
img15247,7995,images/img15247.jpg,78.0,58.75993489718664,19.24006510281336,validation
img15257,8001,images/img15257.jpg,40.0,44.008109974256605,4.008109974256605,validation
img15258,8001,images/img15258.jpg,40.0,37.22141138679349,2.778588613206516,validation
img15271,8008,images/img15271.jpg,77.0,71.96947035018823,5.030529649811768,validation
img15272,8008,images/img15272.jpg,77.0,63.70385439320954,13.29614560679046,validation
img15283,8014,images/img15283.jpg,76.0,53.87497598237636,22.12502401762364,validation
img15284,8014,images/img15284.jpg,76.0,54.6352217019814,21.3647782980186,validation
img15300,8023,images/img15300.jpg,64.0,59.18425542640584,4.815744573594159,validation
img15301,8023,images/img15301.jpg,64.0,58.162092317930686,5.837907682069314,validation
img15340,8045,images/img15340.jpg,64.0,59.291168239776006,4.708831760223994,validation
img15341,8045,images/img15341.jpg,64.0,61.64427258120031,2.355727418799688,validation
img15375,8063,images/img15375.jpg,54.0,60.6148685692467,6.614868569246703,validation
img15376,8063,images/img15376.jpg,54.0,64.87721434718517,10.877214347185172,validation
img15381,8066,images/img15381.jpg,54.0,59.111354662642455,5.111354662642455,validation
img15388,8070,images/img15388.jpg,62.0,62.40597890082735,0.4059789008273498,validation
img15389,8070,images/img15389.jpg,62.0,62.01769868396715,0.0176986839671471,validation
img15404,8078,images/img15404.jpg,58.0,59.94644979420151,1.9464497942015055,validation
img15405,8078,images/img15405.jpg,58.0,70.12356856842656,12.123568568426563,validation
img15410,8081,images/img15410.jpg,51.0,56.31250059209629,5.312500592096292,validation
img15411,8081,images/img15411.jpg,51.0,55.42608712744232,4.426087127442315,validation
img15412,8082,images/img15412.jpg,53.0,40.00637019430608,12.99362980569392,validation
img15413,8082,images/img15413.jpg,53.0,53.32402358520597,0.3240235852059641,validation
img15422,8088,images/img15422.jpg,72.0,74.1080450758379,2.108045075837893,validation
img15423,8088,images/img15423.jpg,72.0,62.37826867095331,9.621731329046687,validation
img15424,8089,images/img15424.jpg,68.0,64.45316374404807,3.54683625595193,validation
img15425,8089,images/img15425.jpg,68.0,65.65046314232669,2.349536857673314,validation
img15428,8091,images/img15428.jpg,71.0,59.60581807449335,11.39418192550665,validation
img15429,8091,images/img15429.jpg,71.0,68.77691334322101,2.223086656778989,validation
img15446,8100,images/img15446.jpg,87.0,76.2195922937444,10.780407706255602,validation
img15447,8100,images/img15447.jpg,87.0,81.7023112422335,5.297688757766494,validation
img15476,8115,images/img15476.jpg,53.0,52.37012335146598,0.6298766485340224,validation
img15477,8115,images/img15477.jpg,53.0,53.78494881768308,0.7849488176830803,validation
img15505,8130,images/img15505.jpg,45.0,47.790434203694,2.790434203693998,validation
img15506,8130,images/img15506.jpg,45.0,53.80770604027701,8.807706040277012,validation
img15511,8133,images/img15511.jpg,71.0,57.92977580028284,13.07022419971716,validation
img15512,8133,images/img15512.jpg,71.0,52.44599112091152,18.55400887908848,validation
img15513,8134,images/img15513.jpg,57.0,52.41286437432348,4.587135625676517,validation
img15514,8134,images/img15514.jpg,57.0,48.54734892638497,8.45265107361503,validation
img15523,8139,images/img15523.jpg,91.0,78.73500891403611,12.264991085963883,validation
img15524,8139,images/img15524.jpg,91.0,76.44656577455613,14.553434225443866,validation
img15554,8155,images/img15554.jpg,59.0,64.10475515399693,5.104755153996933,validation
img15555,8155,images/img15555.jpg,59.0,75.53282836061075,16.53282836061075,validation
img15585,8171,images/img15585.jpg,64.0,64.40957204505307,0.4095720450530677,validation
img15586,8171,images/img15586.jpg,64.0,62.1824173947543,1.817582605245697,validation
img15587,8172,images/img15587.jpg,77.0,77.45234198413792,0.4523419841379166,validation
img15588,8172,images/img15588.jpg,77.0,67.89444809282287,9.10555190717713,validation
img15598,8178,images/img15598.jpg,72.0,74.26488903399574,2.2648890339957437,validation
img15599,8178,images/img15599.jpg,72.0,72.21165457470484,0.2116545747048377,validation
img15608,8183,images/img15608.jpg,65.0,60.84809479232173,4.151905207678276,validation
img15609,8183,images/img15609.jpg,65.0,64.40189087577556,0.5981091242244361,validation
img15612,8185,images/img15612.jpg,76.0,75.80605899231503,0.1939410076849697,validation
img15617,8188,images/img15617.jpg,43.0,48.750993159430834,5.750993159430834,validation
img15618,8188,images/img15618.jpg,43.0,52.664066856508086,9.664066856508086,validation
img15621,8190,images/img15621.jpg,51.0,56.90826245705454,5.908262457054541,validation
img15622,8190,images/img15622.jpg,51.0,49.05912223437106,1.94087776562894,validation
img15636,8198,images/img15636.jpg,71.0,61.45779946411209,9.542200535887908,validation
img15637,8198,images/img15637.jpg,71.0,72.33931597890451,1.3393159789045086,validation
img15640,8200,images/img15640.jpg,60.0,56.7093692297877,3.290630770212303,validation
img15641,8200,images/img15641.jpg,60.0,63.547267273808586,3.547267273808586,validation
img15734,8249,images/img15734.jpg,68.0,66.2273873363414,1.772612663658606,validation
img15735,8249,images/img15735.jpg,68.0,66.61265365127083,1.3873463487291673,validation
img15751,8259,images/img15751.jpg,76.0,60.37020893170048,15.629791068299523,validation
img15752,8259,images/img15752.jpg,76.0,73.95282721783519,2.047172782164808,validation
img15771,8270,images/img15771.jpg,45.0,51.533742390206775,6.533742390206776,validation
img15772,8270,images/img15772.jpg,45.0,36.17291378534199,8.82708621465801,validation
img15788,8279,images/img15788.jpg,74.0,61.61817645476667,12.381823545233331,validation
img15789,8279,images/img15789.jpg,74.0,71.0471367448123,2.952863255187694,validation
img15798,8284,images/img15798.jpg,58.0,56.90676109546762,1.0932389045323774,validation
img15799,8284,images/img15799.jpg,58.0,50.21270342284448,7.787296577155523,validation
img15802,8286,images/img15802.jpg,59.0,61.19717138126288,2.1971713812628835,validation
img15803,8286,images/img15803.jpg,59.0,49.2616584072173,9.738341592782696,validation
img15812,8291,images/img15812.jpg,70.0,73.32140522049848,3.3214052204984768,validation
img15813,8291,images/img15813.jpg,70.0,72.28919152341763,2.289191523417628,validation
img15814,8292,images/img15814.jpg,48.0,50.88612373733403,2.886123737334032,validation
img15815,8292,images/img15815.jpg,48.0,53.44830327910644,5.44830327910644,validation
img15816,8293,images/img15816.jpg,68.0,66.84690368488955,1.153096315110446,validation
img15817,8293,images/img15817.jpg,68.0,70.73436821309137,2.734368213091372,validation
img15818,8294,images/img15818.jpg,73.0,56.77281665048359,16.22718334951641,validation
img15819,8294,images/img15819.jpg,73.0,72.64240970547696,0.3575902945230353,validation
img15829,8300,images/img15829.jpg,15.0,17.119258079062803,2.119258079062803,validation
img15830,8300,images/img15830.jpg,15.0,21.6484127018252,6.648412701825201,validation
img15886,8330,images/img15886.jpg,71.0,73.48936140835511,2.489361408355109,validation
img15887,8330,images/img15887.jpg,71.0,69.9909677895772,1.0090322104228022,validation
img15917,8346,images/img15917.jpg,60.0,56.68801439588392,3.3119856041160816,validation
img15918,8346,images/img15918.jpg,60.0,55.278768288151056,4.721231711848944,validation
img15962,8369,images/img15962.jpg,73.0,66.09179610368557,6.908203896314433,validation
img15963,8369,images/img15963.jpg,73.0,69.91229006235181,3.087709937648185,validation
img15971,8373,images/img15971.jpg,75.0,74.58467346263024,0.415326537369765,validation
img15972,8373,images/img15972.jpg,75.0,80.8013536013385,5.801353601338505,validation
img15975,8375,images/img15975.jpg,73.0,67.99698946692617,5.003010533073834,validation
img15977,8377,images/img15977.jpg,67.0,69.84475401130688,2.8447540113068754,validation
img15978,8377,images/img15978.jpg,67.0,56.85281231225376,10.147187687746246,validation
img15985,8381,images/img15985.jpg,89.0,79.10253590497247,9.89746409502753,validation
img15986,8381,images/img15986.jpg,89.0,77.3279207835338,11.672079216466202,validation
img15991,8384,images/img15991.jpg,73.0,52.180789563212784,20.819210436787216,validation
img15992,8384,images/img15992.jpg,73.0,64.21049856033065,8.789501439669351,validation
img15994,8386,images/img15994.jpg,70.0,72.5210989258269,2.521098925826905,validation
img15995,8386,images/img15995.jpg,70.0,66.32870286431834,3.6712971356816553,validation
img16010,8395,images/img16010.jpg,54.0,59.47809914059335,5.478099140593351,validation
img16011,8395,images/img16011.jpg,54.0,58.23341524105056,4.233415241050558,validation
img16045,8413,images/img16045.jpg,59.0,60.6370943919073,1.637094391907297,validation
img16046,8413,images/img16046.jpg,59.0,73.04293093383379,14.042930933833787,validation
img16053,8417,images/img16053.jpg,43.0,46.22500143507844,3.22500143507844,validation
img16054,8417,images/img16054.jpg,43.0,35.18088362965396,7.819116370346038,validation
img16069,8425,images/img16069.jpg,65.0,58.29480433904418,6.705195660955816,validation
img16070,8425,images/img16070.jpg,65.0,59.233942819761815,5.766057180238185,validation
img16096,8439,images/img16096.jpg,80.0,79.95446188203415,0.0455381179658473,validation
img16097,8439,images/img16097.jpg,80.0,79.79356848733968,0.2064315126603162,validation
img16100,8441,images/img16100.jpg,80.0,73.61168863692845,6.388311363071551,validation
img16101,8441,images/img16101.jpg,80.0,80.98416608450937,0.9841660845093684,validation
img16138,8460,images/img16138.jpg,67.0,62.97017239926116,4.029827600738841,validation
img16139,8460,images/img16139.jpg,67.0,53.898521716313134,13.101478283686866,validation
img16142,8462,images/img16142.jpg,62.0,58.54223917116272,3.45776082883728,validation
img16143,8462,images/img16143.jpg,62.0,65.78622232898915,3.7862223289891546,validation
img16158,8470,images/img16158.jpg,48.0,51.0898115947972,3.0898115947972045,validation
img16167,8475,images/img16167.jpg,45.0,49.59756151274188,4.597561512741883,validation
img16168,8475,images/img16168.jpg,45.0,62.71405017341465,17.71405017341465,validation
img16179,8481,images/img16179.jpg,62.0,59.18603530263201,2.813964697367993,validation
img16180,8481,images/img16180.jpg,62.0,54.453831374814776,7.546168625185224,validation
img16183,8483,images/img16183.jpg,79.0,74.43679432222918,4.563205677770824,validation
img16184,8483,images/img16184.jpg,79.0,70.15221454205187,8.847785457948135,validation
img16207,8495,images/img16207.jpg,49.0,46.1440508757113,2.855949124288699,validation
img16208,8495,images/img16208.jpg,49.0,44.40571600092682,4.594283999073177,validation
img16211,8497,images/img16211.jpg,49.0,35.92721888584252,13.07278111415748,validation
img16233,8508,images/img16233.jpg,19.0,19.29102553323168,0.2910255332316822,validation
img16234,8508,images/img16234.jpg,19.0,20.868427751346125,1.8684277513461252,validation
img16241,8512,images/img16241.jpg,22.0,25.63653730113391,3.6365373011339095,validation
img16242,8512,images/img16242.jpg,22.0,27.78977746527209,5.789777465272088,validation
img00003,2,images/img00003.jpg,18.0,19.54661226935574,1.546612269355741,test
img00004,2,images/img00004.jpg,18.0,19.70663971936664,1.7066397193666418,test
img00009,5,images/img00009.jpg,23.0,22.25249527683501,0.7475047231649938,test
img00010,5,images/img00010.jpg,23.0,25.58267859552546,2.5826785955254614,test
img00051,26,images/img00051.jpg,13.0,15.326281440379198,2.326281440379198,test
img00052,26,images/img00052.jpg,13.0,15.930034651038326,2.9300346510383264,test
img00068,35,images/img00068.jpg,20.0,20.406754905417387,0.4067549054173867,test
img00069,35,images/img00069.jpg,20.0,19.701976269156415,0.2980237308435818,test
img00110,56,images/img00110.jpg,15.0,20.62391289233484,5.623912892334836,test
img00111,56,images/img00111.jpg,15.0,19.129344717804813,4.129344717804813,test
img00128,65,images/img00128.jpg,30.0,37.88296695038569,7.882966950385693,test
img00129,65,images/img00129.jpg,30.0,33.75517223540287,3.755172235402867,test
img00156,79,images/img00156.jpg,20.0,29.936552490765227,9.936552490765228,test
img00157,79,images/img00157.jpg,20.0,28.10139322176566,8.101393221765662,test
img00164,83,images/img00164.jpg,22.0,21.812987997340464,0.1870120026595358,test
img00165,83,images/img00165.jpg,22.0,21.653651994343896,0.3463480056561039,test
img00217,110,images/img00217.jpg,22.0,26.387282985912307,4.387282985912307,test
img00218,110,images/img00218.jpg,22.0,22.54644750676057,0.5464475067605719,test
img00221,112,images/img00221.jpg,26.0,32.95821084292838,6.958210842928381,test
img00222,112,images/img00222.jpg,26.0,31.64074035290188,5.640740352901876,test
img00225,114,images/img00225.jpg,13.0,20.404010929568717,7.404010929568713,test
img00226,114,images/img00226.jpg,13.0,20.80363676676029,7.803636766760292,test
img00231,117,images/img00231.jpg,19.0,21.248706159461605,2.248706159461605,test
img00232,117,images/img00232.jpg,19.0,27.577581755823427,8.577581755823427,test
img00273,138,images/img00273.jpg,13.0,17.751759780727895,4.751759780727895,test
img00274,138,images/img00274.jpg,13.0,15.643295718514636,2.6432957185146364,test
img00287,145,images/img00287.jpg,15.0,20.232676030591584,5.232676030591584,test
img00288,145,images/img00288.jpg,15.0,19.811015500217746,4.811015500217742,test
img00291,147,images/img00291.jpg,10.0,17.37159915853914,7.371599158539141,test
img00292,147,images/img00292.jpg,10.0,17.1498955073382,7.149895507338201,test
img00293,148,images/img00293.jpg,19.0,21.11918090203245,2.119180902032454,test
img00294,148,images/img00294.jpg,19.0,22.58610864575613,3.586108645756134,test
img00299,151,images/img00299.jpg,23.0,31.88394211695219,8.883942116952191,test
img00300,151,images/img00300.jpg,23.0,32.246212365602936,9.246212365602936,test
img00305,154,images/img00305.jpg,28.0,26.370430873506237,1.6295691264937666,test
img00306,154,images/img00306.jpg,28.0,26.91875708075469,1.0812429192453088,test
img00311,157,images/img00311.jpg,25.0,29.190880325719743,4.190880325719743,test
img00312,157,images/img00312.jpg,25.0,26.094244687529343,1.0942446875293437,test
img00317,160,images/img00317.jpg,24.0,25.49966132938836,1.4996613293883565,test
img00318,160,images/img00318.jpg,24.0,28.12514671698986,4.12514671698986,test
img00344,174,images/img00344.jpg,76.0,79.37632056677654,3.376320566776542,test
img00345,174,images/img00345.jpg,76.0,77.87019410288077,1.8701941028807736,test
img00394,202,images/img00394.jpg,74.0,74.26975970018819,0.2697597001881888,test
img00395,202,images/img00395.jpg,74.0,64.25819149985782,9.741808500142184,test
img00424,218,images/img00424.jpg,38.0,37.04326889749544,0.9567311025045626,test
img00425,218,images/img00425.jpg,38.0,39.113967301645175,1.1139673016451752,test
img00427,220,images/img00427.jpg,49.0,50.56247091349475,1.5624709134947494,test
img00428,220,images/img00428.jpg,49.0,45.75355453845185,3.2464454615481486,test
img00441,227,images/img00441.jpg,41.0,38.57513813004466,2.424861869955336,test
img00442,227,images/img00442.jpg,41.0,39.07205078027479,1.9279492197252068,test
img00451,232,images/img00451.jpg,60.0,73.75904537493224,13.759045374932242,test
img00452,232,images/img00452.jpg,60.0,70.17056515319247,10.17056515319247,test
img00463,238,images/img00463.jpg,49.0,44.50016177378819,4.499838226211807,test
img00464,238,images/img00464.jpg,49.0,53.604276930138994,4.604276930138994,test
img00478,246,images/img00478.jpg,59.0,62.43912037065623,3.4391203706562266,test
img00479,246,images/img00479.jpg,59.0,63.78134226445285,4.781342264452853,test
img00482,248,images/img00482.jpg,37.0,61.32289695194451,24.322896951944507,test
img00483,248,images/img00483.jpg,37.0,59.80724318796128,22.80724318796128,test
img00487,251,images/img00487.jpg,64.0,67.95420045720962,3.954200457209623,test
img00488,251,images/img00488.jpg,64.0,56.42524783046564,7.574752169534356,test
img00495,255,images/img00495.jpg,87.0,74.52033399076355,12.479666009236452,test
img00509,264,images/img00509.jpg,57.0,58.82810377493515,1.8281037749351512,test
img00510,264,images/img00510.jpg,57.0,65.7690670268828,8.769067026882794,test
img00526,273,images/img00526.jpg,51.0,54.328512329171936,3.328512329171936,test
img00527,273,images/img00527.jpg,51.0,56.57553749257558,5.575537492575577,test
img00530,275,images/img00530.jpg,77.0,83.87786093338299,6.877860933382991,test
img00531,275,images/img00531.jpg,77.0,80.66204993076977,3.662049930769769,test
img00546,283,images/img00546.jpg,53.0,62.99774684813632,9.997746848136316,test
img00547,283,images/img00547.jpg,53.0,54.80139065199145,1.801390651991447,test
img00575,298,images/img00575.jpg,75.0,65.53588361026725,9.464116389732752,test
img00576,298,images/img00576.jpg,75.0,83.86981222838966,8.869812228389662,test
img00593,307,images/img00593.jpg,11.0,13.258584396140256,2.2585843961402574,test
img00594,307,images/img00594.jpg,11.0,14.28979145979173,3.2897914597917293,test
img00609,316,images/img00609.jpg,62.0,56.87146175065292,5.128538249347081,test
img00610,316,images/img00610.jpg,62.0,68.18314794290455,6.183147942904554,test
img00611,317,images/img00611.jpg,78.0,76.1037236601535,1.8962763398464944,test
img00635,329,images/img00635.jpg,68.0,71.08394702813679,3.083947028136791,test
img00636,329,images/img00636.jpg,68.0,61.23019615577546,6.7698038442245405,test
img00645,334,images/img00645.jpg,68.0,80.9845739728112,12.984573972811203,test
img00646,334,images/img00646.jpg,68.0,69.15017694503338,1.1501769450333796,test
img00651,337,images/img00651.jpg,30.0,30.09532137633679,0.0953213763367912,test
img00652,337,images/img00652.jpg,30.0,36.00641029058171,6.006410290581712,test
img00655,339,images/img00655.jpg,52.0,52.82915801075801,0.8291580107580074,test
img00656,339,images/img00656.jpg,52.0,48.04040211486878,3.959597885131217,test
img00669,346,images/img00669.jpg,49.0,64.21309366785525,15.213093667855247,test
img00670,346,images/img00670.jpg,49.0,65.23832255041988,16.23832255041988,test
img00677,350,images/img00677.jpg,77.0,62.19813908944689,14.80186091055311,test
img00678,350,images/img00678.jpg,77.0,77.99862002499377,0.9986200249937696,test
img00695,360,images/img00695.jpg,75.0,62.4852957257663,12.5147042742337,test
img00707,366,images/img00707.jpg,74.0,74.45732506362475,0.4573250636247508,test
img00722,374,images/img00722.jpg,9.0,11.900612997085013,2.9006129970850125,test
img00723,374,images/img00723.jpg,9.0,14.70849425467209,5.70849425467209,test
img00753,390,images/img00753.jpg,47.0,45.55059520875773,1.449404791242273,test
img00754,390,images/img00754.jpg,47.0,47.42030719748608,0.4203071974860819,test
img00784,406,images/img00784.jpg,78.0,69.01069986740583,8.989300132594167,test
img00785,406,images/img00785.jpg,78.0,80.38114794528188,2.3811479452818816,test
img00794,411,images/img00794.jpg,68.0,56.53488137604963,11.465118623950367,test
img00808,418,images/img00808.jpg,80.0,75.0146793440351,4.985320655964898,test
img00809,418,images/img00809.jpg,80.0,75.24928491665487,4.750715083345128,test
img00813,421,images/img00813.jpg,84.0,80.5839600425676,3.416039957432403,test
img00814,421,images/img00814.jpg,84.0,76.60195813022807,7.39804186977193,test
img00821,425,images/img00821.jpg,57.0,53.75645771073923,3.2435422892607733,test
img00822,425,images/img00822.jpg,57.0,54.32577407902804,2.6742259209719634,test
img00860,446,images/img00860.jpg,69.0,62.3300009797281,6.669999020271902,test
img00861,446,images/img00861.jpg,69.0,65.46671709662543,3.5332829033745696,test
img00896,464,images/img00896.jpg,77.0,75.74007924235755,1.2599207576424476,test
img00897,464,images/img00897.jpg,77.0,65.19552754234596,11.804472457654043,test
img00898,465,images/img00898.jpg,84.0,84.95879765154471,0.958797651544714,test
img00899,465,images/img00899.jpg,84.0,77.28211078291868,6.717889217081321,test
img00910,471,images/img00910.jpg,54.0,52.64804251742043,1.3519574825795715,test
img00911,471,images/img00911.jpg,54.0,62.69620015246265,8.696200152462652,test
img00927,480,images/img00927.jpg,62.0,61.552146536729296,0.4478534632707038,test
img00928,480,images/img00928.jpg,62.0,70.65957196839595,8.659571968395952,test
img00929,481,images/img00929.jpg,65.0,63.41224588510384,1.587754114896157,test
img00934,484,images/img00934.jpg,59.0,58.09628338483223,0.9037166151677668,test
img00935,484,images/img00935.jpg,59.0,60.65206847314827,1.6520684731482689,test
img00982,509,images/img00982.jpg,73.0,52.56194809394746,20.438051906052543,test
img00983,509,images/img00983.jpg,73.0,70.03105208542064,2.96894791457936,test
img01004,520,images/img01004.jpg,43.0,51.42571960806873,8.425719608068732,test
img01009,523,images/img01009.jpg,88.0,80.64225098897452,7.357749011025476,test
img01022,531,images/img01022.jpg,46.0,48.28504730182678,2.285047301826779,test
img01023,531,images/img01023.jpg,46.0,58.25102846321236,12.251028463212355,test
img01047,544,images/img01047.jpg,78.0,78.93572485807017,0.9357248580701736,test
img01056,549,images/img01056.jpg,78.0,72.84065214504966,5.15934785495034,test
img01057,549,images/img01057.jpg,78.0,76.60279353781951,1.3972064621804918,test
img01145,596,images/img01145.jpg,77.0,69.10543028959013,7.894569710409868,test
img01146,596,images/img01146.jpg,77.0,76.19098994453641,0.8090100554635882,test
img01194,622,images/img01194.jpg,61.0,63.56845565329508,2.568455653295075,test
img01195,622,images/img01195.jpg,61.0,68.1855538295191,7.185553829519094,test
img01196,623,images/img01196.jpg,68.0,67.43731436751503,0.5626856324849712,test
img01267,661,images/img01267.jpg,29.0,28.9624127086152,0.0375872913847992,test
img01268,661,images/img01268.jpg,29.0,29.111043279604388,0.111043279604388,test
img01308,684,images/img01308.jpg,55.0,59.75342074514972,4.753420745149718,test
img01309,684,images/img01309.jpg,55.0,61.75179477314975,6.751794773149747,test
img01341,701,images/img01341.jpg,61.0,66.89142240275235,5.8914224027523545,test
img01354,708,images/img01354.jpg,63.0,60.31070413588194,2.6892958641180584,test
img01355,708,images/img01355.jpg,63.0,59.19155188285321,3.808448117146789,test
img01393,728,images/img01393.jpg,65.0,66.66518399337225,1.6651839933722528,test
img01396,730,images/img01396.jpg,76.0,79.29482361158263,3.294823611582629,test
img01397,730,images/img01397.jpg,76.0,82.15267882041687,6.152678820416867,test
img01405,735,images/img01405.jpg,72.0,78.86056871193196,6.860568711931961,test
img01406,735,images/img01406.jpg,72.0,72.94343563466902,0.9434356346690153,test
img01473,772,images/img01473.jpg,91.0,81.35897835313617,9.641021646863834,test
img01474,772,images/img01474.jpg,91.0,83.00342693821125,7.996573061788752,test
img01479,775,images/img01479.jpg,43.0,51.53012047295978,8.53012047295978,test
img01480,775,images/img01480.jpg,43.0,60.25418325020728,17.254183250207277,test
img01535,804,images/img01535.jpg,43.0,51.884728092710375,8.884728092710375,test
img01536,804,images/img01536.jpg,43.0,49.6850415567696,6.6850415567695975,test
img01541,807,images/img01541.jpg,43.0,44.0076562803166,1.0076562803166027,test
img01542,807,images/img01542.jpg,43.0,47.56370392900875,4.563703929008753,test
img01551,812,images/img01551.jpg,19.0,41.67889109191886,22.678891091918857,test
img01552,812,images/img01552.jpg,19.0,34.33648068335703,15.336480683357031,test
img01586,830,images/img01586.jpg,44.0,49.3343595892715,5.3343595892715,test
img01587,830,images/img01587.jpg,44.0,43.551734223199496,0.448265776800504,test
img01620,848,images/img01620.jpg,49.0,47.13806485177642,1.86193514822358,test
img01621,848,images/img01621.jpg,49.0,47.09631192197094,1.903688078029063,test
img01637,857,images/img01637.jpg,60.0,57.24571371816991,2.7542862818300904,test
img01643,860,images/img01643.jpg,80.0,62.99211166403056,17.00788833596944,test
img01644,860,images/img01644.jpg,80.0,71.60237960342495,8.39762039657505,test
img01700,892,images/img01700.jpg,31.0,33.820355839744465,2.820355839744465,test
img01701,892,images/img01701.jpg,31.0,29.61411351633754,1.3858864836624605,test
img01704,894,images/img01704.jpg,28.0,59.351578514906286,31.351578514906286,test
img01720,902,images/img01720.jpg,8.0,26.18162439539725,18.18162439539725,test
img01721,902,images/img01721.jpg,8.0,25.497874909499597,17.497874909499593,test
img01728,906,images/img01728.jpg,28.0,32.70456539337453,4.70456539337453,test
img01729,906,images/img01729.jpg,28.0,27.45892334074569,0.5410766592543084,test
img01744,915,images/img01744.jpg,58.0,50.478295964383335,7.521704035616665,test
img01745,915,images/img01745.jpg,58.0,57.77052622816306,0.2294737718369361,test
img01757,923,images/img01757.jpg,35.0,33.10391639673707,1.8960836032629305,test
img01778,935,images/img01778.jpg,59.0,67.17538900355612,8.17538900355612,test
img01779,935,images/img01779.jpg,59.0,69.33087146274394,10.330871462743945,test
img01782,937,images/img01782.jpg,84.0,82.6334286240344,1.3665713759656055,test
img01783,937,images/img01783.jpg,84.0,75.95541372863153,8.044586271368473,test
img01808,950,images/img01808.jpg,71.0,82.88174535101408,11.881745351014075,test
img01819,957,images/img01819.jpg,25.0,32.76465802821629,7.764658028216289,test
img01820,957,images/img01820.jpg,25.0,32.427929875899366,7.427929875899366,test
img01823,959,images/img01823.jpg,32.0,56.866003927068775,24.86600392706877,test
img01838,967,images/img01838.jpg,25.0,24.21182490603917,0.788175093960831,test
img01842,969,images/img01842.jpg,82.0,74.32801574706127,7.671984252938728,test
img01843,969,images/img01843.jpg,82.0,64.28726335685708,17.712736643142918,test
img01894,999,images/img01894.jpg,54.0,52.62694138676855,1.37305861323145,test
img01895,999,images/img01895.jpg,54.0,59.41057972135752,5.4105797213575215,test
img01958,1033,images/img01958.jpg,47.0,68.01268335105271,21.012683351052715,test
img01959,1033,images/img01959.jpg,47.0,35.69289687193525,11.307103128064751,test
img01963,1036,images/img01963.jpg,34.0,46.48577729564128,12.485777295641284,test
img01964,1036,images/img01964.jpg,34.0,39.718272361183246,5.718272361183246,test
img01965,1037,images/img01965.jpg,59.0,52.602632770834106,6.397367229165894,test
img02032,1072,images/img02032.jpg,78.0,71.76996280251359,6.230037197486411,test
img02041,1077,images/img02041.jpg,60.0,69.61887659397999,9.61887659397999,test
img02042,1077,images/img02042.jpg,60.0,63.31788681577187,3.317886815771871,test
img02050,1082,images/img02050.jpg,56.0,51.12513864793321,4.874861352066787,test
img02051,1082,images/img02051.jpg,56.0,55.2176084910009,0.7823915089990976,test
img02059,1087,images/img02059.jpg,62.0,64.81086488029102,2.810864880291021,test
img02075,1096,images/img02075.jpg,64.0,63.02500120284949,0.974998797150512,test
img02091,1105,images/img02091.jpg,71.0,79.15998053768362,8.159980537683623,test
img02092,1105,images/img02092.jpg,71.0,68.30233203221084,2.697667967789158,test
img02099,1109,images/img02099.jpg,52.0,39.38889928562445,12.611100714375546,test
img02100,1109,images/img02100.jpg,54.0,47.141950696748125,6.858049303251875,test
img02114,1117,images/img02114.jpg,42.0,41.69073948365971,0.3092605163402879,test
img02115,1117,images/img02115.jpg,42.0,52.02999194929382,10.029991949293825,test
img02167,1144,images/img02167.jpg,40.0,52.89112213310228,12.89112213310228,test
img02217,1170,images/img02217.jpg,56.0,54.65165965507566,1.3483403449243383,test
img02218,1170,images/img02218.jpg,56.0,67.3001090314188,11.3001090314188,test
img02259,1192,images/img02259.jpg,38.0,32.19007646541101,5.8099235345889895,test
img02260,1192,images/img02260.jpg,38.0,43.68956338846323,5.689563388463228,test
img02261,1193,images/img02261.jpg,42.0,41.60001160176341,0.3999883982365873,test
img02262,1193,images/img02262.jpg,42.0,44.914198937237465,2.9141989372374653,test
img02275,1200,images/img02275.jpg,33.0,35.4585225087272,2.4585225087272,test
img02276,1200,images/img02276.jpg,33.0,56.657024359622994,23.657024359622994,test
img02284,1205,images/img02284.jpg,36.0,39.97658562338905,3.976585623389049,test
img02285,1205,images/img02285.jpg,36.0,38.40907306067834,2.409073060678338,test
img02303,1215,images/img02303.jpg,47.0,52.89098035374603,5.890980353746031,test
img02311,1219,images/img02311.jpg,31.0,37.73511943768719,6.735119437687189,test
img02312,1219,images/img02312.jpg,31.0,44.06688406108523,13.066884061085233,test
img02314,1221,images/img02314.jpg,17.0,23.38899423410104,6.388994234101041,test
img02315,1221,images/img02315.jpg,17.0,23.752643014338723,6.752643014338723,test
img02321,1225,images/img02321.jpg,51.0,63.226192107727,12.226192107726996,test
img02322,1225,images/img02322.jpg,51.0,58.522603275627176,7.522603275627176,test
img02381,1255,images/img02381.jpg,28.0,27.49945260564568,0.5005473943543208,test
img02382,1255,images/img02382.jpg,28.0,23.70882228715285,4.291177712847151,test
img02390,1260,images/img02390.jpg,63.0,60.1291564881604,2.8708435118396025,test
img02391,1260,images/img02391.jpg,63.0,60.22506013451768,2.774939865482324,test
img02414,1272,images/img02414.jpg,60.0,60.63741094158539,0.6374109415853866,test
img02415,1272,images/img02415.jpg,60.0,56.12209916439264,3.877900835607363,test
img02444,1287,images/img02444.jpg,34.0,36.95225309444491,2.952253094444913,test
img02473,1302,images/img02473.jpg,78.0,76.34470930380458,1.655290696195422,test
img02474,1302,images/img02474.jpg,78.0,77.23290244019526,0.7670975598047391,test
img02525,1329,images/img02525.jpg,59.0,65.60606002916975,6.606060029169754,test
img02526,1329,images/img02526.jpg,59.0,58.933755569992506,0.0662444300074938,test
img02552,1343,images/img02552.jpg,82.0,77.39509148008378,4.604908519916222,test
img02563,1349,images/img02563.jpg,68.0,71.40646452651563,3.4064645265156344,test
img02564,1349,images/img02564.jpg,68.0,70.74375073464388,2.743750734643882,test
img02567,1351,images/img02567.jpg,79.0,75.36469549386403,3.635304506135967,test
img02568,1351,images/img02568.jpg,79.0,78.92778521412012,0.0722147858798791,test
img02584,1360,images/img02584.jpg,78.0,69.60124578572497,8.39875421427503,test
img02628,1384,images/img02628.jpg,74.0,77.1952087624203,3.195208762420293,test
img02629,1384,images/img02629.jpg,74.0,82.38844916497877,8.388449164978766,test
img02632,1386,images/img02632.jpg,51.0,57.94656792911512,6.946567929115119,test
img02633,1386,images/img02633.jpg,51.0,52.59721789003575,1.5972178900357503,test
img02691,1419,images/img02691.jpg,42.0,52.276559882444666,10.276559882444666,test
img02713,1430,images/img02713.jpg,49.0,44.801498526953566,4.198501473046434,test
img02714,1430,images/img02714.jpg,49.0,52.93258659644831,3.93258659644831,test
img02737,1444,images/img02737.jpg,60.0,65.89686911982828,5.896869119828281,test
img02748,1450,images/img02748.jpg,61.0,70.05460490832523,9.054604908325231,test
img02749,1450,images/img02749.jpg,61.0,61.30930740064785,0.3093074006478531,test
img02780,1468,images/img02780.jpg,75.0,71.62461605953726,3.37538394046274,test
img02781,1468,images/img02781.jpg,75.0,71.80765975211986,3.1923402478801397,test
img02813,1485,images/img02813.jpg,64.0,56.70903195851139,7.290968041488611,test
img02826,1492,images/img02826.jpg,67.0,64.4315892884684,2.568410711531598,test
img02827,1492,images/img02827.jpg,67.0,74.31132286377837,7.311322863778372,test
img02840,1499,images/img02840.jpg,74.0,75.61985034825673,1.6198503482567332,test
img02858,1510,images/img02858.jpg,58.0,66.058357987819,8.058357987818994,test
img02859,1510,images/img02859.jpg,58.0,68.16717922494897,10.167179224948969,test
img02866,1514,images/img02866.jpg,47.0,47.76894372511765,0.7689437251176514,test
img02867,1514,images/img02867.jpg,47.0,48.41775114336204,1.4177511433620396,test
img02888,1526,images/img02888.jpg,75.0,73.38613731212094,1.6138626878790632,test
img02899,1532,images/img02899.jpg,70.0,60.98459504877321,9.015404951226792,test
img02902,1534,images/img02902.jpg,63.0,66.4879516184803,3.4879516184802952,test
img02913,1540,images/img02913.jpg,72.0,75.70465185306173,3.704651853061733,test
img02914,1540,images/img02914.jpg,72.0,70.15914209952037,1.8408579004796335,test
img02939,1554,images/img02939.jpg,74.0,65.1872508997722,8.812749100227805,test
img02940,1554,images/img02940.jpg,74.0,72.34463597659521,1.6553640234047862,test
img02951,1560,images/img02951.jpg,59.0,60.14657544533888,1.1465754453388757,test
img02952,1560,images/img02952.jpg,59.0,69.41140322770492,10.411403227704923,test
img02955,1562,images/img02955.jpg,59.0,45.17085774341686,13.82914225658314,test
img02956,1562,images/img02956.jpg,59.0,44.84395817231943,14.156041827680568,test
img02974,1573,images/img02974.jpg,80.0,68.88589368131898,11.114106318681024,test
img02975,1573,images/img02975.jpg,80.0,71.37908257038183,8.620917429618174,test
img02976,1574,images/img02976.jpg,58.0,49.7916187347791,8.2083812652209,test
img02977,1574,images/img02977.jpg,58.0,53.03840798142795,4.961592018572048,test
img02978,1575,images/img02978.jpg,77.0,78.31831502357278,1.3183150235727794,test
img02979,1575,images/img02979.jpg,77.0,76.05346396897298,0.9465360310270228,test
img02998,1586,images/img02998.jpg,66.0,52.90873385567473,13.091266144325267,test
img02999,1586,images/img02999.jpg,66.0,47.85389900599367,18.14610099400633,test
img03007,1591,images/img03007.jpg,49.0,45.74586682551176,3.2541331744882456,test
img03008,1591,images/img03008.jpg,49.0,36.59012244392955,12.409877556070448,test
img03037,1607,images/img03037.jpg,74.0,72.2966251241269,1.703374875873095,test
img03052,1615,images/img03052.jpg,74.0,55.70561058134327,18.29438941865673,test
img03053,1615,images/img03053.jpg,74.0,69.60118034909901,4.39881965090099,test
img03062,1622,images/img03062.jpg,43.0,37.78678165388418,5.213218346115824,test
img03088,1637,images/img03088.jpg,61.0,57.326073848314046,3.6739261516859534,test
img03089,1637,images/img03089.jpg,61.0,59.91455571005503,1.0854442899449737,test
img03126,1658,images/img03126.jpg,53.0,58.31076555905305,5.310765559053053,test
img03127,1658,images/img03127.jpg,53.0,58.067687715613154,5.067687715613154,test
img03133,1662,images/img03133.jpg,69.0,70.2840671621444,1.284067162144396,test
img03153,1673,images/img03153.jpg,46.0,51.69704821517837,5.69704821517837,test
img03154,1673,images/img03154.jpg,46.0,55.40205334533691,9.40205334533691,test
img03159,1676,images/img03159.jpg,66.0,49.75148536146618,16.24851463853382,test
img03160,1676,images/img03160.jpg,66.0,62.6493687951773,3.3506312048226974,test
img03161,1677,images/img03161.jpg,72.0,71.02659509731241,0.9734049026875908,test
img03162,1677,images/img03162.jpg,72.0,64.62989334753055,7.370106652469445,test
img03197,1697,images/img03197.jpg,78.0,70.33505756231484,7.664942437685156,test
img03198,1697,images/img03198.jpg,78.0,70.89928705089292,7.100712949107077,test
img03205,1701,images/img03205.jpg,74.0,73.71052084495012,0.2894791550498752,test
img03206,1701,images/img03206.jpg,74.0,70.3985485392649,3.601451460735106,test
img03207,1702,images/img03207.jpg,68.0,78.75412077125874,10.75412077125874,test
img03208,1702,images/img03208.jpg,68.0,79.14449386953929,11.14449386953929,test
img03223,1711,images/img03223.jpg,71.0,59.9838040194793,11.0161959805207,test
img03224,1711,images/img03224.jpg,71.0,54.44086319881215,16.559136801187847,test
img03259,1730,images/img03259.jpg,55.0,71.21259761599892,16.212597615998916,test
img03260,1730,images/img03260.jpg,55.0,60.86155919607123,5.8615591960712266,test
img03275,1737,images/img03275.jpg,53.0,61.54814835888302,8.548148358883019,test
img03276,1737,images/img03276.jpg,53.0,62.09660980182514,9.09660980182514,test
img03346,1777,images/img03346.jpg,56.0,48.03542238763308,7.964577612366924,test
img03347,1777,images/img03347.jpg,56.0,57.72294821171023,1.7229482117102322,test
img03377,1793,images/img03377.jpg,68.0,65.13950452033382,2.8604954796661843,test
img03378,1793,images/img03378.jpg,68.0,71.41425148500511,3.41425148500511,test
img03444,1828,images/img03444.jpg,78.0,68.68780065537555,9.312199344624446,test
img03472,1846,images/img03472.jpg,67.0,74.42461111308549,7.42461111308549,test
img03473,1846,images/img03473.jpg,67.0,72.86110981554624,5.861109815546243,test
img03479,1850,images/img03479.jpg,63.0,60.909712918506216,2.090287081493784,test
img03480,1850,images/img03480.jpg,63.0,62.19651789703868,0.8034821029613184,test
img03491,1856,images/img03491.jpg,33.0,60.949534649888,27.949534649887998,test
img03492,1856,images/img03492.jpg,33.0,45.06875697592838,12.06875697592838,test
img03524,1875,images/img03524.jpg,81.0,82.32485785186891,1.324857851868913,test
img03534,1880,images/img03534.jpg,61.0,63.64390462833446,2.643904628334461,test
img03535,1880,images/img03535.jpg,61.0,49.20780133752451,11.792198662475492,test
img03554,1890,images/img03554.jpg,57.0,54.20308858492756,2.796911415072444,test
img03555,1890,images/img03555.jpg,57.0,46.778253929651406,10.221746070348594,test
img03562,1894,images/img03562.jpg,19.0,21.22066220279516,2.220662202795161,test
img03563,1894,images/img03563.jpg,19.0,19.37683039963477,0.3768303996347697,test
img03570,1898,images/img03570.jpg,56.0,53.65327614831194,2.3467238516880613,test
img03571,1898,images/img03571.jpg,56.0,57.90775501238359,1.907755012383589,test
img03593,1910,images/img03593.jpg,8.0,10.307431827230277,2.3074318272302747,test
img03594,1910,images/img03594.jpg,8.0,11.002155035301756,3.0021550353017545,test
img03614,1921,images/img03614.jpg,58.0,59.587328410522574,1.5873284105225736,test
img03615,1921,images/img03615.jpg,58.0,53.82423560464761,4.175764395352388,test
img03646,1937,images/img03646.jpg,66.0,66.23978975818207,0.23978975818207,test
img03665,1947,images/img03665.jpg,71.0,64.2416518473407,6.758348152659295,test
img03666,1947,images/img03666.jpg,71.0,67.23311283253805,3.766887167461945,test
img03667,1948,images/img03667.jpg,72.0,69.34028343077814,2.6597165692218567,test
img03668,1948,images/img03668.jpg,72.0,59.01427970068046,12.98572029931954,test
img03673,1951,images/img03673.jpg,73.0,71.87142774411981,1.1285722558801865,test
img03674,1951,images/img03674.jpg,73.0,72.75808311980039,0.2419168801996107,test
img03710,1970,images/img03710.jpg,68.0,60.49994195041706,7.50005804958294,test
img03711,1970,images/img03711.jpg,68.0,69.68994840404774,1.6899484040477404,test
img03723,1977,images/img03723.jpg,68.0,57.88454136932358,10.115458630676422,test
img03724,1977,images/img03724.jpg,68.0,61.601272538365045,6.398727461634955,test
img03727,1979,images/img03727.jpg,50.0,62.80616367586568,12.806163675865683,test
img03728,1979,images/img03728.jpg,50.0,49.823595977971074,0.176404022028926,test
img03775,2005,images/img03775.jpg,78.0,78.35563789380063,0.3556378938006332,test
img03794,2016,images/img03794.jpg,30.0,27.49631382882037,2.5036861711796305,test
img03795,2016,images/img03795.jpg,30.0,31.81485848970326,1.8148584897032585,test
img03804,2021,images/img03804.jpg,15.0,18.19057343198724,3.1905734319872394,test
img03805,2021,images/img03805.jpg,15.0,16.9039192303471,1.9039192303471,test
img03854,2046,images/img03854.jpg,32.0,28.70090832028332,3.299091679716682,test
img03855,2046,images/img03855.jpg,32.0,30.076085189524832,1.923914810475168,test
img03923,2081,images/img03923.jpg,21.0,31.49593346208973,10.49593346208973,test
img03924,2081,images/img03924.jpg,21.0,30.818092903516444,9.818092903516444,test
img03943,2091,images/img03943.jpg,56.0,49.70045406340451,6.299545936595493,test
img03944,2091,images/img03944.jpg,56.0,51.63752924142422,4.362470758575782,test
img03956,2098,images/img03956.jpg,60.0,58.58196690555783,1.4180330944421726,test
img03957,2098,images/img03957.jpg,60.0,54.65449115241156,5.345508847588441,test
img04035,2142,images/img04035.jpg,60.0,55.12699621381047,4.873003786189528,test
img04036,2142,images/img04036.jpg,60.0,63.31696797648232,3.3169679764823243,test
img04043,2146,images/img04043.jpg,48.0,55.56099454735684,7.560994547356842,test
img04044,2146,images/img04044.jpg,48.0,55.670897269228256,7.670897269228256,test
img04048,2148,images/img04048.jpg,56.0,53.549545463531786,2.4504545364682144,test
img04049,2149,images/img04049.jpg,36.0,42.79383304337215,6.793833043372153,test
img04050,2149,images/img04050.jpg,36.0,35.96684948774596,0.0331505122540392,test
img04163,2207,images/img04163.jpg,39.0,42.97566179593272,3.975661795932723,test
img04164,2207,images/img04164.jpg,39.0,48.05658132063789,9.05658132063789,test
img04165,2208,images/img04165.jpg,71.0,69.81913448163232,1.180865518367682,test
img04166,2208,images/img04166.jpg,71.0,65.29180172359774,5.708198276402257,test
img04195,2225,images/img04195.jpg,82.0,65.97287157966225,16.027128420337746,test
img04196,2225,images/img04196.jpg,82.0,76.3745004183842,5.625499581615799,test
img04209,2233,images/img04209.jpg,75.0,59.23257001387966,15.76742998612034,test
img04210,2233,images/img04210.jpg,75.0,74.27718348540357,0.7228165145964311,test
img04225,2241,images/img04225.jpg,58.0,52.46251332366171,5.53748667633829,test
img04226,2241,images/img04226.jpg,58.0,56.54926264235728,1.4507373576427227,test
img04233,2246,images/img04233.jpg,76.0,85.80757612689763,9.80757612689763,test
img04234,2246,images/img04234.jpg,76.0,72.81823682882639,3.181763171173614,test
img04253,2256,images/img04253.jpg,67.0,62.17301633282443,4.826983667175568,test
img04254,2256,images/img04254.jpg,67.0,64.29684655072921,2.7031534492707863,test
img04286,2273,images/img04286.jpg,45.0,47.779162744872046,2.779162744872046,test
img04295,2278,images/img04295.jpg,50.0,47.44863144103373,2.551368558966267,test
img04296,2278,images/img04296.jpg,50.0,49.76100420932279,0.2389957906772153,test
img04306,2284,images/img04306.jpg,79.0,73.30456074236542,5.695439257634575,test
img04307,2284,images/img04307.jpg,79.0,79.04001339008666,0.0400133900866563,test
img04372,2320,images/img04372.jpg,27.0,58.09438231452174,31.094382314521734,test
img04373,2320,images/img04373.jpg,27.0,28.935053655300493,1.935053655300493,test
img04381,2325,images/img04381.jpg,77.0,75.30238455740216,1.6976154425978365,test
img04391,2330,images/img04391.jpg,33.0,35.50278384252789,2.50278384252789,test
img04392,2330,images/img04392.jpg,33.0,31.211406287523555,1.7885937124764446,test
img04403,2336,images/img04403.jpg,78.0,64.6759841803321,13.324015819667906,test
img04473,2372,images/img04473.jpg,43.0,50.402822995914434,7.402822995914434,test
img04474,2373,images/img04474.jpg,32.0,35.69932929226731,3.699329292267308,test
img04475,2373,images/img04475.jpg,32.0,28.490097686084184,3.5099023139158163,test
img04492,2382,images/img04492.jpg,73.0,68.55336437916795,4.446635620832055,test
img04493,2382,images/img04493.jpg,73.0,78.13909719238809,5.139097192388093,test
img04528,2400,images/img04528.jpg,74.0,70.43021114134703,3.56978885865297,test
img04529,2400,images/img04529.jpg,74.0,73.47122673808018,0.5287732619198238,test
img04540,2406,images/img04540.jpg,68.0,56.01480600063407,11.985193999365933,test
img04541,2406,images/img04541.jpg,68.0,67.92925601539291,0.0707439846070911,test
img04564,2419,images/img04564.jpg,58.0,55.229865043696186,2.7701349563038136,test
img04565,2419,images/img04565.jpg,58.0,54.68025409735801,3.3197459026419907,test
img04568,2421,images/img04568.jpg,70.0,71.50538507398235,1.505385073982353,test
img04569,2421,images/img04569.jpg,70.0,69.01428470389811,0.9857152961018868,test
img04570,2422,images/img04570.jpg,32.0,28.788346921114588,3.211653078885412,test
img04571,2422,images/img04571.jpg,32.0,32.38590647470659,0.3859064747065872,test
img04580,2427,images/img04580.jpg,44.0,49.89145430439887,5.89145430439887,test
img04581,2427,images/img04581.jpg,61.0,44.0494931871254,16.9505068128746,test
img04586,2430,images/img04586.jpg,39.0,40.930381158527496,1.930381158527496,test
img04587,2430,images/img04587.jpg,39.0,48.32984085351863,9.329840853518624,test
img04588,2431,images/img04588.jpg,44.0,38.66213394304026,5.33786605695974,test
img04589,2431,images/img04589.jpg,44.0,40.06989388956911,3.9301061104308914,test
img04609,2442,images/img04609.jpg,45.0,44.2951291936615,0.7048708063384979,test
img04610,2442,images/img04610.jpg,45.0,45.44926659345559,0.4492665934555901,test
img04619,2447,images/img04619.jpg,37.0,54.2873344237171,17.2873344237171,test
img04625,2450,images/img04625.jpg,64.0,55.818007256621655,8.181992743378345,test
img04626,2450,images/img04626.jpg,64.0,62.63596682887507,1.3640331711249305,test
img04657,2466,images/img04657.jpg,67.0,65.57447867756485,1.425521322435145,test
img04658,2466,images/img04658.jpg,67.0,60.2658304243233,6.734169575676702,test
img04705,2490,images/img04705.jpg,35.0,36.29953365657843,1.2995336565784328,test
img04706,2490,images/img04706.jpg,35.0,36.97803512507394,1.9780351250739368,test
img04723,2499,images/img04723.jpg,61.0,60.05028435962538,0.9497156403746204,test
img04829,2552,images/img04829.jpg,58.0,52.69877607883397,5.301223921166027,test
img04830,2552,images/img04830.jpg,58.0,57.46639383147976,0.5336061685202367,test
img04837,2556,images/img04837.jpg,53.0,64.4008853329566,11.400885332956603,test
img04838,2556,images/img04838.jpg,53.0,56.26486170594868,3.2648617059486824,test
img04861,2568,images/img04861.jpg,43.0,47.53519319107711,4.535193191077113,test
img04888,2582,images/img04888.jpg,47.0,47.17941316511136,0.179413165111363,test
img04889,2582,images/img04889.jpg,47.0,48.8408496435914,1.8408496435913972,test
img04920,2599,images/img04920.jpg,60.0,63.13981957859369,3.139819578593688,test
img04952,2616,images/img04952.jpg,52.0,38.39992065792711,13.600079342072888,test
img04953,2616,images/img04953.jpg,52.0,41.25227155590753,10.747728444092472,test
img04963,2622,images/img04963.jpg,80.0,80.24226743156103,0.2422674315610322,test
img04964,2622,images/img04964.jpg,80.0,74.82975325784567,5.170246742154333,test
img04985,2633,images/img04985.jpg,79.0,75.35949546332091,3.6405045366790887,test
img04986,2633,images/img04986.jpg,79.0,75.9931575744864,3.0068424255135966,test
img04987,2634,images/img04987.jpg,60.0,69.96748694696117,9.967486946961174,test
img04988,2634,images/img04988.jpg,60.0,57.92545725562196,2.074542744378043,test
img05014,2648,images/img05014.jpg,39.0,38.67804594925335,0.3219540507466547,test
img05015,2648,images/img05015.jpg,39.0,46.60065892679058,7.6006589267905795,test
img05017,2649,images/img05017.jpg,49.0,58.53693239712351,9.536932397123508,test
img05035,2659,images/img05035.jpg,43.0,47.01853394835252,4.01853394835252,test
img05036,2659,images/img05036.jpg,43.0,47.51777832368776,4.517778323687764,test
img05047,2665,images/img05047.jpg,30.0,34.15551133181743,4.155511331817429,test
img05051,2667,images/img05051.jpg,32.0,31.335240739714884,0.6647592602851162,test
img05052,2667,images/img05052.jpg,32.0,31.52687189884456,0.4731281011554422,test
img05053,2668,images/img05053.jpg,56.0,52.43060478892699,3.569395211073008,test
img05054,2668,images/img05054.jpg,56.0,61.01720729988962,5.01720729988962,test
img05061,2672,images/img05061.jpg,69.0,69.98810602780179,0.9881060278017912,test
img05062,2672,images/img05062.jpg,69.0,69.38492211578854,0.3849221157885409,test
img05069,2676,images/img05069.jpg,58.0,58.62692350350936,0.6269235035093601,test
img05070,2676,images/img05070.jpg,58.0,58.3256688869422,0.3256688869421964,test
img05124,2705,images/img05124.jpg,35.0,34.32384268966291,0.6761573103370893,test
img05125,2705,images/img05125.jpg,35.0,35.95896655553841,0.95896655553841,test
img05139,2713,images/img05139.jpg,26.0,31.14839736038476,5.14839736038476,test
img05140,2713,images/img05140.jpg,26.0,25.921906426954127,0.0780935730458729,test
img05159,2723,images/img05159.jpg,33.0,35.280877337786464,2.280877337786464,test
img05160,2723,images/img05160.jpg,33.0,44.96297212639823,11.962972126398228,test
img05169,2728,images/img05169.jpg,38.0,31.8719890266098,6.1280109733902,test
img05170,2728,images/img05170.jpg,38.0,30.547268158426707,7.452731841573293,test
img05171,2729,images/img05171.jpg,33.0,32.91993041674062,0.0800695832593803,test
img05172,2729,images/img05172.jpg,33.0,30.12144149619995,2.8785585038000505,test
img05189,2738,images/img05189.jpg,69.0,70.00344219170643,1.0034421917064265,test
img05190,2739,images/img05190.jpg,55.0,58.03225514591777,3.032255145917773,test
img05191,2739,images/img05191.jpg,55.0,62.88128328655439,7.881283286554392,test
img05192,2740,images/img05192.jpg,81.0,85.52783236968926,4.527832369689264,test
img05202,2745,images/img05202.jpg,63.0,53.55000406521873,9.44999593478127,test
img05203,2745,images/img05203.jpg,63.0,58.81198509804506,4.188014901954936,test
img05218,2753,images/img05218.jpg,8.0,18.26236177310927,10.26236177310927,test
img05231,2760,images/img05231.jpg,65.0,60.708698965171415,4.291301034828585,test
img05232,2760,images/img05232.jpg,65.0,64.68471506215107,0.3152849378489293,test
img05235,2762,images/img05235.jpg,34.0,35.46383596275531,1.4638359627553117,test
img05236,2762,images/img05236.jpg,34.0,42.80362236261607,8.803622362616068,test
img05238,2763,images/img05238.jpg,32.0,36.84053968660261,4.840539686602611,test
img05249,2769,images/img05249.jpg,67.0,55.372705972877085,11.627294027122916,test
img05250,2769,images/img05250.jpg,67.0,56.09721538778125,10.902784612218753,test
img05267,2778,images/img05267.jpg,84.0,76.5343708204928,7.465629179507204,test
img05268,2778,images/img05268.jpg,84.0,82.27595924250839,1.7240407574916077,test
img05285,2787,images/img05285.jpg,70.0,73.5260222780503,3.5260222780503057,test
img05286,2787,images/img05286.jpg,70.0,65.81363155038376,4.186368449616239,test
img05287,2788,images/img05287.jpg,77.0,69.61154660126182,7.388453398738179,test
img05288,2788,images/img05288.jpg,77.0,81.14576401354336,4.145764013543356,test
img05289,2789,images/img05289.jpg,61.0,52.04386505930298,8.95613494069702,test
img05290,2789,images/img05290.jpg,61.0,56.97104388967339,4.028956110326611,test
img05311,2800,images/img05311.jpg,86.0,67.71387572348077,18.28612427651923,test
img05312,2800,images/img05312.jpg,86.0,79.69328031439035,6.30671968560965,test
img05317,2803,images/img05317.jpg,64.0,75.60848836876887,11.608488368768874,test
img05318,2803,images/img05318.jpg,64.0,77.15832649880726,13.158326498807256,test
img05319,2804,images/img05319.jpg,83.0,73.97707585019585,9.022924149804156,test
img05320,2804,images/img05320.jpg,83.0,73.44596056618582,9.554039433814182,test
img05324,2807,images/img05324.jpg,75.0,74.61958390258096,0.3804160974190438,test
img05325,2807,images/img05325.jpg,75.0,75.84213420420787,0.8421342042078663,test
img05344,2817,images/img05344.jpg,48.0,47.62594179457162,0.3740582054283763,test
img05345,2817,images/img05345.jpg,48.0,49.00526898181478,1.0052689818147795,test
img05376,2833,images/img05376.jpg,55.0,65.71090041006518,10.71090041006518,test
img05377,2833,images/img05377.jpg,55.0,67.29899660877746,12.298996608777458,test
img05394,2842,images/img05394.jpg,58.0,47.84315322140027,10.156846778599729,test
img05395,2842,images/img05395.jpg,58.0,50.56821352272813,7.431786477271871,test
img05398,2844,images/img05398.jpg,77.0,72.7506091665051,4.2493908334949,test
img05399,2844,images/img05399.jpg,77.0,70.38628353433874,6.613716465661256,test
img05448,2870,images/img05448.jpg,59.0,58.76008540142635,0.2399145985736481,test
img05449,2870,images/img05449.jpg,59.0,59.08319264739668,0.0831926473966788,test
img05454,2873,images/img05454.jpg,61.0,70.63863551991942,9.638635519919418,test
img05455,2873,images/img05455.jpg,61.0,66.98309039084164,5.983090390841639,test
img05465,2879,images/img05465.jpg,61.0,61.41150577777007,0.411505777770067,test
img05466,2879,images/img05466.jpg,61.0,75.54390460016526,14.543904600165265,test
img05467,2880,images/img05467.jpg,58.0,61.03996424983095,3.0399642498309447,test
img05468,2880,images/img05468.jpg,58.0,59.44427194945492,1.4442719494549152,test
img05475,2884,images/img05475.jpg,60.0,62.76634930610433,2.766349306104331,test
img05476,2884,images/img05476.jpg,60.0,71.91575996759863,11.915759967598632,test
img05481,2887,images/img05481.jpg,45.0,42.24729543723332,2.752704562766681,test
img05483,2888,images/img05483.jpg,66.0,73.34303856904151,7.343038569041511,test
img05488,2891,images/img05488.jpg,56.0,69.17265660727219,13.172656607272188,test
img05510,2903,images/img05510.jpg,59.0,61.74347559676912,2.743475596769116,test
img05511,2903,images/img05511.jpg,59.0,58.98834989233781,0.0116501076621915,test
img05521,2908,images/img05521.jpg,78.0,80.47732015445821,2.477320154458212,test
img05548,2922,images/img05548.jpg,33.0,32.84911926256629,0.1508807374337095,test
img05549,2922,images/img05549.jpg,33.0,33.828068636724524,0.8280686367245238,test
img05570,2933,images/img05570.jpg,58.0,60.60116586711765,2.6011658671176505,test
img05571,2933,images/img05571.jpg,58.0,57.00617190640544,0.9938280935945656,test
img05585,2942,images/img05585.jpg,58.0,57.07653182051323,0.9234681794867684,test
img05586,2942,images/img05586.jpg,58.0,54.21960206279428,3.78039793720572,test
img05594,2946,images/img05594.jpg,71.0,78.25685258202755,7.256852582027548,test
img05624,2962,images/img05624.jpg,72.0,56.07244585261268,15.92755414738732,test
img05625,2962,images/img05625.jpg,72.0,41.52347038037568,30.47652961962432,test
img05656,2978,images/img05656.jpg,58.0,62.2369381008954,4.236938100895401,test
img05657,2978,images/img05657.jpg,58.0,45.03638765828585,12.963612341714152,test
img05658,2979,images/img05658.jpg,49.0,59.41071223052509,10.410712230525093,test
img05659,2979,images/img05659.jpg,49.0,59.29179425016438,10.29179425016438,test
img05664,2982,images/img05664.jpg,58.0,52.48173805906412,5.518261940935879,test
img05665,2982,images/img05665.jpg,58.0,57.09997196972749,0.9000280302725088,test
img05674,2987,images/img05674.jpg,50.0,51.06919414987223,1.0691941498722315,test
img05675,2987,images/img05675.jpg,50.0,52.77777062839007,2.7777706283900656,test
img05709,3006,images/img05709.jpg,39.0,40.9870034709724,1.9870034709723967,test
img05710,3006,images/img05710.jpg,39.0,38.29899774970595,0.7010022502940529,test
img05745,3024,images/img05745.jpg,83.0,74.32243182164585,8.67756817835415,test
img05746,3024,images/img05746.jpg,83.0,68.11782037798584,14.882179622014164,test
img05760,3031,images/img05760.jpg,72.0,70.24227824219464,1.7577217578053563,test
img05788,3046,images/img05788.jpg,50.0,51.39814843102487,1.3981484310248646,test
img05789,3046,images/img05789.jpg,50.0,43.93557238376732,6.064427616232685,test
img05793,3048,images/img05793.jpg,69.0,72.64439679768535,3.6443967976853457,test
img05816,3060,images/img05816.jpg,47.0,46.54395154673192,0.4560484532680817,test
img05817,3060,images/img05817.jpg,47.0,43.98145545528143,3.018544544718573,test
img05836,3070,images/img05836.jpg,72.0,81.97158295806707,9.971582958067074,test
img05837,3070,images/img05837.jpg,72.0,76.81857517437089,4.818575174370892,test
img05853,3079,images/img05853.jpg,65.0,65.37449671435199,0.3744967143519915,test
img05854,3079,images/img05854.jpg,65.0,62.482441598263925,2.517558401736075,test
img05863,3084,images/img05863.jpg,50.0,52.31234390135198,2.31234390135198,test
img05864,3084,images/img05864.jpg,50.0,62.205047015927605,12.205047015927605,test
img05884,3095,images/img05884.jpg,50.0,50.57668811109543,0.5766881110954287,test
img05885,3095,images/img05885.jpg,50.0,59.392954911459874,9.392954911459874,test
img05910,3109,images/img05910.jpg,54.0,48.93947027318914,5.060529726810863,test
img05911,3109,images/img05911.jpg,54.0,58.27673633233195,4.27673633233195,test
img05924,3116,images/img05924.jpg,69.0,68.00911923615865,0.9908807638413464,test
img05925,3116,images/img05925.jpg,69.0,68.66814894598873,0.3318510540112669,test
img05938,3124,images/img05938.jpg,45.0,56.031140073084615,11.031140073084616,test
img05939,3124,images/img05939.jpg,45.0,41.088901384920405,3.911098615079595,test
img05956,3133,images/img05956.jpg,45.0,43.611097239661774,1.388902760338226,test
img05975,3143,images/img05975.jpg,68.0,66.59709936527967,1.402900634720325,test
img05976,3143,images/img05976.jpg,68.0,74.39766649173521,6.397666491735208,test
img05995,3154,images/img05995.jpg,56.0,49.36504500440594,6.634954995594057,test
img05996,3154,images/img05996.jpg,56.0,58.41104923323436,2.4110492332343583,test
img06022,3169,images/img06022.jpg,82.0,78.49137090581272,3.5086290941872846,test
img06023,3169,images/img06023.jpg,82.0,77.33972991329907,4.660270086700933,test
img06034,3175,images/img06034.jpg,88.0,67.94900042666652,20.050999573333485,test
img06035,3175,images/img06035.jpg,88.0,70.3963346000865,17.603665399913496,test
img06053,3185,images/img06053.jpg,42.0,46.76813415544639,4.76813415544639,test
img06054,3185,images/img06054.jpg,42.0,39.990447281988665,2.009552718011335,test
img06071,3194,images/img06071.jpg,42.0,45.0918975480894,3.091897548089399,test
img06072,3194,images/img06072.jpg,42.0,53.17513072240771,11.175130722407708,test
img06125,3222,images/img06125.jpg,61.0,50.19405398444531,10.805946015554689,test
img06126,3222,images/img06126.jpg,61.0,46.84191286060809,14.15808713939191,test
img06131,3225,images/img06131.jpg,65.0,59.85267365614582,5.147326343854182,test
img06132,3225,images/img06132.jpg,65.0,69.22311042710975,4.223110427109745,test
img06163,3242,images/img06163.jpg,23.0,27.207982605064934,4.207982605064938,test
img06164,3242,images/img06164.jpg,23.0,31.55266919801964,8.552669198019636,test
img06175,3248,images/img06175.jpg,51.0,46.94239079977272,4.057609200227276,test
img06176,3248,images/img06176.jpg,51.0,48.805464788102455,2.194535211897545,test
img06180,3251,images/img06180.jpg,56.0,58.01197279104825,2.011972791048251,test
img06181,3251,images/img06181.jpg,56.0,57.63094963233354,1.6309496323335395,test
img06203,3263,images/img06203.jpg,52.0,52.2721385477505,0.2721385477505009,test
img06204,3263,images/img06204.jpg,52.0,51.37421443977405,0.6257855602259497,test
img06217,3272,images/img06217.jpg,59.0,56.92920275674916,2.070797243250837,test
img06218,3272,images/img06218.jpg,59.0,57.24195595176089,1.7580440482391069,test
img06250,3289,images/img06250.jpg,60.0,50.9708641679548,9.0291358320452,test
img06251,3289,images/img06251.jpg,60.0,56.710933574127104,3.289066425872896,test
img06256,3292,images/img06256.jpg,69.0,57.802638161743474,11.197361838256526,test
img06257,3292,images/img06257.jpg,69.0,62.11006139090205,6.889938609097946,test
img06284,3306,images/img06284.jpg,54.0,58.27118771542929,4.271187715429292,test
img06285,3306,images/img06285.jpg,54.0,55.1052846139689,1.105284613968898,test
img06287,3307,images/img06287.jpg,57.0,51.311856607063575,5.688143392936425,test
img06304,3317,images/img06304.jpg,43.0,48.62367802404354,5.623678024043542,test
img06305,3317,images/img06305.jpg,43.0,49.85996892651204,6.859968926512039,test
img06343,3337,images/img06343.jpg,35.0,29.70013868604803,5.299861313951968,test
img06350,3340,images/img06350.jpg,51.0,57.091201621443474,6.091201621443474,test
img06363,3347,images/img06363.jpg,67.0,67.33897838724023,0.3389783872402319,test
img06380,3356,images/img06380.jpg,56.0,62.65864552751785,6.658645527517848,test
img06381,3356,images/img06381.jpg,56.0,54.98670063305319,1.0132993669468109,test
img06440,3387,images/img06440.jpg,46.0,50.04619774686334,4.046197746863342,test
img06441,3387,images/img06441.jpg,46.0,44.0385401865498,1.9614598134502048,test
img06511,3423,images/img06511.jpg,65.0,62.82182538698447,2.1781746130155284,test
img06512,3423,images/img06512.jpg,65.0,66.91890142321466,1.9189014232146635,test
img06547,3442,images/img06547.jpg,73.0,72.85214063534772,0.1478593646522767,test
img06548,3443,images/img06548.jpg,64.0,64.92571106660125,0.9257110666012522,test
img06549,3443,images/img06549.jpg,64.0,60.52231582344389,3.47768417655611,test
img06598,3470,images/img06598.jpg,68.0,80.15356590384869,12.153565903848689,test
img06624,3485,images/img06624.jpg,76.0,72.16543232334615,3.834567676653848,test
img06625,3485,images/img06625.jpg,76.0,80.00497677605594,4.0049767760559405,test
img06628,3487,images/img06628.jpg,79.0,64.99842533598064,14.001574664019358,test
img06629,3487,images/img06629.jpg,79.0,77.58037964893687,1.419620351063131,test
img06706,3529,images/img06706.jpg,7.0,15.9864890094766,8.9864890094766,test
img06718,3535,images/img06718.jpg,61.0,69.06615086424603,8.066150864246026,test
img06719,3535,images/img06719.jpg,61.0,62.30357221711249,1.3035722171124888,test
img06722,3537,images/img06722.jpg,53.0,59.44644717196293,6.44644717196293,test
img06723,3537,images/img06723.jpg,53.0,53.70602352188946,0.7060235218894633,test
img06747,3551,images/img06747.jpg,23.0,32.08487836429366,9.084878364293658,test
img06832,3594,images/img06832.jpg,50.0,44.90115523646237,5.098844763537628,test
img06833,3594,images/img06833.jpg,50.0,51.75741895568047,1.7574189556804711,test
img06836,3596,images/img06836.jpg,77.0,73.60961756771674,3.3903824322832605,test
img06837,3596,images/img06837.jpg,77.0,77.45046177175195,0.4504617717519465,test
img06844,3600,images/img06844.jpg,39.0,49.63645595260326,10.636455952603256,test
img06845,3600,images/img06845.jpg,39.0,51.78756506395594,12.787565063955938,test
img06852,3604,images/img06852.jpg,76.0,65.86897784862241,10.131022151377593,test
img06916,3637,images/img06916.jpg,74.0,70.17904028686497,3.820959713135025,test
img06922,3640,images/img06922.jpg,48.0,53.38367234160161,5.38367234160161,test
img06923,3640,images/img06923.jpg,48.0,49.52361103643703,1.5236110364370248,test
img06933,3646,images/img06933.jpg,73.0,56.47116457457686,16.52883542542314,test
img06934,3646,images/img06934.jpg,73.0,69.07731871507687,3.9226812849231294,test
img06964,3662,images/img06964.jpg,73.0,61.93409576002768,11.06590423997232,test
img06993,3679,images/img06993.jpg,53.0,46.36965018737784,6.630349812622157,test
img06994,3679,images/img06994.jpg,53.0,46.79303279162493,6.206967208375076,test
img07022,3695,images/img07022.jpg,76.0,79.58294543813498,3.582945438134985,test
img07023,3695,images/img07023.jpg,76.0,74.67300418279545,1.3269958172045475,test
img07071,3720,images/img07071.jpg,70.0,62.86808035665613,7.131919643343871,test
img07113,3742,images/img07113.jpg,63.0,66.76855205018354,3.768552050183544,test
img07114,3742,images/img07114.jpg,63.0,68.2222419644751,5.222241964475103,test
img07125,3748,images/img07125.jpg,20.0,26.3996396021148,6.399639602114796,test
img07126,3748,images/img07126.jpg,20.0,24.857575343240697,4.857575343240697,test
img07187,3780,images/img07187.jpg,45.0,50.25002956490363,5.250029564903628,test
img07188,3780,images/img07188.jpg,45.0,55.27947200453276,10.279472004532757,test
img07206,3790,images/img07206.jpg,38.0,35.28728794590988,2.712712054090119,test
img07207,3790,images/img07207.jpg,38.0,32.513603869050534,5.4863961309494655,test
img07208,3791,images/img07208.jpg,48.0,49.692895587800685,1.6928955878006846,test
img07209,3791,images/img07209.jpg,48.0,47.140559077836,0.8594409221639978,test
img07214,3794,images/img07214.jpg,29.0,33.75960883864309,4.759608838643089,test
img07244,3810,images/img07244.jpg,36.0,41.79413698695267,5.794136986952672,test
img07245,3810,images/img07245.jpg,36.0,44.12590244465078,8.125902444650777,test
img07285,3831,images/img07285.jpg,27.0,34.031969163222065,7.031969163222065,test
img07286,3831,images/img07286.jpg,27.0,31.997230366259316,4.997230366259313,test
img07305,3841,images/img07305.jpg,74.0,61.76494644435768,12.235053555642324,test
img07306,3841,images/img07306.jpg,74.0,68.50082422157264,5.499175778427357,test
img07317,3847,images/img07317.jpg,38.0,39.73758052828376,1.7375805282837575,test
img07318,3847,images/img07318.jpg,38.0,38.28089797896486,0.2808979789648589,test
img07335,3856,images/img07335.jpg,42.0,47.267707895132304,5.267707895132304,test
img07336,3856,images/img07336.jpg,42.0,47.14092334172052,5.140923341720523,test
img07371,3874,images/img07371.jpg,42.0,52.40585829290382,10.405858292903822,test
img07372,3874,images/img07372.jpg,42.0,54.02130563800516,12.02130563800516,test
img07408,3893,images/img07408.jpg,57.0,57.1477177356975,0.1477177356974977,test
img07409,3893,images/img07409.jpg,57.0,54.93615956438102,2.063840435618978,test
img07414,3896,images/img07414.jpg,42.0,46.52276643907673,4.522766439076733,test
img07419,3899,images/img07419.jpg,73.0,79.78645770731849,6.78645770731849,test
img07420,3899,images/img07420.jpg,73.0,81.98352296108428,8.983522961084276,test
img07454,3917,images/img07454.jpg,87.0,81.26983840002987,5.730161599970131,test
img07455,3917,images/img07455.jpg,87.0,86.33645893135191,0.6635410686480867,test
img07470,3925,images/img07470.jpg,72.0,63.29905906256696,8.700940937433039,test
img07471,3925,images/img07471.jpg,72.0,60.097294577021685,11.902705422978316,test
img07494,3938,images/img07494.jpg,82.0,75.16103272044082,6.838967279559185,test
img07495,3938,images/img07495.jpg,82.0,71.02829426836655,10.971705731633447,test
img07562,3974,images/img07562.jpg,57.0,69.83158270911116,12.83158270911116,test
img07563,3974,images/img07563.jpg,57.0,69.77902182991762,12.779021829917625,test
img07593,3990,images/img07593.jpg,82.0,75.45050908515057,6.549490914849429,test
img07594,3990,images/img07594.jpg,82.0,77.13688073525864,4.863119264741357,test
img07639,4013,images/img07639.jpg,65.0,53.63387418871421,11.36612581128579,test
img07640,4013,images/img07640.jpg,71.0,65.38768273978854,5.612317260211455,test
img07641,4013,images/img07641.jpg,71.0,72.77092942008717,1.770929420087171,test
img07649,4018,images/img07649.jpg,64.0,62.96306925351298,1.036930746487016,test
img07650,4018,images/img07650.jpg,64.0,67.51643052013438,3.516430520134378,test
img07701,4045,images/img07701.jpg,38.0,66.89377812128699,28.893778121286985,test
img07702,4045,images/img07702.jpg,38.0,62.861462532550505,24.861462532550505,test
img07712,4050,images/img07712.jpg,44.0,64.91221585310703,20.91221585310703,test
img07727,4059,images/img07727.jpg,65.0,56.74777016842828,8.252229831571725,test
img07762,4078,images/img07762.jpg,48.0,58.85229787677416,10.85229787677416,test
img07844,4121,images/img07844.jpg,73.0,67.44492028467268,5.555079715327324,test
img07845,4121,images/img07845.jpg,73.0,64.60657664178464,8.393423358215358,test
img07848,4123,images/img07848.jpg,12.0,18.254199644630944,6.254199644630944,test
img07867,4133,images/img07867.jpg,58.0,55.92065891870496,2.079341081295041,test
img07868,4133,images/img07868.jpg,58.0,66.33729687452802,8.337296874528022,test
img07869,4134,images/img07869.jpg,13.0,21.33924427514261,8.339244275142612,test
img07870,4134,images/img07870.jpg,13.0,19.24408129776656,6.244081297766556,test
img07897,4148,images/img07897.jpg,27.0,32.22475569595,5.224755695950002,test
img07898,4148,images/img07898.jpg,27.0,27.02085348580145,0.0208534858014459,test
img07937,4169,images/img07937.jpg,65.0,68.84283201899426,3.842832018994258,test
img07938,4169,images/img07938.jpg,65.0,61.10557482815695,3.8944251718430536,test
img07965,4184,images/img07965.jpg,79.0,76.86220395412062,2.137796045879384,test
img07966,4184,images/img07966.jpg,79.0,77.71754790427838,1.2824520957216237,test
img08005,4205,images/img08005.jpg,58.0,68.0587856352638,10.058785635263805,test
img08013,4209,images/img08013.jpg,65.0,66.37983286262417,1.3798328626241698,test
img08059,4232,images/img08059.jpg,61.0,54.37433214528095,6.625667854719048,test
img08060,4232,images/img08060.jpg,61.0,55.148946657336815,5.851053342663185,test
img08087,4246,images/img08087.jpg,60.0,49.41815009820539,10.581849901794612,test
img08088,4246,images/img08088.jpg,60.0,62.5650509760992,2.565050976099201,test
img08089,4247,images/img08089.jpg,63.0,65.19802776676292,2.19802776676292,test
img08090,4247,images/img08090.jpg,63.0,61.29490861641013,1.705091383589867,test
img08101,4253,images/img08101.jpg,63.0,49.77512652381581,13.224873476184186,test
img08102,4253,images/img08102.jpg,63.0,56.17839688390751,6.82160311609249,test
img08114,4260,images/img08114.jpg,71.0,71.08091404052345,0.0809140405234529,test
img08115,4260,images/img08115.jpg,71.0,51.55224786802883,19.44775213197117,test
img08143,4275,images/img08143.jpg,64.0,60.81935666211486,3.1806433378851366,test
img08167,4287,images/img08167.jpg,52.0,51.4670286594281,0.5329713405718977,test
img08168,4287,images/img08168.jpg,52.0,53.03740843696638,1.0374084369663803,test
img08176,4291,images/img08176.jpg,72.0,62.48997608043823,9.510023919561768,test
img08201,4305,images/img08201.jpg,46.0,51.03588527134193,5.035885271341932,test
img08202,4305,images/img08202.jpg,46.0,32.92483380124604,13.075166198753962,test
img08215,4312,images/img08215.jpg,33.0,35.536690920880524,2.536690920880524,test
img08216,4312,images/img08216.jpg,33.0,40.04257955128215,7.042579551282145,test
img08232,4321,images/img08232.jpg,59.0,61.55838646431999,2.5583864643199874,test
img08233,4321,images/img08233.jpg,59.0,67.62323509041909,8.623235090419087,test
img08251,4331,images/img08251.jpg,60.0,61.35175941174069,1.3517594117406944,test
img08252,4331,images/img08252.jpg,60.0,65.343273082969,5.343273082969006,test
img08299,4357,images/img08299.jpg,45.0,45.39390284545002,0.3939028454500217,test
img08300,4357,images/img08300.jpg,45.0,38.571744150378095,6.428255849621905,test
img08304,4359,images/img08304.jpg,63.0,51.92293326677828,11.07706673322172,test
img08365,4392,images/img08365.jpg,17.0,31.783544882959585,14.783544882959582,test
img08366,4392,images/img08366.jpg,17.0,25.503491553228,8.503491553227999,test
img08369,4394,images/img08369.jpg,22.0,23.541228181959877,1.5412281819598732,test
img08370,4394,images/img08370.jpg,22.0,29.86222084611414,7.862220846114141,test
img08375,4398,images/img08375.jpg,19.0,28.48206861207865,9.482068612078647,test
img08376,4398,images/img08376.jpg,19.0,25.19561222807685,6.195612228076854,test
img08391,4406,images/img08391.jpg,39.0,39.428769821823096,0.4287698218230957,test
img08392,4406,images/img08392.jpg,39.0,35.85555269308895,3.1444473069110472,test
img08508,4471,images/img08508.jpg,18.0,27.679857020981142,9.679857020981146,test
img08509,4471,images/img08509.jpg,18.0,17.059850347572777,0.9401496524272231,test
img08522,4478,images/img08522.jpg,69.0,65.27998441425423,3.72001558574577,test
img08523,4478,images/img08523.jpg,69.0,64.26952457816923,4.730475421830775,test
img08632,4537,images/img08632.jpg,49.0,47.98143717121444,1.018562828785562,test
img08633,4537,images/img08633.jpg,49.0,54.34779977467424,5.347799774674236,test
img08640,4541,images/img08640.jpg,73.0,82.41267816635164,9.41267816635164,test
img08659,4551,images/img08659.jpg,63.0,56.8660780885782,6.133921911421801,test
img08660,4551,images/img08660.jpg,63.0,60.29909513313107,2.700904866868932,test
img08690,4567,images/img08690.jpg,65.0,63.33541128950971,1.6645887104902926,test
img08691,4567,images/img08691.jpg,65.0,63.23358099340853,1.7664190065914696,test
img08733,4589,images/img08733.jpg,12.0,27.65075953463672,15.650759534636716,test
img08734,4589,images/img08734.jpg,12.0,22.14000099192289,10.14000099192289,test
img08745,4595,images/img08745.jpg,14.0,19.81390343664353,5.813903436643528,test
img08746,4595,images/img08746.jpg,14.0,18.590439203474013,4.590439203474013,test
img08786,4616,images/img08786.jpg,53.0,47.391932785858536,5.608067214141464,test
img08787,4616,images/img08787.jpg,53.0,53.69209206422215,0.6920920642221517,test
img08832,4640,images/img08832.jpg,71.0,63.49890906191746,7.501090938082541,test
img08833,4640,images/img08833.jpg,71.0,70.67065802344435,0.3293419765556535,test
img08834,4641,images/img08834.jpg,76.0,71.25887221665838,4.741127783341625,test
img08835,4641,images/img08835.jpg,76.0,75.88560157361356,0.1143984263864439,test
img08845,4647,images/img08845.jpg,76.0,67.01169928371222,8.988300716287782,test
img08846,4647,images/img08846.jpg,76.0,69.64525846034701,6.354741539652991,test
img08896,4673,images/img08896.jpg,63.0,65.18384546869609,2.1838454686960915,test
img08897,4673,images/img08897.jpg,63.0,68.8350188858544,5.835018885854396,test
img08911,4681,images/img08911.jpg,69.0,65.42520191989428,3.5747980801057224,test
img08912,4681,images/img08912.jpg,69.0,76.40103060777005,7.401030607770053,test
img08940,4696,images/img08940.jpg,89.0,83.51468984051483,5.485310159485167,test
img08983,4719,images/img08983.jpg,71.0,73.0762272703441,2.0762272703441056,test
img08984,4719,images/img08984.jpg,71.0,72.10767032299907,1.10767032299907,test
img08987,4721,images/img08987.jpg,64.0,73.64335123901058,9.643351239010585,test
img08988,4721,images/img08988.jpg,64.0,71.58131010047562,7.581310100475619,test
img08999,4727,images/img08999.jpg,43.0,46.90533076665915,3.905330766659148,test
img09027,4742,images/img09027.jpg,71.0,61.51572451071885,9.484275489281146,test
img09028,4742,images/img09028.jpg,71.0,67.02846632850455,3.9715336714954494,test
img09083,4771,images/img09083.jpg,68.0,65.27736913043661,2.722630869563389,test
img09108,4785,images/img09108.jpg,57.0,61.48885241496235,4.488852414962352,test
img09109,4785,images/img09109.jpg,57.0,52.31693755249451,4.683062447505492,test
img09114,4788,images/img09114.jpg,83.0,72.11675510790346,10.883244892096542,test
img09115,4788,images/img09115.jpg,83.0,78.31962811853376,4.680371881466243,test
img09129,4796,images/img09129.jpg,69.0,72.06715196420342,3.0671519642034184,test
img09130,4796,images/img09130.jpg,69.0,66.67610754746617,2.3238924525338263,test
img09131,4797,images/img09131.jpg,78.0,69.39012214633165,8.609877853668351,test
img09132,4797,images/img09132.jpg,78.0,79.34638331039895,1.3463833103989489,test
img09155,4809,images/img09155.jpg,76.0,74.75949831499202,1.2405016850079846,test
img09156,4809,images/img09156.jpg,76.0,78.72065211830005,2.720652118300052,test
img09177,4820,images/img09177.jpg,71.0,74.71952089897097,3.71952089897097,test
img09178,4820,images/img09178.jpg,71.0,66.72630834568335,4.27369165431665,test
img09180,4821,images/img09180.jpg,70.0,70.43579506676245,0.4357950667624521,test
img09232,4849,images/img09232.jpg,52.0,54.46131759747744,2.4613175974774397,test
img09233,4849,images/img09233.jpg,52.0,51.63658858992601,0.3634114100739865,test
img09248,4857,images/img09248.jpg,71.0,65.57502670930728,5.424973290692719,test
img09249,4857,images/img09249.jpg,71.0,62.815994983611255,8.184005016388745,test
img09272,4869,images/img09272.jpg,47.0,53.59483469766529,6.594834697665291,test
img09273,4869,images/img09273.jpg,47.0,46.067940445444485,0.932059554555515,test
img09290,4879,images/img09290.jpg,75.0,79.18345265541619,4.18345265541619,test
img09291,4879,images/img09291.jpg,75.0,81.11998852657693,6.1199885265769325,test
img09325,4897,images/img09325.jpg,51.0,64.99628719422734,13.996287194227335,test
img09326,4897,images/img09326.jpg,51.0,72.99426244327455,21.99426244327455,test
img09353,4911,images/img09353.jpg,59.0,60.20718039443139,1.20718039443139,test
img09354,4911,images/img09354.jpg,59.0,60.25801510996257,1.258015109962571,test
img09359,4914,images/img09359.jpg,23.0,22.03576917164891,0.9642308283510914,test
img09360,4914,images/img09360.jpg,23.0,28.162984355341948,5.162984355341948,test
img09367,4918,images/img09367.jpg,11.0,25.01843165718045,14.01843165718045,test
img09368,4918,images/img09368.jpg,11.0,21.45435166265148,10.454351662651476,test
img09385,4928,images/img09385.jpg,83.0,82.54735982990658,0.4526401700934173,test
img09386,4928,images/img09386.jpg,83.0,78.11771032180285,4.882289678197154,test
img09404,4938,images/img09404.jpg,87.0,76.97651737723447,10.023482622765528,test
img09405,4938,images/img09405.jpg,87.0,75.20904793535085,11.790952064649147,test
img09408,4940,images/img09408.jpg,59.0,55.52317926651863,3.476820733481375,test
img09409,4940,images/img09409.jpg,59.0,53.65178446589261,5.348215534107389,test
img09417,4945,images/img09417.jpg,83.0,79.66596706671382,3.3340329332861813,test
img09418,4945,images/img09418.jpg,83.0,78.57623130358108,4.423768696418918,test
img09441,4957,images/img09441.jpg,59.0,55.85818643557274,3.14181356442726,test
img09442,4957,images/img09442.jpg,59.0,53.55384628577313,5.446153714226867,test
img09530,5003,images/img09530.jpg,64.0,54.03182566623899,9.968174333761011,test
img09531,5003,images/img09531.jpg,64.0,59.97577685404202,4.024223145957983,test
img09537,5007,images/img09537.jpg,67.0,52.01606812589954,14.983931874100456,test
img09538,5007,images/img09538.jpg,67.0,50.937552562898425,16.062447437101575,test
img09543,5010,images/img09543.jpg,50.0,51.38012118587756,1.380121185877556,test
img09544,5010,images/img09544.jpg,50.0,49.11316961558437,0.8868303844156316,test
img09546,5012,images/img09546.jpg,40.0,38.42214729854554,1.5778527014544608,test
img09555,5016,images/img09555.jpg,61.0,48.77767003591988,12.222329964080116,test
img09556,5017,images/img09556.jpg,66.0,66.43074364823303,0.4307436482330331,test
img09557,5017,images/img09557.jpg,66.0,68.18329190348167,2.183291903481674,test
img09585,5032,images/img09585.jpg,66.0,56.970532188891,9.029467811109,test
img09586,5032,images/img09586.jpg,66.0,56.797832322794186,9.202167677205814,test
img09605,5043,images/img09605.jpg,56.0,59.18675374225455,3.1867537422545453,test
img09628,5055,images/img09628.jpg,59.0,66.016467641099,7.016467641098998,test
img09629,5055,images/img09629.jpg,59.0,61.65224167163205,2.652241671632048,test
img09654,5068,images/img09654.jpg,69.0,57.95562872058999,11.044371279410017,test
img09655,5068,images/img09655.jpg,69.0,63.11286241522343,5.887137584776568,test
img09687,5085,images/img09687.jpg,53.0,54.65532192490867,1.6553219249086697,test
img09688,5085,images/img09688.jpg,53.0,51.20502422621282,1.7949757737871792,test
img09737,5112,images/img09737.jpg,83.0,75.89180496575474,7.108195034245256,test
img09738,5112,images/img09738.jpg,83.0,80.33826296184726,2.6617370381527365,test
img09743,5115,images/img09743.jpg,85.0,80.31325962706718,4.686740372932817,test
img09744,5115,images/img09744.jpg,85.0,79.5578221362073,5.442177863792693,test
img09746,5117,images/img09746.jpg,82.0,75.34962762012586,6.650372379874142,test
img09747,5118,images/img09747.jpg,80.0,64.72464776314438,15.275352236855625,test
img09769,5130,images/img09769.jpg,74.0,75.05825577448405,1.0582557744840528,test
img09770,5130,images/img09770.jpg,74.0,72.74032252890387,1.2596774710961256,test
img09799,5146,images/img09799.jpg,28.0,30.101644735625584,2.101644735625584,test
img09800,5146,images/img09800.jpg,28.0,31.798431715365933,3.7984317153659326,test
img09845,5170,images/img09845.jpg,60.0,63.56379547491615,3.563795474916148,test
img09846,5170,images/img09846.jpg,60.0,57.75150816343764,2.2484918365623585,test
img09851,5173,images/img09851.jpg,63.0,56.935953226348666,6.064046773651334,test
img09852,5173,images/img09852.jpg,63.0,52.17593852800814,10.82406147199186,test
img09853,5174,images/img09853.jpg,57.0,57.72045643952412,0.7204564395241206,test
img09854,5174,images/img09854.jpg,57.0,56.751742853255685,0.2482571467443151,test
img09855,5175,images/img09855.jpg,76.0,70.69023339010087,5.309766609899128,test
img09856,5175,images/img09856.jpg,76.0,70.84952904051144,5.150470959488558,test
img09912,5204,images/img09912.jpg,57.0,52.500160650493285,4.499839349506715,test
img09913,5204,images/img09913.jpg,57.0,61.51333280203995,4.513332802039948,test
img09928,5212,images/img09928.jpg,67.0,67.39476529209368,0.3947652920936804,test
img09929,5212,images/img09929.jpg,67.0,63.504231786134255,3.4957682138657447,test
img09938,5217,images/img09938.jpg,62.0,73.32004741050977,11.320047410509773,test
img09939,5217,images/img09939.jpg,62.0,67.273820957549,5.273820957549006,test
img09943,5220,images/img09943.jpg,72.0,68.78346464009024,3.216535359909756,test
img09944,5220,images/img09944.jpg,72.0,63.58531158283767,8.414688417162331,test
img10002,5251,images/img10002.jpg,79.0,71.83906169830858,7.1609383016914165,test
img10003,5251,images/img10003.jpg,79.0,73.96999342604589,5.030006573954111,test
img10036,5268,images/img10036.jpg,53.0,47.93443840522768,5.065561594772319,test
img10040,5270,images/img10040.jpg,80.0,72.3151720451454,7.684827954854597,test
img10052,5277,images/img10052.jpg,22.0,20.14999031002602,1.85000968997398,test
img10053,5277,images/img10053.jpg,22.0,26.258084911612965,4.258084911612965,test
img10062,5282,images/img10062.jpg,25.0,26.089579056098252,1.0895790560982554,test
img10063,5282,images/img10063.jpg,25.0,29.48416728328136,4.484167283281362,test
img10079,5292,images/img10079.jpg,65.0,56.03854899873285,8.96145100126715,test
img10090,5298,images/img10090.jpg,15.0,25.42221272012062,10.42221272012062,test
img10091,5298,images/img10091.jpg,15.0,14.283042762434183,0.7169572375658149,test
img10106,5306,images/img10106.jpg,62.0,54.63194796211505,7.368052037884951,test
img10107,5306,images/img10107.jpg,62.0,60.03980850111408,1.9601914988859197,test
img10111,5308,images/img10111.jpg,57.0,51.71191487129172,5.288085128708282,test
img10148,5327,images/img10148.jpg,87.0,78.56914233576853,8.430857664231468,test
img10149,5327,images/img10149.jpg,87.0,79.25771668222045,7.742283317779552,test
img10156,5331,images/img10156.jpg,50.0,50.50978297818581,0.509782978185811,test
img10157,5331,images/img10157.jpg,50.0,48.14967146473141,1.850328535268588,test
img10178,5342,images/img10178.jpg,75.0,79.07843559563067,4.0784355956306655,test
img10179,5342,images/img10179.jpg,75.0,70.53068580868036,4.46931419131964,test
img10186,5346,images/img10186.jpg,61.0,56.96814320673817,4.031856793261831,test
img10187,5346,images/img10187.jpg,61.0,62.22460275159635,1.2246027515963505,test
img10327,5419,images/img10327.jpg,76.0,84.74918887004242,8.749188870042417,test
img10328,5419,images/img10328.jpg,76.0,62.11025115711735,13.889748842882652,test
img10331,5421,images/img10331.jpg,68.0,72.08525391616536,4.085253916165357,test
img10332,5421,images/img10332.jpg,68.0,59.37001392100804,8.629986078991962,test
img10345,5428,images/img10345.jpg,90.0,83.00066769381652,6.999332306183476,test
img10346,5428,images/img10346.jpg,90.0,81.25560157144142,8.744398428558583,test
img10349,5430,images/img10349.jpg,72.0,69.20630412034184,2.7936958796581592,test
img10350,5430,images/img10350.jpg,72.0,75.42231026180269,3.422310261802693,test
img10369,5440,images/img10369.jpg,82.0,73.13584548964764,8.864154510352364,test
img10371,5442,images/img10371.jpg,75.0,73.59198239701999,1.40801760298001,test
img10372,5442,images/img10372.jpg,75.0,77.931883391396,2.931883391395999,test
img10382,5448,images/img10382.jpg,63.0,60.93887284229792,2.061127157702081,test
img10384,5450,images/img10384.jpg,63.0,67.42719132147872,4.427191321478716,test
img10385,5450,images/img10385.jpg,63.0,68.03834541453415,5.038345414534149,test
img10433,5475,images/img10433.jpg,61.0,67.57373991715188,6.573739917151883,test
img10434,5475,images/img10434.jpg,61.0,59.74957688867967,1.2504231113203303,test
img10449,5484,images/img10449.jpg,72.0,63.18818542475784,8.81181457524216,test
img10463,5491,images/img10463.jpg,16.0,20.010448886382942,4.010448886382946,test
img10464,5491,images/img10464.jpg,16.0,19.406224532016893,3.4062245320168927,test
img10479,5500,images/img10479.jpg,61.0,69.6731442785007,8.6731442785007,test
img10480,5500,images/img10480.jpg,61.0,77.40946136314503,16.409461363145027,test
img10526,5524,images/img10526.jpg,25.0,33.00626313859313,8.006263138593127,test
img10539,5531,images/img10539.jpg,61.0,66.75488888268268,5.754888882682678,test
img10540,5531,images/img10540.jpg,61.0,66.8857675876588,5.885767587658805,test
img10587,5555,images/img10587.jpg,13.0,18.26823798212065,5.268237982120652,test
img10588,5555,images/img10588.jpg,13.0,15.483900822554702,2.483900822554702,test
img10595,5559,images/img10595.jpg,36.0,37.51461545796222,1.514615457962222,test
img10619,5572,images/img10619.jpg,31.0,43.92971035269155,12.92971035269155,test
img10620,5572,images/img10620.jpg,31.0,42.44852614939162,11.448526149391618,test
img10625,5575,images/img10625.jpg,38.0,39.114769990923634,1.1147699909236335,test
img10640,5583,images/img10640.jpg,81.0,73.13080686944856,7.869193130551437,test
img10641,5583,images/img10641.jpg,81.0,80.2011666867943,0.798833313205705,test
img10644,5585,images/img10644.jpg,35.0,64.03390800967833,29.033908009678328,test
img10659,5593,images/img10659.jpg,66.0,60.805812643803776,5.194187356196224,test
img10660,5593,images/img10660.jpg,66.0,61.18582030787934,4.8141796921206605,test
img10665,5596,images/img10665.jpg,85.0,62.7405901782944,22.259409821705603,test
img10666,5596,images/img10666.jpg,85.0,59.45183860463698,25.548161395363017,test
img10680,5605,images/img10680.jpg,53.0,52.654357697130976,0.3456423028690238,test
img10681,5605,images/img10681.jpg,53.0,61.92338923740986,8.923389237409864,test
img10747,5640,images/img10747.jpg,76.0,48.40158884205464,27.59841115794536,test
img10748,5640,images/img10748.jpg,76.0,53.765837233113054,22.234162766886943,test
img10753,5643,images/img10753.jpg,62.0,59.37758193945315,2.622418060546849,test
img10754,5643,images/img10754.jpg,62.0,62.03106520543031,0.0310652054303091,test
img10758,5645,images/img10758.jpg,80.0,78.7591157670405,1.2408842329595018,test
img10763,5648,images/img10763.jpg,78.0,74.09926020880249,3.900739791197509,test
img10764,5648,images/img10764.jpg,78.0,61.66833471917697,16.33166528082303,test
img10772,5653,images/img10772.jpg,65.0,55.48941287691181,9.510587123088191,test
img10773,5653,images/img10773.jpg,65.0,57.33196600750301,7.668033992496987,test
img10822,5678,images/img10822.jpg,55.0,56.12935267805422,1.129352678054218,test
img10823,5678,images/img10823.jpg,55.0,61.66589665955467,6.665896659554669,test
img10850,5693,images/img10850.jpg,68.0,57.27040990978688,10.729590090213122,test
img10851,5693,images/img10851.jpg,68.0,55.86205510343014,12.137944896569865,test
img10852,5694,images/img10852.jpg,59.0,65.25163181483533,6.251631814835335,test
img10853,5694,images/img10853.jpg,59.0,59.21974170866503,0.2197417086650261,test
img10869,5704,images/img10869.jpg,80.0,77.40875246636378,2.5912475336362206,test
img10870,5704,images/img10870.jpg,80.0,78.20040476725188,1.7995952327481175,test
img10918,5730,images/img10918.jpg,65.0,65.50620264734133,0.5062026473413255,test
img10919,5730,images/img10919.jpg,65.0,66.88342713767024,1.883427137670239,test
img10953,5749,images/img10953.jpg,48.0,45.0313065042799,2.968693495720103,test
img10954,5749,images/img10954.jpg,48.0,40.15105493674976,7.848945063250241,test
img10985,5766,images/img10985.jpg,59.0,56.50273331599864,2.49726668400136,test
img10986,5766,images/img10986.jpg,59.0,55.40375265271736,3.5962473472826417,test
img11007,5778,images/img11007.jpg,71.0,65.88840816409139,5.111591835908612,test
img11020,5785,images/img11020.jpg,51.0,42.03439192161384,8.965608078386161,test
img11021,5785,images/img11021.jpg,51.0,59.16439241124769,8.16439241124769,test
img11029,5790,images/img11029.jpg,81.0,70.11625275364402,10.88374724635598,test
img11030,5790,images/img11030.jpg,81.0,73.87930371551474,7.120696284485263,test
img11040,5796,images/img11040.jpg,49.0,52.30337744767954,3.303377447679537,test
img11041,5796,images/img11041.jpg,49.0,52.28445317545133,3.2844531754513326,test
img11054,5805,images/img11054.jpg,73.0,74.59343215501525,1.5934321550152504,test
img11055,5805,images/img11055.jpg,73.0,76.82792606822086,3.8279260682208616,test
img11059,5808,images/img11059.jpg,77.0,54.51082858459593,22.489171415404076,test
img11091,5826,images/img11091.jpg,58.0,64.69190709264952,6.691907092649515,test
img11092,5826,images/img11092.jpg,58.0,59.62788603129381,1.6278860312938122,test
img11103,5832,images/img11103.jpg,72.0,74.60920129126166,2.609201291261656,test
img11158,5864,images/img11158.jpg,84.0,79.49111167725994,4.508888322740063,test
img11159,5864,images/img11159.jpg,84.0,69.41349174668355,14.586508253316453,test
img11173,5872,images/img11173.jpg,61.0,68.25974042298263,7.259740422982631,test
img11174,5872,images/img11174.jpg,61.0,57.48887560677628,3.5111243932237173,test
img11195,5883,images/img11195.jpg,65.0,56.80119985515776,8.198800144842245,test
img11196,5883,images/img11196.jpg,65.0,61.34053866630386,3.659461333696136,test
img11201,5886,images/img11201.jpg,74.0,74.42356303645967,0.4235630364596687,test
img11202,5886,images/img11202.jpg,74.0,63.44867445477688,10.551325545223122,test
img11228,5902,images/img11228.jpg,59.0,77.02624921296558,18.02624921296558,test
img11229,5902,images/img11229.jpg,59.0,56.262304224484005,2.737695775515995,test
img11255,5916,images/img11255.jpg,79.0,66.40760525729287,12.592394742707128,test
img11256,5916,images/img11256.jpg,79.0,71.6396326745851,7.360367325414899,test
img11291,5935,images/img11291.jpg,77.0,70.39955844452557,6.600441555474433,test
img11337,5961,images/img11337.jpg,54.0,59.91586335196384,5.915863351963836,test
img11338,5961,images/img11338.jpg,54.0,58.66107842308283,4.661078423082827,test
img11345,5965,images/img11345.jpg,64.0,77.78292127483527,13.782921274835276,test
img11346,5965,images/img11346.jpg,64.0,76.61983977888261,12.619839778882609,test
img11349,5967,images/img11349.jpg,30.0,31.387901955068223,1.387901955068223,test
img11350,5967,images/img11350.jpg,30.0,22.669322221771125,7.330677778228875,test
img11356,5971,images/img11356.jpg,68.0,69.21348142759943,1.213481427599433,test
img11357,5971,images/img11357.jpg,68.0,61.62757206364438,6.372427936355621,test
img11371,5979,images/img11371.jpg,74.0,58.409562731214585,15.590437268785417,test
img11372,5979,images/img11372.jpg,74.0,58.70324251302144,15.296757486978564,test
img11382,5985,images/img11382.jpg,74.0,55.07855102573734,18.92144897426266,test
img11383,5985,images/img11383.jpg,74.0,69.16203842409942,4.837961575900579,test
img11394,5991,images/img11394.jpg,81.0,85.74976068663935,4.749760686639348,test
img11395,5991,images/img11395.jpg,81.0,84.47130133179051,3.4713013317905137,test
img11402,5996,images/img11402.jpg,61.0,55.34813465615466,5.651865343845337,test
img11432,6013,images/img11432.jpg,44.0,40.26981150676644,3.7301884932335625,test
img11433,6013,images/img11433.jpg,44.0,45.69177254804985,1.6917725480498476,test
img11440,6017,images/img11440.jpg,35.0,38.87076771881572,3.870767718815721,test
img11441,6017,images/img11441.jpg,35.0,29.700387345226687,5.299612654773313,test
img11472,6034,images/img11472.jpg,56.0,60.60782813359841,4.60782813359841,test
img11473,6034,images/img11473.jpg,56.0,63.83267838813046,7.832678388130461,test
img11489,6043,images/img11489.jpg,46.0,72.34387909295492,26.34387909295492,test
img11496,6047,images/img11496.jpg,43.0,38.95627157673938,4.043728423260617,test
img11497,6047,images/img11497.jpg,43.0,47.08083725054136,4.080837250541364,test
img11500,6050,images/img11500.jpg,79.0,82.20598131470464,3.205981314704644,test
img11525,6064,images/img11525.jpg,81.0,76.56894317120938,4.4310568287906165,test
img11526,6064,images/img11526.jpg,81.0,84.83373953444789,3.8337395344478864,test
img11527,6065,images/img11527.jpg,71.0,65.80700063895296,5.192999361047043,test
img11528,6065,images/img11528.jpg,71.0,70.10745807111473,0.8925419288852652,test
img11544,6074,images/img11544.jpg,79.0,71.9365208277955,7.063479172204495,test
img11545,6074,images/img11545.jpg,79.0,73.13425101719503,5.865748982804973,test
img11568,6086,images/img11568.jpg,77.0,65.06403209717013,11.935967902829873,test
img11569,6086,images/img11569.jpg,77.0,73.95555374391694,3.044446256083063,test
img11603,6105,images/img11603.jpg,77.0,68.46568257221018,8.534317427789816,test
img11604,6105,images/img11604.jpg,77.0,81.7846610547858,4.784661054785801,test
img11621,6114,images/img11621.jpg,62.0,64.67150995103194,2.671509951031936,test
img11622,6114,images/img11622.jpg,62.0,69.09357426357626,7.093574263576258,test
img11628,6118,images/img11628.jpg,31.0,31.774235432306057,0.7742354323060567,test
img11629,6118,images/img11629.jpg,31.0,34.90873270227806,3.9087327022780585,test
img11674,6145,images/img11674.jpg,36.0,35.57580457343887,0.4241954265611269,test
img11675,6145,images/img11675.jpg,36.0,29.448853317470544,6.551146682529456,test
img11681,6149,images/img11681.jpg,19.0,29.08467450056257,10.084674500562574,test
img11687,6153,images/img11687.jpg,82.0,84.11223093414931,2.1122309341493093,test
img11688,6153,images/img11688.jpg,82.0,74.31938574670733,7.680614253292674,test
img11689,6154,images/img11689.jpg,50.0,54.86205994709949,4.862059947099489,test
img11690,6154,images/img11690.jpg,50.0,54.97869091738284,4.978690917382835,test
img11717,6168,images/img11717.jpg,69.0,66.5484630477282,2.4515369522717947,test
img11718,6168,images/img11718.jpg,69.0,67.11607942700505,1.8839205729949529,test
img11721,6170,images/img11721.jpg,78.0,66.55632416772711,11.443675832272888,test
img11722,6170,images/img11722.jpg,78.0,63.767600573000834,14.232399426999166,test
img11757,6189,images/img11757.jpg,75.0,66.65978110928866,8.340218890711341,test
img11758,6189,images/img11758.jpg,75.0,69.67730604791188,5.322693952088116,test
img11814,6218,images/img11814.jpg,22.0,23.361872933860667,1.361872933860667,test
img11815,6218,images/img11815.jpg,22.0,22.301245563176685,0.3012455631766855,test
img11839,6231,images/img11839.jpg,44.0,51.329605201245336,7.329605201245336,test
img11840,6231,images/img11840.jpg,44.0,49.52401401699191,5.524014016991906,test
img11857,6240,images/img11857.jpg,76.0,68.88943816522524,7.110561834774757,test
img11879,6252,images/img11879.jpg,61.0,54.58997909144389,6.410020908556106,test
img11880,6252,images/img11880.jpg,61.0,45.05434019661852,15.94565980338148,test
img11891,6258,images/img11891.jpg,58.0,72.1419874708744,14.141987470874398,test
img11892,6258,images/img11892.jpg,58.0,80.17830967334578,22.17830967334578,test
img11893,6259,images/img11893.jpg,61.0,76.76609063790765,15.766090637907652,test
img11894,6259,images/img11894.jpg,61.0,77.16476982524364,16.16476982524364,test
img11946,6287,images/img11946.jpg,25.0,31.22649597347039,6.226495973470389,test
img11947,6287,images/img11947.jpg,25.0,32.39084475874585,7.39084475874585,test
img11962,6295,images/img11962.jpg,31.0,39.3496285851638,8.3496285851638,test
img11963,6295,images/img11963.jpg,31.0,35.94623476934707,4.946234769347072,test
img11980,6304,images/img11980.jpg,24.0,24.821146773567666,0.8211467735676621,test
img11981,6304,images/img11981.jpg,24.0,23.21361971408119,0.7863802859188098,test
img12012,6320,images/img12012.jpg,18.0,12.938006003110758,5.0619939968892425,test
img12013,6321,images/img12013.jpg,12.0,14.960399089975354,2.960399089975354,test
img12014,6321,images/img12014.jpg,12.0,17.713981035339174,5.713981035339174,test
img12019,6324,images/img12019.jpg,57.0,55.10941284710927,1.8905871528907312,test
img12148,6391,images/img12148.jpg,49.0,65.20074338674034,16.200743386740342,test
img12151,6394,images/img12151.jpg,73.0,66.74425106852212,6.255748931477882,test
img12152,6394,images/img12152.jpg,73.0,67.41073619127013,5.589263808729868,test
img12216,6430,images/img12216.jpg,64.0,61.164131883509455,2.835868116490545,test
img12217,6430,images/img12217.jpg,64.0,63.24274648348494,0.7572535165150569,test
img12234,6439,images/img12234.jpg,48.0,49.545881301472754,1.545881301472754,test
img12235,6439,images/img12235.jpg,48.0,49.155850109562856,1.1558501095628555,test
img12278,6462,images/img12278.jpg,60.0,70.3165924370788,10.316592437078796,test
img12279,6462,images/img12279.jpg,60.0,54.53401659831077,5.465983401689229,test
img12305,6476,images/img12305.jpg,78.0,81.03108850776584,3.031088507765844,test
img12308,6478,images/img12308.jpg,80.0,65.24532808653433,14.754671913465671,test
img12309,6478,images/img12309.jpg,80.0,60.32080073461527,19.67919926538473,test
img12316,6483,images/img12316.jpg,83.0,71.7488747591869,11.251125240813096,test
img12317,6483,images/img12317.jpg,83.0,84.25033057080034,1.2503305708003438,test
img12318,6484,images/img12318.jpg,66.0,68.5396881243419,2.539688124341893,test
img12319,6484,images/img12319.jpg,66.0,62.41749302047057,3.582506979529427,test
img12392,6523,images/img12392.jpg,79.0,72.19879736831373,6.801202631686266,test
img12393,6523,images/img12393.jpg,79.0,78.16884686377128,0.8311531362287212,test
img12394,6524,images/img12394.jpg,64.0,65.28542165256646,1.2854216525664557,test
img12395,6524,images/img12395.jpg,64.0,65.96013324980832,1.9601332498083224,test
img12397,6526,images/img12397.jpg,71.0,77.01276708679654,6.012767086796544,test
img12400,6528,images/img12400.jpg,65.0,68.47722450241945,3.477224502419446,test
img12401,6528,images/img12401.jpg,65.0,67.63092825641135,2.630928256411352,test
img12412,6534,images/img12412.jpg,67.0,60.01256096271612,6.987439037283885,test
img12413,6534,images/img12413.jpg,67.0,66.67705201610089,0.3229479838991125,test
img12449,6552,images/img12449.jpg,41.0,44.831039891744105,3.831039891744105,test
img12458,6557,images/img12458.jpg,38.0,36.24128633458881,1.758713665411193,test
img12459,6557,images/img12459.jpg,38.0,39.36546970169877,1.365469701698764,test
img12468,6562,images/img12468.jpg,33.0,33.57317552883566,0.5731755288356624,test
img12469,6562,images/img12469.jpg,33.0,33.42958575926641,0.4295857592664092,test
img12525,6591,images/img12525.jpg,66.0,57.315794572333246,8.684205427666754,test
img12526,6591,images/img12526.jpg,66.0,65.81005652938538,0.1899434706146223,test
img12527,6592,images/img12527.jpg,65.0,53.11186550181723,11.888134498182772,test
img12528,6592,images/img12528.jpg,65.0,59.85443853647853,5.145561463521467,test
img12579,6619,images/img12579.jpg,57.0,65.37311600154419,8.37311600154419,test
img12588,6624,images/img12588.jpg,73.0,69.35040865803532,3.64959134196468,test
img12589,6624,images/img12589.jpg,73.0,72.96848041264553,0.0315195873544666,test
img12604,6632,images/img12604.jpg,87.0,81.78749882313168,5.212501176868315,test
img12605,6632,images/img12605.jpg,87.0,78.74733063070475,8.252669369295248,test
img12634,6647,images/img12634.jpg,64.0,75.96143389822004,11.961433898220037,test
img12635,6647,images/img12635.jpg,64.0,67.4922680459979,3.4922680459979034,test
img12665,6663,images/img12665.jpg,29.0,30.791857178947417,1.7918571789474171,test
img12666,6663,images/img12666.jpg,29.0,29.9546653488315,0.9546653488315008,test
img12676,6669,images/img12676.jpg,31.0,29.703100783983245,1.2968992160167545,test
img12677,6669,images/img12677.jpg,31.0,25.804528388524385,5.195471611475618,test
img12707,6685,images/img12707.jpg,18.0,21.490597009771815,3.490597009771818,test
img12708,6685,images/img12708.jpg,18.0,20.33970853845674,2.3397085384567404,test
img12731,6697,images/img12731.jpg,60.0,50.96651590415963,9.033484095840372,test
img12732,6697,images/img12732.jpg,60.0,55.99433278893882,4.00566721106118,test
img12739,6701,images/img12739.jpg,78.0,70.90776763761761,7.09223236238239,test
img12740,6701,images/img12740.jpg,78.0,75.09131435792004,2.908685642079959,test
img12759,6711,images/img12759.jpg,56.0,48.31504290586254,7.684957094137459,test
img12760,6711,images/img12760.jpg,56.0,50.041487400404506,5.958512599595494,test
img12765,6714,images/img12765.jpg,64.0,50.46474022201009,13.535259777989909,test
img12766,6714,images/img12766.jpg,64.0,52.060230214150856,11.939769785849144,test
img12783,6723,images/img12783.jpg,69.0,70.76659029832548,1.7665902983254824,test
img12784,6723,images/img12784.jpg,69.0,65.53075937714921,3.4692406228507906,test
img12791,6727,images/img12791.jpg,74.0,66.11675799526921,7.883242004730789,test
img12792,6727,images/img12792.jpg,74.0,74.4645274549223,0.4645274549223046,test
img12807,6735,images/img12807.jpg,42.0,58.45942121408219,16.45942121408219,test
img12828,6746,images/img12828.jpg,41.0,41.172854394808766,0.1728543948087662,test
img12829,6746,images/img12829.jpg,41.0,43.75570563937517,2.755705639375172,test
img12849,6757,images/img12849.jpg,47.0,49.750956960711534,2.750956960711534,test
img12866,6766,images/img12866.jpg,44.0,62.9586141098954,18.9586141098954,test
img12867,6766,images/img12867.jpg,44.0,46.03221968194227,2.032219681942273,test
img12870,6768,images/img12870.jpg,40.0,37.58401754345751,2.415982456542494,test
img12871,6768,images/img12871.jpg,40.0,45.49760462905371,5.497604629053711,test
img12878,6772,images/img12878.jpg,42.0,40.282922825388354,1.7170771746116458,test
img12879,6772,images/img12879.jpg,42.0,33.894728927592,8.105271072408001,test
img12889,6777,images/img12889.jpg,45.0,52.52301820924703,7.523018209247027,test
img12899,6783,images/img12899.jpg,55.0,58.50219822708397,3.502198227083973,test
img12912,6790,images/img12912.jpg,46.0,49.44627203351777,3.446272033517772,test
img12913,6790,images/img12913.jpg,46.0,51.88447834292129,5.884478342921291,test
img12931,6800,images/img12931.jpg,58.0,55.86870155605962,2.1312984439403806,test
img12932,6800,images/img12932.jpg,58.0,58.37272927241841,0.372729272418411,test
img12946,6809,images/img12946.jpg,47.0,45.77037284193452,1.2296271580654832,test
img12947,6809,images/img12947.jpg,47.0,28.98853719092009,18.01146280907991,test
img12977,6826,images/img12977.jpg,58.0,58.919152296298655,0.9191522962986554,test
img12978,6826,images/img12978.jpg,58.0,60.37209841427513,2.372098414275129,test
img12997,6837,images/img12997.jpg,52.0,50.38202560026807,1.617974399731935,test
img12998,6837,images/img12998.jpg,52.0,50.98261549536714,1.017384504632858,test
img13020,6849,images/img13020.jpg,55.0,62.99188590767099,7.991885907670991,test
img13021,6849,images/img13021.jpg,55.0,60.39821798883307,5.398217988833068,test
img13035,6857,images/img13035.jpg,63.0,58.334818290514725,4.6651817094852746,test
img13036,6857,images/img13036.jpg,63.0,58.33074336095925,4.6692566390407535,test
img13048,6864,images/img13048.jpg,73.0,65.5766680780085,7.423331921991505,test
img13049,6864,images/img13049.jpg,73.0,71.5895005848252,1.4104994151747974,test
img13064,6872,images/img13064.jpg,61.0,78.87766512107497,17.87766512107497,test
img13065,6872,images/img13065.jpg,61.0,73.2469437932059,12.2469437932059,test
img13122,6902,images/img13122.jpg,77.0,66.67652743248277,10.323472567517229,test
img13130,6907,images/img13130.jpg,62.0,59.6228092397296,2.377190760270402,test
img13136,6911,images/img13136.jpg,52.0,42.84793277388623,9.152067226113772,test
img13137,6911,images/img13137.jpg,52.0,52.206370376216974,0.2063703762169737,test
img13172,6931,images/img13172.jpg,76.0,82.22663093263738,6.226630932637377,test
img13173,6931,images/img13173.jpg,76.0,79.70054814231386,3.7005481423138633,test
img13174,6932,images/img13174.jpg,61.0,68.37040793541996,7.370407935419962,test
img13175,6932,images/img13175.jpg,61.0,63.62914594265396,2.629145942653956,test
img13178,6934,images/img13178.jpg,94.0,84.59770308094042,9.40229691905958,test
img13179,6934,images/img13179.jpg,94.0,81.75481977212627,12.245180227873732,test
img13184,6937,images/img13184.jpg,54.0,52.180215902125184,1.819784097874816,test
img13185,6937,images/img13185.jpg,54.0,53.3366986596548,0.6633013403451997,test
img13230,6963,images/img13230.jpg,66.0,55.33597762166136,10.664022378338636,test
img13231,6963,images/img13231.jpg,66.0,60.59117587555412,5.408824124445879,test
img13243,6970,images/img13243.jpg,66.0,54.588018446538506,11.411981553461494,test
img13244,6970,images/img13244.jpg,66.0,59.058511315346855,6.9414886846531445,test
img13262,6981,images/img13262.jpg,90.0,72.34037605224509,17.65962394775491,test
img13263,6981,images/img13263.jpg,90.0,77.62421346344794,12.375786536552056,test
img13270,6985,images/img13270.jpg,84.0,72.99973076398412,11.000269236015882,test
img13271,6985,images/img13271.jpg,84.0,78.27195753652045,5.728042463479554,test
img13287,6994,images/img13287.jpg,43.0,46.62839096887327,3.628390968873269,test
img13288,6994,images/img13288.jpg,43.0,49.256892439626405,6.256892439626405,test
img13303,7002,images/img13303.jpg,80.0,67.92505280278529,12.074947197214712,test
img13304,7002,images/img13304.jpg,80.0,70.09284716314785,9.907152836852148,test
img13321,7011,images/img13321.jpg,36.0,31.77267804060816,4.2273219593918405,test
img13322,7011,images/img13322.jpg,36.0,34.25439043608772,1.7456095639122822,test
img13333,7017,images/img13333.jpg,55.0,62.7274494131908,7.727449413190797,test
img13334,7017,images/img13334.jpg,55.0,56.51237622079196,1.5123762207919569,test
img13350,7026,images/img13350.jpg,59.0,55.52837602523044,3.4716239747695568,test
img13351,7026,images/img13351.jpg,59.0,59.27674518945616,0.2767451894561574,test
img13392,7048,images/img13392.jpg,40.0,52.20080826301021,12.20080826301021,test
img13393,7048,images/img13393.jpg,40.0,43.77555693047117,3.775556930471169,test
img13416,7061,images/img13416.jpg,66.0,67.04245449791435,1.042454497914349,test
img13417,7061,images/img13417.jpg,66.0,65.32466672368194,0.6753332763180566,test
img13448,7078,images/img13448.jpg,71.0,65.38584778773553,5.614152212264472,test
img13449,7078,images/img13449.jpg,71.0,75.08276615334854,4.082766153348544,test
img13492,7101,images/img13492.jpg,43.0,56.87211093651298,13.872110936512982,test
img13501,7106,images/img13501.jpg,34.0,34.44963587819136,0.4496358781913585,test
img13502,7106,images/img13502.jpg,34.0,28.76991124236023,5.23008875763977,test
img13509,7110,images/img13509.jpg,42.0,46.50942936409524,4.50942936409524,test
img13510,7110,images/img13510.jpg,42.0,51.480258309281965,9.480258309281965,test
img13511,7111,images/img13511.jpg,53.0,46.95010577797364,6.04989422202636,test
img13512,7111,images/img13512.jpg,53.0,55.59285591319034,2.5928559131903413,test
img13515,7113,images/img13515.jpg,45.0,49.95547586332442,4.955475863324423,test
img13516,7113,images/img13516.jpg,45.0,52.80947576427908,7.809475764279078,test
img13519,7115,images/img13519.jpg,37.0,62.20288433543956,25.202884335439563,test
img13520,7115,images/img13520.jpg,37.0,52.49838186487755,15.498381864877553,test
img13533,7122,images/img13533.jpg,53.0,62.61444799442747,9.614447994427472,test
img13534,7122,images/img13534.jpg,53.0,46.07944965734077,6.920550342659233,test
img13548,7130,images/img13548.jpg,35.0,43.62560126780625,8.625601267806253,test
img13549,7130,images/img13549.jpg,35.0,32.77610071287617,2.223899287123828,test
img13554,7133,images/img13554.jpg,38.0,39.32982091848511,1.3298209184851115,test
img13555,7133,images/img13555.jpg,38.0,43.19841025192819,5.198410251928188,test
img13562,7137,images/img13562.jpg,47.0,46.40335441219,0.5966455878100021,test
img13563,7137,images/img13563.jpg,47.0,51.06395812918484,4.06395812918484,test
img13567,7140,images/img13567.jpg,33.0,39.56729043410115,6.567290434101153,test
img13568,7140,images/img13568.jpg,33.0,38.587252630731086,5.587252630731086,test
img13571,7142,images/img13571.jpg,52.0,57.28066900947468,5.280669009474678,test
img13572,7142,images/img13572.jpg,52.0,57.30388585620284,5.30388585620284,test
img13605,7159,images/img13605.jpg,55.0,64.33208526442017,9.332085264420172,test
img13606,7159,images/img13606.jpg,55.0,60.098993202770615,5.098993202770615,test
img13609,7161,images/img13609.jpg,57.0,56.86966469731244,0.1303353026875626,test
img13610,7161,images/img13610.jpg,57.0,61.61750572935056,4.617505729350562,test
img13648,7180,images/img13648.jpg,62.0,56.80804609398588,5.19195390601412,test
img13665,7189,images/img13665.jpg,56.0,50.5941204282517,5.405879571748301,test
img13666,7189,images/img13666.jpg,56.0,54.34997881431877,1.6500211856812328,test
img13673,7193,images/img13673.jpg,36.0,38.180007789056674,2.180007789056674,test
img13674,7193,images/img13674.jpg,36.0,38.05626276692082,2.056262766920824,test
img13684,7199,images/img13684.jpg,32.0,37.53405013587293,5.534050135872931,test
img13692,7203,images/img13692.jpg,78.0,60.28406979319976,17.715930206800238,test
img13695,7205,images/img13695.jpg,40.0,74.0867530883603,34.0867530883603,test
img13696,7205,images/img13696.jpg,40.0,45.3256600788447,5.325660078844699,test
img13704,7209,images/img13704.jpg,41.0,36.37332872089663,4.62667127910337,test
img13734,7225,images/img13734.jpg,42.0,40.249244775226586,1.750755224773414,test
img13735,7225,images/img13735.jpg,42.0,41.13578890864303,0.8642110913569709,test
img13748,7232,images/img13748.jpg,75.0,66.93136710046042,8.06863289953958,test
img13749,7232,images/img13749.jpg,75.0,67.94416029756619,7.055839702433815,test
img13756,7236,images/img13756.jpg,42.0,44.11608040709388,2.1160804070938823,test
img13757,7236,images/img13757.jpg,42.0,59.76668311331657,17.766683113316567,test
img13770,7243,images/img13770.jpg,65.0,58.36501661176466,6.634983388235341,test
img13771,7243,images/img13771.jpg,65.0,68.63186433689282,3.631864336892818,test
img13831,7274,images/img13831.jpg,66.0,76.43828586015108,10.438285860151083,test
img13832,7274,images/img13832.jpg,66.0,81.20980683937235,15.209806839372348,test
img13839,7278,images/img13839.jpg,36.0,32.01593651640098,3.984063483599023,test
img13840,7278,images/img13840.jpg,36.0,32.4516877335653,3.5483122664346998,test
img13868,7293,images/img13868.jpg,77.0,69.12406227822238,7.875937721777618,test
img13869,7293,images/img13869.jpg,77.0,73.80095971508175,3.1990402849182544,test
img13893,7306,images/img13893.jpg,73.0,74.99863646457008,1.9986364645700831,test
img13894,7306,images/img13894.jpg,73.0,74.62746465356764,1.6274646535676425,test
img13895,7307,images/img13895.jpg,62.0,64.91876006100844,2.9187600610084417,test
img13896,7307,images/img13896.jpg,62.0,66.6457776713328,4.6457776713327945,test
img13909,7314,images/img13909.jpg,79.0,76.34146146593599,2.6585385340640078,test
img13910,7314,images/img13910.jpg,79.0,73.46607360378567,5.533926396214326,test
img13912,7315,images/img13912.jpg,82.0,77.99510825940047,4.004891740599533,test
img13931,7325,images/img13931.jpg,63.0,74.59686866848868,11.596868668488682,test
img13932,7325,images/img13932.jpg,63.0,75.54280090240736,12.542800902407365,test
img14017,7368,images/img14017.jpg,77.0,68.86205729970189,8.137942700298112,test
img14018,7368,images/img14018.jpg,77.0,66.9728495588786,10.027150441121409,test
img14027,7373,images/img14027.jpg,81.0,67.88757615648643,13.112423843513568,test
img14052,7386,images/img14052.jpg,70.0,66.6728662532602,3.327133746739804,test
img14053,7386,images/img14053.jpg,70.0,66.74512791931001,3.254872080689992,test
img14054,7387,images/img14054.jpg,69.0,64.91603626145277,4.083963738547226,test
img14055,7387,images/img14055.jpg,69.0,66.43325205222824,2.566747947771759,test
img14060,7390,images/img14060.jpg,79.0,77.93322266100736,1.0667773389926367,test
img14061,7390,images/img14061.jpg,79.0,83.64458372427025,4.644583724270248,test
img14078,7399,images/img14078.jpg,73.0,70.09962094454535,2.90037905545465,test
img14079,7399,images/img14079.jpg,73.0,62.7064278971005,10.293572102899496,test
img14088,7404,images/img14088.jpg,80.0,73.93827520283168,6.061724797168324,test
img14101,7411,images/img14101.jpg,62.0,58.237331759440686,3.7626682405593135,test
img14102,7411,images/img14102.jpg,62.0,60.962462200652,1.0375377993480015,test
img14125,7422,images/img14125.jpg,76.0,81.36530825608754,5.365308256087545,test
img14126,7422,images/img14126.jpg,76.0,68.94111128752657,7.058888712473433,test
img14136,7428,images/img14136.jpg,69.0,64.23033785471189,4.769662145288109,test
img14149,7435,images/img14149.jpg,56.0,49.69468855135205,6.305311448647956,test
img14150,7435,images/img14150.jpg,56.0,64.54236804316989,8.542368043169887,test
img14211,7467,images/img14211.jpg,77.0,78.37804993819262,1.3780499381926177,test
img14212,7467,images/img14212.jpg,77.0,60.28233926709568,16.71766073290432,test
img14234,7478,images/img14234.jpg,66.0,69.18742783497267,3.1874278349726666,test
img14235,7479,images/img14235.jpg,69.0,70.4308306080728,1.430830608072796,test
img14236,7479,images/img14236.jpg,69.0,71.40086969499588,2.400869694995876,test
img14241,7482,images/img14241.jpg,67.0,64.01323221709521,2.986767782904792,test
img14242,7482,images/img14242.jpg,67.0,69.99469113359444,2.9946911335944435,test
img14273,7498,images/img14273.jpg,56.0,58.46812905675578,2.468129056755778,test
img14274,7498,images/img14274.jpg,56.0,57.40201700620575,1.402017006205753,test
img14285,7504,images/img14285.jpg,64.0,46.473651888850526,17.526348111149474,test
img14286,7504,images/img14286.jpg,64.0,55.62819387243068,8.371806127569322,test
img14297,7510,images/img14297.jpg,67.0,67.12086502558374,0.1208650255837398,test
img14298,7510,images/img14298.jpg,67.0,58.92554599996036,8.074454000039644,test
img14319,7520,images/img14319.jpg,64.0,61.23131675799506,2.76868324200494,test
img14327,7524,images/img14327.jpg,51.0,44.088890398396245,6.911109601603755,test
img14328,7524,images/img14328.jpg,51.0,56.79969528990269,5.799695289902694,test
img14331,7526,images/img14331.jpg,61.0,51.678645254737,9.321354745263,test
img14332,7526,images/img14332.jpg,61.0,64.15103738892942,3.1510373889294243,test
img14352,7537,images/img14352.jpg,59.0,61.85024035977304,2.8502403597730392,test
img14353,7537,images/img14353.jpg,59.0,58.01894629048124,0.9810537095187613,test
img14418,7571,images/img14418.jpg,73.0,65.39658866458197,7.603411335418031,test
img14419,7571,images/img14419.jpg,73.0,69.06618576377987,3.9338142362201296,test
img14422,7573,images/img14422.jpg,83.0,69.81294090498503,13.187059095014972,test
img14423,7573,images/img14423.jpg,83.0,73.9356075697133,9.064392430286702,test
img14454,7589,images/img14454.jpg,75.0,74.34183269063314,0.6581673093668599,test
img14455,7589,images/img14455.jpg,75.0,67.0116654747888,7.988334525211201,test
img14470,7597,images/img14470.jpg,83.0,82.94139737924101,0.0586026207589895,test
img14471,7597,images/img14471.jpg,83.0,79.20846907752146,3.791530922478543,test
img14476,7600,images/img14476.jpg,69.0,63.22410522466402,5.775894775335978,test
img14477,7600,images/img14477.jpg,69.0,54.73239291031409,14.26760708968591,test
img14484,7604,images/img14484.jpg,42.0,40.45517601834982,1.5448239816501823,test
img14485,7604,images/img14485.jpg,42.0,47.96263286613383,5.962632866133831,test
img14502,7613,images/img14502.jpg,56.0,62.90699606342094,6.906996063420941,test
img14503,7613,images/img14503.jpg,56.0,63.67303810482317,7.673038104823171,test
img14512,7618,images/img14512.jpg,77.0,71.67504697655573,5.324953023444266,test
img14513,7618,images/img14513.jpg,77.0,63.9800133139256,13.019986686074397,test
img14518,7621,images/img14518.jpg,56.0,52.91900631534033,3.080993684659667,test
img14519,7621,images/img14519.jpg,56.0,58.6209714970729,2.620971497072901,test
img14532,7628,images/img14532.jpg,65.0,76.14514504438745,11.145145044387448,test
img14533,7628,images/img14533.jpg,65.0,58.9944532209718,6.005546779028201,test
img14548,7636,images/img14548.jpg,73.0,72.08576650306873,0.9142334969312742,test
img14579,7652,images/img14579.jpg,74.0,73.7307015003968,0.2692984996031953,test
img14580,7652,images/img14580.jpg,74.0,73.64295643803395,0.3570435619660514,test
img14591,7658,images/img14591.jpg,63.0,61.02099962501673,1.979000374983272,test
img14592,7658,images/img14592.jpg,63.0,70.59863301985843,7.5986330198584255,test
img14595,7660,images/img14595.jpg,56.0,48.52668622112704,7.4733137788729636,test
img14596,7660,images/img14596.jpg,56.0,61.61066542071667,5.610665420716671,test
img14615,7670,images/img14615.jpg,65.0,67.18743588639573,2.1874358863957326,test
img14616,7670,images/img14616.jpg,65.0,68.36393298128102,3.3639329812810246,test
img14631,7678,images/img14631.jpg,59.0,58.65588820803361,0.3441117919663909,test
img14632,7678,images/img14632.jpg,59.0,60.410172169785895,1.4101721697858949,test
img14653,7689,images/img14653.jpg,58.0,54.6773421675027,3.322657832497299,test
img14654,7689,images/img14654.jpg,58.0,57.12242402588972,0.8775759741102789,test
img14687,7706,images/img14687.jpg,72.0,59.64818965306678,12.35181034693322,test
img14688,7706,images/img14688.jpg,72.0,64.04223591094242,7.957764089057576,test
img14693,7709,images/img14693.jpg,61.0,60.63849964344983,0.3615003565501666,test
img14694,7709,images/img14694.jpg,61.0,58.68633041704156,2.31366958295844,test
img14784,7756,images/img14784.jpg,81.0,76.82688126342633,4.17311873657367,test
img14785,7756,images/img14785.jpg,81.0,70.57118453648823,10.428815463511768,test
img14819,7774,images/img14819.jpg,67.0,64.9449069008272,2.055093099172794,test
img14820,7774,images/img14820.jpg,67.0,60.36087003456527,6.6391299654347335,test
img14860,7796,images/img14860.jpg,50.0,55.80296010448169,5.802960104481691,test
img14861,7796,images/img14861.jpg,50.0,49.15139987369222,0.8486001263077796,test
img14876,7804,images/img14876.jpg,60.0,54.37861769897625,5.621382301023751,test
img14877,7804,images/img14877.jpg,60.0,59.503008137571,0.4969918624289988,test
img14884,7808,images/img14884.jpg,70.0,61.51354274454824,8.48645725545176,test
img14885,7808,images/img14885.jpg,70.0,62.35716535908057,7.642834640919432,test
img14890,7811,images/img14890.jpg,54.0,50.67049642215888,3.3295035778411237,test
img14891,7811,images/img14891.jpg,54.0,48.419607907623714,5.580392092376286,test
img14945,7838,images/img14945.jpg,52.0,59.27405083638217,7.274050836382173,test
img14946,7838,images/img14946.jpg,52.0,58.644823147236046,6.644823147236046,test
img14988,7860,images/img14988.jpg,42.0,54.53777129737795,12.537771297377953,test
img15003,7868,images/img15003.jpg,61.0,56.70259681165325,4.297403188346756,test
img15004,7868,images/img15004.jpg,61.0,60.93023766154441,0.0697623384555896,test
img15047,7890,images/img15047.jpg,52.0,52.79230464832143,0.7923046483214335,test
img15048,7890,images/img15048.jpg,52.0,52.31606560945357,0.3160656094535667,test
img15097,7916,images/img15097.jpg,70.0,71.57162875166455,1.571628751664548,test
img15114,7925,images/img15114.jpg,77.0,63.54347631194453,13.456523688055476,test
img15115,7925,images/img15115.jpg,77.0,63.01699884879955,13.983001151200448,test
img15132,7934,images/img15132.jpg,64.0,61.19077985882205,2.8092201411779527,test
img15133,7934,images/img15133.jpg,64.0,61.21236958294777,2.7876304170522275,test
img15138,7937,images/img15138.jpg,52.0,49.76111708750257,2.2388829124974308,test
img15139,7937,images/img15139.jpg,52.0,57.04193349963572,5.041933499635718,test
img15147,7941,images/img15147.jpg,68.0,75.11066614943788,7.110666149437876,test
img15168,7954,images/img15168.jpg,54.0,51.313930948106574,2.6860690518934263,test
img15169,7954,images/img15169.jpg,54.0,47.044085860180246,6.955914139819754,test
img15182,7961,images/img15182.jpg,83.0,65.3175510359138,17.682448964086205,test
img15183,7961,images/img15183.jpg,83.0,77.39778310663168,5.602216893368322,test
img15209,7975,images/img15209.jpg,85.0,79.0770723325898,5.922927667410207,test
img15242,7993,images/img15242.jpg,63.0,49.09470394504311,13.905296054956892,test
img15243,7993,images/img15243.jpg,63.0,51.75838360060819,11.241616399391807,test
img15275,8010,images/img15275.jpg,61.0,56.14113249766411,4.85886750233589,test
img15276,8010,images/img15276.jpg,61.0,60.65507583141643,0.3449241685835673,test
img15295,8020,images/img15295.jpg,47.0,48.727167138612856,1.727167138612856,test
img15296,8020,images/img15296.jpg,47.0,50.3501454214046,3.350145421404598,test
img15307,8026,images/img15307.jpg,56.0,66.79168825990283,10.791688259902829,test
img15308,8027,images/img15308.jpg,64.0,61.336347450411,2.6636525495890027,test
img15313,8030,images/img15313.jpg,48.0,56.647142202166,8.647142202165995,test
img15314,8030,images/img15314.jpg,48.0,56.83335923029199,8.83335923029199,test
img15319,8033,images/img15319.jpg,68.0,78.57652140595619,10.576521405956186,test
img15320,8033,images/img15320.jpg,68.0,64.22867249258115,3.771327507418846,test
img15335,8042,images/img15335.jpg,67.0,68.9419227016885,1.9419227016884972,test
img15336,8042,images/img15336.jpg,67.0,58.345543353509896,8.654456646490104,test
img15339,8044,images/img15339.jpg,74.0,72.85152662167411,1.148473378325889,test
img15342,8046,images/img15342.jpg,60.0,69.37440535938602,9.374405359386015,test
img15343,8046,images/img15343.jpg,60.0,66.0894185729423,6.089418572942293,test
img15358,8054,images/img15358.jpg,83.0,68.01669897866591,14.983301021334086,test
img15394,8073,images/img15394.jpg,69.0,62.01035233209248,6.989647667907519,test
img15400,8076,images/img15400.jpg,66.0,61.44549792373645,4.554502076263546,test
img15401,8076,images/img15401.jpg,66.0,62.43739611556213,3.56260388443787,test
img15402,8077,images/img15402.jpg,78.0,73.74899976223664,4.251000237763364,test
img15403,8077,images/img15403.jpg,78.0,77.49938219332113,0.5006178066788749,test
img15408,8080,images/img15408.jpg,55.0,55.247184755325286,0.2471847553252857,test
img15409,8080,images/img15409.jpg,55.0,48.86920715075724,6.130792849242759,test
img15420,8086,images/img15420.jpg,65.0,65.51923435140165,0.51923435140165,test
img15426,8090,images/img15426.jpg,63.0,62.370178522763545,0.6298214772364545,test
img15427,8090,images/img15427.jpg,63.0,65.97616086072728,2.9761608607272763,test
img15432,8093,images/img15432.jpg,58.0,54.75206370538348,3.2479362946165224,test
img15433,8093,images/img15433.jpg,58.0,68.78571020697117,10.785710206971174,test
img15440,8097,images/img15440.jpg,59.0,47.61649710822445,11.38350289177555,test
img15441,8097,images/img15441.jpg,59.0,50.235062027325256,8.764937972674744,test
img15442,8098,images/img15442.jpg,74.0,83.06302879835829,9.063028798358287,test
img15443,8098,images/img15443.jpg,74.0,79.32609795635072,5.326097956350722,test
img15448,8101,images/img15448.jpg,72.0,82.93590942754366,10.935909427543663,test
img15449,8101,images/img15449.jpg,72.0,78.10911194915144,6.1091119491514405,test
img15464,8109,images/img15464.jpg,68.0,75.33728845369029,7.337288453690292,test
img15465,8109,images/img15465.jpg,68.0,69.59309238213011,1.5930923821301093,test
img15466,8110,images/img15466.jpg,70.0,68.08881123108645,1.9111887689135472,test
img15467,8110,images/img15467.jpg,70.0,68.39801891974463,1.601981080255371,test
img15519,8137,images/img15519.jpg,74.0,60.41168184727736,13.588318152722644,test
img15520,8137,images/img15520.jpg,74.0,66.96167080194341,7.038329198056587,test
img15531,8143,images/img15531.jpg,63.0,52.15205579544766,10.84794420455234,test
img15532,8143,images/img15532.jpg,63.0,59.73262089562988,3.267379104370121,test
img15535,8145,images/img15535.jpg,81.0,77.75472463270825,3.245275367291754,test
img15538,8147,images/img15538.jpg,58.0,62.63652413080618,4.63652413080618,test
img15539,8147,images/img15539.jpg,58.0,59.53476126031905,1.5347612603190512,test
img15544,8150,images/img15544.jpg,63.0,63.25117799274015,0.2511779927401463,test
img15545,8150,images/img15545.jpg,63.0,70.00509773834325,7.0050977383432524,test
img15558,8157,images/img15558.jpg,46.0,47.69401442594945,1.6940144259494474,test
img15559,8158,images/img15559.jpg,60.0,62.18560633965952,2.1856063396595147,test
img15560,8158,images/img15560.jpg,60.0,68.49315832084119,8.49315832084119,test
img15569,8163,images/img15569.jpg,54.0,53.2715919433487,0.7284080566512969,test
img15570,8163,images/img15570.jpg,54.0,44.931918084937536,9.068081915062464,test
img15579,8168,images/img15579.jpg,73.0,66.5994550838143,6.400544916185694,test
img15580,8168,images/img15580.jpg,73.0,65.42380103079348,7.576198969206516,test
img15583,8170,images/img15583.jpg,77.0,63.15753490915724,13.842465090842758,test
img15584,8170,images/img15584.jpg,77.0,70.51198729281172,6.488012707188275,test
img15596,8177,images/img15596.jpg,63.0,57.99558486970759,5.004415130292408,test
img15597,8177,images/img15597.jpg,63.0,56.81795681180358,6.182043188196417,test
img15638,8199,images/img15638.jpg,70.0,63.24715691207478,6.752843087925221,test
img15639,8199,images/img15639.jpg,70.0,68.85915191350918,1.14084808649082,test
img15667,8214,images/img15667.jpg,59.0,65.03620898911632,6.036208989116318,test
img15668,8214,images/img15668.jpg,59.0,58.8023476463039,0.1976523536960996,test
img15681,8221,images/img15681.jpg,60.0,61.08078361710603,1.0807836171060288,test
img15682,8221,images/img15682.jpg,60.0,59.85215043579073,0.1478495642092667,test
img15693,8227,images/img15693.jpg,58.0,51.05035876239429,6.949641237605711,test
img15694,8227,images/img15694.jpg,58.0,51.919583456834246,6.080416543165754,test
img15699,8230,images/img15699.jpg,73.0,76.92427713750816,3.924277137508156,test
img15700,8230,images/img15700.jpg,73.0,74.0894348994143,1.0894348994143002,test
img15705,8233,images/img15705.jpg,61.0,60.91273581797305,0.0872641820269493,test
img15706,8233,images/img15706.jpg,61.0,61.749664810974686,0.7496648109746857,test
img15709,8235,images/img15709.jpg,58.0,58.18928982457505,0.1892898245750487,test
img15710,8235,images/img15710.jpg,58.0,55.75875630038133,2.2412436996186718,test
img15724,8243,images/img15724.jpg,66.0,71.38921761313291,5.389217613132914,test
img15758,8263,images/img15758.jpg,62.0,57.83110377566846,4.16889622433154,test
img15759,8263,images/img15759.jpg,62.0,60.67934245884922,1.32065754115078,test
img15800,8285,images/img15800.jpg,63.0,65.33507823617771,2.335078236177708,test
img15801,8285,images/img15801.jpg,63.0,64.45292926280504,1.4529292628050428,test
img15810,8290,images/img15810.jpg,70.0,67.05055228037715,2.949447719622853,test
img15811,8290,images/img15811.jpg,70.0,67.08388896947348,2.9161110305265225,test
img15837,8304,images/img15837.jpg,59.0,59.36027940493837,0.3602794049383675,test
img15838,8304,images/img15838.jpg,59.0,59.72152475243498,0.7215247524349806,test
img15841,8306,images/img15841.jpg,71.0,73.39709467513828,2.397094675138277,test
img15842,8306,images/img15842.jpg,71.0,79.3232056574832,8.3232056574832,test
img15845,8308,images/img15845.jpg,70.0,69.01222563140118,0.9877743685988208,test
img15846,8308,images/img15846.jpg,70.0,71.74619840118507,1.7461984011850689,test
img15864,8318,images/img15864.jpg,63.0,63.32250064320741,0.3225006432074124,test
img15865,8318,images/img15865.jpg,63.0,68.10112531348207,5.101125313482072,test
img15868,8320,images/img15868.jpg,62.0,53.2022825597402,8.797717440259802,test
img15869,8320,images/img15869.jpg,62.0,71.42213441721266,9.42213441721266,test
img15874,8323,images/img15874.jpg,63.0,58.54138031544697,4.458619684553028,test
img15875,8323,images/img15875.jpg,63.0,55.32401144399378,7.675988556006217,test
img15881,8327,images/img15881.jpg,38.0,45.9567145404656,7.956714540465597,test
img15882,8327,images/img15882.jpg,38.0,39.18338901812824,1.1833890181282385,test
img15898,8336,images/img15898.jpg,63.0,63.14835196931392,0.1483519693139143,test
img15899,8336,images/img15899.jpg,63.0,62.51883744962398,0.4811625503760197,test
img15919,8347,images/img15919.jpg,70.0,65.01611285597816,4.983887144021836,test
img15920,8347,images/img15920.jpg,70.0,60.339407093902345,9.660592906097657,test
img15941,8358,images/img15941.jpg,69.0,75.61447800126525,6.614478001265255,test
img15942,8358,images/img15942.jpg,69.0,72.1055065519006,3.1055065519006035,test
img15954,8365,images/img15954.jpg,54.0,50.30753527179902,3.6924647282009815,test
img15955,8365,images/img15955.jpg,54.0,52.84301912405241,1.156980875947589,test
img16037,8409,images/img16037.jpg,63.0,63.549170389013646,0.5491703890136463,test
img16038,8409,images/img16038.jpg,63.0,71.89816624009832,8.89816624009832,test
img16059,8420,images/img16059.jpg,57.0,56.71209316566967,0.2879068343303288,test
img16060,8420,images/img16060.jpg,57.0,58.239861157686725,1.2398611576867251,test
img16071,8426,images/img16071.jpg,87.0,82.64069427073704,4.359305729262957,test
img16072,8426,images/img16072.jpg,87.0,78.25653630500207,8.743463694997928,test
img16079,8430,images/img16079.jpg,52.0,58.1181179510001,6.118117951000102,test
img16080,8430,images/img16080.jpg,52.0,54.29837330986428,2.2983733098642816,test
img16082,8432,images/img16082.jpg,50.0,49.607806161841445,0.3921938381585548,test
img16083,8432,images/img16083.jpg,50.0,55.352729125255024,5.352729125255024,test
img16087,8434,images/img16087.jpg,67.0,51.23315706762953,15.766842932370473,test
img16088,8435,images/img16088.jpg,69.0,73.06540950546216,4.065409505462156,test
img16089,8435,images/img16089.jpg,69.0,60.19208334686414,8.807916653135862,test
img16110,8446,images/img16110.jpg,61.0,66.26009038077633,5.260090380776333,test
img16111,8446,images/img16111.jpg,61.0,60.80432232464749,0.1956776753525062,test
img16118,8450,images/img16118.jpg,59.0,58.91880275565497,0.0811972443450272,test
img16119,8450,images/img16119.jpg,59.0,68.84433924261225,9.84433924261225,test
img16124,8453,images/img16124.jpg,54.0,50.75534482321249,3.2446551767875107,test
img16125,8453,images/img16125.jpg,54.0,52.39425910564684,1.6057408943531613,test
img16130,8456,images/img16130.jpg,63.0,59.106390749258026,3.8936092507419744,test
img16131,8456,images/img16131.jpg,63.0,60.07643229005457,2.9235677099454307,test
img16150,8466,images/img16150.jpg,72.0,62.612849159533134,9.387150840466866,test
img16151,8466,images/img16151.jpg,72.0,65.80038608667863,6.199613913321372,test
img16154,8468,images/img16154.jpg,66.0,75.5904627595372,9.590462759537203,test
img16155,8468,images/img16155.jpg,66.0,70.53113841200994,4.531138412009938,test
img16161,8472,images/img16161.jpg,68.0,74.66010880503921,6.660108805039215,test
img16162,8472,images/img16162.jpg,68.0,69.13021441167324,1.1302144116732364,test
img16239,8511,images/img16239.jpg,34.0,39.81703040769551,5.817030407695505,test
img16240,8511,images/img16240.jpg,34.0,39.484691962370206,5.484691962370206,test
img16243,8513,images/img16243.jpg,29.0,29.63693344903135,0.6369334490313499,test
img16244,8513,images/img16244.jpg,29.0,27.827296645377825,1.1727033546221757,test
img16247,8515,images/img16247.jpg,20.0,30.18132909628036,10.18132909628036,test
img16248,8515,images/img16248.jpg,20.0,25.678887885456504,5.678887885456504,test
img16261,8522,images/img16261.jpg,33.0,29.46755292394961,3.532447076050385,test
img16262,8522,images/img16262.jpg,33.0,27.87795986241846,5.122040137581539,test
img16263,8523,images/img16263.jpg,19.0,20.66695710489263,1.6669571048926315,test
img16264,8523,images/img16264.jpg,19.0,20.185740520009915,1.1857405200099151,test
img16265,8524,images/img16265.jpg,20.0,23.526699069775447,3.5266990697754466,test
img16266,8524,images/img16266.jpg,20.0,22.556291356526124,2.556291356526124,test
